-43.8689765930176,0
-46.0282897949219,0
-48.9834403991699,0
-51.0801124572754,0
-51.2892875671387,0
-50.6117668151855,0
-50.7066879272461,0
-52.2946853637695,0
-55.3137054443359,0
-59.1435470581055,0
-61.8678321838379,0
-60.8966598510742,0
-55.6944122314453,0
-48.809642791748,0
-43.0154495239258,0
-38.6256828308105,0
-34.8355140686035,0
-31.9882717132568,0
-30.3873252868652,0
-28.1937465667725,0
-23.2187576293945,0
-16.2701015472412,0
-10.1363611221313,0
-5.50433015823364,0
-0.515991568565369,0
5.61930322647095,0
11.397759437561,0
15.9087657928467,0
20.1762351989746,0
24.6170654296875,0
27.7641048431396,0
29.0743751525879,0
30.8890285491943,0
35.6901168823242,0
42.7146682739258,0
48.803092956543,0
51.477668762207,0
49.9794616699219,0
44.674633026123,0
37.1056632995605,0
29.7791290283203,0
24.440185546875,0
21.0033397674561,0
18.8584690093994,0
18.0396194458008,0
18.1004810333252,0
17.2761745452881,0
14.3614263534546,0
10.3875293731689,0
6.78064393997192,0
2.74085664749146,0
-3.66651225090027,0
-12.3004207611084,0
-20.7406311035156,0
-27.3183670043945,0
-32.7717247009277,0
-38.5850257873535,0
-44.8417854309082,0
-50.11083984375,0
-52.8134078979492,0
-52.5954437255859,0
-50.72412109375,0
-48.8408432006836,0
-46.9875717163086,0
-43.5826072692871,0
-37.935489654541,0
-31.8237800598145,0
-27.5828266143799,0
-25.5038719177246,0
-24.2908039093018,0
-23.1854248046875,0
-22.11110496521,0
-20.4031620025635,0
-17.2237930297852,0
-13.0745363235474,0
-9.32663726806641,0
-6.32302236557007,0
-3.36052703857422,0
-0.370035320520401,0
1.95587944984436,0
3.65865850448608,0
5.55420160293579,0
7.75200128555298,0
9.71474742889404,0
11.761739730835,0
14.6362771987915,0
17.3750801086426,0
17.7480144500732,0
15.5349760055542,0
13.2913274765015,0
12.7251672744751,0
12.2922534942627,0
10.0454063415527,0
7.19842290878296,0
6.58883714675903,0
8.43048095703125,0
9.93433284759521,0
9.14616107940674,0
7.17594242095947,0
6.10118627548218,0
6.23035669326782,0
6.39604663848877,0
5.99779844284058,0
5.60107898712158,0
5.69223594665527,0
5.68357515335083,0
4.45970916748047,0
1.64720487594604,0
-1.86265420913696,0
-4.54844093322754,0
-5.28638935089111,0
-3.97907090187073,0
-1.643918633461,0
0.0596011243760586,0
-0.0188672617077827,0
-1.46044194698334,0
-2.84190344810486,0
-3.74454498291016,0
-5.4638204574585,0
-8.94087886810303,0
-12.8122577667236,0
-14.9156122207642,0
-15.257137298584,0
-15.6524038314819,0
-16.3763656616211,0
-15.3235845565796,0
-11.3970909118652,0
-6.7810206413269,0
-4.20355987548828,0
-3.28086042404175,0
-1.54695415496826,0
1.65236222743988,0
4.50981044769287,0
6.02100276947021,0
7.79558134078979,0
11.6591024398804,0
16.7099113464355,0
19.994478225708,0
19.8213920593262,0
17.636905670166,0
16.4771747589111,0
17.7973232269287,0
20.0920085906982,0
20.9454460144043,0
20.250638961792,0
20.4321136474609,0
23.0266876220703,0
26.2415561676025,0
27.2208118438721,0
25.9194488525391,0
24.8429794311523,0
25.1315288543701,0
25.0940322875977,0
23.2611293792725,0
20.7834625244141,0
19.3244400024414,0
18.123664855957,0
15.1542310714722,0
10.4759006500244,0
6.45462656021118,0
4.74252653121948,0
4.72539663314819,0
5.09994268417358,0
5.36087560653687,0
5.25527429580688,0
4.2790699005127,0
2.6027307510376,0
1.37446200847626,0
1.1281613111496,0
0.828519225120544,0
-0.346289694309235,0
-1.03661131858826,0
0.924600124359131,0
5.25821733474731,0
8.84039688110352,0
9.08299732208252,0
6.68531894683838,0
4.27741527557373,0
3.04256463050842,0
1.69094228744507,0
-1.39163541793823,0
-5.93658256530762,0
-10.0574502944946,0
-12.1529607772827,0
-12.1292457580566,0
-11.0704250335693,0
-10.1534748077393,0
-9.73429489135742,0
-9.11851215362549,0
-7.36481285095215,0
-4.64809989929199,0
-2.49185252189636,0
-2.01971483230591,0
-2.33798122406006,0
-1.72952604293823,0
-0.313057720661163,0
0.0726718679070473,0
-0.891657829284668,0
-0.757417321205139,0
2.24325013160706,0
5.97479486465454,0
6.74835252761841,0
4.10122108459473,0
0.902848422527313,0
-0.964680314064026,0
-2.38156056404114,0
-4.10624694824219,0
-4.92270755767822,0
-4.03489065170288,0
-3.08021664619446,0
-3.80878067016602,0
-5.14224243164062,0
-4.45684337615967,0
-0.995359420776367,0
3.58231544494629,0
7.40835857391357,0
9.77864933013916,0
10.9688215255737,0
12.1415405273438,0
15.0781021118164,0
20.7688369750977,0
28.4430904388428,0
36.6345596313477,0
44.4106636047363,0
50.7705039978027,0
54.1655006408691,0
54.1783790588379,0
52.6795387268066,0
51.5608024597168,0
50.1752548217773,0
47.0098724365234,0
43.1216011047363,0
41.3411140441895,0
42.0789070129395,0
42.4424285888672,0
40.0843276977539,0
35.6802749633789,0
30.7094764709473,0
24.9750995635986,0
17.9446468353271,0
11.0578994750977,0
6.7384934425354,0
5.54775619506836,0
5.73910236358643,0
5.52660226821899,0
4.75086975097656,0
4.29614973068237,0
4.81443881988525,0
6.44980525970459,0
9.29139041900635,0
13.3760414123535,0
18.0646305084229,0
22.0014476776123,0
24.5132446289062,0
27.014799118042,0
31.9931049346924,0
40.0669364929199,0
48.9161643981934,0
55.863224029541,0
60.6922340393066,0
64.9850997924805,0
69.5904312133789,0
74.2149658203125,0
78.9635696411133,0
84.4983749389648,0
90.5719299316406,0
95.9067077636719,0
99.8502807617188,0
102.911796569824,0
105.378349304199,0
106.630783081055,0
106.202453613281,0
104.373268127441,0
101.377395629883,0
97.21484375,0
92.5539169311523,0
88.3647689819336,0
84.1106033325195,0
77.9674987792969,0
69.8588180541992,0
62.6272659301758,0
58.6487579345703,0
56.6620216369629,0
53.9166564941406,0
50.4136962890625,0
48.6100654602051,0
49.3959274291992,0
51.0266456604004,0
52.2453308105469,0
53.7834358215332,0
55.9744987487793,0
57.6067085266113,0
58.7195434570312,0
61.9944152832031,0
68.8688354492188,0
76.1540222167969,0
79.655632019043,0
80.1208190917969,0
82.0480117797852,0
86.6608505249023,0
89.8250961303711,0
88.1163482666016,0
83.5390014648438,0
79.9588928222656,0
77.5697631835938,0
74.0853729248047,0
69.8001022338867,0
67.6484985351562,0
68.1916656494141,0
67.9217987060547,0
63.8232078552246,0
57.2402725219727,0
51.4938354492188,0
47.2972145080566,0
42.6469268798828,0
36.5087890625,0
30.3429489135742,0
25.5966453552246,0
21.4410820007324,0
16.1178588867188,0
9.60640048980713,0
3.64951062202454,0
-0.631408035755157,0
-3.94124221801758,0
-7.42897844314575,0
-11.1676168441772,0
-14.582049369812,0
-17.4960021972656,0
-19.8137378692627,0
-20.6888542175293,0
-19.0966396331787,0
-15.1289043426514,0
-9.87776660919189,0
-4.1923680305481,0
1.57544231414795,0
6.87497997283936,0
11.2849025726318,0
15.6085834503174,0
21.3315334320068,0
28.6994533538818,0
36.6578941345215,0
45.0655784606934,0
55.3237838745117,0
67.9078063964844,0
80.8553924560547,0
92.0666732788086,0
101.747543334961,0
110.908950805664,0
118.734375,0
123.793769836426,0
127.225212097168,0
131.930755615234,0
138.211303710938,0
142.703689575195,0
142.805404663086,0
140.18342590332,0
138.250885009766,0
137.491241455078,0
135.256271362305,0
129.777389526367,0
122.568359375,0
116.447509765625,0
112.325462341309,0
108.683212280273,0
103.744232177734,0
97.3655471801758,0
90.5907669067383,0
83.911506652832,0
76.8095550537109,0
69.1366882324219,0
62.0117492675781,0
56.6291580200195,0
52.8372535705566,0
49.7623062133789,0
47.1285514831543,0
44.7324371337891,0
41.3603591918945,0
36.2026443481445,0
31.1899890899658,0
29.5357437133789,0
31.1834506988525,0
31.904224395752,0
28.4036674499512,0
22.6070404052734,0
18.9791355133057,0
18.8028888702393,0
19.3215084075928,0
17.9994430541992,0
15.3062210083008,0
12.9592905044556,0
11.3426856994629,0
9.68912220001221,0
7.77491903305054,0
6.35089921951294,0
6.11341047286987,0
6.85302591323853,0
7.71998500823975,0
8.18104648590088,0
8.55571842193604,0
9.42809581756592,0
10.6867513656616,0
11.662823677063,0
12.2462205886841,0
13.2215270996094,0
15.3758869171143,0
19.0214996337891,0
24.474536895752,0
31.8121337890625,0
39.662727355957,0
45.6147804260254,0
48.9477615356445,0
51.9359741210938,0
57.1056785583496,0
63.8948211669922,0
69.3755950927734,0
71.7504730224609,0
71.7494735717773,0
70.9720306396484,0
70.3364944458008,0
70.0481033325195,0
69.6862030029297,0
68.1862945556641,0
64.8424758911133,0
60.406005859375,0
56.2968711853027,0
52.9308662414551,0
49.7995109558105,0
46.7361869812012,0
43.7550582885742,0
40.0869064331055,0
35.1277198791504,0
30.1720218658447,0
27.1995143890381,0
25.7219276428223,0
22.9203262329102,0
17.5274639129639,0
11.5485410690308,0
7.21648740768433,0
4.25306034088135,0
1.4914071559906,0
-0.615550696849823,0
-0.924440681934357,0
0.202634498476982,0
1.39844715595245,0
2.12816977500916,0
2.55456066131592,0
2.53294348716736,0
2.30495691299438,0
3.23366355895996,0
6.09734678268433,0
9.47815608978271,0
11.7016286849976,0
13.5993824005127,0
17.2375087738037,0
22.486967086792,0
27.2121620178223,0
30.6067295074463,0
33.8596267700195,0
37.4586753845215,0
40.4517135620117,0
42.8129959106445,0
45.7953071594238,0
48.9786529541016,0
49.7328567504883,0
47.275821685791,0
44.8681297302246,0
45.766529083252,0
48.8021240234375,0
50.3891906738281,0
49.520336151123,0
48.0095596313477,0
46.5496788024902,0
43.5698432922363,0
38.3141632080078,0
32.4674835205078,0
27.6805896759033,0
23.2833480834961,0
17.7329578399658,0
11.2314920425415,0
5.63793849945068,0
2.22169208526611,0
0.434937477111816,0
-1.16110241413116,0
-3.29402923583984,0
-5.37161731719971,0
-6.29689931869507,0
-5.86148309707642,0
-5.22904253005981,0
-5.85984754562378,0
-8.04022026062012,0
-10.6528615951538,0
-12.2716903686523,0
-12.3288297653198,0
-11.4167413711548,0
-10.5927696228027,0
-10.0845756530762,0
-8.59734535217285,0
-4.52905416488647,0
1.748868227005,0
7.53771495819092,0
10.5010299682617,0
11.2517175674438,0
12.4276103973389,0
15.5529527664185,0
19.7851409912109,0
23.5270366668701,0
26.0127086639404,0
27.0206356048584,0
26.1999568939209,0
23.5466651916504,0
20.0610103607178,0
17.1991157531738,0
15.734299659729,0
15.4290704727173,0
15.5723733901978,0
15.5386381149292,0
15.0901165008545,0
14.550591468811,0
14.6421298980713,0
15.8898525238037,0
18.1552219390869,0
20.7949237823486,0
23.160816192627,0
24.9269981384277,0
26.1511516571045,0
27.1062469482422,0
27.8913059234619,0
28.2586879730225,0
28.1242084503174,0
28.0958557128906,0
28.8616619110107,0
30.0526561737061,0
30.6901226043701,0
31.2127590179443,0
33.9570922851562,0
40.4977607727051,0
49.1983528137207,0
56.8220977783203,0
62.3174934387207,0
67.504264831543,0
73.9715347290039,0
81.0070571899414,0
87.188720703125,0
92.3855667114258,0
97.0446166992188,0
100.815727233887,0
103.397422790527,0
105.827850341797,0
109.138725280762,0
112.111831665039,0
112.268882751465,0
109.313369750977,0
105.843757629395,0
103.866088867188,0
101.96866607666,0
97.1792831420898,0
88.8781661987305,0
79.5572662353516,0
71.8797302246094,0
66.2075729370117,0
61.3730926513672,0
56.8444862365723,0
53.0848503112793,0
50.0304985046387,0
46.4678153991699,0
41.6965141296387,0
37.1983489990234,0
35.4356422424316,0
36.7648048400879,0
38.5756454467773,0
38.2622528076172,0
36.4235801696777,0
36.0904998779297,0
38.9323768615723,0
43.2817001342773,0
46.2214317321777,0
46.7625427246094,0
46.2848243713379,0
46.3628768920898,0
47.1252746582031,0
47.885139465332,0
48.5893173217773,0
49.945629119873,0
52.267951965332,0
54.850227355957,0
56.7450866699219,0
57.7352638244629,0
58.1415328979492,0
58.0474967956543,0
57.3967475891113,0
56.7107849121094,0
56.7746810913086,0
57.2859725952148,0
56.667366027832,0
53.8728256225586,0
49.6916923522949,0
45.3947677612305,0
40.7122192382812,0
34.4919013977051,0
27.2372608184814,0
21.4686737060547,0
18.9792499542236,0
18.8034343719482,0
18.5760498046875,0
16.9773120880127,0
14.1011180877686,0
10.4431924819946,0
6.78977489471436,0
4.53759336471558,0
4.68747520446777,0
6.44076633453369,0
7.7410683631897,0
7.25438165664673,0
5.09494686126709,0
1.84686684608459,0
-2.05937838554382,0
-5.96458578109741,0
-9.01320838928223,0
-10.7935523986816,0
-11.1615600585938,0
-9.48722839355469,0
-5.26368999481201,0
0.267579078674316,0
4.40820693969727,0
5.72325849533081,0
5.60395479202271,0
6.30807542800903,0
8.14119815826416,0
9.46069431304932,0
8.95724678039551,0
6.96473407745361,0
4.72164964675903,0
3.19961476325989,0
2.63733720779419,0
2.44063234329224,0
1.29112792015076,0
-2.14463329315186,0
-8.24882125854492,0
-16.2299938201904,0
-24.7730541229248,0
-32.638843536377,0
-38.7634162902832,0
-42.4533157348633,0
-43.976318359375,0
-44.6283912658691,0
-45.4916648864746,0
-46.029914855957,0
-44.618236541748,0
-40.8464813232422,0
-36.5610694885254,0
-33.8240547180176,0
-32.4656372070312,0
-30.9437618255615,0
-29.3215675354004,0
-29.5427303314209,0
-32.1683464050293,0
-34.6304359436035,0
-34.1676559448242,0
-31.3456630706787,0
-28.9427623748779,0
-28.0001373291016,0
-26.9379558563232,0
-24.6049633026123,0
-22.2855396270752,0
-21.9035453796387,0
-23.5995101928711,0
-26.2012462615967,0
-29.2945880889893,0
-33.5137901306152,0
-38.7878684997559,0
-43.314094543457,0
-44.8982696533203,0
-43.1152992248535,0
-39.707592010498,0
-36.7861442565918,0
-34.9864959716797,0
-33.5499038696289,0
-31.6494731903076,0
-28.9657745361328,0
-25.407377243042,0
-21.5421924591064,0
-19.4922561645508,0
-21.8890361785889,0
-28.7522010803223,0
-36.1790390014648,0
-39.5409889221191,0
-37.9825592041016,0
-34.8533020019531,0
-33.7524757385254,0
-35.127571105957,0
-36.9841041564941,0
-37.9700393676758,0
-38.9168319702148,0
-41.4896469116211,0
-45.967399597168,0
-50.8059005737305,0
-54.3816108703613,0
-56.6691474914551,0
-58.6970710754395,0
-60.6871337890625,0
-61.7059059143066,0
-61.2908668518066,0
-60.2670364379883,0
-59.2170295715332,0
-57.0605239868164,0
-52.2841987609863,0
-45.1442413330078,0
-37.5491409301758,0
-30.9366226196289,0
-25.2623863220215,0
-19.9920291900635,0
-15.065541267395,0
-10.7970323562622,0
-7.75534105300903,0
-6.87940454483032,0
-8.78057289123535,0
-12.6810178756714,0
-16.8699760437012,0
-20.4155902862549,0
-23.5873279571533,0
-26.5418014526367,0
-28.860330581665,0
-30.770751953125,0
-33.3256187438965,0
-36.3976058959961,0
-37.8367652893066,0
-36.0705795288086,0
-32.6231727600098,0
-30.4290256500244,0
-30.241247177124,0
-30.4268112182617,0
-29.8791122436523,0
-29.004732131958,0
-27.663106918335,0
-24.4543552398682,0
-19.2152328491211,0
-14.5204095840454,0
-13.0755596160889,0
-14.5287532806396,0
-16.4223613739014,0
-17.825927734375,0
-20.398193359375,0
-25.6048583984375,0
-32.0999908447266,0
-36.6621322631836,0
-37.4307556152344,0
-35.7176094055176,0
-34.4928092956543,0
-35.196216583252,0
-36.3105735778809,0
-35.335880279541,0
-31.956449508667,0
-28.626802444458,0
-27.7822589874268,0
-28.9616203308105,0
-29.2353668212891,0
-26.4207000732422,0
-21.3809871673584,0
-16.7908000946045,0
-13.8465528488159,0
-10.9954395294189,0
-6.43958282470703,0
-1.13401424884796,0
2.02276372909546,0
1.79043388366699,0
-0.276366084814072,0
-2.58559322357178,0
-5.3824405670166,0
-8.76772785186768,0
-10.8705797195435,0
-10.0752744674683,0
-7.82719039916992,0
-7.0245943069458,0
-8.41697311401367,0
-10.6647567749023,0
-13.0739688873291,0
-15.7889165878296,0
-17.9109554290771,0
-18.294771194458,0
-18.1239719390869,0
-19.7942638397217,0
-22.909839630127,0
-24.2548999786377,0
-22.4439334869385,0
-19.8400745391846,0
-18.838098526001,0
-18.866096496582,0
-18.3825988769531,0
-17.4006690979004,0
-16.4251594543457,0
-15.004280090332,0
-13.0772266387939,0
-12.0272617340088,0
-12.7937774658203,0
-14.4991054534912,0
-16.3212699890137,0
-18.9792213439941,0
-22.8659610748291,0
-26.5522880554199,0
-28.9188404083252,0
-31.0424861907959,0
-33.9878540039062,0
-36.3319625854492,0
-36.1223526000977,0
-33.9685173034668,0
-31.7873859405518,0
-29.4901905059814,0
-25.4618492126465,0
-19.7927742004395,0
-14.5587453842163,0
-10.941445350647,0
-8.17523097991943,0
-5.47591114044189,0
-3.20021390914917,0
-1.86723661422729,0
-1.55192422866821,0
-2.46092438697815,0
-4.82633781433105,0
-8.10215854644775,0
-11.3467721939087,0
-14.2942247390747,0
-16.9648303985596,0
-18.598560333252,0
-18.4660205841064,0
-17.6202487945557,0
-18.2509021759033,0
-21.055570602417,0
-24.606086730957,0
-27.5988845825195,0
-30.3805122375488,0
-33.7019538879395,0
-37.0835151672363,0
-39.1832962036133,0
-39.2116432189941,0
-37.4831199645996,0
-34.9008865356445,0
-32.0945243835449,0
-28.8805828094482,0
-24.7827167510986,0
-20.2985401153564,0
-16.8938255310059,0
-15.0082263946533,0
-12.9684648513794,0
-9.17691993713379,0
-4.64402341842651,0
-1.63668012619019,0
-0.312216460704803,0
1.15139138698578,0
3.14800262451172,0
3.97263097763062,0
3.35959911346436,0
4.09359645843506,0
8.23118877410889,0
13.5562200546265,0
16.1432609558105,0
15.5000476837158,0
14.8523292541504,0
16.6471614837646,0
19.9525032043457,0
22.5401382446289,0
23.6345634460449,0
23.8995494842529,0
24.1293697357178,0
24.8397178649902,0
26.2227096557617,0
27.7429447174072,0
28.4693336486816,0
28.3917655944824,0
28.6911449432373,0
30.1039428710938,0
31.803165435791,0
32.7118492126465,0
33.1975517272949,0
34.3352813720703,0
35.9244117736816,0
36.5877532958984,0
35.8692398071289,0
34.9015731811523,0
34.548454284668,0
34.1131477355957,0
32.8008804321289,0
31.58034324646,0
32.345874786377,0
35.5304946899414,0
39.680850982666,0
43.3426055908203,0
46.2001953125,0
48.0670433044434,0
47.9557075500488,0
45.1461715698242,0
40.710807800293,0
36.9853706359863,0
35.3312454223633,0
34.8257484436035,0
33.2868728637695,0
29.3822059631348,0
23.6933937072754,0
17.9460582733154,0
13.4608564376831,0
10.4076843261719,0
8.15426445007324,0
5.64440107345581,0
1.46927201747894,0
-5.18463516235352,0
-12.7019376754761,0
-17.1461925506592,0
-15.9541568756104,0
-11.391622543335,0
-8.62210178375244,0
-10.1055946350098,0
-13.6547632217407,0
-16.4747219085693,0
-18.8973407745361,0
-22.6592082977295,0
-27.3639545440674,0
-30.9431476593018,0
-32.7466430664062,0
-33.943058013916,0
-35.1214942932129,0
-35.5042572021484,0
-34.6838989257812,0
-33.4536895751953,0
-32.5116271972656,0
-31.5752849578857,0
-30.1178493499756,0
-28.0730533599854,0
-25.725679397583,0
-23.654956817627,0
-22.4704456329346,0
-21.7014980316162,0
-19.604076385498,0
-15.3839702606201,0
-10.8325042724609,0
-7.92724132537842,0
-5.5598464012146,0
-1.22754561901093,0
4.22736024856567,0
6.74952602386475,0
4.84075832366943,0
2.17512774467468,0
2.61681604385376,0
5.10287380218506,0
6.00734186172485,0
4.92016935348511,0
5.09631490707397,0
8.61215877532959,0
13.6703872680664,0
17.0938911437988,0
17.6930389404297,0
16.6202011108398,0
15.672511100769,0
15.8434038162231,0
16.7697372436523,0
17.1875801086426,0
16.3781776428223,0
15.1582317352295,0
14.7441644668579,0
14.5459041595459,0
11.9721126556396,0
5.11330890655518,0
-4.65807485580444,0
-13.4262752532959,0
-18.2739372253418,0
-19.7493019104004,0
-20.5727691650391,0
-22.4018363952637,0
-24.6779460906982,0
-26.411527633667,0
-27.6880207061768,0
-28.7995986938477,0
-29.1465473175049,0
-28.1402130126953,0
-26.388879776001,0
-24.9255390167236,0
-24.0765705108643,0
-24.1169128417969,0
-25.8174304962158,0
-28.7859039306641,0
-30.561990737915,0
-29.538854598999,0
-27.7021389007568,0
-27.7710819244385,0
-28.4619216918945,0
-26.0684623718262,0
-20.7845687866211,0
-17.6457481384277,0
-19.9517650604248,0
-25.0024719238281,0
-28.105583190918,0
-28.0639324188232,0
-26.7607555389404,0
-25.8684043884277,0
-26.3154029846191,0
-28.8765907287598,0
-32.6156806945801,0
-34.1986961364746,0
-31.2863254547119,0
-25.5984992980957,0
-20.5254058837891,0
-16.9963417053223,0
-14.0995855331421,0
-12.4494848251343,0
-13.7288465499878,0
-17.2414836883545,0
-20.0926952362061,0
-21.3016376495361,0
-22.995584487915,0
-26.4638366699219,0
-29.3477172851562,0
-28.5009002685547,0
-24.3350467681885,0
-20.5358409881592,0
-19.8025531768799,0
-21.0936431884766,0
-21.1021690368652,0
-17.640697479248,0
-11.357569694519,0
-4.56899452209473,0
1.22283136844635,0
6.52848529815674,0
12.5929832458496,0
19.1593399047852,0
24.0229816436768,0
25.1653499603271,0
23.0444297790527,0
20.057804107666,0
17.5301990509033,0
14.0918045043945,0
7.98473262786865,0
0.402714818716049,0
-5.15112733840942,0
-7.14225292205811,0
-7.84753942489624,0
-9.88652801513672,0
-12.6701402664185,0
-14.1563177108765,0
-14.6807699203491,0
-16.2771987915039,0
-18.7317409515381,0
-19.4581832885742,0
-17.7934169769287,0
-16.4079780578613,0
-17.1362857818604,0
-18.0905513763428,0
-16.9096641540527,0
-14.66965675354,0
-13.9957399368286,0
-14.7818250656128,0
-14.6659173965454,0
-13.1074094772339,0
-12.2072219848633,0
-13.4455585479736,0
-16.0093002319336,0
-18.6767253875732,0
-21.1799430847168,0
-23.1512145996094,0
-23.7731895446777,0
-23.3545570373535,0
-23.5003700256348,0
-24.6722850799561,0
-25.0509643554688,0
-22.951301574707,0
-19.1782188415527,0
-15.9180612564087,0
-14.3310174942017,0
-14.1656007766724,0
-14.5768823623657,0
-14.2541370391846,0
-12.008038520813,0
-8.66748332977295,0
-7.30163478851318,0
-9.81195640563965,0
-14.0261058807373,0
-16.0179386138916,0
-14.8743257522583,0
-13.1832761764526,0
-12.8979721069336,0
-12.9838533401489,0
-11.9467191696167,0
-10.7507696151733,0
-11.5813598632812,0
-14.5997133255005,0
-17.6519775390625,0
-19.253231048584,0
-20.4788951873779,0
-23.1490516662598,0
-26.9987239837646,0
-29.9691944122314,0
-31.2470073699951,0
-32.4327697753906,0
-34.8033752441406,0
-36.8725204467773,0
-36.5097579956055,0
-34.5602645874023,0
-33.752513885498,0
-34.0227355957031,0
-31.9089069366455,0
-25.6976680755615,0
-18.4045848846436,0
-13.6831178665161,0
-11.1313133239746,0
-8.34607887268066,0
-5.88892984390259,0
-6.80819702148438,0
-11.6927471160889,0
-17.3458251953125,0
-20.8001899719238,0
-22.2278347015381,0
-23.2793598175049,0
-24.6222400665283,0
-25.928071975708,0
-26.6583061218262,0
-26.0844650268555,0
-23.8453102111816,0
-21.0744018554688,0
-19.6975231170654,0
-20.03395652771,0
-20.3255825042725,0
-19.2436466217041,0
-17.6069450378418,0
-16.7934818267822,0
-16.5392093658447,0
-15.3857660293579,0
-12.6838340759277,0
-9.17503929138184,0
-5.89126110076904,0
-3.29082751274109,0
-1.43419086933136,0
-0.33529657125473,0
0.261543422937393,0
1.3573659658432,0
4.45501136779785,0
10.1536979675293,0
16.8508148193359,0
21.6154537200928,0
22.9489765167236,0
22.1466388702393,0
21.3338108062744,0
20.8521003723145,0
19.5312595367432,0
16.9465084075928,0
14.0816202163696,0
11.8635034561157,0
10.2111186981201,0
8.57803821563721,0
6.39733505249023,0
3.01483106613159,0
-1.60032534599304,0
-5.9111180305481,0
-7.88623809814453,0
-7.50321102142334,0
-6.99799633026123,0
-7.97336578369141,0
-9.42785930633545,0
-9.60078811645508,0
-8.68603706359863,0
-8.2963171005249,0
-8.86557769775391,0
-9.25114154815674,0
-8.88129615783691,0
-8.64580345153809,0
-9.08506011962891,0
-9.06839275360107,0
-7.32171154022217,0
-4.42255210876465,0
-2.10860252380371,0
-1.03309416770935,0
-0.34749373793602,0
0.628485083580017,0
1.43318390846252,0
1.32709169387817,0
0.246109485626221,0
-1.37942731380463,0
-3.10852003097534,0
-4.66166210174561,0
-6.25081491470337,0
-8.71323871612549,0
-12.4846801757812,0
-16.4959087371826,0
-19.2200202941895,0
-20.9225902557373,0
-23.4730472564697,0
-27.481330871582,0
-31.155611038208,0
-32.8725662231445,0
-33.4122123718262,0
-34.3628120422363,0
-35.4965934753418,0
-35.2080383300781,0
-32.6962699890137,0
-28.3289985656738,0
-22.7292175292969,0
-17.0379276275635,0
-13.2218418121338,0
-12.2441186904907,0
-12.3657388687134,0
-11.0134963989258,0
-7.98752641677856,0
-5.09473085403442,0
-3.01363396644592,0
-0.574604392051697,0
2.88537311553955,0
6.52639389038086,0
9.71905040740967,0
13.0114431381226,0
17.0143585205078,0
21.8326930999756,0
27.7182922363281,0
34.5826072692871,0
40.7662773132324,0
44.2634010314941,0
45.4777336120605,0
46.7217903137207,0
48.5838012695312,0
49.0663604736328,0
46.9891242980957,0
43.7883415222168,0
40.9358901977539,0
38.1871528625488,0
35.8217887878418,0
35.7700691223145,0
38.2026138305664,0
39.5602607727051,0
37.0558242797852,0
33.2197685241699,0
32.4597358703613,0
34.4591178894043,0
35.039493560791,0
33.0688171386719,0
32.0003204345703,0
33.7071418762207,0
35.135009765625,0
33.3303642272949,0
30.339527130127,0
29.9458255767822,0
31.831033706665,0
32.594913482666,0
31.5168972015381,0
31.6133728027344,0
34.6916961669922,0
38.4752464294434,0
39.8799858093262,0
38.973087310791,0
38.1040878295898,0
38.4605598449707,0
39.0433959960938,0
38.2667121887207,0
35.1432685852051,0
29.3480815887451,0
21.5607891082764,0
13.7969961166382,0
8.25848484039307,0
5.53226375579834,0
4.56306600570679,0
4.31777429580688,0
4.51174783706665,0
4.6604266166687,0
3.75729632377625,0
1.60287368297577,0
-0.548483192920685,0
-1.5633202791214,0
-1.85862588882446,0
-2.26168370246887,0
-2.17234468460083,0
-0.169130012392998,0
3.93264842033386,0
8.96147155761719,0
14.1502456665039,0
19.6940975189209,0
25.6638813018799,0
31.8294105529785,0
38.5909767150879,0
46.4192771911621,0
54.0813636779785,0
59.278148651123,0
61.7771377563477,0
64.1273803710938,0
68.2363204956055,0
72.9743041992188,0
76.4721527099609,0
78.9785003662109,0
81.5226669311523,0
83.1656723022461,0
81.8895874023438,0
77.497428894043,0
71.6379699707031,0
65.6600646972656,0
60.4073219299316,0
57.1863403320312,0
56.3227348327637,0
55.2518501281738,0
50.9928016662598,0
44.6456298828125,0
40.4743614196777,0
39.9692687988281,0
39.9197006225586,0
37.5857467651367,0
34.6457786560059,0
33.8533821105957,0
34.4537315368652,0
33.9514427185059,0
32.6888427734375,0
33.1416320800781,0
35.1800308227539,0
35.429859161377,0
31.9175090789795,0
26.6206150054932,0
22.390832901001,0
19.6531105041504,0
17.5446014404297,0
16.3078479766846,0
16.5667629241943,0
17.5070457458496,0
17.8364028930664,0
17.7109775543213,0
17.6299266815186,0
16.2288627624512,0
11.9890823364258,0
7.11224699020386,0
6.3793797492981,0
10.8462018966675,0
15.6220512390137,0
16.1384601593018,0
14.1428375244141,0
14.4224491119385,0
17.4911937713623,0
19.5926322937012,0
19.3466720581055,0
19.8539428710938,0
23.0794448852539,0
26.107458114624,0
25.3769226074219,0
21.8745498657227,0
19.3241100311279,0
19.0306167602539,0
19.4395313262939,0
19.7770557403564,0
21.0543899536133,0
23.3656463623047,0
24.7750511169434,0
23.8635292053223,0
21.7824573516846,0
20.6092224121094,0
20.4603652954102,0
19.3917255401611,0
16.1727638244629,0
12.3313961029053,0
10.6754884719849,0
11.7493553161621,0
12.6807308197021,0
10.4431180953979,0
5.70568037033081,0
2.03134155273438,0
1.29758250713348,0
1.61283493041992,0
0.360722899436951,0
-2.44402003288269,0
-5.16781044006348,0
-7.49883127212524,0
-10.3325176239014,0
-13.2460994720459,0
-14.2512884140015,0
-12.4633836746216,0
-9.32664012908936,0
-6.4477219581604,0
-3.67883515357971,0
-0.445093601942062,0
2.43364691734314,0
4.16425609588623,0
6.49508857727051,0
12.2715148925781,0
21.0070323944092,0
28.3495121002197,0
31.458345413208,0
32.8827705383301,0
36.8036918640137,0
42.9156608581543,0
47.1062965393066,0
47.6073379516602,0
46.9113883972168,0
47.0298614501953,0
46.4454612731934,0
43.5674018859863,0
40.2101821899414,0
38.9806060791016,0
39.2393798828125,0
38.4969902038574,0
36.450611114502,0
34.7076835632324,0
33.2644653320312,0
30.1591548919678,0
24.5016403198242,0
17.3730049133301,0
9.7227840423584,0
1.72652399539948,0
-5.70177984237671,0
-11.2716178894043,0
-15.6804695129395,0
-21.2417697906494,0
-28.3708667755127,0
-34.7072486877441,0
-38.797477722168,0
-42.3831634521484,0
-47.3853950500488,0
-52.5398139953613,0
-55.2005386352539,0
-55.2524299621582,0
-54.9036102294922,0
-55.1421775817871,0
-54.6124420166016,0
-52.0362548828125,0
-47.8795738220215,0
-43.2845840454102,0
-38.8713874816895,0
-35.0105094909668,0
-31.949520111084,0
-29.1995487213135,0
-25.9892635345459,0
-22.7497711181641,0
-20.8542461395264,0
-20.3160076141357,0
-19.1834316253662,0
-16.217845916748,0
-12.9157514572144,0
-11.5771818161011,0
-12.3507461547852,0
-13.6519985198975,0
-14.7473821640015,0
-16.2631568908691,0
-18.5515041351318,0
-21.2772903442383,0
-24.5520553588867,0
-28.8071784973145,0
-33.3497428894043,0
-36.6565933227539,0
-38.5901794433594,0
-40.888126373291,0
-44.7524871826172,0
-49.1459121704102,0
-52.2535591125488,0
-53.5979919433594,0
-53.8303451538086,0
-53.2796173095703,0
-51.7098579406738,0
-49.0433197021484,0
-45.5472259521484,0
-41.6706275939941,0
-38.2283058166504,0
-36.128059387207,0
-35.1113891601562,0
-33.2540321350098,0
-28.811351776123,0
-22.6350593566895,0
-17.8983154296875,0
-16.9752235412598,0
-18.9830646514893,0
-20.8784122467041,0
-20.8742065429688,0
-20.1958293914795,0
-21.0829563140869,0
-23.55104637146,0
-25.172290802002,0
-24.218578338623,0
-21.764799118042,0
-19.7858371734619,0
-18.2849140167236,0
-15.9150123596191,0
-12.8708753585815,0
-11.0907230377197,0
-11.2838659286499,0
-11.6676511764526,0
-10.5448389053345,0
-8.59016418457031,0
-7.44145727157593,0
-7.39754915237427,0
-8.02995014190674,0
-10.0087423324585,0
-14.3609466552734,0
-20.2196617126465,0
-25.0800495147705,0
-27.429479598999,0
-27.7756309509277,0
-27.0921382904053,0
-25.7904567718506,0
-24.3913459777832,0
-23.4552459716797,0
-22.2101192474365,0
-18.8970909118652,0
-13.4599094390869,0
-8.43577671051025,0
-5.99302911758423,0
-5.42589473724365,0
-4.93251657485962,0
-4.4252495765686,0
-4.66918277740479,0
-4.86886310577393,0
-3.68314027786255,0
-2.16327881813049,0
-2.98672795295715,0
-6.57874631881714,0
-10.522910118103,0
-13.3728370666504,0
-16.5365867614746,0
-21.3680973052979,0
-26.7583160400391,0
-31.0200443267822,0
-34.0031623840332,0
-35.7040252685547,0
-35.0353927612305,0
-32.3239555358887,0
-31.0652122497559,0
-34.0002517700195,0
-38.4276695251465,0
-38.8438529968262,0
-34.249870300293,0
-29.5502090454102,0
-28.8194065093994,0
-30.1258201599121,0
-28.8356037139893,0
-23.9714202880859,0
-18.9643383026123,0
-16.9816951751709,0
-17.6720008850098,0
-18.6734485626221,0
-18.8373527526855,0
-19.1576614379883,0
-20.9412784576416,0
-23.7696228027344,0
-25.7635192871094,0
-25.8841667175293,0
-25.2610778808594,0
-25.6335353851318,0
-27.1740074157715,0
-28.9750137329102,0
-31.0903854370117,0
-34.2650337219238,0
-37.6072044372559,0
-38.7419281005859,0
-37.258243560791,0
-35.9952621459961,0
-37.1378974914551,0
-38.5063629150391,0
-36.0466117858887,0
-29.3516235351562,0
-22.2751865386963,0
-17.9814968109131,0
-15.6687526702881,0
-12.8432550430298,0
-8.73160648345947,0
-4.16845417022705,0
0.248374804854393,0
4.15284442901611,0
6.49156379699707,0
6.34967184066772,0
4.38593578338623,0
2.12622284889221,0
0.16985647380352,0
-1.57634174823761,0
-2.31662368774414,0
-0.901318907737732,0
1.79001748561859,0
2.82624697685242,0
0.530432462692261,0
-3.42977428436279,0
-6.18270015716553,0
-6.75276613235474,0
-5.98024463653564,0
-4.59048509597778,0
-3.06881976127625,0
-2.7681405544281,0
-4.99009227752686,0
-8.66899967193604,0
-10.7993631362915,0
-10.0869388580322,0
-8.91048431396484,0
-10.5123882293701,0
-15.0496826171875,0
-19.680248260498,0
-22.1443672180176,0
-22.8696804046631,0
-23.353723526001,0
-23.7598571777344,0
-23.0484752655029,0
-20.9219970703125,0
-18.5109729766846,0
-16.9138069152832,0
-15.8564081192017,0
-14.4337949752808,0
-12.7607097625732,0
-11.9486303329468,0
-12.2833805084229,0
-12.345965385437,0
-10.7170629501343,0
-8.06567668914795,0
-6.46672248840332,0
-6.58454036712646,0
-6.66588687896729,0
-5.00253486633301,0
-2.50925135612488,0
-1.62989890575409,0
-3.0231761932373,0
-4.92160224914551,0
-6.21063661575317,0
-8.42545127868652,0
-13.1426944732666,0
-18.5085697174072,0
-20.7705230712891,0
-19.3436813354492,0
-17.8833961486816,0
-19.2241668701172,0
-21.445032119751,0
-20.9198760986328,0
-17.6024436950684,0
-14.5590696334839,0
-12.9978399276733,0
-10.8069324493408,0
-6.37044286727905,0
-1.08951532840729,0
2.94751620292664,0
5.56103801727295,0
7.37303733825684,0
8.01953220367432,0
7.24938488006592,0
6.5012001991272,0
7.51697635650635,0
10.0220966339111,0
12.1954689025879,0
12.8490390777588,0
11.9118995666504,0
9.46474456787109,0
5.74709892272949,0
1.77513694763184,0
-1.31493854522705,0
-3.4322772026062,0
-5.26483821868896,0
-7.26742315292358,0
-9.5927791595459,0
-12.2737989425659,0
-14.597508430481,0
-15.1818838119507,0
-13.7705993652344,0
-12.0505323410034,0
-11.4326877593994,0
-11.0052738189697,0
-9.2637300491333,0
-6.95949363708496,0
-6.2814793586731,0
-7.76637411117554,0
-10.0274057388306,0
-12.1464529037476,0
-14.1509609222412,0
-15.2761144638062,0
-14.1529321670532,0
-11.085391998291,0
-7.99508762359619,0
-5.68960237503052,0
-3.38988661766052,0
-1.45856368541718,0
-1.95462107658386,0
-5.20848369598389,0
-8.27198123931885,0
-8.62247180938721,0
-7.45487403869629,0
-7.22197723388672,0
-7.64955520629883,0
-6.78731536865234,0
-4.84585666656494,0
-3.97229218482971,0
-4.39468908309937,0
-3.67509293556213,0
-0.560717105865479,0
2.66236186027527,0
2.96064186096191,0
0.306405514478683,0
-2.7105176448822,0
-4.31492567062378,0
-5.33154058456421,0
-7.49288082122803,0
-10.6920309066772,0
-12.5113086700439,0
-10.8212776184082,0
-6.63833999633789,0
-3.43722724914551,0
-3.10402154922485,0
-3.62073302268982,0
-1.93233180046082,0
1.80722296237946,0
4.72511148452759,0
5.59348106384277,0
6.26760673522949,0
8.05172729492188,0
8.9821138381958,0
6.6162486076355,0
2.06239295005798,0
-1.23646068572998,0
-2.43235421180725,0
-4.61067342758179,0
-10.5072050094604,0
-18.7159423828125,0
-25.5089740753174,0
-29.3468227386475,0
-31.9561786651611,0
-35.2690505981445,0
-38.9442825317383,0
-41.3523406982422,0
-41.732738494873,0
-40.484317779541,0
-38.1478157043457,0
-35.2497100830078,0
-32.8415985107422,0
-32.0401840209961,0
-32.8569145202637,0
-34.2648048400879,0
-35.5290870666504,0
-36.6375617980957,0
-37.2369956970215,0
-36.2108764648438,0
-33.067211151123,0
-29.1342086791992,0
-26.5750713348389,0
-26.4504432678223,0
-28.2534675598145,0
-30.963737487793,0
-33.8574600219727,0
-36.4404487609863,0
-38.2846412658691,0
-39.1146545410156,0
-38.8210067749023,0
-37.5069541931152,0
-35.8409271240234,0
-35.1759643554688,0
-36.7451667785645,0
-40.4567756652832,0
-44.6474304199219,0
-47.3389167785645,0
-48.0182266235352,0
-48.2034721374512,0
-49.8748168945312,0
-53.0882720947266,0
-55.5865325927734,0
-55.2513618469238,0
-52.4144744873047,0
-48.9549140930176,0
-45.7028732299805,0
-42.0915031433105,0
-38.1644287109375,0
-35.2248306274414,0
-34.0580215454102,0
-33.9962310791016,0
-34.3891563415527,0
-35.5694236755371,0
-37.4889602661133,0
-38.7844772338867,0
-38.3887405395508,0
-36.9690742492676,0
-35.555061340332,0
-33.8037757873535,0
-31.0320701599121,0
-28.0186061859131,0
-26.099027633667,0
-25.0830955505371,0
-23.8359355926514,0
-22.6251010894775,0
-23.0308361053467,0
-25.3179817199707,0
-27.5388259887695,0
-27.8730278015137,0
-26.6886596679688,0
-25.5557231903076,0
-25.0197486877441,0
-24.1752738952637,0
-22.1647758483887,0
-19.4443893432617,0
-17.3430614471436,0
-16.5493698120117,0
-16.4892311096191,0
-16.5631065368652,0
-17.4785137176514,0
-20.2758979797363,0
-24.1481666564941,0
-26.7895317077637,0
-27.4720153808594,0
-28.1350212097168,0
-30.2567119598389,0
-32.2527542114258,0
-31.9246788024902,0
-30.3731174468994,0
-30.9104633331299,0
-34.2398567199707,0
-37.2936325073242,0
-37.5841178894043,0
-36.5024604797363,0
-36.9140357971191,0
-39.0976943969727,0
-40.9158668518066,0
-41.1989707946777,0
-41.0009956359863,0
-41.4608726501465,0
-42.135814666748,0
-42.2574882507324,0
-42.5141448974609,0
-44.224048614502,0
-46.8445854187012,0
-47.5506973266602,0
-44.1404342651367,0
-37.949836730957,0
-32.8370361328125,0
-30.9372425079346,0
-30.2718276977539,0
-27.4508838653564,0
-22.2522087097168,0
-18.0763549804688,0
-17.5213432312012,0
-19.0302410125732,0
-19.2213535308838,0
-17.4868030548096,0
-16.2693920135498,0
-17.0315856933594,0
-18.3244400024414,0
-18.570291519165,0
-18.4669914245605,0
-19.0753345489502,0
-19.4658050537109,0
-18.4502220153809,0
-17.1546821594238,0
-17.2306499481201,0
-17.5664730072021,0
-15.8312683105469,0
-12.7207880020142,0
-11.2427663803101,0
-11.7888135910034,0
-11.6739492416382,0
-10.1853265762329,0
-9.89551258087158,0
-11.3114976882935,0
-10.5524311065674,0
-5.39919185638428,0
0.021454781293869,0
0.655453979969025,0
-2.02814149856567,0
-2.58684754371643,0
0.0442829541862011,0
1.73414134979248,0
0.353468835353851,0
-1.0637081861496,0
0.606465220451355,0
4.2987208366394,0
7.32803440093994,0
9.34409523010254,0
11.7267913818359,0
14.8864583969116,0
17.8310298919678,0
19.2303333282471,0
17.8891754150391,0
13.4636573791504,0
7.7634973526001,0
4.24957799911499,0
5.09212255477905,0
9.16274642944336,0
13.4024810791016,0
15.6315202713013,0
15.8955507278442,0
15.9095458984375,0
17.4392433166504,0
20.4925727844238,0
22.9624271392822,0
22.7668933868408,0
20.3406028747559,0
18.2033081054688,0
18.0796298980713,0
19.2919425964355,0
19.9961395263672,0
19.1226348876953,0
17.002124786377,0
14.8742046356201,0
13.9575634002686,0
14.4164876937866,0
15.1061344146729,0
14.6748609542847,0
12.8470306396484,0
10.442328453064,0
8.5085916519165,0
7.62816524505615,0
7.51953458786011,0
7.21078729629517,0
6.4182014465332,0
6.63613080978394,0
9.30471324920654,0
12.7464046478271,0
13.2911262512207,0
10.5339918136597,0
8.88144874572754,0
11.7821950912476,0
16.8263778686523,0
19.5738773345947,0
20.2741851806641,0
22.8430156707764,0
28.2253093719482,0
33.3596496582031,0
36.9727096557617,0
41.7543525695801,0
49.2162475585938,0
56.500904083252,0
60.759635925293,0
63.2374801635742,0
65.90966796875,0
67.0086517333984,0
63.9276351928711,0
58.767448425293,0
56.453784942627,0
57.6255416870117,0
57.5848426818848,0
53.0433082580566,0
46.1811065673828,0
40.4686241149902,0
35.7268600463867,0
29.8379936218262,0
23.1230182647705,0
18.0197315216064,0
15.316554069519,0
13.3432531356812,0
10.7726650238037,0
8.08642673492432,0
5.96742057800293,0
3.91860699653625,0
1.04879605770111,0
-2.8512704372406,0
-7.39191007614136,0
-11.8931560516357,0
-15.4997797012329,0
-17.9583969116211,0
-20.3863162994385,0
-24.1405849456787,0
-28.6328830718994,0
-31.476676940918,0
-31.415132522583,0
-30.0128784179688,0
-29.5813789367676,0
-30.3581047058105,0
-30.8787746429443,0
-30.4769954681396,0
-29.9658889770508,0
-29.9432678222656,0
-29.8442306518555,0
-29.0868225097656,0
-27.958683013916,0
-26.5748710632324,0
-23.8784084320068,0
-18.8381118774414,0
-12.218695640564,0
-5.94913148880005,0
-0.820380508899689,0
3.92610883712769,0
8.52288627624512,0
11.6254739761353,0
12.125171661377,0
10.8330268859863,0
9.2289342880249,0
7.43553352355957,0
4.7664475440979,0
1.58384454250336,0
-0.996656894683838,0
-2.90964198112488,0
-4.9375057220459,0
-6.71723508834839,0
-6.75825214385986,0
-4.97149419784546,0
-3.65547204017639,0
-5.11135530471802,0
-9.25875663757324,0
-14.22145652771,0
-18.3162841796875,0
-20.8344306945801,0
-21.6978492736816,0
-21.051965713501,0
-18.835147857666,0
-14.6750965118408,0
-8.8380126953125,0
-3.03052687644958,0
0.891633033752441,0
2.96546220779419,0
4.6598014831543,0
6.55864858627319,0
8.07281875610352,0
9.26398944854736,0
10.7648143768311,0
11.5709285736084,0
9.43238830566406,0
4.49250316619873,0
0.157705068588257,0
-1.23808705806732,0
-1.56349456310272,0
-3.80237555503845,0
-7.6644172668457,0
-10.5345544815063,0
-11.4660863876343,0
-11.8589906692505,0
-12.9779939651489,0
-14.9321336746216,0
-17.4707050323486,0
-19.7757148742676,0
-20.0057945251465,0
-16.9646472930908,0
-11.7882013320923,0
-6.39057350158691,0
-1.16053652763367,0
3.8997540473938,0
7.04728889465332,0
6.68654155731201,0
4.75778198242188,0
5.11675500869751,0
8.5485668182373,0
12.3961048126221,0
15.2756490707397,0
18.7993545532227,0
23.8529148101807,0
28.5643749237061,0
31.4469966888428,0
33.5619010925293,0
35.8585433959961,0
37.2821884155273,0
37.5834465026855,0
39.1231880187988,0
43.181697845459,0
46.9128837585449,0
47.0161781311035,0
44.3799514770508,0
41.7591934204102,0
38.7076530456543,0
32.8515281677246,0
25.1469650268555,0
19.4567337036133,0
16.8095645904541,0
14.1735029220581,0
9.75340270996094,0
5.8171911239624,0
4.88713359832764,0
6.29592275619507,0
8.14776706695557,0
9.84239387512207,0
10.7447280883789,0
8.99674606323242,0
4.2160267829895,0
-0.357607305049896,0
-0.909063458442688,0
2.78576159477234,0
8.21488189697266,0
14.0159215927124,0
20.7483215332031,0
28.4160289764404,0
35.4896545410156,0
40.5086517333984,0
43.094799041748,0
43.3540534973145,0
41.6872024536133,0
39.3346977233887,0
37.8376274108887,0
37.5068778991699,0
37.1492309570312,0
35.6287155151367,0
33.3413925170898,0
32.0545196533203,0
33.3094635009766,0
36.5612487792969,0
38.829044342041,0
37.0545692443848,0
31.2454929351807,0
24.4231700897217,0
19.0576343536377,0
14.8478593826294,0
10.7980422973633,0
7.73429155349731,0
6.90176153182983,0
7.25907182693481,0
6.56471920013428,0
4.73044681549072,0
3.6623432636261,0
3.65992403030396,0
2.46626305580139,0
-1.22825384140015,0
-5.36222553253174,0
-6.82276105880737,0
-4.81662273406982,0
-0.966650605201721,0
2.58062958717346,0
4.18042373657227,0
3.31120681762695,0
1.41593611240387,0
0.821226418018341,0
1.63120126724243,0
1.26926612854004,0
-1.35608470439911,0
-3.11228775978088,0
-0.552445113658905,0
4.89822578430176,0
8.90973567962646,0
10.6847953796387,0
13.5610046386719,0
18.6870460510254,0
22.1353416442871,0
20.4602069854736,0
16.1055088043213,0
14.2729158401489,0
16.060152053833,0
17.6467838287354,0
15.587721824646,0
10.3331365585327,0
4.5777440071106,0
0.232524201273918,0
-2.61045861244202,0
-5.11973667144775,0
-8.47698211669922,0
-12.4911603927612,0
-15.8405466079712,0
-18.440055847168,0
-22.4719982147217,0
-29.4456844329834,0
-37.1563491821289,0
-41.8822822570801,0
-43.3250465393066,0
-44.735767364502,0
-47.6354713439941,0
-49.1412239074707,0
-46.1664848327637,0
-40.251579284668,0
-35.8864135742188,0
-34.9418983459473,0
-35.0741310119629,0
-33.5830192565918,0
-30.7518100738525,0
-28.6342105865479,0
-28.0658054351807,0
-28.0621471405029,0
-27.3050022125244,0
-24.9414901733398,0
-20.3675727844238,0
-13.7276773452759,0
-6.83401441574097,0
-2.18966484069824,0
-0.335868775844574,0
0.779654324054718,0
2.84706592559814,0
4.61977529525757,0
3.69248938560486,0
0.0959839895367622,0
-3.77394485473633,0
-6.63164567947388,0
-9.60205078125,0
-13.6251668930054,0
-17.6996288299561,0
-20.8196239471436,0
-23.7992935180664,0
-27.561336517334,0
-31.0982093811035,0
-33.1432685852051,0
-34.8539810180664,0
-38.492359161377,0
-43.753288269043,0
-47.7678680419922,0
-49.1681251525879,0
-50.1096343994141,0
-53.307544708252,0
-58.5527420043945,0
-63.2929382324219,0
-65.578483581543,0
-65.1352615356445,0
-62.1863212585449,0
-56.8149032592773,0
-49.8733940124512,0
-43.5001258850098,0
-39.6703262329102,0
-38.052074432373,0
-35.9683799743652,0
-31.260555267334,0
-25.0357074737549,0
-20.5387554168701,0
-19.0468139648438,0
-18.2610683441162,0
-15.7760410308838,0
-12.7500352859497,0
-12.146017074585,0
-14.0317468643188,0
-15.1754713058472,0
-13.6701078414917,0
-11.594386100769,0
-11.981388092041,0
-15.0112495422363,0
-18.5613613128662,0
-20.9241638183594,0
-21.3697757720947,0
-19.43115234375,0
-15.6999349594116,0
-12.5354719161987,0
-11.9591112136841,0
-13.2863960266113,0
-14.7036228179932,0
-16.6067180633545,0
-20.9154796600342,0
-27.0203304290771,0
-31.1367130279541,0
-30.7586212158203,0
-27.5319137573242,0
-24.1519355773926,0
-20.2991199493408,0
-13.9605350494385,0
-5.83881521224976,0
0.221336781978607,0
1.73946762084961,0
0.805520713329315,0
1.75484979152679,0
6.41203832626343,0
12.5381240844727,0
16.7623195648193,0
18.3068218231201,0
19.5236740112305,0
23.0992450714111,0
29.3604393005371,0
36.5885848999023,0
43.2870101928711,0
49.0780792236328,0
53.4749908447266,0
55.2580261230469,0
53.9943504333496,0
51.2021980285645,0
48.6497116088867,0
45.8908348083496,0
40.9867668151855,0
33.8492813110352,0
27.3631057739258,0
24.2176761627197,0
23.467378616333,0
21.4120674133301,0
15.6635694503784,0
7.34359693527222,0
-0.731265008449554,0
-6.93717384338379,0
-11.45201587677,0
-15.0016860961914,0
-18.1445293426514,0
-21.4902076721191,0
-25.3525638580322,0
-28.7734813690186,0
-29.7967414855957,0
-27.4423217773438,0
-22.9939002990723,0
-18.7875671386719,0
-16.1176853179932,0
-14.817512512207,0
-14.3087759017944,0
-14.2185935974121,0
-14.2953424453735,0
-14.5341176986694,0
-15.0837230682373,0
-15.2964344024658,0
-13.5823030471802,0
-9.56554889678955,0
-5.84100437164307,0
-5.66316938400269,0
-8.84549045562744,0
-11.937123298645,0
-12.7634582519531,0
-12.4883508682251,0
-12.4059057235718,0
-11.4303359985352,0
-8.72643566131592,0
-6.59222936630249,0
-7.97052526473999,0
-12.3316526412964,0
-16.6740093231201,0
-19.7178115844727,0
-22.3245086669922,0
-24.3012199401855,0
-23.9102973937988,0
-20.9054412841797,0
-17.3581695556641,0
-14.7181301116943,0
-12.2701416015625,0
-9.2451753616333,0
-6.34294748306274,0
-4.23768901824951,0
-2.47881484031677,0
-0.897590935230255,0
-0.408531606197357,0
-1.33630704879761,0
-2.38874340057373,0
-2.24768614768982,0
-0.871582746505737,0
1.44610679149628,0
4.66553735733032,0
7.77467918395996,0
8.74099636077881,0
6.96088409423828,0
4.35949850082397,0
2.9257550239563,0
2.59060549736023,0
2.61884260177612,0
3.32753348350525,0
4.89249753952026,0
6.17760181427002,0
6.71269226074219,0
8.32784271240234,0
12.4641122817993,0
17.0140151977539,0
18.5990791320801,0
17.4878997802734,0
17.3682022094727,0
20.0201244354248,0
22.9669799804688,0
23.3161163330078,0
21.5555877685547,0
20.0562744140625,0
19.5543079376221,0
18.8794651031494,0
17.099760055542,0
14.2508201599121,0
10.6442632675171,0
7.13737773895264,0
5.65232610702515,0
7.52145433425903,0
11.1430311203003,0
13.0772914886475,0
12.1177072525024,0
10.6158676147461,0
10.6971454620361,0
10.8329381942749,0
8.12951278686523,0
2.98876261711121,0
-1.08934700489044,0
-2.37295866012573,0
-3.03030586242676,0
-5.54030990600586,0
-9.19376945495605,0
-11.6684513092041,0
-12.3710250854492,0
-12.3801298141479,0
-12.3311128616333,0
-12.4029655456543,0
-13.5978765487671,0
-16.8821239471436,0
-21.3225612640381,0
-24.9501609802246,0
-27.3330421447754,0
-29.5532360076904,0
-31.8326168060303,0
-33.1557235717773,0
-33.3562164306641,0
-33.610767364502,0
-34.485710144043,0
-35.3301010131836,0
-36.0733642578125,0
-37.7557754516602,0
-40.5731658935547,0
-43.1663436889648,0
-44.6985244750977,0
-45.9221038818359,0
-47.1893920898438,0
-47.1649131774902,0
-44.9316062927246,0
-41.940486907959,0
-40.2233200073242,0
-39.6411552429199,0
-38.466194152832,0
-35.9922637939453,0
-33.0935859680176,0
-30.6507453918457,0
-28.7788982391357,0
-27.4583873748779,0
-26.9236145019531,0
-27.4790534973145,0
-29.4243144989014,0
-32.7224044799805,0
-36.3467903137207,0
-38.7945976257324,0
-39.8904418945312,0
-41.1762008666992,0
-43.7567558288574,0
-46.7879791259766,0
-49.0560417175293,0
-50.9116516113281,0
-53.2651634216309,0
-55.5879402160645,0
-56.540283203125,0
-56.0126953125,0
-54.9244995117188,0
-53.4289512634277,0
-51.1167106628418,0
-48.9082183837891,0
-48.7955017089844,0
-51.0684471130371,0
-53.1926040649414,0
-52.2822799682617,0
-47.902473449707,0
-41.9401931762695,0
-36.5725555419922,0
-32.9940528869629,0
-31.3838748931885,0
-31.1136436462402,0
-31.0014362335205,0
-29.9922828674316,0
-27.9331684112549,0
-25.6416282653809,0
-24.0468235015869,0
-23.1045875549316,0
-21.6182880401611,0
-18.3972015380859,0
-13.6042404174805,0
-8.66226196289062,0
-4.89530658721924,0
-2.74308133125305,0
-2.19721484184265,0
-3.09521651268005,0
-4.64354801177979,0
-5.50439119338989,0
-5.00585460662842,0
-3.81868362426758,0
-3.14822554588318,0
-3.95910811424255,0
-7.18708372116089,0
-13.4157762527466,0
-21.4571571350098,0
-28.4012622833252,0
-32.414306640625,0
-34.7951354980469,0
-37.9606704711914,0
-42.0124931335449,0
-44.7978172302246,0
-45.0144271850586,0
-43.6302871704102,0
-42.1809272766113,0
-41.1529960632324,0
-40.3825340270996,0
-39.7808380126953,0
-39.1252593994141,0
-38.0150260925293,0
-36.4735870361328,0
-34.9579315185547,0
-33.612133026123,0
-32.223331451416,0
-30.9783515930176,0
-30.4276943206787,0
-30.5747566223145,0
-30.8170146942139,0
-30.8570613861084,0
-30.744743347168,0
-29.9363899230957,0
-27.4791507720947,0
-23.5622062683105,0
-19.8317565917969,0
-17.5052032470703,0
-15.9901685714722,0
-14.0849924087524,0
-11.866551399231,0
-10.521800994873,0
-10.6183385848999,0
-11.2749891281128,0
-10.9892997741699,0
-8.8127384185791,0
-4.73891162872314,0
0.626763820648193,0
6.46927833557129,0
11.8016014099121,0
15.4492597579956,0
16.7352313995361,0
16.5369129180908,0
16.9545917510986,0
19.0758419036865,0
21.4416313171387,0
21.6861057281494,0
19.4578323364258,0
16.5870246887207,0
14.4192047119141,0
12.3652629852295,0
9.50440311431885,0
6.28442478179932,0
3.70905876159668,0
1.74393475055695,0
-0.393791854381561,0
-2.81525635719299,0
-4.74669599533081,0
-5.50889301300049,0
-5.07750415802002,0
-4.03719282150269,0
-3.62816786766052,0
-5.28131103515625,0
-9.05791664123535,0
-12.8660831451416,0
-14.5040454864502,0
-14.5201416015625,0
-15.6885299682617,0
-19.282112121582,0
-23.3100624084473,0
-25.2403659820557,0
-24.9778079986572,0
-23.7757930755615,0
-21.6171817779541,0
-17.8910732269287,0
-13.8500394821167,0
-11.5559158325195,0
-10.2952518463135,0
-7.13151931762695,0
-2.01329040527344,0
0.918768644332886,0
-0.679635405540466,0
-2.9511570930481,0
-0.768975734710693,0
4.94752836227417,0
8.97925281524658,0
9.86384868621826,0
11.4351024627686,0
15.8525047302246,0
19.8920478820801,0
20.2175693511963,0
18.35205078125,0
17.4590358734131,0
17.3198051452637,0
16.0635299682617,0
14.6022310256958,0
15.2593193054199,0
17.0896453857422,0
16.6084442138672,0
13.062460899353,0
9.27644824981689,0
6.74601078033447,0
3.45055174827576,0
-2.0242486000061,0
-7.19837999343872,0
-8.81953907012939,0
-7.44913244247437,0
-6.59425401687622,0
-8.18102645874023,0
-10.9990158081055,0
-13.3270130157471,0
-15.0925779342651,0
-16.8842678070068,0
-18.246129989624,0
-18.122049331665,0
-16.5459365844727,0
-14.7343845367432,0
-13.2433910369873,0
-11.0559158325195,0
-7.4001612663269,0
-3.7054431438446,0
-2.15077996253967,0
-2.39398097991943,0
-1.72657454013824,0
0.902353763580322,0
3.16840195655823,0
3.18036699295044,0
3.10776090621948,0
6.65308427810669,0
13.9812908172607,0
21.6636905670166,0
27.1397361755371,0
30.7526168823242,0
33.5797805786133,0
35.9373016357422,0
38.4545593261719,0
42.0975303649902,0
46.0921821594238,0
47.759765625,0
45.5892028808594,0
41.1823120117188,0
37.4091110229492,0
35.8628158569336,0
36.5494918823242,0
38.5306015014648,0
40.2255935668945,0
40.5242767333984,0
40.265308380127,0
41.3688430786133,0
44.2010955810547,0
47.3139991760254,0
49.935920715332,0
52.6703224182129,0
55.2821998596191,0
56.1617851257324,0
54.936149597168,0
53.3103218078613,0
52.167797088623,0
50.3095970153809,0
47.6062698364258,0
46.6827087402344,0
49.0353813171387,0
51.7768287658691,0
51.3203163146973,0
48.670467376709,0
47.605655670166,0
48.5362739562988,0
47.9835777282715,0
44.3748359680176,0
40.7671432495117,0
40.4259948730469,0
42.2714958190918,0
42.5063133239746,0
39.1927146911621,0
33.5908279418945,0
28.0063495635986,0
23.9159355163574,0
21.8045825958252,0
21.4306793212891,0
21.8987407684326,0
22.0892124176025,0
21.4629058837891,0
20.4951820373535,0
20.2057228088379,0
21.0371570587158,0
22.2236499786377,0
22.76123046875,0
23.1573181152344,0
25.395824432373,0
30.4404468536377,0
36.3722801208496,0
40.0148429870605,0
40.2243003845215,0
38.7781410217285,0
38.2499008178711,0
39.8300514221191,0
42.9346618652344,0
45.8867111206055,0
47.0170021057129,0
46.0808753967285,0
44.6694717407227,0
44.5065040588379,0
45.6740493774414,0
47.5312461853027,0
50.7220115661621,0
56.3413696289062,0
63.1978454589844,0
68.332878112793,0
71.0946807861328,0
74.3461380004883,0
80.0142517089844,0
85.4402694702148,0
86.4110870361328,0
82.4768524169922,0
76.828125,0
71.8920364379883,0
67.8554000854492,0
65.0671768188477,0
64.5837097167969,0
65.5872955322266,0
65.1099472045898,0
61.7784271240234,0
57.771354675293,0
55.6029243469238,0
54.7449569702148,0
52.9530639648438,0
49.2315559387207,0
43.6664695739746,0
35.8877487182617,0
26.0830173492432,0
16.6460113525391,0
10.2682638168335,0
6.51132392883301,0
2.50406908988953,0
-2.74435830116272,0
-6.84321737289429,0
-7.47161388397217,0
-5.45516777038574,0
-3.27454304695129,0
-1.88634693622589,0
-0.427529364824295,0
1.71677112579346,0
4.04362344741821,0
6.01010322570801,0
7.78817510604858,0
9.63298225402832,0
11.271614074707,0
12.38489818573,0
13.2170143127441,0
14.1123733520508,0
14.6140279769897,0
13.6450319290161,0
10.6809759140015,0
6.17777967453003,0
0.709807097911835,0
-5.4316143989563,0
-11.2314901351929,0
-14.6788921356201,0
-14.9628448486328,0
-14.318943977356,0
-15.7377519607544,0
-18.8458919525146,0
-20.3247547149658,0
-19.1339950561523,0
-18.8575916290283,0
-23.0162258148193,0
-29.9426574707031,0
-34.9228782653809,0
-36.4705848693848,0
-37.629035949707,0
-41.0722007751465,0
-45.641845703125,0
-48.6066360473633,0
-49.1772270202637,0
-48.3414001464844,0
-46.6348304748535,0
-43.7949256896973,0
-40.2121086120605,0
-37.3877067565918,0
-36.6255531311035,0
-37.6681175231934,0
-38.8000831604004,0
-38.3624038696289,0
-36.26123046875,0
-33.7784996032715,0
-31.7523345947266,0
-29.5258255004883,0
-26.2693710327148,0
-22.7660331726074,0
-20.9272060394287,0
-21.736047744751,0
-24.4711570739746,0
-27.7834720611572,0
-30.841423034668,0
-33.6760292053223,0
-37.0045547485352,0
-41.2622146606445,0
-45.3107147216797,0
-47.0909271240234,0
-46.4187660217285,0
-45.7893829345703,0
-46.9351806640625,0
-48.0376358032227,0
-46.5711402893066,0
-43.6697578430176,0
-42.6776008605957,0
-43.9532279968262,0
-44.5602111816406,0
-43.3563804626465,0
-42.8364868164062,0
-44.8371696472168,0
-47.7184677124023,0
-49.514102935791,0
-50.9105606079102,0
-52.8895530700684,0
-54.016773223877,0
-52.8865661621094,0
-51.4805145263672,0
-53.157844543457,0
-58.1825103759766,0
-63.5976028442383,0
-66.7892608642578,0
-67.1368637084961,0
-65.0675048828125,0
-61.7789993286133,0
-59.3229942321777,0
-58.7883758544922,0
-58.7749404907227,0
-57.503490447998,0
-55.6939735412598,0
-55.1971168518066,0
-55.6106300354004,0
-55.0096130371094,0
-53.5897254943848,0
-53.3773765563965,0
-54.1423797607422,0
-53.154369354248,0
-50.1273956298828,0
-48.7967414855957,0
-51.1905899047852,0
-53.3365249633789,0
-50.2097358703613,0
-43.2554664611816,0
-38.9369506835938,0
-39.9866027832031,0
-42.0229568481445,0
-40.1211204528809,0
-35.5321502685547,0
-33.4542655944824,0
-36.0942878723145,0
-40.8698921203613,0
-44.8352890014648,0
-47.8917274475098,0
-50.8615226745605,0
-52.7718658447266,0
-52.004566192627,0
-49.2372283935547,0
-47.2799835205078,0
-47.7326774597168,0
-49.1068458557129,0
-48.9363861083984,0
-46.9229965209961,0
-45.0206336975098,0
-44.6935920715332,0
-45.2085990905762,0
-45.0481605529785,0
-44.1618843078613,0
-43.9031982421875,0
-45.0791358947754,0
-47.1582183837891,0
-49.5390853881836,0
-52.4756126403809,0
-56.1582069396973,0
-59.9009742736816,0
-63.228874206543,0
-66.8934097290039,0
-71.2898254394531,0
-74.2667617797852,0
-72.4532470703125,0
-65.3452072143555,0
-56.5871162414551,0
-50.2535095214844,0
-46.9376602172852,0
-44.5252113342285,0
-41.778247833252,0
-39.5747909545898,0
-38.9427490234375,0
-39.4477424621582,0
-39.8920249938965,0
-39.5680656433105,0
-38.3735809326172,0
-36.5083389282227,0
-34.630241394043,0
-33.6645088195801,0
-33.6623954772949,0
-33.1499214172363,0
-30.5150032043457,0
-26.1699829101562,0
-22.4832572937012,0
-21.0257396697998,0
-20.6091632843018,0
-19.0508251190186,0
-16.3865222930908,0
-14.6311845779419,0
-13.9806537628174,0
-11.3067274093628,0
-4.26837348937988,0
4.28006267547607,0
8.60986614227295,0
6.92776823043823,0
3.35926914215088,0
2.22852897644043,0
2.80317378044128,0
1.74777472019196,0
-1.03108012676239,0
-2.1411669254303,0
-0.118900880217552,0
1.95614492893219,0
0.546781659126282,0
-3.65833139419556,0
-6.99980688095093,0
-7.75188064575195,0
-7.75081825256348,0
-9.13746356964111,0
-11.1650400161743,0
-11.1025228500366,0
-7.56696081161499,0
-2.0593786239624,0
2.78130674362183,0
5.87121820449829,0
8.23603343963623,0
11.0121049880981,0
13.6089172363281,0
14.6054267883301,0
14.2013444900513,0
14.5142345428467,0
16.8936424255371,0
20.0806541442871,0
22.1385440826416,0
23.328821182251,0
25.4639549255371,0
28.7867221832275,0
31.4212017059326,0
32.2886047363281,0
32.8076171875,0
34.8226547241211,0
38.2628211975098,0
41.9422798156738,0
45.3995628356934,0
48.4537887573242,0
49.8568992614746,0
48.2918739318848,0
44.6429824829102,0
41.6531295776367,0
40.8739242553711,0
41.0770721435547,0
40.254035949707,0
38.3207054138184,0
37.0069122314453,0
37.4188613891602,0
38.5752906799316,0
38.5984191894531,0
36.7982864379883,0
33.9807052612305,0
30.9386234283447,0
27.6157093048096,0
24.0595092773438,0
21.0584659576416,0
18.8982048034668,0
16.4973773956299,0
13.1469049453735,0
10.120641708374,0
8.55753993988037,0
6.55007219314575,0
1.24357092380524,0
-6.16085481643677,0
-10.9825983047485,0
-11.8528184890747,0
-13.4711513519287,0
-20.122163772583,0
-29.2580623626709,0
-34.8679046630859,0
-35.369197845459,0
-34.4501419067383,0
-35.0579490661621,0
-36.4419441223145,0
-37.1669082641602,0
-37.3552055358887,0
-37.0102043151855,0
-35.1678810119629,0
-32.0624656677246,0
-29.6988201141357,0
-28.8390235900879,0
-27.5340709686279,0
-24.2917957305908,0
-20.9789447784424,0
-20.7219161987305,0
-24.0256385803223,0
-28.6095905303955,0
-32.2503890991211,0
-34.2394905090332,0
-34.6545562744141,0
-33.8346900939941,0
-32.5929183959961,0
-31.8452033996582,0
-31.8415641784668,0
-32.2164344787598,0
-32.5264091491699,0
-32.2925720214844,0
-31.0436153411865,0
-28.9901733398438,0
-27.1923484802246,0
-26.3064823150635,0
-25.5158576965332,0
-23.437780380249,0
-19.8209781646729,0
-15.6899681091309,0
-12.1248407363892,0
-9.59609508514404,0
-8.16871929168701,0
-7.48420763015747,0
-6.62690305709839,0
-4.79334545135498,0
-2.14920496940613,0
0.512935221195221,0
2.79829001426697,0
4.73647594451904,0
6.03388690948486,0
6.25447082519531,0
5.7806396484375,0
5.6230001449585,0
6.01481676101685,0
6.08735752105713,0
5.30424404144287,0
4.2783637046814,0
3.53818154335022,0
2.37957406044006,0
-0.0266988091170788,0
-2.92954707145691,0
-4.66926670074463,0
-5.05580568313599,0
-5.89427947998047,0
-8.66718006134033,0
-12.5638208389282,0
-15.5401487350464,0
-16.7973365783691,0
-17.3550796508789,0
-18.387903213501,0
-19.9253425598145,0
-21.373384475708,0
-22.4883441925049,0
-23.302698135376,0
-23.6295223236084,0
-23.3239135742188,0
-22.8060760498047,0
-22.695240020752,0
-22.9857177734375,0
-23.1099681854248,0
-22.7538452148438,0
-22.0448722839355,0
-20.9711971282959,0
-19.341739654541,0
-17.557523727417,0
-16.7561168670654,0
-17.6724014282227,0
-19.6630573272705,0
-21.2919082641602,0
-21.7674865722656,0
-21.5344314575195,0
-21.5038414001465,0
-21.9067764282227,0
-22.0986099243164,0
-21.7011394500732,0
-21.7252044677734,0
-23.68483543396,0
-27.1947383880615,0
-29.5919589996338,0
-29.1935501098633,0
-28.0109767913818,0
-29.2068538665771,0
-32.1655082702637,0
-32.733699798584,0
-29.16748046875,0
-25.217866897583,0
-25.3465099334717,0
-28.8054542541504,0
-31.1101150512695,0
-30.3200054168701,0
-28.8186054229736,0
-28.8566875457764,0
-29.3331718444824,0
-28.2001171112061,0
-25.8523540496826,0
-24.2973346710205,0
-24.1125640869141,0
-23.9575881958008,0
-22.6312103271484,0
-20.2187271118164,0
-17.4169406890869,0
-14.9723463058472,0
-13.8034868240356,0
-14.5082712173462,0
-16.3990612030029,0
-17.9092330932617,0
-18.4027423858643,0
-18.8866157531738,0
-20.5070114135742,0
-23.1151504516602,0
-25.9755668640137,0
-29.050220489502,0
-32.371753692627,0
-34.6320037841797,0
-34.1144866943359,0
-31.4370098114014,0
-29.8567848205566,0
-31.8375015258789,0
-36.3109474182129,0
-40.4144248962402,0
-42.9837417602539,0
-44.8151664733887,0
-46.1236000061035,0
-45.8072891235352,0
-43.5166854858398,0
-40.6096992492676,0
-38.1730270385742,0
-35.534065246582,0
-31.9480361938477,0
-28.6709060668945,0
-27.7508087158203,0
-29.1349086761475,0
-30.4474754333496,0
-29.693920135498,0
-26.9053974151611,0
-22.8163204193115,0
-17.2817916870117,0
-10.0818157196045,0
-2.60749053955078,0
2.70029497146606,0
5.02480936050415,0
6.4744758605957,0
9.86669063568115,0
15.3478450775146,0
20.1098976135254,0
21.9140033721924,0
22.0932464599609,0
23.85910987854,0
27.7791767120361,0
30.5638389587402,0
29.2651329040527,0
25.3683261871338,0
22.9057655334473,0
22.9717502593994,0
22.3518772125244,0
18.2800693511963,0
12.5345401763916,0
9.08181476593018,0
8.85523986816406,0
9.16602993011475,0
8.15336418151855,0
7.43997478485107,0
9.33274269104004,0
13.1315279006958,0
15.9734258651733,0
16.525203704834,0
15.9460544586182,0
15.3057651519775,0
14.0586700439453,0
11.9222841262817,0
10.6823139190674,0
12.5114068984985,0
17.1210956573486,0
22.1437015533447,0
26.1779022216797,0
29.9134311676025,0
34.0746765136719,0
37.9562339782715,0
40.776611328125,0
42.9398498535156,0
44.7007598876953,0
44.9321899414062,0
42.9918937683105,0
40.8069267272949,0
40.7970542907715,0
42.1129608154297,0
41.5846214294434,0
38.7902679443359,0
37.3658103942871,0
39.8615074157715,0
43.758373260498,0
44.8973083496094,0
43.1709060668945,0
42.0095405578613,0
43.0331954956055,0
44.2107582092285,0
43.4843597412109,0
41.4841766357422,0
39.7560043334961,0
38.549617767334,0
37.7050018310547,0
37.9766654968262,0
39.7942008972168,0
41.7295265197754,0
41.6970901489258,0
39.1159019470215,0
34.945972442627,0
30.5392456054688,0
27.5476245880127,0
27.6938552856445,0
30.8133544921875,0
33.9580039978027,0
34.5214958190918,0
33.7561721801758,0
34.843017578125,0
37.6105537414551,0
37.9853019714355,0
33.4800300598145,0
26.5421466827393,0
20.8707809448242,0
16.7085552215576,0
12.0059642791748,0
6.4856219291687,0
1.7309103012085,0
-1.91460299491882,0
-5.6285605430603,0
-9.33207225799561,0
-11.3597831726074,0
-11.5702304840088,0
-12.4422473907471,0
-15.8568267822266,0
-20.5259590148926,0
-23.9641666412354,0
-25.6057815551758,0
-26.4267749786377,0
-26.6000099182129,0
-25.5024681091309,0
-23.7255954742432,0
-23.1792812347412,0
-24.7578926086426,0
-27.2045574188232,0
-28.8596343994141,0
-29.5022144317627,0
-29.778980255127,0
-29.7577342987061,0
-29.1138553619385,0
-28.2099800109863,0
-27.7217235565186,0
-27.1981983184814,0
-25.1757106781006,0
-21.1567230224609,0
-16.6140899658203,0
-13.4352245330811,0
-11.9088897705078,0
-10.7147283554077,0
-8.39303493499756,0
-4.43077945709229,0
0.499724060297012,0
4.93535566329956,0
7.91953325271606,0
10.3371601104736,0
14.0636425018311,0
19.207498550415,0
23.3789138793945,0
24.6766242980957,0
24.0940361022949,0
23.4828224182129,0
22.4559097290039,0
19.5088920593262,0
15.3114709854126,0
12.1586828231812,0
10.3619174957275,0
8.04028987884521,0
4.8255443572998,0
2.79318594932556,0
2.75408506393433,0
2.61330723762512,0
1.11664021015167,0
0.445641964673996,0
2.55514192581177,0
5.08601522445679,0
4.07718563079834,0
-0.415656358003616,0
-4.59585475921631,0
-6.4231219291687,0
-7.80734825134277,0
-11.1013555526733,0
-16.2337379455566,0
-22.0599384307861,0
-27.8746852874756,0
-32.2078819274902,0
-32.5717315673828,0
-28.7167434692383,0
-24.5946922302246,0
-24.2858333587646,0
-26.4193534851074,0
-25.5169849395752,0
-19.5457592010498,0
-13.4423131942749,0
-13.0962820053101,0
-17.4418678283691,0
-19.3255348205566,0
-14.1708669662476,0
-5.31009721755981,0
0.190092176198959,0
-0.854077219963074,0
-5.58547592163086,0
-9.09006404876709,0
-8.78243637084961,0
-5.54141902923584,0
-2.23944616317749,0
-1.25204122066498,0
-2.54055738449097,0
-4.26825284957886,0
-5.46471261978149,0
-6.8933424949646,0
-8.73019313812256,0
-9.46994686126709,0
-8.86332035064697,0
-9.71074390411377,0
-13.6954689025879,0
-17.1663131713867,0
-15.3491764068604,0
-10.2523813247681,0
-9.44646644592285,0
-15.9301919937134,0
-24.0438213348389,0
-27.7907638549805,0
-28.6659717559814,0
-31.4366588592529,0
-35.8345947265625,0
-37.5854721069336,0
-35.8321418762207,0
-34.1953773498535,0
-34.703800201416,0
-35.4732284545898,0
-35.0880355834961,0
-34.8660659790039,0
-35.1961555480957,0
-33.5159721374512,0
-28.3853893280029,0
-22.600923538208,0
-19.4138126373291,0
-17.8423271179199,0
-14.8357276916504,0
-10.5427694320679,0
-7.92705297470093,0
-7.72434329986572,0
-7.41139793395996,0
-5.7479305267334,0
-5.03610610961914,0
-7.27686882019043,0
-10.6398897171021,0
-11.9341306686401,0
-10.819598197937,0
-9.13267803192139,0
-7.20382070541382,0
-3.59181833267212,0
1.89345860481262,0
7.60429191589355,0
12.7186651229858,0
17.9259071350098,0
22.7934532165527,0
25.0958576202393,0
24.2399482727051,0
23.0943908691406,0
24.2977409362793,0
26.3521957397461,0
25.7831039428711,0
22.1752872467041,0
18.4977970123291,0
16.7666912078857,0
15.9382524490356,0
14.4823942184448,0
12.7759733200073,0
11.8693342208862,0
11.4109649658203,0
10.0808181762695,0
7.33033323287964,0
3.72534418106079,0
0.0282713398337364,0
-3.27973818778992,0
-5.86255407333374,0
-7.67294359207153,0
-9.27578258514404,0
-11.4723091125488,0
-14.2833099365234,0
-16.5875816345215,0
-17.3044528961182,0
-17.0047130584717,0
-17.7224884033203,0
-20.7662487030029,0
-25.3506870269775,0
-29.9894466400146,0
-34.2810668945312,0
-37.9949188232422,0
-39.2665786743164,0
-35.9996223449707,0
-29.2370643615723,0
-22.9486694335938,0
-19.7425727844238,0
-18.6726913452148,0
-17.9809494018555,0
-17.6999111175537,0
-18.1623516082764,0
-18.1992721557617,0
-17.0313587188721,0
-16.4732074737549,0
-18.9968223571777,0
-24.5111446380615,0
-30.9173622131348,0
-36.7753295898438,0
-41.4243812561035,0
-43.6823577880859,0
-43.0406494140625,0
-41.5038032531738,0
-41.5254249572754,0
-42.2757987976074,0
-40.5987892150879,0
-35.8636779785156,0
-31.2602214813232,0
-29.6294536590576,0
-30.3665351867676,0
-31.4267692565918,0
-32.3240280151367,0
-33.8652725219727,0
-36.4997024536133,0
-40.1722373962402,0
-44.5676383972168,0
-48.4887580871582,0
-50.2694129943848,0
-49.8482704162598,0
-49.1765403747559,0
-49.4710884094238,0
-49.411003112793,0
-47.4619941711426,0
-44.7014808654785,0
-43.4292831420898,0
-43.7237777709961,0
-43.4039649963379,0
-41.1732940673828,0
-37.8482780456543,0
-34.2952651977539,0
-30.0140533447266,0
-24.4780368804932,0
-18.4853324890137,0
-13.3063640594482,0
-9.43437671661377,0
-6.88028478622437,0
-5.80628108978271,0
-6.10595464706421,0
-7.14434576034546,0
-8.70794677734375,0
-11.4705142974854,0
-15.6214551925659,0
-19.75217628479,0
-22.2862663269043,0
-23.6093845367432,0
-25.5507984161377,0
-28.9297542572021,0
-32.8622932434082,0
-36.4567451477051,0
-39.7355117797852,0
-42.4973526000977,0
-43.7838745117188,0
-43.496395111084,0
-43.4634475708008,0
-45.5680351257324,0
-49.3039093017578,0
-52.3541793823242,0
-53.2697868347168,0
-52.4605674743652,0
-50.8723564147949,0
-49.0987205505371,0
-47.7822685241699,0
-47.3037567138672,0
-46.665111541748,0
-44.2890548706055,0
-40.6957817077637,0
-38.6706886291504,0
-39.411792755127,0
-40.167911529541,0
-37.8508567810059,0
-33.7601127624512,0
-31.8063220977783,0
-32.4587631225586,0
-31.9457473754883,0
-28.2852268218994,0
-24.558235168457,0
-23.9857807159424,0
-24.7240238189697,0
-22.9387035369873,0
-19.1973094940186,0
-17.6744709014893,0
-19.3295059204102,0
-19.9806251525879,0
-16.3236694335938,0
-10.6124858856201,0
-7.44457244873047,0
-8.22653293609619,0
-10.9831094741821,0
-13.9717998504639,0
-17.0334873199463,0
-20.1091575622559,0
-22.678014755249,0
-24.7195949554443,0
-26.6249866485596,0
-27.8739776611328,0
-26.9580326080322,0
-23.1033191680908,0
-17.5922966003418,0
-13.1745367050171,0
-12.2150726318359,0
-14.9804592132568,0
-19.3677349090576,0
-22.707498550415,0
-24.1600151062012,0
-24.9318904876709,0
-26.130672454834,0
-27.4659481048584,0
-28.5143508911133,0
-29.9698047637939,0
-32.5258178710938,0
-35.4164962768555,0
-37.310173034668,0
-38.0029602050781,0
-38.0196266174316,0
-37.2594909667969,0
-35.6240425109863,0
-34.5531120300293,0
-36.0016136169434,0
-39.5784454345703,0
-42.3320922851562,0
-42.0940475463867,0
-39.8833274841309,0
-38.3074989318848,0
-38.6126289367676,0
-40.1522750854492,0
-41.8768081665039,0
-43.1694030761719,0
-43.6025390625,0
-43.0981597900391,0
-42.481689453125,0
-42.854248046875,0
-43.8614768981934,0
-43.3712882995605,0
-39.886344909668,0
-34.9678726196289,0
-31.8999366760254,0
-31.5653476715088,0
-31.1276779174805,0
-28.0153007507324,0
-23.9250659942627,0
-22.7816963195801,0
-25.3901882171631,0
-28.874195098877,0
-31.6341304779053,0
-35.5574264526367,0
-41.646484375,0
-46.5145301818848,0
-46.3587799072266,0
-42.6259613037109,0
-40.2200088500977,0
-40.9205780029297,0
-42.1855621337891,0
-42.2818298339844,0
-42.5911560058594,0
-43.806526184082,0
-43.6379241943359,0
-40.5312957763672,0
-36.8036689758301,0
-35.3618087768555,0
-35.3732299804688,0
-34.1418342590332,0
-31.8054618835449,0
-30.8460140228271,0
-31.4881935119629,0
-31.0051536560059,0
-28.2316150665283,0
-25.9723796844482,0
-27.4776706695557,0
-32.2297325134277,0
-36.6714515686035,0
-38.1690864562988,0
-37.1357765197754,0
-35.8626136779785,0
-36.2220726013184,0
-38.2833786010742,0
-40.5363349914551,0
-41.4084854125977,0
-40.6232795715332,0
-39.0160980224609,0
-37.4551620483398,0
-36.4804229736328,0
-36.4506072998047,0
-37.0126800537109,0
-36.7963447570801,0
-34.9782791137695,0
-32.9937400817871,0
-33.0298080444336,0
-34.5942420959473,0
-34.537971496582,0
-31.4414596557617,0
-28.19020652771,0
-28.5470333099365,0
-32.3065452575684,0
-35.6562995910645,0
-35.6980400085449,0
-32.7903785705566,0
-28.7226219177246,0
-24.5912246704102,0
-20.9258289337158,0
-18.2098178863525,0
-16.2185688018799,0
-13.7689914703369,0
-10.1218967437744,0
-6.15602588653564,0
-3.32994532585144,0
-1.75995600223541,0
-0.155045852065086,0
2.28080463409424,0
4.62791585922241,0
5.47861194610596,0
5.12327241897583,0
5.73536205291748,0
8.91080856323242,0
13.4165048599243,0
16.138162612915,0
15.2990970611572,0
12.0516672134399,0
8.75647926330566,0
6.57282733917236,0
5.22034120559692,0
4.17782258987427,0
3.11576104164124,0
1.67949461936951,0
-0.0245143659412861,0
-0.94106912612915,0
-0.185229912400246,0
1.38207495212555,0
1.90894746780396,0
1.16137504577637,0
1.13160741329193,0
3.29515504837036,0
6.29542970657349,0
7.58966588973999,0
6.92784881591797,0
6.77030658721924,0
8.98332118988037,0
12.2846488952637,0
13.7737617492676,0
12.3439321517944,0
9.56028079986572,0
7.34512710571289,0
5.9419059753418,0
4.58395195007324,0
3.20655202865601,0
2.53808665275574,0
2.88932347297668,0
3.79147505760193,0
4.7348051071167,0
5.49257516860962,0
5.93569374084473,0
6.56647968292236,0
9.06232833862305,0
14.6997175216675,0
21.7586269378662,0
26.2129917144775,0
26.3077278137207,0
25.1686592102051,0
27.1214084625244,0
32.2524452209473,0
36.7179679870605,0
38.1315231323242,0
38.153018951416,0
39.0903129577637,0
40.3390350341797,0
39.9274711608887,0
38.0010147094727,0
36.4823799133301,0
35.840705871582,0
34.4963035583496,0
31.7292671203613,0
29.1254425048828,0
28.054141998291,0
27.218864440918,0
24.3946800231934,0
19.9698734283447,0
16.9748458862305,0
17.3891983032227,0
19.9199695587158,0
22.1931343078613,0
23.9881534576416,0
27.0549602508545,0
32.3008804321289,0
38.6138000488281,0
44.5282554626465,0
49.656566619873,0
53.8493766784668,0
56.1236190795898,0
55.6471977233887,0
53.3128814697266,0
51.1428337097168,0
50.1843109130859,0
49.9840812683105,0
50.0759544372559,0
50.6405029296875,0
51.2026138305664,0
50.0777549743652,0
46.4468536376953,0
42.2762069702148,0
40.6073455810547,0
41.973014831543,0
43.9043426513672,0
44.2192840576172,0
43.3261985778809,0
42.6027641296387,0
41.9979057312012,0
40.6291160583496,0
38.7510681152344,0
37.3606643676758,0
36.2250137329102,0
34.0917015075684,0
30.9244995117188,0
28.1743412017822,0
26.3962860107422,0
24.3533172607422,0
21.401159286499,0
19.1556968688965,0
19.3048610687256,0
20.8183326721191,0
21.0304660797119,0
19.0478706359863,0
16.52512550354,0
15.1429014205933,0
14.7147579193115,0
14.0157947540283,0
12.2989158630371,0
9.46603393554688,0
5.55283784866333,0
0.770643770694733,0
-4.13487768173218,0
-8.04557991027832,0
-10.2444295883179,0
-11.1191425323486,0
-11.909291267395,0
-13.3906507492065,0
-14.9141054153442,0
-15.2207489013672,0
-14.0087394714355,0
-11.9845294952393,0
-9.68919849395752,0
-7.42146062850952,0
-6.00703477859497,0
-5.87117958068848,0
-5.28372621536255,0
-1.81260967254639,0
3.7336962223053,0
7.28388261795044,0
6.87224769592285,0
5.64893579483032,0
7.47250175476074,0
11.700779914856,0
15.0577011108398,0
16.8469467163086,0
18.9536266326904,0
21.6221923828125,0
22.675329208374,0
20.8954849243164,0
17.4940242767334,0
14.340970993042,0
13.0364685058594,0
14.9699687957764,0
19.3491973876953,0
21.8498668670654,0
18.8069076538086,0
12.6218852996826,0
9.19653797149658,0
9.72271251678467,0
9.24666595458984,0
4.40718603134155,0
-1.94450104236603,0
-6.12347555160522,0
-9.47205257415771,0
-15.2926034927368,0
-22.6899738311768,0
-27.3847217559814,0
-27.4076271057129,0
-24.7866401672363,0
-22.2956924438477,0
-21.2638721466064,0
-22.243221282959,0
-25.4052505493164,0
-29.9463691711426,0
-34.4067497253418,0
-37.6074867248535,0
-38.818000793457,0
-38.0069885253906,0
-36.6077575683594,0
-36.509880065918,0
-37.2577743530273,0
-36.0675773620605,0
-32.0359687805176,0
-28.2439994812012,0
-27.6750297546387,0
-29.1836795806885,0
-30.1882457733154,0
-31.2522640228271,0
-34.2336807250977,0
-37.1636848449707,0
-35.4353256225586,0
-28.2062034606934,0
-19.5250682830811,0
-12.3904666900635,0
-5.74730348587036,0
1.26208233833313,0
6.33884239196777,0
8.13082122802734,0
9.93973827362061,0
15.6357927322388,0
23.8808689117432,0
30.1419086456299,0
33.305290222168,0
36.4988403320312,0
41.5289764404297,0
46.0997695922852,0
47.3818092346191,0
45.5265007019043,0
42.449348449707,0
39.3305053710938,0
36.643611907959,0
34.8683624267578,0
33.6760139465332,0
31.6837825775146,0
28.4030132293701,0
25.3739795684814,0
23.9514274597168,0
22.8336315155029,0
19.433500289917,0
13.3785915374756,0
7.137855052948,0
3.06074476242065,0
1.01074147224426,0
-0.681631624698639,0
-2.86064267158508,0
-4.87247800827026,0
-5.94413614273071,0
-6.55697393417358,0
-8.04069995880127,0
-10.813777923584,0
-13.5431156158447,0
-14.6735773086548,0
-14.6156053543091,0
-15.5149145126343,0
-18.6262626647949,0
-22.8258361816406,0
-26.2135601043701,0
-28.2417697906494,0
-29.3652534484863,0
-29.3193950653076,0
-27.0278244018555,0
-22.1572418212891,0
-15.8160800933838,0
-9.57086753845215,0
-4.31827402114868,0
-0.0249783303588629,0
4.02738571166992,0
8.65336418151855,0
13.8506326675415,0
18.5726146697998,0
21.8685131072998,0
23.9373245239258,0
25.484582901001,0
26.5627155303955,0
27.0173778533936,0
27.6766719818115,0
29.7789821624756,0
33.2302932739258,0
36.7665557861328,0
40.0524406433105,0
44.1339530944824,0
49.1623229980469,0
53.1314888000488,0
54.1322364807129,0
52.919994354248,0
51.8334922790527,0
51.7387924194336,0
51.6243858337402,0
51.1139602661133,0
51.6848564147949,0
54.7292594909668,0
59.5383911132812,0
64.0312576293945,0
66.7307052612305,0
67.2806091308594,0
65.8285522460938,0
63.0749206542969,0
60.5412635803223,0
59.4352493286133,0
59.0525970458984,0
57.36767578125,0
53.5810661315918,0
49.2070121765137,0
46.255313873291,0
45.2613525390625,0
45.6324996948242,0
46.846607208252,0
48.2598342895508,0
48.5448303222656,0
46.7710113525391,0
43.8789100646973,0
41.8185806274414,0
41.0749816894531,0
40.0623512268066,0
37.2177505493164,0
32.8294677734375,0
28.4779529571533,0
25.4111938476562,0
23.8555202484131,0
23.3102512359619,0
22.994421005249,0
22.2456359863281,0
20.8497581481934,0
19.0911388397217,0
17.6322727203369,0
17.2932415008545,0
18.3083000183105,0
19.4629936218262,0
18.8481884002686,0
16.3091659545898,0
14.2879705429077,0
14.9552297592163,0
17.2377815246582,0
18.4304313659668,0
18.2935733795166,0
19.2820415496826,0
22.4959468841553,0
25.8604125976562,0
27.3318824768066,0
27.6850051879883,0
28.5287265777588,0
29.4535160064697,0
29.2619533538818,0
28.6518898010254,0
29.1854286193848,0
30.2680912017822,0
29.6940174102783,0
27.1517562866211,0
24.8046035766602,0
23.9463672637939,0
23.2507057189941,0
21.2026424407959,0
18.4007377624512,0
16.2616176605225,0
14.9192638397217,0
13.7151393890381,0
12.5666961669922,0
11.459156036377,0
9.61467552185059,0
6.735426902771,0
4.24809312820435,0
3.5070583820343,0
3.24556994438171,0
0.797692000865936,0
-4.22510242462158,0
-9.56581783294678,0
-13.9118070602417,0
-18.459264755249,0
-23.7432651519775,0
-27.2139091491699,0
-26.2780170440674,0
-22.4608898162842,0
-19.8766860961914,0
-19.9226684570312,0
-20.147310256958,0
-18.7180671691895,0
-17.2785301208496,0
-17.9940147399902,0
-19.9701080322266,0
-20.7386360168457,0
-19.9353771209717,0
-19.0959033966064,0
-18.4630870819092,0
-16.6202697753906,0
-13.5080976486206,0
-11.3019018173218,0
-11.206015586853,0
-11.3318405151367,0
-9.36309337615967,0
-6.01256084442139,0
-3.98409223556519,0
-4.18993520736694,0
-4.87076091766357,0
-4.29487705230713,0
-2.47620296478271,0
0.161240190267563,0
4.1112756729126,0
9.73924350738525,0
15.9769725799561,0
21.2589950561523,0
25.2722301483154,0
28.7551593780518,0
31.8112373352051,0
33.4155387878418,0
32.7021598815918,0
30.0333709716797,0
26.584846496582,0
23.3335819244385,0
20.6056652069092,0
18.2492446899414,0
16.0754013061523,0
14.2640991210938,0
13.2183427810669,0
12.7520751953125,0
11.6602630615234,0
8.60931396484375,0
3.42893409729004,0
-2.80875897407532,0
-8.70702171325684,0
-13.0296964645386,0
-14.8176364898682,0
-14.2140350341797,0
-13.1289434432983,0
-13.748064994812,0
-15.9873991012573,0
-17.6402568817139,0
-17.5349826812744,0
-17.0755462646484,0
-17.6693325042725,0
-18.1839962005615,0
-16.7705574035645,0
-14.2258310317993,0
-13.2678480148315,0
-14.6516237258911,0
-16.2826366424561,0
-16.6414680480957,0
-16.8734092712402,0
-18.2624912261963,0
-19.4464340209961,0
-18.0909252166748,0
-14.4688701629639,0
-11.3396577835083,0
-10.2868242263794,0
-9.92239761352539,0
-8.29835033416748,0
-5.73840522766113,0
-4.19444561004639,0
-4.49847984313965,0
-5.49191093444824,0
-5.82057094573975,0
-5.46203851699829,0
-5.01249885559082,0
-4.38095951080322,0
-3.18846940994263,0
-2.04905200004578,0
-2.14919829368591,0
-3.25812411308289,0
-3.31793689727783,0
-0.811216831207275,0
3.31512498855591,0
7.13216018676758,0
10.4288988113403,0
14.4080867767334,0
18.87770652771,0
21.62672996521,0
21.3914546966553,0
20.0107383728027,0
20.3230361938477,0
22.7328968048096,0
25.2451000213623,0
26.47287940979,0
27.1272296905518,0
28.4878921508789,0
30.8202953338623,0
33.7985725402832,0
37.3072128295898,0
40.9286727905273,0
43.3362655639648,0
43.1885833740234,0
40.4895782470703,0
36.4864730834961,0
32.3976936340332,0
28.7233695983887,0
25.5452842712402,0
22.7962512969971,0
20.1313438415527,0
17.0641994476318,0
13.5670557022095,0
10.3770742416382,0
8.40586853027344,0
7.6952691078186,0
7.14076328277588,0
5.76333904266357,0
4.41851234436035,0
5.39325189590454,0
9.37631893157959,0
13.4926471710205,0
14.0063447952271,0
11.0010461807251,0
8.47529888153076,0
9.15746116638184,0
11.2857894897461,0
11.8849716186523,0
11.1102743148804,0
10.9073429107666,0
10.9247665405273,0
9.1489143371582,0
6.26525259017944,0
5.76427745819092,0
8.75478935241699,0
11.8269329071045,0
11.8188772201538,0
10.0970802307129,0
9.81139469146729,0
11.0312461853027,0
11.5240755081177,0
11.0254554748535,0
11.4300336837769,0
13.0603656768799,0
13.9798002243042,0
13.5601234436035,0
13.773006439209,0
15.61448097229,0
16.7559242248535,0
14.8332347869873,0
11.4542255401611,0
10.5839405059814,0
13.6331596374512,0
18.2442436218262,0
21.7152252197266,0
23.6112670898438,0
24.667501449585,0
24.8880100250244,0
23.6728382110596,0
20.8509273529053,0
16.8269100189209,0
12.3374185562134,0
8.49142932891846,0
6.25585031509399,0
5.35343599319458,0
4.41891050338745,0
2.84733200073242,0
1.71583437919617,0
2.12035870552063,0
3.37657833099365,0
3.93832540512085,0
3.57291626930237,0
3.36326241493225,0
3.70978999137878,0
3.61823201179504,0
2.23750066757202,0
0.0569538287818432,0
-1.95436120033264,0
-3.74727487564087,0
-6.22577428817749,0
-10.1789016723633,0
-15.3672170639038,0
-20.4039783477783,0
-23.651065826416,0
-24.7716579437256,0
-25.3269863128662,0
-27.1451873779297,0
-30.0271244049072,0
-31.7480049133301,0
-30.4677047729492,0
-26.5135135650635,0
-21.6851615905762,0
-17.4551849365234,0
-13.9171543121338,0
-9.78456974029541,0
-3.37841868400574,0
5.58259630203247,0
15.136402130127,0
22.8707828521729,0
28.4393100738525,0
33.143970489502,0
37.2415008544922,0
39.495475769043,0
39.7117309570312,0
39.5530204772949,0
39.763916015625,0
38.591724395752,0
34.5575180053711,0
29.0660781860352,0
24.3168830871582,0
20.0941619873047,0
14.8913764953613,0
9.00757598876953,0
3.89412140846252,0
-0.777078211307526,0
-6.48574829101562,0
-12.5881500244141,0
-16.6732368469238,0
-18.3906002044678,0
-19.8574485778809,0
-21.5443572998047,0
-20.9088249206543,0
-16.6080360412598,0
-11.2528295516968,0
-7.91670656204224,0
-6.25817728042603,0
-4.53741455078125,0
-3.50899934768677,0
-5.31797075271606,0
-9.6065673828125,0
-13.665678024292,0
-16.0337009429932,0
-17.2911491394043,0
-17.5062370300293,0
-15.696741104126,0
-12.2260866165161,0
-9.17127704620361,0
-7.47262573242188,0
-5.87244176864624,0
-3.5380117893219,0
-1.49325323104858,0
-0.157183408737183,0
2.39161682128906,0
7.81072759628296,0
14.7445878982544,0
20.657886505127,0
25.0617866516113,0
28.6940593719482,0
30.6879463195801,0
29.4545288085938,0
26.0615081787109,0
23.7304229736328,0
23.3588886260986,0
22.0631942749023,0
17.1812953948975,0
9.64042854309082,0
2.32360148429871,0
-2.80840802192688,0
-4.7093653678894,0
-2.67876410484314,0
2.09519529342651,0
6.15522956848145,0
7.38494443893433,0
7.87609052658081,0
10.8167734146118,0
15.5791234970093,0
18.7541313171387,0
19.496675491333,0
20.5536842346191,0
23.6351108551025,0
26.9548244476318,0
28.5339164733887,0
29.2000923156738,0
30.6197109222412,0
32.5602416992188,0
34.0682678222656,0
35.6683044433594,0
38.322151184082,0
41.4133796691895,0
43.686695098877,0
45.1485748291016,0
46.1464996337891,0
45.5975341796875,0
42.3540344238281,0
37.7183570861816,0
34.3370933532715,0
32.7947463989258,0
31.3867168426514,0
29.2312679290771,0
27.5626182556152,0
27.7422103881836,0
29.8361930847168,0
33.3206787109375,0
37.2580375671387,0
39.5213317871094,0
37.9943962097168,0
33.2644462585449,0
28.2912063598633,0
24.7415924072266,0
21.5282039642334,0
17.5865478515625,0
13.7299089431763,0
10.5039434432983,0
6.6022891998291,0
1.40389835834503,0
-2.88159275054932,0
-4.04895639419556,0
-3.48412036895752,0
-4.30380821228027,0
-6.87377691268921,0
-9.05016899108887,0
-10.4959011077881,0
-13.5688381195068,0
-19.1637706756592,0
-24.3910160064697,0
-26.0146789550781,0
-24.4504909515381,0
-22.5430030822754,0
-21.4416370391846,0
-19.7338829040527,0
-16.5874767303467,0
-13.8835515975952,0
-14.154167175293,0
-17.1318187713623,0
-19.5847358703613,0
-18.814884185791,0
-15.5422201156616,0
-12.7786197662354,0
-12.3537006378174,0
-13.300178527832,0
-13.429238319397,0
-11.7073640823364,0
-9.15092468261719,0
-8.11475658416748,0
-10.5869407653809,0
-16.3244876861572,0
-22.7088108062744,0
-27.2927761077881,0
-30.3159236907959,0
-33.6690559387207,0
-37.7417182922363,0
-40.9170761108398,0
-42.136344909668,0
-41.9972305297852,0
-40.9602699279785,0
-38.6660118103027,0
-35.8481140136719,0
-34.5360641479492,0
-34.8725891113281,0
-34.0031051635742,0
-30.1675148010254,0
-25.7361106872559,0
-23.4070510864258,0
-21.2078533172607,0
-15.0353927612305,0
-5.50619649887085,0
1.79425323009491,0
3.55489158630371,0
2.59434914588928,0
2.99179220199585,0
4.58397006988525,0
4.72091913223267,0
3.14988970756531,0
2.10812664031982,0
2.58531141281128,0
3.29740905761719,0
3.24694752693176,0
3.01273608207703,0
3.0774621963501,0
2.57264065742493,0
0.453260034322739,0
-2.9250922203064,0
-5.88315534591675,0
-6.77360916137695,0
-5.46157169342041,0
-3.86402654647827,0
-4.41456365585327,0
-7.2939567565918,0
-9.99860000610352,0
-10.6675825119019,0
-10.7610654830933,0
-12.7314968109131,0
-15.9668207168579,0
-17.551326751709,0
-16.8764915466309,0
-16.6245079040527,0
-18.3698902130127,0
-19.9061756134033,0
-18.6188735961914,0
-15.4478254318237,0
-13.3830680847168,0
-13.3638286590576,0
-13.8375177383423,0
-13.6188497543335,0
-13.0970773696899,0
-12.8391513824463,0
-12.7867393493652,0
-13.0078363418579,0
-13.9847450256348,0
-15.9235439300537,0
-18.4482536315918,0
-20.7841148376465,0
-21.7700214385986,0
-20.476131439209,0
-17.6358032226562,0
-15.4751310348511,0
-14.9389295578003,0
-14.1633434295654,0
-11.2985935211182,0
-7.7559289932251,0
-6.42424631118774,0
-7.37845087051392,0
-8.10859680175781,0
-7.94753265380859,0
-9.18776798248291,0
-12.956262588501,0
-17.0531139373779,0
-19.7858238220215,0
-23.3862228393555,0
-30.7464466094971,0
-40.1487197875977,0
-46.3299598693848,0
-46.5661582946777,0
-43.1387557983398,0
-39.6281776428223,0
-37.2291870117188,0
-35.3505210876465,0
-33.4359588623047,0
-30.7837982177734,0
-26.3935375213623,0
-20.7604293823242,0
-16.5920696258545,0
-15.9215078353882,0
-17.3581371307373,0
-18.003101348877,0
-17.2887897491455,0
-16.7013626098633,0
-16.1927394866943,0
-13.7648105621338,0
-9.20308113098145,0
-5.36560821533203,0
-4.13368082046509,0
-3.38972568511963,0
-0.311252295970917,0
4.03513050079346,0
6.25351762771606,0
5.90113925933838,0
5.99993848800659,0
8.05663967132568,0
9.69387340545654,0
8.57622623443604,0
6.21171522140503,0
5.75727033615112,0
7.60688352584839,0
9.5192346572876,0
10.4021310806274,0
11.562891960144,0
14.0770282745361,0
17.0506496429443,0
19.3099250793457,0
21.1870079040527,0
23.4017734527588,0
25.2635345458984,0
25.4382667541504,0
23.9367847442627,0
21.8232803344727,0
19.1145763397217,0
14.6630716323853,0
8.63807010650635,0
3.59351897239685,0
1.91907274723053,0
3.19595551490784,0
5.32057571411133,0
7.42341756820679,0
10.0280179977417,0
12.7361373901367,0
13.7937812805176,0
12.3912620544434,0
9.69550895690918,0
6.88793039321899,0
3.79485082626343,0
0.523597717285156,0
-1.15367710590363,0
0.140007883310318,0
2.78988909721375,0
3.52083373069763,0
1.08259797096252,0
-2.96202254295349,0
-6.95409202575684,0
-10.8562602996826,0
-14.8224716186523,0
-17.6068363189697,0
-17.5049953460693,0
-14.3460311889648,0
-9.86805152893066,0
-6.32084989547729,0
-4.9111852645874,0
-5.24120759963989,0
-5.90755844116211,0
-5.61939859390259,0
-3.77168583869934,0
-0.327111572027206,0
3.96374320983887,0
7.06505584716797,0
6.70638179779053,0
2.96808314323425,0
-1.13183653354645,0
-2.90071105957031,0
-3.02890872955322,0
-3.96486663818359,0
-6.12461280822754,0
-7.7702784538269,0
-8.20271778106689,0
-8.5369348526001,0
-8.91332244873047,0
-7.44158697128296,0
-3.17565488815308,0
1.76279366016388,0
4.69455575942993,0
5.84437894821167,0
7.66032361984253,0
11.3132543563843,0
15.4072160720825,0
18.1321640014648,0
19.5673389434814,0
21.3988513946533,0
24.6622734069824,0
28.1466960906982,0
29.5178260803223,0
28.2406940460205,0
26.5411701202393,0
26.5121440887451,0
27.145881652832,0
26.0413589477539,0
23.6362934112549,0
23.2565174102783,0
26.3868846893311,0
30.3313064575195,0
31.9176273345947,0
31.4396724700928,0
31.1095333099365,0
31.420991897583,0
31.4626445770264,0
31.5920963287354,0
32.9066162109375,0
34.3632736206055,0
33.2770690917969,0
29.2567291259766,0
25.3016452789307,0
24.0099239349365,0
24.6234760284424,0
25.0247058868408,0
24.9128723144531,0
25.312032699585,0
26.1420211791992,0
26.2731151580811,0
25.5627746582031,0
25.0616817474365,0
25.171407699585,0
25.0702705383301,0
24.196081161499,0
23.0270538330078,0
22.0187225341797,0
20.8665332794189,0
19.2800025939941,0
17.5212440490723,0
15.7089853286743,0
13.5680084228516,0
11.4473171234131,0
10.5483112335205,0
11.2367343902588,0
11.9883346557617,0
11.2486686706543,0
9.99781799316406,0
11.2581214904785,0
16.7705821990967,0
24.6666564941406,0
30.6291923522949,0
31.4479064941406,0
27.9208793640137,0
24.328161239624,0
24.2729721069336,0
26.8417263031006,0
27.8973274230957,0
25.4120864868164,0
21.8471164703369,0
20.288537979126,0
20.1368923187256,0
18.6161842346191,0
15.1231212615967,0
11.4060039520264,0
8.09248352050781,0
4.01997661590576,0
-0.75873327255249,0
-4.13629627227783,0
-5.048996925354,0
-5.05161619186401,0
-5.55017328262329,0
-5.46655321121216,0
-3.14502644538879,0
1.02942442893982,0
5.43373394012451,0
9.22514247894287,0
12.0182514190674,0
12.9245882034302,0
11.7998895645142,0
10.4132804870605,0
10.2885618209839,0
10.0148859024048,0
6.91659832000732,0
1.26232123374939,0
-3.34935140609741,0
-4.12567710876465,0
-1.65352845191956,0
2.18216276168823,0
6.71558380126953,0
11.6018629074097,0
15.2048616409302,0
16.1333751678467,0
15.7433776855469,0
16.8304252624512,0
19.5964069366455,0
20.9775695800781,0
18.8777961730957,0
15.2242078781128,0
13.1702470779419,0
12.6519212722778,0
11.1207122802734,0
8.13980197906494,0
6.31164932250977,0
6.89258480072021,0
7.26183128356934,0
4.73941135406494,0
1.03384876251221,0
0.266446322202682,0
3.30672216415405,0
6.56716775894165,0
6.51541042327881,0
3.45701479911804,0
0.589814484119415,0
0.9263995885849,0
5.37450456619263,0
12.2171926498413,0
18.0073871612549,0
20.371696472168,0
20.4136791229248,0
21.0976390838623,0
23.0031719207764,0
23.3632564544678,0
20.0316581726074,0
14.7006597518921,0
10.8712997436523,0
9.91343307495117,0
10.7328548431396,0
12.4141263961792,0
15.0880613327026,0
18.1135272979736,0
19.3996391296387,0
17.7146492004395,0
14.6350040435791,0
12.7165384292603,0
11.9757385253906,0
9.8200511932373,0
5.09243583679199,0
0.627296626567841,0
0.0930654779076576,0
3.03878855705261,0
5.21306991577148,0
3.83769083023071,0
0.29151576757431,0
-3.07174777984619,0
-6.18998908996582,0
-9.61618518829346,0
-11.7231845855713,0
-10.3373985290527,0
-6.30740165710449,0
-2.93820953369141,0
-2.11415314674377,0
-3.03635787963867,0
-4.51871967315674,0
-6.30158281326294,0
-7.94272089004517,0
-8.46975803375244,0
-7.64674615859985,0
-6.07947158813477,0
-3.90071201324463,0
-0.947105050086975,0
1.73151051998138,0
2.48001003265381,0
1.47842347621918,0
0.596079587936401,0
0.295516103506088,0
-1.14917063713074,0
-4.32690668106079,0
-6.71645450592041,0
-5.80010175704956,0
-2.73608469963074,0
-0.968602418899536,0
-1.83141601085663,0
-3.22618794441223,0
-2.47119617462158,0
0.871641218662262,0
5.06916475296021,0
8.19318294525146,0
9.89844036102295,0
11.7009716033936,0
15.3815670013428,0
20.8568572998047,0
26.0790996551514,0
29.3635787963867,0
31.0754432678223,0
32.3457450866699,0
32.8997917175293,0
31.3744945526123,0
27.5801029205322,0
23.2118148803711,0
19.9857025146484,0
17.9901371002197,0
16.5097465515137,0
15.8564386367798,0
17.3417434692383,0
21.2600727081299,0
25.7565231323242,0
28.5228385925293,0
29.3396816253662,0
29.9009895324707,0
30.9211578369141,0
30.6255035400391,0
26.9928779602051,0
20.5407829284668,0
13.5923318862915,0
7.51142597198486,0
2.41239261627197,0
-0.791447460651398,0
-0.475533992052078,0
2.87236332893372,0
6.1228404045105,0
7.24941396713257,0
7.89615201950073,0
10.3796358108521,0
13.5198736190796,0
13.8973970413208,0
10.7068176269531,0
6.80992126464844,0
4.72082567214966,0
3.89388155937195,0
2.89048862457275,0
2.22482204437256,0
3.45514607429504,0
6.53101634979248,0
9.62701511383057,0
11.2926139831543,0
11.715238571167,0
12.0547695159912,0
13.3282432556152,0
15.8051681518555,0
18.8474407196045,0
21.3831462860107,0
22.9559574127197,0
24.2523784637451,0
26.3793487548828,0
29.7435626983643,0
33.6365165710449,0
36.626953125,0
37.5931167602539,0
37.0723915100098,0
37.3737373352051,0
40.1872825622559,0
44.0123176574707,0
45.4878425598145,0
43.8728446960449,0
42.5427856445312,0
44.7502555847168,0
49.2479972839355,0
51.8244438171387,0
50.2206840515137,0
45.572940826416,0
39.6835861206055,0
33.3903923034668,0
27.8569030761719,0
24.8965091705322,0
24.6174812316895,0
24.3999519348145,0
21.9237213134766,0
18.385570526123,0
17.1316413879395,0
19.4587993621826,0
23.2758598327637,0
26.0322952270508,0
27.6318702697754,0
29.8475017547607,0
33.7742385864258,0
38.6968650817871,0
42.9915542602539,0
45.3208389282227,0
45.2549591064453,0
43.7818260192871,0
43.3388214111328,0
46.1964340209961,0
52.0159111022949,0
57.6790809631348,0
60.4779052734375,0
61.059684753418,0
62.1075706481934,0
64.2825469970703,0
64.9533538818359,0
61.5792846679688,0
55.1787567138672,0
49.2401962280273,0
45.7125205993652,0
43.4207649230957,0
40.5484046936035,0
37.3284606933594,0
35.2937126159668,0
34.5256805419922,0
33.0506324768066,0
29.3181095123291,0
24.2672710418701,0
20.1259517669678,0
17.840311050415,0
16.8938026428223,0
17.4071006774902,0
20.7532329559326,0
27.3396053314209,0
35.0376777648926,0
41.1589241027832,0
45.4716300964355,0
49.9655723571777,0
55.7918281555176,0
61.751522064209,0
66.0575103759766,0
68.3407287597656,0
69.1524353027344,0
68.3733444213867,0
65.3460311889648,0
60.5233535766602,0
55.8993339538574,0
53.1267738342285,0
51.621711730957,0
49.3800468444824,0
45.8018531799316,0
42.8068466186523,0
42.3621673583984,0
43.5442695617676,0
43.4989547729492,0
41.4127388000488,0
39.8442878723145,0
41.1039123535156,0
43.7136993408203,0
44.2212066650391,0
41.7937507629395,0
38.8886947631836,0
37.3917198181152,0
36.4445991516113,0
35.0467643737793,0
34.6594848632812,0
37.1711082458496,0
41.3267288208008,0
43.4828948974609,0
41.9624366760254,0
38.862377166748,0
37.0816917419434,0
37.022289276123,0
36.9770431518555,0
35.5732498168945,0
32.7368087768555,0
28.9803562164307,0
24.9755783081055,0
21.624195098877,0
19.468729019165,0
17.9063549041748,0
15.8614416122437,0
13.5086288452148,0
12.4634380340576,0
13.6122179031372,0
15.3886852264404,0
15.2461595535278,0
12.7631435394287,0
10.2594709396362,0
10.0494937896729,0
12.1205396652222,0
15.1823358535767,0
18.8748264312744,0
23.4749889373779,0
27.9755840301514,0
30.3412342071533,0
29.9968662261963,0
28.5104198455811,0
27.2400646209717,0
25.7758178710938,0
23.5071105957031,0
21.2092361450195,0
19.7913570404053,0
18.6874046325684,0
16.9877338409424,0
15.1935272216797,0
14.1558799743652,0
12.9654750823975,0
9.76710987091064,0
4.47679376602173,0
-0.907195866107941,0
-4.56414651870728,0
-5.94525098800659,0
-4.88667917251587,0
-1.44935297966003,0
3.19729423522949,0
7.41680335998535,0
11.0084476470947,0
15.031795501709,0
19.5091819763184,0
23.0075931549072,0
25.0512599945068,0
27.1864337921143,0
30.6205730438232,0
34.2790336608887,0
36.5373992919922,0
37.7965240478516,0
39.8204917907715,0
43.0852813720703,0
46.2239646911621,0
47.9953842163086,0
48.6682014465332,0
49.3447227478027,0
50.7714691162109,0
53.0273361206055,0
55.721549987793,0
58.1032104492188,0
59.2201843261719,0
58.2773246765137,0
55.0270729064941,0
50.0563201904297,0
44.7022705078125,0
40.2200698852539,0
36.7142181396484,0
33.2961311340332,0
29.7528266906738,0
27.5924243927002,0
28.5138854980469,0
31.8155040740967,0
34.2805023193359,0
33.1762733459473,0
28.8098335266113,0
23.5869579315186,0
19.1437168121338,0
15.3051156997681,0
11.5284690856934,0
8.056227684021,0
5.19853496551514,0
2.50564861297607,0
-0.428907185792923,0
-2.81129217147827,0
-3.20877051353455,0
-1.19736754894257,0
2.19460082054138,0
5.57254314422607,0
8.01044178009033,0
8.91826152801514,0
8.09048366546631,0
6.27328777313232,0
4.85455751419067,0
4.36043262481689,0
3.85825872421265,0
2.47331428527832,0
0.771074175834656,0
-0.341575413942337,0
-1.38917207717896,0
-3.46886897087097,0
-5.90357398986816,0
-6.69720077514648,0
-5.71432304382324,0
-5.37800073623657,0
-7.23294734954834,0
-9.79202938079834,0
-11.1522207260132,0
-11.4982872009277,0
-10.8591556549072,0
-6.89416456222534,0
1.32902574539185,0
8.98276233673096,0
9.87112712860107,0
5.13235187530518,0
2.27700281143188,0
4.22114515304565,0
4.80971717834473,0
-1.61748647689819,0
-11.3174676895142,0
-16.8254108428955,0
-17.928466796875,0
-20.855640411377,0
-28.3402843475342,0
-36.963737487793,0
-44.2482795715332,0
-51.8971977233887,0
-60.321891784668,0
-65.8182830810547,0
-66.4646072387695,0
-66.2976837158203,0
-69.5331192016602,0
-73.9195861816406,0
-74.4059066772461,0
-71.2301483154297,0
-69.2896728515625,0
-70.2118530273438,0
-70.2153701782227,0
-66.6881103515625,0
-62.2274322509766,0
-60.0063095092773,0
-58.9794311523438,0
-56.8450126647949,0
-54.8495445251465,0
-55.5417442321777,0
-57.2604675292969,0
-55.3918838500977,0
-49.2243881225586,0
-43.4069786071777,0
-41.3676605224609,0
-40.8922004699707,0
-38.3176727294922,0
-34.1357460021973,0
-31.6131000518799,0
-31.8491497039795,0
-33.189525604248,0
-34.3709526062012,0
-35.4876823425293,0
-36.6040420532227,0
-37.9439582824707,0
-40.7920837402344,0
-45.6750869750977,0
-50.2612686157227,0
-51.7659683227539,0
-50.9071655273438,0
-50.3835220336914,0
-49.6791687011719,0
-45.1063690185547,0
-35.8070793151855,0
-26.110502243042,0
-20.2049922943115,0
-17.4328136444092,0
-14.8960161209106,0
-11.9609174728394,0
-9.42706775665283,0
-6.32064819335938,0
-0.868285715579987,0
6.1597752571106,0
12.0502090454102,0
15.9180545806885,0
19.334400177002,0
23.0818328857422,0
25.7867488861084,0
26.5441379547119,0
26.8117733001709,0
28.4172840118408,0
31.1127586364746,0
33.4988746643066,0
35.3800811767578,0
37.6300277709961,0
40.1564445495605,0
41.5984344482422,0
41.2347793579102,0
39.8849487304688,0
38.3433036804199,0
35.8977012634277,0
31.2474136352539,0
24.4082527160645,0
17.0255947113037,0
11.119797706604,0
7.9568657875061,0
7.53356504440308,0
8.41620349884033,0
8.60390949249268,0
7.49513149261475,0
6.71386480331421,0
8.17888641357422,0
11.7886352539062,0
15.9362916946411,0
19.6627235412598,0
22.9041709899902,0
25.1095771789551,0
25.4589138031006,0
24.516674041748,0
23.9743728637695,0
24.5455493927002,0
25.6738471984863,0
27.2677040100098,0
29.6563091278076,0
31.6389675140381,0
31.0857009887695,0
28.2239379882812,0
25.7203979492188,0
24.3508739471436,0
21.5229415893555,0
16.1236457824707,0
11.9487152099609,0
13.1244802474976,0
18.0650043487549,0
21.5936489105225,0
22.02126121521,0
22.4285297393799,0
25.2392597198486,0
29.2405776977539,0
32.5733032226562,0
35.403751373291,0
38.4231262207031,0
41.231071472168,0
43.4618530273438,0
45.5112113952637,0
47.2075157165527,0
47.7331733703613,0
47.5852432250977,0
48.3296012878418,0
49.5760650634766,0
48.8631324768066,0
45.8078842163086,0
43.4210243225098,0
43.3403816223145,0
42.7138824462891,0
38.5032386779785,0
32.0664100646973,0
26.0182342529297,0
19.217794418335,0
9.5353307723999,0
-0.268989741802216,0
-5.22553634643555,0
-6.40896511077881,0
-10.3687543869019,0
-19.0235862731934,0
-26.1918792724609,0
-27.1112174987793,0
-25.8303031921387,0
-28.4931564331055,0
-33.6039237976074,0
-34.9064521789551,0
-31.4799404144287,0
-28.6068305969238,0
-29.1863021850586,0
-30.3720550537109,0
-29.7833709716797,0
-29.7267074584961,0
-32.8580932617188,0
-37.6412467956543,0
-41.0541763305664,0
-43.0816688537598,0
-45.559627532959,0
-48.3422775268555,0
-49.4669456481934,0
-48.2294807434082,0
-45.7394218444824,0
-42.934627532959,0
-40.1072120666504,0
-38.1241683959961,0
-38.0069274902344,0
-38.8432006835938,0
-37.760555267334,0
-32.9613838195801,0
-25.8841857910156,0
-19.2971839904785,0
-13.7352275848389,0
-7.25163173675537,0
0.908045887947083,0
7.86606454849243,0
9.98964595794678,0
7.72099113464355,0
5.49639129638672,0
6.44570684432983,0
9.21670436859131,0
11.0359964370728,0
11.5764074325562,0
11.645336151123,0
10.0221643447876,0
5.000732421875,0
-1.51362216472626,0
-5.03612565994263,0
-4.32863712310791,0
-3.15814661979675,0
-4.87096071243286,0
-7.77657556533813,0
-7.94199562072754,0
-4.779296875,0
-1.51674211025238,0
-0.942184209823608,0
-2.73415350914001,0
-4.79670381546021,0
-5.61192941665649,0
-5.13850116729736,0
-4.50529670715332,0
-5.01428127288818,0
-6.76325130462646,0
-8.25598239898682,0
-7.91370153427124,0
-5.84824323654175,0
-3.67016386985779,0
-2.72828388214111,0
-2.87499618530273,0
-2.5399227142334,0
0.427658468484879,0
7.34694862365723,0
17.1515827178955,0
26.315860748291,0
31.1034679412842,0
30.2162666320801,0
25.3104820251465,0
19.4574279785156,0
15.369930267334,0
14.155969619751,0
14.6266250610352,0
14.1630163192749,0
11.5252828598022,0
8.92581081390381,0
10.2157869338989,0
16.6141872406006,0
25.0820274353027,0
31.317756652832,0
33.4297332763672,0
32.0496406555176,0
28.061372756958,0
21.9729537963867,0
15.3457231521606,0
10.7973356246948,0
9.38063430786133,0
9.08835220336914,0
7.48504066467285,0
5.2143611907959,0
5.0378155708313,0
7.48771381378174,0
9.82361030578613,0
10.199800491333,0
10.395435333252,0
12.2780485153198,0
13.6575584411621,0
11.1784648895264,0
6.53672552108765,0
5.5334415435791,0
9.89205360412598,0
13.9236335754395,0
11.7927780151367,0
5.18678045272827,0
0.706426024436951,0
1.82113313674927,0
6.91619873046875,0
13.6228551864624,0
20.5924987792969,0
25.2000408172607,0
24.2149429321289,0
18.4436740875244,0
13.3126821517944,0
12.7158727645874,0
14.7023439407349,0
15.1784105300903,0
13.5304307937622,0
12.1683158874512,0
12.3082304000854,0
12.9625272750854,0
13.2109384536743,0
13.1332359313965,0
13.0569877624512,0
13.7165145874023,0
16.252628326416,0
20.0662002563477,0
21.8363971710205,0
19.3303413391113,0
15.3449554443359,0
14.6237440109253,0
17.0421733856201,0
17.5065422058105,0
13.4033546447754,0
8.4113941192627,0
6.9095401763916,0
7.80090665817261,0
6.97189950942993,0
3.79100322723389,0
1.50136125087738,0
1.79998385906219,0
2.51433062553406,0
1.37219369411469,0
-0.434784024953842,0
0.278640657663345,0
5.10234498977661,0
12.9610261917114,0
21.5464630126953,0
28.6281986236572,0
32.469181060791,0
32.2705154418945,0
28.8069458007812,0
24.3418159484863,0
21.2778625488281,0
20.3306064605713,0
19.9661483764648,0
18.0134429931641,0
13.9171619415283,0
9.07539844512939,0
5.14856576919556,0
2.85655426979065,0
2.44612193107605,0
4.05072641372681,0
6.86732244491577,0
9.0883264541626,0
9.8881368637085,0
10.9668874740601,0
14.9725227355957,0
22.5370464324951,0
31.6412544250488,0
39.5840835571289,0
44.8193473815918,0
47.3888511657715,0
48.6904563903809,0
50.5535202026367,0
53.3070526123047,0
54.7600364685059,0
52.278003692627,0
46.0710830688477,0
39.3957595825195,0
35.3080825805664,0
34.2463111877441,0
34.9019393920898,0
35.9524116516113,0
36.23095703125,0
34.6670379638672,0
31.3970737457275,0
27.9892292022705,0
25.219087600708,0
21.606746673584,0
16.0701332092285,0
11.3070459365845,0
11.6264190673828,0
16.6439647674561,0
19.9002418518066,0
15.9952669143677,0
7.57852649688721,0
2.65249919891357,0
5.47183084487915,0
12.6881008148193,0
18.6040782928467,0
21.3984508514404,0
22.7694797515869,0
23.7171020507812,0
23.3278865814209,0
21.2692852020264,0
19.2733688354492,0
19.4658870697021,0
22.2173767089844,0
26.1281147003174,0
29.5257396697998,0
31.5899257659912,0
32.4171829223633,0
32.477108001709,0
32.1076507568359,0
31.4227600097656,0
30.4831371307373,0
29.3371524810791,0
27.9982147216797,0
26.6508255004883,0
25.7182674407959,0
25.3255939483643,0
24.9115562438965,0
23.9948692321777,0
23.1647758483887,0
23.4669036865234,0
24.7469749450684,0
25.43776512146,0
24.1135730743408,0
20.4722270965576,0
14.8923139572144,0
8.28821086883545,0
2.58588361740112,0
-0.199606731534004,0
-0.0875570327043533,0
0.909150779247284,0
1.57778096199036,0
2.75659680366516,0
4.92212009429932,0
6.39323711395264,0
5.65729141235352,0
3.98476791381836,0
3.49307703971863,0
3.56238865852356,0
1.68487179279327,0
-2.43670344352722,0
-6.12390899658203,0
-7.27929830551147,0
-6.45777368545532,0
-4.85445880889893,0
-2.40784072875977,0
0.970196127891541,0
3.90986442565918,0
4.71101188659668,0
3.14595341682434,0
0.357224494218826,0
-2.15633749961853,0
-2.8772714138031,0
-0.855424106121063,0
2.90018773078918,0
5.40790128707886,0
4.35845994949341,0
0.657694220542908,0
-2.39162397384644,0
-2.39258289337158,0
0.00895274709910154,0
2.10134720802307,0
1.95197224617004,0
0.297691881656647,0
-0.558267295360565,0
0.181796655058861,0
0.605708539485931,0
-1.31415712833405,0
-4.80559587478638,0
-7.36818552017212,0
-8.10369300842285,0
-8.08366107940674,0
-7.6906566619873,0
-5.97131490707397,0
-3.08633160591125,0
-1.04249691963196,0
-0.929607450962067,0
-1.47887861728668,0
-1.62588667869568,0
-2.45634770393372,0
-4.88356161117554,0
-7.24691200256348,0
-7.47184085845947,0
-6.33208322525024,0
-6.17840242385864,0
-7.30450868606567,0
-8.10482406616211,0
-8.36471080780029,0
-9.55998992919922,0
-11.4615964889526,0
-11.0478944778442,0
-6.20083999633789,0
1.0385867357254,0
6.31471490859985,0
7.29630279541016,0
5.17488861083984,0
2.48150515556335,0
0.567079424858093,0
-0.782468974590302,0
-2.16552567481995,0
-3.64903140068054,0
-4.95096111297607,0
-5.96439599990845,0
-6.61005353927612,0
-6.46792554855347,0
-5.41768455505371,0
-4.72399997711182,0
-6.44010400772095,0
-11.165979385376,0
-17.1800575256348,0
-22.3441200256348,0
-26.0462532043457,0
-28.7120418548584,0
-30.5069637298584,0
-31.464017868042,0
-31.8686141967773,0
-31.4402465820312,0
-29.2505416870117,0
-25.7766456604004,0
-23.7606563568115,0
-25.1554431915283,0
-28.2956600189209,0
-30.3283729553223,0
-31.4060688018799,0
-33.5305366516113,0
-35.9013214111328,0
-35.2429046630859,0
-31.2237205505371,0
-27.4542293548584,0
-25.4258460998535,0
-21.4803104400635,0
-12.8738374710083,0
-3.57818198204041,0
0.17879144847393,0
-1.70900201797485,0
-3.72715187072754,0
-2.76193857192993,0
-1.07645750045776,0
-1.12318897247314,0
-1.98385620117188,0
-2.47732043266296,0
-3.91108870506287,0
-7.3318829536438,0
-10.8392734527588,0
-12.0993394851685,0
-11.346170425415,0
-9.57088756561279,0
-5.92987012863159,0
0.208398446440697,0
6.41295671463013,0
9.69849967956543,0
10.881329536438,0
13.0839872360229,0
16.368688583374,0
17.394250869751,0
14.7184009552002,0
10.9575643539429,0
8.51121044158936,0
6.23555135726929,0
2.2684953212738,0
-2.26926708221436,0
-4.77167415618896,0
-4.77065181732178,0
-3.68213486671448,0
-1.95551574230194,0
0.982972323894501,0
4.13800001144409,0
4.70003271102905,0
1.23415148258209,0
-4.27001047134399,0
-8.50085926055908,0
-10.3505916595459,0
-11.6087055206299,0
-14.4279146194458,0
-18.8342533111572,0
-23.0122127532959,0
-25.5235233306885,0
-26.3529529571533,0
-25.7120723724365,0
-23.185791015625,0
-19.1723804473877,0
-15.9801197052002,0
-15.3832483291626,0
-15.3997325897217,0
-11.9123754501343,0
-4.01714563369751,0
4.4968581199646,0
9.95342826843262,0
12.8465089797974,0
15.6419105529785,0
18.6760368347168,0
20.4646434783936,0
20.6711654663086,0
20.3883666992188,0
20.2292575836182,0
20.1928558349609,0
20.7828121185303,0
22.3124904632568,0
23.6915550231934,0
23.8120155334473,0
23.5490570068359,0
24.4713363647461,0
26.2619438171387,0
27.5132999420166,0
28.2328948974609,0
28.8881397247314,0
27.5234317779541,0
21.1547012329102,0
10.5731191635132,0
0.842313826084137,0
-4.12704992294312,0
-5.41937685012817,0
-6.81469202041626,0
-10.7902069091797,0
-17.5090198516846,0
-25.4406585693359,0
-31.8073501586914,0
-34.3249206542969,0
-33.6706466674805,0
-32.7492828369141,0
-32.9272651672363,0
-32.8063125610352,0
-31.1218605041504,0
-28.4840030670166,0
-25.5274772644043,0
-21.9489631652832,0
-18.4380970001221,0
-16.8214263916016,0
-16.8882999420166,0
-15.8543882369995,0
-12.5852928161621,0
-9.28678417205811,0
-6.9454197883606,0
-2.65393114089966,0
5.1474175453186,0
11.8643436431885,0
11.7917394638062,0
6.33088731765747,0
2.49384450912476,0
3.753009557724,0
6.78936100006104,0
7.54497957229614,0
6.26719045639038,0
5.35476493835449,0
5.71477031707764,0
7.08687973022461,0
9.4900541305542,0
12.4166297912598,0
14.1091642379761,0
13.2158002853394,0
10.3811016082764,0
7.38147258758545,0
5.39476013183594,0
4.45639562606812,0
3.7912757396698,0
2.52536082267761,0
0.818136632442474,0
0.065766416490078,0
1.08202588558197,0
2.60779094696045,0
2.87606644630432,0
2.14027166366577,0
2.25263071060181,0
4.27480220794678,0
7.99194860458374,0
13.0945720672607,0
19.0683708190918,0
24.6085796356201,0
29.1222019195557,0
34.0117568969727,0
40.1121101379395,0
44.7783889770508,0
44.741886138916,0
41.5171966552734,0
40.1907653808594,0
42.3071365356445,0
43.9683456420898,0
42.5213279724121,0
41.1096496582031,0
43.6762161254883,0
48.5576438903809,0
50.7821960449219,0
48.8739624023438,0
45.5113372802734,0
42.3450508117676,0
38.135669708252,0
32.2904624938965,0
26.6788749694824,0
22.6848163604736,0
19.1184864044189,0
14.5745506286621,0
9.79408264160156,0
6.07943773269653,0
3.15889286994934,0
0.478067010641098,0
-0.968198239803314,0
-0.418212085962296,0
0.180502653121948,0
-1.73393642902374,0
-5.2303261756897,0
-6.98818397521973,0
-6.83125782012939,0
-8.72061347961426,0
-14.6094264984131,0
-20.3505001068115,0
-20.4909763336182,0
-15.1928539276123,0
-9.40036010742188,0
-6.46992444992065,0
-5.90183115005493,0
-6.65854358673096,0
-8.99234390258789,0
-12.3832311630249,0
-14.7354316711426,0
-14.8162298202515,0
-13.368311882019,0
-11.0427665710449,0
-7.42298078536987,0
-2.91284227371216,0
0.692630350589752,0
2.66251730918884,0
4.33903646469116,0
6.569016456604,0
8.13882637023926,0
8.01690292358398,0
7.11360359191895,0
6.26318168640137,0
4.3524489402771,0
0.31700336933136,0
-4.50498533248901,0
-7.89922904968262,0
-9.48417282104492,0
-10.2017259597778,0
-10.2715539932251,0
-9.45421981811523,0
-8.38144302368164,0
-7.7602367401123,0
-6.88259553909302,0
-4.58973598480225,0
-1.24572741985321,0
1.70064461231232,0
3.70622611045837,0
5.42787504196167,0
7.42900514602661,0
9.64517784118652,0
11.7295570373535,0
13.2317152023315,0
14.1860818862915,0
16.0378112792969,0
20.5665302276611,0
26.9202480316162,0
31.3846130371094,0
31.6228103637695,0
29.6024265289307,0
28.5299339294434,0
28.5320415496826,0
27.7607536315918,0
26.2810096740723,0
25.6223487854004,0
25.0573215484619,0
21.825719833374,0
15.5843467712402,0
9.64978313446045,0
6.7449517250061,0
5.91368675231934,0
4.86230325698853,0
3.18338418006897,0
1.65377962589264,0
-0.00817906949669123,0
-2.84715294837952,0
-6.98927450180054,0
-11.6575984954834,0
-16.2793617248535,0
-20.5557594299316,0
-24.0608158111572,0
-26.7185764312744,0
-29.1367702484131,0
-31.6714115142822,0
-33.7264022827148,0
-34.6881637573242,0
-34.862419128418,0
-34.6207008361816,0
-33.2230110168457,0
-29.5220184326172,0
-23.6359100341797,0
-17.1889572143555,0
-12.0014972686768,0
-8.91393852233887,0
-7.53865766525269,0
-6.78693723678589,0
-5.9854211807251,0
-5.56228876113892,0
-5.94038724899292,0
-5.84473133087158,0
-3.22438526153564,0
1.50626564025879,0
4.80150556564331,0
3.96398162841797,0
0.586100995540619,0
-1.61533689498901,0
-1.43601214885712,0
-0.77343624830246,0
-1.29154741764069,0
-2.73572540283203,0
-4.48369979858398,0
-6.56393718719482,0
-8.62395572662354,0
-9.69138145446777,0
-9.71152305603027,0
-9.9879150390625,0
-11.4779634475708,0
-13.750617980957,0
-15.9468231201172,0
-17.5040054321289,0
-17.6578960418701,0
-15.7259874343872,0
-12.4091796875,0
-9.450270652771,0
-7.55191946029663,0
-6.01366424560547,0
-4.6274881362915,0
-4.03385448455811,0
-3.78439259529114,0
-2.38790845870972,0
-0.158873289823532,0
0.590047895908356,0
-0.386017769575119,0
0.109557636082172,0
3.72808718681335,0
7.0318169593811,0
6.25554990768433,0
3.33580565452576,0
3.00926780700684,0
5.35062217712402,0
6.13498210906982,0
4.46043491363525,0
4.76714420318604,0
9.79972839355469,0
16.147855758667,0
19.3516635894775,0
19.8327293395996,0
20.6474323272705,0
22.0932350158691,0
22.1327724456787,0
20.7130584716797,0
20.3308486938477,0
22.5945281982422,0
26.3345546722412,0
28.7418403625488,0
27.0702781677246,0
20.3980731964111,0
11.2856464385986,0
4.32803678512573,0
1.3218252658844,0
-0.61718475818634,0
-4.29946088790894,0
-7.93083667755127,0
-8.15308570861816,0
-5.79918050765991,0
-4.9174542427063,0
-6.88175344467163,0
-9.18030261993408,0
-9.80710697174072,0
-9.1531400680542,0
-7.29763889312744,0
-3.14136910438538,0
2.83491563796997,0
8.17627906799316,0
11.8785581588745,0
15.2599964141846,0
18.4812850952148,0
19.5068759918213,0
18.0699577331543,0
17.4699058532715,0
20.2846527099609,0
25.0040168762207,0
29.1732559204102,0
33.1878242492676,0
38.1005973815918,0
41.9357299804688,0
41.7467498779297,0
38.1884803771973,0
34.652042388916,0
32.3305702209473,0
29.3614253997803,0
24.9991245269775,0
21.5451183319092,0
21.0472507476807,0
22.3219165802002,0
22.6679935455322,0
21.085750579834,0
18.3701362609863,0
14.928165435791,0
10.1045398712158,0
3.70715951919556,0
-2.88596963882446,0
-7.67281103134155,0
-9.71958923339844,0
-9.60097885131836,0
-8.51173496246338,0
-7.4474024772644,0
-7.01393508911133,0
-7.22002649307251,0
-7.32520627975464,0
-6.69115495681763,0
-5.98100566864014,0
-6.56807518005371,0
-8.54748249053955,0
-10.7105350494385,0
-12.9781742095947,0
-16.9985866546631,0
-23.2017230987549,0
-29.320255279541,0
-33.6237487792969,0
-37.4240760803223,0
-41.7266654968262,0
-43.5550308227539,0
-39.4775047302246,0
-31.5390129089355,0
-25.2588157653809,0
-22.0990009307861,0
-18.5962696075439,0
-13.2427797317505,0
-8.96789264678955,0
-7.18177032470703,0
-4.51208925247192,0
1.54989516735077,0
7.94924783706665,0
10.4621515274048,0
9.33224487304688,0
6.99187517166138,0
3.49108076095581,0
-1.58689022064209,0
-5.40398836135864,0
-4.95181608200073,0
-2.32526135444641,0
-2.29869365692139,0
-5.53688335418701,0
-8.51981544494629,0
-9.48538303375244,0
-9.86333656311035,0
-9.85609912872314,0
-7.2705979347229,0
-1.8168979883194,0
3.26129388809204,0
5.30193376541138,0
5.04466485977173,0
4.18360376358032,0
2.79655408859253,0
0.402662664651871,0
-2.72508883476257,0
-6.33878040313721,0
-10.3325805664062,0
-13.5253620147705,0
-14.5095882415771,0
-14.1451177597046,0
-14.8056392669678,0
-16.7704544067383,0
-18.1774120330811,0
-19.1449604034424,0
-22.5557651519775,0
-29.2062664031982,0
-35.3324394226074,0
-37.2525939941406,0
-36.0092353820801,0
-34.9348793029785,0
-34.7097396850586,0
-33.6933631896973,0
-31.7168254852295,0
-30.4017391204834,0
-30.0519580841064,0
-28.8813972473145,0
-25.7342357635498,0
-21.8117294311523,0
-19.2351112365723,0
-19.0227718353271,0
-20.6962051391602,0
-22.8812236785889,0
-23.9997177124023,0
-23.1638603210449,0
-21.0084133148193,0
-19.6220779418945,0
-21.3359203338623,0
-26.9648723602295,0
-34.714054107666,0
-41.2274169921875,0
-44.5951614379883,0
-46.181396484375,0
-48.6350021362305,0
-52.4228820800781,0
-55.5704154968262,0
-56.6289939880371,0
-56.2732200622559,0
-55.7166519165039,0
-55.2027740478516,0
-54.6484260559082,0
-54.1784744262695,0
-53.097972869873,0
-49.7571144104004,0
-43.7079925537109,0
-37.0506401062012,0
-32.386360168457,0
-30.0123157501221,0
-28.1964015960693,0
-25.7627239227295,0
-23.3351421356201,0
-22.1421756744385,0
-22.4232406616211,0
-23.1562023162842,0
-22.9429664611816,0
-21.0284156799316,0
-17.6002655029297,0
-13.3608236312866,0
-9.26931476593018,0
-6.72251796722412,0
-6.9203987121582,0
-9.14615154266357,0
-10.6145362854004,0
-9.61503124237061,0
-8.33735752105713,0
-10.6013603210449,0
-16.6490116119385,0
-22.3187198638916,0
-24.2569522857666,0
-24.0481834411621,0
-25.6710796356201,0
-30.2538890838623,0
-35.360969543457,0
-38.936840057373,0
-41.7795906066895,0
-45.4166488647461,0
-48.9618339538574,0
-49.5776824951172,0
-46.0669593811035,0
-40.884349822998,0
-37.6682548522949,0
-37.1460266113281,0
-36.7866249084473,0
-34.8434104919434,0
-33.1419677734375,0
-34.4236221313477,0
-38.0632095336914,0
-40.6078987121582,0
-40.2268180847168,0
-38.1795463562012,0
-35.5378036499023,0
-31.2185802459717,0
-24.7978782653809,0
-18.9782104492188,0
-16.7762966156006,0
-17.404935836792,0
-17.3789691925049,0
-15.1699056625366,0
-12.4406042098999,0
-10.8854923248291,0
-10.343994140625,0
-10.4302053451538,0
-11.5611400604248,0
-13.2864322662354,0
-13.7256441116333,0
-12.2693786621094,0
-11.2088556289673,0
-12.8065891265869,0
-15.9808349609375,0
-18.0317001342773,0
-18.7781543731689,0
-20.3759212493896,0
-23.1216354370117,0
-24.2402286529541,0
-21.8698539733887,0
-18.0546112060547,0
-16.2223510742188,0
-17.2671051025391,0
-19.8099308013916,0
-22.9377498626709,0
-26.4384212493896,0
-29.1006145477295,0
-29.3916206359863,0
-27.9774570465088,0
-27.2202835083008,0
-27.5740833282471,0
-26.7587947845459,0
-23.5966548919678,0
-20.3914909362793,0
-19.6551494598389,0
-20.3895778656006,0
-20.1361808776855,0
-19.356803894043,0
-20.588077545166,0
-23.5332946777344,0
-24.2774753570557,0
-20.2434139251709,0
-13.3906917572021,0
-7.39617252349854,0
-3.82327246665955,0
-2.2209141254425,0
-1.78485155105591,0
-1.23903334140778,0
1.16142749786377,0
5.63984727859497,0
10.059422492981,0
12.416163444519,0
12.8836879730225,0
12.4129705429077,0
11.3853387832642,0
11.0866861343384,0
13.775899887085,0
18.6598796844482,0
20.3763694763184,0
15.2482957839966,0
7.26156949996948,0
3.38129711151123,0
3.85686993598938,0
2.22687315940857,0
-4.76979160308838,0
-12.6697359085083,0
-16.6270484924316,0
-18.5359210968018,0
-23.37868309021,0
-31.6952896118164,0
-39.6329536437988,0
-44.7304801940918,0
-47.8465423583984,0
-49.9247894287109,0
-50.230827331543,0
-48.3272132873535,0
-45.4719200134277,0
-43.1317291259766,0
-41.2903633117676,0
-38.7880096435547,0
-34.7492637634277,0
-29.6309604644775,0
-25.2424221038818,0
-23.2727832794189,0
-23.3029804229736,0
-23.1168518066406,0
-21.818078994751,0
-21.5299663543701,0
-24.4457340240479,0
-29.0200099945068,0
-31.3276023864746,0
-30.221342086792,0
-28.7250518798828,0
-29.3706665039062,0
-30.476037979126,0
-29.150785446167,0
-26.4384212493896,0
-26.3904209136963,0
-30.0199298858643,0
-33.1556587219238,0
-31.5840740203857,0
-26.0339412689209,0
-20.1813049316406,0
-15.5368881225586,0
-10.8440437316895,0
-5.4600248336792,0
-0.426903992891312,0
3.66635084152222,0
7.27715444564819,0
10.1998014450073,0
11.6793413162231,0
12.3566970825195,0
13.4090595245361,0
13.5025482177734,0
9.86777782440186,0
3.30357313156128,0
-1.456134557724,0
-2.05534243583679,0
-1.64203155040741,0
-3.37796235084534,0
-5.5758113861084,0
-5.76451730728149,0
-6.13839483261108,0
-10.1159067153931,0
-15.6554946899414,0
-17.3910026550293,0
-14.6172485351562,0
-11.9345855712891,0
-11.878493309021,0
-11.970892906189,0
-9.98915481567383,0
-7.33084678649902,0
-5.37253093719482,0
-2.79828715324402,0
0.956865131855011,0
3.17995738983154,0
1.7955801486969,0
-0.758097350597382,0
-0.523097038269043,0
2.91013956069946,0
6.9581127166748,0
10.1311445236206,0
12.8364448547363,0
15.0476007461548,0
15.8676719665527,0
15.347505569458,0
14.7383937835693,0
14.625391960144,0
14.0486116409302,0
11.7877378463745,0
7.89619970321655,0
3.80919742584229,0
0.9925616979599,0
-0.708501875400543,0
-2.95647192001343,0
-6.35778713226318,0
-8.64849853515625,0
-7.04223918914795,0
-2.05497193336487,0
3.06488275527954,0
6.64938068389893,0
9.80457496643066,0
12.9591436386108,0
14.4425020217896,0
14.0372228622437,0
14.9406423568726,0
19.6528377532959,0
26.0923614501953,0
30.5714263916016,0
32.8802146911621,0
35.2727355957031,0
37.6360282897949,0
37.3746528625488,0
34.1277656555176,0
31.2386264801025,0
31.4991760253906,0
33.8502082824707,0
35.5432586669922,0
35.746826171875,0
35.5577201843262,0
35.5762138366699,0
34.9753227233887,0
32.7538719177246,0
29.0214405059814,0
24.9159564971924,0
21.584981918335,0
19.4637775421143,0
18.5760955810547,0
19.0477352142334,0
20.5236873626709,0
21.3671340942383,0
19.9590854644775,0
17.2101898193359,0
16.1032180786133,0
17.7970314025879,0
19.8996143341064,0
19.9372043609619,0
18.5833072662354,0
17.3497333526611,0
15.0227890014648,0
9.6332893371582,0
2.8663547039032,0
-1.38388431072235,0
-2.91922760009766,0
-5.76214694976807,0
-11.703311920166,0
-17.0920543670654,0
-18.2652568817139,0
-17.1284294128418,0
-18.3739376068115,0
-23.2160778045654,0
-29.0889358520508,0
-34.2233505249023,0
-38.9773635864258,0
-42.890682220459,0
-43.9135589599609,0
-41.5590362548828,0
-38.2470016479492,0
-36.078239440918,0
-34.088623046875,0
-30.290979385376,0
-25.1824321746826,0
-21.451696395874,0
-20.6855735778809,0
-21.8557510375977,0
-23.0128707885742,0
-23.2446308135986,0
-22.6893672943115,0
-21.609281539917,0
-20.1370277404785,0
-18.5625896453857,0
-17.24342918396,0
-16.1439399719238,0
-14.8007669448853,0
-13.0537414550781,0
-11.8169393539429,0
-12.7736387252808,0
-16.8912010192871,0
-23.2065391540527,0
-29.3528022766113,0
-33.2876358032227,0
-34.2497100830078,0
-32.3212738037109,0
-28.0366611480713,0
-22.8088493347168,0
-18.7050666809082,0
-16.6022262573242,0
-14.8619661331177,0
-11.0510969161987,0
-5.15912675857544,0
-0.0691205933690071,0
1.61099147796631,0
0.307458490133286,0
-1.55348205566406,0
-2.57707381248474,0
-3.42532229423523,0
-5.07751989364624,0
-7.01454877853394,0
-7.4507884979248,0
-5.13922548294067,0
-0.968543112277985,0
2.17641973495483,0
1.63368022441864,0
-2.49391627311707,0
-7.37078857421875,0
-10.4697208404541,0
-12.0727243423462,0
-13.9823694229126,0
-16.2705345153809,0
-16.6732120513916,0
-13.4959344863892,0
-8.09655094146729,0
-3.91315293312073,0
-3.55729365348816,0
-7.12923431396484,0
-12.6998853683472,0
-17.9334373474121,0
-21.6247673034668,0
-24.0445346832275,0
-25.687572479248,0
-25.9854393005371,0
-24.0709552764893,0
-20.6993846893311,0
-18.0425987243652,0
-16.9547348022461,0
-15.6570682525635,0
-12.2051296234131,0
-7.31527137756348,0
-3.33514618873596,0
-0.990682721138,0
1.12216603755951,0
3.73572707176208,0
5.29273128509521,0
3.98482060432434,0
0.428995877504349,0
-2.6879563331604,0
-3.33644104003906,0
-1.92466533184052,0
-0.551625728607178,0
-0.868805527687073,0
-2.54121017456055,0
-3.66916131973267,0
-2.98612546920776,0
-1.66047334671021,0
-2.41702270507812,0
-6.74423122406006,0
-13.5502262115479,0
-20.6480083465576,0
-26.5706443786621,0
-30.5238780975342,0
-31.9717273712158,0
-31.6370849609375,0
-31.9411487579346,0
-34.5445709228516,0
-37.7091941833496,0
-37.9894905090332,0
-34.6492805480957,0
-30.5015563964844,0
-28.067512512207,0
-27.0846977233887,0
-26.5761775970459,0
-26.9035758972168,0
-28.0902347564697,0
-28.2389545440674,0
-25.8771820068359,0
-22.2988243103027,0
-19.2669925689697,0
-16.0167789459229,0
-11.4267797470093,0
-7.69381046295166,0
-7.95713663101196,0
-10.6690826416016,0
-10.5352954864502,0
-5.86435461044312,0
-1.13407766819,0
-0.649086713790894,0
-3.02337431907654,0
-4.15228319168091,0
-2.82594227790833,0
-0.715577721595764,0
1.08897495269775,0
2.57465410232544,0
3.06382966041565,0
1.70115053653717,0
-0.768837571144104,0
-2.68782091140747,0
-3.55903506278992,0
-4.00614261627197,0
-4.43992948532104,0
-5.29330205917358,0
-7.72710609436035,0
-12.3300476074219,0
-17.6457328796387,0
-21.6270771026611,0
-24.1832580566406,0
-26.8441047668457,0
-30.2787704467773,0
-33.5559272766113,0
-35.646183013916,0
-36.5199813842773,0
-37.040153503418,0
-38.6389770507812,0
-42.4340133666992,0
-47.5993843078613,0
-51.3744125366211,0
-51.9324264526367,0
-50.5187759399414,0
-49.4534606933594,0
-48.8755836486816,0
-47.0963249206543,0
-43.4711418151855,0
-39.0351295471191,0
-34.6740531921387,0
-30.5875072479248,0
-27.3954696655273,0
-25.7548351287842,0
-24.6865978240967,0
-22.2267112731934,0
-18.2726917266846,0
-15.1284790039062,0
-14.6221189498901,0
-16.1855773925781,0
-18.3449573516846,0
-20.4175262451172,0
-21.8221321105957,0
-21.4392528533936,0
-19.2577095031738,0
-17.5981960296631,0
-18.9972667694092,0
-23.3079032897949,0
-28.2270603179932,0
-32.2075996398926,0
-35.2773475646973,0
-37.1492118835449,0
-36.4211883544922,0
-32.4661483764648,0
-26.863525390625,0
-21.8133487701416,0
-17.7201042175293,0
-13.3694648742676,0
-8.15839385986328,0
-3.06619501113892,0
0.557719826698303,0
2.05766415596008,0
1.06899011135101,0
-2.68868494033813,0
-8.36852836608887,0
-13.8495044708252,0
-18.0881652832031,0
-22.9727516174316,0
-30.9432563781738,0
-40.8227462768555,0
-48.2499237060547,0
-51.0630569458008,0
-52.0723648071289,0
-54.8904037475586,0
-59.0263900756836,0
-61.7072143554688,0
-63.1668968200684,0
-66.4462738037109,0
-71.7051849365234,0
-74.4354248046875,0
-71.2403411865234,0
-64.7814025878906,0
-60.3460693359375,0
-59.0325012207031,0
-57.2831344604492,0
-52.7062644958496,0
-47.3566627502441,0
-44.4540138244629,0
-44.2355575561523,0
-44.7898902893066,0
-45.6483993530273,0
-48.2960510253906,0
-53.0163040161133,0
-57.1029624938965,0
-57.5323867797852,0
-54.7646865844727,0
-52.4209060668945,0
-53.0033798217773,0
-55.3617477416992,0
-57.2876853942871,0
-59.2294044494629,0
-63.4113540649414,0
-69.6751861572266,0
-74.642936706543,0
-75.8199462890625,0
-74.5368194580078,0
-73.4796371459961,0
-73.0058670043945,0
-71.8206100463867,0
-70.0927352905273,0
-69.4973602294922,0
-70.4897232055664,0
-71.7690734863281,0
-72.6298294067383,0
-73.8340148925781,0
-75.6233901977539,0
-76.6653823852539,0
-75.8592681884766,0
-73.8788909912109,0
-72.1377716064453,0
-71.3241271972656,0
-71.4975128173828,0
-72.2908325195312,0
-72.3202896118164,0
-69.9021682739258,0
-65.4415512084961,0
-61.7498931884766,0
-60.6980361938477,0
-60.8526268005371,0
-60.0412635803223,0
-59.0450019836426,0
-60.493350982666,0
-64.5805358886719,0
-68.3113098144531,0
-69.4303894042969,0
-69.1243667602539,0
-69.9200668334961,0
-72.3979568481445,0
-75.2355041503906,0
-77.5952606201172,0
-79.9662017822266,0
-82.6030578613281,0
-84.245491027832,0
-83.1456298828125,0
-79.1935272216797,0
-74.3899078369141,0
-70.8892517089844,0
-68.9639053344727,0
-67.3882446289062,0
-65.3917541503906,0
-63.2585487365723,0
-61.1144561767578,0
-58.3827743530273,0
-54.8293151855469,0
-51.0235557556152,0
-47.2225379943848,0
-42.9261054992676,0
-38.2553558349609,0
-34.604736328125,0
-32.9074401855469,0
-32.2377738952637,0
-31.2397537231445,0
-29.9951190948486,0
-29.1914405822754,0
-28.3638763427734,0
-26.6898365020752,0
-25.1113471984863,0
-25.8396644592285,0
-29.4711589813232,0
-33.8752403259277,0
-36.3179130554199,0
-35.780647277832,0
-32.914234161377,0
-28.6044445037842,0
-23.2584800720215,0
-17.3173141479492,0
-11.9774007797241,0
-8.82271671295166,0
-8.2303295135498,0
-8.47592163085938,0
-7.43188333511353,0
-5.20458889007568,0
-3.9516167640686,0
-4.90381765365601,0
-6.98171138763428,0
-8.79562568664551,0
-10.3201742172241,0
-11.706693649292,0
-12.2574863433838,0
-12.0466384887695,0
-12.9586458206177,0
-16.2413349151611,0
-20.2405624389648,0
-22.5180568695068,0
-23.1325092315674,0
-23.6746368408203,0
-24.0702857971191,0
-22.9850692749023,0
-20.8884563446045,0
-19.8307361602783,0
-20.0453033447266,0
-19.5991096496582,0
-18.097993850708,0
-18.0644645690918,0
-21.3480739593506,0
-26.3517684936523,0
-30.3938007354736,0
-33.1131706237793,0
-35.8648681640625,0
-39.0850219726562,0
-42.0101089477539,0
-44.0816879272461,0
-44.9978179931641,0
-44.1097030639648,0
-41.4037628173828,0
-38.5752487182617,0
-37.5023002624512,0
-37.907054901123,0
-38.0300483703613,0
-37.3822975158691,0
-37.079288482666,0
-37.2868881225586,0
-36.185375213623,0
-32.310173034668,0
-26.5398082733154,0
-20.6960830688477,0
-15.2296228408813,0
-9.57112121582031,0
-4.0591893196106,0
0.0361347794532776,0
2.37419271469116,0
4.12557125091553,0
6.39549016952515,0
9.10237121582031,0
11.8415899276733,0
14.8490343093872,0
18.3226718902588,0
21.4898242950439,0
23.2784309387207,0
23.5236053466797,0
22.6451511383057,0
20.5123291015625,0
16.7342166900635,0
11.9640045166016,0
7.7094407081604,0
4.64695882797241,0
2.24254846572876,0
0.312609195709229,0
-0.35848805308342,0
0.419443130493164,0
1.40835106372833,0
1.71706306934357,0
2.27281522750854,0
4.21817493438721,0
6.77783298492432,0
8.21431255340576,0
8.12288475036621,0
7.06876420974731,0
4.60107231140137,0
-0.246684327721596,0
-6.61036443710327,0
-12.0943059921265,0
-15.6751937866211,0
-18.3334617614746,0
-20.5259819030762,0
-21.3164825439453,0
-20.7152862548828,0
-20.4438037872314,0
-21.028356552124,0
-20.3382377624512,0
-16.8121185302734,0
-12.2653551101685,0
-9.37308502197266,0
-7.88380670547485,0
-5.69073438644409,0
-2.49292945861816,0
0.241770967841148,0
2.3501341342926,0
5.35519218444824,0
9.7779712677002,0
14.3478965759277,0
18.1207656860352,0
21.4253482818604,0
24.5007953643799,0
27.0952644348145,0
29.6810283660889,0
33.1654357910156,0
36.999828338623,0
39.4498977661133,0
40.2517204284668,0
41.0783233642578,0
42.6406669616699,0
43.2930374145508,0
41.6721420288086,0
38.978271484375,0
37.1159896850586,0
35.8884010314941,0
33.738395690918,0
30.4482002258301,0
27.3933296203613,0
25.4283714294434,0
24.0264625549316,0
22.6280765533447,0
21.6752662658691,0
21.839563369751,0
22.7969856262207,0
23.2247619628906,0
21.987419128418,0
19.227855682373,0
16.1368160247803,0
13.4974365234375,0
10.7459659576416,0
6.92380571365356,0
2.23658227920532,0
-2.19480538368225,0
-6.11337900161743,0
-10.6091032028198,0
-16.3554611206055,0
-22.1580333709717,0
-26.0302925109863,0
-27.4822807312012,0
-28.2113361358643,0
-30.4745101928711,0
-34.9109764099121,0
-39.946533203125,0
-43.3350868225098,0
-44.2363319396973,0
-43.5896644592285,0
-42.6890640258789,0
-42.2187194824219,0
-42.8122138977051,0
-45.2707786560059,0
-49.2886238098145,0
-52.9413681030273,0
-54.6581153869629,0
-54.9806365966797,0
-55.1598281860352,0
-54.9159049987793,0
-53.2702445983887,0
-50.8434448242188,0
-49.1476440429688,0
-47.8436164855957,0
-45.0657844543457,0
-40.7300605773926,0
-37.0910148620605,0
-35.1640777587891,0
-32.827693939209,0
-27.842378616333,0
-20.9401454925537,0
-14.2908325195312,0
-8.36827659606934,0
-2.28209686279297,0
3.69154024124146,0
8.05459308624268,0
10.5230712890625,0
12.798713684082,0
16.3685932159424,0
20.5349140167236,0
23.2427082061768,0
23.3973255157471,0
21.85178565979,0
20.2155628204346,0
19.1766338348389,0
18.4025707244873,0
17.8808403015137,0
18.4128494262695,0
20.2244777679443,0
21.9527530670166,0
22.1721458435059,0
21.5018672943115,0
21.8861083984375,0
23.941650390625,0
26.4388885498047,0
28.4462108612061,0
30.3227882385254,0
32.0762596130371,0
32.4359664916992,0
30.7465991973877,0
28.622034072876,0
28.2503356933594,0
29.4894523620605,0
29.8377456665039,0
27.2467651367188,0
22.1981372833252,0
17.0019054412842,0
13.6106739044189,0
12.2519645690918,0
11.9310722351074,0
11.9395751953125,0
12.3130388259888,0
12.4982261657715,0
10.5466814041138,0
5.17685604095459,0
-1.51584589481354,0
-5.34765577316284,0
-4.89382743835449,0
-3.51139211654663,0
-5.23099517822266,0
-9.806227684021,0
-13.4774198532104,0
-13.9088621139526,0
-12.449951171875,0
-11.5382986068726,0
-11.6513147354126,0
-11.4628171920776,0
-9.85786151885986,0
-7.03470039367676,0
-4.14901399612427,0
-2.22891092300415,0
-1.07805204391479,0
0.612749040126801,0
3.42383241653442,0
5.9386157989502,0
6.64172792434692,0
6.84128284454346,0
9.69343090057373,0
15.7526273727417,0
21.6436252593994,0
24.5600357055664,0
26.1161193847656,0
29.5235252380371,0
34.4577522277832,0
37.748477935791,0
38.5958633422852,0
39.6484260559082,0
42.2533073425293,0
43.9573364257812,0
42.5325965881348,0
39.7944755554199,0
38.7716827392578,0
38.8670768737793,0
36.9542427062988,0
32.5100402832031,0
28.3910446166992,0
26.2314147949219,0
24.1262607574463,0
20.1700534820557,0
15.8582963943481,0
13.9400901794434,0
14.3558464050293,0
14.5191125869751,0
12.9892292022705,0
10.7287015914917,0
8.69018459320068,0
6.130211353302,0
2.08661007881165,0
-2.83916878700256,0
-7.27311944961548,0
-10.9722061157227,0
-14.9713020324707,0
-20.0563983917236,0
-25.7496070861816,0
-30.7463455200195,0
-34.0421180725098,0
-35.8676643371582,0
-37.7662086486816,0
-41.3130226135254,0
-46.3338775634766,0
-50.7718315124512,0
-52.7347526550293,0
-52.2465515136719,0
-50.6248741149902,0
-48.9213256835938,0
-47.7064476013184,0
-47.4666481018066,0
-47.894847869873,0
-47.4132537841797,0
-45.042350769043,0
-42.4794654846191,0
-42.4988441467285,0
-45.1721267700195,0
-47.5134925842285,0
-47.1894149780273,0
-44.5933876037598,0
-40.7264595031738,0
-35.4789123535156,0
-29.3847236633301,0
-24.7182140350342,0
-22.5985774993896,0
-20.6756534576416,0
-16.1863746643066,0
-10.0296745300293,0
-4.97185039520264,0
-0.651214420795441,0
6.25673580169678,0
16.7097187042236,0
27.4155673980713,0
35.4067840576172,0
41.7234077453613,0
48.7495193481445,0
56.0677490234375,0
61.3842582702637,0
64.4284744262695,0
67.4594116210938,0
72.0315093994141,0
77.1687774658203,0
80.9474563598633,0
82.2736053466797,0
80.6755676269531,0
75.9805297851562,0
69.3335266113281,0
63.4355049133301,0
60.1951103210449,0
58.4433479309082,0
55.4162750244141,0
50.5225410461426,0
46.0663871765137,0
43.7341117858887,0
42.0648002624512,0
38.6930160522461,0
33.7487831115723,0
29.1838989257812,0
25.5481185913086,0
21.6186294555664,0
17.0160064697266,0
12.9086122512817,0
9.7292594909668,0
6.29300785064697,0
1.96487641334534,0
-2.14392948150635,0
-5.093177318573,0
-7.51545524597168,0
-10.030948638916,0
-11.9725313186646,0
-13.0434627532959,0
-14.61252784729,0
-17.6542472839355,0
-20.8175563812256,0
-22.5695819854736,0
-24.1210269927979,0
-27.7803859710693,0
-32.9226570129395,0
-36.1729354858398,0
-35.8163833618164,0
-33.7166290283203,0
-32.1955223083496,0
-31.1593837738037,0
-29.5805683135986,0
-28.0588684082031,0
-27.9433517456055,0
-28.663501739502,0
-27.9156532287598,0
-24.6858444213867,0
-20.6757793426514,0
-18.2802124023438,0
-18.2670879364014,0
-20.0278854370117,0
-22.8769550323486,0
-25.7753734588623,0
-26.5103397369385,0
-23.1128921508789,0
-16.5285968780518,0
-10.3242654800415,0
-6.74571752548218,0
-4.11825323104858,0
0.708709239959717,0
8.18663787841797,0
15.7549238204956,0
21.2347469329834,0
24.953498840332,0
28.4181613922119,0
32.3445777893066,0
36.5985794067383,0
41.1308822631836,0
46.2442054748535,0
52.2873344421387,0
59.3789176940918,0
67.1552200317383,0
74.7714920043945,0
81.4421615600586,0
86.7697906494141,0
90.2759552001953,0
91.3290939331055,0
90.3009262084961,0
88.9572601318359,0
88.4421844482422,0
87.6260452270508,0
85.1053466796875,0
82.0606231689453,0
80.6325988769531,0
79.6332244873047,0
75.0618209838867,0
65.9930953979492,0
56.9469566345215,0
52.2137145996094,0
50.1187057495117,0
45.7438011169434,0
37.8790512084961,0
30.126163482666,0
25.6538791656494,0
23.986888885498,0
23.3038501739502,0
23.0856609344482,0
23.3832359313965,0
23.56272315979,0
23.1848831176758,0
22.7994728088379,0
22.6966304779053,0
21.9447898864746,0
19.7604541778564,0
16.9361000061035,0
14.8380193710327,0
13.7414741516113,0
13.2307329177856,0
13.5082559585571,0
14.8930063247681,0
16.3300228118896,0
15.9845762252808,0
13.7359924316406,0
11.872594833374,0
12.4724779129028,0
14.7884702682495,0
16.1779632568359,0
15.3102369308472,0
13.4394865036011,0
12.4848709106445,0
13.0016260147095,0
14.6280422210693,0
17.4964694976807,0
21.9726505279541,0
27.4262466430664,0
32.6360244750977,0
37.5234298706055,0
43.2366828918457,0
50.0721435546875,0
56.3627471923828,0
60.0816917419434,0
60.8028144836426,0
59.5526962280273,0
57.5376205444336,0
55.651912689209,0
54.4512786865234,0
53.7869682312012,0
52.9636383056641,0
51.838191986084,0
51.1373519897461,0
51.1445388793945,0
50.8880996704102,0
49.3476333618164,0
46.6543960571289,0
43.3579788208008,0
39.5003356933594,0
35.403694152832,0
32.2988586425781,0
30.7982501983643,0
29.6322803497314,0
27.4854488372803,0
25.3697910308838,0
25.3490390777588,0
27.2910766601562,0
28.7642803192139,0
28.0490856170654,0
25.419059753418,0
21.4619255065918,0
16.2784824371338,0
10.9743070602417,0
8.02100658416748,0
8.86627674102783,0
12.1547918319702,0
15.1676054000854,0
16.3166007995605,0
15.823390007019,0
14.9333715438843,0
15.0278425216675,0
16.6618423461914,0
18.9191741943359,0
20.3275871276855,0
20.6344985961914,0
20.9346866607666,0
21.9719944000244,0
23.2517356872559,0
23.890157699585,0
23.2926483154297,0
21.0121002197266,0
17.212345123291,0
13.2591772079468,0
10.3333511352539,0
7.49342775344849,0
3.13393425941467,0
-1.39999341964722,0
-2.31864857673645,0
1.29376101493835,0
5.25361585617065,0
5.39349174499512,0
2.72100162506104,0
0.892396569252014,0
0.402231216430664,0
-1.27824306488037,0
-4.71296310424805,0
-7.60472106933594,0
-9.26407718658447,0
-12.1847295761108,0
-17.5373477935791,0
-22.1715812683105,0
-22.6149272918701,0
-20.0574684143066,0
-18.6209449768066,0
-19.8530311584473,0
-21.7938842773438,0
-23.087574005127,0
-25.0338668823242,0
-28.8057460784912,0
-32.9266052246094,0
-34.9090766906738,0
-34.1495094299316,0
-32.1325912475586,0
-30.7923984527588,0
-31.622594833374,0
-35.3657760620117,0
-41.3381309509277,0
-47.6350631713867,0
-52.9614334106445,0
-57.6300048828125,0
-61.9201316833496,0
-64.5271911621094,0
-64.1433181762695,0
-61.8104476928711,0
-59.8459892272949,0
-58.7446250915527,0
-57.0712356567383,0
-54.3556671142578,0
-51.8698272705078,0
-50.0139541625977,0
-47.1982154846191,0
-42.5892295837402,0
-38.1657066345215,0
-36.3939018249512,0
-37.0807914733887,0
-38.1145477294922,0
-38.2644577026367,0
-37.5262832641602,0
-35.6141624450684,0
-32.2517051696777,0
-28.6898994445801,0
-26.8165683746338,0
-26.3631439208984,0
-24.6466979980469,0
-19.7626991271973,0
-12.9737243652344,0
-7.49262666702271,0
-5.77129459381104,0
-8.10517120361328,0
-12.7275848388672,0
-16.9250717163086,0
-19.1994018554688,0
-20.823802947998,0
-24.2763156890869,0
-29.7702827453613,0
-34.5567626953125,0
-36.2750511169434,0
-35.7287750244141,0
-35.412654876709,0
-36.4198188781738,0
-37.9906120300293,0
-39.2181587219238,0
-39.8273391723633,0
-39.8067893981934,0
-39.5467872619629,0
-39.9491004943848,0
-41.2296447753906,0
-42.0393371582031,0
-41.0007781982422,0
-38.6342506408691,0
-36.2828254699707,0
-33.5454902648926,0
-28.7172813415527,0
-21.944278717041,0
-15.9628820419312,0
-12.8626747131348,0
-11.5423107147217,0
-9.27587509155273,0
-4.72132539749146,0
1.33628988265991,0
7.11669683456421,0
10.9683113098145,0
12.4508876800537,0
13.0635690689087,0
14.8442182540894,0
17.6324977874756,0
19.1391563415527,0
18.5647773742676,0
18.3196811676025,0
20.5751724243164,0
23.8250923156738,0
25.1591701507568,0
24.7263011932373,0
25.2088623046875,0
27.5063133239746,0
29.9934883117676,0
32.1650238037109,0
35.8499336242676,0
41.7834777832031,0
47.7223205566406,0
51.540699005127,0
53.9696006774902,0
56.5270729064941,0
58.8150291442871,0
60.0202026367188,0
61.2584419250488,0
63.7301177978516,0
65.840705871582,0
65.2201614379883,0
62.9287910461426,0
62.3139724731445,0
63.665843963623,0
63.6191062927246,0
60.8946304321289,0
59.083179473877,0
61.4722862243652,0
65.921272277832,0
67.924690246582,0
66.9000854492188,0
65.9638900756836,0
66.4006958007812,0
66.1382598876953,0
64.0039596557617,0
61.9521751403809,0
61.6522598266602,0
61.6444625854492,0
59.9423828125,0
57.5828056335449,0
57.3248901367188,0
59.8523597717285,0
63.3203506469727,0
66.090950012207,0
67.9879608154297,0
68.9985275268555,0
68.5112609863281,0
66.2442474365234,0
62.8514099121094,0
59.3640060424805,0
56.7131843566895,0
55.5137405395508,0
55.293270111084,0
54.2398872375488,0
51.0393524169922,0
46.8647537231445,0
44.0775604248047,0
42.8946151733398,0
41.103572845459,0
37.6212692260742,0
34.4842567443848,0
34.0985565185547,0
36.0024337768555,0
37.9859657287598,0
39.4074363708496,0
41.495475769043,0
44.7184028625488,0
47.6772689819336,0
48.8693237304688,0
48.2522048950195,0
46.7426834106445,0
45.1870956420898,0
44.1423263549805,0
43.8494911193848,0
44.1213569641113,0
44.7935905456543,0
46.2412910461426,0
48.7793312072754,0
51.7217483520508,0
53.8866386413574,0
54.9302177429199,0
55.3637237548828,0
55.5141143798828,0
55.4600791931152,0
55.640193939209,0
56.2445793151855,0
56.2957153320312,0
54.8604278564453,0
53.0082740783691,0
52.8134078979492,0
54.3825988769531,0
55.7597503662109,0
55.9082069396973,0
55.6267776489258,0
55.1563262939453,0
53.397575378418,0
50.4220428466797,0
48.2681770324707,0
47.9145469665527,0
47.7979393005371,0
46.8089752197266,0
46.2836837768555,0
47.166748046875,0
47.7574806213379,0
46.7076454162598,0
45.930477142334,0
47.7338256835938,0
51.2099266052246,0
54.5471382141113,0
58.6479682922363,0
64.5199356079102,0
69.0119476318359,0
68.1255340576172,0
63.8404769897461,0
62.4501266479492,0
65.7765274047852,0
69.1136627197266,0
68.9983749389648,0
67.8904113769531,0
68.8954467773438,0
70.5857086181641,0
70.473747253418,0
69.8802871704102,0
71.2439727783203,0
73.1423034667969,0
72.2830963134766,0
69.0310134887695,0
66.8501434326172,0
66.7550201416016,0
66.0682754516602,0
63.0017204284668,0
59.3196487426758,0
57.5561447143555,0
57.9002342224121,0
58.8230819702148,0
59.1037635803223,0
58.3429641723633,0
56.7221260070801,0
55.0058288574219,0
53.9013900756836,0
52.96533203125,0
50.9264259338379,0
47.3389167785645,0
43.1127014160156,0
39.2490386962891,0
35.9374732971191,0
33.1339645385742,0
31.1047649383545,0
29.8743858337402,0
28.6990432739258,0
26.6059226989746,0
23.3502216339111,0
19.7920532226562,0
17.4152679443359,0
17.068941116333,0
17.7358665466309,0
17.0502433776855,0
13.8279886245728,0
9.68611812591553,0
7.15834999084473,0
6.54559469223022,0
5.96151447296143,0
4.38656330108643,0
2.91347551345825,0
2.37848424911499,0
1.54600167274475,0
-0.925205886363983,0
-3.93836450576782,0
-5.22687673568726,0
-4.5843563079834,0
-3.85679388046265,0
-3.7614369392395,0
-2.83046913146973,0
-0.183878183364868,0
2.67159962654114,0
4.21679735183716,0
5.43910455703735,0
7.93031406402588,0
10.5488023757935,0
10.6341800689697,0
8.49218273162842,0
7.9605917930603,0
11.5640869140625,0
17.3426914215088,0
21.9589214324951,0
25.0840091705322,0
28.7521209716797,0
33.7695655822754,0
39.1180419921875,0
44.1364059448242,0
48.7760848999023,0
51.8861694335938,0
51.8377418518066,0
49.3472595214844,0
47.3276786804199,0
46.9577674865723,0
45.9587860107422,0
42.1062698364258,0
36.6329307556152,0
32.3665504455566,0
29.8687686920166,0
27.5354633331299,0
24.6934242248535,0
22.1955814361572,0
19.9371242523193,0
16.0759506225586,0
9.63932228088379,0
2.35269117355347,0
-3.30828499794006,0
-6.89335155487061,0
-9.52152824401855,0
-11.2812080383301,0
-10.8039464950562,0
-7.87881135940552,0
-5.13947296142578,0
-5.78007221221924,0
-9.79638481140137,0
-13.6617546081543,0
-14.0332717895508,0
-10.8599977493286,0
-6.41461706161499,0
-2.41707873344421,0
0.793176591396332,0
3.14246392250061,0
4.58518600463867,0
5.82500839233398,0
7.65588903427124,0
9.35461902618408,0
9.24510765075684,0
7.32017946243286,0
5.7727108001709,0
6.11139535903931,0
7.14507532119751,0
6.94882392883301,0
5.66311883926392,0
4.96430063247681,0
5.55807209014893,0
6.67174339294434,0
7.66942596435547,0
8.84629917144775,0
10.5910396575928,0
12.5673923492432,0
13.6634149551392,0
12.3977766036987,0
8.08872604370117,0
2.34018063545227,0
-1.48077058792114,0
-1.38177502155304,0
1.16470003128052,0
3.25534844398499,0
3.95502519607544,0
4.37543916702271,0
5.0483021736145,0
5.03565406799316,0
3.75424098968506,0
2.2406964302063,0
2.15618467330933,0
4.2485556602478,0
7.74162435531616,0
10.5911111831665,0
10.8627300262451,0
8.87789344787598,0
7.44447612762451,0
8.77635955810547,0
11.8744382858276,0
14.4269638061523,0
16.3879432678223,0
19.4220027923584,0
23.2981719970703,0
25.6556034088135,0
25.6922550201416,0
25.2846908569336,0
25.4891185760498,0
24.6193351745605,0
21.3651809692383,0
17.4599380493164,0
15.2500991821289,0
14.6111946105957,0
14.591160774231,0
16.3323802947998,0
21.3553218841553,0
27.8882026672363,0
32.1557922363281,0
33.3443717956543,0
34.3374328613281,0
36.9851226806641,0
39.5551071166992,0
40.2033195495605,0
40.3395462036133,0
42.2170486450195,0
44.8110084533691,0
44.8215789794922,0
41.2455291748047,0
36.4169235229492,0
32.4072151184082,0
28.942211151123,0
25.8381042480469,0
25.1212615966797,0
28.6108684539795,0
34.671703338623,0
39.7503509521484,0
42.7570190429688,0
45.6487770080566,0
49.5617942810059,0
52.8214073181152,0
53.7724113464355,0
53.4158897399902,0
53.4851226806641,0
53.370922088623,0
51.0203704833984,0
46.1700477600098,0
40.8073120117188,0
36.8188858032227,0
34.9142875671387,0
35.5375747680664,0
38.8581085205078,0
43.6626586914062,0
48.0018119812012,0
51.3597679138184,0
54.7300224304199,0
58.2528953552246,0
60.4584007263184,0
60.5057716369629,0
59.6190567016602,0
59.383358001709,0
59.9290885925293,0
60.7989730834961,0
62.3759422302246,0
65.1719741821289,0
68.5667953491211,0
71.540657043457,0
74.0825042724609,0
76.6901550292969,0
78.955436706543,0
79.950813293457,0
79.9278106689453,0
80.4599914550781,0
82.5799789428711,0
85.4392700195312,0
87.1152648925781,0
86.4593887329102,0
84.0786514282227,0
81.6728668212891,0
80.3692932128906,0
79.6737365722656,0
78.2440948486328,0
75.5538101196289,0
72.2343521118164,0
68.7993698120117,0
64.8880386352539,0
60.1376113891602,0
55.064338684082,0
50.560718536377,0
47.0590476989746,0
44.5479469299316,0
42.7439575195312,0
40.9071273803711,0
38.4203987121582,0
36.1431465148926,0
36.1253967285156,0
38.9846076965332,0
42.4946670532227,0
44.0535049438477,0
43.7907638549805,0
43.6749038696289,0
44.0995597839355,0
43.3528938293457,0
40.5168724060059,0
36.7410545349121,0
32.8768577575684,0
27.9246006011963,0
21.4765110015869,0
16.1732082366943,0
15.2713117599487,0
18.0452671051025,0
19.9857120513916,0
18.2981567382812,0
15.3558931350708,0
15.4079942703247,0
19.2086372375488,0
23.6279277801514,0
25.8022785186768,0
25.6199264526367,0
24.1909828186035,0
22.1135005950928,0
20.1442489624023,0
19.7351608276367,0
21.3104400634766,0
23.0235652923584,0
22.7515182495117,0
20.7202110290527,0
18.8601608276367,0
18.2593727111816,0
18.7503509521484,0
20.3236427307129,0
22.9476261138916,0
25.1523189544678,0
24.9279747009277,0
22.4774742126465,0
20.2613067626953,0
19.6908893585205,0
19.4177684783936,0
17.5609073638916,0
13.9459590911865,0
9.32107925415039,0
4.16944265365601,0
-0.462590336799622,0
-2.67788553237915,0
-1.99357104301453,0
-0.678561389446259,0
-1.09704339504242,0
-2.68264150619507,0
-3.26419949531555,0
-2.45568346977234,0
-1.73721599578857,0
-1.8151535987854,0
-2.06794762611389,0
-2.39282822608948,0
-3.47665953636169,0
-5.07906055450439,0
-5.9366397857666,0
-5.62388038635254,0
-4.73514127731323,0
-3.03779125213623,0
0.464222639799118,0
5.00618457794189,0
7.70172119140625,0
6.8674635887146,0
4.03399181365967,0
1.39507603645325,0
-1.17912364006042,0
-5.03623199462891,0
-9.92661476135254,0
-14.0987682342529,0
-16.5072956085205,0
-17.3908519744873,0
-17.2866687774658,0
-17.0262794494629,0
-18.1836280822754,0
-21.8030757904053,0
-26.7725105285645,0
-30.8802661895752,0
-33.3779525756836,0
-35.1451988220215,0
-36.5402870178223,0
-36.725959777832,0
-35.1891250610352,0
-32.2646446228027,0
-27.883487701416,0
-21.5185661315918,0
-13.9028825759888,0
-7.0517373085022,0
-1.68654084205627,0
3.75240874290466,0
10.4311752319336,0
17.1187133789062,0
22.417049407959,0
27.4464111328125,0
34.0500259399414,0
41.2900123596191,0
46.4812126159668,0
49.5941581726074,0
53.6723327636719,0
59.9671325683594,0
65.4504852294922,0
67.1590423583984,0
66.8899078369141,0
68.6996002197266,0
72.7215957641602,0
74.7124404907227,0
72.0597991943359,0
67.2749481201172,0
64.1583557128906,0
62.8332405090332,0
60.6698684692383,0
56.6671104431152,0
52.4970932006836,0
49.6685676574707,0
47.7585716247559,0
45.5265769958496,0
42.1325950622559,0
37.1147689819336,0
30.6424198150635,0
23.9897308349609,0
18.4099102020264,0
13.4122676849365,0
7.54634094238281,0
0.915002465248108,0
-4.82556962966919,0
-9.16629600524902,0
-13.3000717163086,0
-17.1780452728271,0
-18.2423305511475,0
-14.7190847396851,0
-8.48691368103027,0
-2.69689655303955,0
2.31291842460632,0
8.62775897979736,0
16.9353694915771,0
25.2391395568848,0
31.4266777038574,0
35.4658584594727,0
38.7993049621582,0
42.8031997680664,0
48.0624122619629,0
54.1255950927734,0
59.6805038452148,0
63.5916061401367,0
65.7374114990234,0
66.3707962036133,0
65.2591171264648,0
62.4348411560059,0
59.2202911376953,0
57.0761184692383,0
55.570384979248,0
52.9398956298828,0
48.8156700134277,0
44.9268379211426,0
42.5681953430176,0
40.7007865905762,0
37.5763473510742,0
33.4381484985352,0
30.4236545562744,0
29.9376277923584,0
31.0605545043945,0
31.8066921234131,0
31.3011169433594,0
30.1133842468262,0
28.6833438873291,0
26.3251934051514,0
22.3259601593018,0
17.4538230895996,0
13.4753046035767,0
11.3426856994629,0
10.7291316986084,0
11.1606521606445,0
12.3776912689209,0
13.5177183151245,0
13.4917297363281,0
12.7375602722168,0
13.0485191345215,0
14.7404203414917,0
15.5800333023071,0
13.9167499542236,0
11.3667364120483,0
10.4268999099731,0
10.59108543396,0
9.28279972076416,0
6.0041332244873,0
2.7120463848114,0
-0.0359924137592316,0
-4.20975542068481,0
-10.3554553985596,0
-15.2447872161865,0
-15.7441482543945,0
-13.3279371261597,0
-12.1096973419189,0
-13.1839284896851,0
-13.6850423812866,0
-11.5252170562744,0
-8.24347877502441,0
-5.95560550689697,0
-3.84736227989197,0
0.0255779325962067,0
4.76030826568604,0
7.24375677108765,0
6.77430582046509,0
6.41571474075317,0
8.66406345367432,0
11.7903919219971,0
12.2336664199829,0
9.40466690063477,0
6.17676877975464,0
5.08310651779175,0
5.7269082069397,0
5.89254188537598,0
3.89856100082397,0
-0.109932489693165,0
-4.12547445297241,0
-5.75260400772095,0
-4.75893640518188,0
-3.68002462387085,0
-4.71512603759766,0
-6.8828649520874,0
-8.01703453063965,0
-8.60107326507568,0
-10.882984161377,0
-14.5369939804077,0
-16.6119995117188,0
-16.4924373626709,0
-17.3388805389404,0
-20.7070579528809,0
-22.9547462463379,0
-20.0459041595459,0
-13.7094650268555,0
-9.19657707214355,0
-8.08822154998779,0
-7.31198024749756,0
-5.35496520996094,0
-5.29908180236816,0
-9.75405979156494,0
-15.7886667251587,0
-18.0099334716797,0
-15.4487628936768,0
-12.2748937606812,0
-11.6909160614014,0
-12.1647186279297,0
-10.9800863265991,0
-8.84582424163818,0
-8.34005355834961,0
-9.39615058898926,0
-9.8222484588623,0
-9.88971614837646,0
-12.3359527587891,0
-16.7338790893555,0
-18.0108604431152,0
-13.2435188293457,0
-6.39264392852783,0
-2.47927618026733,0
0.013738201931119,0
5.81711483001709,0
13.7012548446655,0
16.8676242828369,0
12.9189262390137,0
7.4360032081604,0
5.56378698348999,0
5.34045124053955,0
2.65196394920349,0
-1.68524754047394,0
-4.22458457946777,0
-5.17395782470703,0
-7.40345525741577,0
-10.6103363037109,0
-11.1920318603516,0
-7.88196134567261,0
-3.68505167961121,0
-1.61546421051025,0
-1.47288024425507,0
-1.59015667438507,0
-1.33366882801056,0
-0.945521593093872,0
-0.757995843887329,0
-1.42856121063232,0
-3.59030079841614,0
-6.69685935974121,0
-9.39142513275146,0
-11.2814083099365,0
-12.996057510376,0
-14.2283010482788,0
-13.3816032409668,0
-10.0030498504639,0
-6.24659442901611,0
-4.74375677108765,0
-5.74258518218994,0
-7.3934473991394,0
-8.35542869567871,0
-8.90263271331787,0
-9.40462589263916,0
-8.9466438293457,0
-6.47636985778809,0
-2.95802187919617,0
-1.01642239093781,0
-1.70535027980804,0
-2.61375260353088,0
-0.598704516887665,0
4.00689697265625,0
7.70218658447266,0
8.53362464904785,0
8.50543117523193,0
10.31507396698,0
13.540961265564,0
15.7661819458008,0
16.1800556182861,0
16.056812286377,0
16.3892002105713,0
17.0245513916016,0
17.8111171722412,0
18.8390522003174,0
19.823299407959,0
20.9075241088867,0
23.5882873535156,0
28.7936477661133,0
34.4019432067871,0
37.1358985900879,0
36.9781646728516,0
37.0083503723145,0
38.3945159912109,0
38.5790901184082,0
35.6535148620605,0
31.4482250213623,0
28.156774520874,0
24.6555118560791,0
19.1832599639893,0
13.6625385284424,0
11.7379770278931,0
13.4186086654663,0
15.2028779983521,0
15.3390941619873,0
15.5148305892944,0
16.8778495788574,0
17.8343410491943,0
17.2784748077393,0
17.2322807312012,0
20.1299781799316,0
25.1696472167969,0
29.3351001739502,0
30.8990650177002,0
30.1786766052246,0
27.81911277771,0
24.2998676300049,0
20.7720756530762,0
18.5923137664795,0
17.83078956604,0
17.4529895782471,0
17.1199684143066,0
17.6763286590576,0
19.4914836883545,0
21.2881240844727,0
21.3666172027588,0
19.6178493499756,0
17.6533355712891,0
16.9026927947998,0
17.0562953948975,0
16.7102203369141,0
15.2778072357178,0
13.6351318359375,0
12.7451457977295,0
12.3907442092896,0
11.9100427627563,0
11.6386766433716,0
12.6212329864502,0
15.026782989502,0
17.8610858917236,0
20.3260860443115,0
22.4047679901123,0
23.815601348877,0
23.6003036499023,0
21.5785865783691,0
19.3129463195801,0
18.49387550354,0
18.7801761627197,0
18.2862548828125,0
15.9593629837036,0
12.3761701583862,0
8.31616687774658,0
3.96872615814209,0
-0.0153568852692842,0
-2.15666246414185,0
-2.04800152778625,0
-1.72195208072662,0
-3.59367179870605,0
-7.37578392028809,0
-10.5813503265381,0
-12.0214176177979,0
-12.9968233108521,0
-14.5990304946899,0
-15.9006061553955,0
-16.1636772155762,0
-17.0639190673828,0
-20.5201969146729,0
-25.1977996826172,0
-27.5779132843018,0
-26.498161315918,0
-24.5569915771484,0
-24.5872478485107,0
-26.4635143280029,0
-28.0404987335205,0
-27.8454856872559,0
-26.1284084320068,0
-24.3405704498291,0
-24.1612071990967,0
-26.0729160308838,0
-28.4194145202637,0
-28.7302055358887,0
-26.2428283691406,0
-22.2577438354492,0
-18.1590118408203,0
-14.5334186553955,0
-12.2100915908813,0
-12.082558631897,0
-13.112491607666,0
-12.4509334564209,0
-8.91350078582764,0
-4.87775230407715,0
-3.17574453353882,0
-3.21288084983826,0
-1.99127912521362,0
1.44721186161041,0
4.33424282073975,0
3.33506751060486,0
-1.50544452667236,0
-6.60368299484253,0
-8.61938190460205,0
-8.0278787612915,0
-8.19204807281494,0
-10.7410430908203,0
-13.3385400772095,0
-13.3173189163208,0
-11.974949836731,0
-12.6873207092285,0
-15.5755615234375,0
-17.3957767486572,0
-16.9214553833008,0
-16.8249435424805,0
-19.0283508300781,0
-21.6929588317871,0
-22.8390197753906,0
-23.7205123901367,0
-25.8383674621582,0
-27.3630523681641,0
-25.9329261779785,0
-22.999397277832,0
-21.7676849365234,0
-22.243968963623,0
-22.0575504302979,0
-21.1846199035645,0
-21.805778503418,0
-23.7615451812744,0
-24.2517700195312,0
-22.5666999816895,0
-21.3624973297119,0
-22.2679061889648,0
-23.6870899200439,0
-24.2322311401367,0
-24.9661903381348,0
-26.481803894043,0
-26.9328193664551,0
-25.3657302856445,0
-24.4304237365723,0
-27.0613040924072,0
-32.3464317321777,0
-37.2501983642578,0
-40.700366973877,0
-43.2282409667969,0
-44.1604270935059,0
-42.4923400878906,0
-39.7217597961426,0
-38.4315795898438,0
-38.2175598144531,0
-36.2358779907227,0
-32.001091003418,0
-28.3034515380859,0
-26.4465599060059,0
-23.7965469360352,0
-17.8469219207764,0
-10.1358699798584,0
-3.88469266891479,0
0.355962127447128,0
4.31806516647339,0
8.67983341217041,0
12.6310892105103,0
15.9013538360596,0
18.698112487793,0
20.0317974090576,0
18.6090755462646,0
15.4689645767212,0
13.3976755142212,0
13.3189353942871,0
13.4151391983032,0
12.3718671798706,0
11.2200078964233,0
10.9729194641113,0
10.7076597213745,0
9.60275363922119,0
8.92203044891357,0
9.80704593658447,0
10.4902935028076,0
8.22177886962891,0
3.32519125938416,0
-1.1147837638855,0
-3.44575452804565,0
-4.91634464263916,0
-6.65923833847046,0
-7.65576648712158,0
-6.82680511474609,0
-5.23819541931152,0
-4.59760522842407,0
-4.69026613235474,0
-3.97132110595703,0
-2.17252540588379,0
-0.737578451633453,0
-0.590180933475494,0
-0.695249974727631,0
0.647593975067139,0
3.73504590988159,0
7.27933120727539,0
10.1403102874756,0
12.753698348999,0
16.5389881134033,0
21.9889640808105,0
27.7647380828857,0
31.9266910552979,0
33.7628746032715,0
34.0933113098145,0
34.1359939575195,0
34.5912094116211,0
35.5359191894531,0
36.5259323120117,0
36.9433975219727,0
36.9014587402344,0
37.5627632141113,0
39.6721611022949,0
41.9668579101562,0
42.2466850280762,0
40.099925994873,0
37.1470718383789,0
34.1505661010742,0
29.57763671875,0
22.2953643798828,0
14.3813486099243,0
9.38321971893311,0
8.23247241973877,0
8.58478260040283,0
8.11735534667969,0
6.85433578491211,0
6.03314542770386,0
6.26033973693848,0
7.3681321144104,0
8.79968643188477,0
9.51159000396729,0
8.71233177185059,0
7.33868598937988,0
7.43003702163696,0
9.15191268920898,0
9.98737239837646,0
8.34159755706787,0
6.55280780792236,0
8.22627449035645,0
13.3407230377197,0
18.2454700469971,0
20.253345489502,0
20.0222854614258,0
19.370418548584,0
19.1359634399414,0
19.8220748901367,0
22.1633281707764,0
25.9830455780029,0
30.1710453033447,0
34.6642532348633,0
40.6604194641113,0
47.9148406982422,0
53.8839111328125,0
57.0547027587891,0
59.2523956298828,0
62.756233215332,0
66.7142639160156,0
68.6112976074219,0
68.1084365844727,0
67.1126098632812,0
66.8265762329102,0
66.9725723266602,0
67.3161697387695,0
67.6125030517578,0
66.3602828979492,0
61.9798431396484,0
55.3127403259277,0
48.8902473449707,0
43.6718978881836,0
38.6108856201172,0
33.5373382568359,0
30.0056800842285,0
28.5096035003662,0
27.0555038452148,0
23.8000965118408,0
19.5915069580078,0
16.6706733703613,0
15.9944581985474,0
16.9360542297363,0
18.6801109313965,0
20.7702655792236,0
22.7553672790527,0
24.0987167358398,0
24.2704029083252,0
22.839111328125,0
20.0856418609619,0
17.5127220153809,0
16.7828731536865,0
17.9373550415039,0
19.5424385070801,0
20.6637496948242,0
21.6087303161621,0
22.62522315979,0
23.2206020355225,0
23.1492099761963,0
22.7370700836182,0
21.7305698394775,0
19.2567672729492,0
15.6988000869751,0
13.21741771698,0
13.3226795196533,0
15.0523061752319,0
16.6949214935303,0
18.250093460083,0
20.8052711486816,0
24.3428401947021,0
27.8255939483643,0
31.0780658721924,0
34.9312286376953,0
39.4118804931641,0
43.2538833618164,0
45.7348785400391,0
47.9753570556641,0
51.6913185119629,0
57.1374244689941,0
62.8271865844727,0
67.0460357666016,0
69.2215042114258,0
69.8890151977539,0
69.7417373657227,0
69.0394973754883,0
67.8723297119141,0
66.4800338745117,0
64.862907409668,0
62.3775444030762,0
58.4134407043457,0
53.4586296081543,0
48.8049163818359,0
45.1120910644531,0
42.0226516723633,0
39.3842163085938,0
37.9323387145996,0
38.2156372070312,0
39.5755920410156,0
40.8671722412109,0
41.6556739807129,0
42.0424995422363,0
41.7780075073242,0
40.310245513916,0
37.5401878356934,0
34.0351219177246,0
30.699520111084,0
28.5297336578369,0
28.2150421142578,0
29.4830455780029,0
31.2282562255859,0
32.7773475646973,0
34.6815528869629,0
37.8332481384277,0
42.1566734313965,0
46.519458770752,0
49.5532569885254,0
50.4205894470215,0
49.4819450378418,0
48.415454864502,0
48.7016677856445,0
49.6384010314941,0
49.1162986755371,0
46.9504203796387,0
45.7582893371582,0
47.2176971435547,0
49.1407508850098,0
48.4511947631836,0
45.9479827880859,0
45.3470458984375,0
47.8090629577637,0
50.2722511291504,0
49.8988075256348,0
47.6288566589355,0
45.9231262207031,0
45.0013046264648,0
43.3388977050781,0
40.816104888916,0
39.2596740722656,0
39.9506072998047,0
42.1761436462402,0
44.5853805541992,0
46.8100318908691,0
49.0531196594238,0
50.7845039367676,0
50.9427146911621,0
49.6459732055664,0
48.8229484558105,0
50.1496963500977,0
52.5339050292969,0
52.8651733398438,0
49.722339630127,0
45.2138557434082,0
42.3187561035156,0
41.5034103393555,0
41.1595191955566,0
40.2203826904297,0
38.4662590026855,0
35.1378479003906,0
29.9303741455078,0
25.3394165039062,0
24.9439811706543,0
28.1798076629639,0
29.6135082244873,0
25.6142196655273,0
19.6633014678955,0
18.131067276001,0
21.9433650970459,0
25.80446434021,0
25.7200298309326,0
23.8559169769287,0
24.3836994171143,0
27.0811920166016,0
27.7354888916016,0
24.0049152374268,0
18.2993640899658,0
14.4008827209473,0
13.0640144348145,0
12.1623592376709,0
10.2678470611572,0
8.49012660980225,0
8.4797477722168,0
9.77468872070312,0
10.2193422317505,0
8.70469760894775,0
6.29144811630249,0
4.33170986175537,0
2.67346668243408,0
0.617929399013519,0
-1.30748784542084,0
-2.00912857055664,0
-1.93749523162842,0
-2.95718312263489,0
-5.83938789367676,0
-9.21134281158447,0
-11.478536605835,0
-12.5511035919189,0
-12.9748792648315,0
-12.5919818878174,0
-11.2059764862061,0
-9.68459701538086,0
-8.96662521362305,0
-8.26958656311035,0
-5.58865547180176,0
-0.133469000458717,0
6.62341165542603,0
12.5424070358276,0
16.8233165740967,0
20.2007503509521,0
23.5665035247803,0
26.6335430145264,0
27.9330139160156,0
26.3252086639404,0
22.6265602111816,0
19.2948341369629,0
18.1186294555664,0
18.5887889862061,0
18.9620113372803,0
18.463809967041,0
17.7866268157959,0
17.7174911499023,0
18.064474105835,0
18.0017261505127,0
16.9690532684326,0
15.1584148406982,0
13.4472770690918,0
12.8602724075317,0
13.8177614212036,0
15.8405733108521,0
18.0052032470703,0
19.569356918335,0
20.2716808319092,0
20.4231452941895,0
20.6535816192627,0
21.0100364685059,0
20.3514766693115,0
17.4973468780518,0
13.192533493042,0
9.90955352783203,0
9.04527378082275,0
9.12978935241699,0
7.67724180221558,0
4.2308931350708,0
0.57902330160141,0
-1.79084134101868,0
-3.43842196464539,0
-5.93279409408569,0
-9.59671974182129,0
-12.661413192749,0
-12.8318214416504,0
-9.90184879302979,0
-6.63967418670654,0
-6.42833614349365,0
-9.82406902313232,0
-13.9874811172485,0
-15.7166709899902,0
-14.4846563339233,0
-12.3586101531982,0
-11.7049264907837,0
-13.2675704956055,0
-15.6512231826782,0
-16.2246131896973,0
-13.3612155914307,0
-8.34377098083496,0
-4.20508623123169,0
-2.09210920333862,0
0.112833842635155,0
4.54022264480591,0
9.8450870513916,0
12.6471490859985,0
11.8401851654053,0
9.40934181213379,0
6.83808469772339,0
2.90438437461853,0
-3.75261783599854,0
-11.4390535354614,0
-16.6297760009766,0
-17.8830509185791,0
-16.8802146911621,0
-15.5944604873657,0
-14.139612197876,0
-12.1454257965088,0
-10.8232517242432,0
-12.1272916793823,0
-16.2755851745605,0
-21.4413528442383,0
-25.9023475646973,0
-29.3154144287109,0
-31.7157115936279,0
-32.628589630127,0
-31.9147891998291,0
-30.4222640991211,0
-28.7870769500732,0
-26.4046039581299,0
-22.7752513885498,0
-19.1828460693359,0
-17.4557437896729,0
-17.2791690826416,0
-16.4565334320068,0
-14.0783100128174,0
-11.6623582839966,0
-10.4281187057495,0
-9.21039295196533,0
-6.45119953155518,0
-2.81937646865845,0
0.00712055340409279,0
2.12889003753662,0
4.69377422332764,0
6.8545503616333,0
6.15456008911133,0
2.38449811935425,0
-1.55279946327209,0
-3.78536534309387,0
-6.08759880065918,0
-10.5343189239502,0
-15.6353940963745,0
-18.4608554840088,0
-19.3592739105225,0
-21.4770774841309,0
-25.8044681549072,0
-29.6915245056152,0
-30.9444141387939,0
-30.7889633178711,0
-31.4083023071289,0
-32.5107231140137,0
-32.181526184082,0
-30.1052570343018,0
-28.1482048034668,0
-27.8604679107666,0
-28.5416164398193,0
-28.0752830505371,0
-25.3890781402588,0
-21.9854621887207,0
-20.6794261932373,0
-22.2733860015869,0
-23.9321937561035,0
-22.0270652770996,0
-16.5119228363037,0
-11.0732402801514,0
-8.66418647766113,0
-8.41065406799316,0
-7.62985563278198,0
-5.37119436264038,0
-2.61313486099243,0
0.030800549313426,0
3.07755470275879,0
6.72759628295898,0
9.94663143157959,0
11.45982837677,0
11.1485891342163,0
10.1447677612305,0
9.72381496429443,0
10.3192949295044,0
11.6559143066406,0
13.54616355896,0
15.9574775695801,0
18.2548751831055,0
19.3647994995117,0
19.2617969512939,0
19.1576309204102,0
19.1276435852051,0
16.8631019592285,0
10.8022041320801,0
3.63666391372681,0
-0.0406819768249989,0
0.393464773893356,0
0.92940765619278,0
-1.22648012638092,0
-4.17792940139771,0
-5.22233057022095,0
-5.24127435684204,0
-6.59268999099731,0
-8.79410934448242,0
-9.56748104095459,0
-9.06850910186768,0
-9.76721954345703,0
-12.3778219223022,0
-14.9793796539307,0
-16.5141468048096,0
-18.3303680419922,0
-21.3461799621582,0
-24.0891895294189,0
-24.9184093475342,0
-24.4857521057129,0
-24.6548748016357,0
-26.1900672912598,0
-28.5674285888672,0
-30.9476947784424,0
-32.384593963623,0
-32.197868347168,0
-31.1563777923584,0
-31.2780323028564,0
-33.4494400024414,0
-36.1986274719238,0
-37.823127746582,0
-38.7007064819336,0
-40.2182312011719,0
-42.2068176269531,0
-42.8921394348145,0
-41.1305351257324,0
-37.6185874938965,0
-33.9785346984863,0
-31.2274055480957,0
-28.8298244476318,0
-25.0463256835938,0
-19.1214561462402,0
-13.3886547088623,0
-11.6220808029175,0
-14.431113243103,0
-18.1242828369141,0
-19.6491222381592,0
-20.6572914123535,0
-24.1660194396973,0
-28.8418045043945,0
-30.2450351715088,0
-27.4391994476318,0
-24.5528030395508,0
-24.8005790710449,0
-26.2591762542725,0
-25.3933792114258,0
-22.154483795166,0
-19.2017250061035,0
-17.821268081665,0
-17.1565093994141,0
-16.5498065948486,0
-16.28053855896,0
-16.2683620452881,0
-15.9374046325684,0
-15.2815723419189,0
-14.5723657608032,0
-13.2982025146484,0
-11.0147409439087,0
-8.97389698028564,0
-8.90936946868896,0
-9.98837852478027,0
-9.09095191955566,0
-5.01795434951782,0
-0.575232744216919,0
0.94557648897171,0
-0.0659339800477028,0
-0.685942351818085,0
0.165779396891594,0
0.653135359287262,0
-0.817311882972717,0
-3.49252319335938,0
-5.92480850219727,0
-7.94112968444824,0
-9.84304428100586,0
-10.9798793792725,0
-10.6472682952881,0
-9.74016857147217,0
-9.96921062469482,0
-11.5242795944214,0
-12.7409782409668,0
-12.1340198516846,0
-9.64869785308838,0
-5.79887247085571,0
-0.88776558637619,0
4.2787446975708,0
7.98329544067383,0
9.00826930999756,0
8.10408687591553,0
7.18953418731689,0
7.1739673614502,0
7.22371625900269,0
6.21329021453857,0
4.34779405593872,0
3.09109139442444,0
3.65897989273071,0
5.67356204986572,0
7.26098394393921,0
6.57882976531982,0
3.37786221504211,0
-1.01049268245697,0
-5.23815155029297,0
-9.20269393920898,0
-13.5956373214722,0
-18.5966110229492,0
-23.5395069122314,0
-27.7954883575439,0
-31.464864730835,0
-35.0365562438965,0
-38.7387771606445,0
-42.4460983276367,0
-45.9035453796387,0
-48.7093200683594,0
-50.3065795898438,0
-50.4625053405762,0
-49.7610740661621,0
-49.2065582275391,0
-49.207389831543,0
-49.2747268676758,0
-48.8170127868652,0
-47.749885559082,0
-46.0191268920898,0
-43.0738182067871,0
-38.4996757507324,0
-32.8766593933105,0
-27.1608123779297,0
-21.3152198791504,0
-14.6419849395752,0
-7.78897523880005,0
-3.22464394569397,0
-2.69473624229431,0
-4.84708976745605,0
-6.45918321609497,0
-5.64353084564209,0
-2.7934262752533,0
1.09995400905609,0
5.29050207138062,0
8.27119445800781,0
7.96705198287964,0
4.21449184417725,0
-0.248848497867584,0
-2.77567291259766,0
-3.93473982810974,0
-6.08209562301636,0
-9.54025459289551,0
-12.238597869873,0
-13.0562896728516,0
-13.3463726043701,0
-14.4855508804321,0
-15.7631978988647,0
-15.7825393676758,0
-14.4785203933716,0
-12.4312877655029,0
-9.33606815338135,0
-4.70743799209595,0
0.532602369785309,0
4.60265874862671,0
6.71123790740967,0
7.27579164505005,0
6.71963596343994,0
5.28770732879639,0
3.85553550720215,0
3.64912128448486,0
4.93485546112061,0
6.7876238822937,0
8.29277324676514,0
9.42151737213135,0
10.7558460235596,0
12.8018751144409,0
15.3850545883179,0
17.3500061035156,0
17.2661075592041,0
14.8643522262573,0
11.295184135437,0
7.64878845214844,0
4.01103210449219,0
0.309945195913315,0
-3.17204833030701,0
-6.78142738342285,0
-11.3132038116455,0
-15.6049919128418,0
-16.2202014923096,0
-11.6943073272705,0
-5.52211046218872,0
-2.07688021659851,0
-0.663760662078857,0
2.86103343963623,0
8.89661026000977,0
12.6191816329956,0
10.7363939285278,0
5.97730016708374,0
2.82859826087952,0
1.973188996315,0
1.70010030269623,0
2.20709323883057,0
4.81671380996704,0
8.21087265014648,0
9.26282596588135,0
7.6280722618103,0
6.28232479095459,0
6.85827445983887,0
7.26661729812622,0
5.18147563934326,0
1.58054530620575,0
-0.930355966091156,0
-1.74492192268372,0
-2.29053378105164,0
-3.34667086601257,0
-4.26638650894165,0
-4.65462875366211,0
-5.16998195648193,0
-6.40710830688477,0
-8.18795490264893,0
-10.3128480911255,0
-13.064169883728,0
-16.5601463317871,0
-20.3144702911377,0
-23.672477722168,0
-25.9237270355225,0
-25.9005718231201,0
-22.7420425415039,0
-17.6977920532227,0
-13.866003036499,0
-12.9170064926147,0
-13.0747499465942,0
-11.8336591720581,0
-9.69878387451172,0
-9.02313423156738,0
-9.62599277496338,0
-8.57658290863037,0
-5.10269021987915,0
-2.65182495117188,0
-3.96142554283142,0
-6.50502157211304,0
-5.93764877319336,0
-2.61723256111145,0
-0.963949620723724,0
-2.57953310012817,0
-3.99565434455872,0
-2.46056771278381,0
-0.410553902387619,0
-1.78137981891632,0
-6.39374256134033,0
-10.8856935501099,0
-13.6000747680664,0
-15.5107049942017,0
-17.2329654693604,0
-18.3047828674316,0
-19.3176307678223,0
-21.7377967834473,0
-25.0261154174805,0
-26.4824466705322,0
-24.81201171875,0
-21.6521892547607,0
-18.6440753936768,0
-15.1391363143921,0
-9.99068641662598,0
-3.63817548751831,0
2.9221568107605,0
9.32688140869141,0
14.5120344161987,0
16.2118759155273,0
13.8438186645508,0
10.2369565963745,0
8.18219184875488,0
6.65930700302124,0
3.05580949783325,0
-2.06782102584839,0
-5.50052738189697,0
-6.08785057067871,0
-5.67656469345093,0
-5.30351734161377,0
-3.73294544219971,0
-0.597459673881531,0
2.01200127601624,0
2.48192358016968,0
1.73043167591095,0
0.836165308952332,0
-1.02151370048523,0
-4.33436393737793,0
-7.04722023010254,0
-7.00688457489014,0
-5.28812217712402,0
-4.62465715408325,0
-5.42774724960327,0
-5.93684339523315,0
-5.93790149688721,0
-7.57717084884644,0
-11.9200716018677,0
-16.9780254364014,0
-20.3267459869385,0
-22.1236877441406,0
-24.1785163879395,0
-27.061372756958,0
-29.6614398956299,0
-31.2858333587646,0
-32.8201065063477,0
-35.5126152038574,0
-39.4748153686523,0
-43.823917388916,0
-47.7262916564941,0
-50.7306709289551,0
-52.4091567993164,0
-52.451774597168,0
-51.3556709289551,0
-50.5621719360352,0
-51.398509979248,0
-53.7239761352539,0
-55.6893882751465,0
-55.0493278503418,0
-51.087947845459,0
-45.4122695922852,0
-40.5039978027344,0
-37.2941703796387,0
-34.7652549743652,0
-32.352352142334,0
-31.5886516571045,0
-33.8117179870605,0
-36.825855255127,0
-36.1560707092285,0
-30.2400646209717,0
-22.4361419677734,0
-16.8371067047119,0
-13.8912029266357,0
-11.5915441513062,0
-9.1381721496582,0
-7.03508186340332,0
-4.58782958984375,0
-0.0922673419117928,0
6.32070636749268,0
12.1840076446533,0
15.6348400115967,0
17.4304866790771,0
19.629566192627,0
23.4235382080078,0
28.4722747802734,0
33.3099632263184,0
36.392032623291,0
37.792350769043,0
39.5386352539062,0
42.8701591491699,0
45.634880065918,0
44.4183006286621,0
39.1750221252441,0
33.4657096862793,0
29.7849712371826,0
27.128381729126,0
23.9332389831543,0
20.6845951080322,0
17.9819469451904,0
14.4285278320312,0
8.71965408325195,0
2.12482953071594,0
-3.44933724403381,0
-8.47926235198975,0
-14.380313873291,0
-20.1193389892578,0
-23.1523857116699,0
-23.4050331115723,0
-23.5546398162842,0
-25.133674621582,0
-26.823844909668,0
-27.1531944274902,0
-26.619701385498,0
-26.2305126190186,0
-25.7893581390381,0
-24.6991081237793,0
-23.0747470855713,0
-21.1675930023193,0
-18.89772605896,0
-16.6735439300537,0
-15.4244365692139,0
-15.1144723892212,0
-14.5116357803345,0
-13.1906127929688,0
-12.4297523498535,0
-13.2174797058105,0
-14.6629800796509,0
-15.4020395278931,0
-15.3319025039673,0
-14.8493604660034,0
-13.6523475646973,0
-11.6165046691895,0
-9.62263011932373,0
-7.94164419174194,0
-4.92986536026001,0
0.772124469280243,0
7.59594631195068,0
12.7620544433594,0
16.2007598876953,0
20.43385887146,0
26.4316844940186,0
31.8946723937988,0
34.4355773925781,0
34.5786743164062,0
34.4167404174805,0
34.6410255432129,0
34.2635650634766,0
32.5653991699219,0
30.1035194396973,0
27.9476737976074,0
26.6246356964111,0
25.8150844573975,0
24.9533004760742,0
24.3888854980469,0
25.734769821167,0
30.1588344573975,0
36.2288208007812,0
40.6308479309082,0
41.6675720214844,0
41.113094329834,0
41.8098220825195,0
44.2511024475098,0
46.5239677429199,0
46.9307518005371,0
45.3836708068848,0
42.5693511962891,0
39.260368347168,0
36.7120246887207,0
36.3403968811035,0
38.1069488525391,0
39.9679718017578,0
39.8465957641602,0
37.8241729736328,0
35.6386222839355,0
34.2670860290527,0
32.8328819274902,0
29.9310169219971,0
25.3236560821533,0
20.1388301849365,0
15.919017791748,0
13.5946474075317,0
12.8277473449707,0
12.163067817688,0
10.3110637664795,0
7.39291429519653,0
4.3885931968689,0
1.48114812374115,0
-1.99990928173065,0
-5.86225700378418,0
-8.78263092041016,0
-10.5493192672729,0
-13.0473623275757,0
-17.5192546844482,0
-22.0470790863037,0
-23.7891082763672,0
-23.0602550506592,0
-22.8440570831299,0
-24.2803134918213,0
-25.154239654541,0
-23.660717010498,0
-21.3424911499023,0
-20.6342906951904,0
-21.0971183776855,0
-20.2266120910645,0
-17.3679161071777,0
-14.742392539978,0
-14.3319530487061,0
-15.3786916732788,0
-15.8721303939819,0
-15.5839958190918,0
-16.3954811096191,0
-19.6601982116699,0
-24.2923564910889,0
-28.0440368652344,0
-29.9623680114746,0
-30.6001453399658,0
-30.2452583312988,0
-28.5104904174805,0
-25.9396266937256,0
-24.2456588745117,0
-23.8952941894531,0
-23.0406074523926,0
-20.4567070007324,0
-18.0998039245605,0
-18.4131317138672,0
-20.0554046630859,0
-19.3348369598389,0
-15.8715534210205,0
-13.5704460144043,0
-14.9158687591553,0
-17.317907333374,0
-17.0836219787598,0
-14.5476713180542,0
-12.6345624923706,0
-12.1284637451172,0
-11.5920267105103,0
-11.2050905227661,0
-13.2704830169678,0
-18.4465847015381,0
-24.2956771850586,0
-28.6507377624512,0
-32.2070426940918,0
-36.4212188720703,0
-40.6918067932129,0
-43.412239074707,0
-44.6625442504883,0
-46.0179710388184,0
-48.2147598266602,0
-50.5512084960938,0
-52.2872848510742,0
-53.2023887634277,0
-52.9355239868164,0
-51.2886505126953,0
-49.4041366577148,0
-49.2520561218262,0
-51.3525199890137,0
-54.0212478637695,0
-55.4570465087891,0
-55.5578536987305,0
-54.8506393432617,0
-52.7176399230957,0
-48.2971115112305,0
-42.8093299865723,0
-39.0493621826172,0
-37.8148956298828,0
-36.3552322387695,0
-31.8254261016846,0
-25.3819465637207,0
-20.9684410095215,0
-20.2704429626465,0
-21.0326843261719,0
-20.8868503570557,0
-20.4785041809082,0
-21.1968955993652,0
-21.8325271606445,0
-20.1579742431641,0
-16.8525142669678,0
-14.9070148468018,0
-15.2283735275269,0
-15.7397050857544,0
-15.3218603134155,0
-15.6221580505371,0
-17.6112957000732,0
-19.1252040863037,0
-18.0029354095459,0
-15.5728998184204,0
-14.4589776992798,0
-14.3970546722412,0
-13.0804004669189,0
-10.4396944046021,0
-9.20483875274658,0
-11.0875015258789,0
-14.7571802139282,0
-18.0288333892822,0
-20.0890922546387,0
-21.0087985992432,0
-20.8384590148926,0
-20.0723705291748,0
-19.7855854034424,0
-20.5110206604004,0
-21.7116374969482,0
-22.6501655578613,0
-22.9777355194092,0
-22.4965419769287,0
-21.4934253692627,0
-21.332202911377,0
-23.3046092987061,0
-26.5833282470703,0
-28.6789798736572,0
-28.3695182800293,0
-26.9101543426514,0
-26.0008506774902,0
-26.0806751251221,0
-27.1690082550049,0
-29.593204498291,0
-32.7419891357422,0
-34.6382598876953,0
-34.2392539978027,0
-33.0778312683105,0
-33.2315101623535,0
-34.683650970459,0
-36.1569900512695,0
-37.5320625305176,0
-39.6549377441406,0
-42.4602088928223,0
-45.1351737976074,0
-47.6513824462891,0
-50.2633857727051,0
-51.917308807373,0
-51.2939338684082,0
-49.3618431091309,0
-48.7249641418457,0
-50.2508277893066,0
-52.5330696105957,0
-54.9492683410645,0
-58.5690650939941,0
-63.0550422668457,0
-65.466667175293,0
-64.1143112182617,0
-61.3462371826172,0
-59.9516258239746,0
-58.4603424072266,0
-53.1183776855469,0
-43.7760772705078,0
-34.4893493652344,0
-27.9269313812256,0
-22.1880970001221,0
-14.396053314209,0
-5.020188331604,0
3.273592710495,0
9.45956993103027,0
14.5741386413574,0
18.980640411377,0
21.5069522857666,0
21.6375122070312,0
20.7438011169434,0
20.1616268157959,0
19.2184314727783,0
16.3920459747314,0
11.7535495758057,0
6.8941593170166,0
2.68296313285828,0
-1.41897547245026,0
-5.68630695343018,0
-9.435378074646,0
-12.6712312698364,0
-16.7196235656738,0
-21.8939018249512,0
-26.0533332824707,0
-27.4023895263672,0
-27.5257930755615,0
-29.1492614746094,0
-31.5797080993652,0
-31.3889446258545,0
-27.7425327301025,0
-23.836311340332,0
-22.0493011474609,0
-20.7626762390137,0
-17.7904872894287,0
-14.2409753799438,0
-12.4508180618286,0
-12.1068086624146,0
-11.245756149292,0
-9.7513599395752,0
-8.99217510223389,0
-8.85976600646973,0
-8.05897903442383,0
-6.94307041168213,0
-7.24149370193481,0
-8.95242023468018,0
-10.1780738830566,0
-10.3751878738403,0
-11.1736373901367,0
-13.2232208251953,0
-14.5923318862915,0
-13.4197645187378,0
-10.2180624008179,0
-6.36308860778809,0
-2.10078716278076,0
2.43521046638489,0
5.64472675323486,0
5.73165464401245,0
3.00685453414917,0
-0.399070233106613,0
-2.80426406860352,0
-4.04551935195923,0
-4.71614551544189,0
-5.28160953521729,0
-5.77664613723755,0
-5.68089437484741,0
-4.14937877655029,0
-0.758721113204956,0
4.01590061187744,0
9.05271816253662,0
12.9983406066895,0
14.7143964767456,0
14.1537790298462,0
12.7457103729248,0
11.9699583053589,0
11.6303510665894,0
10.7565975189209,0
10.0766696929932,0
11.6623029708862,0
15.5806541442871,0
19.0378513336182,0
20.1409912109375,0
20.5328636169434,0
22.4091358184814,0
24.6854763031006,0
24.7460708618164,0
22.8943214416504,0
22.0015735626221,0
22.9332427978516,0
23.3191909790039,0
21.3216972351074,0
17.8287925720215,0
14.0486841201782,0
9.78526306152344,0
5.73992490768433,0
4.94516038894653,0
9.33203506469727,0
16.3478107452393,0
21.5104751586914,0
23.4334144592285,0
23.9197311401367,0
23.8067264556885,0
21.6547508239746,0
16.9116516113281,0
11.8020162582397,0
8.92377853393555,0
8.6101131439209,0
9.60642433166504,0
10.8223609924316,0
11.3337354660034,0
10.1198759078979,0
7.326819896698,0
4.85268354415894,0
4.15963363647461,0
4.20011901855469,0
3.14876222610474,0
1.73352181911469,0
2.89514398574829,0
7.92534160614014,0
14.7554407119751,0
20.772424697876,0
25.7043266296387,0
30.5200672149658,0
34.763370513916,0
36.7364540100098,0
35.9586791992188,0
34.0017585754395,0
32.9065170288086,0
33.818531036377,0
36.9544486999512,0
41.5910339355469,0
46.014762878418,0
48.7779808044434,0
50.2949371337891,0
52.0570259094238,0
54.065731048584,0
54.3957252502441,0
51.7071723937988,0
46.7397537231445,0
40.7264404296875,0
33.9870147705078,0
27.1153755187988,0
21.8319683074951,0
18.9555549621582,0
16.7224273681641,0
12.9070606231689,0
7.7031626701355,0
2.78255558013916,0
-1.44099986553192,0
-5.43448066711426,0
-8.31880187988281,0
-8.71574020385742,0
-7.54077959060669,0
-7.12335681915283,0
-7.34833383560181,0
-5.64925527572632,0
-1.58560502529144,0
1.72025418281555,0
2.34164142608643,0
2.87653493881226,0
6.57853555679321,0
12.3983106613159,0
16.9093704223633,0
19.729513168335,0
23.5774192810059,0
29.3093242645264,0
34.3141174316406,0
36.5546798706055,0
37.3498344421387,0
38.7290954589844,0
40.1433753967285,0
39.5306701660156,0
36.2202606201172,0
31.0663795471191,0
24.7959270477295,0
18.1415691375732,0
12.9765024185181,0
11.1575994491577,0
12.0405836105347,0
12.886869430542,0
12.2037715911865,0
11.1480922698975,0
11.0537395477295,0
11.3162784576416,0
10.9135408401489,0
10.4172010421753,0
10.6329526901245,0
10.3572549819946,0
7.83461904525757,0
4.03619432449341,0
1.97337353229523,0
2.479740858078,0
3.10924649238586,0
1.95348954200745,0
0.0873497352004051,0
-1.07617592811584,0
-2.39677238464355,0
-4.826500415802,0
-6.56899166107178,0
-5.20187997817993,0
-1.61735498905182,0
0.891974687576294,0
1.03334307670593,0
0.483388721942902,0
0.736389219760895,0
1.57945334911346,0
2.72871947288513,0
4.29203748703003,0
5.23028516769409,0
4.1590633392334,0
2.47604370117188,0
3.67033720016479,0
7.85557699203491,0
9.76560497283936,0
4.78650236129761,0
-4.91841220855713,0
-13.1845102310181,0
-17.457160949707,0
-20.3455505371094,0
-23.9433307647705,0
-26.1910800933838,0
-24.1539535522461,0
-18.3437595367432,0
-11.8435916900635,0
-6.60627460479736,0
-2.55409240722656,0
0.489116817712784,0
2.07096576690674,0
2.43884778022766,0
3.00164246559143,0
4.84951114654541,0
7.73528432846069,0
10.9626226425171,0
14.3348741531372,0
17.5559406280518,0
19.6003017425537,0
19.8526744842529,0
19.5552406311035,0
20.9854393005371,0
25.1248683929443,0
31.0236072540283,0
37.4745140075684,0
44.1875610351562,0
50.9501724243164,0
56.7953262329102,0
60.8637084960938,0
63.3359756469727,0
64.6669235229492,0
64.6459655761719,0
63.3200225830078,0
62.1817741394043,0
62.7991790771484,0
64.2416534423828,0
63.5313758850098,0
59.3461837768555,0
53.9764404296875,0
50.5558586120605,0
49.2968559265137,0
47.8251152038574,0
44.7611083984375,0
41.3833236694336,0
39.4712829589844,0
38.7986717224121,0
37.5941314697266,0
34.8809814453125,0
31.5805339813232,0
29.4068660736084,0
29.0679626464844,0
29.5623645782471,0
29.2383441925049,0
27.7097930908203,0
26.4400024414062,0
26.8116111755371,0
27.8893718719482,0
27.2657890319824,0
24.3057289123535,0
21.1056976318359,0
19.4375171661377,0
18.1925258636475,0
15.3856430053711,0
11.6738157272339,0
9.79827499389648,0
10.7067356109619,0
12.2701034545898,0
12.3324813842773,0
11.2789115905762,0
10.6323919296265,0
10.5451374053955,0
10.1942682266235,0
10.0138902664185,0
11.8401641845703,0
16.3889312744141,0
21.604341506958,0
24.5200233459473,0
24.6818504333496,0
24.7641563415527,0
27.1775550842285,0
30.8716049194336,0
32.910026550293,0
33.0352401733398,0
34.7463188171387,0
41.0060958862305,0
50.5009155273438,0
59.4287528991699,0
65.529914855957,0
68.7214279174805,0
69.2363967895508,0
67.5998992919922,0
65.6956558227539,0
65.1650390625,0
64.7624816894531,0
61.7285957336426,0
56.0109481811523,0
50.7281188964844,0
47.9618453979492,0
46.5273475646973,0
44.8274688720703,0
43.5591583251953,0
44.0604209899902,0
45.6999549865723,0
46.5654029846191,0
45.7410621643066,0
43.7993240356445,0
42.0286140441895,0
41.9431571960449,0
44.2812576293945,0
47.6706504821777,0
49.6672058105469,0
49.9450263977051,0
50.8805389404297,0
54.0176048278809,0
57.767276763916,0
59.916072845459,0
60.5392417907715,0
60.7645797729492,0
60.5297889709473,0
59.6557197570801,0
59.3418579101562,0
59.987190246582,0
59.0791358947754,0
54.4333419799805,0
48.5283813476562,0
46.0477409362793,0
47.4416084289551,0
48.6661643981934,0
47.5253944396973,0
46.1217880249023,0
45.7811584472656,0
43.8560523986816,0
38.367977142334,0
32.4257431030273,0
30.2588996887207,0
30.9712181091309,0
30.2582473754883,0
27.2287921905518,0
25.3093147277832,0
26.2670497894287,0
27.2669429779053,0
25.0941066741943,0
20.2302131652832,0
15.1159725189209,0
10.8982696533203,0
7.91633367538452,0
7.38608598709106,0
9.97945499420166,0
13.5915336608887,0
14.9223184585571,0
13.3069915771484,0
11.273250579834,0
11.0904273986816,0
12.1977319717407,0
12.635443687439,0
12.0426769256592,0
12.2402515411377,0
14.813063621521,0
18.7465744018555,0
21.2554225921631,0
21.1930370330811,0
20.6535892486572,0
22.0514831542969,0
24.400032043457,0
24.5696830749512,0
22.2291641235352,0
20.8664436340332,0
22.7228984832764,0
25.3165740966797,0
25.3080272674561,0
23.7441825866699,0
24.1392307281494,0
26.3764934539795,0
26.4928131103516,0
23.0559539794922,0
20.0067939758301,0
21.1801776885986,0
24.7070446014404,0
25.5711002349854,0
22.2190628051758,0
17.7694778442383,0
15.0803728103638,0
13.2957830429077,0
9.96875,0
4.79734039306641,0
0.115025393664837,0
-1.53711068630219,0
0.452591806650162,0
4.57253360748291,0
8.52390003204346,0
10.9701356887817,0
12.3320217132568,0
13.7869234085083,0
15.4811000823975,0
16.0768280029297,0
14.1777067184448,0
9.84828758239746,0
4.54632091522217,0
-0.142195239663124,0
-3.49775648117065,0
-5.69274234771729,0
-7.15744543075562,0
-7.9341139793396,0
-7.65135717391968,0
-6.26049137115479,0
-4.67378425598145,0
-4.2789478302002,0
-5.76098394393921,0
-8.76929569244385,0
-12.7276496887207,0
-17.3074588775635,0
-21.8558177947998,0
-25.2195014953613,0
-26.9954280853271,0
-28.5201320648193,0
-31.5907802581787,0
-36.1829795837402,0
-40.2563896179199,0
-41.9207191467285,0
-41.0248794555664,0
-38.5238800048828,0
-35.2975692749023,0
-32.0551567077637,0
-29.4214744567871,0
-27.2926177978516,0
-24.8558235168457,0
-22.2091960906982,0
-21.2100429534912,0
-23.2326068878174,0
-26.3898849487305,0
-26.8961296081543,0
-23.8408737182617,0
-21.0102348327637,0
-22.6794052124023,0
-28.6076831817627,0
-34.6990928649902,0
-38.0153350830078,0
-39.3995056152344,0
-41.2096290588379,0
-44.3154144287109,0
-48.0062255859375,0
-51.3628425598145,0
-53.6068153381348,0
-54.0761451721191,0
-53.0033645629883,0
-51.6503601074219,0
-50.6650619506836,0
-49.0539665222168,0
-46.0023040771484,0
-42.9772415161133,0
-42.3649139404297,0
-44.315990447998,0
-46.6796531677246,0
-48.0366325378418,0
-48.8938064575195,0
-49.5292587280273,0
-48.7412872314453,0
-45.7852096557617,0
-41.848217010498,0
-38.3267402648926,0
-35.1650733947754,0
-32.3913078308105,0
-31.7532653808594,0
-34.657829284668,0
-39.396427154541,0
-42.7805290222168,0
-44.2117195129395,0
-45.8100357055664,0
-48.4293022155762,0
-49.9554672241211,0
-48.3462181091309,0
-44.373462677002,0
-40.2118072509766,0
-36.8179168701172,0
-33.921199798584,0
-31.4225654602051,0
-29.5496368408203,0
-28.4695682525635,0
-28.7770309448242,0
-31.4404563903809,0
-36.0795021057129,0
-40.1428642272949,0
-41.2741355895996,0
-40.1144714355469,0
-39.4378890991211,0
-40.7381477355957,0
-42.976936340332,0
-44.6522407531738,0
-45.6969032287598,0
-46.8728828430176,0
-48.3163604736328,0
-49.3612899780273,0
-49.298999786377,0
-47.8923225402832,0
-45.5856819152832,0
-43.5909080505371,0
-43.330623626709,0
-45.1956787109375,0
-47.8764953613281,0
-49.3532485961914,0
-48.7681350708008,0
-47.1737937927246,0
-46.1921577453613,0
-45.9616432189941,0
-44.8004417419434,0
-41.1859893798828,0
-35.7156562805176,0
-30.4951114654541,0
-26.6579093933105,0
-23.2106304168701,0
-18.5827674865723,0
-12.7381658554077,0
-7.34691190719604,0
-4.21954107284546,0
-3.8651978969574,0
-5.20830631256104,0
-6.36706399917603,0
-6.07168912887573,0
-4.84242582321167,0
-4.698814868927,0
-7.26811408996582,0
-11.9802980422974,0
-16.2690162658691,0
-17.8551368713379,0
-17.0604457855225,0
-16.6304416656494,0
-18.6927795410156,0
-21.9763278961182,0
-23.0338401794434,0
-20.4908294677734,0
-16.6767253875732,0
-14.1117601394653,0
-12.0875730514526,0
-8.88824939727783,0
-6.20329236984253,0
-7.97521305084229,0
-14.4054622650146,0
-20.2879962921143,0
-21.0251789093018,0
-18.014087677002,0
-15.9908285140991,0
-16.8838081359863,0
-18.8776187896729,0
-20.2799396514893,0
-21.0943832397461,0
-20.8658409118652,0
-18.2352161407471,0
-13.8859586715698,0
-11.4626951217651,0
-13.5028629302979,0
-17.7664966583252,0
-19.6498565673828,0
-17.6186809539795,0
-14.3028688430786,0
-12.4268140792847,0
-11.7814388275146,0
-10.7747344970703,0
-9.06524467468262,0
-7.42653369903564,0
-6.33439302444458,0
-6.06489133834839,0
-7.1003737449646,0
-8.84647083282471,0
-8.9093770980835,0
-5.72314310073853,0
-1.44833636283875,0
0.00705141667276621,0
-2.084392786026,0
-4.53845548629761,0
-4.73396730422974,0
-3.3365843296051,0
-1.72254908084869,0
0.691103518009186,0
4.78046751022339,0
9.37639045715332,0
12.6650638580322,0
14.5320692062378,0
15.5678405761719,0
15.0572471618652,0
12.1964235305786,0
8.40338516235352,0
6.09191942214966,0
5.55881452560425,0
5.13607788085938,0
4.09072065353394,0
3.32539558410645,0
3.38256096839905,0
3.84383225440979,0
4.83173227310181,0
7.12836313247681,0
10.3841543197632,0
12.8711957931519,0
13.4915895462036,0
12.6950578689575,0
11.2348957061768,0
9.54925441741943,0
8.58501148223877,0
9.45931053161621,0
11.6908721923828,0
13.3400573730469,0
13.6133813858032,0
13.8491449356079,0
15.1718587875366,0
16.7714290618896,0
17.6288909912109,0
18.5116310119629,0
20.7741432189941,0
24.1200389862061,0
26.9407424926758,0
28.1543064117432,0
27.4617595672607,0
24.5812644958496,0
19.7902355194092,0
14.8837413787842,0
12.1939496994019,0
12.6613569259644,0
15.6293106079102,0
19.9157485961914,0
24.0765342712402,0
26.6021919250488,0
27.582612991333,0
29.5249729156494,0
34.4787178039551,0
40.6650428771973,0
44.2349739074707,0
44.4268531799316,0
44.4586143493652,0
46.6464881896973,0
49.1427841186523,0
48.8322601318359,0
45.3598098754883,0
40.6280746459961,0
35.987606048584,0
31.7557258605957,0
28.278844833374,0
25.7030563354492,0
23.5976390838623,0
22.2368793487549,0
23.1404304504395,0
26.7959747314453,0
31.0650978088379,0
33.6967277526855,0
35.2839317321777,0
37.5685348510742,0
39.8293533325195,0
39.6810760498047,0
37.1295738220215,0
34.9705390930176,0
34.728630065918,0
34.8226585388184,0
33.767993927002,0
32.8797874450684,0
34.0973434448242,0
36.6377601623535,0
37.7534294128418,0
36.2348327636719,0
33.5531806945801,0
31.6142845153809,0
30.7126617431641,0
30.0779323577881,0
29.4866161346436,0
29.5239677429199,0
30.4799423217773,0
31.6824188232422,0
32.1298904418945,0
31.3311882019043,0
29.1954212188721,0
25.5829944610596,0
20.6826553344727,0
15.6180868148804,0
11.7493438720703,0
9.14270782470703,0
6.45463132858276,0
2.67125988006592,0
-1.58484268188477,0
-4.77844762802124,0
-6.04727506637573,0
-5.89929437637329,0
-5.78012704849243,0
-6.98474407196045,0
-9.44761371612549,0
-11.6210689544678,0
-12.1499004364014,0
-11.504997253418,0
-11.172664642334,0
-11.5319499969482,0
-11.7527055740356,0
-11.6788558959961,0
-12.2554225921631,0
-13.7512521743774,0
-15.0895433425903,0
-15.6343030929565,0
-16.3738288879395,0
-18.5754146575928,0
-22.2873611450195,0
-26.6858139038086,0
-30.7546215057373,0
-33.2346992492676,0
-33.3942604064941,0
-32.4291381835938,0
-32.4408416748047,0
-33.3252639770508,0
-32.6567039489746,0
-29.6836986541748,0
-27.0594177246094,0
-26.7912063598633,0
-26.8172206878662,0
-24.2928123474121,0
-20.4363231658936,0
-18.7866401672363,0
-19.7192344665527,0
-20.3045024871826,0
-19.3233985900879,0
-18.7459163665771,0
-19.7384071350098,0
-20.7395973205566,0
-20.7591304779053,0
-21.4913063049316,0
-24.3549709320068,0
-27.9145355224609,0
-30.1801700592041,0
-31.3640041351318,0
-32.3116722106934,0
-32.1356353759766,0
-29.8654098510742,0
-27.079439163208,0
-26.3337268829346,0
-27.7664337158203,0
-29.6022186279297,0
-31.3875217437744,0
-34.2451553344727,0
-38.1292839050293,0
-41.3132591247559,0
-42.9408111572266,0
-43.9324378967285,0
-44.7943954467773,0
-44.5217094421387,0
-42.5818901062012,0
-40.2900657653809,0
-39.0067596435547,0
-38.2013969421387,0
-36.5753517150879,0
-34.2364273071289,0
-32.3931159973145,0
-31.2432975769043,0
-29.3979454040527,0
-25.569393157959,0
-20.0631484985352,0
-14.2658452987671,0
-9.08916282653809,0
-4.42941761016846,0
-0.203806236386299,0
2.62558245658875,0
2.75671792030334,0
0.242828458547592,0
-3.36081862449646,0
-6.90179061889648,0
-10.8440990447998,0
-15.9427318572998,0
-21.5198402404785,0
-26.0406265258789,0
-28.9215278625488,0
-30.8585014343262,0
-32.7462997436523,0
-35.0012397766113,0
-37.3540420532227,0
-38.5614776611328,0
-37.2411003112793,0
-34.0248069763184,0
-31.7381858825684,0
-31.954948425293,0
-32.5857238769531,0
-30.9251155853271,0
-27.9752559661865,0
-27.006046295166,0
-28.4260883331299,0
-29.3246383666992,0
-28.2691612243652,0
-27.0732402801514,0
-26.6474170684814,0
-24.3963947296143,0
-18.0657691955566,0
-10.066517829895,0
-5.46330690383911,0
-6.54434156417847,0
-11.0203218460083,0
-14.7806167602539,0
-15.1640424728394,0
-12.4179172515869,0
-9.22195148468018,0
-8.25536918640137,0
-9.54715538024902,0
-10.9425706863403,0
-11.3569669723511,0
-12.0510807037354,0
-14.142014503479,0
-16.6494007110596,0
-18.0526065826416,0
-18.2000045776367,0
-17.5581073760986,0
-16.1255474090576,0
-14.3001470565796,0
-13.2467794418335,0
-13.0336761474609,0
-11.9362125396729,0
-9.09126567840576,0
-6.29456615447998,0
-5.37693977355957,0
-5.16507148742676,0
-3.04230070114136,0
1.55258870124817,0
7.16970825195312,0
12.8535747528076,0
18.3835544586182,0
22.7889099121094,0
25.1142768859863,0
26.5131149291992,0
29.3183631896973,0
33.8365287780762,0
38.0025177001953,0
40.4591941833496,0
42.102352142334,0
44.1493453979492,0
46.4706878662109,0
48.5087776184082,0
50.2654685974121,0
51.5591011047363,0
51.7007217407227,0
50.8440589904785,0
50.4084663391113,0
51.078685760498,0
51.4896430969238,0
50.2189407348633,0
48.241813659668,0
47.804328918457,0
49.1473846435547,0
49.8873176574707,0
47.8082580566406,0
42.9935035705566,0
36.9101638793945,0
30.7485103607178,0
25.4434986114502,0
22.1536731719971,0
21.2862930297852,0
21.3540153503418,0
20.0533199310303,0
16.6937198638916,0
12.7922735214233,0
10.1555957794189,0
9.1601448059082,0
9.14228630065918,0
9.64746952056885,0
10.7250089645386,0
12.4451398849487,0
14.5863800048828,0
16.5111179351807,0
17.1939830780029,0
16.0138854980469,0
13.8987922668457,0
12.9235696792603,0
14.0229511260986,0
15.6796836853027,0
15.7871332168579,0
14.3154926300049,0
12.9021263122559,0
12.0226316452026,0
10.2284030914307,0
6.82134246826172,0
3.84213709831238,0
3.97980737686157,0
7.10446882247925,0
10.3870944976807,0
11.9127683639526,0
12.7837858200073,0
15.0867080688477,0
19.063793182373,0
23.5759811401367,0
28.6333999633789,0
35.5892295837402,0
44.3887519836426,0
52.1815452575684,0
55.9311904907227,0
55.7395362854004,0
54.4321708679199,0
54.2764549255371,0
55.3402557373047,0
56.8011627197266,0
58.2144927978516,0
59.0597610473633,0
58.5800857543945,0
57.1178703308105,0
56.5421295166016,0
58.0546875,0
60.1583518981934,0
60.0849075317383,0
56.9508590698242,0
52.2393226623535,0
47.2522087097168,0
41.5073890686035,0
34.0909004211426,0
25.388298034668,0
16.6598033905029,0
8.73902034759521,0
2.15701103210449,0
-1.97642374038696,0
-2.54677128791809,0
-0.154205530881882,0
2.69883871078491,0
3.81490516662598,0
3.3068790435791,0
2.87776732444763,0
3.48951768875122,0
4.55002307891846,0
5.32003307342529,0
6.06972980499268,0
7.28745698928833,0
8.52327060699463,0
8.96303939819336,0
8.87713241577148,0
9.60653781890869,0
12.0839653015137,0
16.017219543457,0
20.4684600830078,0
24.508472442627,0
27.3456268310547,0
28.7242851257324,0
29.4193592071533,0
30.5202331542969,0
31.9114017486572,0
32.1945762634277,0
30.4277515411377,0
27.2068881988525,0
23.7166004180908,0
20.5475387573242,0
17.9012718200684,0
16.1040534973145,0
15.262547492981,0
15.084644317627,0
15.6452322006226,0
17.6388053894043,0
21.1936454772949,0
25.0580158233643,0
27.659553527832,0
28.4369201660156,0
27.5801982879639,0
25.2575702667236,0
21.9461860656738,0
18.8285140991211,0
16.8124942779541,0
15.5524091720581,0
14.3579835891724,0
13.7585859298706,0
15.3006153106689,0
19.899507522583,0
26.8368949890137,0
34.0216789245605,0
39.0222663879395,0
40.7370338439941,0
40.5209465026855,0
40.565128326416,0
40.613151550293,0
37.8812026977539,0
31.2721939086914,0
23.6930885314941,0
18.2921695709229,0
14.3133487701416,0
9.46806526184082,0
4.87421846389771,0
3.8850998878479,0
6.51618432998657,0
9.1139030456543,0
10.0475692749023,0
11.6329965591431,0
15.0736837387085,0
17.6573848724365,0
17.5281848907471,0
17.6201820373535,0
21.2570247650146,0
26.4175243377686,0
28.4201431274414,0
26.7316608428955,0
24.9386100769043,0
24.7011222839355,0
23.9959831237793,0
21.5462131500244,0
18.8695583343506,0
16.7659893035889,0
13.3462896347046,0
7.36408567428589,0
0.564180791378021,0
-5.47009420394897,0
-12.2861938476562,0
-21.5463104248047,0
-30.6720676422119,0
-34.7752532958984,0
-32.7839813232422,0
-29.053409576416,0
-28.3177013397217,0
-30.8787994384766,0
-33.591438293457,0
-34.1940269470215,0
-33.4154472351074,0
-33.367259979248,0
-35.1238555908203,0
-38.2547225952148,0
-42.0257225036621,0
-46.088794708252,0
-49.7118682861328,0
-51.1534233093262,0
-48.9377021789551,0
-43.8905830383301,0
-39.0349617004395,0
-36.9370803833008,0
-37.5464286804199,0
-38.9097328186035,0
-39.397533416748,0
-38.6659317016602,0
-36.930477142334,0
-34.2943344116211,0
-31.0944652557373,0
-28.3759899139404,0
-27.4280281066895,0
-28.7410984039307,0
-31.7282772064209,0
-35.7172660827637,0
-40.9094886779785,0
-47.7143592834473,0
-55.1155738830566,0
-60.619987487793,0
-62.5247611999512,0
-61.7136001586914,0
-60.3885498046875,0
-59.3456115722656,0
-57.4441032409668,0
-53.6731643676758,0
-48.6938438415527,0
-44.0209350585938,0
-40.4552764892578,0
-37.7244758605957,0
-35.1046905517578,0
-32.083137512207,0
-28.966760635376,0
-27.0981502532959,0
-27.7253322601318,0
-30.1616744995117,0
-31.8484039306641,0
-31.0866794586182,0
-29.1033687591553,0
-28.2882118225098,0
-28.7697811126709,0
-28.2571334838867,0
-25.4647636413574,0
-22.0122089385986,0
-19.9379100799561,0
-18.7260360717773,0
-16.5023403167725,0
-13.4911632537842,0
-12.2516956329346,0
-14.2418375015259,0
-17.8343467712402,0
-20.4279594421387,0
-21.2397727966309,0
-21.2065410614014,0
-21.2230167388916,0
-21.4565200805664,0
-21.6149024963379,0
-21.0043315887451,0
-19.0546188354492,0
-16.6553783416748,0
-16.1329803466797,0
-18.6998329162598,0
-22.4346656799316,0
-24.0226497650146,0
-22.3334541320801,0
-19.3160190582275,0
-17.4861621856689,0
-17.3209266662598,0
-16.981517791748,0
-14.0203914642334,0
-7.74133968353271,0
-0.447701394557953,0
4.29379463195801,0
5.42258358001709,0
5.69271183013916,0
8.21224308013916,0
12.458399772644,0
15.0856904983521,0
14.0672492980957,0
