-34.0321731567383,0
-33.9754867553711,0
-35.3542060852051,0
-39.5566101074219,0
-46.0607604980469,0
-52.2205467224121,0
-55.752815246582,0
-56.6915626525879,0
-56.3904685974121,0
-55.7264213562012,0
-55.2549438476562,0
-55.9108963012695,0
-57.8188056945801,0
-59.071117401123,0
-57.7367973327637,0
-55.0807838439941,0
-54.7919464111328,0
-58.5157432556152,0
-63.9364929199219,0
-68.0455551147461,0
-70.5634384155273,0
-72.9606399536133,0
-75.7131958007812,0
-78.2681350708008,0
-80.6577835083008,0
-83.2091979980469,0
-85.2113418579102,0
-85.8190078735352,0
-86.0901260375977,0
-88.1289901733398,0
-91.9414138793945,0
-95.0113220214844,0
-95.5726013183594,0
-94.5054931640625,0
-93.1430969238281,0
-91.1246109008789,0
-87.9919586181641,0
-85.3399276733398,0
-85.1581954956055,0
-86.7639389038086,0
-87.5851364135742,0
-86.7586822509766,0
-85.8059310913086,0
-85.6896820068359,0
-85.5671844482422,0
-85.125114440918,0
-85.7864227294922,0
-88.202766418457,0
-90.5447540283203,0
-91.1792221069336,0
-91.4719161987305,0
-93.6469268798828,0
-97.0124282836914,0
-99.02001953125,0
-99.4999084472656,0
-100.718605041504,0
-102.903350830078,0
-102.995758056641,0
-99.4090805053711,0
-95.3154830932617,0
-94.7734146118164,0
-97.316032409668,0
-99.0334167480469,0
-97.9735260009766,0
-95.5937728881836,0
-93.1496963500977,0
-89.6771240234375,0
-84.3772125244141,0
-78.5309906005859,0
-73.547492980957,0
-68.8170166015625,0
-63.2389335632324,0
-57.8087463378906,0
-54.8190231323242,0
-54.8394241333008,0
-56.1533660888672,0
-57.3428344726562,0
-58.9816055297852,0
-62.0469970703125,0
-65.6143951416016,0
-67.3414916992188,0
-66.30322265625,0
-64.4781341552734,0
-64.7493209838867,0
-67.6931533813477,0
-71.1783447265625,0
-73.3220443725586,0
-74.8307266235352,0
-77.5208053588867,0
-81.2806091308594,0
-84.0562210083008,0
-84.8679885864258,0
-85.2098693847656,0
-86.7137451171875,0
-88.7163314819336,0
-89.3257064819336,0
-88.1497650146484,0
-86.7674713134766,0
-86.8981399536133,0
-89.1265563964844,0
-92.9576034545898,0
-96.8161315917969,0
-98.2289733886719,0
-95.6547546386719,0
-90.6419219970703,0
-86.9114074707031,0
-86.5450973510742,0
-88.0057983398438,0
-88.6325531005859,0
-88.0528335571289,0
-87.9882049560547,0
-89.5009613037109,0
-92.0503387451172,0
-95.1200485229492,0
-99.0857849121094,0
-103.868408203125,0
-107.982765197754,0
-109.902969360352,0
-109.717460632324,0
-108.59880065918,0
-107.155395507812,0
-105.240455627441,0
-103.146194458008,0
-102.021560668945,0
-102.882598876953,0
-105.637145996094,0
-109.058151245117,0
-111.351425170898,0
-111.045951843262,0
-108.065780639648,0
-103.962669372559,0
-100.551040649414,0
-98.4046249389648,0
-97.3057708740234,0
-97.8173065185547,0
-101.02082824707,0
-106.26197052002,0
-110.577629089355,0
-111.749526977539,0
-111.359382629395,0
-113.272453308105,0
-118.901809692383,0
-125.276428222656,0
-128.465469360352,0
-127.875244140625,0
-126.023956298828,0
-124.720657348633,0
-123.196067810059,0
-120.372360229492,0
-117.318252563477,0
-116.023788452148,0
-116.523910522461,0
-116.945198059082,0
-116.38565826416,0
-116.126647949219,0
-117.492225646973,0
-119.985565185547,0
-122.495704650879,0
-125.097595214844,0
-128.286270141602,0
-131.315551757812,0
-133.01904296875,0
-133.964111328125,0
-135.966339111328,0
-139.117538452148,0
-140.863250732422,0
-138.895141601562,0
-133.96955871582,0
-128.975952148438,0
-125.884475708008,0
-124.488258361816,0
-123.687919616699,0
-122.974136352539,0
-122.53825378418,0
-122.603828430176,0
-122.995964050293,0
-123.163536071777,0
-122.452079772949,0
-120.441345214844,0
-117.166717529297,0
-113.125045776367,0
-109.086868286133,0
-105.754943847656,0
-103.453674316406,0
-102.193176269531,0
-102.015449523926,0
-102.92268371582,0
-104.245796203613,0
-104.562294006348,0
-102.904556274414,0
-99.966194152832,0
-97.5380554199219,0
-96.7639389038086,0
-97.5170516967773,0
-99.4145965576172,0
-102.469207763672,0
-106.198196411133,0
-108.838638305664,0
-108.519927978516,0
-105.354011535645,0
-101.763427734375,0
-100.408065795898,0
-101.952972412109,0
-104.949142456055,0
-107.585754394531,0
-109.234367370605,0
-110.38436126709,0
-111.518600463867,0
-112.407707214355,0
-112.51001739502,0
-111.855018615723,0
-111.31462097168,0
-111.777381896973,0
-112.917930603027,0
-113.086471557617,0
-111.070091247559,0
-108.054786682129,0
-106.921905517578,0
-108.871376037598,0
-111.508689880371,0
-111.537399291992,0
-108.950248718262,0
-106.83317565918,0
-106.736549377441,0
-106.188858032227,0
-102.186180114746,0
-95.8965225219727,0
-91.9217300415039,0
-92.9263229370117,0
-96.4683456420898,0
-97.6744003295898,0
-94.3073120117188,0
-88.6691741943359,0
-84.7189102172852,0
-83.6984710693359,0
-83.0024948120117,0
-79.597412109375,0
-73.872314453125,0
-68.9540176391602,0
-66.5660858154297,0
-65.4729690551758,0
-64.4085845947266,0
-64.1575927734375,0
-65.1826400756836,0
-65.3736419677734,0
-62.8576316833496,0
-59.8739318847656,0
-60.7506408691406,0
-66.0443954467773,0
-71.3795318603516,0
-72.6319580078125,0
-70.0460662841797,0
-66.5838775634766,0
-64.3523330688477,0
-63.7311744689941,0
-64.2815933227539,0
-65.1435699462891,0
-65.4973068237305,0
-65.5206680297852,0
-66.0954971313477,0
-67.1659469604492,0
-67.5214920043945,0
-66.6106033325195,0
-65.2163009643555,0
-63.7802467346191,0
-61.5841674804688,0
-58.5174598693848,0
-56.2231369018555,0
-56.156322479248,0
-57.435474395752,0
-57.8814315795898,0
-56.5380668640137,0
-54.0425071716309,0
-51.0660247802734,0
-47.6289978027344,0
-43.8557052612305,0
-40.4791412353516,0
-38.4265975952148,0
-38.2469863891602,0
-39.8083076477051,0
-42.2825202941895,0
-44.6520500183105,0
-46.4794082641602,0
-48.064136505127,0
-49.9504737854004,0
-52.6676559448242,0
-56.6994094848633,0
-61.8911209106445,0
-66.8619995117188,0
-69.899284362793,0
-70.7313003540039,0
-70.7548294067383,0
-71.3525009155273,0
-72.7351150512695,0
-74.5904998779297,0
-76.9064178466797,0
-79.6253204345703,0
-82.1823883056641,0
-84.0244216918945,0
-85.3349075317383,0
-86.9494323730469,0
-89.6363296508789,0
-93.2081985473633,0
-95.9678649902344,0
-95.6705169677734,0
-92.0952072143555,0
-88.2286834716797,0
-87.3843231201172,0
-89.1232452392578,0
-89.6144485473633,0
-86.3238830566406,0
-80.6706161499023,0
-75.515983581543,0
-71.9182586669922,0
-69.3994216918945,0
-67.4996566772461,0
-65.401741027832,0
-61.6371650695801,0
-56.3353042602539,0
-52.6202812194824,0
-53.2473793029785,0
-56.3683662414551,0
-57.2655906677246,0
-54.3608779907227,0
-50.8943939208984,0
-49.9878234863281,0
-50.5265007019043,0
-49.2853164672852,0
-45.1945571899414,0
-39.786979675293,0
-34.7033348083496,0
-30.4767799377441,0
-27.0959129333496,0
-24.3825302124023,0
-22.1632442474365,0
-20.7927417755127,0
-20.7533168792725,0
-21.2058124542236,0
-20.3112487792969,0
-17.8832817077637,0
-15.9802761077881,0
-15.4353523254395,0
-13.8655834197998,0
-9.60254192352295,0
-5.86624908447266,0
-7.52392482757568,0
-14.3161497116089,0
-20.9635391235352,0
-24.152853012085,0
-25.6439208984375,0
-27.5498867034912,0
-28.5545597076416,0
-27.0885906219482,0
-24.9447174072266,0
-24.5337867736816,0
-24.7086372375488,0
-22.6549510955811,0
-18.5611705780029,0
-15.0523080825806,0
-12.7250699996948,0
-9.64678192138672,0
-5.26628303527832,0
-1.53769278526306,0
0.577502369880676,0
2.83445644378662,0
6.59467601776123,0
10.2865715026855,0
11.7060966491699,0
11.2786617279053,0
11.1740818023682,0
12.0315999984741,0
12.3241920471191,0
10.8899126052856,0
8.88700485229492,0
8.85104656219482,0
12.0875329971313,0
17.0921840667725,0
20.8370342254639,0
22.0909729003906,0
22.9950580596924,0
26.2311687469482,0
30.9585781097412,0
33.3755302429199,0
31.7086029052734,0
28.6918315887451,0
28.028694152832,0
30.2143974304199,0
33.4740180969238,0
37.1567687988281,0
41.738956451416,0
46.2824211120605,0
48.6321296691895,0
48.377498626709,0
47.4449005126953,0
47.229248046875,0
46.9486427307129,0
45.4014778137207,0
42.630859375,0
39.1809005737305,0
35.3999862670898,0
32.2888145446777,0
31.2913551330566,0
32.1302337646484,0
32.4817581176758,0
31.127857208252,0
29.8971576690674,0
30.9643402099609,0
33.7450332641602,0
36.3025741577148,0
38.3783683776855,0
40.7227935791016,0
42.5619812011719,0
42.449535369873,0
41.0616569519043,0
40.3428802490234,0
40.0093650817871,0
37.7385902404785,0
33.0984268188477,0
28.4117126464844,0
24.9674053192139,0
21.1644268035889,0
15.7021884918213,0
10.1490039825439,0
6.68342161178589,0
5.28329706192017,0
4.88269424438477,0
5.57165193557739,0
7.7713828086853,0
10.6607284545898,0
13.4161443710327,0
16.9811763763428,0
22.6216602325439,0
29.3256645202637,0
34.4477462768555,0
36.7568283081055,0
37.4881553649902,0
38.4326705932617,0
39.9233131408691,0
40.6195220947266,0
38.7352066040039,0
33.7585105895996,0
27.2058696746826,0
21.1748161315918,0
16.3217239379883,0
12.3935832977295,0
10.3940391540527,0
11.9164056777954,0
15.6532573699951,0
17.0592479705811,0
13.2481060028076,0
6.4999532699585,0
1.09127938747406,0
-1.77908968925476,0
-3.78965067863464,0
-5.64794588088989,0
-6.24598598480225,0
-5.2905707359314,0
-4.12812423706055,0
-3.38000965118408,0
-1.61477375030518,0
2.74808382987976,0
9.23487377166748,0
15.6550579071045,0
20.0961532592773,0
22.3386650085449,0
23.7518215179443,0
25.9289283752441,0
29.1925220489502,0
32.5589828491211,0
35.2836723327637,0
37.9308967590332,0
41.5256309509277,0
46.1128387451172,0
50.6569023132324,0
54.1255645751953,0
56.4332656860352,0
58.5811805725098,0
61.7480430603027,0
65.5692367553711,0
67.5191421508789,0
65.2841567993164,0
60.0854797363281,0
56.3126983642578,0
57.0600128173828,0
61.0485343933105,0
64.7839431762695,0
66.6799926757812,0
67.8395309448242,0
69.5013580322266,0
71.2239608764648,0
71.6852340698242,0
70.3331146240234,0
67.923713684082,0
65.7815704345703,0
64.7025527954102,0
64.6128768920898,0
65.3194198608398,0
67.0619964599609,0
69.5776672363281,0
71.0237045288086,0
69.2020950317383,0
64.1893615722656,0
58.6799392700195,0
55.3378791809082,0
54.7829132080078,0
56.3645782470703,0
59.420597076416,0
63.0264701843262,0
65.9384613037109,0
68.0056838989258,0
70.6487121582031,0
74.7471542358398,0
78.9369506835938,0
81.3312454223633,0
82.2306289672852,0
83.6172103881836,0
86.2690734863281,0
88.8605117797852,0
90.0379257202148,0
90.144645690918,0
90.4131240844727,0
91.1987915039062,0
91.6030502319336,0
90.7529296875,0
89.2569274902344,0
89.1366119384766,0
91.8705291748047,0
96.5042114257812,0
100.286460876465,0
101.261177062988,0
99.5569839477539,0
96.169548034668,0
91.6660690307617,0
86.5230484008789,0
81.5698547363281,0
77.3291168212891,0
73.6989898681641,0
70.6961212158203,0
68.5043563842773,0
66.5776748657227,0
64.2577133178711,0
62.6755828857422,0
63.8871726989746,0
67.1556243896484,0
68.6777267456055,0
66.9051284790039,0
65.5501327514648,0
68.3306121826172,0
72.7457046508789,0
72.8810653686523,0
67.4451522827148,0
61.1384048461914,0
58.3326416015625,0
59.3431663513184,0
63.2112655639648,0
69.8039398193359,0
77.5146408081055,0
82.5637664794922,0
83.1100769042969,0
81.7313766479492,0
81.7745666503906,0
83.3138198852539,0
84.6124038696289,0
85.4758071899414,0
86.9164352416992,0
89.1133117675781,0
91.8112564086914,0
95.3199462890625,0
99.1347351074219,0
101.011978149414,0
99.5296401977539,0
96.2754745483398,0
93.3778610229492,0
90.2144470214844,0
85.0163192749023,0
78.6193542480469,0
73.8651657104492,0
71.8371124267578,0
71.2632675170898,0
71.2366104125977,0
71.8875503540039,0
72.5269546508789,0
71.8947219848633,0
70.6193771362305,0
70.9150161743164,0
73.1362533569336,0
74.7765274047852,0
73.6800765991211,0
70.4148941040039,0
66.7240371704102,0
63.3056144714355,0
59.8258285522461,0
55.6126899719238,0
49.8583679199219,0
42.7774887084961,0
36.9139709472656,0
35.2533226013184,0
37.3477439880371,0
39.4212341308594,0
39.2344512939453,0
38.6135940551758,0
39.927360534668,0
42.4891319274902,0
44.3577041625977,0
45.4713516235352,0
46.4698524475098,0
46.1970901489258,0
43.4079666137695,0
39.8629837036133,0
38.5234184265137,0
39.1473541259766,0
38.9094543457031,0
37.3619003295898,0
37.2576179504395,0
39.5945243835449,0
41.3258590698242,0
39.9377021789551,0
37.464916229248,0
37.273754119873,0
38.8403968811035,0
38.8644104003906,0
36.5499305725098,0
34.4796752929688,0
34.2428512573242,0
34.3244476318359,0
33.2609481811523,0
32.1662063598633,0
32.34375,0
32.4048309326172,0
30.1879844665527,0
26.5570468902588,0
24.6845436096191,0
25.4994850158691,0
26.1732769012451,0
23.9897899627686,0
19.9292488098145,0
17.0775508880615,0
16.7120418548584,0
17.5646018981934,0
18.2803859710693,0
18.8813610076904,0
19.8697910308838,0
21.3818340301514,0
23.4218864440918,0
25.6145935058594,0
26.505033493042,0
24.609001159668,0
20.7191753387451,0
17.6050472259521,0
16.425666809082,0
14.955605506897,0
10.9075689315796,0
5.71944427490234,0
2.79834866523743,0
2.50506186485291,0
1.4033294916153,0
-2.95537185668945,0
-8.56644535064697,0
-11.4319486618042,0
-10.0936965942383,0
-6.44213962554932,0
-2.92896103858948,0
-0.356210201978683,0
1.85138082504272,0
4.28108644485474,0
6.65323257446289,0
7.96789932250977,0
7.62660455703735,0
6.45769309997559,0
6.07830047607422,0
7.03469657897949,0
8.31057357788086,0
9.05769634246826,0
9.93278884887695,0
12.0161151885986,0
15.2038908004761,0
18.627311706543,0
22.0483951568604,0
25.7018699645996,0
29.128002166748,0
31.483980178833,0
33.1411399841309,0
35.8498992919922,0
40.7837905883789,0
46.9692192077637,0
52.0643348693848,0
54.5085372924805,0
54.8527870178223,0
55.1423454284668,0
56.8162078857422,0
58.9921684265137,0
59.1850433349609,0
56.0599174499512,0
50.9777145385742,0
46.3427276611328,0
43.1095161437988,0
40.7560195922852,0
39.0882110595703,0
38.8731307983398,0
40.8755569458008,0
45.1726570129395,0
51.0065422058105,0
56.3205986022949,0
58.2292022705078,0
55.6973457336426,0
51.4242057800293,0
49.1126861572266,0
48.8973274230957,0
47.6282730102539,0
43.9416313171387,0
40.5223846435547,0
40.3127899169922,0
42.7780838012695,0
45.4059562683105,0
46.8884468078613,0
47.1129341125488,0
45.9332809448242,0
44.0952377319336,0
43.7939529418945,0
45.9082870483398,0
47.8813323974609,0
46.7998657226562,0
43.5242881774902,0
41.0856285095215,0
39.8927001953125,0
37.7147064208984,0
34.0850563049316,0
31.1612510681152,0
29.5464305877686,0
26.5898818969727,0
20.4161052703857,0
13.1098337173462,0
8.04134559631348,0
5.88600969314575,0
5.18067693710327,0
5.46826505661011,0
7.90924644470215,0
13.284083366394,0
20.7649822235107,0
28.4859180450439,0
34.6825561523438,0
38.6876258850098,0
41.1992874145508,0
43.2061538696289,0
44.9265213012695,0
46.6863250732422,0
50.0614280700684,0
56.167537689209,0
63.1902008056641,0
68.1837692260742,0
71.3260498046875,0
75.1479034423828,0
78.9022598266602,0
77.7621154785156,0
69.8356246948242,0
60.245231628418,0
54.8479499816895,0
52.9092292785645,0
50.059440612793,0
45.9716339111328,0
43.9772720336914,0
44.3832893371582,0
43.8449897766113,0
41.6008987426758,0
40.9295234680176,0
43.0683059692383,0
44.6440238952637,0
43.4595260620117,0
42.566722869873,0
45.5252876281738,0
50.8857612609863,0
54.6186904907227,0
55.5361709594727,0
55.2123069763184,0
54.6658363342285,0
54.3016128540039,0
55.4617729187012,0
58.8981704711914,0
62.9177780151367,0
65.7518157958984,0
68.3556976318359,0
72.0636215209961,0
75.0860900878906,0
74.7184753417969,0
71.7603607177734,0
69.0275955200195,0
66.3727111816406,0
61.2734107971191,0
54.0618438720703,0
48.2388916015625,0
45.1131057739258,0
42.3342895507812,0
38.7804222106934,0
36.6777877807617,0
37.0322227478027,0
36.9258232116699,0
34.1161041259766,0
31.1720790863037,0
31.8479022979736,0
35.629222869873,0
39.0568313598633,0
40.669490814209,0
41.3577194213867,0
41.1816368103027,0
39.4179801940918,0
37.1967658996582,0
36.5549201965332,0
36.6724510192871,0
34.3129959106445,0
28.8547878265381,0
24.0215663909912,0
23.1800918579102,0
25.1254615783691,0
26.171947479248,0
24.7117862701416,0
21.9547557830811,0
19.5159225463867,0
18.2606449127197,0
18.7294483184814,0
20.6710338592529,0
22.3330421447754,0
21.9093742370605,0
19.7786464691162,0
17.9752216339111,0
17.4861297607422,0
17.5224895477295,0
17.556360244751,0
18.4376659393311,0
20.8920116424561,0
24.2248764038086,0
27.2556667327881,0
29.5441951751709,0
31.1279335021973,0
32.0995140075684,0
33.0640716552734,0
34.9508361816406,0
37.6470146179199,0
39.7569885253906,0
40.3162307739258,0
39.7115135192871,0
38.4315757751465,0
36.3726043701172,0
34.2099075317383,0
33.8231353759766,0
36.0147132873535,0
39.1398696899414,0
41.3626441955566,0
42.8807144165039,0
44.3806228637695,0
44.8557472229004,0
43.0909233093262,0
40.1480102539062,0
38.0607604980469,0
36.8653182983398,0
35.1653060913086,0
32.8532028198242,0
30.8365173339844,0
28.7123928070068,0
25.351583480835,0
21.3503398895264,0
18.1072406768799,0
14.7640371322632,0
9.23047351837158,0
2.42019438743591,0
-1.87981414794922,0
-2.12349200248718,0
-0.804320693016052,0
-0.141416803002357,0
0.690010666847229,0
2.49431109428406,0
3.7004919052124,0
3.50677871704102,0
4.30967998504639,0
7.85072422027588,0
11.4121694564819,0
11.5449733734131,0
9.80346202850342,0
10.5765380859375,0
14.0702791213989,0
15.9500331878662,0
14.2771034240723,0
12.4115314483643,0
13.5290288925171,0
16.1268177032471,0
17.4749698638916,0
18.4784526824951,0
21.8088645935059,0
27.0623378753662,0
31.3286685943604,0
33.9021415710449,0
37.1105651855469,0
42.2481422424316,0
47.5417785644531,0
50.9048957824707,0
52.2715110778809,0
52.1563529968262,0
50.2271041870117,0
46.973217010498,0
44.8792114257812,0
45.6470756530762,0
47.3017311096191,0
46.4106025695801,0
42.7549476623535,0
39.4444236755371,0
38.2287368774414,0
37.0336952209473,0
33.1722068786621,0
27.2768154144287,0
22.5999927520752,0
21.3300266265869,0
22.8393802642822,0
24.979621887207,0
25.997745513916,0
25.5906677246094,0
25.125675201416,0
26.5953006744385,0
30.4071960449219,0
34.3342247009277,0
35.5122451782227,0
33.3798370361328,0
29.8330955505371,0
26.7226409912109,0
24.4012489318848,0
22.8235092163086,0
22.5760650634766,0
23.901008605957,0
25.6752910614014,0
26.5635414123535,0
26.7678623199463,0
27.5178737640381,0
28.9997062683105,0
29.9894638061523,0
29.7533912658691,0
29.1199111938477,0
28.9264240264893,0
28.3003635406494,0
25.7165069580078,0
21.578893661499,0
18.5438060760498,0
18.8276329040527,0
21.9546756744385,0
25.745044708252,0
28.9306621551514,0
31.9448986053467,0
35.3904304504395,0
38.8149452209473,0
41.4459915161133,0
43.4688529968262,0
45.8469848632812,0
48.9477462768555,0
51.811107635498,0
52.9486122131348,0
51.8124389648438,0
49.5076446533203,0
48.0142440795898,0
48.4790649414062,0
50.2468452453613,0
51.8539352416992,0
52.9106369018555,0
54.3445434570312,0
56.511791229248,0
57.9217338562012,0
56.7981224060059,0
53.5560264587402,0
50.5496025085449,0
49.1182556152344,0
47.9046401977539,0
44.8315544128418,0
40.1677627563477,0
36.6355590820312,0
36.3293533325195,0
38.1964492797852,0
39.1248817443848,0
37.3546257019043,0
34.1090850830078,0
31.4636344909668,0
29.3095149993896,0
25.7290477752686,0
20.5371627807617,0
16.8646068572998,0
17.8905143737793,0
22.8808441162109,0
28.1916313171387,0
31.8640251159668,0
35.1690101623535,0
39.2568740844727,0
42.6166000366211,0
43.4217643737793,0
42.6965446472168,0
42.8298454284668,0
43.6397895812988,0
42.431770324707,0
38.2792549133301,0
33.981201171875,0
32.5961036682129,0
33.6206321716309,0
34.1330261230469,0
32.6862945556641,0
30.2505302429199,0
27.7121906280518,0
24.5317764282227,0
20.5651588439941,0
17.6422653198242,0
17.8779201507568,0
20.9048194885254,0
24.097936630249,0
25.6840152740479,0
26.5909042358398,0
28.6344738006592,0
31.590633392334,0
33.164192199707,0
32.0166206359863,0
29.8958549499512,0
29.8527221679688,0
32.4944381713867,0
34.9718284606934,0
34.1798820495605,0
30.3061714172363,0
26.3309879302979,0
24.2614078521729,0
22.9851264953613,0
20.2243175506592,0
15.6303653717041,0
11.0303153991699,0
8.09157848358154,0
6.80270338058472,0
6.22747373580933,0
5.70618581771851,0
4.88883781433105,0
3.41210508346558,0
1.35267460346222,0
-0.316720366477966,0
-0.511853158473969,0
0.649763286113739,0
1.87740242481232,0
2.25806188583374,0
2.36229109764099,0
3.48161339759827,0
6.09087991714478,0
9.60811519622803,0
13.5667657852173,0
18.1531944274902,0
22.9870433807373,0
26.0554275512695,0
25.2382297515869,0
21.1962909698486,0
17.4847183227539,0
16.7942295074463,0
17.8746109008789,0
17.4420356750488,0
14.5729951858521,0
11.5001697540283,0
10.0710706710815,0
9.437668800354,0
8.14114284515381,0
6.75308227539062,0
6.86239767074585,0
8.46223258972168,0
10.0441303253174,0
10.8074979782104,0
11.2218027114868,0
11.6171617507935,0
11.6800937652588,0
11.3608045578003,0
11.0175380706787,0
10.590126991272,0
9.70894908905029,0
8.56203174591064,0
7.59900522232056,0
6.65948915481567,0
5.6742377281189,0
5.78910064697266,0
7.98711252212524,0
10.7343349456787,0
11.0945568084717,0
8.47588348388672,0
5.17713022232056,0
2.77001190185547,0
0.319782376289368,0
-2.87359142303467,0
-5.2804274559021,0
-5.55965662002563,0
-4.89800024032593,0
-4.90450668334961,0
-4.73101615905762,0
-2.36509799957275,0
2.40319132804871,0
8.26630020141602,0
14.5463409423828,0
21.0254802703857,0
26.5475177764893,0
29.8933639526367,0
31.4729385375977,0
32.3063583374023,0
32.0027542114258,0
29.7114028930664,0
26.5004959106445,0
24.6501541137695,0
24.7165451049805,0
25.1282482147217,0
24.679723739624,0
23.9534091949463,0
24.4560165405273,0
27.587230682373,0
33.8513450622559,0
41.6421508789062,0
47.6012268066406,0
49.8680763244629,0
50.1192970275879,0
50.5936508178711,0
50.4043922424316,0
47.4483985900879,0
42.8901443481445,0
40.2606391906738,0
40.297046661377,0
40.3055381774902,0
39.0764465332031,0
38.6293907165527,0
39.8783950805664,0
40.426700592041,0
38.9003791809082,0
37.9852523803711,0
39.8962936401367,0
41.4643287658691,0
37.7630882263184,0
29.2860832214355,0
21.3874969482422,0
16.8103313446045,0
12.7312440872192,0
6.02640438079834,0
-2.09405159950256,0
-8.47545051574707,0
-12.3310890197754,0
-14.9545707702637,0
-16.9990711212158,0
-18.3472785949707,0
-19.4718608856201,0
-20.7964267730713,0
-21.6751346588135,0
-22.0138931274414,0
-23.7087059020996,0
-27.8684825897217,0
-31.5845947265625,0
-30.8112201690674,0
-26.1928672790527,0
-22.1982097625732,0
-19.9266586303711,0
-15.1894302368164,0
-5.74008893966675,0
3.89043116569519,0
8.34219837188721,0
8.89374160766602,0
10.5395927429199,0
13.8796634674072,0
15.015064239502,0
12.5404434204102,0
9.387451171875,0
7.4266095161438,0
5.12369441986084,0
1.72617971897125,0
-0.621909558773041,0
-0.753854811191559,0
-0.750245988368988,0
-2.37326693534851,0
-4.52982759475708,0
-6.20632600784302,0
-8.54788684844971,0
-11.6817312240601,0
-12.7556562423706,0
-10.0494937896729,0
-6.24291515350342,0
-4.48248958587646,0
-3.72623991966248,0
-1.40027928352356,0
1.62150287628174,0
2.67481660842896,0
2.34675097465515,0
3.62971138954163,0
6.74308633804321,0
8.83096313476562,0
8.77096366882324,0
8.58469200134277,0
9.64148902893066,0
10.779730796814,0
10.9803848266602,0
11.0502433776855,0
11.7172222137451,0
12.4897871017456,0
13.3320837020874,0
15.3306131362915,0
18.8326358795166,0
22.8506336212158,0
27.0138111114502,0
32.0854339599609,0
37.7041625976562,0
41.6815910339355,0
42.813404083252,0
42.7527313232422,0
43.7434196472168,0
45.7461853027344,0
47.1191864013672,0
47.2125129699707,0
47.0031547546387,0
47.5767974853516,0
48.8386497497559,0
49.5860710144043,0
48.7004890441895,0
46.7491912841797,0
46.2194557189941,0
49.0709342956543,0
53.9481544494629,0
57.0848846435547,0
56.3747596740723,0
53.3404083251953,0
50.5958938598633,0
48.793758392334,0
47.1301231384277,0
45.7123069763184,0
45.827392578125,0
48.0921211242676,0
51.5919532775879,0
55.0704689025879,0
58.1353454589844,0
60.8876724243164,0
62.9207763671875,0
63.4573364257812,0
62.6811904907227,0
62.3865699768066,0
64.4988861083984,0
68.7826385498047,0
72.6819000244141,0
73.8735885620117,0
72.5033416748047,0
70.5587387084961,0
69.82861328125,0
71.1954879760742,0
74.9958343505859,0
80.5839080810547,0
85.7931289672852,0
88.3987350463867,0
88.5229034423828,0
88.5943145751953,0
90.6846466064453,0
94.7797012329102,0
99.6221313476562,0
103.869735717773,0
106.152320861816,0
105.649200439453,0
103.513221740723,0
102.336944580078,0
103.090774536133,0
103.844375610352,0
102.777732849121,0
101.027442932129,0
100.617240905762,0
100.699653625488,0
98.466926574707,0
93.4803314208984,0
88.3189392089844,0
84.5126647949219,0
80.608772277832,0
75.4441070556641,0
70.7284927368164,0
68.3442001342773,0
67.0187835693359,0
64.1909866333008,0
60.0424957275391,0
57.0878982543945,0
56.2497711181641,0
55.8553695678711,0
54.6088714599609,0
53.2409477233887,0
52.5772590637207,0
51.7894706726074,0
49.4250907897949,0
44.971363067627,0
38.8702735900879,0
32.1135025024414,0
26.1485385894775,0
21.8996734619141,0
18.5040740966797,0
14.3684988021851,0
9.85337543487549,0
7.25017213821411,0
7.27242279052734,0
7.14186191558838,0
3.41779565811157,0
-4.30528116226196,0
-13.4993543624878,0
-21.3470058441162,0
-26.2168312072754,0
-27.7619857788086,0
-27.0874347686768,0
-26.1345748901367,0
-25.6992301940918,0
-24.793249130249,0
-22.9384899139404,0
-21.779052734375,0
-22.8127059936523,0
-24.7780017852783,0
-25.4723873138428,0
-25.237865447998,0
-25.9718227386475,0
-27.0726013183594,0
-25.4937782287598,0
-20.4190311431885,0
-14.9291849136353,0
-11.7040853500366,0
-9.73924446105957,0
-7.30891132354736,0
-5.81376266479492,0
-7.69390726089478,0
-11.7411088943481,0
-13.7753591537476,0
-12.0263433456421,0
-9.00411128997803,0
-7.34306907653809,0
-6.40230131149292,0
-4.47242259979248,0
-2.23993945121765,0
-1.78212893009186,0
-3.21401357650757,0
-4.7699236869812,0
-5.96049642562866,0
-8.23784446716309,0
-11.9855728149414,0
-15.0244035720825,0
-15.3996448516846,0
-14.0887203216553,0
-13.3962888717651,0
-13.8460569381714,0
-14.4011602401733,0
-14.7630882263184,0
-15.2281217575073,0
-14.7929010391235,0
-12.1424674987793,0
-8.97646141052246,0
-9.6489372253418,0
-15.9707651138306,0
-24.2468605041504,0
-29.2437572479248,0
-29.7337226867676,0
-28.2549209594727,0
-26.5780963897705,0
-23.919490814209,0
-19.5125122070312,0
-14.6252794265747,0
-11.1861810684204,0
-9.75986480712891,0
-9.71650314331055,0
-10.5740575790405,0
-12.4200029373169,0
-15.3819046020508,0
-19.171199798584,0
-23.0923442840576,0
-26.4969692230225,0
-29.4025726318359,0
-32.4541664123535,0
-35.9703254699707,0
-39.3341217041016,0
-41.681468963623,0
-42.6718254089355,0
-41.9995994567871,0
-38.8470115661621,0
-32.9490509033203,0
-25.8741931915283,0
-20.0007629394531,0
-16.2267303466797,0
-13.7906894683838,0
-12.2054042816162,0
-11.7955856323242,0
-12.0032730102539,0
-10.9241809844971,0
-7.59767246246338,0
-3.44467830657959,0
-0.151074334979057,0
2.75932025909424,0
6.6478590965271,0
10.9528026580811,0
13.7671585083008,0
15.0498533248901,0
17.063720703125,0
21.0809803009033,0
25.6467113494873,0
29.1309127807617,0
32.1432495117188,0
35.7789878845215,0
38.9735832214355,0
39.8709564208984,0
39.0524253845215,0
38.885627746582,0
39.7472839355469,0
39.5596771240234,0
37.7314071655273,0
36.7831649780273,0
38.3330497741699,0
39.8096389770508,0
37.8393898010254,0
33.433219909668,0
30.5069580078125,0
29.6243782043457,0
26.8490333557129,0
19.9080677032471,0
12.3162450790405,0
9.05523681640625,0
10.2541418075562,0
11.9814310073853,0
12.1659574508667,0
12.5478515625,0
14.6762199401855,0
17.0270919799805,0
17.5216274261475,0
16.9056148529053,0
17.6731548309326,0
20.4585227966309,0
23.2183170318604,0
23.8800792694092,0
22.4799194335938,0
20.3819484710693,0
18.3082656860352,0
15.7592868804932,0
12.0563373565674,0
7.40115737915039,0
2.77018785476685,0
-0.958781480789185,0
-3.44937777519226,0
-4.60312843322754,0
-4.44089555740356,0
-3.5917387008667,0
-3.24962759017944,0
-3.93254804611206,0
-4.74014854431152,0
-4.74004793167114,0
-4.69724655151367,0
-6.17801952362061,0
-9.06055736541748,0
-11.5346832275391,0
-13.0392189025879,0
-15.5446538925171,0
-20.6664714813232,0
-26.601583480835,0
-29.5899295806885,0
-28.2057094573975,0
-24.8761577606201,0
-22.9408264160156,0
-23.12282371521,0
-23.2781715393066,0
-21.0548877716064,0
-16.2823753356934,0
-10.7871980667114,0
-6.21834087371826,0
-2.55769872665405,0
0.930151164531708,0
3.79477715492249,0
4.44300079345703,0
2.30163502693176,0
-0.825282275676727,0
-2.04888916015625,0
0.239443019032478,0
5.33342742919922,0
10.9612073898315,0
14.9240055084229,0
16.5967082977295,0
17.087043762207,0
17.6662883758545,0
18.3335266113281,0
18.5284519195557,0
18.6124572753906,0
19.1917743682861,0
19.1802177429199,0
16.4450931549072,0
10.9279117584229,0
5.38241529464722,0
2.06500101089478,0
0.21084275841713,0
-2.08025860786438,0
-4.98415565490723,0
-7.59304046630859,0
-10.2424154281616,0
-14.2044887542725,0
-19.4669380187988,0
-24.487548828125,0
-27.995569229126,0
-29.6591262817383,0
-29.2804203033447,0
-26.9799194335938,0
-24.194486618042,0
-22.7814140319824,0
-22.6652679443359,0
-21.8416290283203,0
-19.3744354248047,0
-17.0031452178955,0
-16.7512722015381,0
-18.0646133422852,0
-18.7207946777344,0
-17.9951591491699,0
-17.4598121643066,0
-18.7179145812988,0
-21.6545600891113,0
-25.1581954956055,0
-28.3600158691406,0
-30.6052532196045,0
-31.2574996948242,0
-30.4738273620605,0
-29.5955104827881,0
-29.9064712524414,0
-31.3910636901855,0
-33.42041015625,0
-36.0620193481445,0
-39.6792449951172,0
-43.7589492797852,0
-47.5332832336426,0
-51.5598297119141,0
-57.0555763244629,0
-63.4201850891113,0
-68.0810470581055,0
-69.4825286865234,0
-68.7520904541016,0
-67.5279922485352,0
-65.6535186767578,0
-62.3325614929199,0
-58.2063865661621,0
-54.4817237854004,0
-50.8910865783691,0
-46.5533256530762,0
-42.4522857666016,0
-40.8645896911621,0
-42.0171089172363,0
-43.1757850646973,0
-41.7211456298828,0
-37.6418304443359,0
-32.298656463623,0
-26.3366050720215,0
-20.1688289642334,0
-15.4180459976196,0
-14.02503490448,0
-15.9074773788452,0
-18.81955909729,0
-20.9710693359375,0
-22.9194507598877,0
-26.207332611084,0
-30.6873512268066,0
-34.3352127075195,0
-36.0536041259766,0
-37.6529426574707,0
-41.8192520141602,0
-48.3672637939453,0
-54.0531578063965,0
-56.6438484191895,0
-57.7432289123535,0
-60.4976539611816,0
-65.7260894775391,0
-71.8389205932617,0
-77.5418853759766,0
-82.4962692260742,0
-85.7467956542969,0
-85.9590301513672,0
-83.6913070678711,0
-81.3960266113281,0
-80.3882064819336,0
-79.488395690918,0
-77.3923492431641,0
-74.6217269897461,0
-72.1474304199219,0
-69.7912979125977,0
-67.2351531982422,0
-65.0642471313477,0
-63.4562683105469,0
-61.3829917907715,0
-58.6809501647949,0
-57.3123626708984,0
-58.5662689208984,0
-60.5099487304688,0
-60.7898292541504,0
-60.7672996520996,0
-63.5475311279297,0
-68.2030639648438,0
-69.7584381103516,0
-66.1035461425781,0
-61.6568870544434,0
-61.8672828674316,0
-66.2703704833984,0
-69.7327041625977,0
-69.4085693359375,0
-67.5915374755859,0
-67.7692337036133,0
-70.4381561279297,0
-73.6605987548828,0
-75.858024597168,0
-76.6619415283203,0
-76.1010818481445,0
-74.5588760375977,0
-73.2859039306641,0
-73.5142593383789,0
-74.6208114624023,0
-74.1047515869141,0
-70.1345977783203,0
-63.7429656982422,0
-57.9093627929688,0
-54.7233123779297,0
-54.0136947631836,0
-54.4688720703125,0
-55.1652908325195,0
-55.7775421142578,0
-56.0491065979004,0
-55.586971282959,0
-53.9542427062988,0
-50.9231796264648,0
-47.0903816223145,0
-44.0364456176758,0
-42.7766342163086,0
-41.8459968566895,0
-38.3931999206543,0
-32.1149139404297,0
-26.7209053039551,0
-25.8321514129639,0
-28.2680816650391,0
-29.3869934082031,0
-26.7979717254639,0
-22.6476974487305,0
-20.1261749267578,0
-20.0002784729004,0
-21.3981647491455,0
-23.8016109466553,0
-26.7196140289307,0
-29.0803966522217,0
-30.7871532440186,0
-33.587230682373,0
-38.3667221069336,0
-42.6304779052734,0
-43.1197319030762,0
-40.4289054870605,0
-38.311466217041,0
-38.2439346313477,0
-37.533390045166,0
-33.8529052734375,0
-29.0053825378418,0
-26.2167949676514,0
-25.5824775695801,0
-24.6405467987061,0
-22.4202785491943,0
-20.3441829681396,0
-19.3411712646484,0
-18.5212631225586,0
-17.2633304595947,0
-16.614574432373,0
-17.5471611022949,0
-19.1904125213623,0
-20.0273513793945,0
-20.0692272186279,0
-20.7174663543701,0
-22.8605880737305,0
-26.0701313018799,0
-29.5686798095703,0
-33.2110595703125,0
-37.3343963623047,0
-42.028865814209,0
-46.7326507568359,0
-50.4635162353516,0
-52.3960990905762,0
-52.1122360229492,0
-49.3251533508301,0
-43.992504119873,0
-37.3451156616211,0
-32.2209243774414,0
-31.0496959686279,0
-33.4232978820801,0
-36.8926582336426,0
-40.2934341430664,0
-44.6732444763184,0
-50.438892364502,0
-55.6542282104492,0
-58.6257629394531,0
-60.395133972168,0
-62.5671157836914,0
-64.0526962280273,0
-62.6390190124512,0
-59.0170097351074,0
-56.2237205505371,0
-55.1675834655762,0
-53.8951797485352,0
-51.8936386108398,0
-51.7639617919922,0
-54.9870452880859,0
-58.9369316101074,0
-60.4748992919922,0
-60.3161735534668,0
-61.1646041870117,0
-63.2198104858398,0
-64.584716796875,0
-65.1351470947266,0
-66.7838363647461,0
-70.1232528686523,0
-73.8428649902344,0
-77.8288879394531,0
-83.9518890380859,0
-92.7327194213867,0
-101.605323791504,0
-107.944786071777,0
-112.080558776855,0
-115.87670135498,0
-119.841613769531,0
-123.328392028809,0
-126.49210357666,0
-130.137725830078,0
-134.064315795898,0
-137.289260864258,0
-139.925476074219,0
-143.331069946289,0
-147.980194091797,0
-152.317764282227,0
-154.398254394531,0
-154.005386352539,0
-152.505828857422,0
-150.97135925293,0
-149.103225708008,0
-146.037948608398,0
-141.771774291992,0
-137.459930419922,0
-134.263748168945,0
-132.078536987305,0
-129.723373413086,0
-126.547714233398,0
-123.526466369629,0
-122.270942687988,0
-123.009399414062,0
-124.17862701416,0
-124.329231262207,0
-123.875106811523,0
-124.259414672852,0
-125.629936218262,0
-126.31965637207,0
-125.02375793457,0
-122.724815368652,0
-121.603530883789,0
-122.309577941895,0
-123.273330688477,0
-122.901084899902,0
-121.547355651855,0
-120.713821411133,0
-120.988410949707,0
-121.754249572754,0
-122.664894104004,0
-124.218757629395,0
-126.506576538086,0
-128.291229248047,0
-128.032516479492,0
-125.42554473877,0
-121.46369934082,0
-117.406295776367,0
-114.092338562012,0
-111.675659179688,0
-109.433944702148,0
-106.474609375,0
-103.402687072754,0
-102.49235534668,0
-104.91780090332,0
-108.413215637207,0
-109.427131652832,0
-107.442855834961,0
-105.16015625,0
-104.103332519531,0
-102.389457702637,0
-98.0369338989258,0
-92.3744812011719,0
-88.1976547241211,0
-85.9421463012695,0
-83.8370971679688,0
-80.9334335327148,0
-77.7374267578125,0
-74.3630752563477,0
-70.3451232910156,0
-66.1778869628906,0
-62.9393730163574,0
-60.4518966674805,0
-57.9933853149414,0
-56.7373695373535,0
-58.7520751953125,0
-63.0949172973633,0
-65.8910064697266,0
-65.5019607543945,0
-64.6240615844727,0
-65.3389129638672,0
-65.1307601928711,0
-60.990177154541,0
-55.2397727966309,0
-53.2080001831055,0
-55.9204483032227,0
-59.1024513244629,0
-59.5725593566895,0
-58.7221870422363,0
-58.5369491577148,0
-57.7593307495117,0
-54.278980255127,0
-48.9088516235352,0
-44.2681579589844,0
-41.3957405090332,0
-39.7961807250977,0
-39.7987861633301,0
-42.4039573669434,0
-46.9925308227539,0
-51.2122077941895,0
-53.3868522644043,0
-53.5945816040039,0
-52.1985015869141,0
-48.8264427185059,0
-43.5420875549316,0
-38.0721244812012,0
-34.8483085632324,0
-34.8226737976074,0
-36.6187629699707,0
-37.9985008239746,0
-38.1123008728027,0
-38.0585174560547,0
-39.0377311706543,0
-40.4252967834473,0
-40.4672393798828,0
-38.6807556152344,0
-36.3827972412109,0
-34.614616394043,0
-32.8972282409668,0
-30.7566738128662,0
-29.1284217834473,0
-28.9472026824951,0
-29.2900848388672,0
-28.4915809631348,0
-26.6191253662109,0
-25.2386474609375,0
-24.8157958984375,0
-23.8742961883545,0
-21.0433177947998,0
-16.8009147644043,0
-12.8568544387817,0
-10.6600255966187,0
-10.574969291687,0
-11.5107545852661,0
-11.2696046829224,0
-8.44187545776367,0
-4.28005027770996,0
-1.60833811759949,0
-1.53127717971802,0
-2.37620520591736,0
-2.32596349716187,0
-1.74874687194824,0
-2.05910563468933,0
-3.44704747200012,0
-4.91088342666626,0
-5.7512845993042,0
-5.85985326766968,0
-5.07894325256348,0
-3.41852593421936,0
-1.59985744953156,0
-0.436251878738403,0
0.0828227400779724,0
0.383599877357483,0
0.458485871553421,0
0.203040719032288,0
0.0123033346608281,0
0.120379216969013,0
-0.010170690715313,0
-0.558927893638611,0
-0.344208300113678,0
1.63451957702637,0
4.30833196640015,0
5.97973394393921,0
7.2292685508728,0
10.2293128967285,0
15.1486835479736,0
19.6448154449463,0
22.4719467163086,0
24.9745998382568,0
27.6644744873047,0
27.9105930328369,0
23.5103092193604,0
16.8913478851318,0
12.8405656814575,0
12.714732170105,0
13.6987905502319,0
13.6682090759277,0
13.8000707626343,0
15.5436096191406,0
17.7403736114502,0
18.6457843780518,0
19.1352500915527,0
21.7463207244873,0
27.2031803131104,0
33.6993026733398,0
39.3905372619629,0
43.982967376709,0
47.7440299987793,0
50.4836463928223,0
52.200813293457,0
53.6449661254883,0
55.1749610900879,0
55.5161209106445,0
52.7978820800781,0
47.0977020263672,0
41.1527786254883,0
37.8158378601074,0
37.0697212219238,0
36.3472900390625,0
33.7813262939453,0
30.0765438079834,0
26.6823062896729,0
23.3515663146973,0
18.8991527557373,0
13.6948385238647,0
9.55182266235352,0
7.0722188949585,0
4.91548871994019,0
2.26050710678101,0
0.263784438371658,0
0.0305649843066931,0
0.593136310577393,0
0.27301037311554,0
-1.02715528011322,0
-2.33991932868958,0
-3.59924268722534,0
-5.54727649688721,0
-8.1729793548584,0
-10.6360387802124,0
-12.405348777771,0
-13.3295812606812,0
-13.1406412124634,0
-12.2014169692993,0
-12.1878328323364,0
-14.5112571716309,0
-18.3659000396729,0
-21.6715679168701,0
-23.5168151855469,0
-24.3627281188965,0
-24.6444892883301,0
-24.9780025482178,0
-26.9149265289307,0
-31.0648231506348,0
-34.9085845947266,0
-35.2866096496582,0
-33.1252250671387,0
-32.654369354248,0
-35.2882194519043,0
-37.4115791320801,0
-35.5276336669922,0
-30.5688896179199,0
-25.2133693695068,0
-19.8322830200195,0
-13.8204164505005,0
-8.6518497467041,0
-6.28886842727661,0
-5.82847118377686,0
-4.89647340774536,0
-3.59122395515442,0
-3.94398283958435,0
-5.91426038742065,0
-7.19054508209229,0
-7.13045024871826,0
-7.68486595153809,0
-9.65683841705322,0
-11.1167554855347,0
-10.9434471130371,0
-11.2234535217285,0
-14.1022863388062,0
-18.2960186004639,0
-20.9914855957031,0
-21.7226734161377,0
-22.0302543640137,0
-22.4699058532715,0
-22.6801948547363,0
-23.8407936096191,0
-27.9789276123047,0
-34.2938232421875,0
-38.9152565002441,0
-39.7215614318848,0
-39.3321685791016,0
-41.4567451477051,0
-45.7490882873535,0
-48.5703964233398,0
-48.1396102905273,0
-46.353874206543,0
-45.2056427001953,0
-43.8225059509277,0
-40.3906555175781,0
-35.3002738952637,0
-30.491382598877,0
-26.5561408996582,0
-22.5089740753174,0
-18.1999473571777,0
-14.8847303390503,0
-12.9501066207886,0
-10.9609975814819,0
-7.9725980758667,0
-5.24868059158325,0
-4.3515191078186,0
-4.78254699707031,0
-5.10849571228027,0
-5.36979103088379,0
-6.43101406097412,0
-7.7578592300415,0
-8.29714870452881,0
-9.32530498504639,0
-13.5556917190552,0
-20.6887874603271,0
-26.5546760559082,0
-28.1681709289551,0
-27.325288772583,0
-27.1916179656982,0
-27.368989944458,0
-25.1078319549561,0
-20.1499176025391,0
-15.1643972396851,0
-11.596718788147,0
-8.1865930557251,0
-4.23469352722168,0
-1.53914129734039,0
-1.64622807502747,0
-3.22821402549744,0
-3.87215852737427,0
-2.96582794189453,0
-1.09177827835083,0
2.07273721694946,0
6.95270824432373,0
11.7744512557983,0
13.5359258651733,0
11.6373643875122,0
8.55631542205811,0
6.23459148406982,0
3.7361466884613,0
-0.170525759458542,0
-3.74606156349182,0
-3.78843140602112,0
0.107472978532314,0
4.89370059967041,0
7.89677429199219,0
9.57400226593018,0
11.9350261688232,0
15.8252229690552,0
20.7098217010498,0
25.8166255950928,0
30.2054862976074,0
32.5959396362305,0
32.5281181335449,0
31.2866630554199,0
30.5135879516602,0
30.2056484222412,0
29.1358871459961,0
26.9585647583008,0
24.7393341064453,0
23.4467277526855,0
22.962610244751,0
22.7322616577148,0
22.5872669219971,0
22.7032470703125,0
23.2098255157471,0
23.9007110595703,0
24.155237197876,0
23.5320816040039,0
22.6426429748535,0
22.5964908599854,0
23.0692081451416,0
22.1080379486084,0
18.9770393371582,0
16.0187492370605,0
15.8833904266357,0
17.6172161102295,0
17.709379196167,0
14.9565420150757,0
11.9248561859131,0
10.8552198410034,0
10.2969121932983,0
7.44099426269531,0
2.47100114822388,0
-1.42845523357391,0
-2.17400169372559,0
-1.20305860042572,0
-1.27037620544434,0
-2.92822432518005,0
-4.13834428787231,0
-2.9213330745697,0
0.716574251651764,0
5.6059045791626,0
10.9125471115112,0
15.8869829177856,0
19.0636577606201,0
19.3974571228027,0
18.1321868896484,0
17.8612632751465,0
19.2563877105713,0
20.2277965545654,0
19.0432319641113,0
16.7647361755371,0
15.5020236968994,0
15.6775741577148,0
16.5537929534912,0
18.2997779846191,0
21.4876327514648,0
24.9542064666748,0
26.1923503875732,0
24.2192993164062,0
20.6736717224121,0
17.655029296875,0
15.5444374084473,0
13.4336128234863,0
10.8823919296265,0
8.5693473815918,0
7.39956521987915,0
7.41581964492798,0
7.98410701751709,0
9.25528430938721,0
12.7058792114258,0
18.8994407653809,0
24.9388637542725,0
26.3662700653076,0
22.6584320068359,0
18.8147621154785,0
19.6306076049805,0
24.0612258911133,0
27.7017211914062,0
29.4228134155273,0
32.066291809082,0
36.8327407836914,0
40.868480682373,0
41.6877288818359,0
40.7503929138184,0
40.5641670227051,0
40.8202781677246,0
40.129035949707,0
39.7259902954102,0
42.028923034668,0
46.013069152832,0
47.3459281921387,0
43.9062576293945,0
38.6915855407715,0
35.8974609375,0
35.8184432983398,0
35.2949256896973,0
32.2918968200684,0
28.2411098480225,0
25.7789630889893,0
25.5540714263916,0
26.1747932434082,0
26.8613147735596,0
28.9294509887695,0
33.8257064819336,0
40.2378616333008,0
44.6630439758301,0
45.3553352355957,0
44.3346672058105,0
44.3633041381836,0
45.2191925048828,0
44.8221092224121,0
43.1489067077637,0
42.4047584533691,0
43.2455253601074,0
43.6236457824707,0
42.4066314697266,0
41.6030921936035,0
43.201602935791,0
45.8020858764648,0
46.6388664245605,0
45.5072402954102,0
44.1599273681641,0
42.7598724365234,0
39.8329162597656,0
35.7056312561035,0
33.2612953186035,0
34.4947700500488,0
38.2982139587402,0
42.4566802978516,0
46.0574531555176,0
48.9645233154297,0
50.5881767272949,0
50.6296310424805,0
50.0263862609863,0
49.7755546569824,0
49.419189453125,0
47.8738288879395,0
45.2961730957031,0
42.9153938293457,0
41.1684722900391,0
39.1289558410645,0
35.9767761230469,0
32.1765785217285,0
28.8123302459717,0
26.2732257843018,0
23.9504470825195,0
20.9137096405029,0
16.6868515014648,0
11.7781629562378,0
7.74619817733765,0
6.22914743423462,0
7.2964940071106,0
9.13051891326904,0
10.1846351623535,0
11.4546489715576,0
15.4760551452637,0
22.9443759918213,0
31.685604095459,0
39.5399627685547,0
46.7466087341309,0
54.2497215270996,0
61.0311050415039,0
65.0918350219727,0
66.3784255981445,0
66.5814743041992,0
66.2040100097656,0
64.1079864501953,0
60.4647789001465,0
58.0155181884766,0
59.0604248046875,0
62.3434982299805,0
64.1705017089844,0
62.2324180603027,0
57.715991973877,0
53.8777847290039,0
52.651008605957,0
52.4367828369141,0
49.7356452941895,0
43.500659942627,0
36.807056427002,0
32.867130279541,0
30.5625324249268,0
26.2324066162109,0
19.2559242248535,0
12.9513702392578,0
9.72953128814697,0
8.34307384490967,0
6.84064912796021,0
5.34496545791626,0
4.32831764221191,0
2.73700904846191,0
0.021767184138298,0
-1.98566424846649,0
-1.7575010061264,0
-1.26452159881592,0
-3.784010887146,0
-9.09670162200928,0
-13.4084730148315,0
-14.1639289855957,0
-12.7944583892822,0
-12.0698509216309,0
-12.388126373291,0
-11.7679491043091,0
-8.60484218597412,0
-3.22554302215576,0
3.15330982208252,0
9.91044139862061,0
16.7917919158936,0
22.8165473937988,0
26.7550773620605,0
29.0323867797852,0
31.850980758667,0
36.4551734924316,0
41.3405265808105,0
44.400707244873,0
45.7069396972656,0
46.4207191467285,0
46.0733795166016,0
43.4830284118652,0
39.8850288391113,0
38.1757659912109,0
38.7204437255859,0
38.8080139160156,0
37.0891990661621,0
35.7145004272461,0
36.7954216003418,0
39.5285377502441,0
42.5789413452148,0
46.5809669494629,0
51.837947845459,0
55.9278717041016,0
56.7326278686523,0
56.2777709960938,0
58.247444152832,0
62.5870246887207,0
65.9225234985352,0
66.9869995117188,0
68.1880874633789,0
71.3733291625977,0
75.2369155883789,0
77.9782104492188,0
79.7629852294922,0
81.0777587890625,0
81.0017395019531,0
78.9696197509766,0
76.4471206665039,0
74.8583679199219,0
73.2401962280273,0
70.1549987792969,0
67.0277099609375,0
67.0884857177734,0
70.8855895996094,0
74.8348846435547,0
74.9430999755859,0
70.8559265136719,0
65.6731109619141,0
62.5176620483398,0
61.7196350097656,0
60.9615936279297,0
58.0447654724121,0
53.6815338134766,0
51.0739402770996,0
52.1775283813477,0
55.1896591186523,0
56.9392127990723,0
57.0061874389648,0
57.5143089294434,0
59.0823097229004,0
59.6117935180664,0
58.0206871032715,0
56.6881065368652,0
58.2227401733398,0
61.5379753112793,0
63.4510040283203,0
62.8900909423828,0
60.7838592529297,0
56.651611328125,0
48.8989295959473,0
39.0606956481934,0
32.2508926391602,0
31.3776435852051,0
33.3169822692871,0
33.3024291992188,0
31.4640922546387,0
32.0546836853027,0
36.7319107055664,0
41.6116905212402,0
41.7853622436523,0
36.7505035400391,0
30.242712020874,0
26.0100555419922,0
24.9998321533203,0
25.9609775543213,0
27.3983612060547,0
28.6651287078857,0
29.7992610931396,0
30.8611087799072,0
31.6638126373291,0
32.1248054504395,0
32.5594215393066,0
33.3413581848145,0
34.3911323547363,0
35.1536750793457,0
34.8678016662598,0
32.8232040405273,0
28.9430160522461,0
24.4567852020264,0
21.3342113494873,0
20.3984508514404,0
20.4545459747314,0
19.8470115661621,0
18.2427444458008,0
16.1561717987061,0
13.5805006027222,0
10.3373041152954,0
7.14701461791992,0
4.81984329223633,0
2.74830865859985,0
-0.0959374606609344,0
-2.84469723701477,0
-3.46692609786987,0
-2.19763088226318,0
-2.1374614238739,0
-5.40965414047241,0
-10.4367866516113,0
-14.3210754394531,0
-16.4587001800537,0
-18.2042942047119,0
-20.0218334197998,0
-20.7359619140625,0
-19.1096324920654,0
-14.672046661377,0
-7.35701656341553,0
2.18050265312195,0
11.8962478637695,0
19.2061080932617,0
22.7068328857422,0
22.4704341888428,0
19.0417900085449,0
13.111912727356,0
5.93322992324829,0
-0.92950040102005,0
-6.24636745452881,0
-9.06517124176025,0
-8.75484275817871,0
-6.08626317977905,0
-3.45172524452209,0
-2.52833032608032,0
-2.25373196601868,0
-0.755628108978271,0
1.22420191764832,0
1.03182554244995,0
-1.68767058849335,0
-3.84749794006348,0
-2.82626509666443,0
0.487300932407379,0
3.67482256889343,0
5.91546392440796,0
7.47549438476562,0
7.520339012146,0
4.60952520370483,0
-0.917226850986481,0
-6.55953788757324,0
-9.71851921081543,0
-9.48757171630859,0
-6.95039176940918,0
-4.48629570007324,0
-4.06983709335327,0
-5.29875993728638,0
-5.69725036621094,0
-3.73568272590637,0
-0.625037133693695,0
1.80919480323792,0
3.71799850463867,0
6.04254102706909,0
7.75838279724121,0
6.49779891967773,0
1.73928713798523,0
-4.50970888137817,0
-10.3104848861694,0
-15.4367008209229,0
-20.1645164489746,0
-23.7663173675537,0
-24.5619678497314,0
-20.7413845062256,0
-11.5672121047974,0
1.08399486541748,0
12.9068632125854,0
20.2877540588379,0
22.7609710693359,0
21.222412109375,0
15.3107995986938,0
5.21675109863281,0
-5.19369411468506,0
-11.1592216491699,0
-13.2553863525391,0
-16.7939643859863,0
-23.6748428344727,0
-28.848051071167,0
-27.398946762085,0
-21.6740016937256,0
-17.7969264984131,0
-17.5304546356201,0
-17.7007465362549,0
-16.4288234710693,0
-15.6388292312622,0
-17.2749919891357,0
-20.68092918396,0
-24.5917778015137,0
-28.8484706878662,0
-33.0580444335938,0
-35.9593925476074,0
-37.3788948059082,0
-38.8530502319336,0
-41.0291404724121,0
-42.1513748168945,0
-40.4341659545898,0
-36.3436431884766,0
-31.1216049194336,0
-24.8189373016357,0
-17.9670658111572,0
-13.8439426422119,0
-15.9358072280884,0
-22.9114665985107,0
-28.8446445465088,0
-29.6723175048828,0
-27.5135307312012,0
-27.0091419219971,0
-28.9391746520996,0
-29.768367767334,0
-26.9223251342773,0
-21.9400119781494,0
-17.8193321228027,0
-15.4316854476929,0
-13.9694395065308,0
-13.3257455825806,0
-13.9492063522339,0
-14.9975881576538,0
-14.8188743591309,0
-13.4644765853882,0
-12.8573217391968,0
-13.8275604248047,0
-14.6872692108154,0
-13.9247303009033,0
-12.9563093185425,0
-14.505259513855,0
-18.9239883422852,0
-23.9532699584961,0
-28.0508518218994,0
-32.0766906738281,0
-36.975700378418,0
-41.3087921142578,0
-42.4962425231934,0
-40.0087585449219,0
-36.1784286499023,0
-33.8706588745117,0
-34.0380973815918,0
-35.4648017883301,0
-36.2640113830566,0
-35.6445198059082,0
-34.7192268371582,0
-35.4594841003418,0
-38.3259468078613,0
-41.2420806884766,0
-41.8172912597656,0
-40.4697418212891,0
-40.1360740661621,0
-42.5234336853027,0
-45.8356170654297,0
-47.0237312316895,0
-45.344783782959,0
-42.5543937683105,0
-40.1738700866699,0
-38.0106582641602,0
-35.5157279968262,0
-33.399112701416,0
-33.1015930175781,0
-34.9331436157227,0
-37.2369537353516,0
-37.6117858886719,0
-35.0214729309082,0
-30.5321865081787,0
-25.6793270111084,0
-20.4069404602051,0
-13.4863433837891,0
-5.03749561309814,0
2.56932091712952,0
7.06112051010132,0
8.63943290710449,0
9.19113445281982,0
9.98499011993408,0
11.2309608459473,0
13.1791524887085,0
16.218900680542,0
20.1155815124512,0
24.345874786377,0
28.9718761444092,0
33.9699363708496,0
37.9145736694336,0
38.8503112792969,0
36.8130722045898,0
34.3095588684082,0
33.736888885498,0
34.948429107666,0
35.5568237304688,0
33.0885200500488,0
26.9795360565186,0
19.2505645751953,0
13.1712369918823,0
10.5855112075806,0
10.7645874023438,0
12.344165802002,0
15.2727890014648,0
19.4133605957031,0
22.3533725738525,0
21.1818752288818,0
16.3996486663818,0
11.5469217300415,0
8.54321670532227,0
6.03533887863159,0
3.23902893066406,0
2.3884801864624,0
5.20085573196411,0
9.21738433837891,0
10.5274572372437,0
8.81478500366211,0
6.79966449737549,0
5.4773120880127,0
3.18212413787842,0
-0.432847142219543,0
-2.72425532341003,0
-1.75916254520416,0
0.629889607429504,0
1.3197979927063,0
-0.0359266623854637,0
-1.20617306232452,0
-0.62289172410965,0
1.42093849182129,0
4.12200593948364,0
6.64996910095215,0
7.45224761962891,0
5.33382129669189,0
1.884516954422,0
0.831278741359711,0
3.64245438575745,0
7.18047904968262,0
7.20349979400635,0
3.04587459564209,0
-2.82515692710876,0
-8.65672779083252,0
-14.2584047317505,0
-18.4271545410156,0
-18.491626739502,0
-13.3240966796875,0
-4.74812364578247,0
4.8151159286499,0
14.0198459625244,0
21.1649208068848,0
23.8436107635498,0
22.0028400421143,0
19.301342010498,0
19.1347961425781,0
20.856876373291,0
22.148738861084,0
23.3617706298828,0
26.4660034179688,0
30.7979469299316,0
33.295783996582,0
32.8105888366699,0
31.1050434112549,0
29.4214496612549,0
27.0746021270752,0
23.986608505249,0
21.6986351013184,0
20.8214378356934,0
19.9002799987793,0
17.8633613586426,0
15.4510564804077,0
13.3679323196411,0
11.3191089630127,0
9.75403690338135,0
9.92974281311035,0
10.9643678665161,0
9.63199234008789,0
4.97377920150757,0
0.454744160175323,0
-0.858451902866364,0
-0.789969503879547,0
-2.75406169891357,0
-6.0815315246582,0
-7.29882717132568,0
-5.77478075027466,0
-4.17188405990601,0
-3.78529596328735,0
-3.46676635742188,0
-3.43173766136169,0
-5.92761611938477,0
-10.6119422912598,0
-12.8865518569946,0
-9.32562732696533,0
-2.33756637573242,0
3.13300728797913,0
5.83169794082642,0
8.5689868927002,0
13.570107460022,0
20.1784648895264,0
26.8694953918457,0
33.0985908508301,0
38.7102546691895,0
43.2656478881836,0
46.6707000732422,0
49.475959777832,0
52.145378112793,0
54.7713775634766,0
57.5708503723145,0
60.6729888916016,0
63.2472496032715,0
64.0470123291016,0
63.4776878356934,0
64.0787887573242,0
67.7348480224609,0
72.7944107055664,0
75.2765426635742,0
73.2029342651367,0
68.6553955078125,0
64.9333572387695,0
62.697151184082,0
60.1139945983887,0
56.1384735107422,0
51.8884735107422,0
48.7357940673828,0
46.9640579223633,0
46.9998245239258,0
49.9059829711914,0
55.0240211486816,0
58.7666282653809,0
58.0999908447266,0
54.4538955688477,0
51.868221282959,0
51.7177886962891,0
51.7561836242676,0
50.2191619873047,0
47.9024467468262,0
45.3999977111816,0
41.1470108032227,0
34.002498626709,0
25.9277534484863,0
20.35205078125,0
19.1155738830566,0
22.1942577362061,0
28.7065753936768,0
36.4735145568848,0
42.0903205871582,0
43.5497779846191,0
41.9736442565918,0
39.1709098815918,0
34.8098564147949,0
28.1629390716553,0
21.4132022857666,0
18.2196216583252,0
19.1148128509521,0
21.0173263549805,0
21.6464347839355,0
21.937572479248,0
23.3701953887939,0
25.19362449646,0
25.5151443481445,0
23.526554107666,0
19.6694393157959,0
15.074315071106,0
11.6453065872192,0
11.0029945373535,0
12.3172483444214,0
12.9367704391479,0
12.3739824295044,0
13.646559715271,0
18.7993640899658,0
25.019847869873,0
27.88063621521,0
27.142110824585,0
26.1888637542725,0
26.3338184356689,0
25.2894229888916,0
21.7295188903809,0
17.7642021179199,0
15.3426570892334,0
13.3262157440186,0
10.4977893829346,0
8.93170356750488,0
11.1683444976807,0
15.5172882080078,0
17.7217254638672,0
16.9948081970215,0
17.0237293243408,0
20.3159313201904,0
24.5177612304688,0
25.8493881225586,0
24.008451461792,0
21.7855663299561,0
21.2358779907227,0
22.1763134002686,0
23.6589508056641,0
24.9648628234863,0
25.2223033905029,0
23.6544094085693,0
20.7165946960449,0
18.1851577758789,0
17.6825428009033,0
19.2787322998047,0
21.4154663085938,0
22.0630645751953,0
20.4645519256592,0
18.0736675262451,0
17.0851573944092,0
17.5838222503662,0
17.1649837493896,0
14.3193426132202,0
11.1288871765137,0
11.0233726501465,0
14.4930629730225,0
18.9363403320312,0
22.6466808319092,0
26.8337860107422,0
32.9567642211914,0
39.6696014404297,0
43.5474624633789,0
42.0736846923828,0
35.3788909912109,0
26.0060291290283,0
17.5114002227783,0
12.2392845153809,0
9.67381572723389,0
7.57306003570557,0
4.8951997756958,0
2.51411008834839,0
0.965515553951263,0
-0.698152303695679,0
-3.06297206878662,0
-5.21105146408081,0
-6.59540414810181,0
-8.26031303405762,0
-10.6544275283813,0
-11.9851875305176,0
-10.7579727172852,0
-8.46101570129395,0
-7.46006393432617,0
-7.57923603057861,0
-7.37211275100708,0
-7.49294757843018,0
-9.46996879577637,0
-11.7801418304443,0
-10.9400444030762,0
-6.81555080413818,0
-3.18517804145813,0
-2.11008429527283,0
-1.35937535762787,0
1.01644825935364,0
3.1938202381134,0
3.2779393196106,0
3.46916723251343,0
6.9865894317627,0
12.6454753875732,0
16.268159866333,0
16.799633026123,0
17.399866104126,0
20.1893444061279,0
23.1700439453125,0
23.5338191986084,0
21.4756183624268,0
18.9919185638428,0
16.7098407745361,0
14.0820999145508,0
11.7707786560059,0
11.2661714553833,0
11.7374448776245,0
9.52649879455566,0
2.55421328544617,0
-5.75876045227051,0
-9.14013385772705,0
-5.27222347259521,0
1.84870529174805,0
7.04769134521484,0
9.55924034118652,0
11.9271402359009,0
15.0136795043945,0
16.854211807251,0
16.1606674194336,0
14.240177154541,0
12.7329607009888,0
11.5968751907349,0
10.4093008041382,0
9.88860130310059,0
10.6861295700073,0
11.8623094558716,0
12.004695892334,0
11.1624298095703,0
10.5298461914062,0
10.8068265914917,0
11.9003067016602,0
13.7355499267578,0
16.3482894897461,0
19.4184265136719,0
22.3836994171143,0
24.7125453948975,0
25.7049236297607,0
24.7514896392822,0
22.3678550720215,0
20.1834163665771,0
19.234676361084,0
19.1310863494873,0
19.5800361633301,0
21.4068126678467,0
24.680061340332,0
27.0125122070312,0
25.824686050415,0
21.8965492248535,0
18.6036682128906,0
17.6418571472168,0
17.6151218414307,0
17.1856555938721,0
17.2793712615967,0
19.0196094512939,0
21.4489879608154,0
22.9727153778076,0
23.6167182922363,0
24.0042343139648,0
23.2704410552979,0
20.2907867431641,0
16.5226993560791,0
15.3741664886475,0
18.6118240356445,0
25.1188678741455,0
32.9661560058594,0
40.4230041503906,0
44.8760986328125,0
43.8087387084961,0
38.2713165283203,0
32.9548568725586,0
31.0095100402832,0
30.8265857696533,0
29.782995223999,0
28.6684551239014,0
29.4008979797363,0
30.3575801849365,0
28.001916885376,0
22.4136829376221,0
17.1683940887451,0
13.7533407211304,0
10.2238616943359,0
5.96401500701904,0
3.29458069801331,0
2.65815401077271,0
0.557781398296356,0
-4.81804800033569,0
-9.53744316101074,0
-9.15170001983643,0
-5.29214477539062,0
-3.0662944316864,0
-3.79174971580505,0
-4.55354928970337,0
-3.87333512306213,0
-3.42683887481689,0
-4.20010948181152,0
-4.92219161987305,0
-4.95504331588745,0
-5.41144561767578,0
-6.5037407875061,0
-6.56423139572144,0
-4.62627267837524,0
-1.65346014499664,0
1.422886967659,0
4.51410388946533,0
6.65216445922852,0
6.08366775512695,0
3.17036032676697,0
0.974760770797729,0
1.76548326015472,0
4.69251251220703,0
7.71291637420654,0
9.89941883087158,0
11.1016340255737,0
11.4416646957397,0
12.0795221328735,0
14.3539047241211,0
17.1245460510254,0
17.184850692749,0
13.6109666824341,0
9.52474403381348,0
8.02958297729492,0
8.59386444091797,0
9.34023475646973,0
10.722954750061,0
14.2254247665405,0
18.6991539001465,0
20.8309803009033,0
19.0157260894775,0
14.747727394104,0
10.3443794250488,0
6.96156167984009,0
4.71777582168579,0
3.27724194526672,0
2.18619537353516,0
1.50041258335114,0
1.82687819004059,0
3.10608887672424,0
4.12732887268066,0
4.154709815979,0
4.11152315139771,0
5.04707479476929,0
6.49307155609131,0
7.78078079223633,0
9.88278865814209,0
13.9458999633789,0
18.6717109680176,0
21.4470710754395,0
22.0360107421875,0
23.0136241912842,0
26.2067108154297,0
30.6499004364014,0
34.6248512268066,0
37.8332443237305,0
40.5683746337891,0
42.3105964660645,0
42.4880180358887,0
41.7142753601074,0
41.1299438476562,0
41.0930519104004,0
41.3104286193848,0
41.6148490905762,0
41.8665428161621,0
41.7270469665527,0
41.226993560791,0
40.8675804138184,0
40.468864440918,0
38.7645721435547,0
35.0794143676758,0
30.6536521911621,0
27.23464012146,0
25.027811050415,0
23.1992874145508,0
21.688419342041,0
21.0284786224365,0
20.8744583129883,0
20.4458522796631,0
20.2370986938477,0
21.4160404205322,0
23.4328956604004,0
24.3158435821533,0
23.9544258117676,0
24.9705410003662,0
29.0324382781982,0
34.0082931518555,0
36.449089050293,0
35.6975059509277,0
33.8215713500977,0
32.4810638427734,0
31.9004230499268,0
32.4376487731934,0
34.8827934265137,0
38.7224807739258,0
41.7030410766602,0
41.869945526123,0
39.2350883483887,0
35.1691436767578,0
30.9909706115723,0
27.3364639282227,0
24.0651721954346,0
20.5380554199219,0
16.5822849273682,0
13.1135969161987,0
11.1227207183838,0
10.3845844268799,0
10.1756496429443,0
10.8189992904663,0
12.9801301956177,0
15.616904258728,0
16.657262802124,0
16.2188625335693,0
17.0665683746338,0
20.5993404388428,0
24.0859069824219,0
23.7033195495605,0
19.2842597961426,0
14.1290292739868,0
10.6831932067871,0
8.46449565887451,0
6.25818347930908,0
4.14122343063354,0
2.30293679237366,0
-0.490226417779922,0
-5.41713857650757,0
-11.0585298538208,0
-14.1680192947388,0
-13.5807104110718,0
-12.0812187194824,0
-13.2561807632446,0
-17.2816314697266,0
-21.3841552734375,0
-24.1353092193604,0
-27.1093311309814,0
-31.6410446166992,0
-36.368537902832,0
-39.9551811218262,0
-44.2555236816406,0
-51.5437545776367,0
-59.3503036499023,0
-61.8601264953613,0
-57.250789642334,0
-50.273551940918,0
-45.9029426574707,0
-43.5105209350586,0
-39.8851013183594,0
-35.3339996337891,0
-32.9460678100586,0
-33.0412788391113,0
-32.5909881591797,0
-30.5199642181396,0
-29.8004188537598,0
-32.692066192627,0
-36.7655258178711,0
-37.9325294494629,0
-35.6795768737793,0
-32.9843521118164,0
-32.0322952270508,0
-32.2682914733887,0
-32.3763084411621,0
-32.1305198669434,0
-31.8960475921631,0
-31.6633415222168,0
-31.0643978118896,0
-29.5842399597168,0
-26.7557144165039,0
-23.0590209960938,0
-20.4812316894531,0
-20.8803882598877,0
-23.5704479217529,0
-25.7844734191895,0
-25.8985652923584,0
-24.8841857910156,0
-24.0475635528564,0
-22.909065246582,0
-20.4975204467773,0
-17.4914264678955,0
-15.5452032089233,0
-15.2495250701904,0
-16.1609497070312,0
-18.0624771118164,0
-20.5013179779053,0
-21.6729621887207,0
-19.8145847320557,0
-15.6796007156372,0
-11.7225828170776,0
-8.66056823730469,0
-4.76287126541138,0
1.08831143379211,0
7.654860496521,0
13.2935762405396,0
17.5284214019775,0
19.6158771514893,0
17.6690273284912,0
10.9200124740601,0
1.30586612224579,0
-8.84796333312988,0
-19.215202331543,0
-29.7677478790283,0
-38.4030075073242,0
-42.8607025146484,0
-44.0243911743164,0
-44.6965370178223,0
-45.7155876159668,0
-45.8938865661621,0
-45.2002372741699,0
-44.8827095031738,0
-44.5001182556152,0
-42.2207870483398,0
-38.6112174987793,0
-36.504711151123,0
-35.7150726318359,0
-31.5903644561768,0
-21.5487728118896,0
-10.216513633728,0
-4.58005857467651,0
-5.70438051223755,0
-8.8355655670166,0
-10.7799406051636,0
-13.2170457839966,0
-18.2454090118408,0
-24.2084350585938,0
-27.7337131500244,0
-27.7784614562988,0
-25.8379421234131,0
-23.5202579498291,0
-21.7080955505371,0
-21.3149089813232,0
-23.028263092041,0
-26.343563079834,0
-30.2388973236084,0
-34.9227867126465,0
-41.5140762329102,0
-49.4654693603516,0
-55.717601776123,0
-57.6744995117188,0
-56.1626625061035,0
-53.9652862548828,0
-52.0856590270996,0
-49.428539276123,0
-45.8762550354004,0
-43.0140228271484,0
-41.1799583435059,0
-38.6828536987305,0
-35.4584159851074,0
-34.4343185424805,0
-36.5043487548828,0
-36.8920478820801,0
-30.6346549987793,0
-20.0905952453613,0
-12.2504034042358,0
-9.15678405761719,0
-6.35729598999023,0
-1.67007803916931,0
0.355496823787689,0
-4.20506811141968,0
-11.5589780807495,0
-15.0185079574585,0
-13.9691734313965,0
-13.0080709457397,0
-13.601354598999,0
-11.9944972991943,0
-6.04764604568481,0
0.473024040460587,0
2.76402544975281,0
1.33602797985077,0
0.777495324611664,0
3.46348834037781,0
7.06656503677368,0
8.29469108581543,0
7.01730871200562,0
5.59639883041382,0
5.17102336883545,0
4.26613092422485,0
1.40862786769867,0
-2.20670700073242,0
-3.92526054382324,0
-2.95579624176025,0
-0.900890409946442,0
1.17155623435974,0
4.45813083648682,0
10.1948003768921,0
16.9471778869629,0
21.6420345306396,0
22.8140239715576,0
21.4884128570557,0
19.1698417663574,0
16.5439319610596,0
14.3779973983765,0
14.0640277862549,0
16.2090950012207,0
19.5721111297607,0
22.5035877227783,0
24.9832324981689,0
28.2020816802979,0
32.3924598693848,0
36.1882820129395,0
38.2146301269531,0
38.3300361633301,0
37.091480255127,0
34.9770088195801,0
32.5475730895996,0
30.4555549621582,0
28.7134056091309,0
26.7421760559082,0
24.6872138977051,0
23.7322978973389,0
24.3238277435303,0
25.0682945251465,0
24.4689350128174,0
22.8721599578857,0
21.4315738677979,0
20.0534820556641,0
18.0497589111328,0
16.1379280090332,0
15.702880859375,0
16.2388610839844,0
15.6702547073364,0
13.4690532684326,0
11.3986396789551,0
10.6586046218872,0
10.3548345565796,0
9.64118480682373,0
9.38845443725586,0
10.5090932846069,0
12.3203287124634,0
13.9242324829102,0
15.7353296279907,0
18.246753692627,0
20.667163848877,0
22.2454872131348,0
23.6095314025879,0
25.2805023193359,0
26.3795070648193,0
26.7292575836182,0
28.7117710113525,0
34.3913040161133,0
41.6387138366699,0
45.9237289428711,0
45.725399017334,0
43.5366058349609,0
41.5965194702148,0
39.603687286377,0
37.2516021728516,0
35.9579162597656,0
36.3521385192871,0
36.2298851013184,0
33.1471328735352,0
27.934383392334,0
23.845401763916,0
22.8054904937744,0
23.8815479278564,0
25.0910015106201,0
25.6047668457031,0
26.3044586181641,0
28.8906078338623,0
34.313793182373,0
41.6592216491699,0
48.7232093811035,0
53.7603607177734,0
56.3294448852539,0
56.7018280029297,0
55.3610687255859,0
53.0895195007324,0
50.5054588317871,0
47.2642402648926,0
42.5408210754395,0
36.3290367126465,0
29.3280277252197,0
21.7445583343506,0
13.5960559844971,0
6.18184089660645,0
1.52808701992035,0
-0.13319756090641,0
-0.881918549537659,0
-2.61188244819641,0
-5.35819101333618,0
-8.3792724609375,0
-11.1792116165161,0
-12.97203540802,0
-13.0910358428955,0
-12.7884826660156,0
-14.6191883087158,0
-18.7636775970459,0
-21.8336429595947,0
-20.9784297943115,0
-17.6653003692627,0
-15.6016979217529,0
-16.1058444976807,0
-17.3876361846924,0
-17.5856513977051,0
-16.7190933227539,0
-15.9502773284912,0
-16.1079902648926,0
-16.5765438079834,0
-15.0669765472412,0
-9.57626247406006,0
-1.35620963573456,0
5.47676992416382,0
8.31006526947021,0
8.4025993347168,0
7.76303958892822,0
5.96299648284912,0
2.30633735656738,0
-0.857741951942444,0
-0.277961820363998,0
3.53498673439026,0
6.83864831924438,0
7.59952402114868,0
7.14803028106689,0
7.04992628097534,0
7.24678087234497,0
7.63825559616089,0
8.61531829833984,0
9.07753372192383,0
6.43765020370483,0
0.00523467734456062,0
-7.39642286300659,0
-12.3866996765137,0
-14.1857843399048,0
-13.9847078323364,0
-12.7763700485229,0
-10.9265518188477,0
-8.65836906433105,0
-6.00120830535889,0
-3.23080658912659,0
-1.7293975353241,0
-2.87916111946106,0
-5.63336038589478,0
-7.13741683959961,0
-6.60620784759521,0
-6.39553880691528,0
-7.89781379699707,0
-8.79326820373535,0
-6.66758298873901,0
-3.40988421440125,0
-2.95571732521057,0
-5.5712890625,0
-7.47435188293457,0
-6.0768027305603,0
-2.83504509925842,0
-0.421929657459259,0
0.480895280838013,0
0.604798257350922,0
0.269544243812561,0
-0.508974432945251,0
-1.1762775182724,0
-0.977626264095306,0
0.423330157995224,0
3.09821581840515,0
6.86045694351196,0
10.8464965820312,0
14.1284627914429,0
17.2374362945557,0
22.0145893096924,0
29.0937538146973,0
36.2299270629883,0
40.09375,0
39.5513572692871,0
36.5357780456543,0
33.7343673706055,0
31.9844551086426,0
30.2954559326172,0
28.2301254272461,0
27.4002838134766,0
29.5970516204834,0
33.580867767334,0
35.2212142944336,0
31.6723346710205,0
24.3485069274902,0
16.810848236084,0
10.964653968811,0
6.88032102584839,0
5.14153146743774,0
6.77042531967163,0
10.7639837265015,0
13.9980592727661,0
14.4118480682373,0
12.8988513946533,0
11.5533170700073,0
11.4074182510376,0
12.3934831619263,0
14.1977777481079,0
16.4615345001221,0
19.0274906158447,0
22.1998977661133,0
25.7567100524902,0
28.0029754638672,0
27.6529502868652,0
26.6969146728516,0
28.9119777679443,0
34.5316314697266,0
38.7451782226562,0
37.1934394836426,0
31.029354095459,0
24.4114112854004,0
18.5937957763672,0
11.3479843139648,0
1.6914142370224,0
-7.70735788345337,0
-13.4588527679443,0
-14.790376663208,0
-13.1927127838135,0
-10.3618717193604,0
-7.53846406936646,0
-5.6854944229126,0
-4.91432762145996,0
-4.07394552230835,0
-1.95619165897369,0
1.11093544960022,0
3.66169404983521,0
5.17019987106323,0
6.84685611724854,0
9.71449184417725,0
12.4620971679688,0
12.4035406112671,0
8.84332084655762,0
4.4650764465332,0
2.56448459625244,0
3.50831580162048,0
4.82344722747803,0
4.24648809432983,0
1.44882166385651,0
-3.00289964675903,0
-8.77597713470459,0
-15.2856540679932,0
-21.235710144043,0
-25.5228805541992,0
-28.1202239990234,0
-29.6387195587158,0
-30.5558948516846,0
-31.1344223022461,0
-31.3321514129639,0
-30.3679008483887,0
-27.1177234649658,0
-21.4409713745117,0
-14.4839773178101,0
-7.37874746322632,0
-0.624862611293793,0
4.74788761138916,0
6.80052757263184,0
4.86692047119141,0
1.33819341659546,0
-0.339118391275406,0
0.735512137413025,0
2.68299293518066,0
4.08191871643066,0
5.80844688415527,0
9.20172214508057,0
13.9020700454712,0
18.5558185577393,0
22.7166938781738,0
26.8196964263916,0
30.66477394104,0
33.0301856994629,0
32.7858695983887,0
29.6850109100342,0
24.2445259094238,0
17.682638168335,0
11.8101282119751,0
7.86424827575684,0
5.26819324493408,0
2.66707730293274,0
0.523014008998871,0
1.26380360126495,0
5.91899871826172,0
11.9518995285034,0
15.9958972930908,0
17.8106670379639,0
19.6179656982422,0
22.1348171234131,0
23.6577091217041,0
23.1187648773193,0
21.5233116149902,0
19.7754096984863,0
17.6805648803711,0
16.1228141784668,0
17.2866859436035,0
20.7710227966309,0
22.3954677581787,0
19.8928680419922,0
17.3499488830566,0
19.9694652557373,0
25.9831638336182,0
28.550329208374,0
25.3481121063232,0
21.2005214691162,0
20.2861862182617,0
20.8633155822754,0
20.1032638549805,0
19.6081237792969,0
22.3630542755127,0
27.2731742858887,0
30.7724437713623,0
32.0544281005859,0
33.0957679748535,0
34.8287734985352,0
36.7061958312988,0
38.9941596984863,0
42.0582733154297,0
44.0337371826172,0
42.4982032775879,0
38.0588836669922,0
33.2502937316895,0
28.5651359558105,0
23.1177444458008,0
18.6648235321045,0
18.4766998291016,0
21.6163501739502,0
22.9351024627686,0
20.5054130554199,0
18.7960472106934,0
21.7094326019287,0
26.2108459472656,0
26.7562007904053,0
23.4643020629883,0
21.3214435577393,0
22.3050670623779,0
22.844181060791,0
19.5605449676514,0
13.6803865432739,0
8.30573463439941,0
4.30448198318481,0
0.990901350975037,0
-1.22987258434296,0
-1.50674951076508,0
-0.976801514625549,0
-2.14495515823364,0
-5.67341470718384,0
-9.47637462615967,0
-11.4009056091309,0
-11.4553184509277,0
-10.8327960968018,0
-9.95372009277344,0
-8.33277988433838,0
-5.44887351989746,0
-0.81394374370575,0
5.88081645965576,0
13.376335144043,0
18.3820991516113,0
18.3993148803711,0
15.0509767532349,0
12.9021272659302,0
14.5801267623901,0
18.5483360290527,0
22.0616874694824,0
24.4550170898438,0
26.5045700073242,0
28.2446804046631,0
29.0132217407227,0
28.6411933898926,0
27.1976280212402,0
24.4703350067139,0
21.0738906860352,0
19.097972869873,0
19.9701824188232,0
22.3130054473877,0
23.5589084625244,0
23.1487216949463,0
22.4451026916504,0
21.982572555542,0
20.7613105773926,0
18.1552886962891,0
14.6245336532593,0
10.385106086731,0
5.1346287727356,0
-0.57682865858078,0
-5.26435613632202,0
-8.11991691589355,0
-9.30903339385986,0
-8.62511157989502,0
-5.70462465286255,0
-1.98651051521301,0
-0.412869185209274,0
-2.06851196289062,0
-4.63127899169922,0
-5.40260601043701,0
-4.76028871536255,0
-5.35484170913696,0
-8.62899112701416,0
-13.3085222244263,0
-17.0564937591553,0
-18.8506355285645,0
-19.7434024810791,0
-21.4207229614258,0
-23.9345588684082,0
-25.4773254394531,0
-25.1286144256592,0
-24.7831153869629,0
-26.5576705932617,0
-29.033374786377,0
-28.7735958099365,0
-25.6309871673584,0
-23.3746185302734,0
-24.0202083587646,0
-24.8505764007568,0
-23.2047481536865,0
-21.1680679321289,0
-22.1284961700439,0
-24.7633247375488,0
-24.6663455963135,0
-21.3282718658447,0
-19.157922744751,0
-20.6410541534424,0
-22.1978225708008,0
-18.9984893798828,0
-11.4526815414429,0
-4.33479881286621,0
-0.693805277347565,0
0.904610514640808,0
3.38175940513611,0
7.50432300567627,0
11.6418514251709,0
13.7066679000854,0
12.7521171569824,0
9.75496006011963,0
7.53976058959961,0
8.95389366149902,0
13.9780921936035,0
19.1288738250732,0
20.9105415344238,0
19.6344757080078,0
18.5708103179932,0
19.5625076293945,0
21.4280281066895,0
23.2106704711914,0
26.6309261322021,0
33.3801078796387,0
41.5435066223145,0
47.2847862243652,0
49.5633697509766,0
50.7786407470703,0
52.8014297485352,0
54.7310562133789,0
54.9938163757324,0
53.5010185241699,0
50.980339050293,0
48.0127487182617,0
45.5494499206543,0
44.6908531188965,0
45.0285797119141,0
44.6402053833008,0
42.4752883911133,0
39.2900848388672,0
35.658748626709,0
30.9394912719727,0
25.1587886810303,0
20.0231609344482,0
16.7651824951172,0
14.599100112915,0
12.4933109283447,0
10.7024927139282,0
9.25784969329834,0
7.02518939971924,0
4.11013031005859,0
3.21474933624268,0
6.22752952575684,0
11.0134992599487,0
14.1352005004883,0
15.5082502365112,0
17.690450668335,0
21.6172657012939,0
25.9861850738525,0
30.1747417449951,0
34.61279296875,0
38.4492225646973,0
40.053596496582,0
40.1957168579102,0
41.6671371459961,0
44.8951721191406,0
46.7188873291016,0
44.7787208557129,0
40.7133865356445,0
37.4325523376465,0
35.1626014709473,0
31.9770488739014,0
26.9249267578125,0
20.9675540924072,0
15.6326208114624,0
12.0595121383667,0
10.7458868026733,0
11.1401643753052,0
11.9624729156494,0
12.8006505966187,0
14.938060760498,0
19.7557487487793,0
26.5149574279785,0
32.3871612548828,0
34.7933464050293,0
33.5516510009766,0
30.7193393707275,0
28.3884963989258,0
26.9412517547607,0
25.8863105773926,0
25.7801837921143,0
27.6705513000488,0
30.4589080810547,0
31.0553817749023,0
28.4536457061768,0
25.6114311218262,0
25.3331813812256,0
26.1103363037109,0
24.5493640899658,0
20.385721206665,0
16.0825119018555,0
12.5746221542358,0
8.80312728881836,0
4.91831302642822,0
2.45323705673218,0
1.39222168922424,0
0.390446484088898,0
-0.166361391544342,0
1.10131728649139,0
2.73543405532837,0
1.47546684741974,0
-2.16072010993958,0
-3.6228666305542,0
-1.08537364006042,0
1.70895671844482,0
1.31747555732727,0
-0.767057776451111,0
-1.87749075889587,0
-2.62822365760803,0
-4.33097648620605,0
-5.35025215148926,0
-3.79709506034851,0
-1.16509997844696,0
0.505741000175476,0
2.66314792633057,0
7.39732503890991,0
12.7078695297241,0
15.1297960281372,0
15.579740524292,0
17.7715892791748,0
21.5165424346924,0
22.5050678253174,0
18.9986400604248,0
14.1813259124756,0
10.8627147674561,0
7.80013084411621,0
2.77553963661194,0
-3.81764698028564,0
-9.96735286712646,0
-14.1990194320679,0
-15.7076101303101,0
-14.5866136550903,0
-12.6265478134155,0
-11.6888542175293,0
-11.054708480835,0
-8.95979881286621,0
-6.63127708435059,0
-7.23103380203247,0
-10.3511962890625,0
-11.733154296875,0
-9.86223220825195,0
-8.65689754486084,0
-11.3728914260864,0
-15.7950439453125,0
-18.4036998748779,0
-19.6165790557861,0
-21.1335430145264,0
-21.1030731201172,0
-16.368688583374,0
-7.729172706604,0
1.10647106170654,0
8.40594482421875,0
14.3843402862549,0
17.7646007537842,0
16.9262886047363,0
13.965799331665,0
13.0903539657593,0
14.6359548568726,0
14.7173261642456,0
11.4419813156128,0
7.54737758636475,0
5.75320482254028,0
5.17839622497559,0
3.99715852737427,0
2.39400935173035,0
0.919219613075256,0
-1.22607004642487,0
-3.96951818466187,0
-4.82203674316406,0
-2.14568567276001,0
1.6992506980896,0
2.95046424865723,0
0.951880931854248,0
-2.25727653503418,0
-5.70444011688232,0
-10.0348567962646,0
-14.6047897338867,0
-16.7921390533447,0
-15.0007562637329,0
-10.5776510238647,0
-5.9101390838623,0
-1.96281921863556,0
1.38966405391693,0
3.713299036026,0
4.07537698745728,0
2.508145570755,0
0.325323104858398,0
-1.26105499267578,0
-2.16062450408936,0
-2.70740604400635,0
-2.58439517021179,0
-1.25015318393707,0
0.730219900608063,0
1.78958976268768,0
1.27748239040375,0
0.588216662406921,0
1.6613347530365,0
4.75784635543823,0
8.41728782653809,0
11.202431678772,0
12.6006565093994,0
12.6065216064453,0
11.7526826858521,0
11.6236085891724,0
13.8943395614624,0
18.2755603790283,0
22.6171531677246,0
25.7792720794678,0
29.1474075317383,0
34.1658401489258,0
39.5118789672852,0
42.4197006225586,0
42.2789001464844,0
41.1605339050293,0
40.8775405883789,0
41.2561187744141,0
41.5622024536133,0
41.9451522827148,0
42.798885345459,0
44.0274658203125,0
45.5825576782227,0
47.4233818054199,0
48.3358993530273,0
46.4432029724121,0
42.0467262268066,0
38.4107666015625,0
38.0565643310547,0
39.4328689575195,0
39.1488265991211,0
36.6275444030762,0
34.3779335021973,0
34.1538734436035,0
35.3177070617676,0
37.1791801452637,0
40.4379425048828,0
45.2457122802734,0
49.7212181091309,0
51.8132781982422,0
51.5167083740234,0
50.0891036987305,0
48.080638885498,0
45.4246406555176,0
42.7759246826172,0
41.2858810424805,0
41.0085716247559,0
40.5294914245605,0
38.6136322021484,0
35.9659118652344,0
35.0298614501953,0
37.6190795898438,0
42.4333610534668,0
45.4223861694336,0
43.4445648193359,0
37.3289947509766,0
30.4470043182373,0
24.7596950531006,0
19.8669452667236,0
15.8349733352661,0
14.6869106292725,0
17.9378662109375,0
24.2043018341064,0
30.6663990020752,0
35.9202423095703,0
40.1855239868164,0
43.6606750488281,0
46.1023216247559,0
47.5295906066895,0
48.2060050964355,0
48.3040008544922,0
48.3492660522461,0
49.3334350585938,0
51.6450843811035,0
54.705753326416,0
58.2392044067383,0
62.487850189209,0
66.2027053833008,0
66.2922592163086,0
61.3789939880371,0
54.2491989135742,0
48.5716896057129,0
44.5137062072754,0
40.2027435302734,0
36.2089347839355,0
34.9754066467285,0
36.0973625183105,0
35.9813995361328,0
32.928768157959,0
29.1649475097656,0
26.6980094909668,0
24.4636688232422,0
21.2183170318604,0
18.0583801269531,0
15.72727394104,0
12.274977684021,0
6.4807653427124,0
1.51998543739319,0
1.68555748462677,0
6.45794725418091,0
11.1022443771362,0
12.7039670944214,0
12.5046720504761,0
12.2837495803833,0
11.6153993606567,0
9.61305522918701,0
6.86949729919434,0
4.32700729370117,0
1.89436376094818,0
-0.664297699928284,0
-2.71564173698425,0
-3.53429341316223,0
-3.06112289428711,0
-1.29627978801727,0
1.92824840545654,0
6.04907655715942,0
9.89359760284424,0
13.2496461868286,0
16.9530811309814,0
20.7934494018555,0
22.8854446411133,0
21.990894317627,0
18.8663120269775,0
14.3679971694946,0
8.32832908630371,0
2.0023021697998,0
-0.686178267002106,0
2.59941577911377,0
8.33526420593262,0
10.5037717819214,0
7.8775634765625,0
4.59891605377197,0
3.45717859268188,0
2.47541618347168,0
-0.604784786701202,0
-4.2792501449585,0
-6.22309970855713,0
-7.2375636100769,0
-9.02399826049805,0
-10.2326784133911,0
-8.5414571762085,0
-5.4526424407959,0
-4.87003135681152,0
-6.91023969650269,0
-7.10155248641968,0
-2.75137734413147,0
3.39528369903564,0
7.59406757354736,0
10.1699924468994,0
13.6577978134155,0
18.1155853271484,0
21.3227500915527,0
22.5115795135498,0
22.9628372192383,0
23.2570629119873,0
22.6310691833496,0
21.2086639404297,0
20.3137855529785,0
19.8077850341797,0
17.2979507446289,0
11.2667045593262,0
3.47645211219788,0
-3.00613212585449,0
-7.00588369369507,0
-9.22192573547363,0
-10.1117362976074,0
-9.43052291870117,0
-7.47022199630737,0
-5.28868436813354,0
-3.58760643005371,0
-2.26200842857361,0
-1.10748362541199,0
-0.31059405207634,0
-0.287263542413712,0
-1.51480948925018,0
-4.19420528411865,0
-7.44110488891602,0
-9.23262119293213,0
-8.1100435256958,0
-4.8516058921814,0
-1.64389896392822,0
0.376265108585358,0
2.0222795009613,0
4.59760522842407,0
8.40615272521973,0
12.8354244232178,0
17.1129932403564,0
20.6408214569092,0
23.0845794677734,0
24.4007225036621,0
24.5093994140625,0
23.0320434570312,0
19.8671684265137,0
15.9430437088013,0
12.649510383606,0
10.2703838348389,0
7.5510687828064,0
3.19967436790466,0
-2.50611758232117,0
-7.94896841049194,0
-11.9215078353882,0
-14.9850339889526,0
-18.9676399230957,0
-24.8497257232666,0
-31.0843143463135,0
-34.5158615112305,0
-33.3846015930176,0
-29.0856666564941,0
-24.6306095123291,0
-21.9651870727539,0
-21.3086853027344,0
-22.1230945587158,0
-23.3325881958008,0
-23.1421775817871,0
-20.577091217041,0
-17.5057144165039,0
-17.3299541473389,0
-20.7816772460938,0
-24.4941635131836,0
-24.949649810791,0
-22.6309833526611,0
-20.7289810180664,0
-20.616174697876,0
-20.5207004547119,0
-18.5234851837158,0
-15.0240907669067,0
-11.7123222351074,0
-9.35516548156738,0
-7.23735857009888,0
-4.05215454101562,0
0.918622612953186,0
6.7288064956665,0
10.8112945556641,0
11.1738958358765,0
8.77481174468994,0
6.58485555648804,0
6.05706787109375,0
5.87054443359375,0
4.48162031173706,0
2.10782289505005,0
-0.703156113624573,0
-4.49948835372925,0
-9.1920166015625,0
-12.3541564941406,0
-11.3756198883057,0
-6.59824657440186,0
-0.528341770172119,0
5.37651014328003,0
11.3878555297852,0
17.7461395263672,0
24.1641979217529,0
30.4853839874268,0
35.982666015625,0
38.8267860412598,0
38.3076858520508,0
36.4358787536621,0
34.7022285461426,0
30.696907043457,0
21.8972854614258,0
12.008472442627,0
8.32725429534912,0
11.8005771636963,0
14.7515726089478,0
10.7588310241699,0
2.31250381469727,0
-4.32820796966553,0
-7.64309167861938,0
-10.1733598709106,0
-12.8227300643921,0
-14.7721033096313,0
-16.9453125,0
-20.5698833465576,0
-23.4414081573486,0
-22.4165058135986,0
-19.0683193206787,0
-18.0987358093262,0
-20.0685806274414,0
-20.4987354278564,0
-17.0506744384766,0
-12.95494556427,0
-11.5632400512695,0
-11.7049293518066,0
-11.0230665206909,0
-10.415961265564,0
-11.8951997756958,0
-14.4443235397339,0
-15.4401407241821,0
-14.8197422027588,0
-14.6801166534424,0
-15.4275102615356,0
-15.2035665512085,0
-13.1119327545166,0
-10.7021141052246,0
-9.9236011505127,0
-11.182092666626,0
-13.4324645996094,0
-14.7425909042358,0
-12.9995079040527,0
-7.83790349960327,0
-1.97935390472412,0
1.02084958553314,0
0.620159685611725,0
-0.643416166305542,0
-0.990707576274872,0
-1.23968052864075,0
-2.16259431838989,0
-2.28665375709534,0
-0.0302520729601383,0
3.4598445892334,0
5.56839275360107,0
5.53094148635864,0
4.76351022720337,0
4.47669458389282,0
4.74962711334229,0
5.63322973251343,0
7.28536605834961,0
8.95807838439941,0
9.61017322540283,0
9.75992202758789,0
10.9854316711426,0
13.1827230453491,0
14.2149705886841,0
13.1382913589478,0
11.9326372146606,0
12.6364479064941,0
14.2429752349854,0
14.1540927886963,0
11.6410131454468,0
7.99904918670654,0
4.09156227111816,0
-0.0136558562517166,0
-3.18923664093018,0
-3.48677968978882,0
-0.971188485622406,0
1.55696761608124,0
1.7415177822113,0
0.187593415379524,0
-1.22389793395996,0
-2.09178280830383,0
-3.04183840751648,0
-3.63753795623779,0
-2.77725338935852,0
-0.881725966930389,0
0.211330652236938,0
-0.266565561294556,0
-1.24295139312744,0
-1.80944442749023,0
-2.2977991104126,0
-2.69328308105469,0
-1.65098214149475,0
1.72788178920746,0
6.3598051071167,0
10.5675964355469,0
13.8479766845703,0
16.0481357574463,0
16.1084327697754,0
13.3673286437988,0
9.18241596221924,0
5.4508056640625,0
2.32439827919006,0
-0.73665976524353,0
-2.59025716781616,0
-1.53327250480652,0
1.71003699302673,0
4.6841721534729,0
6.66356801986694,0
8.83122825622559,0
11.2582883834839,0
12.7878198623657,0
14.0625991821289,0
17.1815299987793,0
21.518533706665,0
23.3961372375488,0
21.3523082733154,0
18.4650497436523,0
17.760461807251,0
18.5386581420898,0
19.1496181488037,0
19.9683666229248,0
21.1965579986572,0
21.261962890625,0
20.498363494873,0
22.8495693206787,0
29.8211402893066,0
35.8094673156738,0
34.4587669372559,0
27.60888671875,0
22.5801448822021,0
21.8075256347656,0
20.9145927429199,0
16.9547500610352,0
12.6500358581543,0
10.9851484298706,0
10.641827583313,0
9.22626972198486,0
7.23039531707764,0
6.23760843276978,0
6.10588216781616,0
6.34254884719849,0
7.95759296417236,0
11.7248506546021,0
16.4065113067627,0
20.4497051239014,0
23.6104030609131,0
25.3812313079834,0
24.0860862731934,0
19.6863040924072,0
15.5320920944214,0
14.7674236297607,0
16.344331741333,0
17.1466503143311,0
16.9828758239746,0
18.6077175140381,0
23.1844902038574,0
28.6168422698975,0
32.8095741271973,0
36.1021881103516,0
39.4845657348633,0
42.369197845459,0
43.5517578125,0
43.1870498657227,0
42.4809417724609,0
42.1242294311523,0
42.0795631408691,0
42.2722778320312,0
42.397876739502,0
41.5322341918945,0
39.0984687805176,0
35.9597244262695,0
33.398509979248,0
31.1626853942871,0
27.8593692779541,0
23.4931507110596,0
20.2214660644531,0
19.8172035217285,0
21.3192329406738,0
22.0919990539551,0
20.6859760284424,0
17.9704456329346,0
15.9443292617798,0
16.0919876098633,0
18.4420127868652,0
21.5341548919678,0
23.6256122589111,0
24.4862041473389,0
25.6064262390137,0
28.0566482543945,0
30.5867786407471,0
30.5669860839844,0
26.6025638580322,0
19.7457542419434,0
12.4675598144531,0
6.8748607635498,0
3.47859907150269,0
1.17081117630005,0
-1.31667137145996,0
-3.86439967155457,0
-5.70792293548584,0
-7.80357265472412,0
-12.7403545379639,0
-21.1247215270996,0
-29.5160446166992,0
-33.8078575134277,0
-33.8220634460449,0
-32.6369590759277,0
-32.0500907897949,0
-31.1056003570557,0
-29.04323387146,0
-26.9866046905518,0
-25.6608810424805,0
-23.5932350158691,0
-19.2730808258057,0
-13.8042516708374,0
-9.66560935974121,0
-7.51741075515747,0
-5.88595628738403,0
-3.77742791175842,0
-1.96626615524292,0
-1.26437532901764,0
-0.780809104442596,0
1.05819880962372,0
4.12248420715332,0
6.15128326416016,0
5.04503154754639,0
1.16083514690399,0
-3.21131873130798,0
-6.61342906951904,0
-9.97053337097168,0
-14.8934316635132,0
-20.9977569580078,0
-26.0043601989746,0
-28.6043109893799,0
-30.0394897460938,0
-32.0782089233398,0
-34.3609924316406,0
-35.072566986084,0
-33.855525970459,0
-32.4566612243652,0
-32.1893730163574,0
-32.2918472290039,0
-31.6847019195557,0
-31.090913772583,0
-32.0688667297363,0
-34.7317810058594,0
-37.8563041687012,0
-40.6736793518066,0
-42.9411506652832,0
-43.6544342041016,0
-41.7373924255371,0
-38.2135047912598,0
-35.6342582702637,0
-34.6548957824707,0
-33.125186920166,0
-29.6237659454346,0
-25.9142742156982,0
-24.2265605926514,0
-23.8207416534424,0
-22.5830879211426,0
-20.9978160858154,0
-21.8392372131348,0
-25.9879093170166,0
-30.9487285614014,0
-33.9939994812012,0
-34.7292594909668,0
-33.7805595397949,0
-30.8699245452881,0
-25.6284732818604,0
-19.1906147003174,0
-13.5522489547729,0
-9.80565547943115,0
-7.86687707901001,0
-7.26212310791016,0
-7.1741681098938,0
-6.36356496810913,0
-4.37772607803345,0
-2.6084520816803,0
-2.82515144348145,0
-4.61571311950684,0
-5.68606948852539,0
-5.18176984786987,0
-5.3751049041748,0
-9.0161075592041,0
-15.9070444107056,0
-23.3900337219238,0
-29.7161636352539,0
-35.3774185180664,0
-40.9707870483398,0
-45.2563896179199,0
-46.2768821716309,0
-43.7463035583496,0
-39.5257110595703,0
-35.9630279541016,0
-34.211181640625,0
-33.9084854125977,0
-34.0202789306641,0
-33.9458503723145,0
-33.8870048522949,0
-34.1532821655273,0
-34.5012626647949,0
-34.6652221679688,0
-35.1784896850586,0
-36.7841339111328,0
-39.1784629821777,0
-41.3879814147949,0
-43.3232727050781,0
-45.5554046630859,0
-47.310791015625,0
-46.4896965026855,0
-42.7401084899902,0
-38.9643821716309,0
-38.1002006530762,0
-39.3871192932129,0
-39.7342910766602,0
-38.2696075439453,0
-37.2995147705078,0
-38.420467376709,0
-39.8030700683594,0
-38.6341094970703,0
-34.8505096435547,0
-30.6101531982422,0
-26.6037082672119,0
-21.1223659515381,0
-13.5418481826782,0
-6.76852989196777,0
-4.06628942489624,0
-4.1539306640625,0
-2.18455004692078,0
3.6275053024292,0
8.84555625915527,0
8.19026470184326,0
2.26993131637573,0
-3.66797804832458,0
-6.49186754226685,0
-7.28359508514404,0
-6.85323572158813,0
-3.22205710411072,0
4.58162355422974,0
13.2814207077026,0
18.7261638641357,0
20.7628479003906,0
21.9799327850342,0
22.8527050018311,0
21.4349517822266,0
17.7713527679443,0
15.3363704681396,0
16.8258380889893,0
20.7630558013916,0
23.917028427124,0
25.5618095397949,0
27.4491710662842,0
30.3454113006592,0
32.5959930419922,0
32.3398590087891,0
29.8421096801758,0
27.175910949707,0
26.2807331085205,0
27.4545364379883,0
29.0351257324219,0
28.4869594573975,0
24.5938911437988,0
18.7211284637451,0
13.20836353302,0
8.70644760131836,0
4.32781171798706,0
0.290460556745529,0
-1.66236090660095,0
-1.31213915348053,0
-1.36380076408386,0
-4.15623188018799,0
-8.62079334259033,0
-12.4235496520996,0
-15.4448690414429,0
-18.4904689788818,0
-19.9741153717041,0
-17.523983001709,0
-12.5815982818604,0
-9.51988315582275,0
-9.34070014953613,0
-7.74250411987305,0
-1.01267504692078,0
9.10711097717285,0
18.2525844573975,0
24.424747467041,0
27.9550971984863,0
28.9562530517578,0
27.7077217102051,0
26.1079444885254,0
25.9299221038818,0
26.3522567749023,0
25.4943008422852,0
23.7499713897705,0
23.3848762512207,0
25.1318950653076,0
27.0950088500977,0
26.9140605926514,0
23.5367546081543,0
17.1865329742432,0
9.18021392822266,0
1.79441893100739,0
-2.90038132667542,0
-4.28237390518188,0
-2.97362351417542,0
-0.149704024195671,0
2.44721484184265,0
3.06603026390076,0
1.57091760635376,0
-0.519100308418274,0
-2.46914196014404,0
-5.37457799911499,0
-9.69485187530518,0
-13.6073322296143,0
-15.6509981155396,0
-17.3871192932129,0
-21.1434516906738,0
-26.2777786254883,0
-29.9974575042725,0
-30.910888671875,0
-29.4202423095703,0
-25.6104354858398,0
-19.5655937194824,0
-13.3165874481201,0
-9.70039653778076,0
-9.26948356628418,0
-10.5058536529541,0
-12.5699739456177,0
-15.2550163269043,0
-16.8555526733398,0
-15.4136791229248,0
-12.1073932647705,0
-9.97618198394775,0
-8.92106819152832,0
-5.78076696395874,0
-0.498721808195114,0
1.77270066738129,0
-2.9146146774292,0
-11.8665723800659,0
-19.3349933624268,0
-22.9636859893799,0
-23.8772754669189,0
-22.8141078948975,0
-19.8496417999268,0
-16.6577968597412,0
-15.3485765457153,0
-15.310884475708,0
-14.2384576797485,0
-12.2183723449707,0
-11.8941097259521,0
-14.2497110366821,0
-16.944055557251,0
-17.583833694458,0
-16.3349113464355,0
-14.3739814758301,0
-11.9200067520142,0
-9.1468334197998,0
-7.32481813430786,0
-7.37827253341675,0
-8.26982021331787,0
-8.28602313995361,0
-7.41429567337036,0
-7.25554132461548,0
-8.83400821685791,0
-11.4563493728638,0
-13.7363233566284,0
-15.0713472366333,0
-15.8445491790771,0
-16.3213520050049,0
-15.6817007064819,0
-12.8589887619019,0
-8.80124378204346,0
-7.01421403884888,0
-10.4518365859985,0
-18.0453948974609,0
-25.7466831207275,0
-31.0192813873291,0
-34.6367607116699,0
-37.8278503417969,0
-39.9228324890137,0
-40.1548614501953,0
-39.8801307678223,0
-40.8788566589355,0
-42.4761199951172,0
-42.545051574707,0
-40.9005966186523,0
-39.4674110412598,0
-38.9758949279785,0
-37.6241607666016,0
-33.7579727172852,0
-28.2257690429688,0
-23.077241897583,0
-19.161865234375,0
-16.1375827789307,0
-13.9934101104736,0
-13.3455610275269,0
-14.5265531539917,0
-17.1847591400146,0
-20.5185813903809,0
-23.3287925720215,0
-24.2815074920654,0
-22.8858966827393,0
-20.0743408203125,0
-17.4064178466797,0
-16.0570068359375,0
-16.8347015380859,0
-20.1783905029297,0
-25.0907459259033,0
-28.844705581665,0
-29.2948246002197,0
-27.3558692932129,0
-25.8239402770996,0
-25.8112640380859,0
-25.9467372894287,0
-25.3162078857422,0
-25.2144756317139,0
-26.8247375488281,0
-28.6388168334961,0
-27.8824672698975,0
-23.9998550415039,0
-19.4490203857422,0
-17.1931056976318,0
-18.0519428253174,0
-20.0078639984131,0
-19.5490493774414,0
-14.5861053466797,0
-6.84329414367676,0
-0.328636020421982,0
3.43989491462708,0
7.10417890548706,0
12.8355541229248,0
18.0091228485107,0
18.5096817016602,0
15.2713661193848,0
13.6964092254639,0
16.3521289825439,0
20.1535243988037,0
22.0601005554199,0
23.6266574859619,0
27.1711387634277,0
30.5249423980713,0
29.428560256958,0
23.7035312652588,0
17.5031585693359,0
14.1206817626953,0
13.8104734420776,0
16.2833480834961,0
21.5747261047363,0
27.7133617401123,0
30.995210647583,0
30.3987197875977,0
29.4049091339111,0
31.630241394043,0
36.5166435241699,0
41.1680374145508,0
44.6261787414551,0
47.7541999816895,0
49.8288307189941,0
48.1552200317383,0
41.5587997436523,0
32.3821868896484,0
24.3698406219482,0
19.9039669036865,0
19.7712879180908,0
24.0042037963867,0
31.5820827484131,0
40.0880165100098,0
47.1473007202148,0
52.3018035888672,0
56.6529579162598,0
60.7197799682617,0
63.5686645507812,0
64.1798858642578,0
62.6426391601562,0
59.5127487182617,0
55.0141067504883,0
49.8295669555664,0
45.8511962890625,0
44.6608352661133,0
45.4477958679199,0
45.8508110046387,0
44.9056587219238,0
43.6178894042969,0
42.367992401123,0
39.7430152893066,0
35.0629768371582,0
30.2458724975586,0
27.2377376556396,0
24.7959060668945,0
20.2573833465576,0
14.1704235076904,0
10.6433248519897,0
12.4551658630371,0
17.822546005249,0
23.0704612731934,0
26.8338489532471,0
30.0108032226562,0
32.6338958740234,0
32.9510650634766,0
29.8834400177002,0
24.8733139038086,0
20.4262542724609,0
17.5885982513428,0
15.7522077560425,0
14.4585847854614,0
14.1318120956421,0
14.7246732711792,0
14.6708946228027,0
12.0777034759521,0
6.66251564025879,0
-0.098241500556469,0
-6.51674270629883,0
-11.9349164962769,0
-16.759485244751,0
-21.6838130950928,0
-26.4162902832031,0
-28.9392929077148,0
-27.204496383667,0
-22.4419021606445,0
-19.3156547546387,0
-20.9685077667236,0
-25.0224571228027,0
-26.9094676971436,0
-26.4038715362549,0
-27.6557846069336,0
-32.5711441040039,0
-37.7126541137695,0
-39.2584953308105,0
-38.0316123962402,0
-37.3189468383789,0
-37.8703994750977,0
-37.6468391418457,0
-35.201488494873,0
-30.8954658508301,0
-25.5332927703857,0
-19.8650817871094,0
-14.9817180633545,0
-11.6155223846436,0
-9.56232452392578,0
-8.91096687316895,0
-10.6606521606445,0
-14.6530885696411,0
-18.3980464935303,0
-20.074577331543,0
-21.3294544219971,0
-24.3710327148438,0
-27.2828922271729,0
-25.6527881622314,0
-18.9362659454346,0
-11.8802185058594,0
-8.71771240234375,0
-8.81521606445312,0
-9.32992076873779,0
-9.36981868743896,0
-9.44219017028809,0
-9.00844287872314,0
-7.39396190643311,0
-6.12095499038696,0
-7.72138166427612,0
-12.4122905731201,0
-18.0298519134521,0
-23.2508430480957,0
-28.7830276489258,0
-34.805549621582,0
-39.1151428222656,0
-39.1341552734375,0
-34.8251991271973,0
-28.4324684143066,0
-21.8885688781738,0
-15.7135877609253,0
-10.3741130828857,0
-7.35921335220337,0
-7.99408054351807,0
-11.6033811569214,0
-15.7721843719482,0
-18.6123600006104,0
-20.0670642852783,0
-20.5056324005127,0
-18.8107891082764,0
-13.213285446167,0
-4.17239999771118,0
4.93131637573242,0
10.880805015564,0
13.5249576568604,0
14.5492210388184,0
14.2316694259644,0
11.1955251693726,0
5.21874046325684,0
-1.73275101184845,0
-7.92983675003052,0
-13.5574760437012,0
-18.8663368225098,0
-22.4140911102295,0
-23.1346969604492,0
-23.0502738952637,0
-25.3796577453613,0
-30.0734691619873,0
-33.7231864929199,0
-34.4550590515137,0
-34.4449234008789,0
-36.211009979248,0
-38.5998191833496,0
-38.72998046875,0
-36.5796890258789,0
-34.883415222168,0
-34.7360038757324,0
-33.9898529052734,0
-30.7076244354248,0
-25.9968757629395,0
-22.0986824035645,0
-19.2298145294189,0
-15.9755239486694,0
-11.9529161453247,0
-8.36996555328369,0
-6.07053232192993,0
-4.39412450790405,0
-2.30787253379822,0
0.119424872100353,0
1.68040716648102,0
1.06850278377533,0
-2.02409100532532,0
-6.30673551559448,0
-9.28518104553223,0
-8.72292900085449,0
-4.04291725158691,0
3.56435370445251,0
12.0145311355591,0
19.095085144043,0
23.0610961914062,0
23.4385147094727,0
21.2349414825439,0
17.7289199829102,0
13.1977844238281,0
7.5637469291687,0
1.93214309215546,0
-1.92519390583038,0
-3.84915614128113,0
-5.47054481506348,0
-7.29919147491455,0
-7.34542465209961,0
-4.40084266662598,0
-1.37083756923676,0
-2.51083874702454,0
-7.2873911857605,0
-9.85032176971436,0
-5.89166975021362,0
2.21777868270874,0
9.00251579284668,0
12.7409620285034,0
16.0803775787354,0
20.7405433654785,0
24.8295345306396,0
26.0399055480957,0
24.9640197753906,0
23.8969478607178,0
24.0724830627441,0
25.4641723632812,0
27.8482151031494,0
30.2945747375488,0
30.5612640380859,0
27.0793495178223,0
21.4843978881836,0
17.4257640838623,0
16.3772888183594,0
15.8750972747803,0
12.5670785903931,0
6.11224985122681,0
-0.709208071231842,0
-5.12968730926514,0
-6.69498729705811,0
-6.66438722610474,0
-6.19261312484741,0
-5.61661434173584,0
-4.91515111923218,0
-3.96361303329468,0
-2.31729984283447,0
0.375784516334534,0
3.25304865837097,0
4.24421739578247,0
2.09894061088562,0
-1.9391280412674,0
-5.48306035995483,0
-7.83981847763062,0
-10.2772026062012,0
-13.4305629730225,0
-16.0608901977539,0
-17.0888786315918,0
-17.2544937133789,0
-17.4219551086426,0
-16.6547546386719,0
-14.0219202041626,0
-11.455958366394,0
-12.1707725524902,0
-16.0766506195068,0
-19.406774520874,0
-19.9824028015137,0
-20.542932510376,0
-24.9649105072021,0
-32.8260955810547,0
-40.1188697814941,0
-44.5170097351074,0
-47.30810546875,0
-50.0368156433105,0
-51.7607421875,0
-50.6910820007324,0
-46.8236923217773,0
-41.6493225097656,0
-36.3944206237793,0
-31.7914619445801,0
-28.6943645477295,0
-27.489128112793,0
-27.2498092651367,0
-26.6656074523926,0
-25.6239681243896,0
-24.8168125152588,0
-23.9030647277832,0
-21.2943363189697,0
-16.2007007598877,0
-10.0842485427856,0
-5.42653942108154,0
-3.26182150840759,0
-2.3326404094696,0
-0.76163911819458,0
1.58784532546997,0
2.71966457366943,0
0.712677717208862,0
-4.01314544677734,0
-9.20445156097412,0
-13.1543569564819,0
-15.542441368103,0
-16.2762775421143,0
-15.3315134048462,0
-14.0609292984009,0
-14.5122566223145,0
-16.4343128204346,0
-17.192066192627,0
-16.2080135345459,0
-16.9611358642578,0
-21.9751319885254,0
-28.1314945220947,0
-30.5893974304199,0
-29.6711673736572,0
-29.4553108215332,0
-30.5801277160645,0
-29.8221054077148,0
-27.0228862762451,0
-26.3964004516602,0
-28.9434051513672,0
-29.392017364502,0
-24.3335952758789,0
-18.3534259796143,0
-17.121976852417,0
-18.4055843353271,0
-16.0228481292725,0
-10.1566410064697,0
-6.8692889213562,0
-8.05928802490234,0
-8.75110530853271,0
-5.45141458511353,0
-0.983897387981415,0
1.42198514938354,0
3.48577499389648,0
7.77858304977417,0
12.52610206604,0
14.9032497406006,0
16.7541179656982,0
22.4244194030762,0
32.2460708618164,0
42.330753326416,0
50.1964988708496,0
56.6600532531738,0
62.2047691345215,0
65.4912490844727,0
66.5589294433594,0
68.177734375,0
72.2373199462891,0
77.1024017333984,0
80.1764373779297,0
81.0770263671875,0
80.5882949829102,0
78.3896942138672,0
73.9894866943359,0
68.5852584838867,0
63.7439804077148,0
59.0253410339355,0
53.0275802612305,0
46.2979927062988,0
41.1445999145508,0
38.6811408996582,0
37.8246307373047,0
37.1208839416504,0
35.8223419189453,0
33.1602172851562,0
28.3867874145508,0
21.9914379119873,0
15.5356559753418,0
10.0107145309448,0
5.51343822479248,0
2.3994414806366,0
1.12236106395721,0
0.838678121566772,0
-0.00248374021612108,0
-1.26033103466034,0
-1.13951075077057,0
0.613783717155457,0
1.34031307697296,0
-1.44268727302551,0
-6.86511421203613,0
-12.0044746398926,0
-15.564866065979,0
-18.9449920654297,0
-23.9608745574951,0
-30.5077781677246,0
-36.5020446777344,0
-39.6857795715332,0
-39.5403747558594,0
-37.5459632873535,0
-35.4595069885254,0
-33.6627616882324,0
-31.6423587799072,0
-29.4472160339355,0
-27.563756942749,0
-25.7292804718018,0
-23.2703685760498,0
-20.5828762054443,0
-18.8917179107666,0
-18.4432888031006,0
-18.2942123413086,0
-17.9877452850342,0
-17.9799308776855,0
-18.2850666046143,0
-18.3302135467529,0
-18.3562831878662,0
-19.1041049957275,0
-19.7038841247559,0
-17.9776268005371,0
-13.6805944442749,0
-9.40109729766846,0
-7.14202642440796,0
-6.05232286453247,0
-4.9232292175293,0
-4.76708507537842,0
-6.85757398605347,0
-9.91179275512695,0
-11.5997829437256,0
-11.7297830581665,0
-11.6368560791016,0
-11.2843837738037,0
-9.35145092010498,0
-5.76380205154419,0
-2.02492928504944,0
0.652395129203796,0
1.69226777553558,0
0.230751886963844,0
-3.98361992835999,0
-9.13927745819092,0
-13.0235204696655,0
-15.8768081665039,0
-19.3831920623779,0
-23.2535610198975,0
-25.5801448822021,0
-26.4900417327881,0
-28.1572303771973,0
-30.5112571716309,0
-30.4196281433105,0
-26.8355274200439,0
-23.5917053222656,0
-24.3437461853027,0
-26.8744621276855,0
-25.501974105835,0
-18.0731544494629,0
-7.7212815284729,0
1.8762674331665,0
10.2778100967407,0
18.977746963501,0
28.4442768096924,0
37.3379058837891,0
43.6082153320312,0
45.8626022338867,0
44.369815826416,0
40.9371185302734,0
37.2613792419434,0
33.4674263000488,0
28.8136825561523,0
23.52734375,0
19.1215019226074,0
16.9826412200928,0
17.2757625579834,0
19.0272941589355,0
20.6141262054443,0
20.4535999298096,0
18.0588665008545,0
14.3609657287598,0
10.3507118225098,0
5.60807514190674,0
-1.08930397033691,0
-9.89367389678955,0
-19.4393119812012,0
-28.1550636291504,0
-35.2048149108887,0
-40.2216720581055,0
-43.110782623291,0
-44.3745231628418,0
-44.8906593322754,0
-45.0958099365234,0
-44.9334297180176,0
-44.6479721069336,0
-44.8535690307617,0
-45.6020469665527,0
-46.150936126709,0
-46.0175704956055,0
-45.638111114502,0
-45.6791381835938,0
-46.3670349121094,0
-47.8158836364746,0
-50.2002754211426,0
-53.0367126464844,0
-55.0175247192383,0
-55.2199325561523,0
-53.815055847168,0
-50.9395217895508,0
-45.8280334472656,0
-38.2164306640625,0
-29.7453899383545,0
-22.2849922180176,0
-15.2938146591187,0
-6.86747169494629,0
2.4753725528717,0
9.33565711975098,0
11.7018413543701,0
11.6382627487183,0
12.1923189163208,0
13.3935766220093,0
13.5070009231567,0
13.0201759338379,0
14.5567026138306,0
18.9285945892334,0
23.874267578125,0
27.3072719573975,0
29.5967082977295,0
31.6789093017578,0
32.9758796691895,0
32.7603225708008,0
32.1260070800781,0
32.7262115478516,0
34.2117500305176,0
34.5555610656738,0
32.7536506652832,0
29.9821815490723,0
28.0559959411621,0
27.5763263702393,0
27.645528793335,0
26.9571285247803,0
25.278263092041,0
23.924524307251,0
24.1624507904053,0
25.1485404968262,0
24.7028388977051,0
22.5264205932617,0
21.0261421203613,0
21.9524059295654,0
23.9015693664551,0
24.6645088195801,0
24.3519077301025,0
24.0139274597168,0
22.6553039550781,0
18.6136856079102,0
13.2173461914062,0
9.81038188934326,0
9.03244209289551,0
8.22034072875977,0
6.04692983627319,0
4.46895694732666,0
4.81039333343506,0
5.10054206848145,0
3.34398508071899,0
0.678498804569244,0
-1.29697394371033,0
-3.94470000267029,0
-9.01250839233398,0
-14.1799945831299,0
-15.0173397064209,0
-11.2276544570923,0
-7.58040809631348,0
-8.05918312072754,0
-11.865668296814,0
-16.0634078979492,0
-19.5460586547852,0
-22.9394092559814,0
-26.6845989227295,0
-31.0703773498535,0
-36.7475471496582,0
-43.3150672912598,0
-48.3100547790527,0
-49.5566062927246,0
-48.2415962219238,0
-47.9696426391602,0
-50.6229934692383,0
-54.481990814209,0
-56.7365570068359,0
-56.6610412597656,0
-55.6273880004883,0
-54.7631607055664,0
-53.6074752807617,0
-51.2067489624023,0
-47.9835891723633,0
-45.812385559082,0
-45.8114738464355,0
-46.5095100402832,0
-45.3567276000977,0
-42.3217163085938,0
-40.5173835754395,0
-41.989803314209,0
-44.0657005310059,0
-42.1393852233887,0
-36.0002670288086,0
-30.9354114532471,0
-31.5297031402588,0
-36.4651794433594,0
-41.3125381469727,0
-44.8668403625488,0
-49.8098945617676,0
-57.2270088195801,0
-63.516471862793,0
-64.380859375,0
-60.1513557434082,0
-55.0884819030762,0
-52.1810531616211,0
-50.8844757080078,0
-50.1176986694336,0
-51.0611152648926,0
-55.3187370300293,0
-61.5670356750488,0
-66.1962203979492,0
-67.3320846557617,0
-66.5805358886719,0
-66.3556365966797,0
-66.9723739624023,0
-67.2972412109375,0
-67.0789489746094,0
-67.2607727050781,0
-68.5344009399414,0
-70.8642044067383,0
-74.1659164428711,0
-78.1654357910156,0
-81.5495147705078,0
-82.4897079467773,0
-80.4220352172852,0
-76.4564437866211,0
-71.7131423950195,0
-66.2006683349609,0
-59.9479713439941,0
-54.4088096618652,0
-51.6149063110352,0
-51.9327125549316,0
-53.4226989746094,0
-53.7732582092285,0
-52.5670890808105,0
-51.3377304077148,0
-51.5807189941406,0
-53.1775093078613,0
-54.8639945983887,0
-55.6679725646973,0
-55.3647117614746,0
-53.9797668457031,0
-51.8289108276367,0
-50.1390151977539,0
-50.6957855224609,0
-54.3205223083496,0
-60.0319595336914,0
-65.8979110717773,0
-70.4045257568359,0
-73.1577682495117,0
-74.8591232299805,0
-76.411750793457,0
-77.4497909545898,0
-76.4856414794922,0
-73.747428894043,0
-72.712272644043,0
-76.1437530517578,0
-80.9950561523438,0
-80.9110260009766,0
-74.7757110595703,0
-68.9435043334961,0
-68.8041839599609,0
-71.8711929321289,0
-72.5824813842773,0
-70.3919982910156,0
-68.0790176391602,0
-64.4244079589844,0
-54.9668006896973,0
-39.9683799743652,0
-25.5954284667969,0
-15.7634315490723,0
-8.07988357543945,0
0.00523797748610377,0
6.13766956329346,0
7.56453275680542,0
6.58261871337891,0
7.23192691802979,0
9.28493595123291,0
9.7943115234375,0
8.76163768768311,0
8.88711166381836,0
10.4471950531006,0
10.437237739563,0
7.01693773269653,0
1.79856300354004,0
-2.57059741020203,0
-4.7990026473999,0
-5.05967664718628,0
-4.97424745559692,0
-7.20365762710571,0
-12.7115163803101,0
-18.7298908233643,0
-21.8155250549316,0
-22.387845993042,0
-23.3366050720215,0
-24.6021118164062,0
-23.0258731842041,0
-18.2792625427246,0
-14.8658065795898,0
-16.0546436309814,0
-18.9860858917236,0
-18.6968040466309,0
-14.9175758361816,0
-11.8361902236938,0
-12.3191995620728,0
-15.3190650939941,0
-18.530481338501,0
-20.7934017181396,0
-21.4587783813477,0
-19.6018867492676,0
-14.9543228149414,0
-8.58650588989258,0
-1.99203205108643,0
3.93644022941589,0
8.83134746551514,0
12.4278907775879,0
14.4991664886475,0
14.9045639038086,0
13.7744817733765,0
11.9072685241699,0
10.5041151046753,0
9.87397480010986,0
8.82039642333984,0
6.08896493911743,0
2.01219010353088,0
-2.24661827087402,0
-6.7147970199585,0
-12.5735311508179,0
-20.0757217407227,0
-27.8363590240479,0
-34.5991897583008,0
-40.5059509277344,0
-45.9294548034668,0
-50.0753021240234,0
-51.7324409484863,0
-50.8637847900391,0
-48.6499061584473,0
-46.4161529541016,0
-45.1825714111328,0
-45.5665512084961,0
-47.0304145812988,0
-47.6647987365723,0
-46.0538902282715,0
-43.3483428955078,0
-42.217903137207,0
-43.5171394348145,0
-45.2431602478027,0
-45.2362213134766,0
-43.5408706665039,0
-41.2031593322754,0
-38.1134910583496,0
-33.7190933227539,0
-29.1184043884277,0
-26.2934455871582,0
-24.98410987854,0
-22.2822570800781,0
-16.5153198242188,0
-10.3124523162842,0
-8.15810775756836,0
-11.0186986923218,0
-14.638072013855,0
-13.6688871383667,0
-7.05975580215454,0
0.963020145893097,0
5.09351968765259,0
3.94872045516968,0
0.903747022151947,0
0.0487802438437939,0
1.64434719085693,0
2.03661847114563,0
-2.01064014434814,0
-9.63994693756104,0
-16.9351119995117,0
-21.0791110992432,0
-22.8423347473145,0
-25.1310710906982,0
-29.702543258667,0
-35.5199165344238,0
-40.1029396057129,0
-42.2045402526855,0
-42.8424835205078,0
-43.5281982421875,0
-43.9784660339355,0
-42.4051246643066,0
-37.9627532958984,0
-31.8352928161621,0
-25.6204509735107,0
-19.8246402740479,0
-14.6260814666748,0
-10.8520679473877,0
-8.88191604614258,0
-7.44787549972534,0
-5.14215087890625,0
-2.67884278297424,0
-1.94250845909119,0
-2.9283607006073,0
-3.55839133262634,0
-2.9016387462616,0
-2.57318043708801,0
-3.93066883087158,0
-5.71383476257324,0
-6.1561450958252,0
-6.11386728286743,0
-7.85521030426025,0
-11.2112522125244,0
-13.3149976730347,0
-12.6409320831299,0
-11.2545614242554,0
-11.8693008422852,0
-14.1661405563354,0
-15.700891494751,0
-15.6778774261475,0
-15.898097038269,0
-17.8365020751953,0
-20.4736061096191,0
-21.9304161071777,0
-22.2140827178955,0
-23.0921669006348,0
-25.5265502929688,0
-28.3967552185059,0
-30.087366104126,0
-30.5241394042969,0
-30.9574337005615,0
-32.1041526794434,0
-33.3270416259766,0
-33.6917762756348,0
-32.944091796875,0
-30.9064350128174,0
-26.7404117584229,0
-20.05739402771,0
-12.6178722381592,0
-7.51558923721313,0
-6.11064004898071,0
-6.80847692489624,0
-7.49358892440796,0
-7.98558616638184,0
-9.05135250091553,0
-10.2066516876221,0
-10.2570953369141,0
-9.38721466064453,0
-8.722243309021,0
-7.92507171630859,0
-5.30497217178345,0
-0.764942228794098,0
3.30972099304199,0
5.09337186813354,0
5.7732048034668,0
7.81908369064331,0
11.8446750640869,0
16.2154808044434,0
18.9258098602295,0
18.9563312530518,0
16.5904541015625,0
13.3569583892822,0
11.1017475128174,0
10.417685508728,0
10.561915397644,0
11.2306070327759,0
13.153902053833,0
16.0722904205322,0
17.4781875610352,0
15.008339881897,0
9.56409931182861,0
4.604811668396,0
2.44724822044373,0
2.31025171279907,0
1.8421767950058,0
-0.520287871360779,0
-4.76171779632568,0
-9.74395561218262,0
-13.8297834396362,0
-15.5260610580444,0
-14.3232374191284,0
-11.3855714797974,0
-9.22928905487061,0
-9.86018943786621,0
-12.6554193496704,0
-14.7098941802979,0
-14.006007194519,0
-11.4388914108276,0
-8.59786605834961,0
-4.71783685684204,0
1.81707310676575,0
9.31836128234863,0
13.1950931549072,0
11.5692663192749,0
8.00730419158936,0
7.00892162322998,0
8.78469848632812,0
10.5107908248901,0
11.0308218002319,0
11.580265045166,0
12.5471658706665,0
12.3209781646729,0
9.84204292297363,0
6.33769083023071,0
3.70361399650574,0
2.36464095115662,0
1.43034529685974,0
0.083221510052681,0
-1.90617084503174,0
-4.54149723052979,0
-7.80466938018799,0
-11.4849081039429,0
-14.9886865615845,0
-17.3896789550781,0
-17.8929748535156,0
-16.5060958862305,0
-14.1581602096558,0
-11.9331111907959,0
-10.1819248199463,0
-8.36105346679688,0
-5.56366920471191,0
-1.37563526630402,0
3.30757761001587,0
6.46262693405151,0
6.81396245956421,0
5.7229151725769,0
6.18554925918579,0
9.38339900970459,0
13.254467010498,0
15.4117469787598,0
16.4493637084961,0
18.8033752441406,0
22.9290771484375,0
26.6838893890381,0
28.7958068847656,0
30.8444290161133,0
34.5096702575684,0
38.3498458862305,0
39.2137641906738,0
36.2749366760254,0
31.7803382873535,0
27.8139553070068,0
24.2945365905762,0
20.9897804260254,0
19.7904491424561,0
23.1208305358887,0
30.4367580413818,0
37.8684310913086,0
41.8138122558594,0
42.1044578552246,0
41.2004699707031,0
40.8873329162598,0
40.5218200683594,0
38.5128135681152,0
34.8108787536621,0
31.172327041626,0
28.8676147460938,0
26.9371795654297,0
23.6051158905029,0
19.1895046234131,0
16.4697246551514,0
17.7165050506592,0
22.1401348114014,0
26.8668823242188,0
29.9009017944336,0
31.6374797821045,0
34.059642791748,0
39.0148849487305,0
46.6416778564453,0
54.7299270629883,0
60.0946655273438,0
61.2654838562012,0
59.3673439025879,0
55.9223594665527,0
50.9187126159668,0
44.1902923583984,0
37.5099983215332,0
33.2007713317871,0
30.9289264678955,0
28.033374786377,0
23.5096797943115,0
19.8567562103271,0
20.1019515991211,0
24.3498001098633,0
30.18678855896,0
35.3180732727051,0
38.6490287780762,0
39.5584030151367,0
37.5269775390625,0
32.753604888916,0
26.6895866394043,0
21.6447620391846,0
19.3780956268311,0
19.6046524047852,0
20.350154876709,0
20.4834461212158,0
21.2143650054932,0
23.9576187133789,0
27.6295680999756,0
30.035982131958,0
31.3814792633057,0
33.8108406066895,0
37.4543876647949,0
39.9775581359863,0
40.8774871826172,0
43.0343017578125,0
48.2934112548828,0
54.4676780700684,0
59.0803680419922,0
63.3474960327148,0
69.3119888305664,0
75.2271957397461,0
77.6336288452148,0
76.8001098632812,0
76.0984954833984,0
76.3384704589844,0
74.6639938354492,0
69.5156173706055,0
63.0617599487305,0
57.5988273620605,0
52.6116790771484,0
46.8561859130859,0
40.8242835998535,0
35.5307006835938,0
30.8079280853271,0
26.2253952026367,0
22.0272407531738,0
17.9980125427246,0
13.1004772186279,0
7.33582639694214,0
2.19431734085083,0
-1.82154989242554,0
-6.09406900405884,0
-10.8874263763428,0
-13.5130233764648,0
-11.4658765792847,0
-5.83152437210083,0
0.36124375462532,0
5.69597339630127,0
10.2050619125366,0
13.1902713775635,0
13.9628534317017,0
14.0322589874268,0
15.8361005783081,0
19.3460559844971,0
22.1954402923584,0
23.2531757354736,0
24.0273551940918,0
26.3721618652344,0
30.7127685546875,0
36.667537689209,0
43.3629379272461,0
48.7165832519531,0
50.5053977966309,0
49.0472106933594,0
47.1362457275391,0
46.3922386169434,0
45.2810211181641,0
41.8694686889648,0
36.9386177062988,0
32.6536407470703,0
29.1634616851807,0
24.5416030883789,0
17.9920063018799,0
11.3875141143799,0
7.06535816192627,0
5.19036483764648,0
4.08328342437744,0
2.59406924247742,0
1.28929579257965,0
1.3096090555191,0
2.76732540130615,0
4.73082637786865,0
6.49162292480469,0
8.22322273254395,0
10.246132850647,0
12.126838684082,0
12.9481372833252,0
12.4216976165771,0
11.5043306350708,0
11.8145122528076,0
14.3082418441772,0
18.4077415466309,0
22.6568946838379,0
26.4949684143066,0
30.9986763000488,0
37.2895660400391,0
44.5939903259277,0
50.8731422424316,0
55.3111610412598,0
59.0589447021484,0
63.2980041503906,0
67.7286605834961,0
71.4781799316406,0
74.4036636352539,0
76.683219909668,0
77.9416198730469,0
77.7335205078125,0
76.5041732788086,0
75.3992614746094,0
75.385368347168,0
76.8766937255859,0
79.7232360839844,0
83.2010955810547,0
86.4812088012695,0
89.332145690918,0
91.8608169555664,0
93.6311187744141,0
93.9504547119141,0
93.0389556884766,0
91.7512969970703,0
90.0312118530273,0
87.0593185424805,0
83.1628799438477,0
79.7668838500977,0
76.8050308227539,0
72.2474517822266,0
65.4573745727539,0
58.9349136352539,0
54.7523612976074,0
51.0135307312012,0
44.4565124511719,0
35.4759635925293,0
27.7025337219238,0
23.084831237793,0
20.3403072357178,0
18.2813396453857,0
17.4760417938232,0
17.7535209655762,0
17.0990829467773,0
14.7110366821289,0
12.7131795883179,0
12.8200912475586,0
13.3768768310547,0
12.0447568893433,0
9.65448379516602,0
8.66694450378418,0
9.23139190673828,0
9.95456790924072,0
11.6183433532715,0
16.4072933197021,0
23.6038646697998,0
29.9921951293945,0
35.0665130615234,0
41.5761337280273,0
49.4512023925781,0
53.8203125,0
52.1669654846191,0
49.4444198608398,0
51.5794906616211,0
56.6135635375977,0
57.542911529541,0
52.7073364257812,0
47.9124145507812,0
47.9521102905273,0
50.945686340332,0
52.4264831542969,0
50.872013092041,0
47.1192169189453,0
41.5700874328613,0
34.4671325683594,0
26.9375686645508,0
19.8688888549805,0
13.2353258132935,0
7.58531045913696,0
4.21420574188232,0
2.77508902549744,0
0.984101593494415,0
-1.88777685165405,0
-3.49535608291626,0
-2.05153274536133,0
0.82892245054245,0
3.04894208908081,0
5.60775327682495,0
10.403618812561,0
15.9143524169922,0
18.3039112091064,0
16.4882011413574,0
13.3261623382568,0
11.6498012542725,0
11.5655059814453,0
12.1589832305908,0
13.5099849700928,0
15.7092456817627,0
17.3359870910645,0
16.433443069458,0
12.6502437591553,0
7.68856954574585,0
3.91760230064392,0
2.82273268699646,0
4.14254713058472,0
5.92233085632324,0
5.90978193283081,0
3.67878913879395,0
1.26033878326416,0
1.06440651416779,0
3.22148609161377,0
5.60464572906494,0
6.53521728515625,0
6.63144016265869,0
7.42155456542969,0
8.80388355255127,0
9.00468063354492,0
7.12915420532227,0
4.75524139404297,0
4.35281276702881,0
6.56164741516113,0
9.6989917755127,0
11.940092086792,0
13.5140991210938,0
16.4095726013184,0
21.8171005249023,0
28.0575675964355,0
31.6094970703125,0
30.581636428833,0
26.7185440063477,0
23.3382682800293,0
21.7651176452637,0
20.8470287322998,0
19.6066074371338,0
18.5811767578125,0
18.0337772369385,0
16.6687908172607,0
13.5569515228271,0
10.0804996490479,0
8.08719062805176,0
6.77179622650146,0
3.55916953086853,0
-1.85279810428619,0
-6.54187536239624,0
-8.270339012146,0
-8.39411449432373,0
-9.41943359375,0
-11.2900829315186,0
-12.3609447479248,0
-13.2691965103149,0
-17.0127334594727,0
-24.4645481109619,0
-31.9714698791504,0
-34.9297294616699,0
-32.6457633972168,0
-28.3321666717529,0
-25.0971202850342,0
-23.3592739105225,0
-21.8465347290039,0
-19.7008838653564,0
-17.2503986358643,0
-15.3635568618774,0
-14.2763299942017,0
-12.990008354187,0
-10.2142858505249,0
-5.98246955871582,0
-1.50852370262146,0
2.71912884712219,0
7.31230926513672,0
11.8708648681641,0
14.3594207763672,0
14.0036125183105,0
12.9738082885742,0
13.1224565505981,0
12.8661375045776,0
10.282039642334,0
7.85512542724609,0
10.1205272674561,0
16.8665714263916,0
22.9699192047119,0
25.6789493560791,0
27.7141895294189,0
31.6102676391602,0
35.5490646362305,0
37.664623260498,0
40.2034797668457,0
45.0414924621582,0
48.2593955993652,0
44.6795501708984,0
36.3817749023438,0
31.1001949310303,0
32.055248260498,0
34.5223503112793,0
33.5361061096191,0
30.1408805847168,0
27.8779678344727,0
27.3400440216064,0
27.3920040130615,0
28.6815376281738,0
32.2583236694336,0
36.4379615783691,0
38.3127555847168,0
37.4086074829102,0
35.2791366577148,0
32.6151924133301,0
29.4032382965088,0
26.826997756958,0
25.9842433929443,0
25.3975028991699,0
22.9500007629395,0
19.9961032867432,0
20.2324409484863,0
24.2381210327148,0
28.4284229278564,0
30.1616592407227,0
30.6361846923828,0
31.4711685180664,0
31.634069442749,0
29.8547210693359,0
27.498779296875,0
26.5169563293457,0
26.3483791351318,0
25.3008785247803,0
23.5578708648682,0
22.3050765991211,0
20.9141674041748,0
17.5612411499023,0
12.1723499298096,0
6.52687835693359,0
1.73538756370544,0
-2.36336398124695,0
-5.63375854492188,0
-7.70456504821777,0
-9.64024257659912,0
-13.3167552947998,0
-18.5547065734863,0
-22.7409801483154,0
-24.0987873077393,0
-23.7299461364746,0
-23.4331798553467,0
-22.9857769012451,0
-21.0956974029541,0
-18.1235294342041,0
-15.9436855316162,0
-14.9929990768433,0
-13.1323528289795,0
-8.45983123779297,0
-2.2784595489502,0
2.29045867919922,0
4.54990577697754,0
7.35461187362671,0
13.1588649749756,0
20.4292221069336,0
25.6257801055908,0
27.7773551940918,0
28.9182472229004,0
30.3685264587402,0
31.2523231506348,0
31.31662940979,0
32.5902900695801,0
36.6163520812988,0
41.8766860961914,0
45.711368560791,0
47.268310546875,0
46.6961898803711,0
42.9892578125,0
35.3064346313477,0
25.7884731292725,0
18.3907165527344,0
14.7545709609985,0
13.3038606643677,0
12.4439744949341,0
12.2507734298706,0
12.4198369979858,0
11.0763931274414,0
7.3134560585022,0
3.37316966056824,0
2.38992023468018,0
4.55924129486084,0
7.10239791870117,0
7.86652612686157,0
7.63451766967773,0
8.58716869354248,0
11.4367609024048,0
14.7976293563843,0
17.1774272918701,0
18.9154109954834,0
21.620059967041,0
25.7855930328369,0
29.7689781188965,0
31.7167015075684,0
31.9113464355469,0
32.2037048339844,0
33.3740081787109,0
34.3108062744141,0
33.9858856201172,0
32.9172897338867,0
32.0105400085449,0
31.1606597900391,0
30.1869735717773,0
30.3556213378906,0
33.4023933410645,0
39.0469856262207,0
44.7389602661133,0
48.1668243408203,0
49.0493659973145,0
48.2118530273438,0
46.1205635070801,0
43.0654716491699,0
39.6684303283691,0
35.9589576721191,0
30.6947917938232,0
23.2194175720215,0
15.738392829895,0
11.8147745132446,0
12.0071296691895,0
12.6442279815674,0
10.0153169631958,0
4.52447700500488,0
-0.540943920612335,0
-3.11917328834534,0
-3.45890378952026,0
-1.98577451705933,0
1.45709037780762,0
5.98843431472778,0
9.50881195068359,0
11.2351312637329,0
13.0056324005127,0
16.8179054260254,0
21.9075813293457,0
25.4535675048828,0
25.7822551727295,0
23.9196891784668,0
22.1688251495361,0
21.9673557281494,0
23.1487121582031,0
24.6031055450439,0
25.2988433837891,0
24.8877391815186,0
23.70481300354,0
22.4459266662598,0
21.8150081634521,0
22.104248046875,0
22.8284168243408,0
22.9511089324951,0
21.6802368164062,0
18.8624668121338,0
14.6191511154175,0
9.23234272003174,0
3.66631317138672,0
-0.575678884983063,0
-2.70538759231567,0
-3.12502670288086,0
-2.19659447669983,0
0.348640739917755,0
3.79772257804871,0
5.56367969512939,0
3.81539154052734,0
0.381089180707932,0
-1.13864088058472,0
-0.133898213505745,0
0.332802146673203,0
-1.9335560798645,0
-5.28376531600952,0
-6.97775268554688,0
-7.0774302482605,0
-7.90428256988525,0
-10.7937602996826,0
-15.0989589691162,0
-19.5865230560303,0
-22.9809951782227,0
-23.5332145690918,0
-19.9896373748779,0
-13.2883968353271,0
-5.96736764907837,0
0.244815319776535,0
4.99597263336182,0
7.66417360305786,0
7.16494512557983,0
4.01450300216675,0
0.618906080722809,0
-1.69303417205811,0
-4.22850894927979,0
-8.08627128601074,0
-11.5856409072876,0
-12.7618370056152,0
-12.9531021118164,0
-14.9365100860596,0
-18.2059345245361,0
-19.436279296875,0
-17.6899871826172,0
-15.601655960083,0
-14.5128421783447,0
-12.1309289932251,0
-7.04372835159302,0
-2.30906438827515,0
-1.60446190834045,0
-4.17520332336426,0
-6.87718343734741,0
-9.42994117736816,0
-13.859224319458,0
-19.6151962280273,0
-23.2928218841553,0
-23.6227436065674,0
-23.3456745147705,0
-25.0418643951416,0
-27.7324066162109,0
-28.8940963745117,0
-27.7451782226562,0
-25.1835479736328,0
-22.1458015441895,0
-19.3965282440186,0
-17.6325206756592,0
-16.483362197876,0
-14.4731521606445,0
-11.2542209625244,0
-8.92728137969971,0
-9.58378410339355,0
-11.9849405288696,0
-12.3441905975342,0
-8.74082660675049,0
-3.54134941101074,0
-0.681706488132477,0
-1.30339848995209,0
-3.18303799629211,0
-4.23078393936157,0
-4.96890497207642,0
-6.64843416213989,0
-8.22942161560059,0
-7.28206729888916,0
-3.8025267124176,0
-1.02036941051483,0
-1.52124631404877,0
-4.14984655380249,0
-5.92060852050781,0
-5.59044408798218,0
-3.78438544273376,0
-0.790820181369781,0
3.50610756874084,0
7.74403429031372,0
9.39420604705811,0
7.7591028213501,0
5.27157306671143,0
4.83293628692627,0
6.62145662307739,0
8.39517402648926,0
8.45501518249512,0
7.29829788208008,0
6.26412343978882,0
5.45741081237793,0
3.84720826148987,0
1.25660085678101,0
-0.728474736213684,0
-0.399393975734711,0
2.12841033935547,0
5.33661937713623,0
8.17889308929443,0
10.5679426193237,0
12.3128967285156,0
12.7937021255493,0
11.8385457992554,0
10.0267505645752,0
8.09160041809082,0
6.83465480804443,0
7.3061671257019,0
9.82685470581055,0
13.07262134552,0
15.631007194519,0
18.2527542114258,0
22.6190128326416,0
27.7933921813965,0
30.257007598877,0
28.2647514343262,0
24.0546417236328,0
20.7399082183838,0
19.0336685180664,0
18.0213260650635,0
16.7375659942627,0
13.543176651001,0
6.728835105896,0
-1.90395307540894,0
-6.71774530410767,0
-4.83037948608398,0
-1.03203284740448,0
-2.10319304466248,0
-7.47670888900757,0
-10.3158702850342,0
-7.89932441711426,0
-5.72411823272705,0
-9.25463676452637,0
-15.8741493225098,0
-18.4608192443848,0
-14.3870038986206,0
-7.42440462112427,0
-2.17535877227783,0
-0.151980191469193,0
-0.944766700267792,0
-3.86805891990662,0
-7.53843688964844,0
-10.0172681808472,0
-10.4791288375854,0
-9.56884288787842,0
-7.69886779785156,0
-4.33065032958984,0
0.69437301158905,0
6.63233137130737,0
13.2197694778442,0
20.9889526367188,0
29.3532123565674,0
36.0585098266602,0
39.9012985229492,0
42.4956932067871,0
45.5854187011719,0
47.9489936828613,0
47.2978630065918,0
44.2943992614746,0
41.7834930419922,0
40.2849159240723,0
37.560001373291,0
33.3500099182129,0
31.0516757965088,0
32.6755332946777,0
35.0353469848633,0
33.8863868713379,0
29.8601779937744,0
26.8310527801514,0
25.4733619689941,0
22.3819160461426,0
15.9318199157715,0
9.37508583068848,0
6.47762155532837,0
6.63332986831665,0
6.38729238510132,0
4.15416383743286,0
1.15050542354584,0
-1.57564413547516,0
-4.70907211303711,0
-8.8757266998291,0
-12.8653125762939,0
-14.6990728378296,0
-14.0416021347046,0
-12.7055025100708,0
-12.5263547897339,0
-13.2319459915161,0
-13.0684757232666,0
-11.3971347808838,0
-9.57522773742676,0
-8.69014644622803,0
-7.5916428565979,0
-4.64993333816528,0
-0.885699689388275,0
0.639814257621765,0
-1.0714156627655,0
-3.25695037841797,0
-2.84524726867676,0
-0.257633984088898,0
1.70455992221832,0
1.9396288394928,0
2.15625977516174,0
3.8146345615387,0
5.64194345474243,0
5.18617486953735,0
1.94383525848389,0
-2.34068846702576,0
-6.32524633407593,0
-10.7076559066772,0
-16.6327419281006,0
-23.4555511474609,0
-29.254638671875,0
-33.1622085571289,0
-35.8402099609375,0
-37.6787261962891,0
-38.1821212768555,0
-37.7592277526855,0
-38.3906021118164,0
-41.1124954223633,0
-44.1843528747559,0
-45.5669288635254,0
-46.0661697387695,0
-47.5450096130371,0
-48.6555290222168,0
-45.5291862487793,0
-37.2206840515137,0
-27.3450107574463,0
-18.9649620056152,0
-10.9243612289429,0
-1.61562395095825,0
6.36695528030396,0
9.02707958221436,0
7.08400630950928,0
5.37635946273804,0
6.32589340209961,0
7.70143127441406,0
7.4247841835022,0
6.80482769012451,0
7.27709674835205,0
7.13907623291016,0
4.17717742919922,0
-0.50237762928009,0
-3.9175124168396,0
-5.14750909805298,0
-5.39433670043945,0
-5.18989896774292,0
-4.09853982925415,0
-2.63342881202698,0
-2.02133870124817,0
-2.16577959060669,0
-1.87195241451263,0
-0.961320877075195,0
-0.25447204709053,0
0.306523740291595,0
1.43042778968811,0
2.47267961502075,0
1.85021030902863,0
-0.393080085515976,0
-2.4822051525116,0
-3.37105488777161,0
-3.03231573104858,0
-0.509412407875061,0
5.00500059127808,0
10.4244155883789,0
9.95361137390137,0
2.43539118766785,0
-5.42003011703491,0
-6.33129692077637,0
-1.06668627262115,0
3.5559561252594,0
3.90518164634705,0
2.81297421455383,0
3.78967475891113,0
6.15986633300781,0
7.63564682006836,0
8.60107612609863,0
10.9461517333984,0
13.9401979446411,0
14.1868114471436,0
10.1221885681152,0
4.75414705276489,0
2.81662821769714,0
5.78979682922363,0
10.5711374282837,0
12.8899478912354,0
11.2312612533569,0
7.21201467514038,0
3.02414155006409,0
-0.480162978172302,0
-3.48495554924011,0
-6.33931970596313,0
-9.50497817993164,0
-13.4267845153809,0
-17.645959854126,0
-20.6303234100342,0
-21.3693523406982,0
-20.8141860961914,0
-20.8600215911865,0
-22.0238018035889,0
-22.9409408569336,0
-22.1180839538574,0
-19.3089542388916,0
-15.026162147522,0
-9.68603992462158,0
-3.85052490234375,0
1.34594082832336,0
4.84742641448975,0
6.60510540008545,0
7.34441518783569,0
7.63413572311401,0
7.74032974243164,0
8.14123630523682,0
9.39046096801758,0
11.4773530960083,0
14.0862007141113,0
17.4689884185791,0
22.0317459106445,0
26.8463611602783,0
29.8650569915771,0
30.3012847900391,0
29.5208129882812,0
28.5547199249268,0
26.2033557891846,0
21.4259967803955,0
16.4250450134277,0
14.6922121047974,0
16.2091045379639,0
17.366397857666,0
16.2051658630371,0
15.0854778289795,0
16.9686164855957,0
21.4534664154053,0
26.2160835266113,0
30.339729309082,0
34.0441856384277,0
36.6175193786621,0
37.0787086486816,0
36.1403923034668,0
35.2799415588379,0
34.2036895751953,0
31.1848220825195,0
25.8150043487549,0
19.7667846679688,0
14.7780857086182,0
11.0769367218018,0
7.61093521118164,0
2.86869835853577,0
-3.89832258224487,0
-11.1483306884766,0
-15.6649951934814,0
-16.1511058807373,0
-15.1683807373047,0
-15.6872005462646,0
-16.848051071167,0
-15.5917434692383,0
-11.6216135025024,0
-7.65913438796997,0
-4.89903879165649,0
-1.51488482952118,0
3.57964181900024,0
8.53365230560303,0
11.5023708343506,0
13.2920780181885,0
15.4915752410889,0
18.0897846221924,0
20.5810108184814,0
23.3875217437744,0
26.1842079162598,0
26.5301132202148,0
22.4874210357666,0
15.5166702270508,0
8.70467090606689,0
3.14881539344788,0
-1.77890169620514,0
-5.69937086105347,0
-7.51746129989624,0
-7.97507524490356,0
-9.02198314666748,0
-10.4731464385986,0
-10.0562982559204,0
-7.31576824188232,0
-4.64967107772827,0
-3.48586344718933,0
-2.38020610809326,0
-0.537709772586823,0
-0.0706008896231651,0
-1.9226496219635,0
-2.30081057548523,0
2.61442255973816,0
9.76145935058594,0
11.7686595916748,0
6.64474439620972,0
0.464847683906555,0
-0.719104766845703,0
2.61831855773926,0
6.91553592681885,0
11.002103805542,0
14.6536664962769,0
15.2284526824951,0
10.4855613708496,0
3.00102162361145,0
-2.68567109107971,0
-6.24551105499268,0
-10.4277067184448,0
-14.5289859771729,0
-14.2860832214355,0
-9.06369781494141,0
-4.09437227249146,0
-3.45289540290833,0
-4.97675037384033,0
-4.8166446685791,0
-3.28999185562134,0
-2.69283390045166,0
-2.16983580589294,0
0.960475444793701,0
6.12295341491699,0
9.75987243652344,0
10.4390802383423,0
10.3131351470947,0
11.1984996795654,0
12.163272857666,0
11.9180240631104,0
11.2939672470093,0
11.9447917938232,0
13.8052263259888,0
14.9935312271118,0
13.8589220046997,0
10.7606182098389,0
8.08637523651123,0
8.25227546691895,0
11.1023378372192,0
13.718939781189,0
13.5807476043701,0
11.3256044387817,0
9.3231201171875,0
8.12878894805908,0
5.87441778182983,0
1.01798260211945,0
-5.77046680450439,0
-12.5599546432495,0
-17.7125339508057,0
-20.4023380279541,0
-20.9009914398193,0
-20.6141223907471,0
-20.7370948791504,0
-20.7723522186279,0
-19.5161285400391,0
-17.3130836486816,0
-15.5574731826782,0
-13.8289670944214,0
-9.89134311676025,0
-3.6528525352478,0
1.13990485668182,0
1.286337018013,0
-1.25931167602539,0
-1.7204053401947,0
1.18806159496307,0
3.96205925941467,0
3.54673886299133,0
1.33039939403534,0
0.829807102680206,0
3.37937498092651,0
7.73113250732422,0
12.5941724777222,0
17.5930252075195,0
22.141902923584,0
25.1560897827148,0
26.1441383361816,0
25.4521713256836,0
23.2441844940186,0
19.3069438934326,0
14.2073307037354,0
9.68118095397949,0
7.24548435211182,0
6.88695430755615,0
7.40293741226196,0
7.47134113311768,0
6.21128416061401,0
3.57965755462646,0
0.7540243268013,0
-0.692420899868011,0
-0.752436935901642,0
-1.42686760425568,0
-4.32454967498779,0
-8.50022029876709,0
-11.8331785202026,0
-13.9289684295654,0
-15.9802808761597,0
-17.9102058410645,0
-17.7623119354248,0
-14.7729253768921,0
-11.2960119247437,0
-10.1335430145264,0
-10.9433088302612,0
-10.9063320159912,0
-8.45158290863037,0
-4.72754144668579,0
-1.5070526599884,0
0.812185406684875,0
2.83264780044556,0
5.11587953567505,0
8.04549598693848,0
11.6106462478638,0
14.5786666870117,0
14.7538681030273,0
11.0559577941895,0
5.0055832862854,0
-0.662107229232788,0
-4.7924165725708,0
-8.64132022857666,0
-13.8541965484619,0
-20.0499000549316,0
-24.7681312561035,0
-25.9369010925293,0
-24.2468376159668,0
-22.627758026123,0
-23.1731719970703,0
-25.1722011566162,0
-26.6989841461182,0
-27.3380470275879,0
-28.0659465789795,0
-28.8353080749512,0
-28.05739402771,0
-24.933801651001,0
-20.7850551605225,0
-17.259521484375,0
-14.4967174530029,0
-12.0015821456909,0
-10.0840969085693,0
-9.16879081726074,0
-8.73411464691162,0
-8.44817352294922,0
-9.54847049713135,0
-13.3883304595947,0
-19.1162929534912,0
-24.6023197174072,0
-29.4551277160645,0
-35.2573051452637,0
-42.6994018554688,0
-50.2856903076172,0
-56.2184753417969,0
-59.8782577514648,0
-61.1167411804199,0
-60.0263519287109,0
-58.0710678100586,0
-57.464542388916,0
-58.5365791320801,0
-59.8351402282715,0
-61.8883666992188,0
-67.9531860351562,0
-78.5421524047852,0
-87.7796096801758,0
-89.1245651245117,0
-83.6767501831055,0
-78.8034439086914,0
-78.6601486206055,0
-80.1282501220703,0
-78.8295745849609,0
-74.9532318115234,0
-71.1114730834961,0
-67.9220581054688,0
-64.5462951660156,0
-61.1397132873535,0
-57.8462295532227,0
-53.179931640625,0
-46.2921409606934,0
-39.4434204101562,0
-35.3484687805176,0
-33.1424865722656,0
-29.8922462463379,0
-25.3521862030029,0
-22.2373294830322,0
-22.0782451629639,0
-23.6438331604004,0
-25.5145225524902,0
-27.603832244873,0
-29.8314590454102,0
-31.5346584320068,0
-32.4830017089844,0
-32.6156425476074,0
-31.012659072876,0
-27.3325157165527,0
-23.9050312042236,0
-23.7056293487549,0
-26.3428421020508,0
-28.9667510986328,0
-31.1878547668457,0
-35.5896759033203,0
-42.5536880493164,0
-48.191089630127,0
-49.1716079711914,0
-46.6297569274902,0
-43.3573417663574,0
-39.9566879272461,0
-36.1519927978516,0
-33.3667030334473,0
-32.9659538269043,0
-33.4916954040527,0
-32.4586639404297,0
-29.8920440673828,0
-27.6874809265137,0
-26.4796085357666,0
-25.5928897857666,0
-25.1880989074707,0
-25.7175121307373,0
-25.6336364746094,0
-22.4278812408447,0
-16.3191299438477,0
-10.6787729263306,0
-8.15610408782959,0
-8.06420040130615,0
-8.11690807342529,0
-7.19980764389038,0
-5.79844045639038,0
-5.00693130493164,0
-5.79347085952759,0
-8.17286968231201,0
-10.4787912368774,0
-10.4441156387329,0
-7.75967502593994,0
-4.86956787109375,0
-4.54356288909912,0
-7.13608646392822,0
-10.7403602600098,0
-13.5138607025146,0
-15.2503652572632,0
-17.0725154876709,0
-20.2778778076172,0
-25.3301734924316,0
-31.3065147399902,0
-36.213062286377,0
-38.3501052856445,0
-37.685489654541,0
-35.7071952819824,0
-33.824836730957,0
-32.3035621643066,0
-31.0568904876709,0
-30.844518661499,0
-32.567024230957,0
-35.3528213500977,0
-36.7731704711914,0
-35.9023780822754,0
-35.0727157592773,0
-37.029972076416,0
-40.9002456665039,0
-42.961124420166,0
-41.6220741271973,0
-39.5731811523438,0
-39.9447250366211,0
-42.0855979919434,0
-42.9588928222656,0
-41.7617301940918,0
-41.0291061401367,0
-43.0915336608887,0
-47.1974830627441,0
-50.9031867980957,0
-53.2607917785645,0
-55.5692443847656,0
-59.0705375671387,0
-62.6251983642578,0
-63.3829383850098,0
-60.1307106018066,0
-55.3932495117188,0
-52.9105415344238,0
-52.8235282897949,0
-50.983226776123,0
-44.1491012573242,0
-34.4719314575195,0
-27.0249137878418,0
-23.8137016296387,0
-22.4753932952881,0
-20.5561466217041,0
-18.4383869171143,0
-17.3733901977539,0
-16.9318675994873,0
-15.799036026001,0
-13.5868377685547,0
-10.5290727615356,0
-6.56708955764771,0
-2.01820993423462,0
1.8821063041687,0
4.45660972595215,0
6.81595993041992,0
10.2976665496826,0
14.2589845657349,0
16.6476898193359,0
16.3562622070312,0
14.0080623626709,0
10.8910570144653,0
8.01993179321289,0
5.6096715927124,0
2.51816773414612,0
-2.95098400115967,0
-10.4878530502319,0
-16.9761505126953,0
-19.9361057281494,0
-21.0398807525635,0
-24.1031818389893,0
-29.8241348266602,0
-34.8359832763672,0
-36.3918609619141,0
-35.7419166564941,0
-35.7766914367676,0
-37.1836738586426,0
-38.6126937866211,0
-39.5327644348145,0
-40.9851989746094,0
-43.5656089782715,0
-46.096492767334,0
-46.8941421508789,0
-45.8266563415527,0
-44.601505279541,0
-44.9077987670898,0
-46.4244613647461,0
-47.1122169494629,0
-45.7901077270508,0
-43.8945426940918,0
-43.8936920166016,0
-46.2866516113281,0
-49.2309684753418,0
-50.9795684814453,0
-51.2706871032715,0
-50.0727386474609,0
-46.7183151245117,0
-41.4553604125977,0
-36.5627899169922,0
-34.1962661743164,0
-33.5726890563965,0
-31.8907566070557,0
-28.0895900726318,0
-24.303258895874,0
-23.1533050537109,0
-24.6359233856201,0
-26.3022270202637,0
-25.8214550018311,0
-22.7106761932373,0
-17.9655590057373,0
-12.7217273712158,0
-7.33609771728516,0
-1.38839900493622,0
5.67983770370483,0
14.0458507537842,0
23.6721935272217,0
34.8550758361816,0
48.4350852966309,0
65.5044631958008,0
86.8132629394531,0
111.839706420898,0
137.982681274414,0
161.365447998047,0
179.643127441406,0
194.021057128906,0
207.341812133789,0
219.924209594727,0
228.66081237793,0
231.060409545898,0
228.849685668945,0
225.983535766602,0
223.894622802734,0
220.835235595703,0
215.92317199707,0
211.401428222656,0
209.570739746094,0
209.161117553711,0
206.626083374023,0
200.208831787109,0
190.874130249023,0
179.712799072266,0
166.678070068359,0
152.315902709961,0
138.693298339844,0
127.292953491211,0
117.087043762207,0
105.95344543457,0
93.4238433837891,0
81.0233993530273,0
70.2625122070312,0
61.1464729309082,0
52.5209655761719,0
43.3493576049805,0
33.7468032836914,0
24.8695774078369,0
17.4367256164551,0
10.649621963501,0
3.63402724266052,0
-2.26669025421143,0
-4.56303644180298,0
-3.58594417572021,0
-3.19665050506592,0
-5.96722602844238,0
-9.47768592834473,0
-9.52130031585693,0
-5.5319652557373,0
-0.290759146213531,0
4.63794088363647,0
10.0547533035278,0
16.0648937225342,0
21.2194271087646,0
25.3721027374268,0
30.4832744598389,0
37.3897705078125,0
44.2034797668457,0
49.3352012634277,0
53.9805870056152,0
59.9287185668945,0
66.699577331543,0
72.8238983154297,0
78.7083587646484,0
86.1643371582031,0
95.6491317749023,0
105.671752929688,0
114.763946533203,0
122.840660095215,0
130.714889526367,0
139.071319580078,0
147.776229858398,0
155.835540771484,0
162.507171630859,0
168.574157714844,0
175.5205078125,0
183.20246887207,0
189.749298095703,0
194.360900878906,0
198.56135559082,0
203.661819458008,0
208.728546142578,0
212.652648925781,0
216.65251159668,0
222.54118347168,0
229.493789672852,0
234.877380371094,0
237.869583129883,0
240.033981323242,0
242.409530639648,0
244.215942382812,0
244.748123168945,0
244.574203491211,0
244.246307373047,0
243.505889892578,0
242.517730712891,0
242.429931640625,0
243.790496826172,0
245.531661987305,0
246.408233642578,0
246.519515991211,0
246.598510742188,0
246.733032226562,0
246.839706420898,0
247.727020263672,0
250.432067871094,0
254.606887817383,0
258.564178466797,0
261.130615234375,0
262.776885986328,0
264.593719482422,0
266.638458251953,0
267.843872070312,0
267.498718261719,0
266.281219482422,0
265.459594726562,0
265.324768066406,0
265.007507324219,0
263.993499755859,0
263.309600830078,0
264.745544433594,0
269.002593994141,0
274.864562988281,0
280.148620605469,0
283.411163330078,0
284.937103271484,0
286.218780517578,0
288.368377685547,0
291.047760009766,0
293.133911132812,0
294.263763427734,0
295.213165283203,0
296.666259765625,0
298.111358642578,0
298.262298583984,0
296.3642578125,0
292.901062011719,0
289.051086425781,0
285.379089355469,0
281.067504882812,0
274.804260253906,0
266.485931396484,0
257.319549560547,0
248.001251220703,0
238.004699707031,0
227.470443725586,0
218.257507324219,0
211.366561889648,0
204.620834350586,0
195.533432006836,0
185.849899291992,0
179.999877929688,0
178.639526367188,0
177.074829101562,0
171.494049072266,0
163.716918945312,0
157.59065246582,0
153.366165161133,0
148.724548339844,0
143.557220458984,0
140.028671264648,0
138.341110229492,0
135.866973876953,0
131.125518798828,0
126.058769226074,0
123.404983520508,0
123.644493103027,0
125.348007202148,0
126.972610473633,0
127.579490661621,0
127.255821228027,0
127.578453063965,0
130.183151245117,0
133.987731933594,0
135.364059448242,0
132.372909545898,0
127.59154510498,0
125.182563781738,0
126.060180664062,0
127.686592102051,0
128.04035949707,0
127.70272064209,0
127.900680541992,0
128.518188476562,0
128.953536987305,0
129.464492797852,0
130.353927612305,0
130.666305541992,0
129.130172729492,0
126.233978271484,0
124.169204711914,0
124.40641784668,0
126.085029602051,0
127.204376220703,0
126.862663269043,0
125.735153198242,0
124.58757019043,0
123.089576721191,0
120.421112060547,0
116.505508422852,0
111.961807250977,0
107.088676452637,0
101.874084472656,0
97.1911163330078,0
94.7918701171875,0
95.1957321166992,0
96.3844680786133,0
95.8036117553711,0
93.2124328613281,0
90.2739105224609,0
87.7131118774414,0
84.6246490478516,0
80.742919921875,0
77.4572906494141,0
75.6468276977539,0
74.068717956543,0
71.193489074707,0
67.4503402709961,0
64.1839294433594,0
61.4179000854492,0
58.5954170227051,0
57.0448989868164,0
59.3985214233398,0
66.0155258178711,0
73.8185577392578,0
79.695915222168,0
83.6498031616211,0
87.2709426879883,0
90.2594146728516,0
90.4089660644531,0
86.8299026489258,0
81.303092956543,0
75.8675537109375,0
70.4780960083008,0
63.9445686340332,0
56.1354560852051,0
48.1016807556152,0
40.5645637512207,0
33.2778396606445,0
25.5434970855713,0
16.612621307373,0
6.12598371505737,0
-4.97149753570557,0
-14.5919036865234,0
-21.6090755462646,0
-27.0587196350098,0
-31.9742259979248,0
-35.0391006469727,0
-34.4759674072266,0
-31.6962623596191,0
-30.4372310638428,0
-32.0154800415039,0
-33.9448471069336,0
-33.875129699707,0
-32.3303031921387,0
-30.4927673339844,0
-27.9339447021484,0
-24.3415489196777,0
-21.2869567871094,0
-20.1198272705078,0
-19.8692779541016,0
-19.5082340240479,0
-20.6991958618164,0
-25.5189743041992,0
-32.3957862854004,0
-37.2757301330566,0
-38.8100166320801,0
-39.8762474060059,0
-43.508659362793,0
-49.3712959289551,0
-55.0356597900391,0
-59.229190826416,0
-62.8139839172363,0
-67.2891845703125,0
-73.076301574707,0
-79.1225738525391,0
-83.9542465209961,0
-87.0284805297852,0
-88.8127975463867,0
-89.8026809692383,0
-90.3584365844727,0
-91.4185791015625,0
-93.8816680908203,0
-96.8270034790039,0
-98.0016632080078,0
-96.9471817016602,0
-95.9160003662109,0
-96.4354553222656,0
-96.8024673461914,0
-94.8520278930664,0
-91.606071472168,0
-89.8078460693359,0
-89.9836654663086,0
-90.5731811523438,0
-91.208984375,0
-92.9389572143555,0
-95.2646408081055,0
-95.8613967895508,0
-93.8924713134766,0
-91.1879196166992,0
-89.2524642944336,0
-87.2420806884766,0
-84.0297393798828,0
-80.3928070068359,0
-77.6928863525391,0
-75.7535018920898,0
-73.5850524902344,0
-71.3528747558594,0
-70.1473159790039,0
-70.1161041259766,0
-69.9982986450195,0
-68.6860427856445,0
-66.7333679199219,0
-66.0184326171875,0
-67.6111373901367,0
-69.8251495361328,0
-69.2151107788086,0
-64.4912109375,0
-58.6908645629883,0
-55.8368186950684,0
-55.9266128540039,0
-55.4767417907715,0
-53.0545692443848,0
-51.366813659668,0
-52.6580772399902,0
-54.8811149597168,0
-54.9165496826172,0
-53.6750640869141,0
-54.8927612304688,0
-59.6465263366699,0
-65.2047882080078,0
-69.5113677978516,0
-73.95849609375,0
-80.6904220581055,0
-89.4092559814453,0
-98.4027328491211,0
-107.190528869629,0
-116.340408325195,0
-125.505378723145,0
-133.550064086914,0
-140.503280639648,0
-147.539459228516,0
-154.378662109375,0
-158.360488891602,0
-157.804336547852,0
-155.582244873047,0
-157.041763305664,0
-163.68733215332,0
-170.905227661133,0
-173.498565673828,0
-171.822937011719,0
-170.067733764648,0
-169.688064575195,0
-168.05110168457,0
-163.750778198242,0
-159.478515625,0
-157.978118896484,0
-158.297576904297,0
-158.362396240234,0
-158.495132446289,0
-159.379791259766,0
-158.914077758789,0
-155.039749145508,0
-150.373626708984,0
-149.612594604492,0
-152.383193969727,0
-152.907028198242,0
-147.74104309082,0
-140.062347412109,0
-134.553115844727,0
-131.377746582031,0
-127.806694030762,0
-123.346176147461,0
-120.058113098145,0
-118.850074768066,0
-118.325164794922,0
-117.203193664551,0
-115.647010803223,0
-113.878898620605,0
-111.310966491699,0
-107.873199462891,0
-105.05200958252,0
-104.517585754395,0
-106.025184631348,0
-107.534439086914,0
-107.590103149414,0
-106.937271118164,0
-107.19312286377,0
-108.429588317871,0
-109.343444824219,0
-109.963760375977,0
-112.493507385254,0
-118.239433288574,0
-125.019561767578,0
-129.519439697266,0
-131.582717895508,0
-134.095993041992,0
-138.782562255859,0
-144.298126220703,0
-148.871780395508,0
-152.715362548828,0
-156.867263793945,0
-161.348083496094,0
-165.686111450195,0
-170.104751586914,0
-175.057479858398,0
-180.385498046875,0
-185.785095214844,0
-191.427352905273,0
-197.515396118164,0
-203.829162597656,0
-209.831481933594,0
-214.26838684082,0
-214.869735717773,0
-210.254089355469,0
-202.473892211914,0
-195.672668457031,0
-191.501571655273,0
-187.929977416992,0
-183.414276123047,0
-179.530532836914,0
-177.631698608398,0
-175.493881225586,0
-170.197280883789,0
-162.713409423828,0
-156.576126098633,0
-152.995941162109,0
-150.301574707031,0
-147.573654174805,0
-145.695220947266,0
-144.926788330078,0
-144.461013793945,0
-144.624710083008,0
-146.661819458008,0
-149.879013061523,0
-151.848098754883,0
-152.162414550781,0
-153.146636962891,0
-155.798217773438,0
-157.940002441406,0
-157.993865966797,0
-157.802719116211,0
-159.477615356445,0
-161.815322875977,0
-162.593368530273,0
-162.615615844727,0
-164.300476074219,0
-167.256973266602,0
-168.558715820312,0
-167.214965820312,0
-165.269821166992,0
-164.129974365234,0
-162.812545776367,0
-160.72998046875,0
-159.223892211914,0
-158.594207763672,0
-156.268646240234,0
-150.610549926758,0
-144.698333740234,0
-142.950836181641,0
-144.714096069336,0
-144.813034057617,0
-140.888244628906,0
-136.558853149414,0
-135.619155883789,0
-136.370834350586,0
-134.843246459961,0
-131.560592651367,0
-131.063583374023,0
-135.021499633789,0
-139.711395263672,0
-141.420318603516,0
-141.099212646484,0
-141.598281860352,0
-142.732696533203,0
-141.992126464844,0
-139.050598144531,0
-136.598480224609,0
-136.456924438477,0
-137.099304199219,0
-135.916931152344,0
-132.578475952148,0
-129.16716003418,0
-127.703498840332,0
-128.322525024414,0
-129.546783447266,0
-129.716873168945,0
-128.151718139648,0
-125.24951171875,0
-121.765800476074,0
-118.354934692383,0
-115.918792724609,0
-115.74853515625,0
-118.429969787598,0
-122.561790466309,0
-125.299713134766,0
-124.634460449219,0
-120.993927001953,0
-116.532699584961,0
-113.069793701172,0
-110.66731262207,0
-107.782981872559,0
-102.625511169434,0
-94.6456985473633,0
-84.9086608886719,0
-74.9172058105469,0
-65.114372253418,0
-54.7789535522461,0
-43.318359375,0
-31.2877216339111,0
-20.1229267120361,0
-11.263258934021,0
-5.5368537902832,0
-2.84535622596741,0
-2.22904372215271,0
-2.72542119026184,0
-4.42614030838013,0
-8.18821144104004,0
-14.0169849395752,0
-20.4545707702637,0
-26.2704296112061,0
-32.1752777099609,0
-39.7500686645508,0
-48.7659568786621,0
-56.7608413696289,0
-61.7857475280762,0
-64.7622985839844,0
-68.3725051879883,0
-74.0008163452148,0
-80.4749298095703,0
-85.6582794189453,0
-88.5505599975586,0
-89.654655456543,0
-89.8939895629883,0
-89.7419815063477,0
-89.3424072265625,0
-88.9769668579102,0
-88.9740219116211,0
-89.0923614501953,0
-88.3726272583008,0
-86.130729675293,0
-83.1605072021484,0
-81.3043975830078,0
-81.2840805053711,0
-81.4523468017578,0
-79.630615234375,0
-75.9145889282227,0
-72.2690582275391,0
-69.1784057617188,0
-64.6553421020508,0
-57.7956733703613,0
-51.3685150146484,0
-48.4187316894531,0
-47.4646759033203,0
-44.2370185852051,0
-37.9423713684082,0
-32.3003959655762,0
-29.8183879852295,0
-28.9082107543945,0
-28.2133293151855,0
-29.586067199707,0
-33.7032012939453,0
-36.4699020385742,0
-34.1447410583496,0
-29.2617454528809,0
-26.3893165588379,0
-24.1086940765381,0
-17.3584480285645,0
-7.01087474822998,0
-0.272116005420685,0
-0.341330796480179,0
-2.00904417037964,0
0.0719516724348068,0
4.61972045898438,0
8.58719348907471,0
13.2699251174927,0
20.8103809356689,0
28.8953380584717,0
34.3246459960938,0
38.7646903991699,0
45.3883056640625,0
52.0753784179688,0
53.8605995178223,0
50.9347496032715,0
48.3691596984863,0
48.2937545776367,0
48.220531463623,0
47.5944061279297,0
50.0228614807129,0
57.1102905273438,0
65.2291107177734,0
71.0561370849609,0
76.0182571411133,0
82.2818603515625,0
88.166862487793,0
91.1439743041992,0
92.430046081543,0
94.7464294433594,0
97.627067565918,0
98.8083190917969,0
98.7258987426758,0
99.5556869506836,0
100.503623962402,0
98.1751403808594,0
92.0541610717773,0
86.1784896850586,0
84.3459014892578,0
86.2557144165039,0
89.3722839355469,0
92.1913681030273,0
94.2829055786133,0
94.9555587768555,0
93.4553985595703,0
89.4903182983398,0
82.6328048706055,0
72.3028717041016,0
59.2063255310059,0
45.7306900024414,0
34.0125350952148,0
24.3673553466797,0
16.071813583374,0
8.55359172821045,0
1.23191976547241,0
-6.52156066894531,0
-14.4112977981567,0
-21.2674827575684,0
-26.675350189209,0
-31.2619361877441,0
-34.8416938781738,0
-36.184253692627,0
-35.7449188232422,0
-36.5766105651855,0
-40.7567710876465,0
-46.6996154785156,0
-51.9970664978027,0
-56.9363403320312,0
-62.5194969177246,0
-66.9983215332031,0
-68.2680282592773,0
-68.6596603393555,0
-72.8511047363281,0
-80.8308563232422,0
-87.3566665649414,0
-89.4015197753906,0
-89.7675323486328,0
-91.5249862670898,0
-93.2818450927734,0
-93.0027542114258,0
-92.7106628417969,0
-95.2381820678711,0
-98.7947998046875,0
-99.1745300292969,0
-96.067741394043,0
-93.0906524658203,0
-92.1705322265625,0
-91.6860427856445,0
-90.0287628173828,0
-87.5057983398438,0
-84.4531555175781,0
-80.574348449707,0
-76.6039581298828,0
-73.8992385864258,0
-71.9623184204102,0
-68.876838684082,0
-64.4797668457031,0
-60.5757026672363,0
-57.782600402832,0
-54.8045043945312,0
-51.1006469726562,0
-47.4920883178711,0
-43.7309150695801,0
-38.4185791015625,0
-31.9948787689209,0
-26.8846397399902,0
-23.9336433410645,0
-21.707311630249,0
-20.045503616333,0
-20.7718124389648,0
-23.5958232879639,0
-25.0946750640869,0
-23.7676601409912,0
-22.3767566680908,0
-22.6555023193359,0
-21.5123348236084,0
-16.2776374816895,0
-10.5612907409668,0
-10.1043195724487,0
-14.6255702972412,0
-18.6972026824951,0
-19.8703098297119,0
-20.8922595977783,0
-23.5452136993408,0
-25.2037773132324,0
-23.3609657287598,0
-19.8735885620117,0
-18.2469787597656,0
-19.1143417358398,0
-20.7104301452637,0
-22.0660552978516,0
-23.413236618042,0
-24.4795093536377,0
-24.6049518585205,0
-24.321174621582,0
-25.1940402984619,0
-27.9941635131836,0
-32.0206108093262,0
-36.188060760498,0
-39.9033241271973,0
-42.8772659301758,0
-44.9319305419922,0
-46.2692909240723,0
-47.3831329345703,0
-48.3699150085449,0
-48.6051063537598,0
-47.390941619873,0
-44.8092994689941,0
-41.6420555114746,0
-38.3274192810059,0
-34.1650199890137,0
-27.8749351501465,0
-19.0594348907471,0
-8.82961750030518,0
1.31277537345886,0
11.0151233673096,0
21.0522060394287,0
31.8641796112061,0
42.8190116882324,0
53.2420387268066,0
63.4349670410156,0
73.7591018676758,0
83.023796081543,0
89.1015243530273,0
91.6325759887695,0
93.0122222900391,0
95.6630783081055,0
99.0039901733398,0
100.328498840332,0
98.1920166015625,0
93.3470458984375,0
86.4573059082031,0
76.9740600585938,0
65.1524429321289,0
53.3774337768555,0
43.858470916748,0
36.0542335510254,0
28.0877151489258,0
20.0656299591064,0
14.108603477478,0
11.1065979003906,0
9.12189102172852,0
5.47664546966553,0
-0.70383083820343,0
-8.35404205322266,0
-15.750846862793,0
-21.4229640960693,0
-24.7526741027832,0
-26.4943733215332,0
-28.3214569091797,0
-31.3002738952637,0
-34.905689239502,0
-37.7155227661133,0
-38.8993034362793,0
-38.9303512573242,0
-38.9264907836914,0
-39.2513389587402,0
-38.8928031921387,0
-36.7990913391113,0
-33.9359893798828,0
-32.9708709716797,0
-35.1068267822266,0
-38.1752128601074,0
-39.2322082519531,0
-38.4738388061523,0
-38.841423034668,0
-41.792667388916,0
-45.4310073852539,0
-47.5700340270996,0
-48.8658332824707,0
-51.3414573669434,0
-54.8937911987305,0
-57.3570938110352,0
-58.0215721130371,0
-59.0595741271973,0
-62.3830413818359,0
-66.4617309570312,0
-68.0894546508789,0
-66.9702377319336,0
-66.4885177612305,0
-69.0646591186523,0
-72.3286209106445,0
-71.6261978149414,0
-65.7386322021484,0
-58.355354309082,0
-53.800048828125,0
-52.9140777587891,0
-53.7240905761719,0
-54.6721687316895,0
-55.8087425231934,0
-57.3109092712402,0
-58.2137298583984,0
-57.2193336486816,0
-54.4587593078613,0
-51.7928276062012,0
-50.7386665344238,0
-50.1856346130371,0
-47.2182693481445,0
-40.7896728515625,0
-33.4460105895996,0
-28.1508808135986,0
-24.2892284393311,0
-18.5805206298828,0
-9.50867557525635,0
1.1502457857132,0
11.1754064559937,0
20.1723556518555,0
28.6538867950439,0
36.9958381652832,0
46.0592460632324,0
56.717658996582,0
67.4859008789062,0
74.4533386230469,0
75.2314758300781,0
71.6751708984375,0
67.2020568847656,0
62.7815895080566,0
57.3753356933594,0
51.0412063598633,0
45.0682983398438,0
39.4091339111328,0
32.5236549377441,0
24.3363780975342,0
17.3988933563232,0
14.1036386489868,0
13.9860200881958,0
14.7332000732422,0
14.8541440963745,0
14.1976270675659,0
12.4954595565796,0
8.93282794952393,0
3.46087884902954,0
-2.56430816650391,0
-7.83361482620239,0
-12.6293687820435,0
-18.0592823028564,0
-24.054838180542,0
-29.2686920166016,0
-33.1147842407227,0
-36.6924858093262,0
-41.096794128418,0
-45.9928741455078,0
-50.7858352661133,0
-55.9377021789551,0
-61.6161041259766,0
-66.1365661621094,0
-67.9412841796875,0
-68.6572799682617,0
-71.6731338500977,0
-77.392463684082,0
-82.332405090332,0
-83.7583465576172,0
-82.9414825439453,0
-82.5359268188477,0
-82.7957611083984,0
-82.2139282226562,0
-80.4044189453125,0
-78.3529586791992,0
-76.6973190307617,0
-75.4572830200195,0
-74.7374114990234,0
-74.2144241333008,0
-72.7442932128906,0
-69.9730758666992,0
-67.433235168457,0
-66.4024505615234,0
-65.6735305786133,0
-63.4652671813965,0
-60.6554985046387,0
-59.5707969665527,0
-59.8901138305664,0
-58.5299491882324,0
-54.0517196655273,0
-48.6622581481934,0
-44.8665008544922,0
-42.3051834106445,0
-39.3266754150391,0
-36.0311622619629,0
-33.958610534668,0
-33.4779434204102,0
-32.9911613464355,0
-30.7685642242432,0
-26.9379177093506,0
-23.5575675964355,0
-22.532299041748,0
-23.0383644104004,0
-21.6373882293701,0
-16.2143707275391,0
-9.39838218688965,0
-6.13694477081299,0
-7.61122941970825,0
-9.69101715087891,0
-8.36998271942139,0
-4.63389301300049,0
-2.18700480461121,0
-1.97742795944214,0
-1.47515869140625,0
1.1157078742981,0
4.42439651489258,0
6.3198504447937,0
6.96165132522583,0
8.10514259338379,0
10.0397386550903,0
10.6545419692993,0
8.08594703674316,0
3.5801146030426,0
0.565645098686218,0
0.662545204162598,0
1.84694850444794,0
1.5411456823349,0
0.289414346218109,0
0.44257777929306,0
1.92451369762421,0
2.05652570724487,0
-0.103537172079086,0
-2.22022652626038,0
-2.80059170722961,0
-4.06293201446533,0
-8.43354415893555,0
-14.4455146789551,0
-19.0936031341553,0
-22.7638702392578,0
-28.4167861938477,0
-36.4216690063477,0
-43.5733451843262,0
-47.5379753112793,0
-49.3814582824707,0
-51.0451545715332,0
-52.8470153808594,0
-54.3002548217773,0
-55.18408203125,0
-55.0047416687012,0
-53.4796028137207,0
-52.2132110595703,0
-53.5917205810547,0
-57.2076034545898,0
-59.8643951416016,0
-60.1620597839355,0
-60.3350219726562,0
-62.0689392089844,0
-63.4935417175293,0
-62.6194229125977,0
-60.9386863708496,0
-60.548698425293,0
-60.0914268493652,0
-57.343864440918,0
-54.1992073059082,0
-54.7510986328125,0
-58.9841728210449,0
-62.5947341918945,0
-63.2520751953125,0
-62.925350189209,0
-63.1928291320801,0
-62.3386611938477,0
-58.8665809631348,0
-54.3957023620605,0
-50.7667465209961,0
-47.1060791015625,0
-42.2392578125,0
-37.5789070129395,0
-34.8524551391602,0
-32.889778137207,0
-29.5702476501465,0
-25.5379447937012,0
-23.1121788024902,0
-22.5918445587158,0
-22.4853782653809,0
-22.531099319458,0
-23.5126209259033,0
-24.6650218963623,0
-24.4381198883057,0
-23.7376670837402,0
-25.2108707427979,0
-28.8832340240479,0
-31.5373611450195,0
-31.2903995513916,0
-30.0410938262939,0
-30.2319564819336,0
-31.6481170654297,0
-32.736888885498,0
-32.900032043457,0
-32.1302375793457,0
-30.4247608184814,0
-28.8586139678955,0
-29.1138782501221,0
-30.6048240661621,0
-30.5159473419189,0
-28.4411392211914,0
-28.2078456878662,0
-32.3550148010254,0
-37.2447776794434,0
-37.3335227966309,0
-32.749870300293,0
-28.5400333404541,0
-27.1009960174561,0
-25.845817565918,0
-22.8327827453613,0
-20.1859130859375,0
-19.995532989502,0
-20.495418548584,0
-19.1522426605225,0
-17.0408935546875,0
-17.068286895752,0
-19.4105339050293,0
-21.7176666259766,0
-22.9358463287354,0
-24.0030059814453,0
-25.1133823394775,0
-25.1372585296631,0
-24.0002193450928,0
-23.1283054351807,0
-22.9728469848633,0
-22.3294773101807,0
-20.7856674194336,0
-19.6061115264893,0
-19.2406101226807,0
-18.2171173095703,0
-15.9078149795532,0
-14.3029890060425,0
-15.2778062820435,0
-17.949914932251,0
-20.6566333770752,0
-23.5674266815186,0
-26.8747653961182,0
-28.463695526123,0
-26.9841995239258,0
-25.9592113494873,0
-30.4066314697266,0
-39.2855796813965,0
-45.7432746887207,0
-46.1179237365723,0
-44.5797119140625,0
-46.6209182739258,0
-51.5758209228516,0
-54.7979621887207,0
-54.6039619445801,0
-53.3172721862793,0
-52.8785285949707,0
-53.0929565429688,0
-53.7624473571777,0
-55.3331642150879,0
-57.2925643920898,0
-58.5463104248047,0
-59.6045341491699,0
-61.9755859375,0
-65.0623626708984,0
-66.1679306030273,0
-64.4926681518555,0
-62.9634666442871,0
-64.6938018798828,0
-69.1100463867188,0
-73.0290908813477,0
-74.5608291625977,0
-74.4447174072266,0
-74.0012817382812,0
-73.2777404785156,0
-71.6422653198242,0
-69.4369506835938,0
-68.2237167358398,0
-69.0912933349609,0
-71.0039672851562,0
-71.5140075683594,0
-69.3724365234375,0
-65.823112487793,0
-62.925365447998,0
-61.3601455688477,0
-60.4912223815918,0
-59.5830307006836,0
-57.8547821044922,0
-54.316722869873,0
-49.1905632019043,0
-44.8034210205078,0
-43.1008758544922,0
-42.6626777648926,0
-40.4640808105469,0
-36.523380279541,0
-34.0828056335449,0
-34.5779151916504,0
-35.3097648620605,0
-33.4928932189941,0
-29.9120922088623,0
-26.6038360595703,0
-23.4659042358398,0
-19.8070411682129,0
-17.011209487915,0
-16.2401676177979,0
-15.0039825439453,0
-9.88221168518066,0
-1.96973538398743,0
4.35592412948608,0
7.98023366928101,0
12.1164436340332,0
18.141487121582,0
22.8395080566406,0
23.7457027435303,0
23.2509899139404,0
24.493236541748,0
26.4333229064941,0
26.5924110412598,0
26.2184600830078,0
28.5311298370361,0
33.0535888671875,0
35.8488159179688,0
35.1849937438965,0
33.1689300537109,0
31.3331546783447,0
28.2798614501953,0
23.0854911804199,0
17.9197006225586,0
14.944655418396,0
12.4759922027588,0
6.75334215164185,0
-3.04561424255371,0
-13.5187549591064,0
-20.8863792419434,0
-24.8239288330078,0
-27.9650936126709,0
-32.2752723693848,0
-36.6992683410645,0
-38.5966148376465,0
-36.9660339355469,0
-33.4113006591797,0
-30.0031986236572,0
-27.535228729248,0
-26.5632419586182,0
-28.5879497528076,0
-34.325927734375,0
-41.5021057128906,0
-46.5608901977539,0
-48.8121032714844,0
-51.0924072265625,0
-55.7873115539551,0
-61.7685852050781,0
-66.0915069580078,0
-67.5121917724609,0
-67.4083557128906,0
-68.0290756225586,0
-70.5567245483398,0
-74.2701110839844,0
-77.142578125,0
-77.8468322753906,0
-77.3096237182617,0
-77.4755401611328,0
-78.6796035766602,0
-79.6665802001953,0
-80.2289199829102,0
-81.7234802246094,0
-84.1789779663086,0
-85.131965637207,0
-82.9787445068359,0
-79.6123962402344,0
-77.6094818115234,0
-76.3470001220703,0
-73.5096206665039,0
-69.3056182861328,0
-66.0270156860352,0
-63.8024215698242,0
-60.2532196044922,0
-54.9909820556641,0
-51.132080078125,0
-50.7551536560059,0
-51.5469589233398,0
-50.0678215026855,0
-46.3339004516602,0
-42.8654708862305,0
-40.6873016357422,0
-38.7052803039551,0
-36.1258392333984,0
-33.1960716247559,0
-30.0923614501953,0
-27.0819129943848,0
-25.2078990936279,0
-24.808988571167,0
-24.035758972168,0
-21.1374282836914,0
-17.6193180084229,0
-16.3843479156494,0
-17.00559425354,0
-16.0494823455811,0
-12.4986705780029,0
-9.43141174316406,0
-9.05474376678467,0
-9.33140850067139,0
-7.5784592628479,0
-4.61529731750488,0
-2.7889723777771,0
-2.16839694976807,0
-1.53809547424316,0
-1.21812975406647,0
-1.59295094013214,0
-0.277787506580353,0
5.36600637435913,0
13.2141704559326,0
17.645637512207,0
16.4886608123779,0
13.5245685577393,0
12.9019021987915,0
13.8434867858887,0
12.7692413330078,0
8.72421169281006,0
4.36014842987061,0
2.08390760421753,0
1.04919469356537,0
-1.58041572570801,0
-7.09194087982178,0
-13.6257610321045,0
-18.4519653320312,0
-21.4009571075439,0
-24.742862701416,0
-29.3490772247314,0
-32.8171730041504,0
-32.8488693237305,0
-30.9107761383057,0
-30.3574466705322,0
-31.9089088439941,0
-33.3913612365723,0
-33.3835487365723,0
-32.6393394470215,0
-32.1758842468262,0
-32.4244079589844,0
-34.1200714111328,0
-37.463996887207,0
-40.4578628540039,0
-40.8473052978516,0
-39.8447341918945,0
-40.8854522705078,0
-44.2552146911621,0
-46.2511749267578,0
-44.583366394043,0
-41.1847038269043,0
-38.2665100097656,0
-35.1982383728027,0
-31.524585723877,0
-29.6225166320801,0
-31.1273860931396,0
-33.2691459655762,0
-32.3084983825684,0
-28.8979148864746,0
-26.6110191345215,0
-26.5162048339844,0
-26.7870006561279,0
-26.795352935791,0
-27.7512702941895,0
-29.2967510223389,0
-29.0584697723389,0
-26.3208961486816,0
-23.171365737915,0
-20.9668998718262,0
-18.1596813201904,0
-12.872631072998,0
-5.63635587692261,0
1.72544503211975,0
8.37765693664551,0
14.4283428192139,0
19.8050518035889,0
24.2504539489746,0
27.6141567230225,0
29.5730323791504,0
30.0967922210693,0
30.6291179656982,0
33.3777694702148,0
38.5628700256348,0
43.6663360595703,0
46.498348236084,0
47.8334693908691,0
49.6675186157227,0
51.8833923339844,0
52.4511871337891,0
50.5646591186523,0
47.7213668823242,0
45.3537216186523,0
42.872688293457,0
38.8067855834961,0
32.8968086242676,0
26.2663269042969,0
20.2114582061768,0
15.5855674743652,0
12.7197637557983,0
10.9394512176514,0
8.57675075531006,0
4.63714742660522,0
0.325192898511887,0
-2.30850338935852,0
-3.2452187538147,0
-4.54240703582764,0
-7.15996026992798,0
-9.5090274810791,0
-10.1696472167969,0
-10.3247423171997,0
-11.8093862533569,0
-14.1442432403564,0
-15.6559610366821,0
-16.4328212738037,0
-17.4742450714111,0
-17.5996112823486,0
-14.6515817642212,0
-10.1606922149658,0
-9.1478328704834,0
-13.5806484222412,0
-19.0860157012939,0
-20.5570755004883,0
-18.4473342895508,0
-16.4798126220703,0
-15.2973785400391,0
-12.5290489196777,0
-8.34168338775635,0
-6.33195686340332,0
-7.93503284454346,0
-9.87094974517822,0
-9.18791770935059,0
-7.65930891036987,0
-8.26987361907959,0
-9.70651721954346,0
-8.22134971618652,0
-4.15059804916382,0
-2.48556852340698,0
-6.08830833435059,0
-11.7201204299927,0
-14.6950674057007,0
-14.8881492614746,0
-15.5240278244019,0
-17.7686805725098,0
-19.7837200164795,0
-20.6215019226074,0
-21.7061672210693,0
-23.6983947753906,0
-24.6711273193359,0
-22.9782962799072,0
-20.0794658660889,0
-18.8614120483398,0
-20.4542255401611,0
-24.1521244049072,0
-29.0965042114258,0
-34.1545143127441,0
-37.1795196533203,0
-36.6727485656738,0
-33.8859634399414,0
-31.2394371032715,0
-28.721321105957,0
-23.9882698059082,0
-16.4530162811279,0
-9.14861965179443,0
-5.3307580947876,0
-4.62084674835205,0
-3.80885720252991,0
-0.545219004154205,0
5.0066065788269,0
11.4040222167969,0
17.1938343048096,0
20.9951343536377,0
21.8048553466797,0
20.0170612335205,0
17.5642948150635,0
16.3262825012207,0
16.4304084777832,0
16.4954147338867,0
15.5731287002563,0
14.4887361526489,0
14.9881258010864,0
17.7218551635742,0
21.4647426605225,0
24.3700790405273,0
25.5721378326416,0
25.3785762786865,0
24.4477519989014,0
23.350191116333,0
22.5775203704834,0
22.1484889984131,0
21.1748600006104,0
18.6068286895752,0
14.7183809280396,0
11.1974439620972,0
9.21850967407227,0
7.83113861083984,0
4.94370698928833,0
-0.131504043936729,0
-5.72643852233887,0
-9.71869945526123,0
-12.0413370132446,0
-14.7181835174561,0
-19.2560157775879,0
-24.5799522399902,0
-28.2447338104248,0
-29.4349880218506,0
-29.6978816986084,0
-30.5083980560303,0
-31.4997081756592,0
-32.0579299926758,0
-33.2638893127441,0
-36.2914199829102,0
-39.585262298584,0
-40.1833305358887,0
-38.1796989440918,0
-37.3979148864746,0
-40.5233306884766,0
-45.7243156433105,0
-49.645206451416,0
-51.7119178771973,0
-53.3071784973145,0
-54.4375152587891,0
-54.1858673095703,0
-53.5831604003906,0
-54.7480278015137,0
-57.041820526123,0
-57.052131652832,0
-53.1290435791016,0
-47.4405555725098,0
-42.7271766662598,0
-39.5140724182129,0
-37.584041595459,0
-37.5451469421387,0
-39.1649703979492,0
-40.3977317810059,0
-40.1987190246582,0
-40.5105133056641,0
-43.244873046875,0
-46.9424438476562,0
-48.9738845825195,0
-49.7266654968262,0
-51.6853446960449,0
-55.0620269775391,0
-57.3453826904297,0
-57.1912040710449,0
-56.1076316833496,0
-55.893684387207,0
-56.6048889160156,0
-57.5096435546875,0
-58.2315254211426,0
-58.6399116516113,0
-59.1586303710938,0
-60.9527282714844,0
-63.9212074279785,0
-65.0666961669922,0
-61.6147727966309,0
-55.7000617980957,0
-52.7425270080566,0
-54.454475402832,0
-56.6426658630371,0
-55.200740814209,0
-51.0686912536621,0
-47.2688598632812,0
-44.0728912353516,0
-40.1277542114258,0
-36.3260536193848,0
-35.0626449584961,0
-36.2497901916504,0
-36.9047698974609,0
-34.8041763305664,0
-30.603759765625,0
-26.2033004760742,0
-22.4573574066162,0
-18.7100448608398,0
-13.8528490066528,0
-8.02364826202393,0
-3.45855569839478,0
-2.55045390129089,0
-4.54641723632812,0
-5.78033113479614,0
-4.20173406600952,0
-1.86266851425171,0
-1.38851821422577,0
-1.94703221321106,0
-1.09911572933197,0
0.835485100746155,0
1.19726240634918,0
-0.909672141075134,0
-3.87300109863281,0
-6.85236644744873,0
-10.9204807281494,0
-16.2969837188721,0
-20.8951988220215,0
-22.7622299194336,0
-22.2765331268311,0
-20.9365520477295,0
-19.3835506439209,0
-17.560037612915,0
-15.5633382797241,0
-13.3032674789429,0
-10.2704401016235,0
-6.61399698257446,0
-3.64621615409851,0
-2.2606189250946,0
-1.42380142211914,0
0.664383590221405,0
4.05750417709351,0
6.63263559341431,0
6.40395212173462,0
3.74249768257141,0
0.947148203849792,0
-0.203242555260658,0
-0.121222607791424,0
-0.582974016666412,0
-2.61010336875916,0
-5.59894847869873,0
-8.38622188568115,0
-10.5453548431396,0
-12.4981565475464,0
-14.9213027954102,0
-18.2321529388428,0
-22.0437164306641,0
-24.9300746917725,0
-25.579402923584,0
-24.6657371520996,0
-24.7224750518799,0
-27.4091739654541,0
-31.6107292175293,0
-35.0483627319336,0
-36.9817771911621,0
-38.1881065368652,0
-38.9757537841797,0
-38.890811920166,0
-38.3916473388672,0
-39.1849327087402,0
-42.1789474487305,0
-46.0502395629883,0
-48.5653610229492,0
-48.8079261779785,0
-47.6068992614746,0
-46.215145111084,0
-45.0704383850098,0
-43.6537551879883,0
-41.2602424621582,0
-37.9917869567871,0
-34.9373016357422,0
-33.0134696960449,0
-31.7366218566895,0
-29.865119934082,0
-27.4618511199951,0
-26.4551410675049,0
-28.4077949523926,0
-32.2314949035645,0
-35.1001205444336,0
-35.6439437866211,0
-35.4178886413574,0
-36.969669342041,0
-41.1797409057617,0
-46.9261589050293,0
-52.6168594360352,0
-57.1326179504395,0
-59.6215324401855,0
-59.6699256896973,0
-58.2381820678711,0
-57.646411895752,0
-59.7108612060547,0
-63.8690719604492,0
-67.5419921875,0
-68.3783264160156,0
-66.0844116210938,0
-62.4244689941406,0
-59.8042144775391,0
-59.5915222167969,0
-61.2990112304688,0
-63.3484001159668,0
-64.801643371582,0
-66.1474685668945,0
-68.2059173583984,0
-70.7638702392578,0
-72.9243469238281,0
-74.4518661499023,0
-75.760383605957,0
-76.4131088256836,0
-74.6959838867188,0
-69.5312194824219,0
-62.3674163818359,0
-56.2124862670898,0
-52.697639465332,0
-50.8294677734375,0
-48.9028472900391,0
-46.8192558288574,0
-45.6709976196289,0
-45.4821739196777,0
-44.6437072753906,0
-41.9340286254883,0
-38.0765571594238,0
-34.6256942749023,0
-32.1951866149902,0
-30.8025341033936,0
-31.2803630828857,0
-34.8560523986816,0
-41.2656745910645,0
-48.485164642334,0
-54.6781463623047,0
-59.5697822570801,0
-63.6829223632812,0
-67.156852722168,0
-69.8198852539062,0
-71.821159362793,0
-73.7050399780273,0
-76.0234909057617,0
-78.780158996582,0
-80.8985824584961,0
-80.6528396606445,0
-77.3872680664062,0
-72.4820022583008,0
-67.7878265380859,0
-63.5751647949219,0
-59.0388984680176,0
-54.1228141784668,0
-49.3316421508789,0
-44.3504219055176,0
-38.7472915649414,0
-33.5562057495117,0
-29.8318214416504,0
-25.890079498291,0
-18.8660316467285,0
-9.41882133483887,0
-1.85970270633698,0
1.43501389026642,0
2.82036995887756,0
5.15841245651245,0
7.68874788284302,0
8.13749885559082,0
6.39474725723267,0
3.68832182884216,0
0.215899452567101,0
-3.83706068992615,0
-6.6663703918457,0
-6.8532977104187,0
-5.6873517036438,0
-5.23579549789429,0
-5.54201459884644,0
-5.94827461242676,0
-7.43404865264893,0
-10.9338293075562,0
-14.8748207092285,0
-17.2848052978516,0
-18.9767913818359,0
-21.6832218170166,0
-24.5555419921875,0
-26.0101852416992,0
-27.6719284057617,0
-32.2390060424805,0
-38.0386123657227,0
-40.273609161377,0
-38.0352783203125,0
-35.7113075256348,0
-36.3731651306152,0
-37.7806434631348,0
-36.5128135681152,0
-32.449089050293,0
-27.2379283905029,0
-21.575647354126,0
-16.2310390472412,0
-12.8988990783691,0
-11.5546722412109,0
-9.40247249603271,0
-5.01031303405762,0
-1.22789835929871,0
-1.07430481910706,0
-2.6109094619751,0
-1.26325070858002,0
3.90257811546326,0
9.66132545471191,0
13.8469495773315,0
17.5131454467773,0
21.5271587371826,0
24.4594440460205,0
25.3509769439697,0
26.0035305023193,0
28.5234107971191,0
32.2409973144531,0
35.0522041320801,0
36.6430854797363,0
38.2206497192383,0
39.6666450500488,0
39.3638343811035,0
37.1292953491211,0
35.155101776123,0
35.0470199584961,0
35.6702423095703,0
35.4145278930664,0
35.2294731140137,0
37.3091583251953,0
41.3512649536133,0
44.478157043457,0
45.1522789001465,0
44.9842910766602,0
45.8086814880371,0
47.0576629638672,0
47.6026802062988,0
48.4993782043457,0
51.6885261535645,0
56.901123046875,0
62.2088813781738,0
67.2531433105469,0
73.389778137207,0
80.3596343994141,0
85.4269409179688,0
87.0364456176758,0
87.284309387207,0
89.097282409668,0
92.451301574707,0
95.2711486816406,0
96.9862289428711,0
98.9442291259766,0
101.693626403809,0
104.233421325684,0
106.448600769043,0
110.23412322998,0
116.911956787109,0
124.74592590332,0
130.53108215332,0
133.280364990234,0
135.084014892578,0
138.169387817383,0
142.022476196289,0
143.967864990234,0
142.222213745117,0
137.714767456055,0
132.705612182617,0
128.123687744141,0
123.002502441406,0
116.55101776123,0
109.814140319824,0
104.496765136719,0
100.643295288086,0
96.548469543457,0
91.0562591552734,0
85.097900390625,0
80.5653686523438,0
78.1047515869141,0
76.3105087280273,0
72.9184799194336,0
66.8971557617188,0
59.767879486084,0
54.6638870239258,0
53.3913192749023,0
54.4560317993164,0
54.8081588745117,0
53.6412658691406,0
53.4553985595703,0
56.810604095459,0
62.8726425170898,0
68.1288909912109,0
70.2291259765625,0
70.1796493530273,0
70.5124435424805,0
71.9385299682617,0
72.5489807128906,0
70.4838943481445,0
66.7602767944336,0
64.5208435058594,0
65.3989791870117,0
67.7045440673828,0
68.8282852172852,0
68.3348083496094,0
67.5247192382812,0
67.0069580078125,0
66.5848007202148,0
66.9515533447266,0
69.1250991821289,0
72.1133728027344,0
73.6604995727539,0
73.9105072021484,0
75.5609359741211,0
79.0647659301758,0
80.6985244750977,0
77.966194152832,0
74.377311706543,0
75.1254959106445,0
79.4411697387695,0
81.5755004882812,0
79.2548065185547,0
76.6115112304688,0
77.3453826904297,0
79.0915069580078,0
77.3566284179688,0
72.1097946166992,0
67.002555847168,0
63.6773910522461,0
60.4006652832031,0
55.8723526000977,0
51.1614189147949,0
47.3759956359863,0
43.9084014892578,0
39.9222602844238,0
35.8649063110352,0
32.6036567687988,0
30.2856674194336,0
28.7857646942139,0
28.2981281280518,0
28.8320484161377,0
29.8428077697754,0
30.8006114959717,0
31.5364017486572,0
31.8808765411377,0
31.6802825927734,0
31.2283039093018,0
30.8783226013184,0
30.2396850585938,0
28.6620407104492,0
26.419506072998,0
24.321741104126,0
22.2827453613281,0
19.6610298156738,0
17.0105991363525,0
15.8315887451172,0
16.3262825012207,0
17.1876850128174,0
17.9875392913818,0
19.5839958190918,0
21.3259716033936,0
20.4231853485107,0
15.8861665725708,0
10.7937908172607,0
8.1555700302124,0
6.44931173324585,0
2.51765990257263,0
-2.28284692764282,0
-2.65522813796997,0
3.84021806716919,0
14.0186786651611,0
23.735034942627,0
31.959156036377,0
38.9048004150391,0
43.3554382324219,0
44.2582168579102,0
42.8407669067383,0
40.715503692627,0
37.4162673950195,0
32.1500663757324,0
26.6917667388916,0
23.9123973846436,0
24.0239791870117,0
24.6593418121338,0
24.4313545227051,0
24.2169189453125,0
24.8342723846436,0
25.3970203399658,0
24.3860607147217,0
21.0429649353027,0
15.6561908721924,0
9.71531105041504,0
5.56663703918457,0
4.47704601287842,0
5.21369886398315,0
5.90739583969116,0
6.79782438278198,0
9.3011646270752,0
12.874773979187,0
15.277400970459,0
16.0433826446533,0
17.1544952392578,0
19.7028198242188,0
22.3898639678955,0
24.2698707580566,0
26.4888286590576,0
29.8028411865234,0
32.4819030761719,0
32.5354270935059,0
30.5614204406738,0
28.7651042938232,0
28.3940315246582,0
29.5050144195557,0
31.8614864349365,0
34.560920715332,0
36.1380195617676,0
36.6289520263672,0
38.2045402526855,0
42.0550537109375,0
45.9826698303223,0
47.0897903442383,0
45.8119735717773,0
45.1843414306641,0
46.8137435913086,0
49.5087471008301,0
51.2722129821777,0
50.8343925476074,0
47.9408187866211,0
44.0736274719238,0
42.1879272460938,0
43.5857124328613,0
45.5706672668457,0
44.4401206970215,0
40.4211540222168,0
37.2511024475098,0
37.0470886230469,0
38.2251052856445,0
38.7828140258789,0
38.9038276672363,0
39.287353515625,0
39.2273559570312,0
37.9298248291016,0
36.2655792236328,0
35.7706871032715,0
36.8207092285156,0
38.8395385742188,0
41.494800567627,0
44.7482643127441,0
48.3386878967285,0
51.9481048583984,0
55.4191513061523,0
58.4478950500488,0
60.7622833251953,0
62.9513969421387,0
66.2332992553711,0
70.8149719238281,0
75.2305145263672,0
77.9669342041016,0
79.1340789794922,0
79.8235626220703,0
80.3414611816406,0
80.0135726928711,0
78.7017974853516,0
77.7139205932617,0
78.7431030273438,0
82.0531692504883,0
85.9997482299805,0
88.4118041992188,0
88.3067321777344,0
86.2047729492188,0
83.1041412353516,0
79.5607452392578,0
75.5785217285156,0
70.7985382080078,0
64.7877426147461,0
57.7672309875488,0
51.1397438049316,0
46.6124382019043,0
44.619457244873,0
44.2714576721191,0
44.9061698913574,0
46.6285209655762,0
48.9063758850098,0
49.8290214538574,0
47.8028373718262,0
43.3706130981445,0
38.4263305664062,0
34.0810852050781,0
30.1856899261475,0
26.559419631958,0
23.6371212005615,0
21.910982131958,0
21.5551738739014,0
22.6893653869629,0
25.2908210754395,0
28.587718963623,0
31.0428009033203,0
31.2786598205566,0
28.8559036254883,0
24.1320724487305,0
17.8014030456543,0
10.824821472168,0
4.33458709716797,0
-1.0798043012619,0
-5.94167995452881,0
-11.0279388427734,0
-15.7797565460205,0
-18.5228080749512,0
-18.9648590087891,0
-19.5010280609131,0
-22.586009979248,0
-27.2224464416504,0
-29.8362407684326,0
-28.8494129180908,0
-26.5981960296631,0
-26.0104427337646,0
-27.0912055969238,0
-27.9330940246582,0
-27.8240432739258,0
-27.6982707977295,0
-28.2233943939209,0
-28.9880256652832,0
-29.3643760681152,0
-29.062858581543,0
-27.9770240783691,0
-26.2730178833008,0
-24.4488563537598,0
-22.8099327087402,0
-21.2486972808838,0
-19.806676864624,0
-18.7824440002441,0
-18.1082134246826,0
-17.618091583252,0
-18.0723342895508,0
-20.4615135192871,0
-23.9598121643066,0
-26.4234428405762,0
-27.6180076599121,0
-29.7928333282471,0
-33.8447303771973,0
-37.204216003418,0
-37.3156204223633,0
-34.9903984069824,0
-32.0277938842773,0
-27.7332382202148,0
-20.9306526184082,0
-13.7636728286743,0
-9.70761203765869,0
-8.44628524780273,0
-6.46897506713867,0
-2.78119969367981,0
-0.257126331329346,0
-0.41740956902504,0
-0.30009850859642,0
3.62389731407166,0
10.7823114395142,0
17.6931095123291,0
22.3086948394775,0
25.4394035339355,0
28.7043132781982,0
32.419017791748,0
35.2959365844727,0
35.8613662719727,0
34.6071548461914,0
34.3951225280762,0
37.4513854980469,0
42.1366119384766,0
44.4283638000488,0
42.8069877624512,0
39.7993011474609,0
38.176685333252,0
37.6746368408203,0
36.6108665466309,0
35.0374145507812,0
34.7503890991211,0
37.1931495666504,0
42.5722999572754,0
50.0967674255371,0
57.8372459411621,0
63.1033058166504,0
64.3186874389648,0
62.4503936767578,0
60.0806732177734,0
59.4857635498047,0
61.6943588256836,0
66.1693496704102,0
70.7379455566406,0
73.0538940429688,0
73.080810546875,0
73.1449737548828,0
74.7886657714844,0
76.9068069458008,0
77.9729995727539,0
78.4310302734375,0
79.2254867553711,0
79.5063629150391,0
78.0959854125977,0
76.2100830078125,0
76.0785217285156,0
77.2950210571289,0
77.2713470458984,0
75.3639984130859,0
73.7033538818359,0
73.3038787841797,0
72.2585525512695,0
69.2267761230469,0
66.1102600097656,0
65.0475234985352,0
64.6510467529297,0
61.9270820617676,0
56.9283790588379,0
52.6976623535156,0
50.6850967407227,0
48.750659942627,0
44.3649444580078,0
37.8625755310059,0
31.5514011383057,0
26.9826107025146,0
24.1526565551758,0
22.4111213684082,0
21.0558700561523,0
19.5977592468262,0
18.3444194793701,0
18.3077297210693,0
19.7413635253906,0
21.1560020446777,0
20.6854286193848,0
18.3758544921875,0
16.4844760894775,0
17.494010925293,0
22.0722827911377,0
28.4829292297363,0
33.4330520629883,0
34.1770858764648,0
30.9505233764648,0
27.1667308807373,0
26.1509647369385,0
27.7170829772949,0
28.884557723999,0
27.6162586212158,0
24.4150829315186,0
20.4122295379639,0
15.8463106155396,0
10.9480819702148,0
6.459153175354,0
2.40796065330505,0
-1.86970174312592,0
-5.51971626281738,0
-6.00491857528687,0
-2.68355345726013,0
1.3687744140625,0
3.09922218322754,0
3.30059742927551,0
4.35164070129395,0
5.84400844573975,0
5.62127351760864,0
4.23272275924683,0
4.90636396408081,0
9.15627765655518,0
15.4883756637573,0
22.5372638702393,0
30.2537326812744,0
37.4474258422852,0
41.4489974975586,0
41.5062408447266,0
39.8878402709961,0
38.4643898010254,0
36.8984107971191,0
35.6185607910156,0
37.6756324768066,0
45.2493743896484,0
56.1800575256348,0
66.1465682983398,0
72.8610534667969,0
76.3593521118164,0
76.9582138061523,0
75.3607788085938,0
73.6445541381836,0
73.704963684082,0
75.1650543212891,0
76.524543762207,0
77.4951400756836,0
78.2566146850586,0
77.3506774902344,0
72.9015045166016,0
65.8414611816406,0
59.6011619567871,0
56.2067260742188,0
54.5240859985352,0
52.674991607666,0
50.2115936279297,0
47.1540069580078,0
42.7083625793457,0
36.2619667053223,0
28.532808303833,0
20.5347366333008,0
12.3023824691772,0
3.94189476966858,0
-2.70655465126038,0
-5.09209871292114,0
-2.88181519508362,0
1.19328963756561,0
3.89670252799988,0
4.34674501419067,0
4.03029584884644,0
4.53161811828613,0
5.89563465118408,0
7.24077272415161,0
8.41534042358398,0
10.3401985168457,0
13.4429569244385,0
16.3680286407471,0
17.2120590209961,0
16.0498390197754,0
15.1489067077637,0
16.1872234344482,0
18.2507400512695,0
19.3870754241943,0
19.2354354858398,0
18.9932327270508,0
19.4387645721436,0
20.2532844543457,0
20.8982257843018,0
21.0159378051758,0
20.4419841766357,0
19.9972267150879,0
21.5483264923096,0
25.7557487487793,0
30.5042514801025,0
33.4025001525879,0
35.0113983154297,0
37.2594337463379,0
39.497257232666,0
39.2836380004883,0
36.7890129089355,0
34.7459716796875,0
33.7175674438477,0
31.5406246185303,0
28.5704383850098,0
28.9730911254883,0
34.4403419494629,0
40.6783065795898,0
43.2180671691895,0
43.0903129577637,0
43.2335777282715,0
42.910026550293,0
40.3331146240234,0
38.0287284851074,0
40.0917282104492,0
45.4075317382812,0
48.7392997741699,0
48.004753112793,0
45.7288856506348,0
43.5708847045898,0
40.3075866699219,0
35.7267532348633,0
31.9620952606201,0
29.8919506072998,0
28.0695762634277,0
26.1673011779785,0
25.6855087280273,0
26.1751384735107,0
24.6202793121338,0
20.1427402496338,0
15.8427152633667,0
14.2540950775146,0
14.2255220413208,0
14.1174774169922,0
14.7775630950928,0
16.9219226837158,0
18.3940582275391,0
16.9238357543945,0
13.7919015884399,0
12.2124481201172,0
13.3416900634766,0
15.8590898513794,0
18.2410202026367,0
19.653284072876,0
19.7515144348145,0
19.2801151275635,0
20.0037422180176,0
22.821403503418,0
26.7987842559814,0
30.6872634887695,0
33.9849052429199,0
35.9769287109375,0
35.7904815673828,0
34.4116439819336,0
34.5465469360352,0
37.2626037597656,0
40.8957557678223,0
44.46142578125,0
49.3813743591309,0
55.8359451293945,0
60.2808723449707,0
59.7591400146484,0
56.7311515808105,0
56.1039352416992,0
58.5632438659668,0
60.3754348754883,0
59.3679237365723,0
57.558521270752,0
57.3714218139648,0
58.3379707336426,0
58.7851219177246,0
58.564510345459,0
58.5985717773438,0
59.0454063415527,0
59.246696472168,0
58.8477668762207,0
58.0442123413086,0
56.9990310668945,0
55.56884765625,0
53.5924034118652,0
51.2948837280273,0
49.2258529663086,0
47.4460296630859,0
44.9808158874512,0
41.0273742675781,0
36.7975082397461,0
34.7376251220703,0
35.2073249816895,0
35.4194984436035,0
32.963249206543,0
29.1322498321533,0
27.1390209197998,0
28.0167999267578,0
30.1701831817627,0
32.3001518249512,0
34.6301689147949,0
37.3371047973633,0
39.758430480957,0
41.5235061645508,0
43.0637435913086,0
44.8354949951172,0
47.1803588867188,0
50.5626487731934,0
54.3559188842773,0
56.0065155029297,0
53.8714561462402,0
50.8837051391602,0
52.4779396057129,0
59.9424171447754,0
68.4989318847656,0
73.2951049804688,0
74.5702056884766,0
75.025146484375,0
75.0764999389648,0
73.9219741821289,0
73.0300979614258,0
74.3542098999023,0
76.0933303833008,0
74.7744750976562,0
71.6461715698242,0
72.1571426391602,0
77.4604873657227,0
80.997314453125,0
76.7844696044922,0
67.7200317382812,0
61.467586517334,0
60.2036399841309,0
59.2715110778809,0
55.3398513793945,0
50.6610450744629,0
47.9117012023926,0
45.4578018188477,0
40.8395576477051,0
35.7969551086426,0
33.8605537414551,0
34.5009231567383,0
33.8005180358887,0
30.671106338501,0
28.2706871032715,0
28.2233905792236,0
27.360595703125,0
22.7242813110352,0
16.8100528717041,0
14.2457780838013,0
14.9237260818481,0
14.4486923217773,0
10.991024017334,0
7.5818133354187,0
6.80657720565796,0
7.09564161300659,0
6.21269989013672,0
5.183265209198,0
6.00503301620483,0
7.85781335830688,0
8.79443168640137,0
9.61895084381104,0
12.6095933914185,0
17.0526065826416,0
19.4850254058838,0
18.6438045501709,0
17.2495021820068,0
18.0779724121094,0
20.5540447235107,0
22.1715927124023,0
21.4622344970703,0
18.6139965057373,0
14.577808380127,0
10.4207429885864,0
6.61203718185425,0
2.66903495788574,0
-1.41839826107025,0
-3.64465951919556,0
-1.76227796077728,0
3.10836410522461,0
6.72315454483032,0
6.49161815643311,0
4.29612255096436,0
3.48761200904846,0
4.71597242355347,0
6.2155499458313,0
6.9741005897522,0
7.79968976974487,0
9.67214775085449,0
12.5091428756714,0
15.5924224853516,0
18.2694530487061,0
20.1478710174561,0
21.195779800415,0
21.7452373504639,0
22.1671352386475,0
22.6401252746582,0
23.2384986877441,0
23.8093852996826,0
23.7004909515381,0
22.2909374237061,0
20.1417903900146,0
19.0011425018311,0
20.1067008972168,0
22.8473567962646,0
25.6353225708008,0
27.8639430999756,0
30.4381980895996,0
34.3655662536621,0
39.3120002746582,0
43.8708267211914,0
47.1099967956543,0
49.4165954589844,0
51.5232887268066,0
52.9927864074707,0
52.3621520996094,0
49.0251731872559,0
44.3826446533203,0
40.54736328125,0
38.147331237793,0
35.9830131530762,0
32.822998046875,0
28.9634685516357,0
25.7282581329346,0
23.7998867034912,0
22.6405239105225,0
21.6823081970215,0
21.4406490325928,0
22.7202644348145,0
25.0625228881836,0
27.1574954986572,0
28.9133129119873,0
31.6254138946533,0
35.4216461181641,0
38.3253288269043,0
39.4372940063477,0
41.3910903930664,0
47.0274047851562,0
54.4687767028809,0
58.6090049743652,0
57.5789108276367,0
54.5892486572266,0
52.628288269043,0
50.658145904541,0
46.84521484375,0
42.5975189208984,0
40.6377754211426,0
41.0066184997559,0
41.8897094726562,0
43.1692886352539,0
46.2086372375488,0
50.7209930419922,0
54.6438217163086,0
56.9963684082031,0
58.3742713928223,0
58.5779724121094,0
56.2223968505859,0
51.1168899536133,0
44.8696975708008,0
38.6765098571777,0
32.5930709838867,0
27.4208869934082,0
24.8905544281006,0
24.9698028564453,0
25.1947383880615,0
23.9762573242188,0
22.6111125946045,0
22.6664428710938,0
23.4686794281006,0
23.9326839447021,0
24.7333908081055,0
26.2654266357422,0
26.3529453277588,0
23.1125812530518,0
18.8437919616699,0
17.4727764129639,0
18.5318508148193,0
17.4576950073242,0
12.3342809677124,0
6.59015274047852,0
3.63755965232849,0
2.26945996284485,0
-0.478121608495712,0
-4.83093023300171,0
-9.41715717315674,0
-14.5666131973267,0
-21.0847702026367,0
-27.0697689056396,0
-29.4851512908936,0
-28.561824798584,0
-27.4281597137451,0
-27.188138961792,0
-25.4844932556152,0
-20.8196258544922,0
-15.4595279693604,0
-12.3831939697266,0
-11.3978710174561,0
-10.1738424301147,0
-7.68519496917725,0
-4.61701822280884,0
-1.31559073925018,0
2.47688865661621,0
6.11975479125977,0
8.42664432525635,0
9.92337894439697,0
12.943470954895,0
18.5162315368652,0
24.5031547546387,0
28.1469669342041,0
29.6287899017334,0
31.5363330841064,0
35.1305999755859,0
38.9224014282227,0
41.3761596679688,0
43.3238067626953,0
46.3995361328125,0
50.1148643493652,0
52.2115936279297,0
51.7294540405273,0
50.0839347839355,0
48.6688041687012,0
46.8329429626465,0
43.3398704528809,0
38.9976425170898,0
36.3329200744629,0
36.5191764831543,0
37.7789115905762,0
37.4476356506348,0
34.8345565795898,0
31.1558055877686,0
27.2951049804688,0
23.219856262207,0
19.7047252655029,0
18.6036243438721,0
20.0522060394287,0
20.9610595703125,0
18.4520530700684,0
13.9148254394531,0
11.0430154800415,0
10.1622552871704,0
7.74289417266846,0
2.32212686538696,0
-2.47418260574341,0
-2.91674041748047,0
-0.497190564870834,0
0.534401059150696,0
-0.924028217792511,0
-2.48095703125,0
-2.55896854400635,0
-1.67012619972229,0
0.152005538344383,0
3.81932735443115,0
8.72762966156006,0
12.7449054718018,0
15.400429725647,0
18.5917148590088,0
23.2764339447021,0
27.8308258056641,0
30.7863140106201,0
32.964241027832,0
35.4156455993652,0
37.1200485229492,0
36.5509719848633,0
34.3232955932617,0
32.6288604736328,0
32.8596343994141,0
35.1462249755859,0
39.3736839294434,0
45.0356483459473,0
50.4967765808105,0
53.9817085266113,0
55.4769172668457,0
56.6336402893066,0
58.5563011169434,0
60.3699264526367,0
60.1874885559082,0
57.0780181884766,0
51.9982566833496,0
47.1543006896973,0
44.5808715820312,0
45.0686569213867,0
48.1255187988281,0
52.7260627746582,0
58.0338554382324,0
63.5775413513184,0
68.8569412231445,0
72.687614440918,0
73.1683349609375,0
69.1372680664062,0
62.0943374633789,0
55.8604888916016,0
53.322208404541,0
53.7446517944336,0
54.0832672119141,0
52.6685104370117,0
50.6693077087402,0
50.0560188293457,0
51.2060394287109,0
52.8521995544434,0
53.6717147827148,0
53.483570098877,0
53.1693534851074,0
53.6451759338379,0
54.8953170776367,0
56.1602935791016,0
57.0167922973633,0
57.6688117980957,0
58.0073776245117,0
57.2892875671387,0
55.2831153869629,0
52.7787857055664,0
50.2006225585938,0
46.8101615905762,0
42.4278297424316,0
38.8040390014648,0
37.5261573791504,0
37.246150970459,0
34.9950523376465,0
30.1594524383545,0
25.3844680786133,0
23.463924407959,0
24.9654769897461,0
28.9368076324463,0
34.0163650512695,0
38.3448829650879,0
40.2151794433594,0
39.8726921081543,0
39.595157623291,0
41.2127342224121,0
44.321849822998,0
47.2421684265137,0
48.6737670898438,0
48.0914535522461,0
45.7346305847168,0
42.8144073486328,0
40.7825622558594,0
39.8522911071777,0
38.907772064209,0
36.9959526062012,0
34.1066665649414,0
30.6825408935547,0
27.5527839660645,0
26.0934429168701,0
26.8186664581299,0
27.8243103027344,0
26.45751953125,0
22.7552394866943,0
19.3440055847168,0
17.6423950195312,0
16.2799549102783,0
13.7633581161499,0
10.3430509567261,0
6.43324089050293,0
1.75680267810822,0
-2.71552634239197,0
-4.74829435348511,0
-4.65831851959229,0
-6.49221897125244,0
-12.7995014190674,0
-20.4198322296143,0
-24.4684238433838,0
-24.7541351318359,0
-24.9296875,0
-26.6818599700928,0
-28.603645324707,0
-30.12672996521,0
-32.346118927002,0
-34.5669822692871,0
-34.0954132080078,0
-30.7926826477051,0
-28.2969913482666,0
-28.6900653839111,0
-28.8046321868896,0
-24.3353595733643,0
-15.6202707290649,0
-6.79419851303101,0
-0.598433554172516,0
3.38485074043274,0
6.18064546585083,0
7.88002347946167,0
8.93471908569336,0
10.9475746154785,0
15.2347898483276,0
21.4308300018311,0
28.0278644561768,0
33.8901824951172,0
39.0279006958008,0
43.9948310852051,0
48.4402656555176,0
50.499683380127,0
48.5060119628906,0
43.5345001220703,0
39.1645584106445,0
38.0412673950195,0
39.5817909240723,0
41.7544555664062,0
43.9074745178223,0
46.5880889892578,0
49.597225189209,0
52.047176361084,0
54.0701484680176,0
56.778995513916,0
60.3493461608887,0
63.500186920166,0
65.1666412353516,0
65.4514389038086,0
64.5119171142578,0
61.7931098937988,0
57.2840881347656,0
52.7019157409668,0
50.2710304260254,0
50.4947929382324,0
52.0076713562012,0
53.661994934082,0
55.8640327453613,0
59.3141212463379,0
63.0578689575195,0
64.8818283081055,0
63.8653182983398,0
61.6495399475098,0
60.4837837219238,0
60.5958824157715,0
60.45556640625,0
59.3666496276855,0
58.5905952453613,0
59.5430107116699,0
61.6988754272461,0
62.8185882568359,0
60.9474983215332,0
56.1519165039062,0
50.8334121704102,0
48.3689079284668,0
50.7133026123047,0
56.9864501953125,0
64.6177673339844,0
71.5507278442383,0
76.7219314575195,0
79.1170196533203,0
78.1033096313477,0
74.9786911010742,0
72.5781631469727,0
72.4366760253906,0
73.3403396606445,0
73.3984909057617,0
72.4344253540039,0
71.2682647705078,0
69.5560989379883,0
65.8991165161133,0
60.0781936645508,0
53.9457054138184,0
49.486328125,0
46.5113372802734,0
43.0500831604004,0
38.1910743713379,0
33.8007698059082,0
32.4720726013184,0
34.0102615356445,0
35.4151763916016,0
34.7615280151367,0
33.3924598693848,0
33.2255744934082,0
33.8558235168457,0
34.3771438598633,0
36.3031959533691,0
41.5187339782715,0
48.1738777160645,0
52.2686767578125,0
53.4557189941406,0
55.5033416748047,0
60.0016288757324,0
63.4279289245605,0
62.5507164001465,0
59.375057220459,0
57.7456321716309,0
57.7278327941895,0
57.0929794311523,0
56.6448402404785,0
59.6830825805664,0
66.2748413085938,0
72.0330581665039,0
73.7004241943359,0
72.9044494628906,0
72.7796630859375,0
73.3256301879883,0
72.3904800415039,0
69.8484420776367,0
68.2596435546875,0
69.4709243774414,0
72.5130996704102,0
75.4738922119141,0
78.1013412475586,0
81.4390029907227,0
85.4772796630859,0
88.505744934082,0
89.1520080566406,0
88.2143783569336,0
87.8381805419922,0
89.4447250366211,0
93.230354309082,0
99.1120300292969,0
106.783729553223,0
114.710876464844,0
120.348129272461,0
121.988876342773,0
119.75471496582,0
114.683433532715,0
108.009719848633,0
101.645729064941,0
97.8101654052734,0
97.1495742797852,0
98.2816314697266,0
99.9423522949219,0
102.057571411133,0
103.533988952637,0
101.021591186523,0
92.4777069091797,0
81.0921630859375,0
72.9152755737305,0
70.4687805175781,0
70.7677536010742,0
69.6478500366211,0
65.9019546508789,0
61.0090293884277,0
57.0642166137695,0
55.5656967163086,0
56.3273811340332,0
57.0382308959961,0
55.5566673278809,0
52.7241477966309,0
50.9095191955566,0
50.0694541931152,0
48.2590065002441,0
46.1468811035156,0
46.9965133666992,0
50.7886657714844,0
52.6224632263184,0
49.7225875854492,0
46.1937408447266,0
46.8945808410645,0
49.7051620483398,0
48.8934669494629,0
44.344310760498,0
41.7892189025879,0
43.9427871704102,0
46.8269691467285,0
46.3811111450195,0
44.1949424743652,0
44.104549407959,0
46.3670921325684,0
48.3327178955078,0
49.0515937805176,0
50.1815376281738,0
52.8396072387695,0
55.812328338623,0
57.1068344116211,0
56.039306640625,0
53.6177711486816,0
51.5594139099121,0
50.9412879943848,0
51.3012466430664,0
50.9622802734375,0
48.4723815917969,0
43.9626274108887,0
39.4011459350586,0
37.5061645507812,0
39.6883316040039,0
44.5420341491699,0
48.9516258239746,0
51.2545356750488,0
52.5967559814453,0
54.5767936706543,0
56.8309173583984,0
58.2992706298828,0
59.5688018798828,0
61.6841011047363,0
63.3407249450684,0
62.1095237731934,0
58.6260986328125,0
56.545280456543,0
57.2273139953613,0
57.3350028991699,0
53.7046890258789,0
48.1579360961914,0
44.6726875305176,0
43.5798873901367,0
42.1413955688477,0
40.0849227905273,0
40.3876152038574,0
43.810977935791,0
46.625919342041,0
45.9370155334473,0
44.127857208252,0
44.966381072998,0
47.5518493652344,0
47.857852935791,0
45.0485992431641,0
42.0658187866211,0
40.0018577575684,0
36.3417930603027,0
30.2755241394043,0
25.7790184020996,0
26.539134979248,0
30.5311584472656,0
33.0137214660645,0
33.27490234375,0
34.7976913452148,0
39.2101440429688,0
43.462589263916,0
43.6124000549316,0
38.9243202209473,0
31.4313201904297,0
23.4496097564697,0
16.4869899749756,0
11.0293607711792,0
6.32772159576416,0
1.38606095314026,0
-3.12357425689697,0
-4.86302852630615,0
-2.40132403373718,0
2.96235775947571,0
8.43128776550293,0
12.0784730911255,0
13.685206413269,0
14.0376348495483,0
13.8193769454956,0
12.7007570266724,0
9.59346580505371,0
4.6341233253479,0
0.536832213401794,0
0.251583576202393,0
2.94441223144531,0
4.19354772567749,0
1.192058801651,0
-3.94252109527588,0
-7.46377038955688,0
-8.91863822937012,0
-10.5496606826782,0
-12.9130964279175,0
-14.1195611953735,0
-13.6176881790161,0
-13.7729244232178,0
-16.2794208526611,0
-19.1891059875488,0
-19.4793605804443,0
-17.1394081115723,0
-14.5202102661133,0
-12.5653228759766,0
-10.2711143493652,0
-7.78355884552002,0
-7.34712171554565,0
-10.2383489608765,0
-14.7910375595093,0
-18.6991958618164,0
-21.5790920257568,0
-23.7843170166016,0
-24.3037662506104,0
-22.0028266906738,0
-18.1086540222168,0
-15.1890592575073,0
-13.8075532913208,0
-12.1935291290283,0
-9.3814115524292,0
-6.76192617416382,0
-5.94179248809814,0
-6.62141609191895,0
-7.35375261306763,0
-7.28035354614258,0
-6.53086948394775,0
-5.86267757415771,0
-6.23000049591064,0
-7.69590091705322,0
-8.78422737121582,0
-8.42276382446289,0
-8.4907054901123,0
-12.1061172485352,0
-18.6943435668945,0
-23.5076007843018,0
-23.8274707794189,0
-23.0703735351562,0
-25.8955345153809,0
-31.1911792755127,0
-33.6840934753418,0
-31.6821727752686,0
-28.9535961151123,0
-28.2930297851562,0
-27.3214836120605,0
-22.7515430450439,0
-15.6631059646606,0
-9.61016178131104,0
-5.42814493179321,0
-1.03418290615082,0
4.50273132324219,0
9.53676319122314,0
12.2642183303833,0
12.2262115478516,0
9.58750057220459,0
5.34603548049927,0
2.33188414573669,0
3.2836446762085,0
7.08406400680542,0
9.33438014984131,0
7.93570947647095,0
5.84729146957397,0
6.60247468948364,0
9.28662967681885,0
10.5441875457764,0
10.0472831726074,0
10.7513904571533,0
14.0962944030762,0
18.1005039215088,0
20.7720031738281,0
22.6946334838867,0
25.0990390777588,0
27.5861434936523,0
29.2528114318848,0
30.4030284881592,0
31.5793056488037,0
32.1822891235352,0
31.592845916748,0
30.631311416626,0
30.4215087890625,0
30.7640819549561,0
31.203125,0
32.7688941955566,0
36.6639976501465,0
41.5940132141113,0
44.4335479736328,0
43.8408737182617,0
41.7386512756348,0
40.8593788146973,0
41.9555320739746,0
43.647518157959,0
43.951789855957,0
41.7573089599609,0
37.8109893798828,0
34.4428100585938,0
33.3677062988281,0
33.6660270690918,0
33.0037078857422,0
30.9191722869873,0
29.4909286499023,0
30.2403125762939,0
31.8295974731445,0
31.9829502105713,0
30.7142162322998,0
30.1411552429199,0
31.3687362670898,0
33.0617446899414,0
33.5576210021973,0
33.2085227966309,0
33.5504875183105,0
34.7181015014648,0
35.1703948974609,0
34.290111541748,0
33.7874717712402,0
35.3537979125977,0
37.9584846496582,0
39.2003364562988,0
38.7852668762207,0
38.4609642028809,0
38.4342994689941,0
36.4773178100586,0
31.6606712341309,0
26.4808197021484,0
23.3467388153076,0
20.9989147186279,0
16.9236660003662,0
11.7223262786865,0
7.99070978164673,0
5.78235387802124,0
2.6912534236908,0
-1.61762094497681,0
-4.58619832992554,0
-5.2704119682312,0
-6.17868375778198,0
-8.97995853424072,0
-11.5161237716675,0
-11.4240827560425,0
-10.0658931732178,0
-9.93454360961914,0
-10.3116884231567,0
-9.07736015319824,0
-7.47586584091187,0
-8.99944972991943,0
-13.7000579833984,0
-17.5399131774902,0
-18.1129207611084,0
-17.4412708282471,0
-17.8230133056641,0
-18.3027076721191,0
-17.2621803283691,0
-15.5927114486694,0
-14.7837352752686,0
-14.1819353103638,0
-12.8161859512329,0
-11.9545373916626,0
-12.9739103317261,0
-14.4308261871338,0
-14.4261245727539,0
-14.4232358932495,0
-17.1454906463623,0
-21.6646480560303,0
-24.4287052154541,0
-24.7358436584473,0
-25.2548160552979,0
-27.1752796173096,0
-29.0420665740967,0
-30.8980178833008,0
-35.1120109558105,0
-41.6220207214355,0
-46.4269523620605,0
-46.833797454834,0
-44.7295913696289,0
-42.746753692627,0
-40.8290481567383,0
-38.8295059204102,0
-38.6660690307617,0
-40.9174537658691,0
-42.7855758666992,0
-42.7294387817383,0
-43.6115837097168,0
-47.3675117492676,0
-50.1023559570312,0
-47.5001029968262,0
-42.2591247558594,0
-40.2724494934082,0
-41.2420806884766,0
-39.5514755249023,0
-33.8570098876953,0
-28.9995956420898,0
-27.4622478485107,0
-25.5335731506348,0
-20.445837020874,0
-15.6133480072021,0
-15.1686096191406,0
-17.7046737670898,0
-19.4199829101562,0
-20.0460376739502,0
-21.4579906463623,0
-22.997652053833,0
-22.6403961181641,0
-21.2981262207031,0
-21.6618728637695,0
-23.3411846160889,0
-22.9756278991699,0
-19.1420974731445,0
-13.7503423690796,0
-8.35007476806641,0
-2.47424793243408,0
3.41527771949768,0
6.46435976028442,0
4.74900436401367,0
0.0730147510766983,0
-4.26269388198853,0
-7.03476285934448,0
-8.92764568328857,0
-10.2032833099365,0
-10.5430717468262,0
-10.5955266952515,0
-11.7715549468994,0
-14.3736772537231,0
-17.1780681610107,0
-18.9660511016846,0
-19.4267101287842,0
-18.5629100799561,0
-16.4941062927246,0
-14.2231092453003,0
-13.3191738128662,0
-13.9269752502441,0
-13.985125541687,0
-11.6442642211914,0
-7.99979877471924,0
-5.94267463684082,0
-6.14432573318481,0
-5.75797271728516,0
-2.11792659759521,0
3.44117736816406,0
7.17593765258789,0
7.99035835266113,0
8.84485530853271,0
12.3809547424316,0
16.9442825317383,0
18.7037200927734,0
16.8116588592529,0
14.3674840927124,0
14.2929973602295,0
16.2843227386475,0
18.5122852325439,0
20.5024242401123,0
22.9159126281738,0
25.60986328125,0
27.5608177185059,0
28.3525104522705,0
28.5061626434326,0
28.5622138977051,0
28.8109874725342,0
29.5270690917969,0
30.330322265625,0
29.7057838439941,0
26.5968780517578,0
22.4252967834473,0
20.0369396209717,0
20.3387279510498,0
21.3338756561279,0
20.9733581542969,0
19.6161556243896,0
18.7750778198242,0
18.4560508728027,0
16.9696960449219,0
13.115104675293,0
7.71875810623169,0
2.94222259521484,0
0.314309477806091,0
-0.659860849380493,0
-1.92999267578125,0
-4.68390560150146,0
-7.96101331710815,0
-10.055212020874,0
-10.8786020278931,0
-11.7833156585693,0
-13.1241025924683,0
-13.4433012008667,0
-11.5484666824341,0
-8.16562747955322,0
-4.80629634857178,0
-1.90168130397797,0
1.25802910327911,0
5.36430835723877,0
10.1883096694946,0
14.1721782684326,0
15.1964387893677,0
13.2070178985596,0
11.8258152008057,0
14.9404315948486,0
21.1998443603516,0
24.8487529754639,0
23.5190773010254,0
21.960807800293,0
25.1231307983398,0
30.3303241729736,0
30.7184047698975,0
25.0840721130371,0
19.3365077972412,0
17.9177532196045,0
18.6205463409424,0
17.5911998748779,0
15.2645483016968,0
14.4179096221924,0
