8.89720630645752,0
8.41135883331299,0
8.98028373718262,0
9.64500522613525,0
7.345139503479,0
1.10189688205719,0
-5.36485767364502,0
-7.90531969070435,0
-7.28048324584961,0
-7.38446807861328,0
-9.46284103393555,0
-11.4554929733276,0
-12.3419818878174,0
-13.3219890594482,0
-14.3689413070679,0
-13.3051166534424,0
-9.67105007171631,0
-6.59220743179321,0
-6.93826389312744,0
-9.67651557922363,0
-11.848406791687,0
-12.560170173645,0
-13.0668840408325,0
-13.8826084136963,0
-13.7906274795532,0
-11.7288188934326,0
-8.48093795776367,0
-6.16310024261475,0
-6.32291173934937,0
-8.6040506362915,0
-11.4128284454346,0
-13.9952564239502,0
-17.1917686462402,0
-21.5657405853271,0
-25.7876300811768,0
-28.2197551727295,0
-29.353536605835,0
-30.9100971221924,0
-32.9527969360352,0
-33.8916702270508,0
-33.2105522155762,0
-31.9606876373291,0
-30.2543869018555,0
-26.551794052124,0
-20.261739730835,0
-13.1083984375,0
-6.93309831619263,0
-1.81591272354126,0
2.69624972343445,0
6.25457048416138,0
8.84654235839844,0
11.7901582717896,0
16.2058219909668,0
21.5248565673828,0
26.5759792327881,0
31.0668525695801,0
34.9952812194824,0
37.7997703552246,0
39.286994934082,0
40.3812561035156,0
41.814811706543,0
43.0567741394043,0
43.6405563354492,0
44.466136932373,0
46.4529418945312,0
48.8090324401855,0
50.059326171875,0
50.1352310180664,0
50.1355361938477,0
50.5714111328125,0
51.02783203125,0
50.9702072143555,0
49.7432594299316,0
46.4831581115723,0
41.3655586242676,0
36.3294944763184,0
33.1131553649902,0
31.007884979248,0
27.9938449859619,0
23.7043609619141,0
19.6976547241211,0
17.0245666503906,0
15.2276458740234,0
13.8217477798462,0
13.0304946899414,0
12.5471086502075,0
11.0724534988403,0
7.95988893508911,0
4.32989025115967,0
1.72512233257294,0
0.347856491804123,0
-0.632017314434052,0
-1.53632938861847,0
-1.72279369831085,0
-0.537195324897766,0
1.79984569549561,0
4.34028720855713,0
6.24479484558105,0
7.34946298599243,0
7.85104417800903,0
7.60998344421387,0
6.21106147766113,0
3.76796936988831,0
1.03831195831299,0
-1.57098698616028,0
-4.4688081741333,0
-7.93266487121582,0
-11.4415874481201,0
-14.5576848983765,0
-17.6743125915527,0
-21.0825271606445,0
-24.1029815673828,0
-26.1135406494141,0
-27.538761138916,0
-28.5605297088623,0
-27.8414287567139,0
-24.3812236785889,0
-19.9962787628174,0
-17.6891441345215,0
-17.6009902954102,0
-16.8699626922607,0
-13.8838357925415,0
-10.4099702835083,0
-8.77058601379395,0
-9.16930294036865,0
-10.9847660064697,0
-14.4977874755859,0
-19.5515193939209,0
-24.243465423584,0
-26.9879856109619,0
-28.581916809082,0
-30.2276439666748,0
-30.8326396942139,0
-28.7742881774902,0
-25.4268035888672,0
-23.9582233428955,0
-24.6910438537598,0
-24.5719318389893,0
-21.8636493682861,0
-18.6821594238281,0
-17.6846199035645,0
-18.5548114776611,0
-19.4261589050293,0
-19.9441184997559,0
-20.9411888122559,0
-22.3780040740967,0
-23.7223358154297,0
-25.5733489990234,0
-28.7530612945557,0
-32.1070671081543,0
-33.3721351623535,0
-32.4940643310547,0
-32.161319732666,0
-34.277156829834,0
-37.3541488647461,0
-38.3839492797852,0
-36.245044708252,0
-32.1925010681152,0
-27.7061595916748,0
-23.1159362792969,0
-18.2370014190674,0
-13.3073863983154,0
-8.90766143798828,0
-5.42093133926392,0
-2.88841390609741,0
-1.18144834041595,0
-0.0904792472720146,0
0.622608602046967,0
1.0004791021347,0
0.701570451259613,0
-0.71450275182724,0
-3.15194869041443,0
-5.83983898162842,0
-8.11719226837158,0
-10.2212038040161,0
-12.9320783615112,0
-16.5184898376465,0
-20.420768737793,0
-23.8166828155518,0
-25.9500274658203,0
-26.1503067016602,0
-24.5175666809082,0
-22.647310256958,0
-22.446195602417,0
-23.6849613189697,0
-23.8382663726807,0
-21.1746616363525,0
-17.0759239196777,0
-14.3681297302246,0
-14.1965789794922,0
-15.5289297103882,0
-16.813196182251,0
-16.835973739624,0
-14.7643270492554,0
-10.9853572845459,0
-7.56276893615723,0
-6.39243412017822,0
-7.15176439285278,0
-8.36427211761475,0
-9.89430332183838,0
-12.5632352828979,0
-15.6472177505493,0
-16.9892425537109,0
-15.8735599517822,0
-13.71129322052,0
-11.3606109619141,0
-7.91674280166626,0
-3.14162302017212,0
0.918562352657318,0
2.25734734535217,0
1.45303130149841,0
0.45880451798439,0
0.0170208569616079,0
-0.313037782907486,0
-0.62631219625473,0
-0.743874430656433,0
-1.03673326969147,0
-1.6715612411499,0
-1.69335043430328,0
-0.4037005007267,0
0.875957906246185,0
0.0569198429584503,0
-3.00498676300049,0
-6.68467950820923,0
-10.2605457305908,0
-14.4727945327759,0
-19.0715579986572,0
-21.790584564209,0
-21.0380516052246,0
-18.5301361083984,0
-17.8689670562744,0
-20.723316192627,0
-25.2419281005859,0
-28.1988162994385,0
-28.2132225036621,0
-26.8514022827148,0
-26.8492221832275,0
-29.4062805175781,0
-33.3741836547852,0
-37.0620460510254,0
-40.1716651916504,0
-43.3515281677246,0
-46.4953155517578,0
-48.7022705078125,0
-49.7270317077637,0
-50.048698425293,0
-49.3548469543457,0
-46.6179161071777,0
-42.3903350830078,0
-39.3562202453613,0
-39.2209243774414,0
-40.313304901123,0
-39.9711837768555,0
-38.3313522338867,0
-37.6861343383789,0
-38.676139831543,0
-39.6366844177246,0
-39.8572616577148,0
-40.8137817382812,0
-43.1375923156738,0
-44.7631683349609,0
-43.8483238220215,0
-41.6984519958496,0
-40.6372680664062,0
-40.2949714660645,0
-38.4602508544922,0
-34.8310394287109,0
-31.2240619659424,0
-28.1917896270752,0
-24.2215709686279,0
-18.9576606750488,0
-14.697642326355,0
-13.366153717041,0
-13.9317426681519,0
-14.32288646698,0
-14.2997741699219,0
-14.742546081543,0
-15.463095664978,0
-15.7515306472778,0
-16.217077255249,0
-17.9434394836426,0
-20.2356662750244,0
-21.3708400726318,0
-21.5718288421631,0
-23.0028285980225,0
-26.2414360046387,0
-28.8475151062012,0
-28.6550483703613,0
-26.8845653533936,0
-26.3762607574463,0
-27.7673397064209,0
-29.281665802002,0
-29.9571628570557,0
-31.154842376709,0
-34.3237342834473,0
-38.6499176025391,0
-41.9394111633301,0
-43.1949005126953,0
-43.3761901855469,0
-43.8467597961426,0
-44.9286270141602,0
-46.0981941223145,0
-46.8971633911133,0
-47.192512512207,0
-46.8134155273438,0
-45.3553199768066,0
-42.4026069641113,0
-37.8620872497559,0
-32.1360931396484,0
-25.9977493286133,0
-20.168773651123,0
-14.9593477249146,0
-10.3571472167969,0
-6.27735185623169,0
-2.41508460044861,0
1.96255159378052,0
7.46333122253418,0
13.6963500976562,0
19.5061283111572,0
24.2211532592773,0
28.043478012085,0
31.0926418304443,0
33.1128196716309,0
34.7455596923828,0
38.0026741027832,0
44.2015800476074,0
51.9492874145508,0
58.5185012817383,0
63.1247100830078,0
67.6402282714844,0
73.9643859863281,0
81.8073883056641,0
89.417594909668,0
95.6021118164062,0
100.543853759766,0
105.174903869629,0
110.127326965332,0
115.023773193359,0
118.713836669922,0
120.428909301758,0
120.477935791016,0
119.4619140625,0
117.281158447266,0
113.546211242676,0
108.445869445801,0
102.375205993652,0
95.2660064697266,0
87.3322372436523,0
79.8415451049805,0
73.7031555175781,0
67.7861480712891,0
60.4533805847168,0
52.5409774780273,0
46.6213455200195,0
43.020378112793,0
39.0117492675781,0
33.0398941040039,0
27.4344730377197,0
25.0158557891846,0
24.6683330535889,0
22.7279109954834,0
18.0719108581543,0
13.4334535598755,0
11.5389862060547,0
11.987998008728,0
12.7108373641968,0
12.9827032089233,0
13.703971862793,0
15.3339939117432,0
16.8582401275635,0
17.0643100738525,0
16.1024513244629,0
15.204047203064,0
15.1380081176758,0
15.6555147171021,0
16.5139904022217,0
18.1554660797119,0
20.7655048370361,0
23.3711109161377,0
24.8092174530029,0
25.1656131744385,0
25.2931575775146,0
25.3931159973145,0
25.4019737243652,0
26.4581871032715,0
30.1671619415283,0
36.0228729248047,0
41.2001075744629,0
43.6709442138672,0
44.1816902160645,0
44.3561553955078,0
44.2980537414551,0
43.3066139221191,0
41.7780799865723,0
40.8077507019043,0
40.5037803649902,0
40.1390190124512,0
39.6872177124023,0
39.9681053161621,0
41.4114608764648,0
43.7242202758789,0
46.6155014038086,0
49.7977523803711,0
52.3830528259277,0
53.460807800293,0
53.5167999267578,0
54.2932357788086,0
56.7700996398926,0
59.9523773193359,0
62.1769828796387,0
63.2337417602539,0
64.6845092773438,0
68.1581420898438,0
73.6635284423828,0
79.6860122680664,0
84.7569427490234,0
88.6309432983398,0
91.9018478393555,0
95.026741027832,0
98.3184280395508,0
102.541381835938,0
108.531387329102,0
116.096809387207,0
124.182220458984,0
132.348098754883,0
141.062515258789,0
150.050888061523,0
157.586059570312,0
162.578475952148,0
166.560028076172,0
172.018661499023,0
178.818252563477,0
183.671295166016,0
183.632965087891,0
179.164535522461,0
173.175216674805,0
167.821334838867,0
163.064712524414,0
157.876922607422,0
151.706832885742,0
144.573684692383,0
136.731658935547,0
129.027587890625,0
123.04899597168,0
119.869232177734,0
118.641937255859,0
117.354248046875,0
115.14225769043,0
112.925323486328,0
111.494285583496,0
110.201103210449,0
108.237930297852,0
105.901786804199,0
103.377403259277,0
99.5105743408203,0
93.6305160522461,0
87.7385025024414,0
84.5413284301758,0
83.5012283325195,0
81.3634948730469,0
77.0350723266602,0
73.3059005737305,0
72.5290145874023,0
73.1014709472656,0
72.3308181762695,0
70.8749084472656,0
71.5415878295898,0
74.642951965332,0
77.5784912109375,0
79.0641021728516,0
80.8523864746094,0
84.3028793334961,0
87.796012878418,0
89.3811264038086,0
90.2140731811523,0
92.9935684204102,0
97.7747955322266,0
101.788124084473,0
103.524436950684,0
104.776809692383,0
107.746429443359,0
111.786476135254,0
114.294548034668,0
113.822937011719,0
111.116119384766,0
107.830627441406,0
105.400062561035,0
104.550933837891,0
104.711654663086,0
104.283897399902,0
102.542335510254,0
100.743064880371,0
100.232048034668,0
100.191841125488,0
98.837287902832,0
96.2907180786133,0
94.3535232543945,0
93.5975189208984,0
92.6647186279297,0
90.5292587280273,0
87.457389831543,0
83.5611877441406,0
78.6301498413086,0
73.8307876586914,0
71.1253356933594,0
70.1202087402344,0
67.9604644775391,0
63.6430625915527,0
59.9833450317383,0
59.5593070983887,0
61.0715599060059,0
62.0413780212402,0
63.1251945495605,0
67.0058822631836,0
74.4228515625,0
84.1049346923828,0
95.4903030395508,0
108.391143798828,0
120.518913269043,0
128.555709838867,0
131.899444580078,0
132.695404052734,0
131.993942260742,0
128.691802978516,0
122.873374938965,0
117.364646911621,0
114.592834472656,0
113.94645690918,0
113.517051696777,0
112.609672546387,0
111.175743103027,0
108.535377502441,0
104.497314453125,0
100.636871337891,0
98.6201553344727,0
97.6987686157227,0
95.3056335449219,0
90.0441818237305,0
83.1608123779297,0
77.1510314941406,0
73.5070724487305,0
71.6706085205078,0
69.7971343994141,0
66.6666717529297,0
62.801441192627,0
59.3065414428711,0
56.0501289367676,0
52.1227836608887,0
47.8999786376953,0
45.0384063720703,0
44.0787239074707,0
43.6214485168457,0
42.4410781860352,0
40.8078079223633,0
39.013256072998,0
36.453727722168,0
33.3717422485352,0
31.6823635101318,0
32.3865623474121,0
33.6889839172363,0
33.6022262573242,0
33.0892066955566,0
34.4190673828125,0
37.4813385009766,0
40.2371292114258,0
42.1330413818359,0
44.3152885437012,0
46.6395606994629,0
47.3488960266113,0
46.1984748840332,0
45.2282485961914,0
45.4839477539062,0
45.3671607971191,0
43.5240135192871,0
41.180103302002,0
39.9089202880859,0
38.9748992919922,0
37.0814552307129,0
35.424976348877,0
36.4339179992676,0
39.9202499389648,0
42.9748992919922,0
43.9956398010254,0
44.6559524536133,0
46.9921569824219,0
50.3085136413574,0
52.4496650695801,0
53.1172103881836,0
54.2116546630859,0
57.04345703125,0
60.6229629516602,0
63.0285263061523,0
63.3683624267578,0
61.8217086791992,0
58.717041015625,0
54.6872482299805,0
51.3987884521484,0
50.8753509521484,0
53.6318435668945,0
58.0874824523926,0
62.1971015930176,0
65.1464385986328,0
67.1111679077148,0
68.1914520263672,0
68.6859436035156,0
70.1441650390625,0
74.6807098388672,0
82.4811630249023,0
90.7679748535156,0
96.1395416259766,0
97.5863800048828,0
96.5331344604492,0
94.5577239990234,0
92.3366546630859,0
90.5085601806641,0
89.7667541503906,0
89.5241317749023,0
88.0215759277344,0
84.7189102172852,0
81.2849044799805,0
79.136474609375,0
77.422966003418,0
75.0138702392578,0
73.0785827636719,0
73.4157180786133,0
75.1638488769531,0
75.9313659667969,0
75.8366012573242,0
77.3119049072266,0
80.5275497436523,0
82.3295135498047,0
81.0416259765625,0
79.2615203857422,0
79.8036499023438,0
81.4365310668945,0
81.2350997924805,0
79.0759201049805,0
76.7499237060547,0
74.0883255004883,0
69.3659362792969,0
62.9154586791992,0
57.0497665405273,0
52.4643745422363,0
47.8203964233398,0
43.1259574890137,0
40.3226127624512,0
39.7177886962891,0
38.9856376647949,0
37.1271781921387,0
36.4547309875488,0
38.5366249084473,0
40.753002166748,0
39.7438697814941,0
36.5468482971191,0
35.1074028015137,0
36.5248985290527,0
38.0418739318848,0
37.7847175598145,0
37.3920249938965,0
38.934455871582,0
41.6602096557617,0
43.3327903747559,0
43.2246589660645,0
42.2723731994629,0
41.3051490783691,0
40.5513725280762,0
40.3161239624023,0
40.9212608337402,0
42.1547927856445,0
43.4807319641113,0
44.5184288024902,0
44.9581527709961,0
44.691291809082,0
44.4885711669922,0
45.5743789672852,0
47.7274589538574,0
48.8534774780273,0
47.6529922485352,0
45.7789764404297,0
45.7157707214355,0
47.1686668395996,0
47.6450386047363,0
46.5742340087891,0
46.4566764831543,0
48.9194717407227,0
51.658031463623,0
51.2698211669922,0
48.2012557983398,0
46.689510345459,0
49.5576438903809,0
54.8062477111816,0
58.3933067321777,0
59.3977203369141,0
60.9535179138184,0
66.0816040039062,0
73.9642028808594,0
81.1718978881836,0
85.7034606933594,0
88.4361801147461,0
90.7226715087891,0
92.1032485961914,0
91.1402816772461,0
87.5304870605469,0
82.4897994995117,0
77.6768646240234,0
74.5050582885742,0
73.7408752441406,0
74.578971862793,0
74.4949951171875,0
71.3535232543945,0
65.8822021484375,0
61.2025756835938,0
59.670955657959,0
60.7085723876953,0
61.7686920166016,0
60.9050102233887,0
58.3440361022949,0
55.9221725463867,0
55.0127906799316,0
54.9963645935059,0
54.2137489318848,0
52.4086647033691,0
51.2116394042969,0
51.8560943603516,0
53.7682037353516,0
56.2448539733887,0
59.9358978271484,0
65.1091918945312,0
69.8593597412109,0
72.1962738037109,0
72.9531173706055,0
74.2104949951172,0
75.5553970336914,0
74.791145324707,0
72.1649627685547,0
70.582275390625,0
70.8836212158203,0
70.0802764892578,0
65.7923278808594,0
59.6865692138672,0
54.4856719970703,0
49.8628959655762,0
43.7626304626465,0
36.1269187927246,0
28.6850357055664,0
22.0767803192139,0
15.6989765167236,0
9.78383731842041,0
5.22840452194214,0
1.65074253082275,0
-2.12172269821167,0
-5.69780111312866,0
-7.49605751037598,0
-7.75518655776978,0
-9.07037830352783,0
-13.2380132675171,0
-19.2652225494385,0
-25.2709121704102,0
-30.8023509979248,0
-36.232593536377,0
-41.0598678588867,0
-44.0608139038086,0
-44.6809539794922,0
-43.5440406799316,0
-41.8782539367676,0
-40.6525001525879,0
-39.6926765441895,0
-37.5432357788086,0
-33.001091003418,0
-26.8807182312012,0
-21.2733764648438,0
-16.9440879821777,0
-12.6890048980713,0
-7.46901750564575,0
-1.54377949237823,0
5.19525766372681,0
14.2018547058105,0
26.0899658203125,0
38.7165412902832,0
49.1782531738281,0
57.0483283996582,0
64.0882034301758,0
71.3080978393555,0
77.9621200561523,0
83.193229675293,0
87.0140075683594,0
89.5083160400391,0
90.403938293457,0
89.6789093017578,0
87.4652709960938,0
83.0966949462891,0
75.2731018066406,0
63.5797309875488,0
49.2308235168457,0
34.2101821899414,0
20.2831020355225,0
8.72299194335938,0
0.0660548061132431,0
-6.19226980209351,0
-11.224250793457,0
-16.092191696167,0
-21.4152164459229,0
-27.2195644378662,0
-32.6762542724609,0
-36.7962226867676,0
-40.1416282653809,0
-44.8813133239746,0
-51.9856147766113,0
-59.3381271362305,0
-64.2313613891602,0
-66.9199142456055,0
-69.6945114135742,0
-73.0067367553711,0
-75.0410537719727,0
-75.2454071044922,0
-75.6101455688477,0
-77.5071868896484,0
-79.5753021240234,0
-80.1784439086914,0
-80.1189498901367,0
-81.1845779418945,0
-83.2980194091797,0
-84.8522186279297,0
-85.0436401367188,0
-84.3571319580078,0
-83.4406280517578,0
-82.9355926513672,0
-83.751594543457,0
-85.9559173583984,0
-87.8842849731445,0
-87.9839553833008,0
-87.2300109863281,0
-87.9662246704102,0
-90.4132995605469,0
-92.2346572875977,0
-91.8856048583984,0
-90.3428192138672,0
-88.6096878051758,0
-85.5952682495117,0
-80.3026962280273,0
-74.599479675293,0
-71.2707824707031,0
-69.8738250732422,0
-67.2646713256836,0
-62.5714149475098,0
-58.8659400939941,0
-58.5660018920898,0
-59.6250839233398,0
-58.5256996154785,0
-55.2728805541992,0
-52.560848236084,0
-51.025749206543,0
-48.6886329650879,0
-45.0392227172852,0
-42.120735168457,0
-40.5847702026367,0
-38.0188179016113,0
-33.0199012756348,0
-27.9218883514404,0
-24.9113292694092,0
-22.025484085083,0
-16.3358421325684,0
-9.20677280426025,0
-4.49410200119019,0
-2.55940294265747,0
-0.274504452943802,0
3.21377468109131,0
5.13723707199097,0
4.35594367980957,0
3.70531058311462,0
5.28043746948242,0
7.11544227600098,0
7.04427337646484,0
6.57319498062134,0
7.68735504150391,0
8.39913558959961,0
5.38834476470947,0
-0.307672113180161,0
-4.15547037124634,0
-4.37798690795898,0
-3.94325017929077,0
-5.97297954559326,0
-10.0360260009766,0
-13.7880210876465,0
-16.0520458221436,0
-17.3000221252441,0
-18.607852935791,0
-20.8411293029785,0
-23.7550773620605,0
-25.6842079162598,0
-25.3529396057129,0
-24.0038604736328,0
-24.2595252990723,0
-26.7878112792969,0
-29.7008209228516,0
-31.4945640563965,0
-32.8515357971191,0
-34.9431304931641,0
-37.5706367492676,0
-39.9599571228027,0
-42.216423034668,0
-44.9239540100098,0
-47.9331130981445,0
-50.3122863769531,0
-51.219669342041,0
-50.6369400024414,0
-49.6214370727539,0
-49.5504684448242,0
-50.3393287658691,0
-49.9247360229492,0
-46.8502578735352,0
-42.908748626709,0
-41.2762985229492,0
-42.0429954528809,0
-41.9493103027344,0
-39.1840362548828,0
-35.8846092224121,0
-34.3867416381836,0
-33.3921394348145,0
-30.3320026397705,0
-25.941650390625,0
-23.4932079315186,0
-24.0271625518799,0
-25.2610683441162,0
-25.469087600708,0
-25.7368202209473,0
-27.3698387145996,0
-29.2342510223389,0
-29.1478328704834,0
-26.5264282226562,0
-22.3696479797363,0
-17.8503952026367,0
-14.2596988677979,0
-13.1721315383911,0
-14.9150876998901,0
-17.500997543335,0
-18.7211837768555,0
-18.8715896606445,0
-19.806282043457,0
-21.7759399414062,0
-23.252986907959,0
-23.8321838378906,0
-24.9382934570312,0
-26.9687557220459,0
-28.0041885375977,0
-26.7400932312012,0
-24.8336009979248,0
-24.468282699585,0
-24.8984661102295,0
-23.5270843505859,0
-19.6951599121094,0
-15.2758016586304,0
-11.702075958252,0
-8.34570980072021,0
-4.01194906234741,0
1.60092306137085,0
8.1836051940918,0
15.0183191299438,0
20.5386638641357,0
23.178689956665,0
23.2624797821045,0
22.8195457458496,0
22.9661922454834,0
22.6956558227539,0
20.8822288513184,0
18.1358242034912,0
15.6628360748291,0
13.4219427108765,0
10.6993494033813,0
7.74260807037354,0
5.40201902389526,0
3.50642514228821,0
1.01119601726532,0
-2.14722990989685,0
-4.53905057907104,0
-4.97617292404175,0
-3.88348913192749,0
-2.45670795440674,0
-1.18521547317505,0
0.11609610170126,0
1.35190081596375,0
2.16168427467346,0
2.75078010559082,0
3.73915672302246,0
5.00919675827026,0
5.70567321777344,0
5.88297414779663,0
7.11737155914307,0
10.5431156158447,0
15.1724758148193,0
19.4085178375244,0
23.3187694549561,0
27.5731029510498,0
30.8335742950439,0
30.8866729736328,0
28.5623378753662,0
27.5075798034668,0
28.8264141082764,0
28.8422870635986,0
24.4071140289307,0
18.0469284057617,0
14.836856842041,0
15.700587272644,0
17.1224479675293,0
16.7544345855713,0
15.8267545700073,0
15.8042583465576,0
15.8537254333496,0
14.6488723754883,0
12.335765838623,0
9.69624614715576,0
7.28980779647827,0
6.21365451812744,0
7.63572025299072,0
10.4347562789917,0
11.1490774154663,0
7.63506650924683,0
1.33032834529877,0
-5.27433300018311,0
-11.7179126739502,0
-18.5098876953125,0
-24.5802230834961,0
-28.1770095825195,0
-29.7098274230957,0
-31.3669815063477,0
-33.723934173584,0
-34.6788940429688,0
-32.4130172729492,0
-27.9041137695312,0
-23.5690937042236,0
-20.4849853515625,0
-18.0233154296875,0
-15.5160856246948,0
-13.0842275619507,0
-11.11328125,0
-10.0505695343018,0
-10.668719291687,0
-13.32044506073,0
-16.5883541107178,0
-17.7981586456299,0
-15.6786613464355,0
-11.8972206115723,0
-9.27624225616455,0
-8.99337959289551,0
-10.1288194656372,0
-11.3235969543457,0
-12.0134811401367,0
-12.4247179031372,0
-13.2005615234375,0
-14.8676853179932,0
-17.2067604064941,0
-19.599292755127,0
-22.3075408935547,0
-26.3926334381104,0
-31.7014312744141,0
-36.3134956359863,0
-39.2267112731934,0
-42.117618560791,0
-46.5565452575684,0
-50.8465003967285,0
-52.2550964355469,0
-51.5469932556152,0
-52.1957206726074,0
-55.2321319580078,0
-58.1507263183594,0
-59.4394989013672,0
-60.8427925109863,0
-63.8647613525391,0
-67.1786880493164,0
-69.4535064697266,0
-72.0484237670898,0
-76.4905471801758,0
-81.44873046875,0
-84.8652496337891,0
-87.3624267578125,0
-90.6605072021484,0
-93.9124221801758,0
-94.7888793945312,0
-93.6269912719727,0
-93.3399429321289,0
-95.1097030639648,0
-97.1132736206055,0
-98.143684387207,0
-99.7186813354492,0
-103.231460571289,0
-107.153022766113,0
-108.881004333496,0
-108.103477478027,0
-106.615257263184,0
-105.511329650879,0
-104.161079406738,0
-101.790222167969,0
-98.7878723144531,0
-96.2168350219727,0
-94.8048706054688,0
-94.6282958984375,0
-95.2305221557617,0
-95.7844161987305,0
-95.4574890136719,0
-93.8972015380859,0
-91.3614044189453,0
-88.4134674072266,0
-85.6211395263672,0
-83.5143814086914,0
-82.5912094116211,0
-83.126594543457,0
-84.8945236206055,0
-87.1567764282227,0
-89.059700012207,0
-90.0724945068359,0
-90.0078430175781,0
-88.8175659179688,0
-86.7773132324219,0
-84.9041976928711,0
-84.5929641723633,0
-86.3203811645508,0
-88.9444122314453,0
-90.7656402587891,0
-91.1393432617188,0
-90.5928268432617,0
-89.6209716796875,0
-88.2162170410156,0
-86.7250671386719,0
-86.2003479003906,0
-87.0958557128906,0
-88.0314865112305,0
-86.8324737548828,0
-82.9933090209961,0
-78.4231567382812,0
-75.2831268310547,0
-73.5216751098633,0
-71.2465515136719,0
-67.4613876342773,0
-63.6098518371582,0
-61.9361610412598,0
-62.8554763793945,0
-64.7121887207031,0
-65.9721984863281,0
-66.7758102416992,0
-68.0527267456055,0
-69.8432159423828,0
-71.170036315918,0
-71.3663940429688,0
-70.9935150146484,0
-71.3049774169922,0
-72.9068908691406,0
-75.0208358764648,0
-76.3121719360352,0
-76.6638107299805,0
-77.666015625,0
-80.6100921630859,0
-84.3652267456055,0
-86.5350036621094,0
-86.8041000366211,0
-87.5041656494141,0
-90.118293762207,0
-92.9291839599609,0
-93.6466293334961,0
-92.9617080688477,0
-93.2976684570312,0
-94.8171691894531,0
-95.3221435546875,0
-94.2139358520508,0
-93.832389831543,0
-95.8134765625,0
-98.4086761474609,0
-99.102165222168,0
-98.1450119018555,0
-97.3408889770508,0
-96.3929748535156,0
-92.9780883789062,0
-86.4647750854492,0
-79.4125900268555,0
-74.6778259277344,0
-72.5587615966797,0
-71.7002334594727,0
-71.5449295043945,0
-72.4489364624023,0
-73.8572311401367,0
-73.9352416992188,0
-71.567253112793,0
-67.9034576416016,0
-65.1290817260742,0
-63.9173278808594,0
-62.7777366638184,0
-59.926830291748,0
-55.047981262207,0
-48.8506011962891,0
-41.6692199707031,0
-33.4187698364258,0
-24.6236515045166,0
-16.4038467407227,0
-9.2727746963501,0
-2.85333347320557,0
2.94567608833313,0
7.47021770477295,0
10.6030807495117,0
13.4873323440552,0
16.926794052124,0
19.7895336151123,0
20.3997287750244,0
19.2388534545898,0
18.6400890350342,0
19.4733695983887,0
19.7553520202637,0
17.5563125610352,0
13.9731845855713,0
11.6124887466431,0
10.8405227661133,0
9.49936294555664,0
6.36639261245728,0
2.85421538352966,0
0.465933233499527,0
-1.60926759243011,0
-4.82113218307495,0
-8.4849739074707,0
-10.7468633651733,0
-11.8031721115112,0
-13.9786033630371,0
-18.3589344024658,0
-23.2875843048096,0
-26.9095764160156,0
-29.5050182342529,0
-32.2056350708008,0
-34.8177909851074,0
-36.4238891601562,0
-37.2873268127441,0
-38.5933532714844,0
-40.6451263427734,0
-42.6715888977051,0
-44.2946891784668,0
-45.950756072998,0
-47.8085136413574,0
-49.4092636108398,0
-50.5953674316406,0
-51.738410949707,0
-52.6380729675293,0
-52.1559524536133,0
-49.6404266357422,0
-46.062442779541,0
-42.9267234802246,0
-40.4314651489258,0
-37.5956192016602,0
-34.0937194824219,0
-30.8953151702881,0
-28.6595935821533,0
-26.4763488769531,0
-23.21018409729,0
-19.4937038421631,0
-16.9318218231201,0
-15.3787279129028,0
-12.7501373291016,0
-8.19727516174316,0
-3.71079993247986,0
-1.25396323204041,0
0.0437223613262177,0
1.83044266700745,0
3.13095593452454,0
1.93941712379456,0
-0.433925867080688,0
-0.0994646996259689,0
3.93896079063416,0
8.61434364318848,0
12.2838258743286,0
17.5655841827393,0
26.1417179107666,0
34.070987701416,0
36.1367263793945,0
32.8513221740723,0
29.0134048461914,0
26.4683628082275,0
22.7791423797607,0
16.9648342132568,0
11.9207429885864,0
9.85092067718506,0
9.18071269989014,0
7.96725130081177,0
7.16550302505493,0
8.13006401062012,0
9.52840423583984,0
9.54352760314941,0
9.23394107818604,0
10.7380628585815,0
13.3285369873047,0
14.1827402114868,0
12.5543622970581,0
10.4911270141602,0
9.45169353485107,0
8.66201019287109,0
7.28858327865601,0
6.21570444107056,0
6.77799558639526,0
8.94258594512939,0
11.3954782485962,0
12.6552629470825,0
11.8776454925537,0
9.314528465271,0
6.03856372833252,0
2.62991046905518,0
-1.42175781726837,0
-6.14709138870239,0
-9.79352569580078,0
-10.7835988998413,0
-10.4907140731812,0
-11.9092588424683,0
-15.4504442214966,0
-18.3249988555908,0
-18.7293472290039,0
-18.3271503448486,0
-19.2888107299805,0
-20.9568252563477,0
-21.3861904144287,0
-20.7002696990967,0
-20.6395797729492,0
-21.5424900054932,0
-22.0180702209473,0
-21.4945049285889,0
-21.2180805206299,0
-22.5634860992432,0
-25.8243103027344,0
-30.7094802856445,0
-36.5034523010254,0
-41.5675086975098,0
-44.2719917297363,0
-44.9280586242676,0
-45.4946784973145,0
-46.9067077636719,0
-48.0039749145508,0
-47.6595077514648,0
-46.5503044128418,0
-45.8667602539062,0
-45.4121627807617,0
-44.1303977966309,0
-41.7514305114746,0
-38.8395919799805,0
-35.7719879150391,0
-32.6615257263184,0
-29.9033088684082,0
-27.9502067565918,0
-26.8063201904297,0
-26.2692394256592,0
-26.2058525085449,0
-26.1983070373535,0
-25.7684936523438,0
-25.5332431793213,0
-26.97633934021,0
-30.0239410400391,0
-32.0141525268555,0
-30.6333351135254,0
-27.0463027954102,0
-24.3979911804199,0
-23.931661605835,0
-24.6532974243164,0
-26.3217010498047,0
-30.072338104248,0
-35.6627540588379,0
-40.717903137207,0
-43.9156265258789,0
-46.8012886047363,0
-50.8932571411133,0
-54.7727470397949,0
-56.0162391662598,0
-54.8249626159668,0
-53.6266670227051,0
-53.6602172851562,0
-53.9445495605469,0
-53.4943237304688,0
-52.7363662719727,0
-52.4395446777344,0
-52.7161026000977,0
-53.6303863525391,0
-55.6966171264648,0
-59.0429229736328,0
-62.669979095459,0
-65.2134094238281,0
-66.3770751953125,0
-67.2874069213867,0
-69.1757888793945,0
-71.5927047729492,0
-72.396858215332,0
-70.274169921875,0
-66.8540573120117,0
-64.8236770629883,0
-63.9383392333984,0
-61.1629333496094,0
-55.7827186584473,0
-51.8167533874512,0
-52.9392509460449,0
-56.8794097900391,0
-58.1148376464844,0
-55.1488265991211,0
-51.4309425354004,0
-49.1391372680664,0
-46.0726470947266,0
-39.9382209777832,0
-32.1455688476562,0
-25.2303829193115,0
-19.3243770599365,0
-13.6338682174683,0
-9.07395553588867,0
-6.5627384185791,0
-4.39113187789917,0
-0.337654918432236,0
4.63211631774902,0
7.7099723815918,0
8.59563255310059,0
9.50121974945068,0
11.0245361328125,0
11.0340957641602,0
8.10751438140869,0
3.49377179145813,0
-0.984001874923706,0
-4.66229629516602,0
-7.06476926803589,0
-7.69884872436523,0
-7.9099268913269,0
-10.5853147506714,0
-16.4374256134033,0
-22.4617691040039,0
-25.7200126647949,0
-26.9173755645752,0
-28.397554397583,0
-30.2967891693115,0
-31.1287975311279,0
-31.0483779907227,0
-31.7395458221436,0
-33.4040031433105,0
-34.6084480285645,0
-35.4390068054199,0
-38.1829986572266,0
-43.7890892028809,0
-49.7406234741211,0
-52.9971351623535,0
-53.6058807373047,0
-53.7419357299805,0
-54.2691917419434,0
-54.2923049926758,0
-53.7501525878906,0
-54.3050804138184,0
-57.0364151000977,0
-60.761646270752,0
-63.5856170654297,0
-65.0604629516602,0
-65.7325286865234,0
-65.4025192260742,0
-63.377368927002,0
-60.2856559753418,0
-58.0736541748047,0
-57.6725921630859,0
-57.797191619873,0
-56.7032699584961,0
-54.1067886352539,0
-50.5250587463379,0
-45.8184661865234,0
-39.8614196777344,0
-34.1009368896484,0
-30.7061252593994,0
-29.9619235992432,0
-29.8415813446045,0
-28.5381908416748,0
-26.3139457702637,0
-24.445104598999,0
-23.3960075378418,0
-22.5828952789307,0
-21.1044921875,0
-18.2672176361084,0
-14.1836395263672,0
-10.1025772094727,0
-7.12668180465698,0
-4.40106868743896,0
-0.0281565599143505,0
5.71265172958374,0
9.90829277038574,0
10.9961671829224,0
11.3868017196655,0
14.0726833343506,0
17.9345550537109,0
19.0668754577637,0
16.3013229370117,0
12.5549230575562,0
10.2095403671265,0
7.82378005981445,0
2.85208773612976,0
-4.36166763305664,0
-11.3019857406616,0
-16.9491882324219,0
-22.6603908538818,0
-29.4837512969971,0
-36.2421073913574,0
-40.8427200317383,0
-42.6353073120117,0
-42.9389381408691,0
-43.552848815918,0
-44.9262351989746,0
-45.5942535400391,0
-43.5969429016113,0
-38.9553718566895,0
-34.5781898498535,0
-33.8907089233398,0
-37.3635292053223,0
-42.1558570861816,0
-45.4813499450684,0
-47.3202133178711,0
-49.1192970275879,0
-51.0580635070801,0
-52.2564506530762,0
-53.0123901367188,0
-54.5281372070312,0
-56.1136131286621,0
-55.0957298278809,0
-50.8832740783691,0
-47.1427955627441,0
-47.7755737304688,0
-51.8610343933105,0
-54.8830451965332,0
-54.3466148376465,0
-51.7319641113281,0
-49.0586242675781,0
-46.3427124023438,0
-43.3727188110352,0
-41.574161529541,0
-42.2886695861816,0
-44.512451171875,0
-46.0607414245605,0
-46.3041572570801,0
-46.305793762207,0
-46.6100387573242,0
-46.2512435913086,0
-44.1208839416504,0
-40.4817276000977,0
-36.7990837097168,0
-34.3258323669434,0
-32.9177322387695,0
-31.2167835235596,0
-28.1638469696045,0
-24.2386169433594,0
-20.8172550201416,0
-18.4534473419189,0
-16.535306930542,0
-14.784481048584,0
-14.2572574615479,0
-16.2309799194336,0
-20.3951473236084,0
-24.6347122192383,0
-26.7247180938721,0
-26.3485641479492,0
-25.5512771606445,0
-26.8884773254395,0
-30.8658447265625,0
-35.6970634460449,0
-39.9460296630859,0
-44.4225578308105,0
-50.3626747131348,0
-56.6276588439941,0
-60.6022605895996,0
-61.7829475402832,0
-62.5738220214844,0
-65.0935363769531,0
-68.9346008300781,0
-72.8090209960938,0
-76.6622467041016,0
-80.7948379516602,0
-84.0685729980469,0
-84.5896072387695,0
-81.8173446655273,0
-76.9554595947266,0
-71.5567016601562,0
-66.5063095092773,0
-61.9985694885254,0
-57.798225402832,0
-53.8001708984375,0
-50.7011528015137,0
-49.4679565429688,0
-49.6606559753418,0
-49.1704597473145,0
-46.4479598999023,0
-42.258129119873,0
-38.3778839111328,0
-35.3892631530762,0
-32.8851013183594,0
-31.0876979827881,0
-30.7473583221436,0
-31.7167072296143,0
-33.0572738647461,0
-34.5717926025391,0
-37.0249900817871,0
-40.789192199707,0
-45.3334350585938,0
-50.0164566040039,0
-54.2943115234375,0
-57.2853889465332,0
-58.4687423706055,0
-58.8159027099609,0
-59.777774810791,0
-61.0722045898438,0
-61.1715049743652,0
-60.2374076843262,0
-60.4630699157715,0
-62.6178131103516,0
-64.407112121582,0
-63.8175163269043,0
-62.1557083129883,0
-61.6111526489258,0
-61.3631439208984,0
-58.907356262207,0
-54.4720993041992,0
-51.0366516113281,0
-49.8091926574707,0
-48.5713958740234,0
-45.3368148803711,0
-41.0637626647949,0
-37.349723815918,0
-33.6360473632812,0
-28.6343898773193,0
-23.00124168396,0
-18.4496784210205,0
-15.0259237289429,0
-11.2972097396851,0
-6.93531322479248,0
-3.32561087608337,0
-1.58003652095795,0
-1.42812097072601,0
-2.2160382270813,0
-3.65451598167419,0
-5.28935241699219,0
-6.4423942565918,0
-7.10674428939819,0
-7.8865065574646,0
-8.63551425933838,0
-8.14761066436768,0
-5.65977573394775,0
-1.60879492759705,0
3.71429347991943,0
11.0363922119141,0
20.5150184631348,0
30.3300380706787,0
38.4839057922363,0
45.4341239929199,0
53.0122146606445,0
60.7517318725586,0
65.4651565551758,0
65.3249664306641,0
62.5229721069336,0
60.4937286376953,0
59.954345703125,0
59.392520904541,0
58.1739082336426,0
56.7373313903809,0
54.2662887573242,0
49.0491752624512,0
41.7993049621582,0
36.1003799438477,0
34.0505218505859,0
33.2468032836914,0
29.9405269622803,0
24.0015602111816,0
18.6436557769775,0
15.7507104873657,0
13.8235015869141,0
11.1026391983032,0
8.74531364440918,0
9.33308124542236,0
13.0905179977417,0
17.3983211517334,0
20.2683620452881,0
22.7111721038818,0
26.5541286468506,0
31.0023517608643,0
33.2597312927246,0
32.4396858215332,0
30.7157154083252,0
29.7397212982178,0
27.9573860168457,0
23.3245334625244,0
17.289701461792,0
13.5966739654541,0
13.5029811859131,0
14.4855813980103,0
13.8320999145508,0
11.4439125061035,0
8.71053123474121,0
6.69523048400879,0
6.28169012069702,0
8.29726028442383,0
12.2388906478882,0
16.0599365234375,0
18.2517490386963,0
19.1693325042725,0
19.5441989898682,0
18.901927947998,0
16.5409660339355,0
13.1512594223022,0
10.3063201904297,0
8.85846138000488,0
8.60860633850098,0
9.00301647186279,0
9.55343341827393,0
10.2255687713623,0
11.9070663452148,0
15.665207862854,0
21.0655708312988,0
26.2888336181641,0
30.5253429412842,0
34.933479309082,0
40.2210884094238,0
44.6921310424805,0
46.3524894714355,0
46.0014801025391,0
46.2766380310059,0
48.0412902832031,0
49.7234230041504,0
50.244457244873,0
50.4350128173828,0
50.7737617492676,0
49.6978149414062,0
45.8498268127441,0
40.9200248718262,0
38.2163009643555,0
38.4911880493164,0
39.0757865905762,0
37.8405723571777,0
36.3486518859863,0
37.4567451477051,0
40.6669578552246,0
42.1063117980957,0
39.5291366577148,0
35.361156463623,0
33.4330520629883,0
34.0004272460938,0
33.8487358093262,0
30.8425350189209,0
26.453254699707,0
23.4980373382568,0
22.9515247344971,0
23.7600479125977,0
24.7223682403564,0
25.5046215057373,0
26.1548748016357,0
26.4612674713135,0
26.111967086792,0
25.5131530761719,0
26.2552280426025,0
30.0228519439697,0
36.450023651123,0
42.6685905456543,0
45.9462280273438,0
46.4064788818359,0
46.1773834228516,0
46.4521789550781,0
46.929801940918,0
47.7616310119629,0
49.7908744812012,0
52.2306671142578,0
52.1400909423828,0
47.583984375,0
40.0834426879883,0
32.7389945983887,0
27.0139560699463,0
22.5620651245117,0
19.0890808105469,0
16.7346076965332,0
15.1349029541016,0
13.5233573913574,0
11.5244760513306,0
8.93215465545654,0
5.34904670715332,0
1.11552059650421,0
-2.26498579978943,0
-4.06505441665649,0
-5.85421657562256,0
-9.23145771026611,0
-12.7107458114624,0
-13.2729825973511,0
-10.9602279663086,0
-9.230788230896,0
-9.95425701141357,0
-10.6091794967651,0
-8.04476451873779,0
-2.94457793235779,0
1.67759740352631,0
5.09204435348511,0
9.34990215301514,0
15.4387645721436,0
21.3412246704102,0
24.6339645385742,0
25.4659042358398,0
25.9559516906738,0
27.3988018035889,0
28.9250469207764,0
28.6962985992432,0
25.8530445098877,0
21.1564483642578,0
15.9244956970215,0
10.7468767166138,0
5.62793493270874,0
1.05666625499725,0
-2.05524635314941,0
-3.72332286834717,0
-5.13685369491577,0
-6.97569751739502,0
-8.47319507598877,0
-8.95896530151367,0
-9.26846885681152,0
-10.3746528625488,0
-11.4963483810425,0
-11.1921358108521,0
-9.85562515258789,0
-9.32756519317627,0
-10.0640106201172,0
-10.4768972396851,0
-9.48057842254639,0
-8.09905815124512,0
-7.82630586624146,0
-8.638840675354,0
-9.45250129699707,0
-9.62612056732178,0
-9.25931930541992,0
-8.6811990737915,0
-8.20559024810791,0
-7.83043670654297,0
-6.94404125213623,0
-5.07278776168823,0
-2.89968538284302,0
-1.25891411304474,0
1.04435777664185,0
6.54990816116333,0
15.3142623901367,0
23.5671405792236,0
27.9208316802979,0
29.6725788116455,0
32.8643493652344,0
38.8152389526367,0
44.8558044433594,0
48.275146484375,0
49.0762977600098,0
48.304313659668,0
46.0368843078613,0
42.5116539001465,0
39.6440620422363,0
39.5817222595215,0
42.403247833252,0
46.6277885437012,0
51.3955917358398,0
56.7178764343262,0
62.1089515686035,0
66.7819595336914,0
71.1966400146484,0
76.5192794799805,0
81.9822616577148,0
84.6063461303711,0
82.7706985473633,0
78.6655731201172,0
75.627571105957,0
74.066780090332,0
71.9224853515625,0
68.4756393432617,0
65.3289566040039,0
63.504955291748,0
62.0767440795898,0
60.6402206420898,0
60.851432800293,0
63.7096672058105,0
66.9644470214844,0
67.5034637451172,0
65.5130081176758,0
64.0648498535156,0
64.88525390625,0
66.6047744750977,0
67.1902618408203,0
66.1055679321289,0
63.8387565612793,0
61.343692779541,0
60.577220916748,0
63.6346054077148,0
70.2299118041992,0
77.4149322509766,0
82.7564392089844,0
86.5657272338867,0
90.2883834838867,0
94.3047485351562,0
98.3403396606445,0
102.289688110352,0
105.145957946777,0
104.815498352051,0
101.031135559082,0
97.1160354614258,0
96.3991317749023,0
97.5922241210938,0
96.2274169921875,0
90.4519424438477,0
82.9401016235352,0
76.8818511962891,0
72.5168762207031,0
68.4080657958984,0
64.035041809082,0
59.830150604248,0
55.979923248291,0
52.3841247558594,0
49.0339546203613,0
45.7263259887695,0
42.1633987426758,0
38.7684364318848,0
36.4706535339355,0
35.2850952148438,0
34.2093238830566,0
33.0638275146484,0
33.2565269470215,0
35.9211387634277,0
40.2964477539062,0
44.8055648803711,0
48.800651550293,0
52.2569770812988,0
54.6328887939453,0
55.365177154541,0
55.0776519775391,0
54.995418548584,0
55.1569290161133,0
54.2664833068848,0
51.5743560791016,0
48.130199432373,0
45.7475700378418,0
45.0926666259766,0
45.1294097900391,0
44.3503341674805,0
42.3889274597168,0
40.3676834106445,0
39.6428375244141,0
40.3619918823242,0
41.5430030822754,0
42.4823684692383,0
43.541446685791,0
45.3556098937988,0
47.8733215332031,0
50.7162704467773,0
54.0741195678711,0
58.4601097106934,0
63.6446723937988,0
68.6582412719727,0
73.1492538452148,0
78.0067520141602,0
83.9769897460938,0
90.1323013305664,0
94.6426391601562,0
97.0033721923828,0
98.5066146850586,0
100.228614807129,0
101.5966796875,0
101.672325134277,0
100.902519226074,0
100.342979431152,0
99.6370391845703,0
97.2770614624023,0
92.984977722168,0
88.5040893554688,0
85.6133041381836,0
84.4407272338867,0
84.1647415161133,0
84.2187347412109,0
84.1041488647461,0
83.0798187255859,0
81.0298919677734,0
78.9474868774414,0
77.6936416625977,0
76.9421844482422,0
76.2034530639648,0
76.0855026245117,0
77.3267822265625,0
79.1559143066406,0
80.0789489746094,0
80.1495132446289,0
80.9801406860352,0
83.2146377563477,0
85.2990036010742,0
85.4371719360352,0
83.8205413818359,0
82.0178756713867,0
80.6445541381836,0
78.5907669067383,0
74.6354370117188,0
69.2180328369141,0
64.2675857543945,0
61.4124488830566,0
60.5587387084961,0
60.2707138061523,0
59.5025787353516,0
58.894214630127,0
60.2247734069824,0
64.3424224853516,0
69.54296875,0
72.4336776733398,0
71.0596694946289,0
67.0804977416992,0
63.9406204223633,0
62.6502914428711,0
60.5780601501465,0
55.2646713256836,0
48.1931304931641,0
43.1382331848145,0
41.5199584960938,0
41.4749069213867,0
41.3511199951172,0
41.670108795166,0
42.9050369262695,0
43.6269149780273,0
42.4530715942383,0
40.3200149536133,0
39.1384391784668,0
39.2109107971191,0
39.5189781188965,0
39.6935615539551,0
40.1666831970215,0
41.1642036437988,0
43.1494750976562,0
47.4498405456543,0
54.4201164245605,0
61.3322563171387,0
64.2073745727539,0
61.9745750427246,0
57.1537666320801,0
52.3935813903809,0
48.3003463745117,0
44.9786796569824,0
43.2998352050781,0
43.2157440185547,0
42.4732208251953,0
38.8063468933105,0
32.6814384460449,0
26.498498916626,0
21.6172332763672,0
17.4040393829346,0
12.8041315078735,0
7.61815500259399,0
2.33051490783691,0
-2.32866239547729,0
-5.64505243301392,0
-7.47345781326294,0
-8.42801284790039,0
-8.92721176147461,0
-8.44468879699707,0
-6.60746717453003,0
-4.69585227966309,0
-4.80601024627686,0
-7.40361356735229,0
-10.8140382766724,0
-13.3955202102661,0
-15.0935907363892,0
-16.3658504486084,0
-16.7617721557617,0
-15.6050033569336,0
-13.397162437439,0
-11.4194002151489,0
-10.1593227386475,0
-9.00011730194092,0
-7.31059551239014,0
-4.99465703964233,0
-1.96780335903168,0
2.11367177963257,0
7.39236450195312,0
13.5662260055542,0
20.1416721343994,0
26.4433135986328,0
31.4347877502441,0
34.1772804260254,0
34.6068115234375,0
33.4610710144043,0
31.5951194763184,0
29.9482097625732,0
29.7962665557861,0
31.816312789917,0
34.7685546875,0
36.3957557678223,0
36.1920738220215,0
36.1712455749512,0
38.1520919799805,0
41.3083000183105,0
43.3199768066406,0
42.9876747131348,0
40.5989379882812,0
36.6757469177246,0
31.9235668182373,0
27.8203430175781,0
25.4168548583984,0
23.5972328186035,0
20.2597980499268,0
15.455867767334,0
11.6231260299683,0
10.1495590209961,0
9.48485660552979,0
7.77355575561523,0
5.82653093338013,0
5.79651212692261,0
7.79140663146973,0
9.65807628631592,0
9.91559600830078,0
9.2130651473999,0
8.61247825622559,0
7.86445713043213,0
6.09209156036377,0
3.29162240028381,0
0.422046005725861,0
-1.56914353370667,0
-2.43690824508667,0
-2.85286593437195,0
-4.23469686508179,0
-7.74131011962891,0
-12.9263668060303,0
-17.8205947875977,0
-20.8060474395752,0
-22.0172443389893,0
-22.5166072845459,0
-22.6968574523926,0
-22.2190799713135,0
-21.1202259063721,0
-20.0907936096191,0
-19.6855697631836,0
-19.900203704834,0
-20.4896507263184,0
-21.1739463806152,0
-21.6971130371094,0
-22.2966804504395,0
-23.8770084381104,0
-26.9281387329102,0
-30.5031814575195,0
-33.2969551086426,0
-35.6071853637695,0
-38.8530693054199,0
-42.9094200134277,0
-45.5234680175781,0
-45.2467079162598,0
-43.4915084838867,0
-42.2676048278809,0
-40.9786415100098,0
-37.3660545349121,0
-31.2244052886963,0
-25.1597003936768,0
-21.2699375152588,0
-18.6737670898438,0
-15.0819940567017,0
-9.62785243988037,0
-3.23018217086792,0
2.97908115386963,0
8.50466346740723,0
13.1441831588745,0
16.7556934356689,0
19.4199504852295,0
21.2813053131104,0
22.1055564880371,0
21.2597332000732,0
18.2833194732666,0
13.6459503173828,0
9.11803436279297,0
6.97538185119629,0
7.96689367294312,0
10.0080585479736,0
9.88864803314209,0
6.71788263320923,0
2.74734973907471,0
0.220552042126656,0
-1.36666905879974,0
-3.67701005935669,0
-6.3701491355896,0
-7.59199905395508,0
-7.27992057800293,0
-7.60472965240479,0
-9.51121616363525,0
-10.9853887557983,0
-10.0454978942871,0
-7.61523723602295,0
-5.59952545166016,0
-3.58163070678711,0
0.133007988333702,0
4.96616363525391,0
8.33831405639648,0
9.5872163772583,0
10.9349136352539,0
13.7706937789917,0
16.4568748474121,0
17.2303905487061,0
17.1412448883057,0
18.1707801818848,0
20.039400100708,0
21.1133594512939,0
21.4173450469971,0
22.3957481384277,0
24.2336502075195,0
25.7442531585693,0
26.8287830352783,0
28.9135799407959,0
32.7711563110352,0
37.828971862793,0
43.8075332641602,0
50.9739761352539,0
58.3518867492676,0
63.8860816955566,0
67.2906799316406,0
70.6998672485352,0
75.2878723144531,0
79.207145690918,0
80.554817199707,0
80.6821060180664,0
82.3515930175781,0
85.6577301025391,0
88.1341171264648,0
88.4822463989258,0
87.8775253295898,0
87.4227294921875,0
86.4270324707031,0
83.9369888305664,0
80.358642578125,0
76.5956878662109,0
72.6896514892578,0
68.2622451782227,0
63.5505065917969,0
59.1859283447266,0
55.5174751281738,0
52.8355979919434,0
51.7074165344238,0
52.3472557067871,0
54.0603446960449,0
55.9958114624023,0
58.0944290161133,0
60.6108703613281,0
63.0471153259277,0
64.3564300537109,0
64.0246505737305,0
62.2270278930664,0
59.1637153625488,0
55.1601638793945,0
51.296802520752,0
48.7979888916016,0
47.5711898803711,0
46.4128456115723,0
44.9730033874512,0
44.2483978271484,0
44.4231147766113,0
43.5860252380371,0
40.0316581726074,0
35.0517616271973,0
31.8166027069092,0
31.759464263916,0
33.5850601196289,0
35.7155380249023,0
37.9388008117676,0
40.2356338500977,0
41.7132949829102,0
41.747802734375,0
41.0287322998047,0
40.3652038574219,0
39.2612228393555,0
36.7442359924316,0
33.0273551940918,0
29.3177356719971,0
26.3177299499512,0
23.7434329986572,0
20.9892444610596,0
17.546085357666,0
13.2091417312622,0
8.6797513961792,0
5.49501085281372,0
4.40889596939087,0
4.21746587753296,0
3.21988749504089,0
1.52046608924866,0
0.675190210342407,0
1.22382259368896,0
2.01579618453979,0
2.240891456604,0
2.68055200576782,0
4.16853904724121,0
5.91152143478394,0
6.41596508026123,0
5.49013137817383,0
4.30616569519043,0
3.7960512638092,0
4.00010299682617,0
4.94312238693237,0
7.03625249862671,0
10.0554437637329,0
12.446252822876,0
12.5914754867554,0
10.7449321746826,0
8.93675422668457,0
8.68976020812988,0
9.56652069091797,0
10.5918378829956,0
12.3282222747803,0
16.142147064209,0
21.5201377868652,0
25.8103275299072,0
27.3148097991943,0
27.090202331543,0
26.4960346221924,0
24.5304622650146,0
19.7160587310791,0
13.7114858627319,0
10.3476295471191,0
10.9754972457886,0
13.3120222091675,0
15.407753944397,0
17.9244174957275,0
21.1017932891846,0
22.3840522766113,0
19.8308868408203,0
15.9939050674438,0
15.0456981658936,0
16.8795356750488,0
17.5167350769043,0
15.3615436553955,0
13.4683198928833,0
14.5865850448608,0
17.2981700897217,0
19.055606842041,0
20.2570285797119,0
22.4622650146484,0
24.4854907989502,0
23.744909286499,0
20.8913478851318,0
19.7193622589111,0
22.0211391448975,0
25.4280948638916,0
27.4568672180176,0
29.0802631378174,0
32.2516098022461,0
35.6719551086426,0
35.7653045654297,0
31.557258605957,0
26.2269420623779,0
23.2433319091797,0
22.761344909668,0
22.8893222808838,0
23.0290431976318,0
24.0467281341553,0
25.5466384887695,0
25.1335029602051,0
21.3321170806885,0
15.8957786560059,0
11.8103532791138,0
9.70768451690674,0
7.86927366256714,0
5.55790090560913,0
4.35955619812012,0
5.48425531387329,0
7.48932838439941,0
8.27294635772705,0
8.30243396759033,0
9.88983154296875,0
13.4962968826294,0
16.8029689788818,0
18.0357532501221,0
18.4407653808594,0
20.1876316070557,0
23.0324630737305,0
24.76389503479,0
24.4376659393311,0
23.3363723754883,0
22.6015949249268,0
21.7335586547852,0
20.2040920257568,0
18.8998413085938,0
18.5066070556641,0
17.6558837890625,0
14.6781959533691,0
10.7227048873901,0
8.93017196655273,0
10.2591791152954,0
12.2787008285522,0
12.9435567855835,0
13.5167560577393,0
16.1690654754639,0
20.2405452728271,0
23.0106449127197,0
23.500057220459,0
23.4902667999268,0
24.8332977294922,0
27.3791122436523,0
29.8004512786865,0
31.333890914917,0
32.533618927002,0
34.988353729248,0
39.9247169494629,0
46.2727012634277,0
50.8543586730957,0
51.7069892883301,0
50.3944549560547,0
49.489673614502,0
48.823070526123,0
46.5732040405273,0
43.3239631652832,0
41.7967414855957,0
42.1630783081055,0
40.873722076416,0
35.5396957397461,0
28.2904186248779,0
22.4838008880615,0
18.4098377227783,0
14.4724721908569,0
10.7190866470337,0
8.48886203765869,0
7.58401679992676,0
6.35265302658081,0
4.20902252197266,0
2.02825832366943,0
0.337533354759216,0
-1.06322371959686,0
-1.96923112869263,0
-2.00257086753845,0
-1.73310530185699,0
-1.90892934799194,0
-1.84451341629028,0
-0.299125760793686,0
2.26974177360535,0
4.14816617965698,0
4.93497323989868,0
5.7984824180603,0
7.23717594146729,0
8.61993408203125,0
9.99979972839355,0
12.0214939117432,0
13.5623617172241,0
12.0419397354126,0
7.26209497451782,0
2.65886306762695,0
1.09991371631622,0
1.29718244075775,0
0.202750086784363,0
-2.67702746391296,0
-5.5004563331604,0
-7.3840594291687,0
-9.08699417114258,0
-10.986307144165,0
-12.5856313705444,0
-13.861083984375,0
-15.1217489242554,0
-15.5227584838867,0
-13.5997076034546,0
-9.61698532104492,0
-5.84493207931519,0
-4.10325288772583,0
-4.24541282653809,0
-5.21562099456787,0
-6.20473861694336,0
-6.48501491546631,0
-5.58821105957031,0
-4.26301145553589,0
-4.02586030960083,0
-5.04572153091431,0
-5.44145154953003,0
-3.3332085609436,0
1.20452582836151,0
6.6842041015625,0
11.7342128753662,0
15.4888134002686,0
17.4208698272705,0
17.744873046875,0
17.597505569458,0
18.2096195220947,0
20.1004009246826,0
23.1020526885986,0
26.4202785491943,0
28.5604152679443,0
28.3796062469482,0
26.8801193237305,0
26.9719638824463,0
30.5240516662598,0
36.2383346557617,0
41.1417350769043,0
43.5081672668457,0
43.6263465881348,0
42.6051788330078,0
41.5614967346191,0
41.3388862609863,0
41.6849403381348,0
40.951847076416,0
37.8221893310547,0
33.2223320007324,0
29.3833122253418,0
27.0754470825195,0
25.0117225646973,0
22.0849590301514,0
18.8356113433838,0
16.2445106506348,0
14.3203802108765,0
12.6295337677002,0
11.1839618682861,0
9.89869213104248,0
8.08901786804199,0
5.69165468215942,0
4.34882783889771,0
5.8439040184021,0
9.57583999633789,0
12.9346446990967,0
14.4354438781738,0
15.2972774505615,0
17.4093742370605,0
20.8237457275391,0
24.2012233734131,0
27.0690250396729,0
30.4445819854736,0
35.2164993286133,0
40.8109970092773,0
45.8035278320312,0
49.316104888916,0
51.3925514221191,0
52.2867012023926,0
51.8995895385742,0
50.0171127319336,0
46.791675567627,0
42.7645263671875,0
38.5803642272949,0
34.9289016723633,0
32.5434761047363,0
31.684627532959,0
31.5497856140137,0
30.8268051147461,0
29.1552829742432,0
27.4655418395996,0
26.4812469482422,0
25.6017837524414,0
23.8940334320068,0
21.3638114929199,0
18.238977432251,0
13.8207569122314,0
7.58390188217163,0
0.921213865280151,0
-4.09951543807983,0
-7.68853378295898,0
-12.0380449295044,0
-17.7515506744385,0
-22.7568912506104,0
-25.6275787353516,0
-27.7597541809082,0
-30.769889831543,0
-33.738094329834,0
-35.0623817443848,0
-35.4249458312988,0
-36.4244117736816,0
-37.3092918395996,0
-35.8376770019531,0
-32.0759124755859,0
-28.6949367523193,0
-27.2675704956055,0
-26.699914932251,0
-25.9332866668701,0
-25.9055843353271,0
-27.6758499145508,0
-30.3612442016602,0
-32.2877998352051,0
-32.9849548339844,0
-32.8578720092773,0
-31.9446468353271,0
-30.2907123565674,0
-28.8233776092529,0
-28.5434894561768,0
-29.1159400939941,0
-29.2411823272705,0
-28.3290863037109,0
-27.1405181884766,0
-26.8295879364014,0
-27.6933097839355,0
-28.6696434020996,0
-27.9828968048096,0
-24.846923828125,0
-20.6984901428223,0
-17.9851665496826,0
-17.4652709960938,0
-17.6345729827881,0
-17.1353664398193,0
-16.3503608703613,0
-15.7643299102783,0
-14.3194885253906,0
-11.0937356948853,0
-7.48399353027344,0
-5.51191473007202,0
-4.46965503692627,0
-1.70355224609375,0
3.13413906097412,0
7.14732885360718,0
8.33514022827148,0
8.31387424468994,0
9.4318962097168,0
11.1268005371094,0
11.137038230896,0
8.97036075592041,0
5.97415256500244,0
2.77268052101135,0
-1.15310776233673,0
-5.70431280136108,0
-10.1293163299561,0
-14.7555904388428,0
-20.7770919799805,0
-28.0458087921143,0
-34.8355407714844,0
-40.0991592407227,0
-44.1682205200195,0
-46.8084297180176,0
-46.6302185058594,0
-43.4820137023926,0
-39.7843399047852,0
-38.1850624084473,0
-38.9818420410156,0
-40.794303894043,0
-42.4963645935059,0
-43.4406700134277,0
-43.2171859741211,0
-42.643238067627,0
-43.7399406433105,0
-47.0334320068359,0
-49.9463424682617,0
-49.8178291320801,0
-47.7094688415527,0
-47.0039138793945,0
-48.6737594604492,0
-50.3621025085449,0
-50.1588668823242,0
-48.6817474365234,0
-46.7757110595703,0
-43.8013648986816,0
-39.7461471557617,0
-36.8929862976074,0
-37.1851806640625,0
-39.1403541564941,0
-39.5424652099609,0
-37.5112113952637,0
-34.7895584106445,0
-32.3418083190918,0
-28.9483528137207,0
-23.5887012481689,0
-17.3210639953613,0
-11.9525985717773,0
-8.16961193084717,0
-5.71231365203857,0
-4.11460781097412,0
-2.35338664054871,0
1.04641842842102,0
6.25445032119751,0
11.1251640319824,0
13.1305027008057,0
11.9840335845947,0
9.47458744049072,0
7.17935371398926,0
5.40187788009644,0
4.03449440002441,0
3.23855638504028,0
3.19094753265381,0
4.13450860977173,0
6.83400917053223,0
12.1412897109985,0
19.9190330505371,0
29.1391716003418,0
39.2472953796387,0
50.7501983642578,0
64.265510559082,0
79.682258605957,0
96.5264205932617,0
114.499839782715,0
133.24543762207,0
151.960601806641,0
169.470138549805,0
184.380279541016,0
195.256072998047,0
201.310699462891,0
203.013977050781,0
201.387573242188,0
196.691970825195,0
188.61604309082,0
177.711380004883,0
165.355010986328,0
151.877136230469,0
136.092239379883,0
117.535377502441,0
97.8489685058594,0
78.6637725830078,0
59.2595901489258,0
38.1792602539062,0
16.6077098846436,0
-1.90890431404114,0
-15.3141975402832,0
-25.0032787322998,0
-33.6459121704102,0
-42.5595359802246,0
-51.6557502746582,0
-60.4028701782227,0
-67.9442901611328,0
-73.3928146362305,0
-76.8728637695312,0
-79.4487152099609,0
-81.5444259643555,0
-82.569091796875,0
-82.5768508911133,0
-82.6695861816406,0
-82.7196655273438,0
-80.4115829467773,0
-74.2927627563477,0
-66.5124969482422,0
-60.5469779968262,0
-57.2030067443848,0
-55.093822479248,0
-54.1489753723145,0
-55.6229248046875,0
-58.5785369873047,0
-59.5620040893555,0
-56.9790496826172,0
-53.3153038024902,0
-51.505973815918,0
-51.2280082702637,0
-50.5629196166992,0
-49.3672523498535,0
-48.6190223693848,0
-47.7566947937012,0
-45.3086471557617,0
-41.5175971984863,0
-37.752384185791,0
-33.5596809387207,0
-27.0726585388184,0
-18.8335914611816,0
-12.5099945068359,0
-10.374080657959,0
-9.98849773406982,0
-7.16623497009277,0
-1.09412598609924,0
5.16480159759521,0
8.58224391937256,0
8.95495319366455,0
8.02766227722168,0
7.3036322593689,0
7.03100776672363,0
6.46921825408936,0
4.77504205703735,0
1.95297765731812,0
-1.07591688632965,0
-3.56656265258789,0
-5.71780109405518,0
-7.87260437011719,0
-9.4542236328125,0
-9.56429481506348,0
-8.41569519042969,0
-7.1681489944458,0
-6.19439649581909,0
-4.37926578521729,0
-0.494753450155258,0
5.4430251121521,0
12.6757020950317,0
20.9288425445557,0
30.296573638916,0
40.0032806396484,0
48.0690002441406,0
52.6922912597656,0
53.8718528747559,0
53.4839477539062,0
53.8335304260254,0
56.2220115661621,0
60.691951751709,0
66.6287002563477,0
73.2039566040039,0
79.3248672485352,0
83.6308517456055,0
84.9950332641602,0
83.2079696655273,0
79.1006698608398,0
73.7975311279297,0
67.7084274291992,0
60.3626365661621,0
51.420539855957,0
41.646541595459,0
32.339672088623,0
23.6926116943359,0
14.36390209198,0
3.20493030548096,0
-8.98416805267334,0
-20.0694580078125,0
-28.7656059265137,0
-35.5417976379395,0
-41.4151992797852,0
-46.5957908630371,0
-50.5645637512207,0
-52.9227180480957,0
-53.8284530639648,0
-53.9751968383789,0
-54.3979339599609,0
-55.9268951416016,0
-58.5461082458496,0
-61.6087951660156,0
-64.9088439941406,0
-69.077262878418,0
-74.4596328735352,0
-79.9297943115234,0
-83.4268417358398,0
-83.6791000366211,0
-81.0664291381836,0
-76.923095703125,0
-72.4552688598633,0
-68.2962341308594,0
-64.5488052368164,0
-60.966064453125,0
-57.2920227050781,0
-53.5299491882324,0
-49.7044296264648,0
-45.4570198059082,0
-40.3493385314941,0
-34.7263336181641,0
-29.8630275726318,0
-26.9424209594727,0
-26.0925521850586,0
-26.5759296417236,0
-27.5466079711914,0
-28.3019943237305,0
-28.1905975341797,0
-26.9457244873047,0
-25.2029228210449,0
-24.2390880584717,0
-24.8909702301025,0
-26.7905139923096,0
-28.7925491333008,0
-30.1411399841309,0
-31.0685939788818,0
-32.0649566650391,0
-32.6364364624023,0
-31.3129329681396,0
-27.3383636474609,0
-22.0368919372559,0
-17.8132762908936,0
-15.8279476165771,0
-15.3214435577393,0
-15.2375011444092,0
-15.6034421920776,0
-16.8655872344971,0
-18.5602226257324,0
-19.3271141052246,0
-18.0380058288574,0
-14.6167755126953,0
-10.0219841003418,0
-5.55458736419678,0
-1.74695158004761,0
2.19454741477966,0
7.34762763977051,0
13.4603986740112,0
19.1557903289795,0
23.9059867858887,0
28.8102912902832,0
34.8668785095215,0
41.2937164306641,0
46.2480735778809,0
48.6144828796387,0
48.498851776123,0
46.5697135925293,0
43.6015243530273,0
40.2911491394043,0
37.0077056884766,0
33.9419784545898,0
31.5346069335938,0
30.1282367706299,0
29.2122592926025,0
27.9792537689209,0
26.7171096801758,0
26.4363212585449,0
26.9091796875,0
26.5735206604004,0
24.8394832611084,0
22.7778987884521,0
20.7489643096924,0
17.2994995117188,0
11.7566413879395,0
6.02757215499878,0
1.94743764400482,0
-1.49861359596252,0
-5.93851470947266,0
-9.90959453582764,0
-10.3587732315063,0
-7.47007369995117,0
-5.05766010284424,0
-5.68175363540649,0
-7.84736156463623,0
-8.93845558166504,0
-8.81554698944092,0
-9.13875961303711,0
-10.5586433410645,0
-12.0767259597778,0
-12.5195007324219,0
-11.4826803207397,0
-9.07008838653564,0
-5.46959161758423,0
-0.782271087169647,0
4.98460102081299,0
11.6377696990967,0
18.5752258300781,0
25.2424259185791,0
31.7654819488525,0
38.6716842651367,0
46.0583648681641,0
53.5321502685547,0
60.7922706604004,0
67.5988845825195,0
73.2834930419922,0
77.1451568603516,0
79.536003112793,0
81.9386520385742,0
85.7260818481445,0
91.1237106323242,0
97.1785125732422,0
102.192611694336,0
104.559127807617,0
104.24552154541,0
103.498504638672,0
104.938125610352,0
108.539169311523,0
111.522033691406,0
111.885147094727,0
111.10124206543,0
112.272079467773,0
116.189544677734,0
120.513580322266,0
122.844680786133,0
123.418853759766,0
124.314910888672,0
126.969062805176,0
131.360794067383,0
137.163864135742,0
144.585037231445,0
153.803848266602,0
164.230575561523,0
174.741394042969,0
184.416397094727,0
192.854751586914,0
200.013214111328,0
205.915023803711,0
210.313735961914,0
212.571273803711,0
212.224838256836,0
209.849655151367,0
206.928375244141,0
204.469955444336,0
202.046508789062,0
198.651428222656,0
194.28759765625,0
190.072387695312,0
186.699661254883,0
183.453475952148,0
179.238143920898,0
174.204177856445,0
169.507904052734,0
165.25520324707,0
159.560653686523,0
150.564453125,0
138.992874145508,0
127.490394592285,0
117.314582824707,0
107.049774169922,0
95.0965576171875,0
81.8581771850586,0
68.260627746582,0
53.6249809265137,0
37.1047592163086,0
20.4353351593018,0
6.73924207687378,0
-3.55644583702087,0
-13.3814134597778,0
-25.0036296844482,0
-37.3027305603027,0
-47.9299964904785,0
-56.4430656433105,0
-64.1109466552734,0
-71.941276550293,0
-80.0677642822266,0
-87.982795715332,0
-94.3277969360352,0
-97.6270446777344,0
-98.4429931640625,0
-99.7112655639648,0
-103.529502868652,0
-108.480110168457,0
-111.584579467773,0
-112.144012451172,0
-112.023315429688,0
-112.701690673828,0
-113.920639038086,0
-115.185386657715,0
-116.735687255859,0
-118.492294311523,0
-119.453773498535,0
-118.901123046875,0
-117.308731079102,0
-115.526237487793,0
-113.92781829834,0
-112.936477661133,0
-113.489486694336,0
-116.089218139648,0
-119.882301330566,0
-123.480125427246,0
-126.376937866211,0
-128.885192871094,0
-131.077331542969,0
-132.718887329102,0
-134.094512939453,0
-135.892120361328,0
-138.124877929688,0
-140.080764770508,0
-141.593276977539,0
-143.371551513672,0
-145.541519165039,0
-146.835296630859,0
-146.120758056641,0
-144.012847900391,0
-141.903198242188,0
-139.877380371094,0
-136.750244140625,0
-131.931610107422,0
-126.1806640625,0
-120.713203430176,0
-116.632522583008,0
-114.870170593262,0
-115.156585693359,0
-115.083343505859,0
-111.912857055664,0
-105.732780456543,0
-99.2770919799805,0
-94.2510375976562,0
-89.6812133789062,0
-84.5440979003906,0
-79.7299118041992,0
-75.8876724243164,0
-71.4819641113281,0
-65.3271179199219,0
-59.4348487854004,0
-56.4426002502441,0
-55.1485061645508,0
-51.9331436157227,0
-46.5621223449707,0
-42.9888572692871,0
-43.2153358459473,0
-43.6012344360352,0
-39.6609382629395,0
-32.341552734375,0
-26.5561981201172,0
-24.4217891693115,0
-22.9400844573975,0
-18.6088047027588,0
-11.8275756835938,0
-5.63904905319214,0
-1.76553213596344,0
0.628616094589233,0
3.019455909729,0
5.81274271011353,0
8.49990653991699,0
10.4105005264282,0
10.8174533843994,0
8.8307056427002,0
3.87478947639465,0
-3.55713725090027,0
-11.8737459182739,0
-19.4081535339355,0
-25.6224880218506,0
-31.3214797973633,0
-37.7012023925781,0
-45.2621002197266,0
-53.642993927002,0
-62.2943725585938,0
-71.0006790161133,0
-79.645133972168,0
-87.7475051879883,0
-94.6882781982422,0
-100.519775390625,0
-106.136894226074,0
-112.159881591797,0
-117.775100708008,0
-121.258926391602,0
-121.806289672852,0
-120.405647277832,0
-118.741668701172,0
-117.680702209473,0
-116.985778808594,0
-115.882423400879,0
-113.519729614258,0
-109.504783630371,0
-104.535247802734,0
-99.9606475830078,0
-96.2036056518555,0
-92.3630905151367,0
-88.0710372924805,0
-84.6768112182617,0
-83.2567520141602,0
-82.383674621582,0
-79.8407974243164,0
-76.0914001464844,0
-73.6396713256836,0
-72.7601547241211,0
-70.5526809692383,0
-65.2999496459961,0
-59.1618232727051,0
-54.6290168762207,0
-50.5464820861816,0
-44.3845520019531,0
-36.8733062744141,0
-30.9582862854004,0
-26.6936931610107,0
-20.8805656433105,0
-12.3999099731445,0
-4.29329776763916,0
1.27381229400635,0
7.01547765731812,0
16.5565643310547,0
28.4930992126465,0
38.0238838195801,0
43.807731628418,0
49.421573638916,0
57.282112121582,0
64.4917373657227,0
66.7514190673828,0
64.1885299682617,0
60.8115577697754,0
59.3339958190918,0
59.0278091430664,0
58.312686920166,0
56.9669609069824,0
55.1800575256348,0
52.3555564880371,0
48.1040916442871,0
43.4487609863281,0
39.8865776062012,0
37.578498840332,0
35.2402229309082,0
31.7539176940918,0
27.4280910491943,0
23.5766353607178,0
20.9574584960938,0
18.76047706604,0
15.4974880218506,0
11.0078916549683,0
6.86558866500854,0
4.18800020217896,0
1.8587087392807,0
-1.87095201015472,0
-6.62846946716309,0
-10.5296201705933,0
-13.459659576416,0
-17.657413482666,0
-24.3313465118408,0
-31.6746349334717,0
-37.5867156982422,0
-42.6771278381348,0
-48.6381530761719,0
-54.8127250671387,0
-58.8013534545898,0
-60.1803588867188,0
-61.2242698669434,0
-63.5028610229492,0
-65.8919525146484,0
-66.9500045776367,0
-67.44873046875,0
-68.9614715576172,0
-71.1221160888672,0
-72.1730422973633,0
-71.812873840332,0
-71.6781311035156,0
-72.782844543457,0
-73.9968032836914,0
-73.684944152832,0
-71.7117614746094,0
-69.0134506225586,0
-66.0795288085938,0
-62.9148216247559,0
-59.9922370910645,0
-58.0164794921875,0
-56.649284362793,0
-54.4143333435059,0
-50.3153457641602,0
-45.0848388671875,0
-40.4496231079102,0
-37.3837089538574,0
-35.3416023254395,0
-33.0627517700195,0
-29.8868217468262,0
-26.3032360076904,0
-23.4269924163818,0
-22.0916442871094,0
-22.350025177002,0
-23.4994144439697,0
-24.3883533477783,0
-24.0371379852295,0
-22.4100322723389,0
-20.4004917144775,0
-18.5868015289307,0
-16.2417182922363,0
-12.230842590332,0
-6.66135501861572,0
-0.737941682338715,0
4.86983251571655,0
10.3191595077515,0
15.2091093063354,0
18.4759311676025,0
20.3059539794922,0
22.628568649292,0
26.5484447479248,0
30.453441619873,0
32.0027465820312,0
31.0925788879395,0
29.4712562561035,0
28.1918106079102,0
26.950927734375,0
25.3312358856201,0
23.0623397827148,0
19.467903137207,0
14.3933420181274,0
9.49665641784668,0
6.78545570373535,0
5.74204301834106,0
3.73680424690247,0
-0.225834891200066,0
-3.91558742523193,0
-4.85885286331177,0
-3.42548012733459,0
-1.8575541973114,0
-1.44548320770264,0
-2.0182580947876,0
-3.38943314552307,0
-5.67134237289429,0
-8.23101329803467,0
-9.68410873413086,0
-9.42256355285645,0
-8.54716014862061,0
-8.97453880310059,0
-11.8866748809814,0
-16.9353694915771,0
-22.3668823242188,0
-25.9135704040527,0
-26.4014911651611,0
-24.9861373901367,0
-24.2522811889648,0
-25.5106010437012,0
-27.4878787994385,0
-28.4495811462402,0
-29.0232028961182,0
-31.4979400634766,0
-36.3836288452148,0
-41.4645957946777,0
-45.0096549987793,0
-48.1173095703125,0
-52.2984428405762,0
-56.2450828552246,0
-57.5144271850586,0
-56.8779182434082,0
-58.1226844787598,0
-62.9152679443359,0
-68.3874053955078,0
-71.1736679077148,0
-71.7810516357422,0
-73.0310821533203,0
-75.6565933227539,0
-77.8882369995117,0
-78.8972625732422,0
-80.1925354003906,0
-83.0761032104492,0
-86.5282974243164,0
-88.6595916748047,0
-89.1991119384766,0
-89.403694152832,0
-89.9406890869141,0
-89.9331436157227,0
-88.2803115844727,0
-85.2424011230469,0
-82.1757888793945,0
-79.8245468139648,0
-77.3956832885742,0
-73.6158065795898,0
-68.419921875,0
-63.1536865234375,0
-59.181770324707,0
-56.7318267822266,0
-55.0790939331055,0
-53.3117446899414,0
-50.7565116882324,0
-47.2110061645508,0
-43.1337089538574,0
-39.246265411377,0
-35.6043319702148,0
-31.3903427124023,0
-26.0086822509766,0
-20.0708789825439,0
-14.7410221099854,0
-10.1704654693604,0
-5.11911821365356,0
1.64619278907776,0
9.81199073791504,0
17.5368270874023,0
22.8698787689209,0
25.0618839263916,0
24.7351913452148,0
23.1988773345947,0
21.7111930847168,0
20.9625110626221,0
20.7123317718506,0
19.9602012634277,0
18.0355644226074,0
15.7146453857422,0
14.7166376113892,0
15.6800441741943,0
17.1032867431641,0
16.9530773162842,0
15.1311063766479,0
13.6471576690674,0
14.3236036300659,0
17.0228424072266,0
20.4006214141846,0
23.7471122741699,0
27.4050521850586,0
31.5484199523926,0
35.2692375183105,0
37.2647323608398,0
37.2056274414062,0
36.0458488464355,0
34.9896926879883,0
34.5245971679688,0
34.5667381286621,0
34.9827575683594,0
35.3878898620605,0
34.8186569213867,0
32.587833404541,0
29.5714225769043,0
27.6467933654785,0
27.3738613128662,0
27.1690731048584,0
25.5824508666992,0
23.4944610595703,0
22.673734664917,0
22.5587711334229,0
20.2159461975098,0
13.9696016311646,0
5.67772626876831,0
-1.52678108215332,0
-6.79459714889526,0
-11.768575668335,0
-17.9105339050293,0
-24.9671268463135,0
-31.9637393951416,0
-38.4005699157715,0
-44.0493049621582,0
-48.5441093444824,0
-51.9050559997559,0
-55.0054512023926,0
-58.8579254150391,0
-63.5182113647461,0
-68.017448425293,0
-71.2697830200195,0
-72.8635101318359,0
-73.1786956787109,0
-72.9924087524414,0
-72.8322372436523,0
-72.456428527832,0
-70.9669799804688,0
-67.5543441772461,0
-62.2239151000977,0
-55.9907150268555,0
-50.4835357666016,0
-46.9741592407227,0
-45.2461280822754,0
-43.5881156921387,0
-40.5971031188965,0
-36.9700012207031,0
-34.6782188415527,0
-34.2249221801758,0
-33.8097991943359,0
-31.864782333374,0
-29.4008979797363,0
-28.6123676300049,0
-29.6698360443115,0
-30.4370422363281,0
-29.6263389587402,0
-28.8994674682617,0
-30.923002243042,0
-36.0213508605957,0
-41.7737655639648,0
-45.6893424987793,0
-47.2263870239258,0
-47.0413551330566,0
-45.5292320251465,0
-43.1768646240234,0
-41.6200866699219,0
-42.6271553039551,0
-45.6493301391602,0
-47.7960166931152,0
-47.2288665771484,0
-45.6011505126953,0
-45.8227195739746,0
-47.9828567504883,0
-49.0893630981445,0
-46.946102142334,0
-42.8378486633301,0
-39.728687286377,0
-38.769157409668,0
-38.4180793762207,0
-36.5859680175781,0
-32.9603424072266,0
-29.2297744750977,0
-27.2520732879639,0
-27.004020690918,0
-26.4400501251221,0
-23.5329055786133,0
-18.1745758056641,0
-11.7472629547119,0
-5.30363273620605,0
1.09197473526001,0
7.49263143539429,0
13.4272689819336,0
18.1670455932617,0
21.0362415313721,0
21.6344013214111,0
20.448974609375,0
19.0066604614258,0
18.5866394042969,0
19.0253562927246,0
19.6957702636719,0
21.254638671875,0
25.0704441070557,0
31.0400829315186,0
37.4684143066406,0
43.2654304504395,0
48.7507591247559,0
54.0000915527344,0
58.1401596069336,0
61.063175201416,0
64.2596588134766,0
68.8389892578125,0
74.0167541503906,0
78.7942276000977,0
83.9775466918945,0
91.0084915161133,0
99.5261917114258,0
107.624244689941,0
114.190795898438,0
119.695640563965,0
124.944648742676,0
130.446060180664,0
137.106567382812,0
146.321899414062,0
158.763214111328,0
173.410720825195,0
187.858322143555,0
199.385925292969,0
206.240203857422,0
208.616073608398,0
208.222854614258,0
206.327423095703,0
202.539825439453,0
196.142761230469,0
188.033386230469,0
180.091857910156,0
172.599411010742,0
163.472625732422,0
150.555908203125,0
133.952758789062,0
115.723106384277,0
98.0376434326172,0
82.1735458374023,0
68.5627975463867,0
56.7610206604004,0
45.4757308959961,0
33.5952262878418,0
21.531156539917,0
10.8831777572632,0
2.31306505203247,0
-5.663733959198,0
-15.0295257568359,0
-25.7755908966064,0
-36.0235862731934,0
-44.5183372497559,0
-51.7581367492676,0
-58.2838592529297,0
-63.2343864440918,0
-65.7152099609375,0
-66.6697158813477,0
-67.9857330322266,0
-70.2141723632812,0
-72.5480422973633,0
-74.7116394042969,0
-77.2426452636719,0
-79.868537902832,0
-81.3510437011719,0
-81.5362930297852,0
-82.0809020996094,0
-84.2286834716797,0
-86.9953002929688,0
-88.6125869750977,0
-88.9909515380859,0
-89.6720809936523,0
-91.7394485473633,0
-94.6312103271484,0
-96.8170776367188,0
-97.0992813110352,0
-95.5058441162109,0
-93.3037033081055,0
-91.8140411376953,0
-90.9465637207031,0
-89.3340225219727,0
-86.0600509643555,0
-81.5726852416992,0
-76.6955337524414,0
-71.6787185668945,0
-66.6858215332031,0
-62.2065086364746,0
-58.2356872558594,0
-53.9325790405273,0
-48.9910087585449,0
-44.5788230895996,0
-41.9119148254395,0
-40.4955062866211,0
-38.7539901733398,0
-35.8464126586914,0
-31.9022789001465,0
-27.1157569885254,0
-21.7913036346436,0
-16.7914485931396,0
-12.7308464050293,0
-9.19946384429932,0
-6.05361890792847,0
-4.82263803482056,0
-6.95820713043213,0
-10.8167219161987,0
-12.4328165054321,0
-9.82265377044678,0
-4.84329748153687,0
-0.181100100278854,0
3.74790358543396,0
7.89131736755371,0
12.2382831573486,0
16.0581207275391,0
19.5343456268311,0
23.5438098907471,0
28.216983795166,0
33.0333404541016,0
38.0108795166016,0
43.4605331420898,0
48.6557083129883,0
52.0739402770996,0
53.2573394775391,0
53.4578094482422,0
54.0802345275879,0
55.2329139709473,0
56.1511039733887,0
56.3928909301758,0
56.1810417175293,0
55.9923400878906,0
56.1987152099609,0
56.8712463378906,0
57.6875801086426,0
58.2193183898926,0
58.4956665039062,0
59.1782569885254,0
61.0434684753418,0
64.1698608398438,0
67.4350509643555,0
68.9694900512695,0
67.8395080566406,0
65.6245574951172,0
65.4974975585938,0
68.8865432739258,0
73.6279907226562,0
76.4691772460938,0
76.8913040161133,0
77.0443878173828,0
78.166259765625,0
78.9799041748047,0
78.2176208496094,0
77.0249404907227,0
77.6464157104492,0
80.7878189086914,0
85.4690475463867,0
90.6582717895508,0
95.7256546020508,0
99.7391204833984,0
101.649314880371,0
101.242797851562,0
99.0974273681641,0
95.6050033569336,0
90.6602096557617,0
84.2621002197266,0
76.981689453125,0
69.9456481933594,0
64.4459762573242,0
60.8954086303711,0
57.8475799560547,0
53.0278625488281,0
46.079662322998,0
39.3406257629395,0
34.9115219116211,0
31.9585704803467,0
28.3051471710205,0
23.7691879272461,0
19.945369720459,0
17.0510501861572,0
13.2915096282959,0
7.86223745346069,0
2.58256769180298,0
-0.542595088481903,0
-1.93241846561432,0
-3.33160829544067,0
-5.187575340271,0
-6.64342832565308,0
-7.58741235733032,0
-9.01832008361816,0
-11.1189432144165,0
-12.3364553451538,0
-11.2826118469238,0
-8.85865116119385,0
-7.3609471321106,0
-7.5214581489563,0
-7.60314512252808,0
-6.04624605178833,0
-4.00544309616089,0
-3.91477727890015,0
-5.90178537368774,0
-7.29076814651489,0
-6.03155279159546,0
-3.06058382987976,0
-0.42692106962204,0
1.45669639110565,0
3.3608763217926,0
5.26706218719482,0
6.70338249206543,0
8.44845104217529,0
11.9309940338135,0
16.9446811676025,0
21.7375812530518,0
25.6895389556885,0
30.3064155578613,0
36.9973297119141,0
45.298267364502,0
54.1421318054199,0
63.7618980407715,0
75.2878189086914,0
89.0742263793945,0
104.267066955566,0
119.631080627441,0
134.131973266602,0
146.931213378906,0
157.294235229492,0
164.493850708008,0
167.858444213867,0
167.319854736328,0
163.849212646484,0
158.735397338867,0
152.390197753906,0
144.478729248047,0
135.168731689453,0
125.410003662109,0
115.907135009766,0
106.730964660645,0
98.1181716918945,0
90.6563873291016,0
84.294792175293,0
78.0343170166016,0
71.000602722168,0
63.1124420166016,0
54.5659980773926,0
45.698486328125,0
37.5929298400879,0
31.4961795806885,0
26.9957027435303,0
21.9657516479492,0
15.1341485977173,0
7.65331602096558,0
1.3258501291275,0
-3.57231688499451,0
-7.70251893997192,0
-11.1343936920166,0
-13.8584938049316,0
-16.9404067993164,0
-21.4919586181641,0
-26.8559036254883,0
-31.2698497772217,0
-34.1733093261719,0
-36.6414451599121,0
-39.7457313537598,0
-43.6530570983887,0
-48.0306663513184,0
-51.9947700500488,0
-53.9091148376465,0
-52.8379516601562,0
-50.3114891052246,0
-49.1186866760254,0
-50.0594596862793,0
-51.3626251220703,0
-51.5982055664062,0
-51.3255043029785,0
-51.0522956848145,0
-49.5395050048828,0
-45.8576850891113,0
-41.7904586791992,0
-40.0255393981934,0
-40.45751953125,0
-40.3807067871094,0
-38.416446685791,0
-36.2938194274902,0
-36.1501808166504,0
-37.7141914367676,0
-39.1203804016113,0
-39.3015556335449,0
-38.5636177062988,0
-37.8073997497559,0
-38.3063621520996,0
-41.3914642333984,0
-47.0023918151855,0
-53.0227928161621,0
-57.2783241271973,0
-59.7726364135742,0
-61.6973571777344,0
-62.7995529174805,0
-61.5709991455078,0
-58.0305938720703,0
-54.2915725708008,0
-51.6826972961426,0
-49.0524978637695,0
-44.9903869628906,0
-40.2233581542969,0
-36.3484077453613,0
-33.2305946350098,0
-29.2642993927002,0
-23.6264610290527,0
-16.7393417358398,0
-8.85362339019775,0
0.206360831856728,0
9.75669002532959,0
18.0636005401611,0
23.8555278778076,0
27.1830081939697,0
28.7000312805176,0
29.1754474639893,0
29.9540328979492,0
32.563362121582,0
36.8735771179199,0
40.3816223144531,0
40.5333786010742,0
37.8151016235352,0
35.8086547851562,0
37.9653587341309,0
44.7806282043457,0
54.3314590454102,0
64.9139099121094,0
76.17041015625,0
87.5065231323242,0
96.5541305541992,0
100.477096557617,0
98.7313232421875,0
93.471565246582,0
86.9994506835938,0
79.8374557495117,0
71.7461776733398,0
63.3601722717285,0
55.5788040161133,0
48.0049514770508,0
39.3705635070801,0
29.3320007324219,0
18.58544921875,0
7.21330595016479,0
-5.66132211685181,0
-20.0360431671143,0
-34.0027313232422,0
-45.4759292602539,0
-54.3238410949707,0
-61.9704246520996,0
-69.3540267944336,0
-76.129753112793,0
-81.5553359985352,0
-85.1852416992188,0
-86.7730865478516,0
-86.559455871582,0
-85.9368515014648,0
-86.8177795410156,0
-89.658203125,0
-92.7632369995117,0
-94.275146484375,0
-94.3136520385742,0
-94.3152923583984,0
-94.7060699462891,0
-94.3293685913086,0
-92.1337509155273,0
-88.4516143798828,0
-84.4761505126953,0
-81.2363204956055,0
-79.0922164916992,0
-77.4600448608398,0
-75.194465637207,0
-72.2160110473633,0
-70.4041900634766,0
-71.3621215820312,0
-73.5096588134766,0
-73.5446395874023,0
-71.1455459594727,0
-69.6502380371094,0
-70.8751525878906,0
-71.9800720214844,0
-69.7649688720703,0
-65.8117141723633,0
-64.1607971191406,0
-65.2418441772461,0
-65.7424697875977,0
-64.1289367675781,0
-62.5725059509277,0
-62.7204742431641,0
-62.8985061645508,0
-61.0181732177734,0
-57.7039680480957,0
-54.7621726989746,0
-52.4220085144043,0
-49.7723846435547,0
-46.4171752929688,0
-42.1423377990723,0
-36.3503265380859,0
-29.4752635955811,0
-23.7503910064697,0
-20.7914180755615,0
-19.2602043151855,0
-16.5642776489258,0
-12.1133975982666,0
-7.17957210540771,0
-2.14499354362488,0
4.11160802841187,0
12.0147733688354,0
20.0799255371094,0
26.2854232788086,0
29.6438388824463,0
30.273401260376,0
28.9034061431885,0
26.6000118255615,0
24.3215351104736,0
22.4863948822021,0
21.1036472320557,0
19.8666095733643,0
17.7355937957764,0
13.2697839736938,0
6.29267454147339,0
-1.4139358997345,0
-8.05536079406738,0
-13.7681035995483,0
-19.4929943084717,0
-24.7569541931152,0
-28.2378921508789,0
-30.1132736206055,0
-32.1730651855469,0
-35.835319519043,0
-41.6087532043457,0
-49.9923439025879,0
-60.7211112976074,0
-71.2176971435547,0
-78.2406158447266,0
-81.5567321777344,0
-83.7875518798828,0
-86.1931228637695,0
-87.2172393798828,0
-86.1271286010742,0
-85.248161315918,0
-86.8154067993164,0
-90.0100708007812,0
-93.1753540039062,0
-96.7118682861328,0
-101.265960693359,0
-105.084854125977,0
-106.30241394043,0
-106.467468261719,0
-108.436004638672,0
-111.578941345215,0
-112.624389648438,0
-111.029800415039,0
-109.825332641602,0
-110.568908691406,0
-111.046318054199,0
-109.382621765137,0
-107.357032775879,0
-107.57999420166,0
-109.590225219727,0
-110.865966796875,0
-110.156837463379,0
-107.963691711426,0
-105.049606323242,0
-102.246162414551,0
-100.588539123535,0
-99.9430313110352,0
-98.5281982421875,0
-95.4178771972656,0
-92.429573059082,0
-91.7323837280273,0
-92.5948715209961,0
-92.5381851196289,0
-90.9052734375,0
-89.0324401855469,0
-87.3740997314453,0
-84.9010848999023,0
-81.3967208862305,0
-78.0956268310547,0
-75.683219909668,0
-73.5834197998047,0
-71.4880828857422,0
-69.6050186157227,0
-67.1288375854492,0
-62.7344741821289,0
-57.1476554870605,0
-52.7548751831055,0
-49.6271858215332,0
-44.468017578125,0
-35.1863899230957,0
-24.2680053710938,0
-15.5065450668335,0
-9.35766983032227,0
-4.04856443405151,0
0.431272566318512,0
2.7357976436615,0
3.80529117584229,0
6.63973903656006,0
12.0184688568115,0
17.270938873291,0
20.1436424255371,0
21.4462604522705,0
22.6281394958496,0
22.795431137085,0
19.8961296081543,0
13.7039728164673,0
6.01442527770996,0
-1.57629716396332,0
-8.88099098205566,0
-16.4392681121826,0
-24.5655136108398,0
-32.9820137023926,0
-40.8921165466309,0
-47.5736923217773,0
-53.0772285461426,0
-57.9345474243164,0
-62.1861457824707,0
-65.5247344970703,0
-68.4958343505859,0
-72.2269744873047,0
-76.2493743896484,0
-77.9739456176758,0
-75.8259582519531,0
-72.0774002075195,0
-70.7118225097656,0
-72.5640563964844,0
-74.3037719726562,0
-72.5937423706055,0
-67.6778259277344,0
-62.169792175293,0
-57.8620567321777,0
-55.0547752380371,0
-53.8938903808594,0
-54.4636192321777,0
-55.6314430236816,0
-55.2878837585449,0
-52.1542701721191,0
-46.6405296325684,0
-39.9911575317383,0
-33.4866752624512,0
-28.3349628448486,0
-25.1074542999268,0
-23.0640659332275,0
-21.1214084625244,0
-19.6168155670166,0
-19.7825222015381,0
-21.2266330718994,0
-21.6850242614746,0
-20.14235496521,0
-18.5082130432129,0
-18.8289852142334,0
-20.3527374267578,0
-21.1986999511719,0
-21.7032203674316,0
-23.7224426269531,0
-27.1600246429443,0
-29.7158966064453,0
-30.2375984191895,0
-30.0180969238281,0
-30.2108135223389,0
-30.0496273040771,0
-28.5085124969482,0
-25.9011077880859,0
-22.815954208374,0
-19.1428680419922,0
-15.2908344268799,0
-12.7202835083008,0
-11.9077987670898,0
-11.4022235870361,0
-10.5109901428223,0
-11.1408081054688,0
-14.5532941818237,0
-17.6608715057373,0
-15.7869005203247,0
-8.91630935668945,0
-2.05892586708069,0
1.17283606529236,0
2.36894202232361,0
4.50668859481812,0
7.23719024658203,0
8.31148433685303,0
7.78213882446289,0
7.94588661193848,0
9.72822856903076,0
11.4595546722412,0
11.1724500656128,0
8.37285041809082,0
3.67590260505676,0
-1.65922343730927,0
-5.96135711669922,0
-8.6521577835083,0
-11.5530424118042,0
-16.9151344299316,0
-23.9769077301025,0
-29.4569263458252,0
-32.0226402282715,0
-34.1947746276855,0
-38.6922187805176,0
-44.8147811889648,0
-50.1763954162598,0
-54.491512298584,0
-59.2920761108398,0
-64.5233001708984,0
-67.9040069580078,0
-68.1041870117188,0
-66.7095336914062,0
-66.1396026611328,0
-66.8155517578125,0
-67.3921203613281,0
-67.0898284912109,0
-66.7303771972656,0
-67.5288391113281,0
-69.5670394897461,0
-71.7205429077148,0
-72.8673858642578,0
-72.9681625366211,0
-72.965461730957,0
-73.7850494384766,0
-75.5837478637695,0
-77.8105239868164,0
-79.5971832275391,0
-80.0539474487305,0
-78.6887054443359,0
-75.8276748657227,0
-72.2912750244141,0
-68.4694900512695,0
-64.2001037597656,0
-59.8223266601562,0
-56.6279373168945,0
-55.5252342224121,0
-55.6779251098633,0
-55.3364486694336,0
-53.885326385498,0
-52.2840538024902,0
-51.5581855773926,0
-51.755744934082,0
-52.5648422241211,0
-53.9982070922852,0
-55.7899284362793,0
-56.6378021240234,0
-54.8946647644043,0
-50.1320762634277,0
-43.6199798583984,0
-37.0694732666016,0
-31.0692977905273,0
-24.9983310699463,0
-18.5005664825439,0
-12.6324253082275,0
-8.89235305786133,0
-7.02493190765381,0
-4.67148876190186,0
-0.0032725571654737,0
5.84184312820435,0
10.1524848937988,0
12.4342288970947,0
15.4253692626953,0
21.6501216888428,0
29.9733543395996,0
36.5996360778809,0
38.9276885986328,0
37.4091300964355,0
34.0321655273438,0
30.2543773651123,0
26.4977111816406,0
22.4696369171143,0
17.4479694366455,0
11.0263738632202,0
4.09805297851562,0
-1.51983714103699,0
-4.97287750244141,0
-7.39534330368042,0
-10.578314781189,0
-15.0899114608765,0
-20.1680145263672,0
-24.8576927185059,0
-28.5707454681396,0
-31.1232814788818,0
-33.21875,0
-36.554988861084,0
-42.331127166748,0
-49.7057418823242,0
-56.7814292907715,0
-63.0483932495117,0
-69.5438385009766,0
-76.4246368408203,0
-82.0392532348633,0
-85.3087844848633,0
-87.6276931762695,0
-90.9983901977539,0
-95.175895690918,0
-98.1935043334961,0
-99.1961441040039,0
-99.1891174316406,0
-99.1923294067383,0
-99.1539077758789,0
-98.6304931640625,0
-97.0190277099609,0
-93.087287902832,0
-86.0726318359375,0
-77.73095703125,0
-71.4820785522461,0
-68.5223770141602,0
-66.3426742553711,0
-62.410514831543,0
-57.9324493408203,0
-56.1375389099121,0
-57.6455574035645,0
-59.621883392334,0
-59.5023574829102,0
-57.7053451538086,0
-56.1279945373535,0
-55.4627494812012,0
-55.041072845459,0
-54.5018577575684,0
-54.3987159729004,0
-55.105224609375,0
-55.8235321044922,0
-55.1215171813965,0
-52.4481887817383,0
-48.8755111694336,0
-46.024169921875,0
-44.2349853515625,0
-42.2377471923828,0
-38.8552894592285,0
-34.4616622924805,0
-30.1036548614502,0
-25.5862445831299,0
-19.50266456604,0
-11.3537521362305,0
-2.6112208366394,0
5.07057285308838,0
12.064079284668,0
20.1535472869873,0
29.8852844238281,0
39.7289352416992,0
48.2997169494629,0
56.2828979492188,0
65.0354309082031,0
73.9007873535156,0
80.4389724731445,0
83.4509124755859,0
84.3356781005859,0
84.8082580566406,0
84.5477523803711,0
82.2354049682617,0
78.0093460083008,0
73.3947296142578,0
69.0768737792969,0
64.0753326416016,0
57.1324882507324,0
47.8190422058105,0
36.3682479858398,0
23.7793521881104,0
12.2402658462524,0
3.88721418380737,0
-1.56210100650787,0
-6.69225740432739,0
-13.1541185379028,0
-19.8463172912598,0
-25.2980880737305,0
-30.2870407104492,0
-36.2214241027832,0
-42.0168418884277,0
-45.1045265197754,0
-45.3803367614746,0
-45.588695526123,0
-47.2347946166992,0
-48.6219520568848,0
-48.2266502380371,0
-47.7299613952637,0
-49.5564956665039,0
-52.907787322998,0
-54.706714630127,0
-53.7625122070312,0
-51.6028099060059,0
-49.3916206359863,0
-46.367847442627,0
-41.678394317627,0
-35.7659301757812,0
-29.3772735595703,0
-22.8894519805908,0
-17.1633338928223,0
-13.3470277786255,0
-11.0303983688354,0
-8.11971473693848,0
-3.47792148590088,0
1.59091532230377,0
5.31449508666992,0
7.57721185684204,0
9.14971446990967,0
10.1369028091431,0
10.3545980453491,0
10.1406354904175,0
9.62994575500488,0
8.24633407592773,0
6.08720064163208,0
4.78906488418579,0
5.69120121002197,0
7.99860811233521,0
10.067268371582,0
11.6244354248047,0
13.2836513519287,0
14.7734231948853,0
15.4256315231323,0
15.7627582550049,0
16.5657711029053,0
16.6307735443115,0
13.6800289154053,0
7.91107273101807,0
2.66150593757629,0
0.625834405422211,0
0.886927545070648,0
0.80761045217514,0
-0.174181908369064,0
0.188740849494934,0
4.53269290924072,0
13.8854131698608,0
27.8441581726074,0
45.5522880554199,0
65.8834915161133,0
86.978630065918,0
106.321083068848,0
121.919746398926,0
133.510040283203,0
142.006439208984,0
147.512786865234,0
148.785766601562,0
145.526290893555,0
140.248794555664,0
136.11360168457,0
133.057357788086,0
128.01139831543,0
119.451347351074,0
109.785957336426,0
102.067581176758,0
96.0479125976562,0
89.3152389526367,0
81.1770629882812,0
73.1712036132812,0
66.1347732543945,0
59.0581436157227,0
51.1757965087891,0
43.2568016052246,0
36.1466178894043,0
29.6582870483398,0
23.7024040222168,0
18.9068927764893,0
14.9570188522339,0
9.79217720031738,0
2.13795614242554,0
-6.09006071090698,0
-11.7899312973022,0
-14.6912660598755,0
-17.4426517486572,0
-21.5428771972656,0
-25.1464672088623,0
-25.8987808227539,0
-24.507453918457,0
-23.9172019958496,0
-25.4631595611572,0
-27.4162521362305,0
-27.5745372772217,0
-26.0115032196045,0
-24.4650917053223,0
-23.8624515533447,0
-23.6496849060059,0
-23.246654510498,0
-22.6885681152344,0
-21.486307144165,0
-18.4195041656494,0
-13.6581754684448,0
-9.91152667999268,0
-9.58793258666992,0
-11.1688165664673,0
-10.3658123016357,0
-5.1852011680603,0
1.84273850917816,0
6.94103336334229,0
8.84628677368164,0
8.54740428924561,0
7.17768478393555,0
5.64269113540649,0
4.89423322677612,0
4.793288230896,0
3.68562698364258,0
0.873817324638367,0
-1.36720275878906,0
-0.276265382766724,0
3.47495198249817,0
6.66131973266602,0
8.24980735778809,0
10.8498935699463,0
16.7732162475586,0
24.7800102233887,0
31.9801902770996,0
37.4278182983398,0
42.3780288696289,0
47.9223594665527,0
53.7924919128418,0
59.1412506103516,0
63.4367179870605,0
66.6485137939453,0
69.1761627197266,0
71.5423126220703,0
73.8902130126953,0
75.9821548461914,0
77.6714096069336,0
78.7931289672852,0
78.5771331787109,0
76.1113815307617,0
71.7873458862305,0
67.4312438964844,0
64.4450836181641,0
62.5506248474121,0
60.907413482666,0
59.6019630432129,0
59.1858520507812,0
59.4095993041992,0
59.3644523620605,0
58.4282989501953,0
56.2152481079102,0
52.1326522827148,0
46.1410675048828,0
39.6936721801758,0
34.6460075378418,0
31.0311069488525,0
26.8881149291992,0
20.5945320129395,0
12.6200246810913,0
4.74418878555298,0
-1.74024951457977,0
-6.80789613723755,0
-11.3815231323242,0
-16.4640274047852,0
-21.9342555999756,0
-26.1297855377197,0
-27.5451259613037,0
-27.1182403564453,0
-27.6227722167969,0
-30.2790412902832,0
-33.2960815429688,0
-34.6516036987305,0
-34.8780937194824,0
-35.6353721618652,0
-36.8159141540527,0
-37.1627769470215,0
-36.9599571228027,0
-37.5821342468262,0
-38.5015182495117,0
-37.4519691467285,0
-34.2082939147949,0
-31.684886932373,0
-32.0817375183105,0
-34.108757019043,0
-35.4637298583984,0
-35.9731216430664,0
-36.4411315917969,0
-36.3448028564453,0
-35.1045227050781,0
-34.213809967041,0
-35.3635025024414,0
-37.255744934082,0
-37.0165596008301,0
-34.3980102539062,0
-31.9007530212402,0
-30.8031177520752,0
-29.7822093963623,0
-27.7646484375,0
-25.4177398681641,0
-23.0261688232422,0
-19.3949642181396,0
-14.0574855804443,0
-8.53703117370605,0
-4.24519443511963,0
-0.991681933403015,0
1.32681941986084,0
1.65059423446655,0
-0.0434554405510426,0
-1.29366898536682,0
0.140677094459534,0
3.38028860092163,0
6.04662084579468,0
7.68334817886353,0
9.6358003616333,0
12.294527053833,0
14.4803047180176,0
15.4376430511475,0
15.9167137145996,0
17.1884479522705,0
19.8621311187744,0
23.4368534088135,0
26.4128246307373,0
27.5190238952637,0
27.4958763122559,0
28.6643009185791,0
31.850700378418,0
34.9472198486328,0
35.7162666320801,0
34.7403678894043,0
34.0073661804199,0
33.744083404541,0
32.6288871765137,0
30.3390083312988,0
27.7527122497559,0
25.0022201538086,0
21.3444271087646,0
16.8203430175781,0
12.1790075302124,0
7.24288129806519,0
1.24663484096527,0
-5.07973766326904,0
-9.61070442199707,0
-11.3988189697266,0
-11.6140699386597,0
-11.5685214996338,0
-11.2908029556274,0
-10.528844833374,0
-9.79433441162109,0
-9.71695232391357,0
-10.2483739852905,0
-10.9150199890137,0
-11.1134824752808,0
-10.0548267364502,0
-7.33006143569946,0
-3.70283484458923,0
-0.594951152801514,0
1.20639872550964,0
1.69287145137787,0
0.929851174354553,0
-0.810590088367462,0
-2.71969556808472,0
-4.50685024261475,0
-7.3059549331665,0
-12.0625286102295,0
-17.4695377349854,0
-21.2788467407227,0
-23.4169292449951,0
-25.8511352539062,0
-29.4431324005127,0
-33.1169624328613,0
-36.3341598510742,0
-39.9215393066406,0
-43.6731338500977,0
-45.5512237548828,0
-44.6186599731445,0
-42.7731781005859,0
-42.0809020996094,0
-42.1666297912598,0
-41.8287658691406,0
-41.4342346191406,0
-41.6790542602539,0
-41.4806480407715,0
-39.5001678466797,0
-36.7408638000488,0
-35.094539642334,0
-33.9015731811523,0
-30.6598529815674,0
-25.1451854705811,0
-20.1815242767334,0
-17.79225730896,0
-17.077054977417,0
-16.9177761077881,0
-18.4068470001221,0
-22.7473468780518,0
-28.3463306427002,0
-32.1796417236328,0
-33.3908615112305,0
-33.6559524536133,0
-34.2246894836426,0
-34.3808174133301,0
-33.1069183349609,0
-30.7822456359863,0
-28.4574871063232,0
-26.282320022583,0
-23.4456405639648,0
-19.3997631072998,0
-14.6740083694458,0
-10.5189743041992,0
-7.82646512985229,0
-6.27244329452515,0
-4.67707252502441,0
-2.56278610229492,0
-1.14583778381348,0
-2.13162279129028,0
-5.50703144073486,0
-9.26343441009521,0
-11.5880260467529,0
-12.673228263855,0
-13.8805923461914,0
-15.6018419265747,0
-16.5709552764893,0
-15.1769676208496,0
-11.0945405960083,0
-5.67997074127197,0
-0.857059419155121,0
2.62917375564575,0
5.84001970291138,0
10.0199165344238,0
14.3566417694092,0
16.3478355407715,0
14.9220762252808,0
12.1553201675415,0
10.7715063095093,0
10.6471090316772,0
9.30054569244385,0
5.65299463272095,0
1.58854448795319,0
-0.768268823623657,0
-1.86751425266266,0
-3.66731929779053,0
-6.55213785171509,0
-8.68253517150879,0
-8.42308712005615,0
-6.41896963119507,0
-4.82388019561768,0
-4.92109680175781,0
-5.97835969924927,0
-6.43731260299683,0
-5.9328670501709,0
-5.81566143035889,0
-7.54467535018921,0
-10.8291244506836,0
-13.8043880462646,0
-15.0368957519531,0
-14.8319969177246,0
-14.3670310974121,0
-14.1569013595581,0
-13.9772062301636,0
-13.8578691482544,0
-14.1638326644897,0
-14.6420850753784,0
-14.4579658508301,0
-13.7451391220093,0
-14.175726890564,0
-16.9064598083496,0
-20.5157718658447,0
-22.3779640197754,0
-21.9524021148682,0
-21.087043762207,0
-20.7657852172852,0
-19.5575103759766,0
-16.5509510040283,0
-14.017014503479,0
-14.902195930481,0
-18.6119537353516,0
-21.8695487976074,0
-23.5864849090576,0
-26.1215763092041,0
-31.0390529632568,0
-36.292350769043,0
-39.211067199707,0
-40.2101440429688,0
-41.444522857666,0
-43.2222442626953,0
-44.140697479248,0
-44.0305099487305,0
-44.2445945739746,0
-44.9019546508789,0
-43.9489669799805,0
-39.6234703063965,0
-32.4592514038086,0
-24.289005279541,0
-16.3566112518311,0
-8.83380603790283,0
-1.19931137561798,0
7.27157068252563,0
16.5304775238037,0
25.2040576934814,0
32.1495666503906,0
38.4999923706055,0
46.419677734375,0
55.4412994384766,0
62.2259521484375,0
65.2392272949219,0
67.5117950439453,0
72.4237518310547,0
78.2241668701172,0
79.8406219482422,0
75.8005752563477,0
70.0924530029297,0
66.3498306274414,0
63.192943572998,0
57.2158126831055,0
48.3225784301758,0
39.4796028137207,0
32.3566360473633,0
25.9567260742188,0
19.3411598205566,0
13.2366542816162,0
8.48708629608154,0
4.90560436248779,0
2.40598273277283,0
1.63243520259857,0
2.54567003250122,0
3.72057628631592,0
4.03612232208252,0
3.93666076660156,0
4.05130434036255,0
3.73656153678894,0
2.20336222648621,0
-0.0324964821338654,0
-2.41634941101074,0
-6.16287565231323,0
-12.7173070907593,0
-20.6668148040771,0
-26.420036315918,0
-28.5030002593994,0
-29.3224105834961,0
-31.8024559020996,0
-35.9570999145508,0
-40.023265838623,0
-43.4201812744141,0
-46.6700439453125,0
-49.2848358154297,0
-49.9866065979004,0
-49.028751373291,0
-48.3049201965332,0
-48.6657562255859,0
-48.8979225158691,0
-48.2179374694824,0
-48.0831642150879,0
-49.972412109375,0
-52.4562110900879,0
-52.4296417236328,0
-49.0815124511719,0
-44.9212455749512,0
-42.4857902526855,0
-41.4094657897949,0
-39.5590057373047,0
-36.1713905334473,0
-32.7932205200195,0
-31.266716003418,0
-31.5959987640381,0
-32.1397933959961,0
-31.5689945220947,0
-30.0554943084717,0
-28.3364772796631,0
-26.2888584136963,0
-23.3745708465576,0
-20.1575527191162,0
-17.8108901977539,0
-15.7790946960449,0
-11.8328332901001,0
-5.61885261535645,0
-0.17588983476162,0
2.25263571739197,0
4.29524517059326,0
10.2471008300781,0
19.6158332824707,0
27.5819778442383,0
32.0757484436035,0
36.3245277404785,0
42.934024810791,0
49.4146194458008,0
52.3521385192871,0
52.8027534484863,0
53.8797149658203,0
55.1885414123535,0
53.8084526062012,0
49.6889381408691,0
45.8470191955566,0
43.3143196105957,0
39.846508026123,0
34.2447738647461,0
28.2777366638184,0
23.087438583374,0
17.0204906463623,0
8.86007976531982,0
0.430869460105896,0
-6.21597671508789,0
-11.9899406433105,0
-18.7206268310547,0
-25.6450481414795,0
-30.5541954040527,0
-33.4241218566895,0
-36.414680480957,0
-40.7516632080078,0
-45.7727890014648,0
-50.7254638671875,0
-55.417610168457,0
-59.175178527832,0
-61.1174087524414,0
-61.606746673584,0
-61.7293930053711,0
-61.3081970214844,0
-59.266845703125,0
-56.1186714172363,0
-54.0323715209961,0
-53.8163146972656,0
-53.7844619750977,0
-52.5156402587891,0
-50.839054107666,0
-49.7691993713379,0
-48.1943016052246,0
-44.4447708129883,0
-39.0198707580566,0
-33.8680534362793,0
-29.7350730895996,0
-26.1684436798096,0
-23.6262588500977,0
-23.3079528808594,0
-24.631778717041,0
-24.8967418670654,0
-22.3116149902344,0
-17.9774112701416,0
-14.0012044906616,0
-10.8372793197632,0
-7.63745403289795,0
-4.47646522521973,0
-2.88642597198486,0
-4.09359693527222,0
-7.4062237739563,0
-10.518102645874,0
-11.2246770858765,0
-9.05191135406494,0
-5.59163570404053,0
-3.26282978057861,0
-3.46858072280884,0
-5.59809875488281,0
-7.4057502746582,0
-6.33325815200806,0
-1.25655591487885,0
6.25202178955078,0
12.7656927108765,0
16.0958652496338,0
17.480978012085,0
19.7749805450439,0
23.6431922912598,0
26.9631214141846,0
28.2562007904053,0
29.012601852417,0
31.4710502624512,0
35.2956428527832,0
38.0089683532715,0
38.198356628418,0
36.8080825805664,0
35.3285865783691,0
34.019645690918,0
32.2226867675781,0
29.4400482177734,0
25.5918750762939,0
20.7637252807617,0
15.1860628128052,0
9.31851863861084,0
3.77049922943115,0
-0.884625196456909,0
-4.4119668006897,0
-7.15809535980225,0
-9.68470764160156,0
-11.9821290969849,0
-13.4919147491455,0
-14.1631841659546,0
-14.8321142196655,0
-15.9924507141113,0
-16.7959957122803,0
-16.0967102050781,0
-14.1528167724609,0
-12.4902572631836,0
-12.2124032974243,0
-13.0392122268677,0
-13.8390655517578,0
-13.6463003158569,0
-12.4841947555542,0
-11.627610206604,0
-12.5571203231812,0
-15.155345916748,0
-17.5904102325439,0
-18.58131980896,0
-18.9510841369629,0
-20.1508102416992,0
-22.2211322784424,0
-24.277681350708,0
-25.9405536651611,0
-26.8250980377197,0
-25.6652584075928,0
-21.9496421813965,0
-17.8496017456055,0
-16.3562259674072,0
-17.6214389801025,0
-19.1237125396729,0
-19.3175430297852,0
-18.8861751556396,0
-18.2716598510742,0
-16.5050640106201,0
-13.2833042144775,0
-9.96162223815918,0
-7.40571641921997,0
-4.87832307815552,0
-2.2794771194458,0
-1.44516181945801,0
-3.4565417766571,0
-6.24185085296631,0
-6.84157133102417,0
-5.00594329833984,0
-2.70327234268188,0
-1.06162714958191,0
-0.000452079955721274,0
-0.367509812116623,0
-3.90478134155273,0
-10.489089012146,0
-17.1650829315186,0
-20.8031311035156,0
-20.6985416412354,0
-18.075101852417,0
-14.2683477401733,0
-10.2521629333496,0
-6.89314126968384,0
-4.34442901611328,0
-1.54259121417999,0
2.54640626907349,0
7.22459268569946,0
10.5978879928589,0
11.9152536392212,0
12.3606939315796,0
13.1447410583496,0
13.801944732666,0
13.1285133361816,0
11.0674018859863,0
8.7410831451416,0
7.10507249832153,0
6.47047662734985,0
6.82868909835815,0
7.46486759185791,0
6.59607076644897,0
2.81511640548706,0
-3.07629013061523,0
-8.96647262573242,0
-14.1408042907715,0
-19.5495910644531,0
-25.2829818725586,0
-29.8075466156006,0
-32.4909553527832,0
-34.8694152832031,0
-38.0677261352539,0
-40.8670120239258,0
-42.2976226806641,0
-44.537425994873,0
-50.4992408752441,0
-59.2131004333496,0
-66.4485626220703,0
-70.0519714355469,0
-72.051643371582,0
-74.9222259521484,0
-78.4416580200195,0
-81.5621032714844,0
-84.9650802612305,0
-89.6007232666016,0
-94.3363800048828,0
-97.5538177490234,0
-100.148956298828,0
-104.300735473633,0
-109.571952819824,0
-113.025604248047,0
-113.657203674316,0
-113.955696105957,0
-115.821754455566,0
-117.463653564453,0
-116.430419921875,0
-113.721267700195,0
-112.001007080078,0
-110.796607971191,0
-106.80606842041,0
-99.2118530273438,0
-91.6721115112305,0
-87.8533554077148,0
-87.2247543334961,0
-86.6674423217773,0
-84.3435974121094,0
-80.2646408081055,0
-74.5842590332031,0
-67.5058517456055,0
-60.2378005981445,0
-54.2106781005859,0
-49.5659332275391,0
-45.648738861084,0
-42.3869247436523,0
-39.7307891845703,0
-36.3692970275879,0
-30.8708915710449,0
-23.945556640625,0
-17.7802276611328,0
-13.0355205535889,0
-8.24880027770996,0
-2.49070882797241,0
3.23897314071655,0
7.98314523696899,0
12.4903373718262,0
17.7174224853516,0
22.9007606506348,0
26.5135154724121,0
28.4789848327637,0
30.1691265106201,0
32.4969367980957,0
35.0240325927734,0
36.8015213012695,0
37.1927108764648,0
35.8632049560547,0
32.8041343688965,0
28.7359294891357,0
25.0794486999512,0
23.0884552001953,0
22.8762989044189,0
23.2774047851562,0
22.7428035736084,0
20.5341815948486,0
17.0652637481689,0
13.0567474365234,0
8.65999412536621,0
3.75777983665466,0
-1.18876838684082,0
-5.34756708145142,0
-8.70590209960938,0
-12.4286508560181,0
-17.6565284729004,0
-24.2767486572266,0
-31.1751174926758,0
-37.4573249816895,0
-43.1531219482422,0
-48.8793563842773,0
-55.091739654541,0
-61.7214431762695,0
-68.4419021606445,0
-75.0947494506836,0
-81.6326293945312,0
-87.7587051391602,0
-93.1017761230469,0
-97.8427886962891,0
-102.567420959473,0
-107.193534851074,0
-110.718673706055,0
-112.612518310547,0
-113.882293701172,0
-115.983741760254,0
-119.022613525391,0
-121.722328186035,0
-122.835990905762,0
-121.976005554199,0
-119.549324035645,0
-116.629959106445,0
-114.354713439941,0
-112.609886169434,0
-110.001091003418,0
-106.134399414062,0
-102.953773498535,0
-102.152755737305,0
-102.029220581055,0
-99.1781845092773,0
-93.1681213378906,0
-87.1089630126953,0
-83.2080001831055,0
-80.3163833618164,0
-76.8793563842773,0
-73.7764053344727,0
-72.3979339599609,0
-71.8792037963867,0
-70.509521484375,0
-68.5371780395508,0
-67.1763534545898,0
-65.7545013427734,0
-62.5265121459961,0
-58.0928382873535,0
-55.2724227905273,0
-54.9602127075195,0
-54.4702262878418,0
-51.2320823669434,0
-46.2985877990723,0
-42.4833335876465,0
-40.2159004211426,0
-37.306224822998,0
-32.5109786987305,0
-27.2669849395752,0
-23.223217010498,0
-19.6265411376953,0
-14.5216102600098,0
-7.78241109848022,0
-1.38245582580566,0
3.27251267433167,0
6.72177696228027,0
9.70694351196289,0
11.6238927841187,0
11.9171333312988,0
11.8792877197266,0
13.3794765472412,0
16.292932510376,0
18.8762092590332,0
20.5200595855713,0
22.3515605926514,0
24.9062252044678,0
27.0131702423096,0
27.6543426513672,0
27.3862915039062,0
27.0939140319824,0
26.7386894226074,0
26.2850360870361,0
26.4683609008789,0
27.3672428131104,0
27.3610363006592,0
25.0141124725342,0
21.2504596710205,0
18.1595439910889,0
16.065938949585,0
13.1724071502686,0
7.95060968399048,0
0.714606881141663,0
-7.12320947647095,0
-14.3311805725098,0
-20.3037757873535,0
-25.025318145752,0
-28.8529033660889,0
-32.1633529663086,0
-35.4463081359863,0
-39.7439765930176,0
-46.0585327148438,0
-53.7449645996094,0
-60.4166870117188,0
-64.3677825927734,0
-66.3991470336914,0
-68.3461990356445,0
-70.582145690918,0
-72.1479873657227,0
-72.7119598388672,0
-72.9827499389648,0
-73.3932266235352,0
-73.5824127197266,0
-73.0677719116211,0
-71.4007415771484,0
-67.8953552246094,0
-62.3706932067871,0
-56.0766944885254,0
-50.7683296203613,0
-46.8736381530762,0
-43.5774269104004,0
-40.5303535461426,0
-38.1844940185547,0
-36.4066925048828,0
-34.1987419128418,0
-31.2467842102051,0
-28.5519313812256,0
-26.9429321289062,0
-26.00172996521,0
-25.1183452606201,0
-24.6227035522461,0
-24.9847679138184,0
-25.6713390350342,0
-25.8970012664795,0
-26.1121273040771,0
-27.5878887176514,0
-30.4490737915039,0
-33.0776329040527,0
-33.9458503723145,0
-33.5778198242188,0
-34.2372589111328,0
-37.7863616943359,0
-44.0148582458496,0
-50.8288497924805,0
-55.8206939697266,0
-57.9185791015625,0
-58.0198936462402,0
-58.0770263671875,0
-59.1791801452637,0
-60.458366394043,0
-60.2890243530273,0
-58.5599060058594,0
-56.975658416748,0
-56.7377166748047,0
-56.8564224243164,0
-55.6922569274902,0
-53.4625015258789,0
-51.8597755432129,0
-51.423755645752,0
-50.758716583252,0
-48.5364532470703,0
-44.9161720275879,0
-40.6206283569336,0
-35.9858818054199,0
-31.5430164337158,0
-28.2014617919922,0
-25.9514751434326,0
-23.51833152771,0
-20.2712745666504,0
-17.3751220703125,0
-15.9354190826416,0
-15.0850706100464,0
-13.2656326293945,0
-10.4483451843262,0
-7.54712200164795,0
-4.51864194869995,0
-0.907285451889038,0
2.38236808776855,0
4.03294277191162,0
4.75258302688599,0
6.37482452392578,0
8.34147453308105,0
7.66491222381592,0
3.28081917762756,0
-1.99344229698181,0
-5.32452535629272,0
-7.55536365509033,0
-11.0665130615234,0
-15.7513999938965,0
-19.7079677581787,0
-22.8437671661377,0
-26.8585033416748,0
-31.8525524139404,0
-35.8297882080078,0
-38.0833320617676,0
-40.3873252868652,0
-43.6482810974121,0
-45.7452545166016,0
-44.545970916748,0
-41.3395805358887,0
-39.1046981811523,0
-38.5080757141113,0
-37.9780044555664,0
-37.1239204406738,0
-37.4100761413574,0
-39.1002197265625,0
-39.9507713317871,0
-38.0829467773438,0
-34.4388275146484,0
-31.0098285675049,0
-27.9029312133789,0
-23.8338737487793,0
-18.8449687957764,0
-14.6705684661865,0
-12.1706571578979,0
-9.79514503479004,0
-5.38781356811523,0
1.11556458473206,0
7.58205842971802,0
12.1883983612061,0
15.3788042068481,0
18.885929107666,0
23.1008682250977,0
26.319543838501,0
27.0820331573486,0
26.4556846618652,0
26.8658962249756,0
29.033109664917,0
31.5714836120605,0
33.7427749633789,0
36.7736473083496,0
41.4506568908691,0
45.9906387329102,0
47.9960441589355,0
47.6435852050781,0
47.1244430541992,0
47.3519134521484,0
47.0868453979492,0
45.2990379333496,0
42.5062522888184,0
39.3182754516602,0
35.3799362182617,0
30.6482963562012,0
26.3459701538086,0
23.45534324646,0
21.0611610412598,0
17.2422695159912,0
11.1984338760376,0
3.86061644554138,0
-3.04451084136963,0
-7.91338777542114,0
-9.84580039978027,0
-9.04402160644531,0
-6.39438390731812,0
-2.47815847396851,0
2.35557389259338,0
6.95506715774536,0
9.81240653991699,0
11.1543855667114,0
13.094557762146,0
16.6170120239258,0
19.8585872650146,0
20.899658203125,0
20.8698883056641,0
22.1469268798828,0
24.3914775848389,0
24.89333152771,0
22.5851974487305,0
19.1511344909668,0
15.9226665496826,0
12.2779674530029,0
7.97703504562378,0
4.67405366897583,0
3.58946895599365,0
3.41763830184937,0
2.16083312034607,0
-0.206322073936462,0
-2.32819628715515,0
-3.55631470680237,0
-4.008713722229,0
-3.65557718276978,0
-2.90516209602356,0
-3.06379747390747,0
-4.46846961975098,0
-5.12149667739868,0
-3.25249266624451,0
-0.523240864276886,0
-0.297380834817886,0
-3.06741189956665,0
-6.24683046340942,0
-8.52511405944824,0
-11.2649898529053,0
-14.626238822937,0
-15.6576461791992,0
-12.5910396575928,0
-8.50264263153076,0
-7.60846519470215,0
-9.43699073791504,0
-9.94620895385742,0
-7.56496572494507,0
-4.57059955596924,0
-2.49450492858887,0
0.149849727749825,0
4.52850198745728,0
9.14913749694824,0
12.5874652862549,0
15.8029842376709,0
19.5592975616455,0
21.8925304412842,0
20.9380073547363,0
18.716157913208,0
19.1323089599609,0
23.0374622344971,0
28.138692855835,0
33.3768424987793,0
40.2979583740234,0
49.5806999206543,0
58.8569107055664,0
65.1507110595703,0
67.7962875366211,0
68.1245422363281,0
67.8435668945312,0
68.4985733032227,0
70.8731842041016,0
73.7696304321289,0
74.6045761108398,0
72.3013458251953,0
68.6071701049805,0
65.6982650756836,0
63.6889228820801,0
61.5605659484863,0
59.1988334655762,0
56.8823318481445,0
53.7626800537109,0
48.9068069458008,0
43.4769554138184,0
39.725959777832,0
37.5369682312012,0
33.93359375,0
26.8635387420654,0
17.8660221099854,0
9.89495754241943,0
3.96425271034241,0
-0.48366767168045,0
-3.081782579422,0
-2.72500801086426,0
-0.102719746530056,0
2.18555569648743,0
2.74312257766724,0
2.92057967185974,0
4.33069944381714,0
6.3042254447937,0
7.083327293396,0
6.37087535858154,0
5.17897033691406,0
3.99064540863037,0
2.76769208908081,0
2.27579832077026,0
3.53689527511597,0
5.97181224822998,0
7.8065505027771,0
8.59603214263916,0
9.7988805770874,0
12.5016107559204,0
16.1566066741943,0
20.0731048583984,0
24.3848342895508,0
28.539249420166,0
30.4925518035889,0
29.0048866271973,0
25.7408790588379,0
23.5753955841064,0
23.516300201416,0
24.6655235290527,0
26.4100570678711,0
28.871618270874,0
31.5408687591553,0
33.3019981384277,0
33.9683151245117,0
34.328727722168,0
34.5501289367676,0
34.0637359619141,0
33.3779029846191,0
34.4694709777832,0
38.6089286804199,0
44.8316345214844,0
51.1253356933594,0
56.1476135253906,0
59.3830451965332,0
60.9093971252441,0
61.7709197998047,0
63.4237594604492,0
65.9100494384766,0
67.5521469116211,0
67.1902160644531,0
65.4537734985352,0
62.848461151123,0
58.2134590148926,0
50.910572052002,0
43.3157386779785,0
38.664924621582,0
36.762077331543,0
34.2527389526367,0
29.4354667663574,0
24.5227680206299,0
22.248649597168,0
22.1026268005371,0
21.2589988708496,0
18.1184520721436,0
13.7719135284424,0
10.679723739624,0
10.7129325866699,0
13.7835140228271,0
17.7277126312256,0
20.2176856994629,0
21.1954879760742,0
22.4414443969727,0
24.4058494567871,0
25.0793380737305,0
23.0199184417725,0
19.8640098571777,0
18.1129684448242,0
17.6024608612061,0
16.1896781921387,0
13.1786346435547,0
9.79809474945068,0
6.50744867324829,0
2.14915490150452,0
-3.79188442230225,0
-9.96715641021729,0
-14.801456451416,0
-17.8741912841797,0
-19.3147315979004,0
-19.4165019989014,0
-19.2130260467529,0
-19.6405563354492,0
-19.5919494628906,0
-16.8074569702148,0
-11.5788335800171,0
-7.43394327163696,0
-6.76036691665649,0
-7.79401016235352,0
-7.78243398666382,0
-7.17948579788208,0
-8.16464614868164,0
-10.4084625244141,0
-11.3902702331543,0
-10.5206928253174,0
-10.0155630111694,0
-11.3315458297729,0
-13.2310752868652,0
-14.1149387359619,0
-14.1397857666016,0
-13.9589529037476,0
-13.0711040496826,0
-10.7680025100708,0
-7.67203617095947,0
-5.07193994522095,0
-3.23439311981201,0
-1.30371677875519,0
1.34317719936371,0
4.27731370925903,0
6.57020711898804,0
7.93425416946411,0
9.19885158538818,0
11.4265012741089,0
14.5423498153687,0
17.379711151123,0
19.2293033599854,0
20.4685764312744,0
21.2954082489014,0
21.1166591644287,0
20.0620918273926,0
19.6478900909424,0
20.4417762756348,0
20.4327392578125,0
17.8108806610107,0
14.3149137496948,0
13.2139081954956,0
14.4899120330811,0
14.9449319839478,0
13.1801137924194,0
11.3981685638428,0
11.4697313308716,0
12.1968441009521,0
11.9871397018433,0
11.6256380081177,0
12.3325672149658,0
13.1442785263062,0
12.6181573867798,0
11.6905584335327,0
12.3854579925537,0
14.6279439926147,0
16.742301940918,0
18.506404876709,0
21.2236709594727,0
24.8590869903564,0
27.5279369354248,0
28.3422584533691,0
28.7918148040771,0
30.5549278259277,0
33.5251541137695,0
36.7298431396484,0
39.6540069580078,0
41.7194442749023,0
41.9700736999512,0
40.6952171325684,0
40.2593727111816,0
42.5661239624023,0
46.135929107666,0
47.331615447998,0
44.4070014953613,0
38.8144950866699,0
32.4428596496582,0
25.4798393249512,0
17.9283924102783,0
11.4546327590942,0
7.71234273910522,0
5.49747705459595,0
1.77313458919525,0
-4.11141300201416,0
-9.05463600158691,0
-10.0005073547363,0
-7.72824764251709,0
-5.61188650131226,0
-5.68393850326538,0
-7.52854156494141,0
-10.3469381332397,0
-13.994176864624,0
-17.7632217407227,0
-20.0946559906006,0
-20.4489459991455,0
-20.2130603790283,0
-20.8270416259766,0
-22.0337181091309,0
-22.8556900024414,0
-23.2010364532471,0
-23.3244800567627,0
-22.6613159179688,0
-20.6864261627197,0
-18.3041572570801,0
-16.771505355835,0
-15.5693960189819,0
-13.0293788909912,0
-9.00590133666992,0
-5.10328674316406,0
-1.92009925842285,0
2.01083564758301,0
7.54447889328003,0
12.7814073562622,0
15.1652984619141,0
14.9111042022705,0
14.7836284637451,0
16.624849319458,0
19.3341999053955,0
20.4992084503174,0
19.1925411224365,0
16.7615127563477,0
15.2021751403809,0
15.0702905654907,0
15.0909938812256,0
13.8901767730713,0
11.8514928817749,0
10.7216987609863,0
11.4385175704956,0
13.168044090271,0
14.7582235336304,0
16.2012348175049,0
17.9139270782471,0
19.2814254760742,0
18.9978370666504,0
16.6914253234863,0
13.3221864700317,0
9.90783405303955,0
6.54105234146118,0
2.78645205497742,0
-1.54483282566071,0
-6.26489877700806,0
-11.0703191757202,0
-15.6905832290649,0
-19.9539737701416,0
-23.8244533538818,0
-27.306697845459,0
-30.3801879882812,0
-33.1065635681152,0
-35.5448837280273,0
-37.2973518371582,0
-37.4570693969727,0
-35.5708312988281,0
-32.600772857666,0
-30.3462867736816,0
-29.7553482055664,0
-30.2888240814209,0
-31.1423797607422,0
-32.4808235168457,0
-34.8949737548828,0
-38.0439224243164,0
-40.7228240966797,0
-42.3983726501465,0
-43.9147338867188,0
-46.261302947998,0
-49.2859420776367,0
-52.361743927002,0
-55.924388885498,0
-61.3044662475586,0
-68.8815536499023,0
-77.2600784301758,0
-84.6439666748047,0
-90.3398513793945,0
-94.5332946777344,0
-97.4487762451172,0
-99.544189453125,0
-101.93293762207,0
-105.579429626465,0
-110.249183654785,0
-115.036933898926,0
-119.653228759766,0
-124.275390625,0
-128.421966552734,0
-131.255462646484,0
-133.105911254883,0
-135.330307006836,0
-138.080322265625,0
-139.374099731445,0
-137.313247680664,0
-132.437149047852,0
-126.875289916992,0
-121.719230651855,0
-116.397117614746,0
-110.485748291016,0
-104.911354064941,0
-100.858352661133,0
-98.1697845458984,0
-95.4781875610352,0
-91.7642288208008,0
-87.3058013916016,0
-82.9607467651367,0
-78.8407821655273,0
-74.1394729614258,0
-68.3486633300781,0
-62.1710166931152,0
-56.7563743591309,0
-52.271671295166,0
-47.8789901733398,0
-43.1907272338867,0
-39.101188659668,0
-36.8188095092773,0
-36.4571533203125,0
-36.9512748718262,0
-37.1539115905762,0
-36.7306442260742,0
-36.1693344116211,0
-36.2691764831543,0
-37.63623046875,0
-40.3884048461914,0
-44.056941986084,0
-47.6905326843262,0
-50.3347244262695,0
-51.8543128967285,0
-53.2818298339844,0
-55.8350830078125,0
-59.4383163452148,0
-62.7823638916016,0
-65.0347900390625,0
-66.6440582275391,0
-67.9435195922852,0
-67.9929733276367,0
-65.9434051513672,0
-62.8890533447266,0
-60.9716491699219,0
-60.8699264526367,0
-61.4606018066406,0
-61.7913131713867,0
-61.8930549621582,0
-61.5091247558594,0
-59.6597137451172,0
-56.1894035339355,0
-52.5140342712402,0
-49.9455947875977,0
-48.1103706359863,0
-45.747673034668,0
-42.2873954772949,0
-37.9580459594727,0
-33.2219390869141,0
-29.0301170349121,0
-26.8550186157227,0
-27.2240390777588,0
-28.5568237304688,0
-28.666389465332,0
-27.3616256713867,0
-26.3903827667236,0
-26.6204624176025,0
-26.5674438476562,0
-24.4902114868164,0
-20.8876953125,0
-17.5226554870605,0
-14.3973178863525,0
-9.48865795135498,0
-2.01696300506592,0
5.68590688705444,0
11.0012826919556,0
14.6674032211304,0
19.6670246124268,0
26.8056335449219,0
33.5636138916016,0
37.7925224304199,0
40.4185028076172,0
43.2540550231934,0
45.9349212646484,0
46.9884300231934,0
46.9244728088379,0
48.0025749206543,0
50.9352569580078,0
53.6879386901855,0
54.1332588195801,0
52.6130447387695,0
51.0781440734863,0
50.5275802612305,0
50.3301239013672,0
49.9064407348633,0
50.0011672973633,0
51.4916725158691,0
53.378059387207,0
53.3867645263672,0
51.1658821105957,0
49.4092102050781,0
50.25244140625,0
51.7528381347656,0
50.4428253173828,0
46.8586959838867,0
45.2542037963867,0
47.1406631469727,0
48.5252838134766,0
45.4845657348633,0
39.5628890991211,0
34.8942985534668,0
32.2159080505371,0
29.0648574829102,0
24.5209674835205,0
20.1747035980225,0
16.8129940032959,0
13.4432220458984,0
9.81564235687256,0
7.07678365707397,0
5.43630695343018,0
3.65818238258362,0
1.47321403026581,0
0.273791462182999,0
0.680670559406281,0
1.35067617893219,0
0.971275508403778,0
-0.136350437998772,0
-0.90288895368576,0
-0.455884695053101,0
2.08148956298828,0
6.93073797225952,0
12.3616170883179,0
15.8381156921387,0
16.9821395874023,0
17.7325038909912,0
19.2352428436279,0
20.5738773345947,0
21.1208591461182,0
21.9197177886963,0
23.6806888580322,0
25.3645248413086,0
25.9820709228516,0
26.0917625427246,0
26.319787979126,0
26.0865516662598,0
25.109619140625,0
24.5432281494141,0
25.1686248779297,0
25.9273548126221,0
25.7506561279297,0
25.4212856292725,0
26.0091190338135,0
26.871187210083,0
27.1178169250488,0
27.8773975372314,0
30.8662338256836,0
35.3208122253418,0
38.516773223877,0
39.2367248535156,0
38.9648246765137,0
39.650562286377,0
41.859317779541,0
45.2009811401367,0
49.0445976257324,0
52.3994903564453,0
54.275089263916,0
54.7321662902832,0
54.9103050231934,0
55.6688423156738,0
56.6518821716309,0
56.8568954467773,0
55.7957992553711,0
54.0603256225586,0
52.9214134216309,0
53.187686920166,0
54.3055229187012,0
54.9432144165039,0
54.657054901123,0
54.5276794433594,0
55.9038543701172,0
58.9332656860352,0
62.4440612792969,0
64.7937698364258,0
64.9891738891602,0
63.8517417907715,0
63.9384841918945,0
67.0205688476562,0
71.5545272827148,0
74.196044921875,0
74.0901107788086,0
73.7410049438477,0
74.9757537841797,0
76.4048309326172,0
76.4228515625,0
76.4200668334961,0
78.4735717773438,0
81.4295806884766,0
82.3137893676758,0
80.9038848876953,0
79.8146820068359,0
80.162971496582,0
80.3204116821289,0
79.585693359375,0
79.9977340698242,0
82.9648971557617,0
86.5494995117188,0
88.1213989257812,0
87.9516372680664,0
87.9956512451172,0
88.3768997192383,0
87.5167541503906,0
85.1964950561523,0
83.0119018554688,0
81.5460891723633,0
79.2911911010742,0
75.3584365844727,0
71.6746063232422,0
70.9797286987305,0
73.2145156860352,0
75.2036895751953,0
74.0338821411133,0
69.9187469482422,0
65.3692092895508,0
62.0827407836914,0
59.377067565918,0
55.7497825622559,0
51.1914329528809,0
47.0893020629883,0
43.9982147216797,0
40.6326713562012,0
35.6849479675293,0
29.8492126464844,0
25.0168628692627,0
21.7683353424072,0
18.7984848022461,0
15.0234632492065,0
11.2471885681152,0
9.07398509979248,0
8.75032424926758,0
8.95979690551758,0
8.7159252166748,0
8.65374088287354,0
9.95280456542969,0
12.3994617462158,0
14.337085723877,0
14.6975164413452,0
14.2866497039795,0
14.4438362121582,0
15.1469583511353,0
15.6328182220459,0
16.5521297454834,0
19.7664909362793,0
25.444995880127,0
31.0113525390625,0
34.3103828430176,0
36.6538505554199,0
40.905387878418,0
47.0691833496094,0
51.844123840332,0
52.8617630004883,0
51.5634727478027,0
51.0259780883789,0
52.3795471191406,0
54.623893737793,0
56.8974151611328,0
59.1419944763184,0
60.7669715881348,0
60.5342102050781,0
58.5372123718262,0
57.0372161865234,0
58.104793548584,0
60.9804039001465,0
62.9836730957031,0
62.8177604675293,0
61.6504821777344,0
60.8103942871094,0
59.9942092895508,0
58.6185493469238,0
57.6078300476074,0
58.3678436279297,0
60.6844635009766,0
63.1322250366211,0
65.1612167358398,0
67.2391586303711,0
69.1411590576172,0
69.8333740234375,0
69.2496185302734,0
68.4980010986328,0
67.8096008300781,0
65.8908996582031,0
62.0715217590332,0
57.5784492492676,0
53.6424560546875,0
49.7242622375488,0
44.9797401428223,0
40.3312034606934,0
37.2852210998535,0
35.1926307678223,0
31.5531387329102,0
25.3396873474121,0
18.6189155578613,0
14.1185989379883,0
11.9589109420776,0
9.71140289306641,0
5.60456705093384,0
0.853344440460205,0
-1.79948890209198,0
-1.5020717382431,0
-0.147445544600487,0
0.549999892711639,0
1.47996640205383,0
4.2700366973877,0
8.00209999084473,0
10.0995388031006,0
10.5344657897949,0
12.6189060211182,0
18.4027061462402,0
25.2851448059082,0
29.0695972442627,0
29.1113185882568,0
28.3095397949219,0
28.6139316558838,0
28.853235244751,0
27.3513698577881,0
24.7480163574219,0
23.0322170257568,0
22.6827831268311,0
22.0220737457275,0
19.4612560272217,0
15.6513223648071,0
12.8237657546997,0
12.0172595977783,0
11.6927633285522,0
9.88962459564209,0
7.33079433441162,0
6.90361928939819,0
9.63814544677734,0
12.7435369491577,0
12.8371534347534,0
9.9763011932373,0
6.89047813415527,0
5.01480484008789,0
3.30594086647034,0
0.806244194507599,0
-1.83487010002136,0
-4.03693723678589,0
-6.62889909744263,0
-10.4019737243652,0
-14.6865682601929,0
-18.604061126709,0
-22.6163883209229,0
-27.3634967803955,0
-31.7409248352051,0
-33.8285179138184,0
-33.5275993347168,0
-32.7455101013184,0
-32.8317794799805,0
-33.1658096313477,0
-32.6041259765625,0
-31.1088943481445,0
-29.4050159454346,0
-28.0314750671387,0
-27.3344058990479,0
-27.4813804626465,0
-27.7965984344482,0
-26.9988861083984,0
-24.9998683929443,0
-23.5867786407471,0
-24.049524307251,0
-24.7644138336182,0
-22.8274440765381,0
-18.0878372192383,0
-13.8257083892822,0
-12.7740478515625,0
-13.9062547683716,0
-14.2206802368164,0
-12.5592136383057,0
-10.1903715133667,0
-8.29200649261475,0
-6.64818859100342,0
-4.88897275924683,0
-3.3005850315094,0
-1.68753385543823,0
1.23043596744537,0
6.11771059036255,0
11.4598054885864,0
14.9056787490845,0
15.9008731842041,0
16.0318622589111,0
17.0078868865967,0
19.2975330352783,0
22.5339431762695,0
26.0168342590332,0
28.7675247192383,0
30.4832248687744,0
32.8002662658691,0
38.0815811157227,0
46.1169929504395,0
53.5079193115234,0
57.6191101074219,0
59.7972640991211,0
62.9060478210449,0
66.8475341796875,0
69.0527420043945,0
69.0171737670898,0
69.4717407226562,0
72.4008255004883,0
76.4270629882812,0
79.3676452636719,0
81.1847839355469,0
82.7236175537109,0
83.397590637207,0
82.375244140625,0
80.9706802368164,0
81.5349197387695,0
84.3176422119141,0
87.3379058837891,0
89.2353134155273,0
90.5107727050781,0
91.8448638916016,0
92.7907180786133,0
92.6183700561523,0
91.3731918334961,0
89.6349487304688,0
87.8790435791016,0
86.2680053710938,0
84.5938339233398,0
82.4714126586914,0
79.9724502563477,0
77.7440567016602,0
76.0818328857422,0
74.4469909667969,0
72.4340133666992,0
70.4724655151367,0
68.9018707275391,0
67.3023147583008,0
65.6763305664062,0
65.2208862304688,0
66.6323928833008,0
68.6755599975586,0
70.0221405029297,0
71.4712600708008,0
74.2122955322266,0
76.5786743164062,0
75.1911392211914,0
69.512825012207,0
62.7753944396973,0
57.621826171875,0
53.0365142822266,0
46.8106422424316,0
39.1946716308594,0
32.3841438293457,0
27.4741744995117,0
23.680269241333,0
20.185094833374,0
17.2213954925537,0
15.0714769363403,0
12.9669523239136,0
9.62108898162842,0
4.76599311828613,0
-0.147199094295502,0
-3.11521792411804,0
-3.58400368690491,0
-2.9175341129303,0
-2.57205820083618,0
-2.34688258171082,0
-1.06125509738922,0
1.65708959102631,0
5.30289506912231,0
9.73680973052979,0
15.0634622573853,0
20.3390312194824,0
23.9913711547852,0
25.9196605682373,0
27.6888294219971,0
29.9743309020996,0
31.2721824645996,0
30.19606590271,0
27.8151512145996,0
26.3470783233643,0
26.3924465179443,0
26.8976287841797,0
27.2265377044678,0
27.7071990966797,0
28.4541625976562,0
29.2776012420654,0
30.7829647064209,0
33.9858627319336,0
38.4717636108398,0
42.2837562561035,0
44.1186408996582,0
44.4502754211426,0
44.0516357421875,0
42.7899971008301,0
40.634391784668,0
38.4623603820801,0
36.7099685668945,0
34.3978538513184,0
30.9319400787354,0
27.9040946960449,0
27.3003177642822,0
28.399055480957,0
28.3548927307129,0
25.8515281677246,0
22.3354816436768,0
19.304027557373,0
16.2304401397705,0
12.0460033416748,0
7.1392240524292,0
2.66130328178406,0
-1.08887243270874,0
-4.33118009567261,0
-6.62744045257568,0
-7.32430219650269,0
-6.7432656288147,0
-5.80893898010254,0
-4.78793048858643,0
-3.36997699737549,0
-1.63607239723206,0
0.155166983604431,0
2.48468732833862,0
6.03477191925049,0
10.1991863250732,0
13.2818841934204,0
14.4203004837036,0
14.3621425628662,0
14.1241598129272,0
13.851806640625,0
13.3277149200439,0
12.6810417175293,0
12.1384477615356,0
11.8096313476562,0
12.0482511520386,0
13.2139778137207,0
14.7444038391113,0
15.4148654937744,0
15.0383996963501,0
14.9707736968994,0
16.2824535369873,0
18.3836860656738,0
20.3125,0
22.4630661010742,0
25.8445091247559,0
30.1811122894287,0
33.9790916442871,0
36.2724189758301,0
37.2903518676758,0
37.5467758178711,0
37.237476348877,0
36.5625419616699,0
35.8857803344727,0
35.4765205383301,0
35.4526748657227,0
35.6650733947754,0
35.2150611877441,0
32.7250556945801,0
27.9109592437744,0
22.4392223358154,0
18.4138774871826,0
16.4230213165283,0
15.7114429473877,0
15.4529600143433,0
14.8840436935425,0
13.2005395889282,0
10.8112964630127,0
9.84262943267822,0
11.6067657470703,0
14.2855892181396,0
15.2336730957031,0
14.9906730651855,0
16.4185981750488,0
20.0741844177246,0
23.4976787567139,0
25.5359725952148,0
28.0438594818115,0
32.0155792236328,0
35.333740234375,0
36.5266799926758,0
37.7862243652344,0
41.2509765625,0
44.6016960144043,0
43.9427375793457,0
39.6203727722168,0
35.363151550293,0
32.3234329223633,0
27.9690055847168,0
21.1291790008545,0
14.2218246459961,0
9.19885158538818,0
4.57150936126709,0
-1.68571329116821,0
-8.88158321380615,0
-15.324275970459,0
-21.1288928985596,0
-26.9331722259521,0
-31.3945484161377,0
-32.5840263366699,0
-31.0928058624268,0
-29.3834400177002,0
-28.4191703796387,0
-27.1376934051514,0
-25.198221206665,0
-24.0197982788086,0
-24.5421447753906,0
-25.7891654968262,0
-26.5659294128418,0
-27.2009544372559,0
-28.4852962493896,0
-29.7754917144775,0
-29.3585376739502,0
-26.449951171875,0
-22.0183639526367,0
-17.6715793609619,0
-14.1807308197021,0
-11.0116710662842,0
-6.99569034576416,0
-1.5865159034729,0
4.2807993888855,0
8.64024639129639,0
9.93861770629883,0
8.07160091400146,0
4.28857421875,0
0.477350264787674,0
-1.78941607475281,0
-2.44590759277344,0
-3.35001754760742,0
-6.57670927047729,0
-11.8512296676636,0
-16.5617656707764,0
-18.8844108581543,0
-19.8188323974609,0
-21.1129722595215,0
-22.2939529418945,0
-21.572624206543,0
-19.2378463745117,0
-17.9946975708008,0
-19.4970016479492,0
-22.4123840332031,0
-24.8207340240479,0
-26.9070491790771,0
-29.9495296478271,0
-33.8618659973145,0
-37.3472557067871,0
-39.8219871520996,0
-41.7138557434082,0
-43.3108558654785,0
-44.7146224975586,0
-46.5394439697266,0
-49.1466674804688,0
-51.3987617492676,0
-51.7301635742188,0
-50.3903617858887,0
-49.0346908569336,0
-48.1539268493652,0
-46.858283996582,0
-45.4487686157227,0
-45.8182678222656,0
-48.2156867980957,0
-49.834114074707,0
-48.4037322998047,0
-45.4550666809082,0
-43.8739929199219,0
-43.5903358459473,0
-42.2680244445801,0
-39.4517478942871,0
-37.1051139831543,0
-36.0510292053223,0
-34.768928527832,0
-32.4127655029297,0
-30.3741626739502,0
-29.6335220336914,0
-28.9473209381104,0
-27.3859577178955,0
-26.6401710510254,0
-28.6211376190186,0
-32.2637405395508,0
-35.0883598327637,0
-36.7926025390625,0
-38.6259689331055,0
-39.9719619750977,0
-38.7339515686035,0
-35.2388076782227,0
-32.5507736206055,0
-31.9578323364258,0
-31.1075897216797,0
-28.1976318359375,0
-25.2736721038818,0
-25.0696220397949,0
-26.8186511993408,0
-28.0164813995361,0
-28.605224609375,0
-30.0988998413086,0
-31.6994438171387,0
-31.1251888275146,0
-29.0877056121826,0
-28.8790493011475,0
-30.6977519989014,0
-30.4064807891846,0
-25.8226547241211,0
-20.6089496612549,0
-19.0123634338379,0
-19.650484085083,0
-18.2031116485596,0
-14.262354850769,0
-11.1602249145508,0
-9.68265438079834,0
-6.45552158355713,0
0.574747860431671,0
8.77225112915039,0
14.546763420105,0
17.6108455657959,0
19.6421909332275,0
21.0693111419678,0
21.464262008667,0
21.4587116241455,0
21.8332653045654,0
21.6372737884521,0
19.4138240814209,0
15.7089958190918,0
12.3342895507812,0
9.59214782714844,0
6.38519096374512,0
2.92040181159973,0
0.943681359291077,0
0.81537914276123,0
0.584711372852325,0
-0.954980850219727,0
-2.1389741897583,0
-0.83345103263855,0
2.415851354599,0
5.36859655380249,0
7.34725475311279,0
9.6489725112915,0
13.0371170043945,0
16.6499137878418,0
19.6071701049805,0
22.0983085632324,0
24.2770652770996,0
25.4014015197754,0
25.0326137542725,0
24.2278919219971,0
24.4451007843018,0
25.635196685791,0
26.4079551696777,0
26.0165710449219,0
25.2668647766113,0
25.2021217346191,0
25.6421775817871,0
25.6735935211182,0
25.2726459503174,0
25.6383819580078,0
27.6530265808105,0
30.5465850830078,0
32.6341133117676,0
33.1886024475098,0
33.037467956543,0
33.3477478027344,0
34.4157104492188,0
35.7611541748047,0
36.7890548706055,0
37.1077613830566,0
36.8358726501465,0
36.9788436889648,0
38.8274192810059,0
42.3943901062012,0
46.0317039489746,0
48.251953125,0
49.2878646850586,0
50.0098838806152,0
50.0716018676758,0
48.5262145996094,0
45.8621597290039,0
43.6372947692871,0
41.8529014587402,0
38.443244934082,0
32.1800079345703,0
24.6288681030273,0
18.0995197296143,0
12.8433246612549,0
7.66105794906616,0
2.31297063827515,0
-2.46296787261963,0
-6.86612129211426,0
-11.9417638778687,0
-17.3154907226562,0
-20.8939189910889,0
-21.7443599700928,0
-21.891809463501,0
-24.0338935852051,0
-28.3441181182861,0
-32.719123840332,0
-35.4531440734863,0
-36.2967910766602,0
-35.4482269287109,0
-33.3140754699707,0
-31.329174041748,0
-31.1295108795166,0
-32.187686920166,0
-31.8757591247559,0
-28.9536609649658,0
-25.5324993133545,0
-24.0701179504395,0
-23.7189273834229,0
-21.7969017028809,0
-18.1485462188721,0
-15.5102787017822,0
-15.5874757766724,0
-17.4493618011475,0
-20.3678665161133,0
-25.2650184631348,0
-31.6895751953125,0
-36.0668258666992,0
-35.7428207397461,0
-33.1371574401855,0
-32.8707466125488,0
-35.7237854003906,0
-38.6127624511719,0
-40.0940780639648,0
-42.1830863952637,0
-45.9435577392578,0
-48.7428855895996,0
-47.808032989502,0
-44.0260963439941,0
-40.0412940979004,0
-36.4565544128418,0
-32.2917671203613,0
-27.8462524414062,0
-24.4382133483887,0
-21.759937286377,0
-17.8566875457764,0
-11.8868188858032,0
-5.13039588928223,0
0.975517153739929,0
6.35647821426392,0
11.6737623214722,0
17.540246963501,0
24.6398620605469,0
33.3727645874023,0
42.9566650390625,0
51.9199867248535,0
59.8921928405762,0
67.910400390625,0
76.4548034667969,0
84.1428680419922,0
89.1413726806641,0
91.247444152832,0
91.7837524414062,0
91.8095932006836,0
91.2266616821289,0
89.5601119995117,0
86.8951263427734,0
83.798583984375,0
80.7549133300781,0
78.0062866210938,0
75.6514434814453,0
73.4122314453125,0
70.3784027099609,0
65.6119995117188,0
59.2711296081543,0
52.5864410400391,0
46.3138389587402,0
39.8540382385254,0
32.6538314819336,0
25.8432674407959,0
21.1892223358154,0
18.5378227233887,0
15.6403932571411,0
10.803427696228,0
4.58530187606812,0
-1.39710652828217,0
-6.08763313293457,0
-9.02868175506592,0
-10.2685813903809,0
-11.0748147964478,0
-13.3814325332642,0
-17.3626365661621,0
-20.6727771759033,0
-21.4031467437744,0
-20.8074588775635,0
-21.5497150421143,0
-23.9779071807861,0
-25.8853378295898,0
-25.6609764099121,0
-23.9254856109619,0
-21.915355682373,0
-19.8090286254883,0
-17.1898040771484,0
-14.1025657653809,0
-11.0949306488037,0
-8.82634735107422,0
-7.86286163330078,0
-8.25620460510254,0
-9.19261837005615,0
-9.59450531005859,0
-9.07970905303955,0
-7.83376312255859,0
-5.77100038528442,0
-2.61014747619629,0
1.28126382827759,0
4.93088960647583,0
7.79519033432007,0
10.2199687957764,0
12.8812036514282,0
16.2177886962891,0
20.2131595611572,0
24.2210311889648,0
27.3423938751221,0
29.5864410400391,0
32.1649208068848,0
35.7961196899414,0
39.2937889099121,0
41.0531005859375,0
41.5135726928711,0
42.5931091308594,0
44.7512321472168,0
46.4089660644531,0
46.7692375183105,0
47.419921875,0
49.9483451843262,0
53.3045883178711,0
55.2103691101074,0
55.5772743225098,0
56.7162017822266,0
59.9643516540527,0
63.7115821838379,0
65.7174758911133,0
66.3551330566406,0
68.1501922607422,0
72.4013824462891,0
77.7907562255859,0
82.6796493530273,0
87.163444519043,0
91.691291809082,0
95.0188140869141,0
95.5806884765625,0
94.4584503173828,0
94.8241195678711,0
98.1527481079102,0
102.83097076416,0
106.886306762695,0
110.057357788086,0
112.417991638184,0
113.176864624023,0
112.343078613281,0
111.783340454102,0
112.751052856445,0
113.596908569336,0
111.726593017578,0
106.875869750977,0
100.818382263184,0
94.8131408691406,0
89.0548324584961,0
83.7206497192383,0
78.695068359375,0
72.9612274169922,0
66.0362777709961,0
59.2943534851074,0
54.0878791809082,0
49.4140701293945,0
43.5263481140137,0
37.0778846740723,0
32.2018051147461,0
28.8865509033203,0
24.9482173919678,0
19.7361087799072,0
15.293065071106,0
13.2482604980469,0
12.7657079696655,0
12.2748231887817,0
11.2555255889893,0
9.60247707366943,0
7.15733575820923,0
4.7217116355896,0
3.7459819316864,0
4.15874862670898,0
4.31264972686768,0
4.00828886032104,0
5.52752447128296,0
10.1700839996338,0
15.5597820281982,0
18.3499603271484,0
18.3784141540527,0
18.1546058654785,0
19.1785011291504,0
20.9425182342529,0
23.0097961425781,0
25.6482791900635,0
28.2391109466553,0
29.2904491424561,0
28.7356452941895,0
28.3446063995361,0
28.9046382904053,0
28.7371768951416,0
26.3715190887451,0
23.1596698760986,0
21.3661785125732,0
20.7284812927246,0
19.1623706817627,0
16.4174156188965,0
14.6024103164673,0
14.916600227356,0
16.2339096069336,0
17.4937324523926,0
19.0099868774414,0
20.3177623748779,0
19.3670444488525,0
15.8661193847656,0
13.1685352325439,0
14.1518888473511,0
16.8930149078369,0
17.4772281646729,0
15.809681892395,0
15.0154132843018,0
15.6985206604004,0
15.0406656265259,0
12.2502470016479,0
10.7068471908569,0
12.6808004379272,0
15.288610458374,0
14.5029678344727,0
10.9143733978271,0
8.53411102294922,0
9.25151824951172,0
11.3731689453125,0
13.0024547576904,0
14.0945301055908,0
14.9362096786499,0
14.7411231994629,0
12.6229267120361,0
9.0272970199585,0
5.75434827804565,0
4.82486486434937,0
6.85221862792969,0
9.93014049530029,0
10.8738355636597,0
8.54724597930908,0
5.26891183853149,0
3.72929620742798,0
3.23613882064819,0
0.702203333377838,0
-4.92482233047485,0
-11.143590927124,0
-15.1333389282227,0
-16.6787872314453,0
-17.022497177124,0
-16.5191917419434,0
-15.090106010437,0
-14.012598991394,0
-15.1288595199585,0
-18.1739177703857,0
-20.7248783111572,0
-21.5720481872559,0
-22.683650970459,0
-26.549015045166,0
-32.5685958862305,0
-37.7642784118652,0
-40.6854438781738,0
-42.7165908813477,0
-45.2110176086426,0
-47.2446365356445,0
-47.3638305664062,0
-46.1715087890625,0
-45.574104309082,0
-46.163158416748,0
-46.9060707092285,0
-47.07568359375,0
-46.9037704467773,0
-46.360523223877,0
-44.883861541748,0
-42.6592979431152,0
-40.7628517150879,0
-39.6222915649414,0
-38.8522148132324,0
-39.2193336486816,0
-42.8163642883301,0
-49.6578025817871,0
-55.6209945678711,0
-56.1767311096191,0
-51.6577568054199,0
-46.5288887023926,0
-43.6155662536621,0
-41.6699409484863,0
-39.0567092895508,0
-36.7795753479004,0
-36.0825119018555,0
-35.5011177062988,0
-32.8563537597656,0
-28.5771923065186,0
-24.2859153747559,0
-19.2873268127441,0
-11.784797668457,0
-3.23975515365601,0
2.04918050765991,0
2.46947073936462,0
1.11179447174072,0
1.09621739387512,0
1.85532510280609,0
1.89223766326904,0
2.46917152404785,0
5.7045841217041,0
10.5808238983154,0
13.6901950836182,0
13.2652502059937,0
10.1822071075439,0
5.60612201690674,0
0.000277380982879549,0
-5.76989269256592,0
-10.5840635299683,0
-14.5202674865723,0
-18.5082683563232,0
-22.5880451202393,0
-26.1272602081299,0
-29.514232635498,0
-33.6930084228516,0
-38.0510025024414,0
-40.8432922363281,0
-41.9342422485352,0
-42.9909820556641,0
-44.5504417419434,0
-45.2485542297363,0
-44.8537750244141,0
-45.6622734069824,0
-49.3019523620605,0
-54.1533699035645,0
-57.8785858154297,0
-60.8138618469238,0
-64.4701461791992,0
-67.8760375976562,0
-68.2815628051758,0
-65.2958297729492,0
-61.6694068908691,0
-59.4619331359863,0
-57.6836280822754,0
-54.698802947998,0
-51.0969047546387,0
-48.7035636901855,0
-47.827808380127,0
-46.9598999023438,0
-44.8031883239746,0
-41.5670356750488,0
-38.4272537231445,0
-36.3920669555664,0
-35.5179481506348,0
-34.8057174682617,0
-33.2137680053711,0
-31.1288833618164,0
-30.2053146362305,0
-31.1168422698975,0
-32.1359634399414,0
-30.9619293212891,0
-27.6080474853516,0
-24.3240489959717,0
-22.6808662414551,0
-21.911792755127,0
-20.4628219604492,0
-18.089729309082,0
-15.7311773300171,0
-14.1030731201172,0
-13.2717370986938,0
-13.1186246871948,0
-13.3374452590942,0
-13.210524559021,0
-12.1813583374023,0
-10.5048122406006,0
-8.64150142669678,0
-6.32338905334473,0
-3.20520162582397,0
-0.203405365347862,0
1.21578240394592,0
1.29440116882324,0
1.97855079174042,0
3.96861600875854,0
5.38440704345703,0
4.68166399002075,0
3.45913028717041,0
4.37012243270874,0
7.12529039382935,0
8.98433399200439,0
9.03109931945801,0
9.34334468841553,0
11.2707996368408,0
13.0475149154663,0
12.6496543884277,0
11.208701133728,0
11.5299024581909,0
14.0211572647095,0
15.9071397781372,0
14.3857231140137,0
9.45911026000977,0
3.7701530456543,0
0.358928918838501,0
0.229063645005226,0
1.47326099872589,0
1.16816627979279,0
-1.49529325962067,0
-4.68169784545898,0
-6.804856300354,0
-8.64965915679932,0
-11.7228155136108,0
-15.8175392150879,0
-19.6570129394531,0
-23.0093288421631,0
-26.5345993041992,0
-30.1000442504883,0
-32.8345909118652,0
-34.5520896911621,0
-35.7103042602539,0
-36.2581558227539,0
-35.973030090332,0
-35.7423629760742,0
-36.9510345458984,0
-39.4089202880859,0
-41.1337890625,0
-40.4576148986816,0
-37.4292144775391,0
-33.0810356140137,0
-28.2565879821777,0
-23.2791442871094,0
-18.0450820922852,0
-12.459264755249,0
-7.26046323776245,0
-3.8503680229187,0
-2.46866655349731,0
-1.29425323009491,0
1.36417031288147,0
4.6499810218811,0
6.51407146453857,0
6.93100786209106,0
7.77447748184204,0
9.70272064208984,0
11.5033721923828,0
12.883261680603,0
15.3745174407959,0
19.2742252349854,0
21.9261226654053,0
20.9737434387207,0
17.8089370727539,0
15.6329259872437,0
15.0082101821899,0
13.591480255127,0
9.93601036071777,0
5.29276847839355,0
1.36792385578156,0
-1.6222927570343,0
-3.85090804100037,0
-4.63721752166748,0
-3.70286083221436,0
-2.57279562950134,0
-3.20354509353638,0
-5.65349531173706,0
-8.28829860687256,0
-9.87780284881592,0
-10.2025051116943,0
-8.84299182891846,0
-4.99946641921997,0
0.984106421470642,0
7.13472080230713,0
11.6732397079468,0
14.5970764160156,0
16.8721542358398,0
18.8631477355957,0
20.3524589538574,0
21.3978824615479,0
22.1036281585693,0
21.9229145050049,0
20.3340530395508,0
18.1719055175781,0
17.1886425018311,0
17.9759788513184,0
19.1731185913086,0
19.2052249908447,0
18.1632766723633,0
17.3713779449463,0
17.5097618103027,0
17.8615818023682,0
17.3363761901855,0
15.5915088653564,0
12.8903846740723,0
9.36060237884521,0
5.1086859703064,0
1.1633278131485,0
-0.494169920682907,0
1.23663556575775,0
4.78413057327271,0
6.95202589035034,0
6.25947952270508,0
4.48944807052612,0
4.21543645858765,0
5.53850317001343,0
6.46544981002808,0
6.08673524856567,0
5.68414640426636,0
6.30787372589111,0
6.92426538467407,0
6.17841291427612,0
4.84118986129761,0
4.75599813461304,0
5.72709369659424,0
5.35414695739746,0
2.45472764968872,0
-0.918986439704895,0
-1.96526110172272,0
-0.581353306770325,0
1.09922850131989,0
2.101975440979,0
3.78098225593567,0
7.15928030014038,0
10.6129817962646,0
11.574200630188,0
10.0389099121094,0
8.92424964904785,0
10.5727319717407,0
13.9625797271729,0
16.2066040039062,0
16.1386394500732,0
15.182373046875,0
14.7367992401123,0
14.1347990036011,0
12.0054092407227,0
8.69057273864746,0
6.06912231445312,0
5.37396287918091,0
6.44249200820923,0
9.03463745117188,0
13.4951906204224,0
19.7194385528564,0
26.6874485015869,0
33.6734161376953,0
40.8745269775391,0
48.1245231628418,0
54.1278762817383,0
58.0961265563965,0
61.2182922363281,0
65.1371231079102,0
69.6800994873047,0
73.7007827758789,0
77.6452255249023,0
83.2445678710938,0
90.5515594482422,0
97.3813171386719,0
102.438819885254,0
107.100311279297,0
112.832550048828,0
118.452392578125,0
121.718978881836,0
122.617080688477,0
123.100547790527,0
124.08145904541,0
124.670028686523,0
124.318359375,0
123.641876220703,0
122.609756469727,0
119.796165466309,0
114.388313293457,0
107.426239013672,0
99.9614105224609,0
91.4729385375977,0
81.669921875,0
72.6511154174805,0
67.1142883300781,0
64.7035827636719,0
62.060001373291,0
56.7063903808594,0
49.3579635620117,0
42.1681900024414,0
36.2715072631836,0
31.6250381469727,0
27.8697166442871,0
24.4397373199463,0
20.7188930511475,0
16.8415031433105,0
13.6876821517944,0
11.6722049713135,0
10.3810606002808,0
9.78879165649414,0
10.7525053024292,0
13.6307353973389,0
17.378267288208,0
20.7458019256592,0
23.5026588439941,0
25.8329563140869,0
27.6101493835449,0
29.1058444976807,0
31.1929492950439,0
33.6310119628906,0
34.2873153686523,0
31.6644172668457,0
27.4107036590576,0
24.6050224304199,0
24.1291770935059,0
24.6039619445801,0
25.4765605926514,0
27.8178958892822,0
31.7533702850342,0
35.4691429138184,0
37.9536590576172,0
40.9930801391602,0
46.8991546630859,0
55.2881088256836,0
63.5853500366211,0
70.1175384521484,0
75.3687973022461,0
80.5266571044922,0
86.0931625366211,0
91.9992752075195,0
98.1247711181641,0
104.486175537109,0
111.438140869141,0
119.558525085449,0
128.649566650391,0
137.011596679688,0
142.65739440918,0
145.458297729492,0
147.269409179688,0
149.526550292969,0
151.384780883789,0
150.7919921875,0
146.947799682617,0
141.058532714844,0
134.8662109375,0
129.041702270508,0
123.008476257324,0
115.764282226562,0
106.658897399902,0
95.8083877563477,0
84.1728286743164,0
73.1034240722656,0
63.4562644958496,0
55.0832748413086,0
47.2836837768555,0
39.5296630859375,0
31.3885803222656,0
22.0163192749023,0
10.6778507232666,0
-1.81413590908051,0
-13.0093040466309,0
-21.079719543457,0
-26.7559070587158,0
-32.0106620788574,0
-37.114128112793,0
-40.3649978637695,0
-40.9081611633301,0
-40.2773017883301,0
-40.3327369689941,0
-40.9705085754395,0
-41.079418182373,0
-40.7044982910156,0
-40.6232719421387,0
-40.3612098693848,0
-38.5012130737305,0
-34.9970016479492,0
-31.4587211608887,0
-28.8127479553223,0
-26.4003791809082,0
-24.0925559997559,0
-23.4922199249268,0
-25.567756652832,0
-28.3688507080078,0
-29.0022830963135,0
-27.3567790985107,0
-26.0121574401855,0
-26.5164051055908,0
-27.6073932647705,0
-27.5835494995117,0
-26.685302734375,0
-26.0042743682861,0
-25.2348670959473,0
-22.9801921844482,0
-18.8885402679443,0
-14.3285579681396,0
-11.001953125,0
-9.60167789459229,0
-9.61068916320801,0
-9.69540500640869,0
-8.51811981201172,0
-5.8798942565918,0
-2.84441423416138,0
-0.110646143555641,0
3.2026584148407,0
8.1568660736084,0
13.9418153762817,0
18.7382965087891,0
22.4541320800781,0
26.8105602264404,0
32.4348335266113,0
37.8872528076172,0
42.5166435241699,0
48.2616958618164,0
56.7842140197754,0
66.2274551391602,0
73.1707305908203,0
77.1966781616211,0
81.0592193603516,0
86.2474822998047,0
90.9154891967773,0
93.1596908569336,0
94.0852508544922,0
95.737907409668,0
97.4196853637695,0
96.4067611694336,0
91.8830413818359,0
85.8256988525391,0
79.6945877075195,0
72.6086807250977,0
64.0749588012695,0
56.4934692382812,0
52.589916229248,0
51.2899398803711,0
48.8613128662109,0
44.2558326721191,0
40.5547294616699,0
39.9770126342773,0
39.9471473693848,0
36.3291893005371,0
29.0101623535156,0
21.6839828491211,0
16.8118762969971,0
13.4355039596558,0
9.89129257202148,0
5.9726128578186,0
1.66830706596375,0
-3.8608922958374,0
-10.6579370498657,0
-16.994348526001,0
-21.4976024627686,0
-25.0623016357422,0
-29.2304096221924,0
-33.6376724243164,0
-36.5996513366699,0
-37.6641960144043,0
-38.0953674316406,0
-38.9685211181641,0
-39.975757598877,0
-40.1434631347656,0
-38.7724342346191,0
-35.5581855773926,0
-30.6559925079346,0
-25.0917263031006,0
-20.7368679046631,0
-19.3132381439209,0
-20.9615612030029,0
-23.5612907409668,0
-23.8942451477051,0
-20.3007717132568,0
-14.2951393127441,0
-8.91458797454834,0
-5.40267324447632,0
-2.25416016578674,0
2.39963865280151,0
8.42769718170166,0
14.0542984008789,0
17.7184352874756,0
19.2205753326416,0
19.8624744415283,0
21.7876224517822,0
26.2138080596924,0
31.8293266296387,0
35.8637657165527,0
37.192497253418,0
37.2842216491699,0
37.5741958618164,0
37.421314239502,0
35.8426818847656,0
33.9077949523926,0
33.5875816345215,0
34.8357048034668,0
35.5773239135742,0
34.4934768676758,0
32.3772850036621,0
30.7316646575928,0
30.372875213623,0
31.568302154541,0
34.2394371032715,0
37.5357704162598,0
40.1025199890137,0
41.1751556396484,0
40.7581634521484,0
38.690601348877,0
34.6339530944824,0
29.4211807250977,0
25.3337211608887,0
24.1023941040039,0
25.137939453125,0
26.4985542297363,0
27.1615886688232,0
27.4591102600098,0
27.5675468444824,0
26.7938079833984,0
24.7848281860352,0
22.521390914917,0
21.2155513763428,0
20.5786037445068,0
19.1310806274414,0
16.2839584350586,0
13.2258682250977,0
11.3920707702637,0
10.8383474349976,0
10.6862936019897,0
10.4074735641479,0
9.8095588684082,0
8.43176746368408,0
6.18481254577637,0
4.22346639633179,0
3.77978658676147,0
4.23344326019287,0
3.87384796142578,0
2.64023685455322,0
2.21235942840576,0
2.84293222427368,0
2.27533507347107,0
-0.834559142589569,0
-4.43372058868408,0
-6.10316801071167,0
-6.97382116317749,0
-9.80329418182373,0
-13.9634809494019,0
-15.6706438064575,0
-13.6212749481201,0
-11.3017988204956,0
-12.2760782241821,0
-15.6012468338013,0
-17.8658657073975,0
-17.9741153717041,0
-17.5078048706055,0
-17.2942485809326,0
-16.1858081817627,0
-13.3772869110107,0
-9.91149520874023,0
-7.17428827285767,0
-5.22142887115479,0
-3.41741991043091,0
-1.84914171695709,0
-1.15125346183777,0
-1.2303147315979,0
-0.949634492397308,0
0.758226096630096,0
3.84321904182434,0
7.44595003128052,0
11.04869556427,0
14.8382530212402,0
18.747745513916,0
21.716703414917,0
22.6522274017334,0
21.9600944519043,0
21.2619380950928,0
21.4414939880371,0
21.714183807373,0
20.8173141479492,0
18.3705024719238,0
14.9346342086792,0
11.7244873046875,0
10.5269069671631,0
12.6277475357056,0
17.1546173095703,0
21.7259693145752,0
25.5664825439453,0
30.4883060455322,0
37.4516410827637,0
43.7857131958008,0
46.1369171142578,0
45.229061126709,0
44.9013557434082,0
46.5396728515625,0
47.4271774291992,0
45.3919219970703,0
42.1937141418457,0
40.4278182983398,0
39.2314071655273,0
35.6831321716309,0
29.4843883514404,0
23.5949783325195,0
20.1458930969238,0
17.9550437927246,0
14.9390249252319,0
11.4042949676514,0
9.55099773406982,0
10.2878971099854,0
11.8647689819336,0
11.96888256073,0
10.4347114562988,0
9.22054100036621,0
9.9245433807373,0
12.1687650680542,0
14.7987117767334,0
17.8184947967529,0
21.9766521453857,0
26.6372833251953,0
29.5062065124512,0
29.1282825469971,0
26.6666793823242,0
24.2912464141846,0
22.4762725830078,0
19.9715576171875,0
16.0785636901855,0
11.7108240127563,0
8.04416561126709,0
5.1585111618042,0
2.54471826553345,0
0.331146329641342,0
-0.608253955841064,0
0.398127555847168,0
3.05537176132202,0
6.16602993011475,0
8.39471626281738,0
9.26863288879395,0
9.58263778686523,0
10.5918664932251,0
12.6911916732788,0
15.0892534255981,0
16.7919845581055,0
17.5950679779053,0
18.0700378417969,0
18.9475727081299,0
20.6149120330811,0
22.8329391479492,0
24.772180557251,0
25.6180324554443,0
25.229190826416,0
23.9179763793945,0
21.6955070495605,0
18.3199615478516,0
14.1109895706177,0
9.98354244232178,0
6.43288850784302,0
3.11890339851379,0
-0.350215226411819,0
-3.93598914146423,0
-7.61680364608765,0
-11.3714361190796,0
-14.4908647537231,0
-16.1759777069092,0
-17.3516368865967,0
-20.306547164917,0
-25.3545436859131,0
-29.4018630981445,0
-29.7562484741211,0
-28.3116912841797,0
-29.5396671295166,0
-34.6411590576172,0
-40.2412757873535,0
-43.2913627624512,0
-44.7464904785156,0
-47.1357421875,0
-50.6242370605469,0
-53.5798110961914,0
-55.8656959533691,0
-59.1432723999023,0
-63.9117622375488,0
-68.2674102783203,0
-70.3146591186523,0
-70.3732757568359,0
-69.7788314819336,0
-68.586669921875,0
-65.9261779785156,0
-62.1243324279785,0
-58.747386932373,0
-56.3000373840332,0
-53.5136299133301,0
-49.6836700439453,0
-46.1939582824707,0
-44.4039154052734,0
-43.3052291870117,0
-41.1613311767578,0
-38.6899070739746,0
-38.327880859375,0
-40.3592338562012,0
-41.985050201416,0
-40.8122940063477,0
-37.4875984191895,0
-34.2499465942383,0
-32.5545692443848,0
-32.8355941772461,0
-34.9067344665527,0
-37.5871658325195,0
-39.3366661071777,0
-40.152473449707,0
-41.4342575073242,0
-43.2559700012207,0
-43.6728286743164,0
-41.9645500183105,0
-40.5794143676758,0
-41.9368743896484,0
-44.7968597412109,0
-45.9456176757812,0
-44.4110450744629,0
-41.8589134216309,0
-39.7235717773438,0
-38.3525848388672,0
-38.4774131774902,0
-40.8917045593262,0
-44.3939018249512,0
-46.243522644043,0
-45.2789192199707,0
-43.0083312988281,0
-41.3669052124023,0
-41.1430511474609,0
-42.8548774719238,0
-46.9589042663574,0
-52.2136917114258,0
-55.8089637756348,0
-56.5672035217285,0
-56.4979515075684,0
-57.6454086303711,0
-58.8679313659668,0
-57.7950859069824,0
-54.9328956604004,0
-53.2808990478516,0
-54.0402908325195,0
-55.176643371582,0
-54.7666282653809,0
-53.5513153076172,0
-53.0598449707031,0
-52.9504280090332,0
-51.6799697875977,0
-48.7218589782715,0
-44.8645439147949,0
-41.2189445495605,0
-38.9950828552246,0
-39.175422668457,0
-41.1325378417969,0
-42.607063293457,0
-42.3965454101562,0
-41.8344688415527,0
-41.9484329223633,0
-40.7145805358887,0
-35.8343811035156,0
-29.2526531219482,0
-25.5149154663086,0
-25.6082496643066,0
-25.9046478271484,0
-24.0362720489502,0
-22.3235778808594,0
-23.561466217041,0
-26.4787139892578,0
-28.0828838348389,0
-28.3331851959229,0
-29.3834323883057,0
-31.403284072876,0
-32.2739944458008,0
-31.1689472198486,0
-29.767391204834,0
-29.5920219421387,0
-30.1985015869141,0
-30.5182056427002,0
-30.3932189941406,0
-30.13743019104,0
-29.6671295166016,0
-28.6593799591064,0
-27.0673751831055,0
-25.3797168731689,0
-24.6441822052002,0
-25.6588459014893,0
-27.5916290283203,0
-28.4704456329346,0
-28.1842823028564,0
-29.7084522247314,0
-35.328742980957,0
-42.5983238220215,0
-46.8111801147461,0
-47.2832183837891,0
-47.9833030700684,0
-51.2288436889648,0
-54.1705360412598,0
-53.4822883605957,0
-50.568187713623,0
-49.1379890441895,0
-49.7268409729004,0
-50.2281761169434,0
-50.7149696350098,0
-53.6846122741699,0
-59.3388710021973,0
-64.3183898925781,0
-66.1870422363281,0
-66.101921081543,0
-65.6993637084961,0
-64.2609786987305,0
-60.9158935546875,0
-57.2166519165039,0
-55.1585159301758,0
-54.3022117614746,0
-52.9466781616211,0
-50.6009674072266,0
-47.2867774963379,0
-42.1531143188477,0
-35.2655143737793,0
-29.2248401641846,0
-26.127405166626,0
-24.0294895172119,0
-19.4819049835205,0
-12.8454446792603,0
-7.92383146286011,0
-6.65370512008667,0
-7.33143138885498,0
-8.06960201263428,0
-8.77354526519775,0
-9.38131618499756,0
-9.43764972686768,0
-10.1693353652954,0
-13.7798824310303,0
-19.5024070739746,0
-23.3262920379639,0
-23.1251468658447,0
-21.3552284240723,0
-21.0914478302002,0
-22.136100769043,0
-23.0815391540527,0
-24.6170864105225,0
-28.055591583252,0
-32.3754196166992,0
-35.5445213317871,0
-37.7130279541016,0
-40.5690383911133,0
-44.248477935791,0
-47.235595703125,0
-48.9881172180176,0
-50.6118202209473,0
-52.9710083007812,0
-55.6965713500977,0
-58.0321235656738,0
-59.5265350341797,0
-60.1723136901855,0
-60.7678375244141,0
-62.4767379760742,0
-65.0686187744141,0
-66.6187896728516,0
-66.2049942016602,0
-65.6241149902344,0
-66.592170715332,0
-67.4130325317383,0
-64.9667587280273,0
-59.5344200134277,0
-54.8989105224609,0
-53.3368492126465,0
-53.030632019043,0
-51.3264236450195,0
-48.3522644042969,0
-45.9559288024902,0
-44.602668762207,0
-43.0477142333984,0
-40.4172286987305,0
-37.2268295288086,0
-34.5173568725586,0
-32.9168891906738,0
-32.5289306640625,0
-33.0632858276367,0
-33.866584777832,0
-34.1195678710938,0
-33.3649711608887,0
-32.086368560791,0
-31.5297088623047,0
-32.2399139404297,0
-32.7387313842773,0
-30.7877368927002,0
-26.4608936309814,0
-22.5347213745117,0
-20.6922130584717,0
-18.8525352478027,0
-14.1987237930298,0
-7.64842939376831,0
-2.69254422187805,0
-0.363473504781723,0
1.61042702198029,0
4.46393060684204,0
6.44296312332153,0
6.31480646133423,0
5.89453315734863,0
7.16169691085815,0
9.13232231140137,0
9.86862945556641,0
9.97151184082031,0
11.6860399246216,0
15.5366582870483,0
20.0556621551514,0
24.1770687103271,0
27.7973880767822,0
30.3677921295166,0
31.047966003418,0
30.4054679870605,0
30.2904167175293,0
31.6423854827881,0
33.5094795227051,0
34.3656959533691,0
33.4981155395508,0
31.1978149414062,0
28.5026683807373,0
26.5815048217773,0
25.5115547180176,0
24.0179634094238,0
21.3437156677246,0
18.7485752105713,0
17.7920112609863,0
17.6442718505859,0
15.8709449768066,0
11.8015670776367,0
7.24039173126221,0
3.53018927574158,0
-0.128693997859955,0
-4.5916633605957,0
-8.85475540161133,0
-11.783182144165,0
-14.5912914276123,0
-19.731107711792,0
-27.540994644165,0
-35.4934158325195,0
-41.0222244262695,0
-44.0934410095215,0
-46.6315307617188,0
-50.178035736084,0
-54.6802711486816,0
-59.1711463928223,0
-62.865966796875,0
-65.3014755249023,0
-65.8491363525391,0
-63.9221000671387,0
-60.0158042907715,0
-55.9113426208496,0
-53.0677757263184,0
-51.1182899475098,0
-48.8506126403809,0
-46.4142074584961,0
-45.1978492736816,0
-45.2827110290527,0
-44.6063346862793,0
-41.6784477233887,0
-37.8943061828613,0
-35.6695747375488,0
-35.031177520752,0
-33.7969512939453,0
-30.9457302093506,0
-28.0129928588867,0
-26.6738739013672,0
-26.3720874786377,0
-25.1670360565186,0
-22.001184463501,0
-17.3654460906982,0
-12.4558715820312,0
-8.44163513183594,0
-5.97909688949585,0
-4.598961353302,0
-2.84322309494019,0
0.319346219301224,0
4.29482936859131,0
7.37735557556152,0
8.20289897918701,0
6.61295747756958,0
3.76697945594788,0
1.68660175800323,0
1.7106841802597,0
2.65565943717957,0
1.40237033367157,0
-3.65473651885986,0
-10.4909200668335,0
-15.9404077529907,0
-19.467004776001,0
-22.8127098083496,0
-26.5649185180664,0
-29.4236469268799,0
-31.0619945526123,0
-33.2508430480957,0
-37.0628509521484,0
-40.976634979248,0
-43.2592124938965,0
-44.5761985778809,0
-46.3846397399902,0
-47.9982643127441,0
-47.4553260803223,0
-44.6867866516113,0
-41.6420097351074,0
-39.397144317627,0
-37.1861953735352,0
-34.5312004089355,0
-32.3939170837402,0
-31.5251941680908,0
-31.1819286346436,0
-30.2752151489258,0
-28.6386585235596,0
-26.532657623291,0
-24.0773162841797,0
-21.8924713134766,0
-21.1164970397949,0
-21.8423976898193,0
-22.4893379211426,0
-21.7025928497314,0
-20.0597400665283,0
-18.9339275360107,0
-18.5135459899902,0
-18.1085300445557,0
-17.6755275726318,0
-17.5933818817139,0
-17.2896633148193,0
-15.5929651260376,0
-12.5103750228882,0
-9.37379169464111,0
-7.00574207305908,0
-4.91626119613647,0
-2.68516564369202,0
-0.981679975986481,0
-0.488236010074615,0
-0.675306856632233,0
-0.596085727214813,0
-0.478232145309448,0
-1.58406496047974,0
-4.49728202819824,0
-8.30712604522705,0
-11.7883920669556,0
-14.8871841430664,0
-18.4770889282227,0
-22.7186450958252,0
-26.3005542755127,0
-27.8011226654053,0
-27.5239295959473,0
-27.2639045715332,0
-28.1648254394531,0
-29.5934925079346,0
-30.5657520294189,0
-31.4753379821777,0
-33.4255828857422,0
-36.1723976135254,0
-37.8394393920898,0
-36.8869323730469,0
-33.6182823181152,0
-29.5362415313721,0
-25.9183864593506,0
-23.3097991943359,0
-21.6775493621826,0
-20.4798278808594,0
-19.0078010559082,0
-17.219425201416,0
-16.0080699920654,0
-16.2323341369629,0
-17.7324447631836,0
-19.7197113037109,0
-21.8059978485107,0
-23.9723930358887,0
-25.626522064209,0
-25.5669460296631,0
-23.3509654998779,0
-20.2114086151123,0
-18.0150775909424,0
-17.4977035522461,0
-18.1089973449707,0
-19.4687652587891,0
-22.0395488739014,0
-25.9089508056641,0
-29.7637329101562,0
-32.1075096130371,0
-33.1329536437988,0
-34.183895111084,0
-35.3896026611328,0
-35.2717781066895,0
-33.2154541015625,0
-30.87060546875,0
-29.9510173797607,0
-29.777774810791,0
-28.5913333892822,0
-26.6092319488525,0
-25.9036045074463,0
-27.3261070251465,0
-29.3761539459229,0
-30.4691543579102,0
-30.608570098877,0
-30.0503768920898,0
-27.8595733642578,0
-23.1067447662354,0
-16.6908893585205,0
-10.8036632537842,0
-6.908043384552,0
-4.88779306411743,0
-3.65022015571594,0
-1.88698887825012,0
1.25380039215088,0
5.55910158157349,0
10.1290559768677,0
14.6683282852173,0
19.6951999664307,0
25.0466747283936,0
29.1533985137939,0
30.6299266815186,0
29.8029289245605,0
27.8106479644775,0
25.0500164031982,0
21.6147708892822,0
18.4454860687256,0
16.5546436309814,0
15.4948892593384,0
14.0373592376709,0
12.1877460479736,0
11.1219654083252,0
11.2145013809204,0
11.6778345108032,0
12.3128728866577,0
13.922345161438,0
16.3510818481445,0
17.7219505310059,0
16.8103446960449,0
15.0475006103516,0
14.7820072174072,0
16.324010848999,0
18.2669467926025,0
20.2804851531982,0
23.6474838256836,0
28.6963691711426,0
33.5842475891113,0
36.8016586303711,0
39.4990005493164,0
43.599494934082,0
48.3564796447754,0
50.8823127746582,0
50.1496315002441,0
48.3643264770508,0
47.6431617736816,0
47.3508605957031,0
46.1275939941406,0
44.6730842590332,0
44.185359954834,0
43.2079010009766,0
39.070369720459,0
32.5675430297852,0
28.3093204498291,0
29.269998550415,0
33.1635360717773,0
35.7170791625977,0
35.8370361328125,0
35.7846450805664,0
37.4857711791992,0
40.6499977111816,0
43.9840812683105,0
46.5241966247559,0
47.9001426696777,0
48.5561561584473,0
49.5751953125,0
51.3979644775391,0
53.2792053222656,0
54.9935188293457,0
58.0355682373047,0
63.3722496032715,0
68.7557601928711,0
70.5660171508789,0
68.266960144043,0
64.8012313842773,0
62.3381843566895,0
60.0551948547363,0
56.8554611206055,0
53.6699714660645,0
51.3819808959961,0
48.5459060668945,0
43.430004119873,0
37.0588912963867,0
31.9357662200928,0
28.4850406646729,0
25.0504684448242,0
21.1429405212402,0
18.3897361755371,0
17.8844051361084,0
18.4968147277832,0
18.576301574707,0
17.9845542907715,0
17.6622753143311,0
18.1249523162842,0
19.0251026153564,0
19.5448131561279,0
18.9208450317383,0
17.3007373809814,0
16.1497611999512,0
16.7851314544678,0
18.3679218292236,0
18.6555099487305,0
17.1501808166504,0
15.965160369873,0
16.6446533203125,0
17.6497669219971,0
16.6177043914795,0
14.0968971252441,0
12.9785985946655,0
14.4311923980713,0
16.4091091156006,0
16.6644897460938,0
15.5265684127808,0
14.7130193710327,0
14.6757459640503,0
14.5526275634766,0
14.185320854187,0
14.7103757858276,0
16.9467830657959,0
20.1793632507324,0
22.9907779693604,0
24.7281093597412,0
25.6930866241455,0
26.2837142944336,0
26.569917678833,0
26.6875324249268,0
27.0317764282227,0
27.6223316192627,0
27.5180835723877,0
25.4407768249512,0
21.1290588378906,0
15.6269721984863,0
9.94622421264648,0
3.89060187339783,0
-3.26993417739868,0
-11.2828464508057,0
-18.7944850921631,0
-24.6940441131592,0
-28.9281044006348,0
-32.0244026184082,0
-34.5684280395508,0
-37.2011947631836,0
-40.2491073608398,0
-43.1246910095215,0
-44.9796714782715,0
-46.209056854248,0
-48.229923248291,0
-51.3480529785156,0
-54.1882362365723,0
-56.0835075378418,0
-58.5464553833008,0
-62.8471183776855,0
-67.326530456543,0
-69.2271881103516,0
-68.6769027709961,0
-68.591667175293,0
-70.4905471801758,0
-72.5963745117188,0
-72.8589172363281,0
-72.0115966796875,0
-72.2940521240234,0
-74.2565994262695,0
-76.2716598510742,0
-76.8971252441406,0
-76.6957321166992,0
-77.5461349487305,0
-80.4783325195312,0
-84.2774353027344,0
-86.3463668823242,0
-85.1257476806641,0
-81.4474029541016,0
-77.3782653808594,0
-74.3717269897461,0
-72.9205474853516,0
-72.9742965698242,0
-73.710807800293,0
-73.8098297119141,0
-73.1355895996094,0
-73.1552658081055,0
-74.2711868286133,0
-74.0282516479492,0
-70.1164093017578,0
-64.0393829345703,0
-59.0297546386719,0
-55.081111907959,0
-49.4098701477051,0
-41.6493225097656,0
-34.7017631530762,0
-29.7462711334229,0
-24.4188404083252,0
-17.5049705505371,0
-11.5225086212158,0
-8.28777885437012,0
-5.58181428909302,0
-1.32839846611023,0
2.23465657234192,0
2.46816349029541,0
1.68920230865479,0
3.89891290664673,0
7.82746076583862,0
8.40751361846924,0
4.80264139175415,0
1.88810288906097,0
2.93009853363037,0
5.39064693450928,0
5.76077365875244,0
4.65388202667236,0
4.56973361968994,0
5.46720123291016,0
5.37436866760254,0
3.64106130599976,0
1.10819792747498,0
-1.81605100631714,0
-5.15223836898804,0
-8.22231960296631,0
-10.3151330947876,0
-11.9967012405396,0
-14.4595346450806,0
-18.1090450286865,0
-22.7857456207275,0
-28.5260887145996,0
-34.9103050231934,0
-40.457649230957,0
-43.996337890625,0
-46.1047859191895,0
-48.0948448181152,0
-50.2212944030762,0
-52.0856018066406,0
-54.1209335327148,0
-57.1764869689941,0
-60.886417388916,0
-63.7870864868164,0
-65.0353393554688,0
-65.0335693359375,0
-64.5464706420898,0
-64.1575393676758,0
-64.2914505004883,0
-64.6520004272461,0
-63.813060760498,0
-60.5056762695312,0
-55.2936248779297,0
-49.984058380127,0
-45.4504203796387,0
-41.0157127380371,0
-35.8252868652344,0
-29.660888671875,0
-22.4257736206055,0
-14.1105661392212,0
-5.49622774124146,0
2.33408308029175,0
9.58242416381836,0
17.6738739013672,0
26.9900741577148,0
35.6670532226562,0
41.5076370239258,0
44.4384765625,0
46.158260345459,0
47.6483879089355,0
47.9579162597656,0
45.7560272216797,0
41.6599388122559,0
38.3981552124023,0
38.2287216186523,0
40.3630180358887,0
41.6855506896973,0
40.2756385803223,0
37.3891372680664,0
35.3841285705566,0
34.6127777099609,0
33.4348411560059,0
30.6380138397217,0
26.5279369354248,0
21.9853687286377,0
17.8092613220215,0
14.844331741333,0
13.4038686752319,0
12.524884223938,0
10.973048210144,0
8.91147804260254,0
7.34286737442017,0
6.11037635803223,0
3.98462653160095,0
0.636266231536865,0
-3.24524521827698,0
-7.87840843200684,0
-14.4177865982056,0
-22.5981426239014,0
-30.3841915130615,0
-36.7350120544434,0
-42.7443504333496,0
-49.0887908935547,0
-54.4159317016602,0
-57.5986137390137,0
-59.6047554016113,0
-61.4656181335449,0
-62.2684555053711,0
-61.2481994628906,0
-60.2677345275879,0
-61.7078094482422,0
-64.8570556640625,0
-66.8392715454102,0
-66.53173828125,0
-65.2697448730469,0
-64.1399459838867,0
-62.9654769897461,0
-61.7914619445801,0
-60.9566383361816,0
-59.4918937683105,0
-55.7162590026855,0
-49.9332962036133,0
-44.5644760131836,0
-41.0146255493164,0
-38.1922607421875,0
-34.7474822998047,0
-31.0103187561035,0
-27.892017364502,0
-25.4153003692627,0
-23.2213268280029,0
-21.1822147369385,0
-18.6443996429443,0
-14.3278903961182,0
-7.93402099609375,0
-0.873861134052277,0
5.33351612091064,0
10.3952808380127,0
14.434531211853,0
17.1748390197754,0
18.8447151184082,0
20.7083511352539,0
23.5701789855957,0
26.6111793518066,0
28.707160949707,0
30.0809726715088,0
31.6376552581787,0
33.4148063659668,0
34.7414970397949,0
35.3082122802734,0
35.0624809265137,0
33.5940399169922,0
30.6480369567871,0
26.8599128723145,0
23.1075630187988,0
19.4950866699219,0
15.6548414230347,0
11.4620161056519,0
6.68717479705811,0
0.73309063911438,0
-6.17296171188354,0
-12.2188787460327,0
-15.8716630935669,0
-18.1836185455322,0
-21.7707233428955,0
-27.4972534179688,0
-33.5647087097168,0
-38.0651588439941,0
-40.9876327514648,0
-43.1471710205078,0
-44.5119094848633,0
-44.7146797180176,0
-44.4357299804688,0
-45.0436630249023,0
-47.0405921936035,0
-49.7341728210449,0
-52.3029251098633,0
-54.2809600830078,0
-54.9964828491211,0
-53.6941947937012,0
-50.88720703125,0
-48.7632293701172,0
-49.1186103820801,0
-51.0804481506348,0
-51.9975700378418,0
-50.7877311706543,0
-49.2635803222656,0
-49.489013671875,0
-50.8807945251465,0
-51.187801361084,0
-49.7826690673828,0
-48.3877220153809,0
-48.3758697509766,0
-48.818531036377,0
-47.9177894592285,0
-45.2838401794434,0
-41.8472633361816,0
-38.2911109924316,0
-34.6778221130371,0
-31.1874866485596,0
-28.0629539489746,0
-24.9564590454102,0
-21.460018157959,0
-18.3447685241699,0
-17.0291557312012,0
-17.317907333374,0
-16.811897277832,0
-13.5652942657471,0
-8.67403888702393,0
-5.13986682891846,0
-4.50377511978149,0
-5.71868705749512,0
-7.18811273574829,0
-8.52148056030273,0
-9.83383464813232,0
-10.5774183273315,0
-10.1028156280518,0
-8.73398017883301,0
-7.26104831695557,0
-5.64902925491333,0
-3.15094780921936,0
0.400852829217911,0
4.24680709838867,0
7.73279714584351,0
11.046332359314,0
14.7604751586914,0
19.0960750579834,0
23.7673587799072,0
28.2868976593018,0
32.4694862365723,0
36.8651008605957,0
42.4270935058594,0
49.3832015991211,0
56.7835388183594,0
63.6179351806641,0
69.8488922119141,0
75.6277770996094,0
80.1799774169922,0
82.7736053466797,0
84.4514083862305,0
87.1111907958984,0
90.5746536254883,0
92.1897354125977,0
90.0788955688477,0
85.3231353759766,0
79.8691177368164,0
73.7218322753906,0
66.0043411254883,0
57.9493217468262,0
52.483039855957,0
50.4408836364746,0
49.0778884887695,0
45.4214744567871,0
39.8652648925781,0
35.0425682067871,0
31.8436107635498,0
28.2983112335205,0
22.5745086669922,0
15.4499826431274,0
8.85826110839844,0
3.18042492866516,0
-2.48979258537292,0
-7.9713773727417,0
-11.7911205291748,0
-13.5800647735596,0
-14.8114624023438,0
-16.2689933776855,0
-16.5244159698486,0
-14.5368280410767,0
-12.4215211868286,0
-13.3392810821533,0
-17.0551681518555,0
-19.875545501709,0
-19.1653652191162,0
-15.7649040222168,0
-11.3906393051147,0
-5.9498405456543,0
1.16918742656708,0
8.92350292205811,0
15.5978679656982,0
20.9405403137207,0
25.613338470459,0
29.2939453125,0
31.1254463195801,0
31.6156349182129,0
32.2733268737793,0
33.4671096801758,0
34.413948059082,0
35.4078254699707,0
38.130443572998,0
43.0096588134766,0
47.9190673828125,0
50.7492027282715,0
52.218563079834,0
54.7675170898438,0
59.1747093200684,0
63.5350074768066,0
65.5223007202148,0
64.6878967285156,0
62.3637504577637,0
59.9896926879883,0
57.8522834777832,0
55.2056312561035,0
51.4790420532227,0
47.3216247558594,0
44.1380233764648,0
42.4448623657227,0
41.2144966125488,0
39.2673492431641,0
36.7034568786621,0
34.1732368469238,0
31.2858734130859,0
27.0566158294678,0
21.9454746246338,0
18.0303363800049,0
16.5261898040771,0
16.2336750030518,0
15.3051605224609,0
13.6100826263428,0
12.2027626037598,0
11.1409873962402,0
9.31563186645508,0
6.32902097702026,0
3.21016073226929,0
1.10090708732605,0
0.347266554832458,0
1.00471413135529,0
2.9502215385437,0
5.14536762237549,0
6.17363452911377,0
6.19509792327881,0
7.05185317993164,0
9.51925849914551,0
11.834228515625,0
12.3727512359619,0
12.6350250244141,0
15.6173782348633,0
21.6728210449219,0
27.8850440979004,0
31.5370426177979,0
32.538990020752,0
32.3762626647949,0
32.4386749267578,0
33.7595901489258,0
36.6508102416992,0
39.8496208190918,0
41.4810981750488,0
41.6251640319824,0
42.5223655700684,0
45.4159851074219,0
48.723030090332,0
50.5025863647461,0
51.2748413085938,0
52.7940521240234,0
55.1193466186523,0
56.7306594848633,0
56.9475898742676,0
56.5079956054688,0
56.1298637390137,0
56.2379493713379,0
57.9998054504395,0
62.8547134399414,0
70.6481475830078,0
79.6611480712891,0
89.0213088989258,0
99.9327087402344,0
113.885299682617,0
130.566314697266,0
148.350952148438,0
166.369552612305,0
185.237503051758,0
205.538925170898,0
225.935211181641,0
243.427352905273,0
256.113403320312,0
265.337615966797,0
273.786956787109,0
281.128631591797,0
283.213989257812,0
276.921844482422,0
264.464385986328,0
250.96858215332,0
238.57160949707,0
225.152603149414,0
208.680191040039,0
190.309127807617,0
172.520767211914,0
156.353958129883,0
141.652450561523,0
128.352005004883,0
116.023170471191,0
103.297355651855,0
89.3065338134766,0
75.0235595703125,0
61.8449020385742,0
49.474796295166,0
36.7040939331055,0
23.8920459747314,0
12.9507503509521,0
4.72544765472412,0
-1.91820955276489,0
-7.73667192459106,0
-11.4048633575439,0
-11.51842212677,0
-9.3163366317749,0
-7.65136241912842,0
-7.44787836074829,0
-6.93911170959473,0
-4.87246513366699,0
-2.84092736244202,0
-3.25528860092163,0
-6.03035688400269,0
-8.70688438415527,0
-9.39417552947998,0
-8.25488758087158,0
-6.30809736251831,0
-4.18178129196167,0
-2.19514799118042,0
-0.363049983978271,0
2.1157693862915,0
6.2745099067688,0
11.729133605957,0
16.5594139099121,0
19.4904880523682,0
21.4056015014648,0
23.9662685394287,0
27.3398685455322,0
30.0166358947754,0
30.4355754852295,0
28.200475692749,0
24.1869029998779,0
20.1208629608154,0
17.5944271087646,0
16.6566696166992,0
15.5223436355591,0
12.3246822357178,0
7.05313920974731,0
1.26987159252167,0
-3.74959540367126,0
-7.78005266189575,0
-10.7268962860107,0
-12.0811529159546,0
-11.8261651992798,0
-11.1762828826904,0
-11.6389770507812,0
-13.557541847229,0
-16.1711349487305,0
-18.947338104248,0
-22.1199817657471,0
-25.794605255127,0
-29.2939319610596,0
-31.9201545715332,0
-33.9132385253906,0
-36.0754241943359,0
-38.7674560546875,0
-41.8893394470215,0
-45.5025520324707,0
-49.53662109375,0
-52.9417953491211,0
-54.2683792114258,0
-53.5574073791504,0
-52.7479286193848,0
-53.4254035949707,0
-54.7228927612305,0
-54.3526153564453,0
-51.5393295288086,0
-48.0903816223145,0
-46.3790817260742,0
-46.8603172302246,0
-47.9579391479492,0
-48.0547790527344,0
-46.9615173339844,0
-45.2727088928223,0
-42.9585380554199,0
-39.5019683837891,0
-35.3161506652832,0
-31.734827041626,0
-28.8638458251953,0
-24.5463447570801,0
-16.8598518371582,0
-7.09956693649292,0
1.3385671377182,0
7.00508832931519,0
11.7501077651978,0
17.8119869232178,0
25.2350158691406,0
32.8462028503418,0
40.148681640625,0
46.9883308410645,0
52.5114784240723,0
55.956184387207,0
57.9270095825195,0
59.6902694702148,0
61.6815910339355,0
63.7933616638184,0
66.5154800415039,0
70.3071517944336,0
74.0501403808594,0
75.714111328125,0
74.9049072265625,0
73.4919967651367,0
73.1695327758789,0
73.4859924316406,0
73.0866088867188,0
72.0274963378906,0
71.658935546875,0
72.469970703125,0
73.2433700561523,0
72.6748657226562,0
70.9195175170898,0
68.8643035888672,0
66.5537796020508,0
63.4605865478516,0
60.1790084838867,0
58.5391807556152,0
59.4918594360352,0
61.8977737426758,0
64.21044921875,0
66.4234161376953,0
69.2009811401367,0
71.862907409668,0
72.8752212524414,0
72.1731033325195,0
71.3988037109375,0
71.6281661987305,0
72.3044891357422,0
72.8148803710938,0
73.7514190673828,0
75.9591751098633,0
79.3732528686523,0
83.3417205810547,0
87.2133636474609,0
90.3537216186523,0
92.6720123291016,0
95.2543029785156,0
99.0131072998047,0
102.524085998535,0
103.163749694824,0
101.038276672363,0
99.5503158569336,0
100.792823791504,0
102.625823974609,0
102.268508911133,0
100.753578186035,0
101.124046325684,0
103.599769592285,0
105.689758300781,0
106.620971679688,0
108.492897033691,0
112.637908935547,0
117.571937561035,0
121.504417419434,0
124.692474365234,0
128.095550537109,0
131.396759033203,0
133.734649658203,0
135.250137329102,0
136.579299926758,0
137.425979614258,0
136.653182983398,0
133.526229858398,0
128.425888061523,0
122.817230224609,0
118.776695251465,0
117.769493103027,0
119.381301879883,0
121.819694519043,0
123.952178955078,0
126.103965759277,0
128.610046386719,0
130.746780395508,0
131.88313293457,0
132.713439941406,0
134.272018432617,0
136.407028198242,0
138.359817504883,0
140.232772827148,0
142.418563842773,0
143.856430053711,0
142.614837646484,0
138.602355957031,0
134.105026245117,0
130.757736206055,0
127.344230651855,0
121.928169250488,0
115.153816223145,0
109.633392333984,0
106.380439758301,0
103.768196105957,0
100.415596008301,0
97.2949523925781,0
95.7644882202148,0
94.6849746704102,0
91.2054901123047,0
84.319953918457,0
76.3276062011719,0
70.2948989868164,0
66.7631530761719,0
63.4697113037109,0
57.972599029541,0
50.0112495422363,0
41.2490768432617,0
33.1689414978027,0
25.7823925018311,0
18.4827117919922,0
11.5031881332397,0
5.78838443756104,0
1.5563907623291,0
-2.21428918838501,0
-6.5940637588501,0
-11.4992046356201,0
-15.9325113296509,0
-19.0577487945557,0
-20.9081497192383,0
-22.4465923309326,0
-25.000638961792,0
-29.1222648620605,0
-33.9000968933105,0
-37.9332237243652,0
-40.9783744812012,0
-43.8577766418457,0
-46.7087249755859,0
-48.4867630004883,0
-48.6891136169434,0
-48.4097137451172,0
-48.8022041320801,0
-49.4633445739746,0
-49.5037879943848,0
-49.5463027954102,0
-51.2956085205078,0
-55.2814064025879,0
-60.1139984130859,0
-63.9497222900391,0
-65.8404541015625,0
-65.7855758666992,0
-64.4429168701172,0
-62.9063148498535,0
-62.0388946533203,0
-61.9467277526855,0
-62.5719184875488,0
-64.3950271606445,0
-67.6404647827148,0
-71.1400451660156,0
-73.3017807006836,0
-74.2732925415039,0
-75.7545928955078,0
-78.2257843017578,0
-79.8048477172852,0
-78.9227905273438,0
-77.0536346435547,0
-77.1733932495117,0
-79.7628479003906,0
-82.0009155273438,0
-81.5173187255859,0
-79.6298599243164,0
-79.4878082275391,0
-81.5040130615234,0
-82.4076309204102,0
-79.5011901855469,0
-74.4409561157227,0
-71.2505111694336,0
-71.205696105957,0
-71.6100540161133,0
-69.8928756713867,0
-66.9922866821289,0
-65.4901580810547,0
-65.7562026977539,0
-65.6763610839844,0
-63.70849609375,0
-60.5073509216309,0
-57.2854652404785,0
-53.8584938049316,0
-49.0671844482422,0
-42.639965057373,0
-35.994083404541,0
-31.0573921203613,0
-28.4122467041016,0
-26.8686141967773,0
-25.105318069458,0
-23.3446521759033,0
-22.7380714416504,0
-23.5480499267578,0
-25.283275604248,0
-28.5038719177246,0
-34.4182014465332,0
-41.8202857971191,0
-46.5405387878418,0
-45.8501205444336,0
-42.0078582763672,0
-39.2380561828613,0
-38.2387771606445,0
-36.3525810241699,0
-32.6975440979004,0
-29.8833961486816,0
-29.7554759979248,0
-30.1895008087158,0
-27.9537334442139,0
-23.0410861968994,0
-18.138599395752,0
-14.7087831497192,0
-11.6290912628174,0
-7.68614339828491,0
-3.81224513053894,0
-2.16840624809265,0
-3.65313363075256,0
-6.88652896881104,0
-9.61197757720947,0
-10.8807649612427,0
-11.6419916152954,0
-13.1279392242432,0
-15.1521663665771,0
-16.6374378204346,0
-17.5291290283203,0
-19.1462020874023,0
-22.4323310852051,0
-26.8318138122559,0
-31.3382225036621,0
-35.6923294067383,0
-39.8226776123047,0
-43.0572204589844,0
-45.1419258117676,0
-47.5595779418945,0
-52.3352699279785,0
-59.3391189575195,0
-66.0458602905273,0
-70.5102081298828,0
-73.4990081787109,0
-76.8555297851562,0
-80.7398529052734,0
-83.8546142578125,0
-85.9233551025391,0
-88.2210083007812,0
-91.3031387329102,0
-93.7432479858398,0
-94.056640625,0
-92.7450866699219,0
-91.2025299072266,0
-89.4044952392578,0
-86.2127227783203,0
-81.6168670654297,0
-77.0159759521484,0
-73.1337661743164,0
-69.2122802734375,0
-64.7390365600586,0
-60.4896583557129,0
-57.0610656738281,0
-53.7471237182617,0
-50.075984954834,0
-47.4279365539551,0
-47.6663551330566,0
-50.6827507019043,0
-54.5739631652832,0
-57.8368759155273,0
-60.1379661560059,0
-61.3371315002441,0
-61.2941818237305,0
-60.6162567138672,0
-60.1047325134277,0
-59.2485580444336,0
-56.7433815002441,0
-53.0146903991699,0
-50.8102035522461,0
-52.2900276184082,0
-56.3534049987793,0
-59.7286911010742,0
-60.164722442627,0
-57.880802154541,0
-54.4651908874512,0
-51.2058982849121,0
-48.3265914916992,0
-45.2551879882812,0
-41.5618019104004,0
-37.6726608276367,0
-34.4174613952637,0
-32.0039596557617,0
-30.0473136901855,0
-28.6104164123535,0
-28.4336433410645,0
-29.9047985076904,0
-32.4699478149414,0
-35.3076019287109,0
-38.0363235473633,0
-40.6726570129395,0
-43.4604339599609,0
-46.64892578125,0
-49.8120002746582,0
-51.826587677002,0
-52.5430526733398,0
-53.8324966430664,0
-57.3041496276855,0
-61.4311294555664,0
-63.1867141723633,0
-62.5408668518066,0
-62.6830673217773,0
-65.1438980102539,0
-67.5243606567383,0
-67.4518432617188,0
-66.1397933959961,0
-66.0491638183594,0
-67.2947387695312,0
-68.6764831542969,0
-70.3168487548828,0
-72.6750564575195,0
-74.5122756958008,0
-74.6002807617188,0
-74.3115921020508,0
-75.8137283325195,0
-78.6008529663086,0
-80.4257965087891,0
-80.7784881591797,0
-80.7242889404297,0
-80.1712951660156,0
-78.3149642944336,0
-76.1385269165039,0
-75.2055816650391,0
-74.3310623168945,0
-70.9435577392578,0
-65.7475433349609,0
-62.2839584350586,0
-61.3340263366699,0
-59.6611824035645,0
-55.5203132629395,0
-51.5425567626953,0
-50.1109199523926,0
-49.3230361938477,0
-46.2535133361816,0
-41.4962120056152,0
-37.4942054748535,0
-34.4492721557617,0
-30.9739265441895,0
-27.342700958252,0
-25.0842094421387,0
-24.206298828125,0
-23.4052238464355,0
-22.264217376709,0
-20.8833465576172,0
-18.2488822937012,0
-13.6424169540405,0
-9.05377960205078,0
-7.35752058029175,0
-8.20361995697021,0
-8.37956714630127,0
-6.41935110092163,0
-4.34219694137573,0
-4.44153642654419,0
-6.7628321647644,0
-10.3908748626709,0
-14.9602842330933,0
-19.9673194885254,0
-24.5065574645996,0
-28.6284961700439,0
-33.3146286010742,0
-38.4402809143066,0
-42.6235961914062,0
-45.8088836669922,0
-49.8022232055664,0
-55.0789947509766,0
-59.353832244873,0
-61.1174736022949,0
-62.5571022033691,0
-66.6120834350586,0
-72.6425247192383,0
-77.6885223388672,0
-81.0648651123047,0
-84.7773208618164,0
-89.5859146118164,0
-93.5568771362305,0
-95.1553802490234,0
-95.387565612793,0
-95.7959060668945,0
-96.1537857055664,0
-95.4126358032227,0
-93.6343154907227,0
-91.708137512207,0
-89.9507904052734,0
-87.9975662231445,0
-85.510986328125,0
-82.3075561523438,0
-78.443962097168,0
-74.7805938720703,0
-72.6428527832031,0
-72.16015625,0
-71.739860534668,0
-70.1311492919922,0
-68.3126373291016,0
-68.1607513427734,0
-69.6556396484375,0
-70.7152786254883,0
-69.8526916503906,0
-67.8323593139648,0
-66.2272872924805,0
-65.1395111083984,0
-63.1144332885742,0
-59.153923034668,0
-54.2063636779785,0
-50.2845458984375,0
-48.1816673278809,0
-46.5275993347168,0
-43.471508026123,0
-38.923999786377,0
-34.4133377075195,0
-30.8989601135254,0
-27.798791885376,0
-24.4783935546875,0
-21.5663681030273,0
-19.9335765838623,0
-19.1464729309082,0
-18.0295391082764,0
-16.3687877655029,0
-14.8999080657959,0
-13.6677646636963,0
-11.6522979736328,0
-8.5844898223877,0
-6.21552705764771,0
-6.68158149719238,0
-9.72248649597168,0
-12.5980587005615,0
-13.3406410217285,0
-13.3037757873535,0
-15.3173303604126,0
-19.5833187103271,0
-23.0474758148193,0
-23.4394435882568,0
-22.2713680267334,0
-22.3785266876221,0
-23.8165664672852,0
-24.3969440460205,0
-23.6535358428955,0
-23.6058349609375,0
-25.2093067169189,0
-26.5737724304199,0
-25.9072742462158,0
-24.2495460510254,0
-23.6789665222168,0
-24.2280960083008,0
-24.3571319580078,0
-23.6270503997803,0
-23.1979866027832,0
-24.1132736206055,0
-26.5839557647705,0
-30.7191791534424,0
-36.4662666320801,0
-42.6338157653809,0
-47.154727935791,0
-48.8421821594238,0
-48.3616561889648,0
-47.284854888916,0
-46.6910018920898,0
-46.8826484680176,0
-47.9921989440918,0
-50.3638648986816,0
-54.1866645812988,0
-58.8848533630371,0
-63.2840690612793,0
-66.7434844970703,0
-69.8307113647461,0
-73.2499542236328,0
-76.2824783325195,0
-77.2209701538086,0
-75.5331954956055,0
-72.6532669067383,0
-70.1834335327148,0
-68.1958770751953,0
-65.9501571655273,0
-63.3732833862305,0
-60.7445983886719,0
-57.520206451416,0
-52.9159278869629,0
-47.6897583007812,0
-43.941822052002,0
-42.5184211730957,0
-41.7010383605957,0
-39.5023612976074,0
-36.5477066040039,0
-35.2524261474609,0
-36.2415084838867,0
-37.1786346435547,0
-35.8059463500977,0
-32.7696838378906,0
-30.1834812164307,0
-28.4094848632812,0
-26.0370559692383,0
-22.6317138671875,0
-19.4349784851074,0
-16.9772834777832,0
-13.9115953445435,0
-9.1584300994873,0
-3.72170448303223,0
0.705286979675293,0
3.64481616020203,0
5.20952463150024,0
4.97425603866577,0
3.11593127250671,0
1.63279521465302,0
2.47489523887634,0
4.93233489990234,0
6.6634635925293,0
7.00626802444458,0
7.47707986831665,0
9.12802028656006,0
11.314600944519,0
13.3250780105591,0
15.4818363189697,0
18.1182842254639,0
20.9044952392578,0
23.6820869445801,0
26.7135353088379,0
29.7726497650146,0
32.2802200317383,0
34.5169868469238,0
37.1266670227051,0
39.2058334350586,0
38.9294967651367,0
36.788444519043,0
35.9892807006836,0
38.2104110717773,0
40.8601417541504,0
40.4038391113281,0
36.9078178405762,0
33.1772499084473,0
30.5554695129395,0
27.992847442627,0
24.65944480896,0
20.9373760223389,0
16.7675590515137,0
11.3397159576416,0
5.00212860107422,0
-0.416471481323242,0
-3.98059511184692,0
-6.80723142623901,0
-9.99656009674072,0
-12.7673330307007,0
-13.7767305374146,0
-13.3541021347046,0
-13.199649810791,0
-14.2534589767456,0
-15.8075637817383,0
-16.6096973419189,0
-16.1898441314697,0
-15.0717220306396,0
-14.0380172729492,0
-13.2867774963379,0
-12.3540859222412,0
-10.9780311584473,0
-9.7233772277832,0
-9.19769477844238,0
-8.84499931335449,0
-7.37034845352173,0
-4.52394580841064,0
-1.68546533584595,0
-0.350605905056,0
-0.671369135379791,0
-1.77304005622864,0
-2.78457713127136,0
-3.10773301124573,0
-2.35783958435059,0
-0.688453137874603,0
1.23090147972107,0
3.03088903427124,0
4.9660120010376,0
6.98830413818359,0
8.19883441925049,0
8.03763294219971,0
7.47842073440552,0
7.91726875305176,0
9.01407814025879,0
8.85479640960693,0
6.62405014038086,0
4.07784938812256,0
3.51385498046875,0
4.83335590362549,0
5.7140588760376,0
4.79023694992065,0
3.59854102134705,0
4.50792741775513,0
7.2351713180542,0
8.76718044281006,0
7.134850025177,0
4.0154914855957,0
2.42848300933838,0
2.62741947174072,0
1.92332220077515,0
-1.55993628501892,0
-6.75358867645264,0
-11.6422758102417,0
-15.5063037872314,0
-18.1976203918457,0
-19.0897903442383,0
-18.5995101928711,0
-19.3874740600586,0
-23.615421295166,0
-29.5326099395752,0
-33.2351608276367,0
-33.807315826416,0
-34.2180137634277,0
-36.6581382751465,0
-39.6774444580078,0
-41.2186508178711,0
-41.950122833252,0
-43.4344291687012,0
-44.9851417541504,0
-45.2075500488281,0
-45.5013999938965,0
-48.7098770141602,0
-54.345100402832,0
-58.4345436096191,0
-59.0539016723633,0
-59.0989151000977,0
-61.8108558654785,0
-65.9577941894531,0
-67.9949035644531,0
-67.4834289550781,0
-67.365478515625,0
-69.2335662841797,0
-71.1955032348633,0
-71.0293045043945,0
-69.0945892333984,0
-66.858642578125,0
-64.2127456665039,0
-59.9189071655273,0
-54.0216369628906,0
-48.452995300293,0
-45.3332901000977,0
-45.3145790100098,0
-47.2874717712402,0
-49.1977653503418,0
-49.5830955505371,0
-48.8709373474121,0
-48.8144416809082,0
-50.2803764343262,0
-52.1778678894043,0
-53.0013656616211,0
-52.6071929931641,0
-51.7148323059082,0
-50.4722061157227,0
-48.5808296203613,0
-46.200569152832,0
-43.4792366027832,0
-39.6528091430664,0
-34.0526809692383,0
-27.8087120056152,0
-23.0395851135254,0
-20.318000793457,0
-18.4884986877441,0
-17.145975112915,0
-17.4038887023926,0
-19.473201751709,0
-21.3686237335205,0
-21.4232788085938,0
-20.6144466400146,0
-20.6352424621582,0
-20.7955455780029,0
-19.0803508758545,0
-15.8704023361206,0
-14.2052097320557,0
-15.8316469192505,0
-18.8981914520264,0
-20.5089550018311,0
-20.1736679077148,0
-19.6756114959717,0
-20.5383777618408,0
-22.6719951629639,0
-24.7931652069092,0
-25.2698669433594,0
-23.2397136688232,0
-19.7896575927734,0
-17.3181571960449,0
-16.786548614502,0
-16.4726581573486,0
-14.7153511047363,0
-12.9247207641602,0
-13.8452939987183,0
-17.2069034576416,0
-19.5092391967773,0
-18.5570240020752,0
-15.8398904800415,0
-13.3612451553345,0
-10.5128631591797,0
-6.15010738372803,0
-1.93951618671417,0
-0.790812492370605,0
-2.65251755714417,0
-4.6563549041748,0
-5.4046630859375,0
-6.37384271621704,0
-8.55807781219482,0
-10.5541372299194,0
-11.3532190322876,0
-12.5501594543457,0
-15.6968622207642,0
-19.3811454772949,0
-21.5228652954102,0
-23.2766418457031,0
-27.5773410797119,0
-34.127082824707,0
-38.9587059020996,0
-39.6790046691895,0
-38.4673690795898,0
-38.5598182678223,0
-40.009521484375,0
-40.8206253051758,0
-40.6435279846191,0
-40.9929542541504,0
-42.4726943969727,0
-43.9733352661133,0
-44.643726348877,0
-44.9313812255859,0
-45.4169654846191,0
-46.0421867370605,0
-46.8364219665527,0
-48.1563453674316,0
-49.7981376647949,0
-51.0317039489746,0
-51.9945182800293,0
-53.9435539245605,0
-57.5560417175293,0
-62.0244216918945,0
-66.36962890625,0
-70.3745651245117,0
-73.4209060668945,0
-73.9386215209961,0
-71.5462265014648,0
-68.5755233764648,0
-67.545783996582,0
-67.8758544921875,0
-67.2564392089844,0
-65.778190612793,0
-65.9460906982422,0
-68.2405242919922,0
-69.6208114624023,0
-67.9823226928711,0
-65.7167205810547,0
-66.4936981201172,0
-69.9334564208984,0
-72.0648880004883,0
-70.5715103149414,0
-67.1694488525391,0
-64.5547409057617,0
-62.995677947998,0
-60.7662391662598,0
-56.7659072875977,0
-51.8990631103516,0
-48.2749710083008,0
-47.1464653015137,0
-47.1758880615234,0
-45.0948867797852,0
-38.9617195129395,0
-30.4026584625244,0
-22.4476261138916,0
-15.4374666213989,0
-6.69189453125,0
5.51764392852783,0
19.2619533538818,0
30.9289436340332,0
38.6568641662598,0
42.985969543457,0
45.2459564208984,0
46.5354309082031,0
47.8025283813477,0
49.8299560546875,0
53.0078620910645,0
57.3519668579102,0
62.3911781311035,0
66.8733291625977,0
69.3054962158203,0
69.3123092651367,0
67.945686340332,0
66.2040710449219,0
63.8218421936035,0
60.0662536621094,0
55.183708190918,0
50.3542900085449,0
46.4824676513672,0
43.5689506530762,0
41.0745429992676,0
38.4911880493164,0
35.6941261291504,0
32.9262008666992,0
30.2444076538086,0
27.1152153015137,0
23.2115306854248,0
19.5883693695068,0
18.0291233062744,0
18.7763843536377,0
19.8626575469971,0
19.3799285888672,0
17.5712146759033,0
15.7919778823853,0
14.1152276992798,0
11.1359910964966,0
5.91012144088745,0
-0.925089776515961,0
-7.94749641418457,0
-14.0562696456909,0
-18.7511863708496,0
-22.1231956481934,0
-24.9473285675049,0
-28.3737258911133,0
-33.1094627380371,0
-38.875659942627,0
-44.7335815429688,0
-49.9224395751953,0
-54.3184585571289,0
-58.0428161621094,0
-60.8506622314453,0
-62.411937713623,0
-63.2483787536621,0
-64.5720062255859,0
-66.6084213256836,0
-67.8451385498047,0
-66.9621963500977,0
-65.0069427490234,0
-64.3911361694336,0
-65.8720321655273,0
-67.7426300048828,0
-68.0138778686523,0
-66.1873626708984,0
-62.7643737792969,0
-58.2765884399414,0
-53.1817855834961,0
-47.7000274658203,0
-41.4239616394043,0
-33.9634666442871,0
-26.1002025604248,0
-19.3361301422119,0
-14.255126953125,0
-10.3872661590576,0
-7.58127546310425,0
-6.10481834411621,0
-5.35652446746826,0
-4.17015695571899,0
-2.8051278591156,0
-2.95363068580627,0
-5.03874540328979,0
-7.00127220153809,0
-6.7231330871582,0
-4.55629539489746,0
-2.68626976013184,0
-2.94263982772827,0
-5.65701627731323,0
-9.44278240203857,0
-11.6673040390015,0
-10.6209983825684,0
-7.85953950881958,0
-6.90938758850098,0
-8.98793697357178,0
-11.6588678359985,0
-12.4823083877563,0
-11.9993934631348,0
-11.8650960922241,0
-12.0952606201172,0
-12.0039949417114,0
-12.1012268066406,0
-12.8491811752319,0
-12.9275712966919,0
-11.1168384552002,0
-8.7626485824585,0
-7.76414489746094,0
-7.03452396392822,0
-3.97825360298157,0
0.957568764686584,0
4.62908506393433,0
6.44985580444336,0
9.72997379302979,0
16.3231925964355,0
23.0999507904053,0
26.0939979553223,0
25.7398166656494,0
25.1040115356445,0
24.6141834259033,0
22.0206718444824,0
17.0862064361572,0
12.7837858200073,0
11.0171060562134,0
9.9151554107666,0
6.84045219421387,0
2.15935945510864,0
-1.53197240829468,0
-2.47843480110168,0
-0.469823986291885,0
4.29439544677734,0
11.1287059783936,0
18.2854690551758,0
24.3118457794189,0
29.7821674346924,0
36.0862655639648,0
42.7347602844238,0
47.7366981506348,0
50.7708778381348,0
53.9244766235352,0
58.5660438537598,0
63.4194984436035,0
66.9688491821289,0
70.0220260620117,0
74.01416015625,0
77.9634780883789,0
79.4526977539062,0
78.3204193115234,0
77.1127166748047,0
77.5262680053711,0
78.4622650146484,0
78.4906387329102,0
78.4010772705078,0
79.7033920288086,0
81.6929626464844,0
81.8836288452148,0
79.1282424926758,0
74.7264099121094,0
70.2266159057617,0
65.4770202636719,0
59.5174713134766,0
52.597900390625,0
46.5642509460449,0
43.4096221923828,0
43.5719871520996,0
45.2923469543457,0
45.7301406860352,0
43.4360694885254,0
39.8078956604004,0
37.2927131652832,0
36.1211166381836,0
34.0917778015137,0
30.0024013519287,0
25.6347236633301,0
23.0336360931396,0
21.1962947845459,0
17.5004272460938,0
11.7982568740845,0
6.84671783447266,0
4.55128192901611,0
3.83039569854736,0
2.73124361038208,0
0.735949575901031,0
-1.94547021389008,0
-5.53817749023438,0
-9.6505880355835,0
-12.3875465393066,0
-12.358624458313,0
-10.9785118103027,0
-11.1134691238403,0
-13.6776561737061,0
-17.0567569732666,0
-19.825927734375,0
-22.4533500671387,0
-25.8819904327393,0
-29.7493762969971,0
-32.8528785705566,0
-34.6314125061035,0
-35.4335174560547,0
-35.7728996276855,0
-35.949275970459,0
-36.1393394470215,0
-36.4234580993652,0
-36.966625213623,0
-38.3949089050293,0
-41.4226303100586,0
-45.6419143676758,0
-49.3492469787598,0
-51.3886947631836,0
-52.6204681396484,0
-54.4651679992676,0
-56.397632598877,0
-56.4109649658203,0
-54.0810470581055,0
-51.5477561950684,0
-50.833854675293,0
-51.6477165222168,0
-52.6535186767578,0
-53.3247566223145,0
-53.2321128845215,0
-51.0291976928711,0
-46.0787773132324,0
-40.0619659423828,0
-34.9134979248047,0
-29.9805126190186,0
-23.4978466033936,0
-16.1088924407959,0
-10.0264587402344,0
-4.92858266830444,0
1.96314764022827,0
11.124457359314,0
19.4659652709961,0
25.1621074676514,0
30.3506889343262,0
36.8344116210938,0
42.2736434936523,0
43.8689994812012,0
43.4428367614746,0
45.038501739502,0
48.924503326416,0
52.0137519836426,0
53.4868850708008,0
55.6001014709473,0
58.588436126709,0
59.2132186889648,0
56.0083351135254,0
52.1866149902344,0
50.8292617797852,0
50.1411209106445,0
46.5421676635742,0
40.3472709655762,0
34.8482894897461,0
30.8438892364502,0
25.8610000610352,0
19.0703144073486,0
13.5727586746216,0
12.288857460022,0
13.9078369140625,0
14.987455368042,0
14.8339128494263,0
16.0732517242432,0
20.5214939117432,0
26.4217147827148,0
30.5705146789551,0
31.9664745330811,0
32.116397857666,0
32.3082122802734,0
32.2062034606934,0
31.5129547119141,0
31.4968166351318,0
33.5754356384277,0
37.182544708252,0
40.5570487976074,0
43.2940826416016,0
46.3823013305664,0
49.5646286010742,0
50.5684700012207,0
47.9520950317383,0
43.3828620910645,0
39.9015884399414,0
38.8484764099121,0
39.6341247558594,0
41.6197204589844,0
44.5972061157227,0
47.6132049560547,0
48.8145141601562,0
46.9906044006348,0
42.6997451782227,0
37.6882858276367,0
33.531566619873,0
30.712926864624,0
28.5595550537109,0
26.0643062591553,0
22.979248046875,0
19.9473056793213,0
17.4894962310791,0
15.3252515792847,0
12.9136028289795,0
10.1317901611328,0
7.13472747802734,0
4.18847179412842,0
2.06371712684631,0
1.84987688064575,0
3.62132620811462,0
5.76137018203735,0
6.40930509567261,0
5.33938360214233,0
3.73000431060791,0
2.30569767951965,0
0.538731515407562,0
-2.16788840293884,0
-5.16545391082764,0
-6.93107652664185,0
-6.65819311141968,0
-5.10191583633423,0
-3.61613512039185,0
-2.57778453826904,0
-1.28019285202026,0
0.612347900867462,0
2.27050805091858,0
2.70886731147766,0
1.77674043178558,0
-0.389515995979309,0
-3.79365706443787,0
-7.33719110488892,0
-8.25450229644775,0
-4.71015548706055,0
1.41235852241516,0
6.26909923553467,0
8.57869911193848,0
10.4233446121216,0
13.4616956710815,0
16.8127708435059,0
19.5516605377197,0
22.799768447876,0
27.5799427032471,0
32.5311164855957,0
35.9296493530273,0
38.5875129699707,0
42.343090057373,0
46.6400985717773,0
49.3116111755371,0
50.398323059082,0
52.2792282104492,0
55.6023750305176,0
57.9731750488281,0
57.956844329834,0
57.8328323364258,0
60.2742080688477,0
64.1447296142578,0
66.2583847045898,0
66.3527297973633,0
67.3772735595703,0
70.7830276489258,0
74.3739242553711,0
75.9441757202148,0
76.7625961303711,0
79.5095977783203,0
84.0303268432617,0
87.298095703125,0
87.3292541503906,0
85.2875518798828,0
83.3423919677734,0
81.908332824707,0
79.924560546875,0
77.0532302856445,0
74.3899993896484,0
72.8885040283203,0
71.9455718994141,0
70.2875900268555,0
68.0855941772461,0
67.2904205322266,0
69.3327713012695,0
73.0971832275391,0
76.0660934448242,0
77.1686248779297,0
77.4157638549805,0
77.8125228881836,0
78.0443496704102,0
77.6460800170898,0
77.067024230957,0
76.6935501098633,0
75.9514465332031,0
74.3719711303711,0
72.4298934936523,0
70.1472778320312,0
66.1579055786133,0
59.9817390441895,0
54.2107162475586,0
51.9568901062012,0
52.3606910705566,0
51.244068145752,0
46.6854820251465,0
41.3852233886719,0
38.3725662231445,0
36.7532997131348,0
33.632022857666,0
28.5144081115723,0
23.4173126220703,0
19.42919921875,0
15.4536151885986,0
10.338849067688,0
4.57703161239624,0
-0.270773470401764,0
-2.74883890151978,0
-2.32110333442688,0
-0.0995254218578339,0
1.62243914604187,0
1.69218349456787,0
1.36095547676086,0
1.90327155590057,0
1.8642840385437,0
-1.27190029621124,0
-7.20105743408203,0
-13.0924463272095,0
-17.8042411804199,0
-23.0777606964111,0
-29.7574481964111,0
-35.4758033752441,0
-37.7263717651367,0
-37.3403053283691,0
-37.1215858459473,0
-38.3130836486816,0
-40.02783203125,0
-41.2091217041016,0
-41.6800575256348,0
-41.8884544372559,0
-42.6618003845215,0
-44.5517730712891,0
-46.7490386962891,0
-47.6676368713379,0
-47.2451019287109,0
-47.3301544189453,0
-49.0252799987793,0
-51.2372283935547,0
-52.8443870544434,0
-54.4324417114258,0
-56.431282043457,0
-57.4619140625,0
-56.5971488952637,0
-55.6812705993652,0
-56.9356231689453,0
-59.2348709106445,0
-59.1769714355469,0
-55.3164863586426,0
-49.2803344726562,0
-43.3181915283203,0
-38.8503494262695,0
-36.7718086242676,0
-36.7468490600586,0
-36.381217956543,0
-33.3348388671875,0
-28.2266578674316,0
-23.4179191589355,0
-19.1619300842285,0
-13.4145956039429,0
-5.70112562179565,0
1.2905467748642,0
4.83086442947388,0
5.07614803314209,0
4.20157814025879,0
4.23341417312622,0
6.35632514953613,0
10.7777490615845,0
16.4511985778809,0
22.0526638031006,0
27.6518688201904,0
34.2223510742188,0
41.3011093139648,0
46.6698188781738,0
48.8376846313477,0
48.4539451599121,0
46.8490028381348,0
44.6973838806152,0
42.7335205078125,0
42.2934112548828,0
44.1796493530273,0
47.8586769104004,0
52.2389755249023,0
56.3221778869629,0
59.0322036743164,0
59.841968536377,0
59.8757553100586,0
60.9063301086426,0
62.8982009887695,0
64.0869293212891,0
63.7952651977539,0
63.3359680175781,0
63.6499443054199,0
64.1430816650391,0
64.6860961914062,0
66.5752716064453,0
70.2885208129883,0
74.3769912719727,0
78.02587890625,0
82.6156311035156,0
88.9443664550781,0
94.8618011474609,0
97.7524185180664,0
97.6519775390625,0
95.8084259033203,0
92.1206436157227,0
86.6952667236328,0
82.0570297241211,0
80.25927734375,0
78.8724899291992,0
73.6250076293945,0
64.5962448120117,0
55.8924217224121,0
49.1375389099121,0
41.6741638183594,0
32.421516418457,0
25.1249160766602,0
22.9916000366211,0
23.2947368621826,0
20.8411903381348,0
15.0368871688843,0
10.0271825790405,0
8.48893928527832,0
8.45338439941406,0
6.58120203018188,0
2.06878542900085,0
-3.63425469398499,0
-9.28782367706299,0
-14.7519502639771,0
-20.0969314575195,0
-24.9162788391113,0
-28.7621364593506,0
-31.9867935180664,0
-35.7318992614746,0
-40.6456451416016,0
-45.714412689209,0
-49.0466995239258,0
-49.989200592041,0
-49.8040046691895,0
-50.0776214599609,0
-51.3014907836914,0
-53.282585144043,0
-55.8049621582031,0
-58.1891708374023,0
-59.3052253723145,0
-59.0442161560059,0
-58.8322486877441,0
-59.5316848754883,0
-59.8569297790527,0
-58.482421875,0
-56.8350944519043,0
-57.5339508056641,0
-60.2677536010742,0
-61.7444343566895,0
-60.2871208190918,0
-57.9755172729492,0
-56.9460296630859,0
-55.9495697021484,0
-52.7861557006836,0
-48.4034996032715,0
-45.6912460327148,0
-44.968936920166,0
-43.7128601074219,0
-40.8844985961914,0
-38.5676765441895,0
-38.3203163146973,0
-38.451286315918,0
-36.5629692077637,0
-32.9136810302734,0
-29.4061107635498,0
-26.6717586517334,0
-24.2021026611328,0
-22.3977966308594,0
-22.2655429840088,0
-23.3671989440918,0
-23.9992084503174,0
-23.4487762451172,0
-22.426441192627,0
-21.1029644012451,0
-18.2853260040283,0
-13.0157814025879,0
-5.79316234588623,0
2.28951168060303,0
10.7096138000488,0
19.4461421966553,0
28.5351104736328,0
37.9684524536133,0
47.3595657348633,0
55.6482620239258,0
61.9579963684082,0
66.8204879760742,0
71.6832046508789,0
77.1360473632812,0
82.5482864379883,0
87.4599380493164,0
92.1454467773438,0
96.6040878295898,0
100.335876464844,0
103.627235412598,0
107.705619812012,0
112.78214263916,0
117.224174499512,0
119.923126220703,0
122.489685058594,0
127.450042724609,0
134.642761230469,0
141.111053466797,0
144.846237182617,0
147.188415527344,0
150.685028076172,0
155.50830078125,0
159.19645690918,0
159.778930664062,0
158.034652709961,0
156.156005859375,0
154.983596801758,0
153.65446472168,0
151.801147460938,0
150.630157470703,0
151.033843994141,0
151.812454223633,0
151.214859008789,0
149.556549072266,0
148.452270507812,0
147.618850708008,0
144.69856262207,0
138.957138061523,0
132.945358276367,0
128.944488525391,0
125.551162719727,0
119.956588745117,0
112.424423217773,0
105.874443054199,0
101.360885620117,0
96.6877746582031,0
90.0701293945312,0
82.7722473144531,0
76.8694534301758,0
72.2215728759766,0
67.3247375488281,0
62.0251159667969,0
57.6219596862793,0
54.7261657714844,0
52.5140495300293,0
50.0126190185547,0
46.880615234375,0
42.8314895629883,0
37.4277839660645,0
30.8363609313965,0
23.9367198944092,0
17.2193946838379,0
10.295036315918,0
3.06815576553345,0
-3.30866289138794,0
-7.64646911621094,0
-10.5965223312378,0
-14.1394109725952,0
-19.0239448547363,0
-23.9597282409668,0
-28.0589580535889,0
-32.8632736206055,0
-40.5074005126953,0
-50.5322647094727,0
-60.2811317443848,0
-68.3494873046875,0
-75.7582321166992,0
-83.3268814086914,0
-89.8840103149414,0
-94.1622848510742,0
-96.7725830078125,0
-98.7784881591797,0
-99.5998840332031,0
-98.0590591430664,0
-94.5929794311523,0
-90.6527709960938,0
-86.5583190917969,0
-81.6700820922852,0
-76.0618667602539,0
-70.1604919433594,0
-63.3572845458984,0
-55.2555809020996,0
-47.9642715454102,0
-44.4601020812988,0
-44.3223609924316,0
-43.7259292602539,0
-40.4601631164551,0
-36.3783073425293,0
-33.7143478393555,0
-31.6943378448486,0
-28.7733058929443,0
-25.9076194763184,0
-25.0276966094971,0
-25.8958568572998,0
-27.1576309204102,0
-29.182373046875,0
-32.8301239013672,0
-36.2342338562012,0
-36.2098922729492,0
-32.891414642334,0
-29.7248725891113,0
-28.2695388793945,0
-26.1847438812256,0
-21.6371040344238,0
-16.7583179473877,0
-14.65846824646,0
-15.1616592407227,0
-15.8061676025391,0
-15.5577239990234,0
-15.1513710021973,0
-14.6718339920044,0
-13.1137037277222,0
-10.0526714324951,0
-5.89643955230713,0
-0.62616902589798,0
6.06968784332275,0
13.3905639648438,0
19.5476703643799,0
23.4556179046631,0
25.3624362945557,0
25.9633674621582,0
25.863187789917,0
25.6408157348633,0
25.4089469909668,0
24.62721824646,0
23.4113903045654,0
23.5321369171143,0
26.7301349639893,0
32.3837471008301,0
38.3787574768066,0
44.0099945068359,0
50.1362228393555,0
56.3833541870117,0
60.4243316650391,0
61.0124816894531,0
59.9911651611328,0
59.9466781616211,0
61.0974655151367,0
61.9610290527344,0
62.2178611755371,0
63.2093238830566,0
65.7169952392578,0
68.5921859741211,0
69.9216918945312,0
68.8790435791016,0
66.2954711914062,0
63.8702735900879,0
62.7650146484375,0
62.5031585693359,0
61.3327522277832,0
58.0872802734375,0
53.4856719970703,0
49.0896987915039,0
45.2624855041504,0
40.9430465698242,0
35.3861274719238,0
29.2564010620117,0
23.7642993927002,0
19.4292621612549,0
15.9471492767334,0
12.499324798584,0
7.79463005065918,0
0.688849866390228,0
-8.46003532409668,0
-17.7015857696533,0
-25.6212558746338,0
-32.9771270751953,0
-41.1993522644043,0
-49.8714828491211,0
-57.1582984924316,0
-62.4255561828613,0
-66.6540145874023,0
-70.1320266723633,0
-71.7831878662109,0
-71.5750122070312,0
-71.584831237793,0
-73.1369400024414,0
-74.3603668212891,0
-72.4057846069336,0
-67.0885696411133,0
-60.5365028381348,0
-54.0909080505371,0
-47.596981048584,0
-41.2476081848145,0
-35.9770126342773,0
-32.0691566467285,0
-29.1612491607666,0
-27.3815040588379,0
-26.55690574646,0
-24.7676372528076,0
-20.3735466003418,0
-15.5516490936279,0
-14.6947860717773,0
-18.3274955749512,0
-21.640308380127,0
-20.7498607635498,0
-17.643949508667,0
-16.5811443328857,0
-17.9632320404053,0
-18.8092651367188,0
-17.7563171386719,0
-16.2822113037109,0
-15.582329750061,0
-15.2810792922974,0
-15.1673393249512,0
-15.4662055969238,0
-15.1715145111084,0
-12.6649570465088,0
-8.46493339538574,0
-4.97198724746704,0
-2.84552502632141,0
-0.0362031050026417,0
4.60989570617676,0
9.22496318817139,0
12.0025281906128,0
14.3342418670654,0
18.7000293731689,0
24.7916793823242,0
30.0939464569092,0
33.6334381103516,0
36.7806739807129,0
40.3566513061523,0
43.1874046325684,0
44.2645721435547,0
44.6627807617188,0
46.1484832763672,0
48.8204154968262,0
51.2538948059082,0
52.5478897094727,0
53.2509689331055,0
54.3213195800781,0
55.9055862426758,0
57.3281478881836,0
57.9065971374512,0
57.6572608947754,0
57.4130973815918,0
58.210578918457,0
60.2630004882812,0
62.5755958557129,0
63.9529266357422,0
64.361930847168,0
64.7486343383789,0
65.4404449462891,0
65.6353988647461,0
65.0865097045898,0
65.3757400512695,0
68.1813278198242,0
72.5868301391602,0
75.6297149658203,0
75.7495651245117,0
74.2473983764648,0
72.8340072631836,0
71.333366394043,0
68.8936996459961,0
66.0414657592773,0
63.8914794921875,0
62.2098770141602,0
60.0115585327148,0
57.5327262878418,0
