0.490682899951935,0
1.11347556114197,0
1.72543179988861,0
4.18323469161987,0
6.36039018630981,0
5.52487134933472,0
1.7493451833725,0
-2.79771900177002,0
-6.42325305938721,0
-8.75790786743164,0
-10.0126457214355,0
-10.4420614242554,0
-10.2268524169922,0
-9.35029792785645,0
-7.85206460952759,0
-6.34526872634888,0
-5.66504764556885,0
-5.73115015029907,0
-5.48356151580811,0
-4.38466262817383,0
-3.16006875038147,0
-2.24383640289307,0
-0.209082990884781,0
4.93982028961182,0
13.0048532485962,0
21.4187068939209,0
28.167121887207,0
33.6523895263672,0
38.8897972106934,0
43.0811080932617,0
44.5670280456543,0
43.7150268554688,0
42.9987564086914,0
43.8349571228027,0
44.9515037536621,0
44.7248878479004,0
43.7012634277344,0
43.4668464660645,0
44.0988960266113,0
44.4859046936035,0
44.646800994873,0
45.8046417236328,0
48.0710906982422,0
49.8658981323242,0
50.190055847168,0
49.9393653869629,0
50.1815071105957,0
50.5390701293945,0
50.4055213928223,0
50.6418685913086,0
52.6472358703613,0
56.3627891540527,0
60.5585479736328,0
64.7694091796875,0
69.5903930664062,0
75.0293884277344,0
79.8089370727539,0
82.7476577758789,0
84.0794525146484,0
84.9728012084961,0
86.1906890869141,0
87.5419998168945,0
88.3711547851562,0
88.2972030639648,0
87.4353713989258,0
85.9021682739258,0
83.3455429077148,0
79.4499282836914,0
74.7913589477539,0
70.2929916381836,0
65.6455535888672,0
59.547061920166,0
52.3142585754395,0
46.900318145752,0
45.6882972717285,0
47.0145530700684,0
46.7140159606934,0
42.847728729248,0
37.0742607116699,0
31.4474391937256,0
26.0642242431641,0
20.468132019043,0
15.20751953125,0
10.6100015640259,0
5.53320693969727,0
-1.02058720588684,0
-7.92465686798096,0
-13.0688734054565,0
-15.9768686294556,0
-17.997673034668,0
-20.2584991455078,0
-22.6769771575928,0
-24.877498626709,0
-26.9377880096436,0
-29.0285797119141,0
-31.0454711914062,0
-32.7686004638672,0
-33.9797782897949,0
-34.4852180480957,0
-34.3457145690918,0
-33.8484077453613,0
-32.9873809814453,0
-31.4741897583008,0
-29.6544609069824,0
-28.6959419250488,0
-29.1519870758057,0
-30.0055923461914,0
-30.0491752624512,0
-29.5741729736328,0
-29.5083923339844,0
-29.3839473724365,0
-27.7299766540527,0
-24.5378589630127,0
-21.8599548339844,0
-21.4568271636963,0
-22.8808307647705,0
-24.3378505706787,0
-24.5937461853027,0
-23.7055339813232,0
-22.7104301452637,0
-22.8219833374023,0
-24.0430603027344,0
-24.529541015625,0
-22.5527954101562,0
-19.1390609741211,0
-17.0298347473145,0
-16.6604137420654,0
-15.450982093811,0
-12.2232236862183,0
-9.76218223571777,0
-10.6877069473267,0
-12.9100465774536,0
-12.4514141082764,0
-9.54525470733643,0
-8.19485092163086,0
-10.0251836776733,0
-12.5913066864014,0
-14.3815546035767,0
-17.2996025085449,0
-22.2721328735352,0
-26.0740413665771,0
-25.5242977142334,0
-22.340877532959,0
-20.6837139129639,0
-21.6197967529297,0
-23.0825939178467,0
-23.871301651001,0
-24.3271026611328,0
-23.8875846862793,0
-21.4923648834229,0
-18.3842830657959,0
-17.2967834472656,0
-18.3891906738281,0
-18.785551071167,0
-16.7932319641113,0
-13.9705963134766,0
-12.164849281311,0
-11.0067729949951,0
-9.51976203918457,0
-7.9302282333374,0
-6.37191486358643,0
-3.68251895904541,0
0.828457474708557,0
5.82093715667725,0
9.65716457366943,0
12.4686584472656,0
15.0718107223511,0
17.0651874542236,0
17.6522445678711,0
17.3910388946533,0
17.4129161834717,0
17.5562591552734,0
16.8775615692139,0
15.4887351989746,0
14.3286447525024,0
13.5992708206177,0
13.1344900131226,0
14.0057611465454,0
17.7750759124756,0
23.8185024261475,0
29.0617733001709,0
31.04905128479,0
30.1307239532471,0
28.1897525787354,0
26.4735164642334,0
25.2960472106934,0
24.6105327606201,0
23.881233215332,0
22.2460994720459,0
19.7452487945557,0
17.69114112854,0
16.9297695159912,0
16.4296913146973,0
14.6307687759399,0
11.5923004150391,0
8.5216236114502,0
5.4336085319519,0
0.686303317546844,0
-6.80426406860352,0
-15.7949800491333,0
-23.569673538208,0
-28.0946502685547,0
-29.3128070831299,0
-28.9834537506104,0
-29.3866844177246,0
-31.5341472625732,0
-34.343563079834,0
-35.8920669555664,0
-35.4965591430664,0
-34.165340423584,0
-33.1450653076172,0
-32.6869430541992,0
-32.3363227844238,0
-31.8571796417236,0
-31.6216773986816,0
-32.3111190795898,0
-34.1857681274414,0
-36.4790534973145,0
-37.8896369934082,0
-38.0391044616699,0
-37.9378547668457,0
-38.5184593200684,0
-39.4163818359375,0
-39.9528770446777,0
-40.4579467773438,0
-41.4348640441895,0
-42.1996383666992,0
-41.9302597045898,0
-41.5324020385742,0
-42.5816268920898,0
-44.5294380187988,0
-44.8890609741211,0
-42.4539833068848,0
-38.5814514160156,0
-34.9539070129395,0
-31.855504989624,0
-29.1660270690918,0
-27.2104587554932,0
-25.7301387786865,0
-23.5003528594971,0
-19.8193607330322,0
-15.1151475906372,0
-9.59125423431396,0
-2.93261528015137,0
4.01283836364746,0
9.26121425628662,0
12.5085315704346,0
15.9286508560181,0
20.6449146270752,0
24.3437309265137,0
24.4598655700684,0
22.1128959655762,0
20.3343334197998,0
19.4799556732178,0
17.3136138916016,0
13.2905826568604,0
9.68484115600586,0
7.82228946685791,0
5.87852144241333,0
1.85498523712158,0
-3.16633176803589,0
-6.48028182983398,0
-7.26576328277588,0
-6.85228776931763,0
-6.17940235137939,0
-4.93123865127563,0
-3.22342276573181,0
-2.23064470291138,0
-2.1565420627594,0
-0.846251308917999,0
4.05530595779419,0
11.9201707839966,0
19.5523700714111,0
24.9322738647461,0
29.1319408416748,0
33.8720550537109,0
38.6507263183594,0
41.7923355102539,0
43.4165267944336,0
45.3099784851074,0
47.9176826477051,0
49.5360832214355,0
49.0988502502441,0
47.8419914245605,0
47.021125793457,0
45.6076698303223,0
41.9494247436523,0
36.6007843017578,0
31.5498638153076,0
27.2125301361084,0
22.1744956970215,0
15.7679405212402,0
8.98673248291016,0
2.66970181465149,0
-3.37069940567017,0
-8.93596458435059,0
-12.9346342086792,0
-15.122142791748,0
-16.8976554870605,0
-19.4988479614258,0
-22.7484741210938,0
-26.4500026702881,0
-31.4236717224121,0
-37.7412986755371,0
-43.3216819763184,0
-46.2477836608887,0
-47.8008079528809,0
-51.2119369506836,0
-57.4513168334961,0
-63.907772064209,0
-67.5450286865234,0
-68.0995712280273,0
-67.6246871948242,0
-67.6340103149414,0
-67.3438034057617,0
-64.9022598266602,0
-60.4606628417969,0
-57.3753471374512,0
-58.820369720459,0
-63.0051345825195,0
-63.9918518066406,0
-58.7631454467773,0
-51.4814033508301,0
-48.3007507324219,0
-49.4159507751465,0
-49.4317321777344,0
-45.0031242370605,0
-38.5005645751953,0
-33.615894317627,0
-30.9028129577637,0
-29.2967681884766,0
-29.0949974060059,0
-30.9458847045898,0
-33.7091026306152,0
-35.7984046936035,0
-37.5644721984863,0
-40.1236381530762,0
-42.6242256164551,0
-42.9818229675293,0
-41.079647064209,0
-39.1083488464355,0
-38.5213813781738,0
-38.4613380432129,0
-37.6439666748047,0
-36.1881332397461,0
-34.860969543457,0
-33.8872413635254,0
-33.4955863952637,0
-34.5185661315918,0
-37.0719223022461,0
-39.2162551879883,0
-38.4930152893066,0
-34.9266815185547,0
-31.1677875518799,0
-29.1183185577393,0
-27.686767578125,0
-25.0556106567383,0
-22.1576042175293,0
-21.8030319213867,0
-24.2398357391357,0
-25.8880500793457,0
-23.8997230529785,0
-20.2339534759521,0
-18.9020118713379,0
-20.052547454834,0
-19.6756019592285,0
-15.4648952484131,0
-10.0823431015015,0
-7.20582580566406,0
-6.77479362487793,0
-6.38327312469482,0
-5.59913444519043,0
-6.00342226028442,0
-7.74087190628052,0
-9.07167911529541,0
-9.45001125335693,0
-10.2369546890259,0
-11.694221496582,0
-11.9096355438232,0
-9.95772075653076,0
-7.86347532272339,0
-7.77171087265015,0
-8.934250831604,0
-9.22544479370117,0
-8.11347961425781,0
-6.29458332061768,0
-3.72238063812256,0
0.0145801929756999,0
4.41236782073975,0
9.01841354370117,0
14.5304021835327,0
20.9083213806152,0
25.6900081634521,0
26.7818756103516,0
25.9855632781982,0
26.9021015167236,0
30.0119915008545,0
32.9603691101074,0
35.2451858520508,0
38.8743095397949,0
44.0165214538574,0
47.8541641235352,0
48.9260406494141,0
49.023796081543,0
49.1349983215332,0
47.0354423522949,0
41.3195190429688,0
34.7465705871582,0
30.5532550811768,0
27.7272605895996,0
23.1029109954834,0
16.4748229980469,0
10.5105209350586,0
6.80720472335815,0
5.01740312576294,0
4.84548234939575,0
5.77256917953491,0
5.44475269317627,0
1.62144804000854,0
-4.16943168640137,0
-7.72974252700806,0
-7.3122992515564,0
-5.34899950027466,0
-4.93248605728149,0
-6.98305702209473,0
-11.1662187576294,0
-16.9803333282471,0
-23.0167274475098,0
-27.3207416534424,0
-29.637186050415,0
-31.7346897125244,0
-34.8027191162109,0
-38.2793006896973,0
-41.9285850524902,0
-46.8725090026855,0
-53.1236877441406,0
-57.9942283630371,0
-59.0095481872559,0
-57.3272018432617,0
-56.2478408813477,0
-56.8780059814453,0
-57.2093467712402,0
-55.4644546508789,0
-52.5640258789062,0
-50.7130966186523,0
-50.8699035644531,0
-52.5559616088867,0
-55.3941879272461,0
-59.6236915588379,0
-65.0487823486328,0
-70.4110794067383,0
-74.3597793579102,0
-76.6047134399414,0
-77.5565414428711,0
-77.271614074707,0
-75.686637878418,0
-73.6798324584961,0
-72.5075302124023,0
-71.7441635131836,0
-69.1536026000977,0
-63.6134338378906,0
-57.1323776245117,0
-52.7703590393066,0
-51.3627243041992,0
-51.4914588928223,0
-51.7384300231934,0
-51.3560943603516,0
-49.5544738769531,0
-46.265811920166,0
-43.3446502685547,0
-42.8454170227051,0
-44.0789642333984,0
-44.5808944702148,0
-44.140625,0
-45.1666526794434,0
-48.1556816101074,0
-49.6173477172852,0
-46.4604225158691,0
-40.3092422485352,0
-35.0449714660645,0
-31.5847053527832,0
-27.8931999206543,0
-23.3780212402344,0
-20.1487331390381,0
-19.4575424194336,0
-19.443244934082,0
-17.6663417816162,0
-14.3060188293457,0
-11.4978103637695,0
-10.3782215118408,0
-10.0403890609741,0
-9.18164253234863,0
-7.91756010055542,0
-7.79889583587646,0
-10.2784872055054,0
-15.1876945495605,0
-20.7318515777588,0
-25.0479049682617,0
-27.5518550872803,0
-28.6379451751709,0
-28.7139835357666,0
-28.2725467681885,0
-28.3681411743164,0
-29.7218036651611,0
-31.2759075164795,0
-30.8822727203369,0
-27.8451366424561,0
-23.6911220550537,0
-19.9366111755371,0
-16.3951969146729,0
-12.5923461914062,0
-9.39833927154541,0
-7.50380277633667,0
-5.26091718673706,0
-0.501762986183167,0
5.50308847427368,0
8.52940654754639,0
6.89763069152832,0
4.25197792053223,0
5.04411602020264,0
8.92373943328857,0
11.9385385513306,0
12.1534757614136,0
11.1592226028442,0
10.2695226669312,0
8.51543521881104,0
5.43990325927734,0
2.95047211647034,0
2.31562352180481,0
1.39916467666626,0
-2.54023385047913,0
-8.52665424346924,0
-13.0558271408081,0
-15.0424938201904,0
-16.79372215271,0
-19.9431324005127,0
-23.2274875640869,0
-25.2381687164307,0
-26.8556156158447,0
-29.1995067596436,0
-30.9634380340576,0
-30.0255222320557,0
-26.9546794891357,0
-24.9164810180664,0
-26.1533470153809,0
-29.9762878417969,0
-34.2589111328125,0
-37.6563835144043,0
-40.0271949768066,0
-41.5329322814941,0
-41.8956527709961,0
-40.5994567871094,0
-37.9969863891602,0
-35.9147300720215,0
-35.9883117675781,0
-37.0981369018555,0
-36.1435203552246,0
-32.5258293151855,0
-30.0663089752197,0
-32.2490425109863,0
-36.8406372070312,0
-38.2744636535645,0
-35.0294647216797,0
-31.220006942749,0
-30.1693992614746,0
-29.9529685974121,0
-27.3630752563477,0
-23.3201179504395,0
-21.0429306030273,0
-20.3685245513916,0
-17.5221862792969,0
-10.5756855010986,0
-2.17666506767273,0
3.96797370910645,0
7.07146883010864,0
8.57480812072754,0
9.29819393157959,0
9.01689529418945,0
8.00279426574707,0
7.22494220733643,0
6.96570920944214,0
6.45012855529785,0
5.20207738876343,0
3.89262342453003,0
3.26284408569336,0
2.78734827041626,0
1.19137573242188,0
-1.94045627117157,0
-5.92784261703491,0
-10.3341455459595,0
-15.3845453262329,0
-20.4807796478271,0
-23.4856739044189,0
-22.9211826324463,0
-20.4283714294434,0
-19.3819751739502,0
-20.7987155914307,0
-22.1402206420898,0
-20.9464626312256,0
-18.3068885803223,0
-17.2665939331055,0
-18.416597366333,0
-18.8224086761475,0
-15.7457637786865,0
-10.1866283416748,0
-5.77156782150269,0
-4.66057538986206,0
-5.57110357284546,0
-5.80840730667114,0
-4.22110080718994,0
-1.67294549942017,0
0.535816848278046,0
1.70453405380249,0
1.58032059669495,0
0.375093758106232,0
-0.899938881397247,0
-1.08307754993439,0
-0.162018120288849,0
0.836379885673523,0
1.37595772743225,0
1.80215632915497,0
1.99888300895691,0
1.03186190128326,0
-1.23162806034088,0
-3.53122138977051,0
-5.10356521606445,0
-6.6232590675354,0
-8.04673957824707,0
-7.37177228927612,0
-3.68572354316711,0
0.107005417346954,0
0.613987267017365,0
-0.757124423980713,0
0.660581827163696,0
5.83410596847534,0
10.4525117874146,0
11.6226806640625,0
12.2987546920776,0
16.1599712371826,0
21.0337867736816,0
21.5428237915039,0
17.0326881408691,0
12.5684003829956,0
11.8405952453613,0
12.9957809448242,0
12.7613172531128,0
11.1786422729492,0
9.83463859558105,0
8.08850002288818,0
4.46062421798706,0
0.490698337554932,0
-0.5149205327034,0
1.16921997070312,0
0.905819356441498,0
-4.31875371932983,0
-11.6298151016235,0
-16.0783882141113,0
-16.9475955963135,0
-17.5384979248047,0
-19.5058326721191,0
-20.6917686462402,0
-19.3446502685547,0
-17.5977191925049,0
-18.6089363098145,0
-21.8416442871094,0
-23.654806137085,0
-22.0223979949951,0
-18.3438243865967,0
-14.5411977767944,0
-10.7045269012451,0
-6.43998527526855,0
-2.56145024299622,0
0.034665759652853,0
1.93304085731506,0
4.15196084976196,0
6.37403440475464,0
7.63934564590454,0
8.14656162261963,0
8.90226078033447,0
10.0490665435791,0
11.053674697876,0
12.2252225875854,0
14.3804225921631,0
17.0674819946289,0
18.9013919830322,0
19.9227466583252,0
21.7420711517334,0
24.5889225006104,0
26.0580673217773,0
24.2485256195068,0
20.8815460205078,0
19.4961795806885,0
21.1278591156006,0
23.5940475463867,0
25.0070610046387,0
26.0511322021484,0
27.8990650177002,0
29.3824558258057,0
28.0077724456787,0
23.4441261291504,0
18.1977596282959,0
14.2475814819336,0
10.5962038040161,0
5.55942678451538,0
0.331132560968399,0
-2.00393319129944,0
-0.924574673175812,0
0.48659673333168,0
-0.182322770357132,0
-1.56816554069519,0
-1.27932024002075,0
0.157994151115417,0
0.41431200504303,0
-0.778702259063721,0
-1.52040612697601,0
-1.03739857673645,0
-0.448908776044846,0
-0.154497608542442,0
0.915904760360718,0
2.74219846725464,0
3.33571529388428,0
1.7762838602066,0
0.286464393138885,0
1.61543726921082,0
5.55229187011719,0
9.70268440246582,0
13.0001373291016,0
16.7199573516846,0
22.0148448944092,0
27.8406562805176,0
32.0238227844238,0
33.9008178710938,0
35.1603927612305,0
37.7285385131836,0
41.1664199829102,0
43.0330963134766,0
42.0465087890625,0
39.7837677001953,0
38.4496917724609,0
38.0854187011719,0
37.3229217529297,0
35.8539848327637,0
34.1714897155762,0
31.4727973937988,0
26.2267818450928,0
18.9031982421875,0
11.8360633850098,0
6.02376794815063,0
0.44356507062912,0
-4.83720016479492,0
-7.58975744247437,0
-6.95587825775146,0
-5.74095916748047,0
-7.18234062194824,0
-11.090690612793,0
-15.0850305557251,0
-18.005199432373,0
-19.8745422363281,0
-19.9439468383789,0
-17.5562591552734,0
-14.2858953475952,0
-12.5767593383789,0
-12.5057678222656,0
-12.3421926498413,0
-12.0938835144043,0
-13.6482105255127,0
-16.9214096069336,0
-18.7188549041748,0
-16.7864608764648,0
-12.8396167755127,0
-9.93998908996582,0
-8.47873783111572,0
-6.48607063293457,0
-2.77466177940369,0
1.92223644256592,0
6.16725587844849,0
8.64299392700195,0
8.43035984039307,0
6.0739541053772,0
4.0153374671936,0
4.43675947189331,0
6.76642227172852,0
8.62296962738037,0
9.04718399047852,0
9.26266670227051,0
10.1195688247681,0
10.4884605407715,0
9.06328773498535,0
6.71151638031006,0
6.02841234207153,0
8.84625148773193,0
14.5622310638428,0
20.6369075775146,0
24.8120250701904,0
27.4632987976074,0
31.5062847137451,0
38.864387512207,0
47.2411041259766,0
52.1888656616211,0
52.8121719360352,0
53.3200950622559,0
57.6250762939453,0
64.3601150512695,0
69.3357772827148,0
71.3469619750977,0
72.5960464477539,0
74.0241241455078,0
73.6237030029297,0
69.9732971191406,0
64.3970489501953,0
58.3203086853027,0
51.2684707641602,0
43.4912109375,0
38.0883331298828,0
37.5365333557129,0
39.5048446655273,0
39.3211326599121,0
36.0319557189941,0
32.7881774902344,0
31.1593990325928,0
28.6221561431885,0
23.0695896148682,0
16.7639274597168,0
13.2606296539307,0
12.1411209106445,0
9.59399127960205,0
3.75165438652039,0
-2.86475372314453,0
-6.42428731918335,0
-5.58931732177734,0
-1.75144028663635,0
3.23606467247009,0
8.66537570953369,0
14.7421255111694,0
21.4520683288574,0
28.0366401672363,0
33.7759780883789,0
38.9314308166504,0
44.0692176818848,0
48.4625091552734,0
50.4592247009277,0
50.0711708068848,0
49.9130172729492,0
52.3396415710449,0
56.5029182434082,0
59.6060943603516,0
60.4813270568848,0
60.4569969177246,0
60.9865303039551,0
61.9226684570312,0
62.2328224182129,0
61.2197303771973,0
58.8356781005859,0
55.6429252624512,0
52.4129753112793,0
48.9597587585449,0
43.748779296875,0
35.851448059082,0
27.0077495574951,0
20.2654933929443,0
16.5008716583252,0
13.7711381912231,0
10.3968114852905,0
7.0860424041748,0
5.2274169921875,0
4.4681601524353,0
3.29880809783936,0
1.38710689544678,0
0.0766977965831757,0
0.629136919975281,0
2.86033272743225,0
5.73206996917725,0
8.68906593322754,0
11.9023513793945,0
15.3351211547852,0
18.1961059570312,0
19.7388858795166,0
20.2089595794678,0
20.3063411712646,0
19.9526062011719,0
18.557258605957,0
16.4412136077881,0
14.7093315124512,0
13.3941078186035,0
11.090874671936,0
7.02743148803711,0
2.09996700286865,0
-2.85793972015381,0
-8.1188383102417,0
-13.1818723678589,0
-15.7378816604614,0
-14.5460481643677,0
-11.986439704895,0
-11.3822031021118,0
-12.6339454650879,0
-12.9617691040039,0
-11.4401559829712,0
-10.1217546463013,0
-10.6010284423828,0
-11.9904232025146,0
-12.8423671722412,0
-12.9530620574951,0
-12.5980224609375,0
-11.7959413528442,0
-10.9284658432007,0
-10.3789253234863,0
-9.0359058380127,0
-4.98801279067993,0
1.55630815029144,0
7.7619571685791,0
11.4150886535645,0
13.0830526351929,0
14.2205381393433,0
14.8876619338989,0
14.619683265686,0
14.149600982666,0
14.8103399276733,0
17.0729885101318,0
20.7136688232422,0
25.5326023101807,0
30.9741439819336,0
35.959415435791,0
39.9933853149414,0
43.5501823425293,0
46.6746063232422,0
48.4132804870605,0
48.4762535095215,0
48.0141487121582,0
47.5128631591797,0
45.3672676086426,0
40.2587623596191,0
33.8612403869629,0
29.2545185089111,0
27.263786315918,0
26.1278438568115,0
24.2610759735107,0
21.5246639251709,0
18.1442890167236,0
14.3269815444946,0
10.9499282836914,0
8.83845138549805,0
7.1913914680481,0
4.34809064865112,0
0.30165296792984,0
-3.17414808273315,0
-5.14540529251099,0
-6.56509208679199,0
-8.27562618255615,0
-9.69892406463623,0
-10.2184143066406,0
-10.2305383682251,0
-9.91278743743896,0
-8.46923732757568,0
-5.67724418640137,0
-2.75031089782715,0
-0.449357628822327,0
2.16369080543518,0
5.48662519454956,0
7.38816261291504,0
5.85310125350952,0
2.84902381896973,0
2.76134181022644,0
6.68374013900757,0
10.7567825317383,0
11.1283702850342,0
8.44852733612061,0
6.02228879928589,0
5.32625436782837,0
5.47265911102295,0
6.06601858139038,0
8.03738689422607,0
11.4717206954956,0
14.6866769790649,0
16.3254146575928,0
17.0049057006836,0
17.9856739044189,0
19.3123836517334,0
20.4190235137939,0
21.8494243621826,0
25.0120677947998,0
30.2856159210205,0
36.3880195617676,0
41.7732315063477,0
45.871021270752,0
48.7443351745605,0
50.3066215515137,0
50.4776458740234,0
49.8363227844238,0
49.6000175476074,0
50.8090286254883,0
53.5237617492676,0
56.6782989501953,0
58.6599044799805,0
58.2625274658203,0
55.4194221496582,0
51.2059288024902,0
47.0726432800293,0
43.8022918701172,0
41.004581451416,0
37.7819442749023,0
34.1154937744141,0
31.2765064239502,0
30.258810043335,0
29.9997444152832,0
28.2432174682617,0
24.5816802978516,0
21.481632232666,0
21.1364154815674,0
22.0733337402344,0
20.6807994842529,0
16.2472648620605,0
12.5942659378052,0
13.4990406036377,0
17.7851524353027,0
20.8087902069092,0
20.3271179199219,0
18.6419944763184,0
18.3629188537598,0
18.3436241149902,0
15.7856931686401,0
11.0180683135986,0
7.4406156539917,0
6.73698949813843,0
6.842933177948,0
5.69208765029907,0
4.6057653427124,0
5.99199390411377,0
9.25898933410645,0
11.4242944717407,0
11.0237522125244,0
8.99320411682129,0
5.96814441680908,0
1.40950238704681,0
-3.99023628234863,0
-7.53515672683716,0
-7.67234420776367,0
-6.31967306137085,0
-6.43876361846924,0
-8.22188663482666,0
-9.09530735015869,0
-6.88673400878906,0
-1.82136511802673,0
4.02108907699585,0
8.05261516571045,0
8.52328681945801,0
5.86181926727295,0
2.53047394752502,0
0.58474987745285,0
-0.255320847034454,0
-1.13661849498749,0
-1.52245032787323,0
-0.0165501181036234,0
2.497150182724,0
2.95704317092896,0
0.238089323043823,0
-2.9186851978302,0
-3.65523362159729,0
-3.07501482963562,0
-4.51235437393188,0
-8.75919914245605,0
-13.4531774520874,0
-16.8450679779053,0
-19.4171314239502,0
-21.1816825866699,0
-20.0919704437256,0
-14.8585948944092,0
-7.50345087051392,0
-1.09071815013885,0
3.83120274543762,0
8.3808069229126,0
11.9328851699829,0
12.3262605667114,0
9.57999992370605,0
6.83246946334839,0
6.60346174240112,0
7.98153018951416,0
8.65323448181152,0
8.16767692565918,0
7.78956174850464,0
8.25853729248047,0
9.23311233520508,0
10.2600955963135,0
10.8175363540649,0
9.80431079864502,0
6.42192077636719,0
1.43934786319733,0
-3.70708179473877,0
-9.02668380737305,0
-15.7810735702515,0
-23.8621788024902,0
-30.730640411377,0
-33.8392715454102,0
-33.3306732177734,0
-31.5332469940186,0
-30.405632019043,0
-30.3673419952393,0
-31.16748046875,0
-32.6407203674316,0
-34.3232460021973,0
-35.2111587524414,0
-34.565673828125,0
-32.7192268371582,0
-30.7018375396729,0
-29.1829376220703,0
-27.9760036468506,0
-26.4126243591309,0
-24.0375022888184,0
-21.1365413665771,0
-18.6715259552002,0
-17.2875385284424,0
-16.2061233520508,0
-13.8186264038086,0
-10.0082635879517,0
-7.09655380249023,0
-7.19820547103882,0
-9.05568408966064,0
-9.29555511474609,0
-7.05394124984741,0
-5.29474592208862,0
-6.49713659286499,0
-9.06382846832275,0
-9.95013999938965,0
-9.23601818084717,0
-9.29288387298584,0
-10.1570739746094,0
-9.02050113677979,0
-4.77824258804321,0
-0.024061631411314,0
2.77895712852478,0
4.48862791061401,0
6.82966327667236,0
9.07552719116211,0
9.69372463226318,0
9.6614818572998,0
11.1979036331177,0
13.9854402542114,0
15.6637115478516,0
16.0364761352539,0
17.8407459259033,0
22.5430431365967,0
27.8118553161621,0
30.4294567108154,0
29.8677463531494,0
27.6202945709229,0
24.562183380127,0
20.6455841064453,0
16.2053165435791,0
11.8644580841064,0
7.573073387146,0
3.07125163078308,0
-1.04655301570892,0
-3.98535823822021,0
-6.22889947891235,0
-9.09803104400635,0
-12.8254241943359,0
-16.2273902893066,0
-18.4542942047119,0
-19.9645843505859,0
-21.4093799591064,0
-22.6336879730225,0
-23.4951324462891,0
-24.8224048614502,0
-27.4931011199951,0
-30.8745384216309,0
-33.2467842102051,0
-33.8995971679688,0
-33.907787322998,0
-34.4493980407715,0
-35.2243804931641,0
-35.3412094116211,0
-35.0938377380371,0
-35.5214729309082,0
-36.2669334411621,0
-35.4063911437988,0
-32.0680770874023,0
-27.8693675994873,0
-24.5687389373779,0
-21.429084777832,0
-16.739408493042,0
-11.4215250015259,0
-8.86562347412109,0
-10.6986865997314,0
-14.6079416275024,0
-17.3089942932129,0
-18.0713405609131,0
-18.0375690460205,0
-17.5633487701416,0
-16.2720813751221,0
-15.0469350814819,0
-15.6348257064819,0
-17.892406463623,0
-19.2824611663818,0
-18.0426082611084,0
-15.538125038147,0
-14.2766275405884,0
-14.4999990463257,0
-14.2384662628174,0
-12.4244337081909,0
-10.391001701355,0
-9.98999786376953,0
-11.555757522583,0
-14.3047275543213,0
-17.3918418884277,0
-19.4796199798584,0
-18.5347232818604,0
-13.97216796875,0
-8.57072257995605,0
-6.25049257278442,0
-7.75139713287354,0
-10.2652683258057,0
-11.5644302368164,0
-12.3622312545776,0
-13.8296308517456,0
-15.1181735992432,0
-15.0119590759277,0
-14.1735124588013,0
-13.6670417785645,0
-12.6832075119019,0
-10.0718793869019,0
-7.04316329956055,0
-5.67168712615967,0
-5.30431652069092,0
-3.3525185585022,0
0.317936271429062,0
2.77502202987671,0
2.55955410003662,0
2.04096412658691,0
3.70270395278931,0
6.32647037506104,0
7.02335500717163,0
5.69554901123047,0
5.12777519226074,0
6.98449468612671,0
9.68556213378906,0
10.6545495986938,0
9.44584560394287,0
8.01668453216553,0
8.42450141906738,0
10.7294216156006,0
13.1361017227173,0
14.0643339157104,0
13.8433475494385,0
14.0535659790039,0
15.441123008728,0
17.2957057952881,0
19.0427799224854,0
21.4025402069092,0
25.1570930480957,0
29.4890575408936,0
32.7239799499512,0
34.495906829834,0
35.8969116210938,0
37.2286262512207,0
36.9121704101562,0
33.588493347168,0
28.5324401855469,0
24.769416809082,0
23.9979915618896,0
25.4258632659912,0
27.5023384094238,0
29.4987831115723,0
31.1473712921143,0
32.1686477661133,0
32.9445495605469,0
34.397289276123,0
36.0833015441895,0
35.5598983764648,0
31.2242031097412,0
24.9837284088135,0
20.1840591430664,0
17.1458988189697,0
12.7494993209839,0
4.68098306655884,0
-5.76313781738281,0
-15.6454782485962,0
-23.4459781646729,0
-29.3491802215576,0
-34.017936706543,0
-38.1826972961426,0
-42.3589897155762,0
-46.0079650878906,0
-47.9056358337402,0
-48.0861473083496,0
-48.3130950927734,0
-49.813777923584,0
-51.7624092102051,0
-52.9628982543945,0
-53.7173614501953,0
-54.8047714233398,0
-55.902286529541,0
-56.52490234375,0
-57.3537673950195,0
-58.8522338867188,0
-59.5303726196289,0
-57.6180877685547,0
-53.8653182983398,0
-50.6167259216309,0
-48.4604721069336,0
-45.9355545043945,0
-42.4926071166992,0
-39.4695091247559,0
-37.5834922790527,0
-35.3501243591309,0
-30.9055500030518,0
-24.2350044250488,0
-17.0212116241455,0
-11.1668386459351,0
-7.58672523498535,0
-5.51297044754028,0
-3.24058103561401,0
-0.725718438625336,0
-0.734652101993561,0
-5.48620748519897,0
-12.7898454666138,0
-18.2249698638916,0
-21.0011558532715,0
-24.3037853240967,0
-29.1771335601807,0
-31.9383220672607,0
-29.7451686859131,0
-25.3138008117676,0
-22.9697914123535,0
-22.5098361968994,0
-20.5769805908203,0
-16.471019744873,0
-12.7746477127075,0
-10.9915390014648,0
-10.1839580535889,0
-9.63944911956787,0
-9.38144874572754,0
-7.9925422668457,0
-3.52718710899353,0
2.7716703414917,0
7.00386142730713,0
7.75634670257568,0
7.49844598770142,0
7.88427305221558,0
7.41016721725464,0
5.5798716545105,0
5.48263168334961,0
9.05528926849365,0
13.0100040435791,0
13.5844497680664,0
13.0248851776123,0
16.4474411010742,0
23.2664318084717,0
27.0382957458496,0
24.4603328704834,0
19.6750011444092,0
17.8145961761475,0
18.5340900421143,0
18.8267307281494,0
18.7393188476562,0
20.2393131256104,0
22.4107456207275,0
22.2851333618164,0
20.1721839904785,0
20.0675601959229,0
23.7245769500732,0
27.6010150909424,0
27.5678939819336,0
24.267448425293,0
21.4034080505371,0
20.2445125579834,0
18.7587566375732,0
15.98557472229,0
14.3377885818481,0
16.2232418060303,0
20.2392272949219,0
22.7824420928955,0
22.8276233673096,0
23.0084857940674,0
25.5125885009766,0
28.6707057952881,0
28.9889240264893,0
25.6666431427002,0
21.4339370727539,0
18.9758186340332,0
18.0837383270264,0
16.919303894043,0
14.819561958313,0
12.6738815307617,0
11.0712299346924,0
9.30056858062744,0
6.33735132217407,0
2.12693905830383,0
-2.28780055046082,0
-5.50894260406494,0
-6.67820739746094,0
-6.14141702651978,0
-5.28922605514526,0
-5.28447294235229,0
-5.89919757843018,0
-6.09046268463135,0
-5.694655418396,0
-5.74232006072998,0
-6.79211902618408,0
-7.9277458190918,0
-8.36737537384033,0
-9.48776817321777,0
-13.8445930480957,0
-21.9142646789551,0
-30.8486289978027,0
-37.0243492126465,0
-39.1615333557129,0
-38.4983901977539,0
-36.7910079956055,0
-35.1091194152832,0
-34.0654640197754,0
-33.9014511108398,0
-34.0082092285156,0
-33.0976257324219,0
-30.3430633544922,0
-26.2330436706543,0
-22.2193336486816,0
-19.5520362854004,0
-18.238842010498,0
-17.0601406097412,0
-14.9926223754883,0
-12.6386737823486,0
-11.4534387588501,0
-11.3779344558716,0
-10.5662670135498,0
-8.2589864730835,0
-6.38740539550781,0
-6.73984670639038,0
-7.9259238243103,0
-7.5106372833252,0
-6.23561382293701,0
-7.10141038894653,0
-10.3812952041626,0
-12.8725318908691,0
-12.8363103866577,0
-12.3067016601562,0
-12.9083013534546,0
-12.6664733886719,0
-9.62192440032959,0
-6.03610420227051,0
-5.7067699432373,0
-8.72014236450195,0
-12.1345338821411,0
-14.6349420547485,0
-16.9586334228516,0
-18.4711418151855,0
-17.3871593475342,0
-14.7124300003052,0
-14.0189771652222,0
-16.0017948150635,0
-16.6710166931152,0
-12.8278112411499,0
-6.36289262771606,0
-0.681516110897064,0
4.59151363372803,0
12.0274658203125,0
20.9013385772705,0
26.9477310180664,0
27.8748416900635,0
26.3176136016846,0
26.2134666442871,0
28.0431785583496,0
29.0107097625732,0
27.002347946167,0
22.9837207794189,0
19.4192695617676,0
17.109655380249,0
14.2050256729126,0
8.48234272003174,0
0.215301349759102,0
-7.82806444168091,0
-13.2757472991943,0
-16.3849067687988,0
-19.1565399169922,0
-22.9083385467529,0
-27.1918811798096,0
-30.5573387145996,0
-31.8060989379883,0
-30.8389472961426,0
-28.7698936462402,0
-26.9722023010254,0
-25.7454586029053,0
-24.3281803131104,0
-22.4509658813477,0
-21.22145652771,0
-21.9756736755371,0
-24.8081645965576,0
-28.8044471740723,0
-33.2278060913086,0
-37.824089050293,0
-42.3215484619141,0
-46.3010864257812,0
-49.4074783325195,0
-51.2649192810059,0
-51.4458885192871,0
-49.9235992431641,0
-47.2741508483887,0
-44.0968399047852,0
-40.6166076660156,0
-37.2303504943848,0
-34.9497566223145,0
-34.6155166625977,0
-35.732006072998,0
-36.5067138671875,0
-35.1884651184082,0
-31.4812679290771,0
-26.8587837219238,0
-23.2814540863037,0
-21.1593933105469,0
-18.8548183441162,0
-14.8592462539673,0
-10.0647001266479,0
-6.75903558731079,0
-5.58427858352661,0
-5.00768136978149,0
-4.04474782943726,0
-3.82709789276123,0
-5.59584093093872,0
-8.46034717559814,0
-10.3070430755615,0
-10.1279096603394,0
-8.48867797851562,0
-6.37539291381836,0
-4.49721908569336,0
-3.24044013023376,0
-2.53128361701965,0
-2.01825356483459,0
-1.74559688568115,0
-2.17779779434204,0
-3.38895297050476,0
-4.91525745391846,0
-6.50083255767822,0
-8.13889408111572,0
-9.45860481262207,0
-10.3257102966309,0
-11.9965286254883,0
-15.8868284225464,0
-20.7652683258057,0
-23.122989654541,0
-21.3189582824707,0
-17.6621513366699,0
-15.2154293060303,0
-14.1160478591919,0
-12.4273557662964,0
-9.21842384338379,0
-5.25249052047729,0
-1.71832990646362,0
0.276902198791504,0
-0.0771685168147087,0
-2.25211668014526,0
-4.45218753814697,0
-5.81825399398804,0
-7.42733716964722,0
-10.0370483398438,0
-12.3539371490479,0
-12.9781036376953,0
-12.4808158874512,0
-11.8171520233154,0
-10.3641557693481,0
-7.7536506652832,0
-6.03865242004395,0
-7.19294548034668,0
-9.58002185821533,0
-10.0759973526001,0
-9.08021640777588,0
-9.99916553497314,0
-13.7716197967529,0
-17.4542102813721,0
-18.9565162658691,0
-19.7563304901123,0
-21.520637512207,0
-23.2277946472168,0
-23.8468284606934,0
-25.2926197052002,0
-29.8010787963867,0
-35.7577362060547,0
-38.9824829101562,0
-37.7467727661133,0
-34.1982650756836,0
-30.7876834869385,0
-27.3451156616211,0
-22.4374504089355,0
-16.3509521484375,0
-11.5914039611816,0
-10.4070453643799,0
-12.239785194397,0
-14.1747159957886,0
-14.3063859939575,0
-14.0890302658081,0
-16.2852210998535,0
-20.943696975708,0
-25.096851348877,0
-26.6456317901611,0
-26.534496307373,0
-26.1781425476074,0
-24.8060150146484,0
-21.1721687316895,0
-16.4955444335938,0
-13.5941619873047,0
-13.7829761505127,0
-16.371654510498,0
-20.4401721954346,0
-25.0645503997803,0
-28.362548828125,0
-28.8025131225586,0
-27.6781959533691,0
-28.0570201873779,0
-30.6387310028076,0
-32.5987854003906,0
-31.4071063995361,0
-28.0380992889404,0
-25.2796878814697,0
-24.4445743560791,0
-25.1428413391113,0
-26.8189334869385,0
-28.497501373291,0
-27.9046936035156,0
-23.3593654632568,0
-16.826509475708,0
-13.0167570114136,0
-14.4883594512939,0
-19.0102939605713,0
-22.6817817687988,0
-24.2196178436279,0
-24.6935119628906,0
-24.2655448913574,0
-21.6548919677734,0
-16.9805221557617,0
-12.961407661438,0
-12.1939611434937,0
-14.448787689209,0
-17.5539493560791,0
-19.7885284423828,0
-20.305212020874,0
-18.2855319976807,0
-13.352822303772,0
-6.59670686721802,0
0.0875818282365799,0
5.74416971206665,0
10.7226543426514,0
15.6128883361816,0
20.6189994812012,0
25.5651206970215,0
29.5435657501221,0
30.9634132385254,0
29.1596336364746,0
25.8556480407715,0
23.9261054992676,0
24.644172668457,0
26.9476528167725,0
29.1396560668945,0
30.2003860473633,0
29.6423492431641,0
27.5825424194336,0
25.3854103088379,0
25.0447235107422,0
27.2061557769775,0
30.4866485595703,0
33.3329277038574,0
36.0205039978027,0
40.1312866210938,0
46.1684455871582,0
52.2716331481934,0
55.7549629211426,0
55.9890289306641,0
55.2838478088379,0
56.3741340637207,0
59.3785781860352,0
62.1002197265625,0
62.9991111755371,0
62.4589691162109,0
61.0754356384277,0
58.5381622314453,0
54.9721603393555,0
51.6294822692871,0
48.927604675293,0
45.1305274963379,0
38.4071731567383,0
29.208667755127,0
19.4388446807861,0
10.4789552688599,0
3.30171775817871,0
-0.952929854393005,0
-2.35490036010742,0
-2.98042869567871,0
-4.42235279083252,0
-5.5237193107605,0
-4.52260160446167,0
-2.29179215431213,0
-1.04112088680267,0
-0.647988021373749,0
1.04858255386353,0
4.69750261306763,0
8.81610679626465,0
12.5835847854614,0
16.6555957794189,0
21.1070575714111,0
25.1015434265137,0
28.8091201782227,0
33.0521965026855,0
36.6924896240234,0
37.166877746582,0
34.3995056152344,0
31.4381828308105,0
30.0885677337646,0
28.6232242584229,0
25.3658294677734,0
21.9436531066895,0
20.8055267333984,0
21.5181522369385,0
21.9055881500244,0
21.3848342895508,0
20.7605934143066,0
19.7868976593018,0
17.4230690002441,0
14.0415325164795,0
11.2459554672241,0
9.77083969116211,0
9.43686676025391,0
10.8322553634644,0
14.9137144088745,0
20.8349800109863,0
26.1312847137451,0
29.4736423492432,0
31.5732936859131,0
32.9500999450684,0
32.623405456543,0
29.9314289093018,0
26.1329174041748,0
22.9435920715332,0
20.5116443634033,0
18.1223278045654,0
16.107250213623,0
15.5156097412109,0
16.1305618286133,0
16.3173847198486,0
15.1968250274658,0
13.840142250061,0
13.6462907791138,0
14.3086090087891,0
14.3420457839966,0
13.4451589584351,0
13.4346122741699,0
16.4058856964111,0
22.3331966400146,0
28.9757061004639,0
34.1050109863281,0
37.3492660522461,0
39.6964340209961,0
41.8754272460938,0
44.1374778747559,0
47.4596366882324,0
53.5372047424316,0
62.5726127624512,0
71.8578796386719,0
77.9927291870117,0
80.4099731445312,0
81.3052597045898,0
81.924430847168,0
80.6864929199219,0
75.9708404541016,0
69.1836242675781,0
63.2671928405762,0
58.9940643310547,0
54.7098007202148,0
49.4756355285645,0
44.3993873596191,0
40.5059051513672,0
37.1777763366699,0
33.5796356201172,0
30.2206687927246,0
28.0990409851074,0
27.2458019256592,0
26.8487796783447,0
25.886402130127,0
23.1260051727295,0
17.8265495300293,0
11.3456707000732,0
6.75653791427612,0
5.67226266860962,0
6.54181814193726,0
7.34375333786011,0
8.78042697906494,0
13.0600004196167,0
20.2402458190918,0
27.5909786224365,0
32.2950325012207,0
33.3269462585449,0
31.1837482452393,0
27.5648918151855,0
25.0806045532227,0
25.261869430542,0
26.4650726318359,0
25.2743854522705,0
20.3430099487305,0
13.5445318222046,0
7.23707294464111,0
2.0457329750061,0
-2.27983045578003,0
-5.63828945159912,0
-8.18661022186279,0
-10.8493242263794,0
-14.1945810317993,0
-17.7392177581787,0
-21.1049823760986,0
-24.7924575805664,0
-28.932788848877,0
-32.2560653686523,0
-33.3035430908203,0
-31.9722862243652,0
-29.1032619476318,0
-25.3462524414062,0
-21.1795883178711,0
-17.1229209899902,0
-13.0424852371216,0
-8.15659999847412,0
-2.62268900871277,0
1.98982954025269,0
4.94622945785522,0
7.79783296585083,0
11.9318561553955,0
15.780255317688,0
16.6860580444336,0
14.9984827041626,0
13.8911991119385,0
15.1096220016479,0
17.3282260894775,0
19.1624240875244,0
21.2701587677002,0
24.2509765625,0
26.5873794555664,0
26.4583072662354,0
24.3095302581787,0
22.0320911407471,0
20.5587692260742,0
19.7063961029053,0
19.4936618804932,0
20.0284633636475,0
20.5636787414551,0
19.9591484069824,0
17.7281513214111,0
13.7640752792358,0
7.90450525283813,0
1.03728175163269,0
-4.1552791595459,0
-5.1268162727356,0
-1.85851728916168,0
3.67371034622192,0
9.56350231170654,0
14.2193918228149,0
15.8675546646118,0
14.2164964675903,0
12.1802597045898,0
13.4893751144409,0
18.4499187469482,0
24.1840705871582,0
29.0193176269531,0
33.9788017272949,0
39.4449310302734,0
43.4411697387695,0
44.9857025146484,0
46.7923812866211,0
52.2627105712891,0
61.0919647216797,0
69.9577713012695,0
76.6118927001953,0
81.2373504638672,0
84.4633483886719,0
86.3639831542969,0
87.5352783203125,0
89.2021713256836,0
91.514274597168,0
92.8262100219727,0
91.2733306884766,0
86.5204010009766,0
79.8424072265625,0
73.1001739501953,0
67.619140625,0
63.3134536743164,0
58.7392539978027,0
52.5604286193848,0
45.0961952209473,0
38.0988349914551,0
33.1669120788574,0
30.7680072784424,0
30.3992519378662,0
30.9316539764404,0
31.0173892974854,0
30.0030460357666,0
28.3896064758301,0
26.7152137756348,0
24.307373046875,0
20.1589107513428,0
14.7655725479126,0
9.64918899536133,0
4.91080379486084,0
-1.10293638706207,0
-8.96675300598145,0
-16.4986534118652,0
-21.1341037750244,0
-22.9253349304199,0
-23.8410320281982,0
-24.9399108886719,0
-25.8249797821045,0
-26.3401775360107,0
-26.9176235198975,0
-27.1725559234619,0
-25.9127769470215,0
-23.075704574585,0
-20.2546234130859,0
-18.6933994293213,0
-18.0649700164795,0
-17.9378356933594,0
-18.9941177368164,0
-21.5536708831787,0
-24.0806884765625,0
-24.852258682251,0
-24.5056190490723,0
-25.1801986694336,0
-27.3144283294678,0
-29.0292644500732,0
-28.8386516571045,0
-27.2481117248535,0
-25.2905406951904,0
-23.4505195617676,0
-22.9473419189453,0
-25.7894802093506,0
-31.3963928222656,0
-34.8969688415527,0
-32.049617767334,0
-25.4921836853027,0
-22.6394462585449,0
-26.5406284332275,0
-32.125431060791,0
-33.3437957763672,0
-30.871208190918,0
-29.5249462127686,0
-30.322546005249,0
-29.55637550354,0
-25.2841205596924,0
-20.199182510376,0
-16.852518081665,0
-13.8380060195923,0
-8.9921875,0
-3.52746033668518,0
-0.0934330821037292,0
1.507120013237,0
3.66278672218323,0
6.85397148132324,0
9.04790782928467,0
9.16493701934814,0
8.72791194915771,0
9.42136287689209,0
10.6662464141846,0
10.439076423645,0
7.66226625442505,0
3.41641926765442,0
0.367356568574905,0
0.878740966320038,0
4.88546800613403,0
9.78772926330566,0
13.2628116607666,0
15.7942037582397,0
19.2923889160156,0
23.6866321563721,0
26.6898975372314,0
27.1535930633545,0
26.7232151031494,0
27.1300029754639,0
27.3391036987305,0
25.0107727050781,0
20.1473217010498,0
15.682279586792,0
14.3531970977783,0
16.1194515228271,0
18.9972229003906,0
21.5797710418701,0
24.0866146087646,0
27.2300586700439,0
30.6651287078857,0
32.9080696105957,0
32.8913154602051,0
31.4102535247803,0
30.4966583251953,0
31.0609130859375,0
31.6646595001221,0
30.3066482543945,0
27.111255645752,0
24.2415924072266,0
23.0664234161377,0
22.6336650848389,0
21.6838722229004,0
21.092227935791,0
22.816349029541,0
26.7085418701172,0
30.0456237792969,0
30.8227691650391,0
30.2701263427734,0
31.032808303833,0
33.5648460388184,0
35.6242599487305,0
35.2712936401367,0
33.1884651184082,0
31.5776100158691,0
31.599048614502,0
32.7258415222168,0
34.3032112121582,0
36.7250175476074,0
40.6083488464355,0
45.4223518371582,0
49.8516387939453,0
53.5250701904297,0
57.4017295837402,0
61.9151725769043,0
65.6915969848633,0
67.2656021118164,0
67.4470138549805,0
68.2851867675781,0
69.6610488891602,0
68.8638229370117,0
64.3632202148438,0
58.167724609375,0
52.961986541748,0
48.4620056152344,0
42.7543678283691,0
36.2602310180664,0
31.6801986694336,0
30.0091953277588,0
29.2269706726074,0
27.753849029541,0
26.963472366333,0
28.8376483917236,0
32.6996917724609,0
35.8899269104004,0
36.7789154052734,0
35.7855033874512,0
34.1622467041016,0
33.0658264160156,0
33.3290786743164,0
35.0312690734863,0
37.6211013793945,0
41.1519470214844,0
46.5733184814453,0
53.8050003051758,0
60.5028038024902,0
64.3057403564453,0
65.7923736572266,0
67.583137512207,0
70.7785720825195,0
74.0213470458984,0
76.1089019775391,0
77.5982055664062,0
79.1124954223633,0
79.673698425293,0
77.9175872802734,0
74.0149536132812,0
69.2880096435547,0
64.6362533569336,0
60.4800643920898,0
57.7014045715332,0
57.1492576599121,0
58.0678634643555,0
58.327522277832,0
56.9519119262695,0
55.6139793395996,0
56.6364669799805,0
59.8009223937988,0
62.1930274963379,0
61.4460105895996,0
58.2939147949219,0
55.3976669311523,0
54.3305511474609,0
54.5300102233887,0
54.7714538574219,0
54.5215034484863,0
53.6751365661621,0
51.9744415283203,0
49.3709716796875,0
46.5481224060059,0
44.4948120117188,0
43.6088218688965,0
43.4735870361328,0
43.4395904541016,0
43.231143951416,0
42.9172134399414,0
42.2467994689941,0
40.1633453369141,0
35.5346183776855,0
28.7354068756104,0
21.9868869781494,0
17.3722915649414,0
14.7103757858276,0
12.0980739593506,0
8.31590270996094,0
3.73794531822205,0
-1.04397416114807,0
-6.17297315597534,0
-11.5640859603882,0
-16.1193065643311,0
-18.9586982727051,0
-20.909948348999,0
-23.7366905212402,0
-28.021598815918,0
-32.7013664245605,0
-36.7113876342773,0
-40.1152801513672,0
-43.2079086303711,0
-45.4737854003906,0
-46.4873428344727,0
-47.3469009399414,0
-49.6616134643555,0
-52.7461204528809,0
-53.418758392334,0
-49.9355735778809,0
-45.0886497497559,0
-43.4608497619629,0
-45.8756484985352,0
-48.6772193908691,0
-48.8417358398438,0
-47.4434700012207,0
-46.7396049499512,0
-45.997257232666,0
-42.830078125,0
-37.9004859924316,0
-35.4959526062012,0
-38.6918907165527,0
-45.6438827514648,0
-51.6712303161621,0
-54.0330238342285,0
-53.7281112670898,0
-53.2445945739746,0
-53.7406539916992,0
-54.7117462158203,0
-55.682445526123,0
-57.1978034973145,0
-59.6575584411621,0
-61.7859153747559,0
-61.4369468688965,0
-58.153865814209,0
-53.9015083312988,0
-50.6953544616699,0
-48.4487228393555,0
-45.9717788696289,0
-43.0875587463379,0
-40.3185005187988,0
-36.9560852050781,0
-31.1909618377686,0
-22.6029262542725,0
-13.3787937164307,0
-6.44281196594238,0
-2.99951672554016,0
-2.2033908367157,0
-2.45964002609253,0
-2.54704117774963,0
-2.09433078765869,0
-1.57948863506317,0
-1.53988206386566,0
-1.4249655008316,0
0.244685605168343,0
4.03246641159058,0
8.38680648803711,0
11.0339441299438,0
11.2948875427246,0
10.2744779586792,0
9.04604530334473,0
7.69767761230469,0
6.17258882522583,0
4.81737375259399,0
3.61603713035583,0
1.93473732471466,0
-0.295712441205978,0
-2.09557414054871,0
-2.90618348121643,0
-3.50783610343933,0
-4.44281482696533,0
-4.69910860061646,0
-3.57615995407104,0
-2.89211916923523,0
-5.14779424667358,0
-9.88411331176758,0
-14.2025566101074,0
-16.8837471008301,0
-19.4344482421875,0
-22.6671314239502,0
-25.1272468566895,0
-26.039758682251,0
-26.9128570556641,0
-28.2969779968262,0
-27.5750141143799,0
-22.5943870544434,0
-15.412914276123,0
-9.40257835388184,0
-4.25652599334717,0
2.62913036346436,0
10.8172798156738,0
16.8214359283447,0
19.4510345458984,0
21.3421230316162,0
24.266284942627,0
26.3312091827393,0
25.3573665618896,0
22.136157989502,0
18.4701099395752,0
14.462963104248,0
9.94524097442627,0
6.5435585975647,0
5.81720733642578,0
6.71655225753784,0
7.29944944381714,0
7.8413610458374,0
9.66541385650635,0
11.6780786514282,0
11.0167570114136,0
7.22688102722168,0
3.08205270767212,0
0.542252600193024,0
-1.76959908008575,0
-5.91777276992798,0
-11.4026756286621,0
-16.0574226379395,0
-18.8472137451172,0
-20.2302684783936,0
-20.6908626556396,0
-20.491340637207,0
-20.2720756530762,0
-20.3685512542725,0
-19.9028511047363,0
-18.0104103088379,0
-15.6241254806519,0
-14.3202610015869,0
-13.4416007995605,0
-10.364296913147,0
-4.20862531661987,0
2.57500910758972,0
7.32895421981812,0
10.2015962600708,0
12.7155914306641,0
15.0458040237427,0
16.753812789917,0
18.8875179290771,0
22.6075267791748,0
26.2072601318359,0
26.4807395935059,0
23.4734001159668,0
21.0485649108887,0
21.6457767486572,0
23.1000118255615,0
22.4199714660645,0
20.4428997039795,0
20.2371520996094,0
22.315092086792,0
24.178129196167,0
24.1210899353027,0
23.1180591583252,0
22.9928512573242,0
24.6666393280029,0
28.216890335083,0
32.9106407165527,0
37.1402740478516,0
39.8944969177246,0
42.1401672363281,0
45.1000518798828,0
47.5642127990723,0
47.1247940063477,0
44.0058479309082,0
41.1065368652344,0
39.7883262634277,0
38.2878532409668,0
35.3115425109863,0
32.5337295532227,0
31.8231430053711,0
32.2734527587891,0
32.1627960205078,0
32.0708198547363,0
33.5516242980957,0
35.8971252441406,0
36.804370880127,0
35.6591606140137,0
33.7134323120117,0
31.2232494354248,0
26.7849521636963,0
19.7764530181885,0
11.4297704696655,0
3.06796002388,0
-4.81668996810913,0
-11.1219844818115,0
-13.7532501220703,0
-12.0449352264404,0
-8.3892068862915,0
-6.06973171234131,0
-6.01514768600464,0
-6.67553424835205,0
-6.57594776153564,0
-5.9176983833313,0
-5.84905576705933,0
-7.09736680984497,0
-9.41897869110107,0
-11.7575492858887,0
-12.8231410980225,0
-12.0500259399414,0
-10.252513885498,0
-9.07684898376465,0
-9.61462497711182,0
-11.6676797866821,0
-14.3664588928223,0
-17.1459369659424,0
-19.7915287017822,0
-21.754997253418,0
-22.1448135375977,0
-20.8663158416748,0
-19.3420886993408,0
-19.1954765319824,0
-20.1036739349365,0
-19.9589309692383,0
-17.8290615081787,0
-15.8903617858887,0
-17.2025184631348,0
-21.9570407867432,0
-27.3637294769287,0
-31.2546691894531,0
-34.1341209411621,0
-37.0782890319824,0
-39.3628120422363,0
-39.6494903564453,0
-38.409481048584,0
-37.3944664001465,0
-37.2501831054688,0
-37.4604606628418,0
-38.4291687011719,0
-41.5178833007812,0
-46.4352722167969,0
-50.3991508483887,0
-51.1373634338379,0
-49.7356719970703,0
-49.4014282226562,0
-52.023609161377,0
-56.8686180114746,0
-62.1171989440918,0
-66.6166458129883,0
-70.1747283935547,0
-72.8890228271484,0
-74.4967193603516,0
-74.4146347045898,0
-72.5670471191406,0
-69.8831481933594,0
-67.2957763671875,0
-64.4389266967773,0
-60.395263671875,0
-55.7494468688965,0
-52.4880638122559,0
-51.4001922607422,0
-51.0657501220703,0
-50.3034591674805,0
-50.1861228942871,0
-52.2894554138184,0
-56.0045852661133,0
-59.0237884521484,0
-59.7120780944824,0
-57.7292518615723,0
-53.3129997253418,0
-47.6335830688477,0
-43.0453834533691,0
-40.9130554199219,0
-39.3830032348633,0
-35.1512145996094,0
-27.4583778381348,0
-18.7600631713867,0
-11.6038761138916,0
-6.63590621948242,0
-3.65882968902588,0
-2.6007297039032,0
-2.92405128479004,0
-3.76422333717346,0
-5.1515736579895,0
-7.5706000328064,0
-10.0852737426758,0
-10.8473377227783,0
-9.95150661468506,0
-9.5873327255249,0
-10.4498558044434,0
-10.3698034286499,0
-8.06512641906738,0
-5.95688724517822,0
-6.85797023773193,0
-9.54007053375244,0
-10.5519552230835,0
-9.68299770355225,0
-10.507532119751,0
-15.2472705841064,0
-21.8435707092285,0
-27.1044101715088,0
-30.5472106933594,0
-33.6593246459961,0
-36.9527778625488,0
-39.6362266540527,0
-41.6083374023438,0
-44.1586990356445,0
-48.5406150817871,0
-54.6553039550781,0
-61.147777557373,0
-66.2730331420898,0
-68.9256362915039,0
-69.5319137573242,0
-69.8363265991211,0
-71.1367568969727,0
-72.7408752441406,0
-72.7883834838867,0
-70.5591812133789,0
-67.1519622802734,0
-63.6807060241699,0
-59.750373840332,0
-54.4447174072266,0
-48.179557800293,0
-42.505989074707,0
-38.1514511108398,0
-34.2224540710449,0
-29.6043014526367,0
-24.3530597686768,0
-19.2791328430176,0
-14.8909769058228,0
-11.4338245391846,0
-9.40021991729736,0
-9.06283760070801,0
-9.7282657623291,0
-10.3740472793579,0
-10.9278697967529,0
-11.908145904541,0
-12.8063640594482,0
-12.2070960998535,0
-10.0985584259033,0
-8.71873188018799,0
-9.88007640838623,0
-12.3287992477417,0
-13.2807197570801,0
-12.2132663726807,0
-11.5151023864746,0
-13.1913805007935,0
-16.3891220092773,0
-18.8274040222168,0
-19.5887832641602,0
-19.6303081512451,0
-20.1840362548828,0
-21.5056018829346,0
-22.9321041107178,0
-23.5094394683838,0
-22.5712432861328,0
-20.0583209991455,0
-16.3828983306885,0
-12.0848846435547,0
-7.80245208740234,0
-4.32459115982056,0
-2.13279151916504,0
-0.920554995536804,0
-0.0230750013142824,0
0.803608357906342,0
1.53668785095215,0
2.51793050765991,0
4.15054893493652,0
6.19562911987305,0
8.26243877410889,0
10.6983003616333,0
13.7990217208862,0
16.3716201782227,0
16.6484470367432,0
14.7038545608521,0
12.246693611145,0
9.78977012634277,0
6.14814615249634,0
1.44779658317566,0
-1.84955251216888,0
-2.53271770477295,0
-2.9919216632843,0
-5.65189075469971,0
-8.89493942260742,0
-9.52180004119873,0
-8.05814266204834,0
-8.03731250762939,0
-10.2146549224854,0
-11.2670164108276,0
-9.20473194122314,0
-6.6428542137146,0
-6.72060203552246,0
-8.42221260070801,0
-8.50238990783691,0
-6.29373979568481,0
-3.85983061790466,0
-2.38185358047485,0
-1.20394051074982,0
-0.251275628805161,0
-0.743495285511017,0
-2.91688966751099,0
-5.09101438522339,0
-5.91328477859497,0
-5.99793767929077,0
-6.35829591751099,0
-6.50568199157715,0
-5.3388032913208,0
-3.07228851318359,0
-0.97980660200119,0
0.376951485872269,0
1.49500560760498,0
2.69137716293335,0
3.70434641838074,0
4.72961759567261,0
6.78739261627197,0
10.3940553665161,0
14.4317617416382,0
17.0467262268066,0
17.5179862976074,0
16.7745323181152,0
16.2272167205811,0
16.620288848877,0
18.002124786377,0
20.1834926605225,0
22.8481025695801,0
25.4995422363281,0
27.6461772918701,0
28.9564113616943,0
29.1359176635742,0
27.992977142334,0
25.9470882415771,0
24.1400566101074,0
23.4427185058594,0
23.3941497802734,0
22.7331886291504,0
21.1075630187988,0
19.5435390472412,0
18.66184425354,0
16.9111042022705,0
11.5403108596802,0
1.58074748516083,0
-10.7210988998413,0
-21.8152675628662,0
-29.7818470001221,0
-34.9874534606934,0
-38.4627418518066,0
-40.7479591369629,0
-42.3893661499023,0
-44.2605667114258,0
-46.4335060119629,0
-47.4672317504883,0
-46.0868225097656,0
-43.4322090148926,0
-42.4444198608398,0
-44.7724227905273,0
-49.2479705810547,0
-53.6944122314453,0
-57.1747665405273,0
-59.9226951599121,0
-62.2120208740234,0
-64.3881378173828,0
-67.2759475708008,0
-71.2280883789062,0
-74.9896697998047,0
-76.7235565185547,0
-76.2494888305664,0
-75.1896286010742,0
-74.5907669067383,0
-73.4172286987305,0
-70.1143341064453,0
-65.0345840454102,0
-60.3437690734863,0
-57.5170745849609,0
-55.7363510131836,0
-53.2985725402832,0
-50.2353363037109,0
-48.6734390258789,0
-50.2774620056152,0
-54.0119667053223,0
-57.2122764587402,0
-58.5839195251465,0
-59.2424545288086,0
-60.7977180480957,0
-63.3789024353027,0
-65.852294921875,0
-67.1530227661133,0
-66.9826431274414,0
-65.9311828613281,0
-65.3947677612305,0
-66.7442855834961,0
-70.1009979248047,0
-74.3842391967773,0
-78.6453094482422,0
-82.4908142089844,0
-85.1209259033203,0
-85.3794937133789,0
-83.4223709106445,0
-80.9756774902344,0
-79.0201950073242,0
-76.6127014160156,0
-73.1915130615234,0
-70.4683074951172,0
-70.0969390869141,0
-70.6157531738281,0
-69.0817642211914,0
-65.217887878418,0
-61.4886054992676,0
-59.1284599304199,0
-56.6538314819336,0
-52.8684272766113,0
-48.9378204345703,0
-46.3539924621582,0
-44.8670806884766,0
-43.9209327697754,0
-44.4537582397461,0
-47.3315353393555,0
-50.9755210876465,0
-52.5777549743652,0
-51.4891738891602,0
-49.8596534729004,0
-49.9028587341309,0
-51.7957992553711,0
-54.348518371582,0
-56.4448547363281,0
-57.3297309875488,0
-56.4168815612793,0
-53.5326347351074,0
-49.0009117126465,0
-43.1128425598145,0
-35.7877960205078,0
-26.9781532287598,0
-17.1641941070557,0
-7.3589186668396,0
1.13362288475037,0
7.13158178329468,0
10.3990955352783,0
12.1574401855469,0
14.048641204834,0
16.2395915985107,0
17.17942237854,0
15.6221675872803,0
12.1555013656616,0
8.14362812042236,0
4.02705812454224,0
-0.279527276754379,0
-4.03805685043335,0
-6.33072948455811,0
-7.89487028121948,0
-10.5961494445801,0
-14.7088813781738,0
-18.3883190155029,0
-20.5849609375,0
-22.7403793334961,0
-26.187873840332,0
-29.3408985137939,0
-29.5189762115479,0
-26.8226699829102,0
-24.0147495269775,0
-22.7570934295654,0
-22.1719245910645,0
-21.3814296722412,0
-21.1783218383789,0
-22.2369804382324,0
-23.6211471557617,0
-24.3834915161133,0
-25.0229434967041,0
-25.8268623352051,0
-25.2323741912842,0
-21.7942085266113,0
-16.839427947998,0
-13.2038221359253,0
-12.0260705947876,0
-12.7303056716919,0
-15.3098220825195,0
-19.92995262146,0
-24.5030822753906,0
-25.7873382568359,0
-23.7202339172363,0
-21.9533004760742,0
-22.9113788604736,0
-24.9804649353027,0
-26.2382545471191,0
-28.2026538848877,0
-33.1766204833984,0
-39.9264831542969,0
-45.2617874145508,0
-48.6910247802734,0
-52.0567512512207,0
-55.1391105651855,0
-55.4574546813965,0
-53.0000877380371,0
-51.5859870910645,0
-53.9374961853027,0
-58.0766410827637,0
-60.4217262268066,0
-60.2415313720703,0
-58.9414825439453,0
-56.7187309265137,0
-52.5038528442383,0
-46.4747009277344,0
-40.3878364562988,0
-35.526927947998,0
-31.8892269134521,0
-29.2023468017578,0
-27.2978286743164,0
-25.5837421417236,0
-23.4838314056396,0
-21.4649524688721,0
-20.6113471984863,0
-21.2671642303467,0
-22.9923000335693,0
-25.4302501678467,0
-27.9746131896973,0
-29.0452766418457,0
-27.5084838867188,0
-24.8967380523682,0
-24.3028354644775,0
-26.4940433502197,0
-28.9632606506348,0
-29.7189388275146,0
-29.962589263916,0
-31.28883934021,0
-32.0731735229492,0
-29.4718399047852,0
-24.3910865783691,0
-21.4766712188721,0
-23.651782989502,0
-29.1007328033447,0
-34.4307174682617,0
-38.2788391113281,0
-40.3510284423828,0
-39.463794708252,0
-35.2199249267578,0
-30.1356525421143,0
-27.1443958282471,0
-25.6074504852295,0
-22.6318435668945,0
-18.0689525604248,0
-15.0510301589966,0
-15.0616149902344,0
-15.6633644104004,0
-14.5688781738281,0
-13.2394113540649,0
-14.3253774642944,0
-17.5574569702148,0
-20.5549774169922,0
-22.3011131286621,0
-23.3676567077637,0
-23.5963535308838,0
-22.0420684814453,0
-18.9744091033936,0
-15.9261922836304,0
-13.8617172241211,0
-12.8902568817139,0
-13.3397760391235,0
-15.286506652832,0
-17.4352836608887,0
-18.4804935455322,0
-19.2842311859131,0
-21.5593032836914,0
-24.6934585571289,0
-26.513635635376,0
-27.3220825195312,0
-30.1731071472168,0
-36.2788887023926,0
-43.0774688720703,0
-48.2764587402344,0
-52.8780899047852,0
-58.0016632080078,0
-61.3985977172852,0
-60.3132553100586,0
-56.121654510498,0
-52.6419677734375,0
-50.5993537902832,0
-47.2231254577637,0
-41.2999420166016,0
-35.2195091247559,0
-31.2005214691162,0
-28.5152225494385,0
-25.9459762573242,0
-24.5219440460205,0
-25.749137878418,0
-28.680290222168,0
-30.860725402832,0
-31.4845752716064,0
-31.9644660949707,0
-33.7556648254395,0
-36.8741760253906,0
-40.2490577697754,0
-42.5409851074219,0
-43.011661529541,0
-42.5005493164062,0
-43.0366287231445,0
-45.4945335388184,0
-48.1926574707031,0
-48.9850692749023,0
-48.1982765197754,0
-47.9507865905762,0
-48.7796211242676,0
-48.838996887207,0
-47.0276489257812,0
-45.2463302612305,0
-46.2391090393066,0
-50.038387298584,0
-53.8871955871582,0
-55.4343109130859,0
-54.9233055114746,0
-54.2579498291016,0
-54.9785957336426,0
-57.5324020385742,0
-61.647159576416,0
-66.5582656860352,0
-71.0648727416992,0
-74.0466461181641,0
-75.0938491821289,0
-74.4261932373047,0
-72.4306259155273,0
-69.8402938842773,0
-68.2113876342773,0
-69.1810455322266,0
-72.6405410766602,0
-76.2951507568359,0
-77.8334350585938,0
-77.1545791625977,0
-75.6737823486328,0
-73.9193420410156,0
-71.1143951416016,0
-67.1041030883789,0
-63.1425666809082,0
-60.0653076171875,0
-56.9603233337402,0
-52.8443412780762,0
-48.821647644043,0
-47.0569000244141,0
-47.7683372497559,0
-48.6620140075684,0
-47.6974563598633,0
-45.3205337524414,0
-43.4186058044434,0
-43.0374374389648,0
-44.0356674194336,0
-46.3291511535645,0
-50.1337051391602,0
-54.812873840332,0
-58.5916519165039,0
-60.1593742370605,0
-60.049877166748,0
-59.6823043823242,0
-59.3067245483398,0
-57.7923278808594,0
-54.5420722961426,0
-50.7252807617188,0
-48.1243896484375,0
-47.3730735778809,0
-47.8503189086914,0
-48.6568946838379,0
-48.890697479248,0
-47.520694732666,0
-44.2164001464844,0
-40.2539558410645,0
-37.3972969055176,0
-35.6149635314941,0
-33.0775184631348,0
-28.9909763336182,0
-25.2843036651611,0
-24.4042072296143,0
-26.1569385528564,0
-28.0357570648193,0
-28.4261894226074,0
-28.1550140380859,0
-28.6719722747803,0
-29.9802341461182,0
-31.1345729827881,0
-31.9191646575928,0
-32.8900566101074,0
-33.9897384643555,0
-34.2891731262207,0
-33.4969825744629,0
-32.8480796813965,0
-33.6946258544922,0
-35.7181663513184,0
-37.6177101135254,0
-39.4573402404785,0
-42.8881607055664,0
-48.3023529052734,0
-53.0239791870117,0
-53.915397644043,0
-51.4133949279785,0
-49.3456802368164,0
-50.4827766418457,0
-53.6911697387695,0
-56.0928382873535,0
-56.7247619628906,0
-56.9297676086426,0
-57.9270477294922,0
-59.378288269043,0
-60.3622245788574,0
-60.8148345947266,0
-61.577507019043,0
-63.2413558959961,0
-65.1969375610352,0
-66.1034393310547,0
-65.4661636352539,0
-64.2399215698242,0
-63.2418975830078,0
-61.6119918823242,0
-58.1409378051758,0
-53.7219123840332,0
-50.6273918151855,0
-49.2591018676758,0
-47.8172721862793,0
-45.8413467407227,0
-45.5488586425781,0
-48.1046333312988,0
-50.9371223449707,0
-51.1546020507812,0
-49.7905158996582,0
-49.7615051269531,0
-50.9335289001465,0
-50.6510467529297,0
-48.6860237121582,0
-47.9633903503418,0
-49.7299308776855,0
-51.304386138916,0
-50.0661392211914,0
-47.0912551879883,0
-45.0640335083008,0
-44.5258293151855,0
-44.0347290039062,0
-42.6195449829102,0
-40.3085861206055,0
-37.2854690551758,0
-34.2111358642578,0
-32.6735954284668,0
-33.7970809936523,0
-36.7792434692383,0
-39.854679107666,0
-42.1311836242676,0
-43.5243530273438,0
-43.7625541687012,0
-42.8397216796875,0
-41.8914642333984,0
-42.2448654174805,0
-43.9436187744141,0
-46.3370666503906,0
-49.4539222717285,0
-53.3004264831543,0
-56.494384765625,0
-57.6696662902832,0
-57.9972724914551,0
-59.9016380310059,0
-62.9218444824219,0
-63.4697189331055,0
-59.8663215637207,0
-55.1438331604004,0
-52.897029876709,0
-52.3848724365234,0
-50.2966499328613,0
-45.9223251342773,0
-41.5430946350098,0
-38.3696746826172,0
-35.3073997497559,0
-31.9050331115723,0
-29.5074138641357,0
-28.7461318969727,0
-28.5350685119629,0
-28.4215984344482,0
-29.265983581543,0
-30.4633865356445,0
-29.3666458129883,0
-25.2623462677002,0
-21.2225952148438,0
-19.6650104522705,0
-18.5389404296875,0
-14.8462266921997,0
-9.80650806427002,0
-6.80629634857178,0
-5.45547723770142,0
-1.77811133861542,0
5.77629423141479,0
14.3482656478882,0
21.4169044494629,0
28.1309432983398,0
36.4602813720703,0
45.7175750732422,0
53.7903175354004,0
60.0718574523926,0
65.4113006591797,0
70.2449340820312,0
74.2198333740234,0
77.0662002563477,0
78.9154434204102,0
80.1949691772461,0
81.5955200195312,0
83.4533157348633,0
84.8878555297852,0
84.3118209838867,0
80.9990539550781,0
75.492073059082,0
68.6841506958008,0
61.559497833252,0
55.5651931762695,0
51.708740234375,0
49.106761932373,0
45.8137130737305,0
41.3576202392578,0
37.2026557922363,0
34.5699462890625,0
33.1906204223633,0
32.3639259338379,0
31.7086868286133,0
30.6020011901855,0
28.5026245117188,0
26.2173080444336,0
25.1398811340332,0
24.7384243011475,0
22.6982593536377,0
18.4088172912598,0
14.4038515090942,0
13.0802545547485,0
13.6696720123291,0
13.989914894104,0
13.7313146591187,0
14.1341285705566,0
15.3927011489868,0
16.3869590759277,0
16.645435333252,0
16.8813591003418,0
17.5876770019531,0
18.3789768218994,0
18.760778427124,0
18.592399597168,0
17.956148147583,0
17.5768299102783,0
19.1991500854492,0
24.3686618804932,0
32.5942878723145,0
41.5125770568848,0
49.0775718688965,0
55.0393447875977,0
60.2986450195312,0
65.5198364257812,0
70.5202255249023,0
74.4582672119141,0
76.4584274291992,0
76.4386596679688,0
75.3467559814453,0
74.2187652587891,0
73.1083068847656,0
71.3755264282227,0
68.8160858154297,0
65.8255004882812,0
62.5272789001465,0
58.6029930114746,0
54.2571067810059,0
50.5831718444824,0
48.4156112670898,0
47.2839622497559,0
46.0842819213867,0
44.4786911010742,0
42.9812507629395,0
41.7654685974121,0
40.130802154541,0
37.4899139404297,0
34.4819526672363,0
32.6628303527832,0
33.1251678466797,0
35.5827407836914,0
38.6544494628906,0
40.8366203308105,0
41.4287605285645,0
40.9686393737793,0
40.7875747680664,0
41.7406539916992,0
43.2570686340332,0
43.9419860839844,0
43.1096000671387,0
41.2571907043457,0
39.0739288330078,0
36.8849334716797,0
35.4783782958984,0
36.4226341247559,0
40.4533576965332,0
46.1193351745605,0
51.2875328063965,0
55.7011108398438,0
60.6660461425781,0
66.3044967651367,0
70.8413925170898,0
73.1273803710938,0
74.2297668457031,0
75.5138320922852,0
76.5438995361328,0
76.279411315918,0
75.2752685546875,0
74.9679794311523,0
75.3710708618164,0
75.3419799804688,0
75.0340194702148,0
76.1615524291992,0
79.2552032470703,0
82.2008895874023,0
82.5343933105469,0
80.3227233886719,0
77.8826065063477,0
77.2106781005859,0
78.4113922119141,0
80.1600341796875,0
80.9605178833008,0
80.24951171875,0
78.935173034668,0
78.6956176757812,0
80.2556533813477,0
82.5609664916992,0
84.0828094482422,0
84.5819854736328,0
84.956787109375,0
85.6730651855469,0
86.2799301147461,0
86.5506210327148,0
87.1787948608398,0
88.8368301391602,0
91.0597305297852,0
92.5835494995117,0
92.5804061889648,0
91.2797393798828,0
89.6325531005859,0
88.6028823852539,0
88.4666213989258,0
88.5103454589844,0
87.7421646118164,0
86.2472610473633,0
85.5093460083008,0
86.8921051025391,0
89.9300842285156,0
92.547248840332,0
92.9801864624023,0
91.3234634399414,0
89.3466491699219,0
88.9495468139648,0
90.5755004882812,0
93.067756652832,0
95.3943710327148,0
98.2918395996094,0
103.24292755127,0
109.719230651855,0
114.877876281738,0
116.875297546387,0
117.199272155762,0
118.365020751953,0
120.367622375488,0
121.196754455566,0
120.186050415039,0
118.773788452148,0
118.020439147949,0
117.30834197998,0
115.789413452148,0
113.513076782227,0
110.869323730469,0
108.437522888184,0
107.509902954102,0
109.037475585938,0
111.812469482422,0
113.51286315918,0
113.822631835938,0
114.444946289062,0
115.645622253418,0
115.42635345459,0
113.274299621582,0
112.019355773926,0
113.904067993164,0
116.957443237305,0
117.755958557129,0
116.153594970703,0
114.50008392334,0
113.296920776367,0
110.730865478516,0
106.192573547363,0
101.194938659668,0
96.3264617919922,0
90.0016632080078,0
81.3859939575195,0
72.5339889526367,0
66.1515274047852,0
62.451904296875,0
59.5078430175781,0
55.9420280456543,0
52.2012977600098,0
49.6544990539551,0
49.3177833557129,0
51.2931289672852,0
54.9293746948242,0
59.5731010437012,0
65.1991806030273,0
71.9658508300781,0
79.2460250854492,0
85.7249145507812,0
90.44189453125,0
93.0059204101562,0
92.8736038208008,0
89.6424255371094,0
84.5634994506836,0
80.6116943359375,0
79.9425048828125,0
81.7182769775391,0
83.3870544433594,0
83.8979949951172,0
84.6902160644531,0
87.2932662963867,0
90.7608337402344,0
92.3196258544922,0
90.6039199829102,0
87.4671783447266,0
85.7761840820312,0
85.748649597168,0
84.9239807128906,0
82.2740478515625,0
80.5828857421875,0
82.9037246704102,0
87.6660385131836,0
89.8414306640625,0
87.0339126586914,0
81.9809646606445,0
78.381591796875,0
76.6780395507812,0
75.2641067504883,0
73.6266479492188,0
72.2817535400391,0
71.1801681518555,0
70.3334655761719,0
70.8721466064453,0
73.297477722168,0
75.6073913574219,0
75.5153503417969,0
73.9516220092773,0
73.9332580566406,0
76.2165069580078,0
78.5283508300781,0
79.1137924194336,0
78.4555358886719,0
77.0535049438477,0
74.1821899414062,0
69.9912948608398,0
66.5691986083984,0
65.2822494506836,0
64.5396194458008,0
61.6716270446777,0
55.9808044433594,0
48.8027610778809,0
41.5467567443848,0
34.7120018005371,0
28.0240383148193,0
20.8406238555908,0
13.3308439254761,0
7.59605693817139,0
6.17529153823853,0
8.87956809997559,0
12.7263689041138,0
15.5981292724609,0
17.9548244476318,0
20.1653861999512,0
20.8592090606689,0
19.6632022857666,0
18.9441509246826,0
20.3797035217285,0
22.1632862091064,0
22.5267391204834,0
23.6173877716064,0
27.9064540863037,0
32.609375,0
32.738151550293,0
29.2041263580322,0
28.5065269470215,0
33.4859657287598,0
39.5931777954102,0
42.4072113037109,0
43.9342002868652,0
47.904411315918,0
52.6931343078613,0
53.628303527832,0
50.350399017334,0
47.2622756958008,0
47.201774597168,0
48.6352119445801,0
49.3935317993164,0
49.7042465209961,0
50.3834114074707,0
50.6123886108398,0
49.1156730651855,0
46.0874519348145,0
42.6333961486816,0
39.20703125,0
35.6571922302246,0
32.2267837524414,0
29.538049697876,0
27.7859287261963,0
26.6592140197754,0
26.0576763153076,0
26.2697563171387,0
27.1582107543945,0
27.7113437652588,0
27.185453414917,0
26.5313835144043,0
27.4565181732178,0
29.547492980957,0
29.7440814971924,0
26.0931186676025,0
20.9033794403076,0
18.0119514465332,0
17.4645233154297,0
15.6601085662842,0
11.1545763015747,0
7.35254907608032,0
7.83172416687012,0
11.3093137741089,0
13.4912900924683,0
12.4346828460693,0
9.75263118743896,0
7.48407554626465,0
6.26032161712646,0
6.25973272323608,0
7.53696537017822,0
8.92685794830322,0
8.46478366851807,0
5.6849570274353,0
2.33374190330505,0
0.220736742019653,0
-0.706763923168182,0
-1.76012802124023,0
-3.95741200447083,0
-7.51959848403931,0
-11.9158735275269,0
-15.681830406189,0
-16.9360046386719,0
-15.0090370178223,0
-11.3466396331787,0
-8.17456722259521,0
-6.38687562942505,0
-5.19457006454468,0
-3.6785044670105,0
-2.12450075149536,0
-1.69484829902649,0
-3.04954242706299,0
-5.37648773193359,0
-6.68121433258057,0
-5.14952850341797,0
-0.489408552646637,0
6.01174211502075,0
12.7635087966919,0
18.9444618225098,0
24.1372585296631,0
27.4802513122559,0
28.1384963989258,0
26.7061862945557,0
25.1669807434082,0
24.8526020050049,0
25.0804004669189,0
24.4936561584473,0
23.1080760955811,0
21.9856910705566,0
21.2426300048828,0
19.7079734802246,0
16.7676429748535,0
13.4289236068726,0
11.0857448577881,0
10.0605115890503,0
9.77005958557129,0
9.44996547698975,0
8.18533325195312,0
5.17074632644653,0
0.843388438224792,0
-2.83265566825867,0
-4.13974475860596,0
-3.41654467582703,0
-2.50183773040771,0
-2.75348806381226,0
-4.1420783996582,0
-5.66938591003418,0
-5.85742902755737,0
-3.43010354042053,0
1.31693589687347,0
6.03961181640625,0
8.31607246398926,0
8.00973224639893,0
6.71786785125732,0
5.19592237472534,0
2.80093121528625,0
-0.449839413166046,0
-3.08707880973816,0
-4.33442354202271,0
-5.56734466552734,0
-8.25883960723877,0
-11.4372568130493,0
-12.778754234314,0
-11.7671957015991,0
-10.1467628479004,0
-9.25529766082764,0
-8.46083068847656,0
-6.63353776931763,0
-3.81081008911133,0
-0.696154594421387,0
2.42976260185242,0
5.44308757781982,0
7.81435775756836,0
9.18081951141357,0
9.86798286437988,0
10.0246028900146,0
8.8971061706543,0
6.03701448440552,0
2.81467962265015,0
1.51319086551666,0
2.87166833877563,0
5.42774343490601,0
7.40941524505615,0
8.63314914703369,0
10.5164642333984,0
14.6531143188477,0
21.0667419433594,0
27.40944480896,0
30.6257381439209,0
30.2815322875977,0
29.3504371643066,0
30.4385185241699,0
32.3756446838379,0
32.6230392456055,0
31.9900970458984,0
33.662166595459,0
37.505802154541,0
39.1993980407715,0
36.5642471313477,0
33.2616004943848,0
33.5401573181152,0
36.0613708496094,0
36.3135108947754,0
33.3073997497559,0
30.153844833374,0
28.8845825195312,0
28.323221206665,0
26.9154644012451,0
24.402982711792,0
20.6407279968262,0
15.9629583358765,0
12.968186378479,0
14.5000953674316,0
18.9873962402344,0
21.0829582214355,0
18.2769031524658,0
13.8057737350464,0
11.3454504013062,0
9.94765758514404,0
6.73205423355103,0
2.03626537322998,0
-1.22769629955292,0
-1.85128355026245,0
-1.06941282749176,0
0.120191939175129,0
1.94412994384766,0
4.84300804138184,0
9.58821868896484,0
17.5882034301758,0
28.827615737915,0
40.1675415039062,0
48.0333366394043,0
52.3757362365723,0
55.7358131408691,0
58.9187889099121,0
60.3278617858887,0
59.6024551391602,0
58.9894561767578,0
60.1856803894043,0
62.1557006835938,0
63.2624549865723,0
63.6380310058594,0
64.1033020019531,0
64.3360824584961,0
63.6487121582031,0
62.4277572631836,0
61.2324180603027,0
59.281436920166,0
55.5530242919922,0
51.1502342224121,0
48.9009780883789,0
50.0553016662598,0
52.404296875,0
52.5169486999512,0
49.4575653076172,0
45.4787330627441,0
43.0283203125,0
41.9807624816895,0
40.4971389770508,0
38.0313835144043,0
36.3580894470215,0
37.6352310180664,0
42.4914054870605,0
50.1265754699707,0
59.0539588928223,0
67.3615036010742,0
73.6670684814453,0
78.6867828369141,0
84.6441802978516,0
92.135627746582,0
98.8226013183594,0
102.490936279297,0
104.213874816895,0
106.865432739258,0
111.369560241699,0
116.075370788574,0
119.08854675293,0
119.454597473145,0
116.701873779297,0
111.240844726562,0
104.962730407715,0
99.573860168457,0
94.4764556884766,0
87.9918975830078,0
80.2838592529297,0
73.0039978027344,0
66.3350296020508,0
58.930419921875,0
51.0668830871582,0
45.1551666259766,0
42.0551910400391,0
39.2203636169434,0
34.1196136474609,0
27.7971458435059,0
23.2015056610107,0
21.0231056213379,0
19.0061378479004,0
15.0820436477661,0
9.81768035888672,0
5.6053295135498,0
4.08597612380981,0
4.4896125793457,0
4.41416120529175,0
2.43650889396667,0
-0.239138260483742,0
-1.34332656860352,0
-0.540947139263153,0
0.156652167439461,0
-0.900934100151062,0
-3.01602697372437,0
-4.40261745452881,0
-4.58897399902344,0
-4.84843778610229,0
-6.59559345245361,0
-9.81347942352295,0
-12.9796705245972,0
-14.5107107162476,0
-14.3549432754517,0
-13.7588872909546,0
-13.2038526535034,0
-11.4534063339233,0
-7.51154088973999,0
-2.59686326980591,0
1.33779203891754,0
4.50603914260864,0
8.89669036865234,0
15.0647811889648,0
21.1236133575439,0
25.1423149108887,0
26.7820091247559,0
26.2512531280518,0
23.7063503265381,0
20.5927791595459,0
19.6566734313965,0
22.0989398956299,0
25.8983497619629,0
28.2954139709473,0
28.9895629882812,0
29.673152923584,0
31.3292694091797,0
33.3157157897949,0
34.4880294799805,0
34.088077545166,0
32.0800170898438,0
29.5489273071289,0
28.1030616760254,0
28.0255241394043,0
27.8328666687012,0
26.4368457794189,0
24.553825378418,0
23.0306797027588,0
21.4455661773682,0
19.9359588623047,0
20.5241603851318,0
24.0932788848877,0
27.5257186889648,0
27.1075439453125,0
24.0111961364746,0
22.7501163482666,0
24.2686138153076,0
24.6002597808838,0
21.3136596679688,0
17.2587738037109,0
15.9233074188232,0
16.6329765319824,0
17.0894908905029,0
17.6042442321777,0
19.3462982177734,0
20.6919860839844,0
19.3512363433838,0
16.9156913757324,0
17.267110824585,0
20.8054523468018,0
24.0636291503906,0
25.2972431182861,0
26.677713394165,0
29.8262805938721,0
32.587703704834,0
32.2577514648438,0
29.5370941162109,0
26.9494934082031,0
24.9612426757812,0
22.0853023529053,0
18.0657272338867,0
14.7105369567871,0
13.4246110916138,0
13.427791595459,0
12.9193048477173,0
11.2315196990967,0
9.29998111724854,0
8.111252784729,0
6.98348951339722,0
3.87186145782471,0
-2.2551121711731,0
-9.86094760894775,0
-16.4866561889648,0
-21.571985244751,0
-26.5113773345947,0
-32.1861572265625,0
-37.9967613220215,0
-43.4032707214355,0
-48.5182113647461,0
-52.537166595459,0
-53.6255340576172,0
-51.7407722473145,0
-49.7822723388672,0
-49.981616973877,0
-50.5453300476074,0
-48.3714942932129,0
-44.2594032287598,0
-42.3613624572754,0
-44.2162933349609,0
-46.3431968688965,0
-45.0135765075684,0
-40.8652687072754,0
-36.8471450805664,0
-33.6955871582031,0
-30.2141208648682,0
-26.8787612915039,0
-25.9157810211182,0
-27.5957622528076,0
-29.2534294128418,0
-28.9788627624512,0
-28.1001529693604,0
-28.7184982299805,0
-30.6015129089355,0
-32.0827484130859,0
-32.5457763671875,0
-32.2007865905762,0
-30.569128036499,0
-27.2646942138672,0
-23.5317401885986,0
-20.7948989868164,0
-18.018440246582,0
-12.8088550567627,0
-5.26629209518433,0
1.53673267364502,0
5.49160861968994,0
7.75973606109619,0
10.2385492324829,0
12.7169742584229,0
13.9557180404663,0
14.025562286377,0
13.8688163757324,0
13.5131826400757,0
12.3158798217773,0
10.373025894165,0
8.35623264312744,0
6.54506301879883,0
5.31278800964355,0
5.90074586868286,0
9.08216285705566,0
13.3520488739014,0
16.1689929962158,0
17.2015151977539,0
18.8600997924805,0
23.1677551269531,0
29.4446678161621,0
35.8099479675293,0
41.7590713500977,0
48.0267028808594,0
54.5476226806641,0
60.0105934143066,0
63.5518608093262,0
65.7089996337891,0
67.130744934082,0
67.2267837524414,0
65.0413818359375,0
61.0335083007812,0
56.9216499328613,0
53.8115730285645,0
51.4854164123535,0
49.5464897155762,0
47.8925666809082,0
45.5668296813965,0
40.7212867736816,0
33.080738067627,0
25.4164886474609,0
20.8960361480713,0
19.4097347259521,0
18.1096973419189,0
15.384708404541,0
12.6437654495239,0
11.9622230529785,0
13.4672584533691,0
15.6194829940796,0
17.0209827423096,0
17.370792388916,0
17.2722072601318,0
17.3653564453125,0
17.2382049560547,0
15.519079208374,0
11.8071660995483,0
7.91742277145386,0
5.93062114715576,0
5.507248878479,0
4.7903790473938,0
3.62401628494263,0
3.75235080718994,0
5.67201232910156,0
7.61048030853271,0
8.44296932220459,0
9.53615379333496,0
12.4843950271606,0
16.7677536010742,0
21.0366630554199,0
25.1713161468506,0
29.4117488861084,0
32.5980987548828,0
33.1187553405762,0
31.1975326538086,0
28.936695098877,0
28.3405704498291,0
30.0376396179199,0
33.3072967529297,0
36.5382652282715,0
38.2889556884766,0
38.612548828125,0
38.7024040222168,0
38.9016189575195,0
38.3210678100586,0
36.9984931945801,0
36.7245140075684,0
38.547924041748,0
41.1720008850098,0
43.4678916931152,0
46.8582229614258,0
52.7917518615723,0
59.0011520385742,0
61.1905632019043,0
58.3484802246094,0
53.8930969238281,0
51.2868003845215,0
50.7719192504883,0
50.970157623291,0
51.5099258422852,0
52.8545532226562,0
54.8673515319824,0
56.6609420776367,0
57.2636604309082,0
56.1020851135254,0
53.5807952880859,0
51.1072273254395,0
49.4016227722168,0
46.9769706726074,0
41.8928260803223,0
34.9811210632324,0
29.335729598999,0
26.283561706543,0
24.1643714904785,0
21.9265975952148,0
21.3373985290527,0
23.8321857452393,0
27.3889999389648,0
29.0746841430664,0
29.262716293335,0
30.5391330718994,0
33.1741371154785,0
34.5522308349609,0
33.0895004272461,0
30.1247329711914,0
27.4711780548096,0
25.3462924957275,0
23.4485111236572,0
22.1499538421631,0
21.7448139190674,0
22.0570983886719,0
23.4126319885254,0
26.3154754638672,0
29.5017414093018,0
30.2746105194092,0
27.9335155487061,0
25.1635131835938,0
24.7050132751465,0
26.1693820953369,0
27.4295024871826,0
27.4490127563477,0
26.1465339660645,0
23.2754898071289,0
19.588472366333,0
17.5587768554688,0
18.4279441833496,0
19.8084754943848,0
19.03297996521,0
17.755163192749,0
19.7340888977051,0
24.5311012268066,0
27.4320278167725,0
26.2532730102539,0
24.2656707763672,0
24.7453212738037,0
26.2123928070068,0
25.5882415771484,0
23.2065963745117,0
21.6015911102295,0
21.3046455383301,0
21.0908794403076,0
21.1094760894775,0
22.4009971618652,0
23.8187828063965,0
22.686487197876,0
18.7237243652344,0
14.4264526367188,0
10.9185743331909,0
6.14483547210693,0
-1.53258061408997,0
-10.1556987762451,0
-16.3910350799561,0
-19.5705108642578,0
-21.7493305206299,0
-24.5596332550049,0
-27.7853527069092,0
-30.8036479949951,0
-33.703727722168,0
-36.4844169616699,0
-38.3870086669922,0
-38.9721412658691,0
-39.2703285217285,0
-40.8347473144531,0
-43.7477111816406,0
-46.5811386108398,0
-48.5827522277832,0
-50.7098274230957,0
-53.5519943237305,0
-55.2911415100098,0
-53.5311660766602,0
-48.8812103271484,0
-44.6141586303711,0
-42.2768440246582,0
-39.837718963623,0
-35.5376930236816,0
-31.5791702270508,0
-31.6272411346436,0
-35.6295585632324,0
-39.6787071228027,0
-40.934268951416,0
-40.3803749084473,0
-40.2712554931641,0
-40.9795188903809,0
-41.5153656005859,0
-41.7167739868164,0
-42.4621276855469,0
-44.1575965881348,0
-45.9333992004395,0
-46.3042106628418,0
-44.4604072570801,0
-41.2376556396484,0
-38.7154884338379,0
-38.1978950500488,0
-38.6484260559082,0
-37.8902778625488,0
-35.2368927001953,0
-31.9945507049561,0
-29.5681533813477,0
-28.4119682312012,0
-28.8297653198242,0
-31.0106430053711,0
-33.6296501159668,0
-34.1631813049316,0
-31.8593502044678,0
-29.1503200531006,0
-28.7369747161865,0
-30.2217636108398,0
-31.0568809509277,0
-30.015474319458,0
-28.0815906524658,0
-26.4351711273193,0
-25.415002822876,0
-25.4045352935791,0
-26.794864654541,0
-28.5038776397705,0
-28.2204837799072,0
-25.2165393829346,0
-21.8027744293213,0
-20.7944564819336,0
-22.2572059631348,0
-23.9723854064941,0
-24.5720748901367,0
-24.696081161499,0
-25.06077003479,0
-25.0124759674072,0
-23.781436920166,0
-22.0418243408203,0
-21.0950222015381,0
-21.0914878845215,0
-21.1984729766846,0
-21.2255229949951,0
-21.8615341186523,0
-23.2657833099365,0
-24.6556720733643,0
-25.698637008667,0
-27.2188549041748,0
-29.8176155090332,0
-32.6662445068359,0
-34.6163520812988,0
-35.9952125549316,0
-38.3063659667969,0
-42.2778167724609,0
-46.986515045166,0
-50.9584465026855,0
-53.5937843322754,0
-55.4248962402344,0
-57.3004760742188,0
-59.3941650390625,0
-60.9884262084961,0
-61.3976631164551,0
-60.9487075805664,0
-60.4654273986816,0
-59.8337440490723,0
-58.0342216491699,0
-54.9139823913574,0
-51.8744468688965,0
-50.1385536193848,0
-49.2979850769043,0
-48.4215660095215,0
-47.6395721435547,0
-47.4612426757812,0
-47.2530326843262,0
-45.7510681152344,0
-42.7441215515137,0
-39.1020202636719,0
-35.4496917724609,0
-31.8728370666504,0
-28.527156829834,0
-25.3459491729736,0
-21.4651718139648,0
-16.1859111785889,0
-10.3460025787354,0
-5.66393041610718,0
-2.99239468574524,0
-2.18323659896851,0
-2.9726767539978,0
-4.56651592254639,0
-5.10888051986694,0
-3.61344718933105,0
-2.15225291252136,0
-3.92621612548828,0
-9.02451419830322,0
-14.2528915405273,0
-17.478551864624,0
-19.8465194702148,0
-23.0714511871338,0
-27.0010929107666,0
-31.041877746582,0
-35.6535377502441,0
-40.7314224243164,0
-44.5071678161621,0
-46.0663528442383,0
-47.2799835205078,0
-49.9620590209961,0
-52.4922676086426,0
-51.9426460266113,0
-48.8237457275391,0
-46.9706611633301,0
-48.8118133544922,0
-53.2379112243652,0
-58.2771606445312,0
-63.2360229492188,0
-67.4358825683594,0
-69.3541946411133,0
-68.5997314453125,0
-67.0361633300781,0
-66.3121871948242,0
-65.5464324951172,0
-63.1254119873047,0
-59.7713584899902,0
-57.8690376281738,0
-58.1227340698242,0
-58.6641311645508,0
-57.5075607299805,0
-54.3824157714844,0
-49.9794311523438,0
-44.8867111206055,0
-39.8189086914062,0
-35.732120513916,0
-33.0445785522461,0
-31.5547294616699,0
-31.5515193939209,0
-34.0200614929199,0
-39.1018676757812,0
-45.2067604064941,0
-50.4125175476074,0
-54.1354751586914,0
-56.8704299926758,0
-59.0816268920898,0
-61.0464286804199,0
-62.9640083312988,0
-64.3727264404297,0
-64.2804489135742,0
-62.8521842956543,0
-62.0942802429199,0
-63.5631637573242,0
-66.1046371459961,0
-67.4137649536133,0
-67.3446807861328,0
-67.8266220092773,0
-69.5093765258789,0
-70.4391403198242,0
-68.7765121459961,0
-65.4402465820312,0
-63.1858940124512,0
-63.9355201721191,0
-67.6172180175781,0
-72.7648620605469,0
-77.5426864624023,0
-80.7763824462891,0
-82.638916015625,0
-84.1286392211914,0
-85.8056488037109,0
-87.5170364379883,0
-89.1779098510742,0
-90.8419952392578,0
-91.9443893432617,0
-91.6471481323242,0
-90.2570724487305,0
-89.0688705444336,0
-88.2649688720703,0
-86.3507537841797,0
-82.7127304077148,0
-79.5074996948242,0
-79.3734359741211,0
-81.7708511352539,0
-83.2380676269531,0
-81.4063415527344,0
-77.5093383789062,0
-74.6030578613281,0
-74.3296890258789,0
-75.8995666503906,0
-77.408821105957,0
-77.4753036499023,0
-76.0532302856445,0
-74.2600402832031,0
-73.1639556884766,0
-72.3419570922852,0
-70.0409469604492,0
-65.4009094238281,0
-60.210765838623,0
-57.4919395446777,0
-58.1412658691406,0
-59.8538589477539,0
-59.8923225402832,0
-58.1197357177734,0
-56.3688774108887,0
-55.4529876708984,0
-54.3961601257324,0
-52.8556251525879,0
-52.6468696594238,0
-55.5972595214844,0
-60.7359848022461,0
-65.1156768798828,0
-67.2341156005859,0
-68.2033843994141,0
-69.2527313232422,0
-69.485221862793,0
-67.1331253051758,0
-62.3286056518555,0
-57.450122833252,0
-54.6972694396973,0
-54.0895881652832,0
-54.0628433227539,0
-53.4471626281738,0
-52.3872375488281,0
-51.5573120117188,0
-51.0734062194824,0
-50.4251136779785,0
-49.0806884765625,0
-46.6446266174316,0
-42.6016235351562,0
-36.6241035461426,0
-29.158317565918,0
-20.7090930938721,0
-10.1390390396118,0
5.00708246231079,0
25.1660633087158,0
46.5868682861328,0
64.2866058349609,0
76.9799957275391,0
87.2686386108398,0
96.9043655395508,0
104.170104980469,0
106.963668823242,0
106.371337890625,0
105.236831665039,0
104.380928039551,0
102.341415405273,0
98.3425369262695,0
93.4064407348633,0
88.3113174438477,0
82.2562408447266,0
74.3973999023438,0
65.6028289794922,0
57.6348762512207,0
50.9345283508301,0
44.0463218688965,0
35.4746131896973,0
25.7333927154541,0
16.9528503417969,0
10.1674146652222,0
3.5937192440033,0
-5.45184469223022,0
-17.0732765197754,0
-28.3802719116211,0
-36.7403373718262,0
-42.2246894836426,0
-46.4087944030762,0
-50.1795082092285,0
-53.6753349304199,0
-57.1559295654297,0
-60.6222839355469,0
-63.3408660888672,0
-64.8281478881836,0
-65.5154876708984,0
-65.4841690063477,0
-63.741382598877,0
-60.168815612793,0
-56.9251136779785,0
-55.8670387268066,0
-55.4761772155762,0
-52.8198852539062,0
-48.1789894104004,0
-44.9386558532715,0
-44.5329399108887,0
-44.3140068054199,0
-41.6042175292969,0
-37.3756103515625,0
-34.0670394897461,0
-31.6875839233398,0
-28.4679546356201,0
-24.2549114227295,0
-20.6510181427002,0
-17.9535102844238,0
-14.3133220672607,0
-8.50992488861084,0
-1.72078263759613,0
4.46506786346436,0
10.4852352142334,0
18.0156402587891,0
27.4863166809082,0
37.6953239440918,0
47.7945289611816,0
58.6579551696777,0
72.0581817626953,0
89.0821533203125,0
109.518493652344,0
132.297790527344,0
156.313690185547,0
181.096878051758,0
206.593078613281,0
231.677841186523,0
253.001678466797,0
266.615997314453,0
271.732666015625,0
272.168853759766,0
272.803253173828,0
274.787536621094,0
275.443756103516,0
272.723175048828,0
267.948425292969,0
263.328186035156,0
258.445220947266,0
251.163604736328,0
241.507186889648,0
232.524993896484,0
226.607070922852,0
222.293258666992,0
215.796463012695,0
204.922439575195,0
190.306518554688,0
173.192596435547,0
153.644256591797,0
131.69416809082,0
109.092735290527,0
88.2836303710938,0
69.56298828125,0
50.6683540344238,0
29.9953022003174,0
9.1990385055542,0
-8.69029426574707,0
-23.1582107543945,0
-36.5127296447754,0
-50.2410430908203,0
-62.9953689575195,0
-73.2129898071289,0
-82.094367980957,0
-92.0730514526367,0
-103.002197265625,0
-111.917503356934,0
-116.829063415527,0
-119.108337402344,0
-121.442893981934,0
-124.685684204102,0
-127.719779968262,0
-129.664123535156,0
-131.028259277344,0
-132.681274414062,0
-134.361373901367,0
-134.485290527344,0
-131.408508300781,0
-124.967864990234,0
-116.746032714844,0
-108.639091491699,0
-101.395179748535,0
-94.9495468139648,0
-89.6918411254883,0
-86.2887115478516,0
-84.2572708129883,0
-82.0173187255859,0
-78.8369445800781,0
-75.5068817138672,0
-72.3572082519531,0
-67.9580535888672,0
-61.2035369873047,0
-53.8168754577637,0
-49.0671310424805,0
-48.196949005127,0
-49.5228958129883,0
-50.8794288635254,0
-51.4063339233398,0
-50.8952865600586,0
-49.1275787353516,0
-46.5007743835449,0
-43.9745063781738,0
-41.7037086486816,0
-38.8781661987305,0
-35.535758972168,0
-33.2325096130371,0
-33.0072479248047,0
-33.8746109008789,0
-34.40869140625,0
-34.6829719543457,0
-35.3486099243164,0
-35.873104095459,0
-35.3582382202148,0
-34.3336944580078,0
-33.8624153137207,0
-33.3030853271484,0
-30.9829368591309,0
-27.0169048309326,0
-23.3394908905029,0
-20.6040859222412,0
-17.1996593475342,0
-12.1344738006592,0
-6.8059401512146,0
-2.61277747154236,0
1.31427645683289,0
6.24816226959229,0
11.2987565994263,0
14.8998231887817,0
17.7695274353027,0
21.8495559692383,0
26.7685070037842,0
30.081693649292,0
31.2627544403076,0
32.8164749145508,0
36.5913124084473,0
41.4507675170898,0
45.9724235534668,0
51.1669998168945,0
58.4113388061523,0
66.3148040771484,0
72.1135940551758,0
75.3501281738281,0
77.8706741333008,0
80.677619934082,0
83.0837097167969,0
84.7627029418945,0
86.1840591430664,0
86.7147979736328,0
84.6880493164062,0
80.2369079589844,0
76.0626983642578,0
74.2349243164062,0
73.8012084960938,0
72.6882247924805,0
70.459228515625,0
67.814208984375,0
64.6099395751953,0
60.0128021240234,0
53.9762496948242,0
47.2518692016602,0
40.407886505127,0
33.8814926147461,0
28.4370727539062,0
24.4713897705078,0
21.2530002593994,0
17.7613620758057,0
13.8734111785889,0
9.96113872528076,0
5.89684295654297,0
1.2941734790802,0
-3.84126400947571,0
-9.44332885742188,0
-15.5416326522827,0
-21.2176361083984,0
-24.5632076263428,0
-25.190013885498,0
-25.8926601409912,0
-29.8704452514648,0
-36.6043357849121,0
-42.4059181213379,0
-45.0621795654297,0
-45.9558715820312,0
-47.1344223022461,0
-48.2489624023438,0
-47.5707855224609,0
-44.7167015075684,0
-40.9756889343262,0
-37.5542488098145,0
-34.6398620605469,0
-31.9419651031494,0
-29.2758750915527,0
-26.589958190918,0
-23.8709716796875,0
-21.0418815612793,0
-17.9261264801025,0
-14.6622276306152,0
-12.0894632339478,0
-10.9361619949341,0
-10.4414186477661,0
-8.86936283111572,0
-6.07923555374146,0
-4.49751138687134,0
-6.28361845016479,0
-10.2617492675781,0
-13.2542600631714,0
-14.1523103713989,0
-14.8783588409424,0
-17.1954135894775,0
-20.5366382598877,0
-23.6862945556641,0
-26.5991649627686,0
-29.2017364501953,0
-30.2114295959473,0
-29.1323432922363,0
-28.0157527923584,0
-28.7835521697998,0
-29.7374286651611,0
-27.5773124694824,0
-22.5065574645996,0
-18.1363906860352,0
-15.9905300140381,0
-13.507963180542,0
-8.72042274475098,0
-3.60023403167725,0
-0.573216080665588,0
1.5866733789444,0
5.61357927322388,0
11.4038209915161,0
16.6014976501465,0
20.1462287902832,0
22.650541305542,0
24.567699432373,0
26.631814956665,0
30.718599319458,0
37.2512245178223,0
43.1190948486328,0
45.7594566345215,0
48.1157989501953,0
55.0722808837891,0
65.4250411987305,0
72.6855697631836,0
74.7513732910156,0
77.2042922973633,0
84.4718322753906,0
92.9146575927734,0
96.8908920288086,0
97.6196365356445,0
100.515083312988,0
105.940330505371,0
108.537658691406,0
105.519989013672,0
100.305435180664,0
96.7847595214844,0
94.4111633300781,0
90.9840393066406,0
86.7699661254883,0
83.1404113769531,0
79.4543380737305,0
74.1828918457031,0
67.9189453125,0
62.6970596313477,0
58.8519287109375,0
54.8350410461426,0
50.1607284545898,0
46.4517135620117,0
44.8215637207031,0
43.7467269897461,0
40.8730430603027,0
36.3274040222168,0
32.7505493164062,0
31.6737480163574,0
31.0818691253662,0
27.8460159301758,0
22.0828456878662,0
17.2556743621826,0
15.3978958129883,0
14.1136503219604,0
9.91658306121826,0
3.14133524894714,0
-2.84758353233337,0
-6.70642566680908,0
-10.4946985244751,0
-15.5823421478271,0
-20.0372982025146,0
-21.6375179290771,0
-21.3059635162354,0
-21.455228805542,0
-22.361536026001,0
-22.4630756378174,0
-21.4343662261963,0
-20.6502780914307,0
-20.8075923919678,0
-21.1151161193848,0
-20.8826961517334,0
-20.079517364502,0
-18.2727279663086,0
-15.074854850769,0
-12.0713653564453,0
-12.1293678283691,0
-15.7701044082642,0
-20.1899833679199,0
-23.3432083129883,0
-27.2181854248047,0
-34.9722213745117,0
-45.9970169067383,0
-56.2586326599121,0
-63.0646667480469,0
-67.0810852050781,0
-69.6801071166992,0
-70.9679260253906,0
-71.2478103637695,0
-71.9482192993164,0
-73.4383392333984,0
-73.7042465209961,0
-71.1434555053711,0
-67.4442825317383,0
-65.6371917724609,0
-66.1801834106445,0
-67.2866744995117,0
-68.6787948608398,0
-72.2931060791016,0
-78.6856536865234,0
-85.1337127685547,0
-88.6884384155273,0
-89.5310211181641,0
-89.8313217163086,0
-90.4484176635742,0
-90.4409332275391,0
-89.2412567138672,0
-87.5966796875,0
-86.2598037719727,0
-85.0209884643555,0
-83.4081420898438,0
-81.4586410522461,0
-79.336296081543,0
-76.8032989501953,0
-73.6580657958984,0
-70.4397430419922,0
-68.1184158325195,0
-66.9412002563477,0
-65.9217300415039,0
-63.8262825012207,0
-60.6066246032715,0
-57.4442367553711,0
-55.2113265991211,0
-53.3279571533203,0
-50.6029891967773,0
-46.96728515625,0
-43.8078231811523,0
-42.5620346069336,0
-43.3658676147461,0
-45.091064453125,0
-46.4124870300293,0
-46.9252052307129,0
-47.5017967224121,0
-49.3406982421875,0
-52.3156776428223,0
-54.6610488891602,0
-54.9348526000977,0
-53.9744834899902,0
-54.0520401000977,0
-56.2543563842773,0
-59.6771545410156,0
-63.1522331237793,0
-66.488166809082,0
-69.5950241088867,0
-71.7134323120117,0
-72.5890197753906,0
-73.6102676391602,0
-76.4519195556641,0
-80.7380828857422,0
-84.1885757446289,0
-85.3203277587891,0
-85.1369781494141,0
-85.6793365478516,0
-87.5011672973633,0
-89.1901168823242,0
-89.0754852294922,0
-86.7555389404297,0
-83.02587890625,0
-79.0470199584961,0
-75.8567504882812,0
-74.0618286132812,0
-73.4328460693359,0
-73.1340866088867,0
-72.8309555053711,0
-73.1102828979492,0
-74.1168670654297,0
-74.3646469116211,0
-72.1921768188477,0
-68.2443618774414,0
-64.9309463500977,0
-63.0292091369629,0
-60.4551963806152,0
-55.3409576416016,0
-48.793155670166,0
-43.0559120178223,0
-38.0846366882324,0
-31.9982376098633,0
-24.5466384887695,0
-18.0573616027832,0
-14.6323041915894,0
-14.0801200866699,0
-15.1558256149292,0
-17.3214321136475,0
-20.3694896697998,0
-23.4462871551514,0
-25.6088027954102,0
-26.8737640380859,0
-27.9420356750488,0
-29.2483768463135,0
-30.7711582183838,0
-32.2014083862305,0
-32.6750335693359,0
-30.960075378418,0
-26.8726997375488,0
-22.2655334472656,0
-19.6181335449219,0
-19.4633312225342,0
-19.9090251922607,0
-18.9839267730713,0
-16.8450660705566,0
-15.1467561721802,0
-14.6366348266602,0
-14.2420320510864,0
-12.7492818832397,0
-10.6371755599976,0
-9.49699687957764,0
-9.94527244567871,0
-11.0437040328979,0
-11.8290719985962,0
-12.3419799804688,0
-12.6635189056396,0
-12.0141839981079,0
-9.81357574462891,0
-6.93789148330688,0
-4.81585264205933,0
-3.79486870765686,0
-3.59519600868225,0
-4.84440135955811,0
-8.48367786407471,0
-13.6544408798218,0
-17.9063301086426,0
-20.0340843200684,0
-21.3002605438232,0
-23.1712074279785,0
-25.0604114532471,0
-25.1173229217529,0
-22.3644123077393,0
-17.5335693359375,0
-12.777904510498,0
-10.8832664489746,0
-13.2686996459961,0
-17.9523906707764,0
-20.9115524291992,0
-20.4688835144043,0
-18.9708137512207,0
-19.0744857788086,0
-20.0716037750244,0
-19.53786277771,0
-17.0098342895508,0
-13.7426872253418,0
-10.0062713623047,0
-5.41598320007324,0
-1.52130711078644,0
-1.09990954399109,0
-4.29587984085083,0
-7.76787519454956,0
-8.49307632446289,0
-6.57399702072144,0
-3.60270261764526,0
-0.292166888713837,0
3.04122948646545,0
5.38004016876221,0
6.12076807022095,0
6.36410760879517,0
7.58558034896851,0
9.58561038970947,0
11.0912961959839,0
11.9730644226074,0
13.4242744445801,0
15.930552482605,0
18.4503726959229,0
20.1759090423584,0
22.0486392974854,0
25.4701099395752,0
29.9471035003662,0
33.2684707641602,0
34.2451820373535,0
34.0783309936523,0
34.2118530273438,0
33.9310417175293,0
31.6443920135498,0
27.9685649871826,0
25.4136257171631,0
24.6953411102295,0
23.573148727417,0
20.5538215637207,0
17.8503665924072,0
18.6523723602295,0
22.4949703216553,0
25.5321044921875,0
25.2322673797607,0
22.9663200378418,0
21.6282806396484,0
22.0347576141357,0
22.238525390625,0
19.7455272674561,0
14.1172904968262,0
7.62466669082642,0
3.1283483505249,0
1.11250996589661,0
-0.599019289016724,0
-3.94955515861511,0
-8.52192115783691,0
-12.8380670547485,0
-16.4008693695068,0
-19.3541564941406,0
-21.4789237976074,0
-23.0717601776123,0
-25.6227798461914,0
-29.7348690032959,0
-33.3425903320312,0
-34.1645660400391,0
-33.2264633178711,0
-33.5347557067871,0
-35.5914993286133,0
-36.840576171875,0
-35.7571105957031,0
-33.9190902709961,0
-33.3121337890625,0
-33.8341255187988,0
-34.4589004516602,0
-34.9340591430664,0
-35.1752433776855,0
-34.5957870483398,0
-33.2483177185059,0
-32.3325653076172,0
-32.4239883422852,0
-32.2474517822266,0
-30.2171974182129,0
-26.3423080444336,0
-21.8884582519531,0
-18.0943241119385,0
-15.8010778427124,0
-15.1672487258911,0
-14.9688415527344,0
-13.3253316879272,0
-10.018874168396,0
-7.06544017791748,0
-6.10031366348267,0
-6.28696775436401,0
-5.93651962280273,0
-5.24722003936768,0
-5.97665405273438,0
-8.68936538696289,0
-11.5268068313599,0
-11.9544649124146,0
-9.35842132568359,0
-5.89173793792725,0
-4.58103036880493,0
-6.06479167938232,0
-7.52057027816772,0
-5.92775011062622,0
-2.20444226264954,0
-0.427707642316818,0
-2.66201829910278,0
-6.59990215301514,0
-9.30319404602051,0
-11.1022748947144,0
-13.813681602478,0
-16.7922668457031,0
-17.6340103149414,0
-16.3454761505127,0
-15.9080858230591,0
-17.9735507965088,0
-20.2527542114258,0
-19.5811328887939,0
-16.1806888580322,0
-13.2584934234619,0
-12.9216547012329,0
-13.9241342544556,0
-13.5473518371582,0
-10.6738367080688,0
-6.52548122406006,0
-2.92598390579224,0
-0.525175034999847,0
1.20491015911102,0
2.77715802192688,0
4.15629529953003,0
5.52611494064331,0
7.91010570526123,0
12.235034942627,0
17.8462791442871,0
22.7907295227051,0
25.9605884552002,0
28.3043212890625,0
31.2757415771484,0
34.6114273071289,0
36.6580200195312,0
36.7924766540527,0
36.375659942627,0
36.9833183288574,0
38.7797813415527,0
41.2446136474609,0
44.3008155822754,0
47.500617980957,0
49.0618553161621,0
47.5792694091797,0
44.4702682495117,0
42.7499046325684,0
42.9562950134277,0
42.1278762817383,0
37.7677230834961,0
31.2985000610352,0
26.3059463500977,0
24.4807739257812,0
24.6422805786133,0
24.8424663543701,0
23.9204063415527,0
21.5994300842285,0
18.6118202209473,0
16.4918880462646,0
16.017578125,0
16.2016582489014,0
15.9409379959106,0
15.932502746582,0
17.3641548156738,0
19.4307632446289,0
20.3598251342773,0
20.6284923553467,0
22.4978218078613,0
25.8393135070801,0
27.1879787445068,0
24.4350509643555,0
20.2348804473877,0
18.7083797454834,0
20.3765125274658,0
22.7484035491943,0
24.9442520141602,0
28.9140567779541,0
35.728889465332,0
42.8545455932617,0
46.3568534851074,0
45.0373229980469,0
41.5919914245605,0
39.8676795959473,0
41.2253952026367,0
43.5770378112793,0
44.0852546691895,0
42.5693054199219,0
41.4210662841797,0
42.1292037963867,0
43.4071960449219,0
43.7047119140625,0
44.0551071166992,0
46.5429801940918,0
50.7224006652832,0
53.7221832275391,0
53.8770294189453,0
52.3211517333984,0
50.7431373596191,0
49.5022087097168,0
48.6317749023438,0
48.8996047973633,0
50.7133560180664,0
53.246021270752,0
55.7569885253906,0
58.6656150817871,0
62.1557159423828,0
64.8229522705078,0
65.2482757568359,0
64.2096252441406,0
63.6585578918457,0
63.8223991394043,0
63.1224212646484,0
61.2106628417969,0
60.3430480957031,0
62.6964302062988,0
67.3251190185547,0
71.0360336303711,0
72.0449066162109,0
71.7423095703125,0
72.5894165039062,0
74.9597091674805,0
76.7121963500977,0
75.7614135742188,0
72.3246994018555,0
68.1492309570312,0
64.0947570800781,0
59.5990257263184,0
54.5640563964844,0
50.2983551025391,0
47.6044082641602,0
45.0897674560547,0
41.0526580810547,0
36.5016479492188,0
34.254337310791,0
34.8882484436035,0
35.7886123657227,0
35.0730514526367,0
34.1996917724609,0
34.9227256774902,0
35.6824836730957,0
33.8349800109863,0
30.3335056304932,0
28.7839107513428,0
29.9348392486572,0
30.7694664001465,0
30.0586280822754,0
31.0381546020508,0
36.0968017578125,0
41.8379096984863,0
42.9607391357422,0
39.2649192810059,0
35.0641250610352,0
32.7092971801758,0
30.839204788208,0
28.9457397460938,0
29.1604156494141,0
32.0235328674316,0
34.2304534912109,0
32.980842590332,0
29.9033908843994,0
28.2071876525879,0
28.1259288787842,0
27.8400020599365,0
27.1116142272949,0
26.9384765625,0
26.6317348480225,0
24.3448581695557,0
20.2704334259033,0
16.6228713989258,0
14.361385345459,0
12.3253955841064,0
9.80222129821777,0
7.48133754730225,0
5.22487211227417,0
1.24052774906158,0
-5.27527761459351,0
-12.3747282028198,0
-17.5726051330566,0
-20.610445022583,0
-22.8004779815674,0
-24.6403579711914,0
-25.4564933776855,0
-24.941987991333,0
-23.9094295501709,0
-23.5711612701416,0
-24.6343002319336,0
-26.9257984161377,0
-29.5907096862793,0
-31.9114170074463,0
-33.9321365356445,0
-35.7129173278809,0
-36.1819801330566,0
-33.9738502502441,0
-29.6865329742432,0
-25.8987407684326,0
-24.1852550506592,0
-23.3895015716553,0
-21.8262023925781,0
-19.8393993377686,0
-18.7044239044189,0
-18.1687965393066,0
-17.1170902252197,0
-16.0652885437012,0
-16.656135559082,0
-18.5132141113281,0
-18.812952041626,0
-15.821722984314,0
-11.1344976425171,0
-7.36243486404419,0
-5.09005975723267,0
-3.46435022354126,0
-2.60273194313049,0
-3.64980340003967,0
-6.82482576370239,0
-10.8563814163208,0
-14.3022060394287,0
-16.3667163848877,0
-16.5879783630371,0
-14.9248609542847,0
-12.2793493270874,0
-9.885910987854,0
-7.92979621887207,0
-5.65510988235474,0
-3.07102990150452,0
-1.56324028968811,0
-2.25771594047546,0
-4.49405288696289,0
-6.55987405776978,0
-7.49885225296021,0
-7.66096305847168,0
-7.85063552856445,0
-8.5772876739502,0
-10.1130475997925,0
-12.8287410736084,0
-17.15456199646,0
-23.0051155090332,0
-29.2326107025146,0
-34.1658668518066,0
-37.2204704284668,0
-39.578483581543,0
-42.516429901123,0
-45.4476547241211,0
-46.7030906677246,0
-45.9314918518066,0
-44.1614112854004,0
-41.4626960754395,0
-36.6184730529785,0
-29.9560737609863,0
-24.3794250488281,0
-21.7845668792725,0
-19.9577941894531,0
-15.2897701263428,0
-7.70376300811768,0
-0.453130811452866,0
4.63317346572876,0
9.02926349639893,0
14.2070236206055,0
19.0796890258789,0
22.1860370635986,0
24.5361576080322,0
28.3109912872314,0
33.6466255187988,0
38.6114883422852,0
42.1558532714844,0
45.4219093322754,0
49.8066635131836,0
55.0187034606934,0
59.759937286377,0
63.4947204589844,0
66.6412734985352,0
69.4072418212891,0
71.4145355224609,0
72.5218963623047,0
73.1399383544922,0
73.4182052612305,0
72.9316253662109,0
71.6702346801758,0
70.4367294311523,0
69.392822265625,0
67.1534729003906,0
62.8015518188477,0
58.1790008544922,0
56.1581840515137,0
56.5771141052246,0
56.0409774780273,0
52.4655075073242,0
47.7622184753418,0
44.7138633728027,0
42.9412422180176,0
39.8230171203613,0
34.3707389831543,0
28.3234024047852,0
23.8264179229736,0
21.4623985290527,0
20.2765197753906,0
18.6499271392822,0
15.5472002029419,0
11.7812328338623,0
9.41140556335449,0
9.12410163879395,0
9.28214454650879,0
8.54099464416504,0
7.85391044616699,0
8.21022891998291,0
8.0056266784668,0
5.26449537277222,0
1.52008330821991,0
0.476633906364441,0
3.01459670066833,0
6.50835561752319,0
9.30712890625,0
12.6421613693237,0
17.088207244873,0
20.3950157165527,0
20.9261264801025,0
20.7181644439697,0
22.45339012146,0
25.1381092071533,0
25.783332824707,0
24.4084663391113,0
24.0944938659668,0
25.9477138519287,0
27.0938587188721,0
24.8196449279785,0
20.2730979919434,0
16.2882766723633,0
13.3348178863525,0
9.95599269866943,0
6.2656512260437,0
4.23204803466797,0
4.17159032821655,0
3.46312594413757,0
0.121246956288815,0
-4.10421371459961,0
-6.09715175628662,0
-5.79415416717529,0
-5.95593929290771,0
-7.73304128646851,0
-8.89951229095459,0
-7.37921571731567,0
-4.57954835891724,0
-3.59243154525757,0
-5.14286327362061,0
-7.0675048828125,0
-7.4950385093689,0
-7.02579689025879,0
-7.59702491760254,0
-10.3635187149048,0
-15.1284627914429,0
-21.0148944854736,0
-27.0330047607422,0
-32.3533515930176,0
-36.7042655944824,0
-40.6991920471191,0
-45.4889335632324,0
-51.7008094787598,0
-58.6350135803223,0
-64.8506851196289,0
-69.7104187011719,0
-73.7733001708984,0
-77.1879959106445,0
-78.527702331543,0
-76.4590072631836,0
-72.1400680541992,0
-68.3050918579102,0
-65.8169403076172,0
-62.8126182556152,0
-57.779956817627,0
-51.7145652770996,0
-46.2431793212891,0
-41.3017845153809,0
-36.1764450073242,0
-31.5203723907471,0
-28.5537300109863,0
-27.1302280426025,0
-26.3470706939697,0
-26.4058876037598,0
-28.0612392425537,0
-30.6544494628906,0
-32.5119132995605,0
-33.1176300048828,0
-33.2502822875977,0
-33.2278671264648,0
-32.8509330749512,0
-32.9700317382812,0
-35.0513801574707,0
-38.8928718566895,0
-42.7085456848145,0
-45.8835945129395,0
-49.5489273071289,0
-53.6646003723145,0
-55.8101997375488,0
-54.4869270324707,0
-51.9486389160156,0
-51.7558288574219,0
-54.4103813171387,0
-57.278980255127,0
-58.4151725769043,0
-58.6892738342285,0
-59.9407234191895,0
-62.2308502197266,0
-63.3704948425293,0
-60.7549171447754,0
-53.7449378967285,0
-44.5838203430176,0
-36.6344375610352,0
-31.3600959777832,0
-27.5247669219971,0
-23.6020221710205,0
-19.9701919555664,0
-18.0051746368408,0
-18.0211753845215,0
-19.2254009246826,0
-20.8840522766113,0
-22.1938400268555,0
-21.6521816253662,0
-18.2056789398193,0
-12.9299154281616,0
-8.20386791229248,0
-5.22130680084229,0
-3.48631072044373,0
-2.54036688804626,0
-2.65719413757324,0
-3.7112238407135,0
-4.87870359420776,0
-5.88594007492065,0
-7.31408548355103,0
-9.32613182067871,0
-11.341160774231,0
-13.2614088058472,0
-15.5705652236938,0
-17.7799758911133,0
-18.4977474212646,0
-17.9465522766113,0
-18.6715507507324,0
-22.2181434631348,0
-26.4414730072021,0
-28.0077438354492,0
-26.7370777130127,0
-25.4167137145996,0
-25.7304267883301,0
-26.7418632507324,0
-27.7936859130859,0
-30.475040435791,0
-36.067928314209,0
-42.5158843994141,0
-46.2035140991211,0
-46.6393508911133,0
-47.3946952819824,0
-51.552604675293,0
-57.5851936340332,0
-61.207633972168,0
-60.8019027709961,0
-59.3265800476074,0
-60.4675216674805,0
-64.3125152587891,0
-67.855598449707,0
-68.7743301391602,0
-67.1689224243164,0
-63.9526634216309,0
-59.4805946350098,0
-54.5379066467285,0
-51.1534843444824,0
-50.7362022399902,0
-51.7653427124023,0
-50.986629486084,0
-47.4152641296387,0
-43.9097099304199,0
-43.7413291931152,0
-46.4815902709961,0
-48.9661560058594,0
-50.2424621582031,0
-53.4559936523438,0
-61.6025314331055,0
-72.9921188354492,0
-83.0146331787109,0
-89.6682510375977,0
-94.8624954223633,0
-100.194412231445,0
-104.259742736816,0
-105.431213378906,0
-104.919891357422,0
-104.967010498047,0
-105.632286071777,0
-105.767318725586,0
-105.931701660156,0
-107.414695739746,0
-108.872291564941,0
-107.215911865234,0
-102.327339172363,0
-97.7117614746094,0
-95.1186752319336,0
-91.4029235839844,0
-82.8835601806641,0
-70.4436950683594,0
-57.4959678649902,0
-44.6928482055664,0
-30.2325458526611,0
-14.6921644210815,0
-1.62313032150269,0
7.32159805297852,0
14.3985452651978,0
21.4810028076172,0
26.8073215484619,0
28.2327537536621,0
27.3079433441162,0
27.233606338501,0
28.1614170074463,0
27.4860553741455,0
24.213716506958,0
20.287239074707,0
17.5992527008057,0
16.106258392334,0
15.1569700241089,0
14.4980115890503,0
13.4811592102051,0
11.240912437439,0
8.32289981842041,0
6.4922776222229,0
6.33273935317993,0
6.5053653717041,0
5.75521612167358,0
4.03696727752686,0
1.39450240135193,0
-2.24345445632935,0
-5.564612865448,0
-6.38999891281128,0
-4.76373147964478,0
-3.5007917881012,0
-4.42326593399048,0
-6.10794448852539,0
-6.88065528869629,0
-7.84889936447144,0
-10.7134637832642,0
-14.2684593200684,0
-15.7459487915039,0
-14.7515850067139,0
-13.4551258087158,0
-13.4464807510376,0
-14.6205921173096,0
-16.751277923584,0
-20.0020694732666,0
-24.0588207244873,0
-28.6688232421875,0
-34.7986907958984,0
-43.3834991455078,0
-53.2460594177246,0
-62.2640495300293,0
-70.3052825927734,0
-78.7822799682617,0
-87.4507598876953,0
-94.1738662719727,0
-98.1644287109375,0
-100.965072631836,0
-103.608222961426,0
-105.303504943848,0
-105.851181030273,0
-106.722618103027,0
-108.129119873047,0
-107.318557739258,0
-102.025840759277,0
-94.0977554321289,0
-87.3717041015625,0
-82.8676910400391,0
-78.336067199707,0
-72.1670837402344,0
-65.5735778808594,0
-60.6076889038086,0
-57.6336517333984,0
-55.4178581237793,0
-52.8706550598145,0
-50.2196350097656,0
-48.7959976196289,0
-49.7365417480469,0
-52.7700386047363,0
-56.6335296630859,0
-60.7945213317871,0
-65.9287261962891,0
-72.2583084106445,0
-78.5186614990234,0
-83.5481185913086,0
-87.9594955444336,0
-92.9565887451172,0
-98.2388458251953,0
-102.568237304688,0
-105.836402893066,0
-108.818458557129,0
-111.206832885742,0
-111.992202758789,0
-112.014015197754,0
-113.862403869629,0
-118.222732543945,0
-122.229034423828,0
-122.968711853027,0
-121.140510559082,0
-119.384841918945,0
-118.134269714355,0
-115.558174133301,0
-111.36930847168,0
-108.088264465332,0
-107.612411499023,0
-108.432716369629,0
-107.728813171387,0
-105.145156860352,0
-102.955680847168,0
-102.914710998535,0
-104.276550292969,0
-104.936408996582,0
-103.556274414062,0
-100.441192626953,0
-97.0427169799805,0
-94.724983215332,0
-93.4738998413086,0
-91.8032760620117,0
-88.4249038696289,0
-83.8400115966797,0
-79.5847549438477,0
-76.1020202636719,0
-72.4160385131836,0
-68.0539703369141,0
-64.0958404541016,0
-61.6867218017578,0
-60.4703178405762,0
-59.4098892211914,0
-58.5203437805176,0
-58.771614074707,0
-60.5872650146484,0
-63.3576164245605,0
-66.2865447998047,0
-68.9019012451172,0
-70.8643035888672,0
-72.1691665649414,0
-73.5842361450195,0
-76.0189819335938,0
-79.2280120849609,0
-81.8635711669922,0
-83.1148147583008,0
-83.6814727783203,0
-84.7527847290039,0
-86.4560089111328,0
-87.6516418457031,0
-87.0631713867188,0
-84.6280975341797,0
-82.0991592407227,0
-82.0523300170898,0
-85.4296417236328,0
-89.9887161254883,0
-92.1462860107422,0
-90.7018432617188,0
-87.8680114746094,0
-86.2771301269531,0
-86.0900268554688,0
-85.794921875,0
-84.7432327270508,0
-83.6399841308594,0
-83.1514587402344,0
-83.2884674072266,0
-83.8312683105469,0
-84.228874206543,0
-83.3720397949219,0
-80.635139465332,0
-76.9239044189453,0
-73.4932632446289,0
-69.9697723388672,0
-64.9807815551758,0
-58.630615234375,0
-52.5695495605469,0
-47.2605133056641,0
-41.1053199768066,0
-33.2532081604004,0
-25.4907722473145,0
-19.689546585083,0
-14.5732316970825,0
-7.05770349502563,0
3.51109290122986,0
14.2249612808228,0
21.9049644470215,0
26.2077465057373,0
29.1483612060547,0
32.6458473205566,0
37.0696449279785,0
41.4598274230957,0
44.5219306945801,0
45.5452766418457,0
44.5965423583984,0
42.0039482116699,0
38.193244934082,0
34.2801094055176,0
31.919303894043,0
31.5780963897705,0
31.4998683929443,0
29.5180530548096,0
25.4824981689453,0
20.5891914367676,0
14.7746305465698,0
6.74341917037964,0
-3.17598748207092,0
-12.2948570251465,0
-18.7519435882568,0
-23.9091148376465,0
-30.3053016662598,0
-38.3999252319336,0
-46.6897583007812,0
-54.0879821777344,0
-60.6299095153809,0
-66.3130111694336,0
-70.6740570068359,0
-73.4294967651367,0
-74.5945358276367,0
-74.2159957885742,0
-72.7618026733398,0
-71.3119506835938,0
-70.5352630615234,0
-69.9835662841797,0
-69.0854339599609,0
-67.9065704345703,0
-65.9593505859375,0
-61.5860900878906,0
-54.3218307495117,0
-46.8828353881836,0
-42.4656829833984,0
-40.4074325561523,0
-36.9845848083496,0
-30.7313442230225,0
-24.4780445098877,0
-21.1915035247803,0
-19.8723659515381,0
-16.9637508392334,0
-10.4057521820068,0
-0.885337471961975,0
9.99656963348389,0
21.4302959442139,0
33.5820388793945,0
46.9050521850586,0
61.241756439209,0
75.6364059448242,0
89.5825805664062,0
104.111808776855,0
120.346267700195,0
136.925399780273,0
150.447982788086,0
159.008056640625,0
163.831817626953,0
166.65934753418,0
167.023849487305,0
163.464935302734,0
156.483551025391,0
148.760269165039,0
142.510147094727,0
137.452011108398,0
131.469436645508,0
123.054946899414,0
113.201225280762,0
104.600708007812,0
98.4403305053711,0
92.6109466552734,0
84.4203567504883,0
74.7010192871094,0
67.2757720947266,0
64.0419616699219,0
62.5885772705078,0
59.5263900756836,0
54.3772277832031,0
49.0725364685059,0
45.3129730224609,0
43.8384704589844,0
44.8097114562988,0
47.1888885498047,0
48.758544921875,0
48.3235321044922,0
47.0665893554688,0
46.4780921936035,0
46.2333984375,0
45.8208198547363,0
46.8891868591309,0
51.465461730957,0
58.4632568359375,0
64.5620498657227,0
68.5168380737305,0
72.140983581543,0
76.7406768798828,0
81.095817565918,0
83.8433151245117,0
85.6305694580078,0
87.6376800537109,0
89.7885818481445,0
91.7945785522461,0
94.2701797485352,0
97.1738357543945,0
98.711669921875,0
97.9044189453125,0
97.0750579833984,0
99.2350769042969,0
103.508666992188,0
105.951156616211,0
105.230545043945,0
104.722160339355,0
107.73690032959,0
113.079528808594,0
117.410377502441,0
120.29133605957,0
124.104499816895,0
129.565093994141,0
134.353820800781,0
136.972213745117,0
139.405822753906,0
144.107345581055,0
149.892776489258,0
153.222534179688,0
153.132919311523,0
152.470581054688,0
153.605178833008,0
155.035766601562,0
153.911254882812,0
150.689422607422,0
149.079650878906,0
151.350555419922,0
155.579284667969,0
158.266708374023,0
158.22705078125,0
156.706314086914,0
154.633941650391,0
151.425933837891,0
146.502868652344,0
140.589996337891,0
134.801315307617,0
129.099548339844,0
122.451843261719,0
114.403160095215,0
105.849273681641,0
97.9149856567383,0
90.3853302001953,0
81.8638916015625,0
71.6176986694336,0
60.6024551391602,0
50.1266174316406,0
40.1679649353027,0
30.1321239471436,0
20.9733772277832,0
14.904990196228,0
12.3454914093018,0
10.4845275878906,0
6.14304971694946,0
-0.509932816028595,0
-6.16017055511475,0
-7.96030378341675,0
-6.08058929443359,0
-2.96535277366638,0
-0.981103837490082,0
-0.720091044902802,0
-0.82471776008606,0
0.607200264930725,0
4.00551795959473,0
7.91365575790405,0
11.0442304611206,0
14.1910448074341,0
19.0913486480713,0
25.7169132232666,0
32.1289138793945,0
37.3421325683594,0
42.9228553771973,0
50.7377586364746,0
60.0922584533691,0
68.6098175048828,0
75.7131271362305,0
83.5647277832031,0
93.9005966186523,0
105.247299194336,0
114.531578063965,0
120.59992980957,0
124.457054138184,0
126.431777954102,0
125.504417419434,0
122.240936279297,0
120.01326751709,0
121.140068054199,0
123.143058776855,0
121.407440185547,0
115.131828308105,0
108.081382751465,0
103.331809997559,0
99.9884872436523,0
95.9765930175781,0
91.3315658569336,0
86.7739028930664,0
81.1333236694336,0
72.9829559326172,0
63.9446334838867,0
57.5592842102051,0
54.7636108398438,0
52.9161033630371,0
50.0044326782227,0
47.5920372009277,0
48.0040588378906,0
50.036563873291,0
49.6750221252441,0
45.0056800842285,0
38.6583518981934,0
34.704906463623,0
34.2633285522461,0
35.1104164123535,0
34.9074440002441,0
33.5168876647949,0
32.2049217224121,0
31.8435497283936,0
32.4721755981445,0
33.7696914672852,0
35.1895370483398,0
36.1587066650391,0
36.9174461364746,0
38.8318557739258,0
43.1642303466797,0
49.7554321289062,0
57.4485206604004,0
65.3053588867188,0
72.5701446533203,0
77.9482574462891,0
80.2640609741211,0
79.9719467163086,0
78.9341430664062,0
78.3130798339844,0
77.3904418945312,0
74.7415390014648,0
70.0157699584961,0
64.4546661376953,0
60.2222442626953,0
59.1882209777832,0
61.6343955993652,0
66.0256271362305,0
70.5254669189453,0
74.5567474365234,0
78.4067840576172,0
82.0946578979492,0
85.9263916015625,0
91.5775146484375,0
100.67667388916,0
112.18546295166,0
123.13500213623,0
132.559478759766,0
142.818420410156,0
155.968841552734,0
170.478469848633,0
182.970809936523,0
192.009750366211,0
198.625411987305,0
204.008102416992,0
208.319046020508,0
211.240615844727,0
212.053253173828,0
209.265487670898,0
201.624801635742,0
189.806442260742,0
176.152923583984,0
162.45458984375,0
148.613876342773,0
133.589248657227,0
116.981979370117,0
99.4181365966797,0
81.7881927490234,0
64.4850692749023,0
47.4952735900879,0
31.2827625274658,0
17.3004398345947,0
6.98190975189209,0
0.0463238283991814,0
-5.59749984741211,0
-11.9155206680298,0
-19.1808624267578,0
-26.5057201385498,0
-33.0656509399414,0
-38.1182250976562,0
-40.5626220703125,0
-39.7222290039062,0
-36.6133041381836,0
-33.4630889892578,0
-31.456356048584,0
-29.3950157165527,0
-25.1165714263916,0
-18.1323413848877,0
-10.3380041122437,0
-3.90797185897827,0
0.991486847400665,0
5.74751329421997,0
10.9017181396484,0
15.3871154785156,0
18.4911041259766,0
21.3339500427246,0
25.3833312988281,0
30.3337917327881,0
34.6642570495605,0
37.7114143371582,0
39.8779792785645,0
41.2590522766113,0
41.6421813964844,0
41.7295684814453,0
42.6631088256836,0
44.0644989013672,0
44.1484298706055,0
42.3950614929199,0
40.7464370727539,0
41.3072471618652,0
43.8541717529297,0
46.4558944702148,0
47.8803024291992,0
48.7859230041504,0
51.1605682373047,0
57.0265960693359,0
66.9861679077148,0
79.5260009765625,0
92.2813415527344,0
104.241523742676,0
116.064392089844,0
128.153289794922,0
139.505035400391,0
148.876235961914,0
155.998321533203,0
160.921432495117,0
163.054504394531,0
161.743408203125,0
157.224594116211,0
150.204284667969,0
140.866912841797,0
128.933563232422,0
114.427124023438,0
98.0002517700195,0
80.9255523681641,0
65.0335540771484,0
51.9040031433105,0
41.438404083252,0
31.7569122314453,0
21.2567119598389,0
10.4436855316162,0
1.05930042266846,0
-6.22405672073364,0
-12.2952489852905,0
-17.8263301849365,0
-22.00412940979,0
-23.578706741333,0
-22.6374778747559,0
-20.6237964630127,0
-18.6633548736572,0
-16.4790840148926,0
-13.1589384078979,0
-8.48799514770508,0
-3.09684610366821,0
2.34574723243713,0
7.51802539825439,0
12.2710075378418,0
16.7629165649414,0
21.6184349060059,0
27.1044311523438,0
32.1814994812012,0
35.4625282287598,0
37.3540916442871,0
39.9662933349609,0
44.1985015869141,0
48.1893997192383,0
49.9138488769531,0
50.3588066101074,0
52.3771133422852,0
56.6451301574707,0
60.5481948852539,0
61.5190887451172,0
59.9900436401367,0
58.0714492797852,0
56.3731231689453,0
53.6616134643555,0
49.5562400817871,0
46.039436340332,0
45.3095359802246,0
46.8199501037598,0
47.8083343505859,0
46.9363555908203,0
46.1322746276855,0
48.0174293518066,0
52.5176963806152,0
57.2951583862305,0
60.8506774902344,0
63.5249481201172,0
65.6375885009766,0
66.5966873168945,0
66.3603973388672,0
66.0175018310547,0
66.0170211791992,0
65.4324798583984,0
64.2783432006836,0
65.1495895385742,0
70.7371292114258,0
80.4670715332031,0
91.5033950805664,0
102.913505554199,0
117.08349609375,0
136.666091918945,0
161.535308837891,0
189.540298461914,0
219.686813354492,0
254.167602539062,0
297.366516113281,0
352.053192138672,0
414.805389404297,0
474.571441650391,0
517.254516601562,0
533.772888183594,0
524.703674316406,0
497.585388183594,0
460.431945800781,0
418.017425537109,0
372.945068359375,0
327.912414550781,0
285.671081542969,0
247.473876953125,0
212.851181030273,0
181.084213256836,0
152.073333740234,0
125.521751403809,0
100.276870727539,0
75.4118957519531,0
51.524341583252,0
30.0158443450928,0
11.285608291626,0
-5.36820316314697,0
-20.139139175415,0
-32.3086357116699,0
-41.911979675293,0
-50.5875396728516,0
-59.7295570373535,0
-68.4664764404297,0
-74.5913848876953,0
-77.2886962890625,0
-78.0488662719727,0
-78.9761581420898,0
-80.9653244018555,0
-83.4728240966797,0
-85.238166809082,0
-85.0528945922852,0
-82.4931945800781,0
-78.215950012207,0
-73.2508163452148,0
-68.0698013305664,0
-62.7971992492676,0
-58.0596809387207,0
-54.6856956481934,0
-52.4161071777344,0
-49.8544921875,0
-46.1758575439453,0
-42.1905288696289,0
-39.2159767150879,0
-37.5329704284668,0
-36.5344543457031,0
-35.8004379272461,0
-35.2761573791504,0
-34.7825698852539,0
-34.1235504150391,0
-33.4917221069336,0
-33.1339683532715,0
-32.7564582824707,0
-31.7759704589844,0
-29.9677028656006,0
-27.4192390441895,0
-24.1794700622559,0
-20.4966773986816,0
-17.0561294555664,0
-14.4040498733521,0
-12.4923906326294,0
-11.2671985626221,0
-11.0243091583252,0
-11.4746723175049,0
-11.3914804458618,0
-10.3505449295044,0
-9.8361349105835,0
-10.8953037261963,0
-11.5333299636841,0
-8.86127471923828,0
-3.62672996520996,0
0.165021628141403,0
0.686734914779663,0
0.53257292509079,0
2.34998035430908,0
5.11723899841309,0
6.94603300094604,0
9.14301872253418,0
14.3671998977661,0
22.108419418335,0
29.3108711242676,0
35.0559692382812,0
41.4475479125977,0
49.5971031188965,0
57.72607421875,0
64.1389999389648,0
69.3655471801758,0
73.8653182983398,0
75.9753112792969,0
74.4155197143555,0
71.4051742553711,0
70.7032699584961,0
72.8251190185547,0
74.3525009155273,0
72.3264999389648,0
67.5969009399414,0
63.030460357666,0
59.6896362304688,0
56.0325469970703,0
50.3888168334961,0
42.9722671508789,0
35.2055435180664,0
27.8911018371582,0
20.695125579834,0
13.1950435638428,0
5.84823131561279,0
-0.198971599340439,0
-3.92703557014465,0
-4.96758604049683,0
-3.74825811386108,0
-1.49014234542847,0
0.247126817703247,0
0.675166606903076,0
0.572433352470398,0
1.48618018627167,0
3.86477994918823,0
6.41409301757812,0
7.7706241607666,0
8.43736267089844,0
10.2188596725464,0
13.6711578369141,0
17.0614738464355,0
18.4930839538574,0
18.3918285369873,0
18.8946323394775,0
21.0271377563477,0
23.6006298065186,0
25.0238246917725,0
25.0550136566162,0
24.2656745910645,0
22.913423538208,0
21.3594799041748,0
20.7881507873535,0
22.1428699493408,0
24.6129322052002,0
26.489128112793,0
27.5103588104248,0
28.9525375366211,0
31.0266036987305,0
31.7227630615234,0
29.3945999145508,0
25.5126647949219,0
23.2768898010254,0
23.6267795562744,0
24.0070476531982,0
21.513578414917,0
16.2863750457764,0
11.0931615829468,0
8.12817287445068,0
7.06004619598389,0
6.17964172363281,0
4.80520439147949,0
4.22020721435547,0
6.43566083908081,0
12.3006649017334,0
20.888355255127,0
30.5796318054199,0
40.4680557250977,0
50.5916481018066,0
61.1169471740723,0
71.6851806640625,0
81.322021484375,0
88.4196319580078,0
91.0529327392578,0
88.3918609619141,0
82.1266326904297,0
75.4151077270508,0
69.6342315673828,0
63.0055541992188,0
53.3323936462402,0
41.2109031677246,0
29.2733325958252,0
19.0584011077881,0
10.3190870285034,0
2.82213425636292,0
-3.43070125579834,0
-9.78067016601562,0
-18.163330078125,0
-27.9992866516113,0
-36.266300201416,0
-42.015064239502,0
-48.4258766174316,0
-58.2394332885742,0
-69.096923828125,0
-76.2261657714844,0
-78.5964736938477,0
-79.4008865356445,0
-80.9882888793945,0
-82.5802688598633,0
-83.3057098388672,0
-84.2677688598633,0
-86.3123321533203,0
-88.3236236572266,0
-89.4674987792969,0
-91.1226196289062,0
-94.5619277954102,0
-98.1330871582031,0
-98.9132614135742,0
-96.4015502929688,0
-92.5654983520508,0
-88.6229553222656,0
-83.7566223144531,0
-77.1530532836914,0
-69.6162567138672,0
-62.5434074401855,0
-56.3374786376953,0
-50.3989639282227,0
-44.1658935546875,0
-37.992546081543,0
-33.3576698303223,0
-31.8388442993164,0
-33.1713447570801,0
-34.8644027709961,0
-34.8771781921387,0
-34.1886329650879,0
-35.174934387207,0
-37.7638931274414,0
-39.2811279296875,0
-38.4010810852051,0
-36.9878692626953,0
-37.0176582336426,0
-37.727165222168,0
-37.2895965576172,0
-35.5983352661133,0
-33.706111907959,0
-32.0361251831055,0
-30.9745807647705,0
-31.6642780303955,0
-33.9468688964844,0
-34.9443359375,0
-32.4523086547852,0
-28.690055847168,0
-27.5407695770264,0
-28.7508945465088,0
-28.4994869232178,0
-25.6960868835449,0
-23.6604785919189,0
-24.4889945983887,0
-25.6510925292969,0
-24.2847480773926,0
-21.6733341217041,0
-20.762731552124,0
-21.5640354156494,0
-21.8035659790039,0
-20.4825248718262,0
-18.1924896240234,0
-15.1917190551758,0
-11.6150026321411,0
-8.54780387878418,0
-6.65881204605103,0
-4.8264307975769,0
-2.32267761230469,0
-1.10195171833038,0
-3.2436683177948,0
-7.10382890701294,0
-9.08920192718506,0
-8.86428356170654,0
-9.62187671661377,0
-13.0084848403931,0
-16.9640331268311,0
-19.4630565643311,0
-21.4669532775879,0
-24.6035766601562,0
-28.2431144714355,0
-30.8793964385986,0
-32.9354591369629,0
-36.2224006652832,0
-41.3246383666992,0
-46.9877243041992,0
-51.5579299926758,0
-53.8574714660645,0
-53.2245063781738,0
-49.9797554016113,0
-45.6767387390137,0
-41.9511451721191,0
-39.2292556762695,0
-37.1195335388184,0
-35.5280799865723,0
-34.4659423828125,0
-33.1325187683105,0
-30.3249340057373,0
-25.9010677337646,0
-21.1284008026123,0
-17.4692897796631,0
-15.4922275543213,0
-14.8879585266113,0
-15.0062885284424,0
-15.4141149520874,0
-16.3275890350342,0
-18.2427158355713,0
-20.6894836425781,0
-21.9289608001709,0
-20.8235282897949,0
-18.5800552368164,0
-17.4392642974854,0
-17.9604625701904,0
-19.1350650787354,0
-20.9666328430176,0
-24.6828384399414,0
-29.7731094360352,0
-33.2745742797852,0
-33.5975494384766,0
-32.963981628418,0
-33.9011001586914,0
-35.259464263916,0
-34.6996078491211,0
-33.6802291870117,0
-36.0444259643555,0
-41.875186920166,0
-46.8415641784668,0
-48.4629669189453,0
-49.1302146911621,0
-51.4250335693359,0
-54.3524589538574,0
-56.5909538269043,0
-59.732307434082,0
-64.8857040405273,0
-69.2318572998047,0
-70.1563873291016,0
-70.3336715698242,0
-73.8136901855469,0
-78.747917175293,0
-79.626708984375,0
-76.2503051757812,0
-74.4636306762695,0
-77.0529022216797,0
-79.8140640258789,0
-78.8949279785156,0
-76.5236053466797,0
-75.9369277954102,0
-75.3859558105469,0
-71.8160552978516,0
-66.9490203857422,0
-64.5036087036133,0
-63.734203338623,0
-61.1408729553223,0
-57.2523918151855,0
-56.1798057556152,0
-58.7351493835449,0
-61.388256072998,0
-62.5478553771973,0
-64.4335021972656,0
-67.2021789550781,0
-66.6927337646484,0
-61.1501617431641,0
-55.7278747558594,0
-56.0827178955078,0
-60.5166435241699,0
-62.9603385925293,0
-61.7600975036621,0
-60.7293930053711,0
-62.3156127929688,0
-64.5738677978516,0
-65.4292602539062,0
-65.5403900146484,0
-65.298583984375,0
-62.6323356628418,0
-56.3739318847656,0
-49.4124450683594,0
-45.7141914367676,0
-45.4980278015137,0
-45.7709503173828,0
-44.7141494750977,0
-43.0416870117188,0
-41.4083976745605,0
-39.1702270507812,0
-36.3993911743164,0
-34.9883041381836,0
-36.3069000244141,0
-38.8722801208496,0
-39.7822608947754,0
-38.1024360656738,0
-35.7573852539062,0
-35.158504486084,0
-36.8381156921387,0
-39.5290908813477,0
-41.7425231933594,0
-42.7441749572754,0
-42.3858642578125,0
-40.6348876953125,0
-37.474739074707,0
-33.175479888916,0
-28.6323471069336,0
-25.2973766326904,0
-24.2978515625,0
-25.2741012573242,0
-26.4877643585205,0
-26.8200511932373,0
-27.6431159973145,0
-31.8399543762207,0
-40.5160369873047,0
-51.359935760498,0
-60.9793968200684,0
-68.3875122070312,0
-75.2092437744141,0
-82.6097869873047,0
-89.2808456420898,0
-93.0683135986328,0
-93.7435302734375,0
-93.1685104370117,0
-92.9307556152344,0
-92.7176513671875,0
-91.2268676757812,0
-87.9826126098633,0
-83.7709579467773,0
-79.7173919677734,0
-76.5928421020508,0
-74.8584899902344,0
-74.5398941040039,0
-74.7415618896484,0
-74.0195159912109,0
-71.9159851074219,0
-69.6987533569336,0
-68.8558959960938,0
-69.26171875,0
-69.7739562988281,0
-70.2221984863281,0
-71.2739410400391,0
-72.2581253051758,0
-71.0700912475586,0
-67.2406921386719,0
-63.3849067687988,0
-61.8919906616211,0
-61.3388023376465,0
-58.2206382751465,0
-51.5744895935059,0
-43.6901588439941,0
-36.5376930236816,0
-30.0119323730469,0
-24.1367893218994,0
-20.4854640960693,0
-20.1023788452148,0
-21.7612628936768,0
-23.6022281646729,0
-25.164587020874,0
-26.800422668457,0
-28.6542072296143,0
-31.3711681365967,0
-36.0036315917969,0
-41.6451072692871,0
-45.046817779541,0
-44.7297782897949,0
-43.743839263916,0
-45.5881271362305,0
-48.74609375,0
-48.628776550293,0
-44.3201141357422,0
-39.7710990905762,0
-38.1519355773926,0
-38.6296539306641,0
-39.5109214782715,0
-40.9427337646484,0
-42.9055671691895,0
-43.8017883300781,0
-43.2534217834473,0
-43.5938491821289,0
-46.0931053161621,0
-48.0407218933105,0
-46.3978614807129,0
-42.4551124572754,0
-39.7721366882324,0
-38.886100769043,0
-37.3732299804688,0
-34.3407211303711,0
-31.3873901367188,0
-29.1639518737793,0
-26.3315982818604,0
-22.7059555053711,0
-20.657262802124,0
-22.094934463501,0
-25.9553604125977,0
-29.7943668365479,0
-32.3613166809082,0
-33.628833770752,0
-33.6387596130371,0
-32.4857444763184,0
-30.7504482269287,0
-29.2459030151367,0
-28.7403106689453,0
-29.8896102905273,0
-32.5325050354004,0
-35.1139984130859,0
-35.9874992370605,0
-35.3874740600586,0
-34.987678527832,0
-35.5738410949707,0
-36.5256195068359,0
-37.5013732910156,0
-38.7981948852539,0
-39.6711769104004,0
-38.1728096008301,0
-33.5139808654785,0
-27.1445960998535,0
-20.8176326751709,0
-15.0873937606812,0
-10.3328342437744,0
-7.38350200653076,0
-6.06917667388916,0
-5.00247573852539,0
-4.15447998046875,0
-5.73621988296509,0
-10.6634922027588,0
-15.9013891220093,0
-17.7927780151367,0
-16.8801555633545,0
-16.7877006530762,0
-19.0222148895264,0
-21.6937942504883,0
-23.1874942779541,0
-24.1212501525879,0
-25.0905170440674,0
-25.1934204101562,0
-24.0127182006836,0
-22.9752922058105,0
-23.4196491241455,0
-24.9653911590576,0
-26.9286231994629,0
-29.5527801513672,0
-32.3913230895996,0
-33.2849502563477,0
-31.0519351959229,0
-27.9924983978271,0
-27.4286479949951,0
-29.4185943603516,0
-31.1974010467529,0
-31.5008850097656,0
-31.8411102294922,0
-33.1014099121094,0
-33.5306015014648,0
-31.6248264312744,0
-29.1016597747803,0
-28.8766613006592,0
-30.9104518890381,0
-32.207950592041,0
-31.0473079681396,0
-29.4162731170654,0
-30.366662979126,0
-33.9611358642578,0
-36.9787712097168,0
-36.4525146484375,0
-32.667839050293,0
-28.4801616668701,0
-26.2495346069336,0
-25.9543495178223,0
-26.1862468719482,0
-26.4056606292725,0
-27.7425289154053,0
-31.6039218902588,0
-37.860969543457,0
-44.5957832336426,0
-49.4138717651367,0
-50.8163108825684,0
-48.6878967285156,0
-44.2209281921387,0
-39.5733680725098,0
-36.8219795227051,0
-36.3633842468262,0
-36.4585418701172,0
-35.1592330932617,0
-32.8318138122559,0
-31.9736061096191,0
-34.107292175293,0
-37.6416435241699,0
-39.6467170715332,0
-39.26806640625,0
-38.302059173584,0
-38.4685211181641,0
-39.3053016662598,0
-39.253532409668,0
-37.9253005981445,0
-36.4354209899902,0
-35.8567352294922,0
-36.1957817077637,0
-37.0117111206055,0
-38.511547088623,0
-41.5821533203125,0
-46.548885345459,0
-51.9530563354492,0
-55.1054191589355,0
-54.5764312744141,0
-51.9871635437012,0
-50.2862434387207,0
-49.9780235290527,0
-48.3571434020996,0
-43.4550476074219,0
-37.5359916687012,0
-34.8517227172852,0
-36.3714942932129,0
-38.8314933776855,0
-39.2622528076172,0
-38.2737617492676,0
-37.8810119628906,0
-38.2547950744629,0
-38.609317779541,0
-39.7457618713379,0
-42.9861335754395,0
-47.0674438476562,0
-48.8647041320801,0
-47.5677223205566,0
-45.6489639282227,0
-44.8618545532227,0
-43.7341041564941,0
-40.5400924682617,0
-36.5540809631348,0
-34.0418357849121,0
-32.4700660705566,0
-29.4187755584717,0
-24.7019119262695,0
-20.8690319061279,0
-19.3150405883789,0
-18.214542388916,0
-15.2051296234131,0
-10.4179239273071,0
-5.78968334197998,0
-2.56561136245728,0
-0.526311993598938,0
1.08143842220306,0
2.70679998397827,0
4.11500644683838,0
4.37756633758545,0
2.8008074760437,0
0.148063868284225,0
-1.80262875556946,0
-2.18378853797913,0
-1.60970425605774,0
-0.521638870239258,0
1.79171407222748,0
5.72748947143555,0
10.0735483169556,0
13.4181966781616,0
16.1111621856689,0
19.4018096923828,0
22.945484161377,0
24.7275695800781,0
23.8886318206787,0
22.486120223999,0
23.5004844665527,0
27.3567657470703,0
31.2064323425293,0
32.0005187988281,0
29.9062042236328,0
27.9839458465576,0
28.3801155090332,0
29.8231639862061,0
29.7553443908691,0
28.0895576477051,0
27.1773090362549,0
28.1743316650391,0
29.3734073638916,0
28.8105373382568,0
26.8365650177002,0
25.0154094696045,0
23.8886604309082,0
23.1561889648438,0
22.8397789001465,0
22.6886177062988,0
21.4258575439453,0
18.4008197784424,0
15.3528032302856,0
14.6441049575806,0
16.0224151611328,0
16.9240646362305,0
15.8681488037109,0
13.7790851593018,0
11.9248399734497,0
10.3882789611816,0
8.90160655975342,0
7.47564363479614,0
5.72442197799683,0
3.18873071670532,0
0.89393424987793,0
0.932945370674133,0
3.70417928695679,0
7.15389060974121,0
9.80483436584473,0
13.0212268829346,0
18.7907962799072,0
26.3135547637939,0
32.4268531799316,0
34.9794921875,0
34.5218086242676,0
33.0022735595703,0
31.9670925140381,0
31.8974056243896,0
32.325626373291,0
32.5473556518555,0
32.7041854858398,0
33.7625617980957,0
35.8117446899414,0
37.087329864502,0
35.8612670898438,0
32.9939460754395,0
31.3069877624512,0
32.2881126403809,0
34.5082931518555,0
35.5836372375488,0
34.6738891601562,0
32.4821281433105,0
29.58420753479,0
25.5730590820312,0
19.6213493347168,0
11.4450168609619,0
1.95860731601715,0
-6.70429229736328,0
-12.2592639923096,0
-14.0715217590332,0
-13.9866151809692,0
-14.9361333847046,0
-18.374547958374,0
-22.9664249420166,0
-25.7450160980225,0
-24.6911869049072,0
-20.4796504974365,0
-15.7972278594971,0
-12.7798194885254,0
-11.1130523681641,0
-8.80029487609863,0
-4.51623725891113,0
1.3494975566864,0
7.72002363204956,0
13.8153581619263,0
18.8623199462891,0
22.0963668823242,0
24.028507232666,0
26.8021945953369,0
31.9011688232422,0
37.8216133117676,0
41.3531494140625,0
41.1955146789551,0
39.1208267211914,0
37.3720779418945,0
36.063404083252,0
33.6140403747559,0
28.8651485443115,0
22.2634296417236,0
15.623233795166,0
11.1149892807007,0
9.84632587432861,0
11.0135812759399,0
12.847095489502,0
14.4092311859131,0
15.7796649932861,0
16.6487579345703,0
16.093189239502,0
14.168683052063,0
12.3141260147095,0
11.2305793762207,0
9.53770160675049,0
5.82100343704224,0
1.13125097751617,0
-2.1307225227356,0
-3.40157461166382,0
-4.36471652984619,0
-6.11345720291138,0
-7.5357608795166,0
-7.15842962265015,0
-5.27949047088623,0
-3.17379856109619,0
-0.999262988567352,0
2.05382442474365,0
5.50098371505737,0
6.77640724182129,0
3.67984914779663,0
-2.6942355632782,0
-8.35936832427979,0
-10.0854759216309,0
-8.19070816040039,0
-5.3579626083374,0
-3.23741865158081,0
-1.14886379241943,0
1.90991234779358,0
5.22575902938843,0
7.25047540664673,0
7.88855791091919,0
8.67991352081299,0
10.610390663147,0
12.7853088378906,0
13.8204078674316,0
13.799711227417,0
13.9584789276123,0
14.6614112854004,0
14.6617517471313,0
12.7182674407959,0
9.31471824645996,0
6.10550212860107,0
3.82639646530151,0
1.4864604473114,0
-2.06320714950562,0
-6.31571817398071,0
-9.58638668060303,0
-11.2353210449219,0
-12.6207895278931,0
-15.4176368713379,0
-19.5564727783203,0
-23.5446224212646,0
-26.5628528594971,0
-29.3394927978516,0
-32.7450637817383,0
-36.2929649353027,0
-38.6205101013184,0
-39.1290397644043,0
-38.5843811035156,0
-38.0906944274902,0
-37.8238983154297,0
-36.9636650085449,0
-34.8216361999512,0
-31.7845687866211,0
-28.7373390197754,0
-25.536190032959,0
-20.8430500030518,0
-14.1324653625488,0
-7.13426113128662,0
-2.00044298171997,0
1.68078017234802,0
6.42624711990356,0
13.1197376251221,0
19.3788051605225,0
22.502462387085,0
22.6692180633545,0
22.1290855407715,0
22.496955871582,0
24.2232990264893,0
27.6041774749756,0
32.4875869750977,0
37.5627517700195,0
41.7113189697266,0
45.7309722900391,0
50.9671249389648,0
56.4492874145508,0
59.4020690917969,0
58.9555282592773,0
57.5128784179688,0
57.6414108276367,0
59.04052734375,0
59.5857543945312,0
58.3660430908203,0
56.619140625,0
56.1360740661621,0
57.5564880371094,0
60.1522979736328,0
62.9208488464355,0
65.7469024658203,0
69.1222839355469,0
72.5469818115234,0
74.1500549316406,0
72.8943862915039,0
70.3798522949219,0
68.9913787841797,0
68.7720642089844,0
67.8837814331055,0
65.826286315918,0
63.9667434692383,0
62.633129119873,0
60.0963935852051,0
55.4764671325684,0
50.6833000183105,0
48.1298675537109,0
48.0317001342773,0
49.1790542602539,0
50.7959861755371,0
52.1590728759766,0
51.8715438842773,0
49.4146728515625,0
46.4711494445801,0
44.9144821166992,0
44.1837158203125,0
42.3309211730957,0
39.0465202331543,0
35.8903388977051,0
33.8819732666016,0
32.4799118041992,0
30.7115020751953,0
27.8899402618408,0
23.5859813690186,0
18.4043006896973,0
14.3825740814209,0
12.8947620391846,0
12.3638496398926,0
9.78756999969482,0
4.41587162017822,0
-1.80088841915131,0
-7.14413547515869,0
-11.3852434158325,0
-14.2370138168335,0
-15.201301574707,0
-15.5310554504395,0
-17.608907699585,0
-21.1188220977783,0
-22.4068756103516,0
-19.4916954040527,0
-15.3909816741943,0
-13.9817714691162,0
-14.3747854232788,0
-12.4886522293091,0
-7.26125192642212,0
-1.96001827716827,0
0.771894931793213,0
2.08569526672363,0
4.16923046112061,0
6.75388383865356,0
7.95597696304321,0
7.2259521484375,0
6.08168363571167,0
6.60648679733276,0
9.95406150817871,0
15.4972515106201,0
20.792818069458,0
23.2512989044189,0
22.5206031799316,0
20.4677066802979,0
18.3840065002441,0
15.4186420440674,0
10.6969242095947,0
5.85382127761841,0
3.93187570571899,0
6.03979539871216,0
10.2629919052124,0
13.8522100448608,0
15.6284427642822,0
16.2304229736328,0
16.814998626709,0
17.9041366577148,0
19.3059425354004,0
20.9266719818115,0
23.2509536743164,0
26.4717102050781,0
29.4091129302979,0
30.4225101470947,0
29.6889820098877,0
29.3603591918945,0
30.720064163208,0
32.3266525268555,0
32.1209144592285,0
30.4660739898682,0
29.6152324676514,0
30.6189918518066,0
32.3000183105469,0
33.2394180297852,0
33.3059043884277,0
32.8634223937988,0
31.6843090057373,0
29.3530883789062,0
26.1075286865234,0
22.73410987854,0
19.9463920593262,0
18.0836772918701,0
17.0755939483643,0
16.5751895904541,0
16.4157199859619,0
16.8604125976562,0
17.9619312286377,0
18.8097133636475,0
18.1174182891846,0
15.7454261779785,0
13.1123065948486,0
11.8695249557495,0
12.5668992996216,0
14.7090663909912,0
17.4413280487061,0
19.6823196411133,0
20.176342010498,0
18.5014553070068,0
16.2044563293457,0
15.8587045669556,0
17.9937839508057,0
19.4946689605713,0
16.5568370819092,0
9.49958324432373,0
3.07598781585693,0
1.03036963939667,0
1.78018546104431,0
1.08142292499542,0
-2.29351377487183,0
-5.93513536453247,0
-8.17740058898926,0
-10.0245580673218,0
-12.2240161895752,0
-13.4474658966064,0
-12.8829278945923,0
-12.1868867874146,0
-12.9307622909546,0
-14.087082862854,0
-14.1407794952393,0
-13.8624687194824,0
-14.4869337081909,0
-14.6766138076782,0
-12.2762632369995,0
-8.20107460021973,0
-5.55443382263184,0
-5.33153915405273,0
-5.98862504959106,0
-6.94971704483032,0
-9.11606502532959,0
-11.6305694580078,0
-11.8341398239136,0
-9.60928916931152,0
-8.34135341644287,0
-9.82735633850098,0
-11.444314956665,0
-10.6580505371094,0
-9.27315044403076,0
-10.0670976638794,0
-11.6697006225586,0
-10.6282196044922,0
-7.0874924659729,0
-4.37749862670898,0
-3.51947617530823,0
-2.10639572143555,0
1.16780006885529,0
4.63547945022583,0
7.11650371551514,0
9.75128936767578,0
13.0128307342529,0
15.0541400909424,0
14.8950366973877,0
14.5087203979492,0
15.5078420639038,0
16.1374454498291,0
14.245005607605,0
11.4138050079346,0
11.0732564926147,0
13.4579677581787,0
15.4227104187012,0
14.994535446167,0
13.425030708313,0
12.5078649520874,0
12.1911764144897,0
11.4829683303833,0
9.98640918731689,0
7.89576768875122,0
5.73621940612793,0
4.46480417251587,0
4.68495225906372,0
5.63008832931519,0
6.07573556900024,0
6.1179404258728,0
6.59933233261108,0
6.99233531951904,0
5.8354024887085,0
3.52226519584656,0
2.57395362854004,0
4.46400833129883,0
8.10956001281738,0
12.241382598877,0
16.9969539642334,0
21.8454570770264,0
24.2796993255615,0
22.7948303222656,0
19.5011024475098,0
17.2967720031738,0
15.6726026535034,0
12.0535182952881,0
6.44892454147339,0
1.55346632003784,0
-1.74303770065308,0
-5.56020975112915,0
-10.7879447937012,0
-14.8232927322388,0
-15.6142425537109,0
-15.6371221542358,0
-19.0517559051514,0
-25.9015369415283,0
-31.7509727478027,0
-33.0054397583008,0
-30.5761280059814,0
-28.0721664428711,0
-28.0904121398926,0
-30.7601795196533,0
-34.4683952331543,0
-37.2195625305176,0
-38.2578506469727,0
-39.0394706726074,0
-41.7768135070801,0
-46.3865966796875,0
-49.815860748291,0
-49.4135665893555,0
-46.3383903503418,0
-44.3537635803223,0
-45.3694610595703,0
-47.4064750671387,0
-47.3191680908203,0
-44.5451316833496,0
-41.448314666748,0
-40.4777412414551,0
-41.7858390808105,0
-43.6037940979004,0
-44.3355712890625,0
-43.9166564941406,0
-43.2331275939941,0
-42.5916748046875,0
-41.2148246765137,0
-38.3812828063965,0
-34.5530586242676,0
-30.7599792480469,0
-27.1512641906738,0
-23.1050033569336,0
-18.8784694671631,0
-15.9734506607056,0
-15.0736494064331,0
-14.534818649292,0
-12.282564163208,0
-8.99101734161377,0
-7.95592355728149,0
-11.3567724227905,0
-17.6889877319336,0
-23.5978031158447,0
-27.41872215271,0
-29.9100456237793,0
-32.0483436584473,0
-33.5127487182617,0
-33.5477180480957,0
-32.1124572753906,0
-29.5231037139893,0
-25.8559379577637,0
-21.5732917785645,0
-18.028356552124,0
-16.1698894500732,0
-15.0417823791504,0
-12.7441711425781,0
-8.78924369812012,0
-4.29001808166504,0
0.205679327249527,0
5.63302421569824,0
12.7808799743652,0
21.1120548248291,0
29.725700378418,0
38.0243797302246,0
44.7091484069824,0
47.8587532043457,0
47.3926849365234,0
46.0586471557617,0
46.4200592041016,0
48.1064109802246,0
49.6197357177734,0
51.247241973877,0
53.7922706604004,0
55.7311134338379,0
54.7729225158691,0
51.8225212097168,0
50.2151145935059,0
50.8660659790039,0
51.3320693969727,0
50.2376823425293,0
49.2932739257812,0
49.6176261901855,0
49.2708702087402,0
46.5445175170898,0
43.0020027160645,0
40.6179161071777,0
38.036735534668,0
32.7918701171875,0
25.9033489227295,0
20.9061698913574,0
18.6477718353271,0
16.1735401153564,0
11.2334642410278,0
5.20966148376465,0
0.430921524763107,0
-3.46566200256348,0
-8.95806503295898,0
-17.3456211090088,0
-27.2052211761475,0
-35.7841987609863,0
-41.3057975769043,0
-44.1591682434082,0
-46.1359176635742,0
-48.348201751709,0
-50.1140785217285,0
-50.4447135925293,0
-50.2035903930664,0
-51.5253410339355,0
-54.9680786132812,0
-58.6536483764648,0
-60.9089317321777,0
-62.5088882446289,0
-65.2047348022461,0
-68.9558715820312,0
-71.9457015991211,0
-72.7462844848633,0
-71.0898818969727,0
-67.0239486694336,0
-61.1145210266113,0
-55.4515647888184,0
-52.3685035705566,0
-51.3896179199219,0
-49.2319030761719,0
-44.0627479553223,0
-38.2661743164062,0
-35.381721496582,0
-35.4573593139648,0
-35.4278869628906,0
-33.4727897644043,0
-30.7720489501953,0
-28.8317337036133,0
-27.1431732177734,0
-24.3204402923584,0
-20.19602394104,0
-15.9273529052734,0
-12.8814373016357,0
-11.957052230835,0
-13.1659488677979,0
-15.3700389862061,0
-17.1643314361572,0
-18.4163112640381,0
-20.234224319458,0
-23.1966457366943,0
-26.4960117340088,0
-29.0722942352295,0
-30.5718784332275,0
-30.8958988189697,0
-30.0605754852295,0
-29.0934257507324,0
-29.7493705749512,0
-32.3763542175293,0
-35.189697265625,0
-36.7699851989746,0
-38.1376342773438,0
-40.7928619384766,0
-43.5838623046875,0
-43.6807060241699,0
-40.7045364379883,0
-37.7718162536621,0
-37.4186401367188,0
-37.9453086853027,0
-35.4135818481445,0
-28.7901954650879,0
-21.4393825531006,0
-17.0159511566162,0
-15.1590671539307,0
-12.6018533706665,0
-8.12172889709473,0
-4.55640077590942,0
-5.00619554519653,0
-8.35838890075684,0
-10.2992515563965,0
-8.3446216583252,0
-4.03541040420532,0
-0.0188534650951624,0
3.02153968811035,0
5.6253867149353,0
7.65848064422607,0
8.9522876739502,0
10.7045602798462,0
14.1427373886108,0
18.1450119018555,0
20.1400127410889,0
19.4313430786133,0
17.7999877929688,0
16.4978008270264,0
14.5700521469116,0
10.9691114425659,0
6.47317409515381,0
2.11304426193237,0
-2.74344897270203,0
-8.79995727539062,0
-14.3957824707031,0
-17.1000900268555,0
-17.5689353942871,0
-19.3892059326172,0
-24.4686908721924,0
-30.6661167144775,0
-35.0520706176758,0
-37.6710166931152,0
-40.5770835876465,0
-44.7205467224121,0
-49.7474632263184,0
-55.683666229248,0
-62.3469886779785,0
-67.6001739501953,0
-68.9288482666016,0
-67.1506118774414,0
-66.0789489746094,0
-67.5432815551758,0
-68.9022369384766,0
-66.8453140258789,0
-61.7735862731934,0
-56.6672058105469,0
-53.0802612304688,0
-50.2229537963867,0
-46.9754524230957,0
-42.814769744873,0
-37.4859809875488,0
-31.7326278686523,0
-27.7660484313965,0
-26.9762954711914,0
-27.6715297698975,0
-27.277515411377,0
-26.2874965667725,0
-27.2647495269775,0
-29.922830581665,0
-30.5256576538086,0
-27.3596611022949,0
-23.7692031860352,0
-23.6727657318115,0
-26.4494380950928,0
-28.8772354125977,0
-30.3283824920654,0
-32.7610969543457,0
-36.224494934082,0
-37.8009719848633,0
-35.7804336547852,0
-32.3396110534668,0
-30.6951217651367,0
-31.2263069152832,0
-31.898853302002,0
-31.520938873291,0
-31.0197372436523,0
-31.7836589813232,0
-34.024715423584,0
-36.9392929077148,0
-39.5318832397461,0
-40.8329048156738,0
-39.9449996948242,0
-36.6157836914062,0
-31.7535285949707,0
-26.9468288421631,0
-23.3368835449219,0
-21.0651969909668,0
-19.6030349731445,0
-18.1337032318115,0
-15.6572513580322,0
-11.4813137054443,0
-6.11429119110107,0
-1.27340912818909,0
1.54633104801178,0
2.38874816894531,0
2.43656373023987,0
2.59762668609619,0
2.87446784973145,0
2.82030749320984,0
2.10357522964478,0
0.796122014522552,0
-0.451615512371063,0
-0.713613271713257,0
0.279654771089554,0
1.70199370384216,0
2.5968930721283,0
3.10820913314819,0
4.24385261535645,0
6.51621866226196,0
9.28898239135742,0
11.4352512359619,0
12.2910947799683,0
12.084264755249,0
11.8166265487671,0
12.6395797729492,0
14.9478006362915,0
18.0019512176514,0
20.526273727417,0
21.5785865783691,0
20.9344959259033,0
19.1442451477051,0
17.4075984954834,0
16.8246307373047,0
17.3153991699219,0
17.5774440765381,0
16.3844470977783,0
13.5941200256348,0
9.76966190338135,0
5.45458936691284,0
1.16320848464966,0
-2.57922744750977,0
-5.7374439239502,0
-8.84648036956787,0
-12.1740522384644,0
-15.3658638000488,0
-18.400032043457,0
-22.2031021118164,0
-27.4972648620605,0
-33.4174995422363,0
-38.1353759765625,0
-40.8391456604004,0
-42.5144309997559,0
-44.6674575805664,0
-47.5668029785156,0
-49.8516540527344,0
-49.9518928527832,0
-48.0102958679199,0
-46.0294570922852,0
-45.5622406005859,0
-45.7072868347168,0
-44.4962539672852,0
-42.0289306640625,0
-40.5805206298828,0
-41.2097549438477,0
-42.0812110900879,0
-41.2668991088867,0
-39.5941390991211,0
-38.950740814209,0
-38.8371238708496,0
-36.7665252685547,0
-31.84743309021,0
-25.9555816650391,0
-20.9735126495361,0
-16.4627342224121,0
-10.7704906463623,0
-3.29520893096924,0
5.19133186340332,0
13.7984762191772,0
22.2540550231934,0
30.4854431152344,0
37.90185546875,0
43.4019317626953,0
46.5004119873047,0
48.5104751586914,0
51.7595977783203,0
56.9063034057617,0
61.7252769470215,0
63.5710830688477,0
62.4683685302734,0
60.4821662902832,0
58.5021095275879,0
55.3606796264648,0
50.1702880859375,0
43.7607612609863,0
37.2702713012695,0
30.849946975708,0
24.5301570892334,0
19.0105876922607,0
14.5452795028687,0
9.95149993896484,0
3.67125940322876,0
-4.69833421707153,0
-14.2595090866089,0
-23.2430801391602,0
-29.3589687347412,0
-31.3088665008545,0
-30.7968864440918,0
-31.461275100708,0
-34.5728912353516,0
-37.343074798584,0
-37.1338653564453,0
-35.7163848876953,0
-36.7945137023926,0
-40.2765693664551,0
-42.2297782897949,0
-40.7131271362305,0
-38.3935661315918,0
-38.0126075744629,0
-38.1305236816406,0
-35.9111404418945,0
-32.2651290893555,0
-30.8400897979736,0
-32.122730255127,0
-31.8093700408936,0
-26.3676815032959,0
-18.0177116394043,0
-12.193790435791,0
-11.1472692489624,0
-12.0864133834839,0
-11.3097019195557,0
-8.15641498565674,0
-4.3425464630127,0
-0.972506105899811,0
2.55510520935059,0
7.20162773132324,0
12.8122930526733,0
18.0520210266113,0
21.5201549530029,0
22.9954414367676,0
23.6784477233887,0
25.1471271514893,0
28.2414207458496,0
33.0847587585449,0
39.5665283203125,0
47.1154594421387,0
54.5843925476074,0
61.5186653137207,0
69.3288726806641,0
80.0033187866211,0
93.7525177001953,0
109.36222076416,0
127.239601135254,0
150.882507324219,0
184.525329589844,0
229.255294799805,0
280.363128662109,0
327.172027587891,0
356.945770263672,0
362.673614501953,0
348.403228759766,0
324.972442626953,0
299.619659423828,0
271.721343994141,0
239.047668457031,0
204.486679077148,0
173.741973876953,0
148.596954345703,0
125.88695526123,0
102.445014953613,0
78.1991729736328,0
54.4873352050781,0
31.8913440704346,0
10.433403968811,0
-9.68498611450195,0
-28.2127857208252,0
-44.8699378967285,0
-59.1122055053711,0
-70.6793594360352,0
-80.3318099975586,0
-89.264533996582,0
-97.8582000732422,0
-105.611328125,0
-112.027679443359,0
-116.928642272949,0
-120.24552154541,0
-122.198631286621,0
-123.372062683105,0
-124.039886474609,0
-123.874374389648,0
-122.892669677734,0
-122.000312805176,0
-121.690711975098,0
-120.779525756836,0
-117.618408203125,0
-112.439483642578,0
-107.461906433105,0
-104.567337036133,0
-103.66527557373,0
-103.422386169434,0
-102.647895812988,0
-100.46125793457,0
-95.9458999633789,0
-88.8852310180664,0
-80.9664306640625,0
-75.039794921875,0
-72.1362533569336,0
-69.8419494628906,0
-65.1010208129883,0
-58.4961013793945,0
-53.8195686340332,0
-52.7514343261719,0
-52.0965690612793,0
-47.9880294799805,0
-41.097900390625,0
-35.2402839660645,0
-31.8821983337402,0
-28.9652271270752,0
-24.9531745910645,0
-21.0029525756836,0
-18.387228012085,0
-16.3603744506836,0
-13.842999458313,0
-11.2070741653442,0
-9.01241397857666,0
-6.62765693664551,0
-3.54808974266052,0
-0.708024740219116,0
1.01705682277679,0
2.5185763835907,0
5.15987968444824,0
8.60264778137207,0
11.4010524749756,0
13.2246294021606,0
15.1605596542358,0
18.1335964202881,0
22.1078586578369,0
26.5170021057129,0
30.5169830322266,0
33.2423477172852,0
34.8910026550293,0
37.2425651550293,0
41.9946594238281,0
48.7124214172363,0
55.3684921264648,0
60.7046737670898,0
65.0394439697266,0
68.9548873901367,0
72.4426422119141,0
75.4258575439453,0
77.8915100097656,0
79.2834930419922,0
79.0488967895508,0
78.1623306274414,0
78.6760330200195,0
81.1157760620117,0
83.9829025268555,0
86.9422760009766,0
92.4168395996094,0
101.554412841797,0
110.095443725586,0
111.928527832031,0
106.834945678711,0
100.934028625488,0
98.1900100708008,0
95.2499618530273,0
87.3375549316406,0
75.9598999023438,0
66.6535263061523,0
60.9939155578613,0
55.5810661315918,0
48.4944305419922,0
41.9556427001953,0
37.6735420227051,0
33.8388404846191,0
28.6079883575439,0
23.0585975646973,0
18.4295406341553,0
13.4112596511841,0
6.74870920181274,0
0.0632013082504272,0
-4.63171720504761,0
-8.12178134918213,0
-11.9050035476685,0
-14.8823080062866,0
-15.3484916687012,0
-14.7779989242554,0
-16.0792694091797,0
-18.9049339294434,0
-20.2444725036621,0
-19.3599548339844,0
-18.5592384338379,0
-18.8180656433105,0
-18.1839218139648,0
-15.5260448455811,0
-12.7038192749023,0
-11.3933067321777,0
-10.2547225952148,0
-7.12778902053833,0
-2.21611499786377,0
2.74230003356934,0
7.09092235565186,0
11.2379331588745,0
14.9483366012573,0
17.3403816223145,0
18.2309665679932,0
18.3647899627686,0
18.613941192627,0
19.6506595611572,0
21.8794002532959,0
25.0962963104248,0
28.8933181762695,0
33.8849105834961,0
41.4956207275391,0
51.786205291748,0
62.7477874755859,0
73.05859375,0
84.5279235839844,0
100.097290039062,0
119.928520202637,0
141.198120117188,0
161.455749511719,0
180.095443725586,0
196.136566162109,0
206.789505004883,0
209.866592407227,0
206.614334106445,0
200.606552124023,0
194.149032592773,0
186.911804199219,0
177.787658691406,0
166.72282409668,0
154.476547241211,0
141.760894775391,0
129.308807373047,0
118.0556640625,0
108.399925231934,0
99.5293884277344,0
90.1736068725586,0
80.0474166870117,0
70.1268997192383,0
61.5127258300781,0
54.3921737670898,0
48.0698776245117,0
41.5447273254395,0
33.9757347106934,0
25.1285190582275,0
15.7707223892212,0
7.34507369995117,0
0.753490447998047,0
-4.57486009597778,0
-10.0829401016235,0
-16.4109649658203,0
-22.5129852294922,0
-26.6852474212646,0
-28.4996528625488,0
-29.5180187225342,0
-31.8800735473633,0
-36.2130165100098,0
-41.1358909606934,0
-44.7707443237305,0
-46.344783782959,0
-46.2558097839355,0
-45.3226585388184,0
-44.6614646911621,0
-45.7362365722656,0
-49.2603797912598,0
-53.8212738037109,0
-56.6415939331055,0
-56.3207473754883,0
-54.2020263671875,0
-52.569465637207,0
-52.2281303405762,0
-52.5093955993652,0
-52.8669548034668,0
-53.3188133239746,0
-53.5818138122559,0
-52.9265556335449,0
-51.130973815918,0
-48.869441986084,0
-46.9330902099609,0
-45.5430717468262,0
-44.5262756347656,0
-43.6996917724609,0
-42.9575843811035,0
-42.3200531005859,0
-41.9451026916504,0
-41.8597602844238,0
-41.8366203308105,0
-41.8764152526855,0
-42.5770454406738,0
-44.5142593383789,0
-47.3588600158691,0
-50.0535202026367,0
-51.7498779296875,0
-52.1973037719727,0
-51.5133743286133,0
-50.1771545410156,0
-49.0486602783203,0
-48.7187538146973,0
-48.9110374450684,0
-49.0944328308105,0
-49.4562568664551,0
-50.465030670166,0
-51.6142501831055,0
-51.6980781555176,0
-50.6633338928223,0
-50.2077674865723,0
-51.7915725708008,0
-54.6050682067871,0
-56.3964157104492,0
-56.2644119262695,0
-55.8560104370117,0
-57.3731384277344,0
-60.7792816162109,0
-63.6302490234375,0
-63.6929931640625,0
-60.9835014343262,0
-56.8237724304199,0
-51.8562507629395,0
-46.2256355285645,0
-41.1418838500977,0
-38.3405609130859,0
-37.6713218688965,0
-37.1461906433105,0
-36.3336486816406,0
-37.832691192627,0
-43.6721153259277,0
-51.6422424316406,0
-57.3571624755859,0
-59.1954917907715,0
-59.0269546508789,0
-58.5749206542969,0
-57.6174240112305,0
-55.9467620849609,0
-54.5026969909668,0
-53.5674591064453,0
-51.8730583190918,0
-48.7405242919922,0
-45.4867057800293,0
-43.4239540100098,0
-41.8855781555176,0
-39.6166381835938,0
-36.8131980895996,0
-34.182014465332,0
-31.1494197845459,0
-27.0179996490479,0
-23.2167377471924,0
-22.1537189483643,0
-23.8000106811523,0
-25.4297370910645,0
-25.1923179626465,0
-24.1129493713379,0
-23.7286224365234,0
-23.4019889831543,0
-21.3864498138428,0
-17.5399303436279,0
-13.4421014785767,0
-10.2718982696533,0
-8.00948143005371,0
-6.60466527938843,0
-6.40120649337769,0
-6.91182804107666,0
-6.3607234954834,0
-3.31926608085632,0
1.79391670227051,0
7.44011402130127,0
12.4573774337769,0
16.0266094207764,0
16.9735565185547,0
14.6210145950317,0
10.2703914642334,0
6.39733409881592,0
3.9934504032135,0
1.85801041126251,0
-1.16152441501617,0
-4.70894336700439,0
-8.4725399017334,0
-13.6133813858032,0
-21.1231498718262,0
-29.8333568572998,0
-37.7977828979492,0
-44.8403282165527,0
-51.6684341430664,0
-56.9901428222656,0
-58.2134170532227,0
-55.53955078125,0
-52.8237190246582,0
-52.9715232849121,0
-54.4458427429199,0
-54.1904449462891,0
-52.5170974731445,0
-52.6232070922852,0
-55.7275161743164,0
-59.196590423584,0
-60.1443786621094,0
-58.9737205505371,0
-57.9791831970215,0
-57.517578125,0
-55.3642234802246,0
-49.9789047241211,0
-42.9418334960938,0
-37.1457023620605,0
-33.2133750915527,0
-28.9252624511719,0
-22.2251091003418,0
-13.7147521972656,0
-5.80622339248657,0
-0.342194437980652,0
2.44179153442383,0
3.5658016204834,0
4.65268659591675,0
6.70392465591431,0
8.67196273803711,0
8.2163724899292,0
4.8700475692749,0
1.29567897319794,0
0.00847883149981499,0
0.0379504710435867,0
-1.30345606803894,0
-4.42669439315796,0
-7.62808418273926,0
-10.443434715271,0
-13.8607721328735,0
-17.242862701416,0
-18.2375144958496,0
-16.6184844970703,0
-15.4055185317993,0
-16.8072204589844,0
-19.3551979064941,0
-20.4747734069824,0
-19.7411460876465,0
-18.0165214538574,0
-15.4900674819946,0
-12.6284866333008,0
-11.3676433563232,0
-12.9672288894653,0
-15.6067953109741,0
-16.2114105224609,0
-14.100905418396,0
-11.0659885406494,0
-8.3776969909668,0
-5.58633041381836,0
-2.21399164199829,0
0.940227687358856,0
2.6002459526062,0
2.41792750358582,0
1.46716821193695,0
1.50224041938782,0
3.25096225738525,0
5.38557529449463,0
6.18704319000244,0
6.37048578262329,0
8.67455577850342,0
14.0197458267212,0
19.9268589019775,0
23.9511756896973,0
26.8008213043213,0
30.2510757446289,0
33.7103233337402,0
35.3515396118164,0
35.4885215759277,0
35.9542236328125,0
36.5813293457031,0
35.2326812744141,0
31.4780864715576,0
27.365629196167,0
23.86350440979,0
19.3851623535156,0
13.2179737091064,0
7.80034399032593,0
5.43804931640625,0
4.70827674865723,0
2.70868539810181,0
-0.397292107343674,0
-1.93856573104858,0
-1.24299144744873,0
-0.521438419818878,0
-0.979870080947876,0
-1.04985511302948,0
0.347118616104126,0
1.38624107837677,0
0.051058080047369,0
-2.73676323890686,0
-4.92418479919434,0
-6.79385709762573,0
-10.0992956161499,0
-14.6323127746582,0
-18.3912696838379,0
-21.0025997161865,0
-24.3930549621582,0
-29.6899490356445,0
-35.6485824584961,0
-40.6478996276855,0
-44.2597770690918,0
-46.4334564208984,0
-47.2956504821777,0
-48.380184173584,0
-51.776969909668,0
-57.1182632446289,0
-61.5784072875977,0
-63.8172645568848,0
-65.4720458984375,0
-67.4927444458008,0
-67.8777770996094,0
-65.2068023681641,0
-61.8024673461914,0
-60.5556335449219,0
-60.7278251647949,0
-60.0417861938477,0
-59.041130065918,0
-59.5734329223633,0
-60.1651344299316,0
-57.1981010437012,0
-50.5978622436523,0
-44.3914604187012,0
-41.1137657165527,0
-39.278076171875,0
-37.1483764648438,0
-35.3880577087402,0
-34.6487503051758,0
-33.8923225402832,0
-32.8562850952148,0
-33.2148361206055,0
-35.3703918457031,0
-36.8812294006348,0
-36.2308006286621,0
-35.4680023193359,0
-36.5547256469727,0
-37.6191940307617,0
-35.9711685180664,0
-32.8117904663086,0
-31.3839435577393,0
-31.8206901550293,0
-31.6529388427734,0
-30.7351913452148,0
-31.5729446411133,0
-34.3853302001953,0
-35.655948638916,0
-32.9457778930664,0
-28.1930770874023,0
-24.6135406494141,0
-22.7336254119873,0
-21.3425750732422,0
-20.4352245330811,0
-21.0074691772461,0
-22.9517650604248,0
-25.0302448272705,0
-26.4514942169189,0
-27.1692581176758,0
-27.1830997467041,0
-26.7655391693115,0
-26.8707103729248,0
-28.0840358734131,0
-29.4718704223633,0
-29.5447673797607,0
-28.0600681304932,0
-25.7822494506836,0
-22.7406044006348,0
-18.1047782897949,0
-12.0416650772095,0
-6.48920345306396,0
-3.3578987121582,0
-2.60125923156738,0
-2.73215293884277,0
-2.81408262252808,0
-3.18247437477112,0
-4.36885547637939,0
-6.23245763778687,0
-8.53620624542236,0
-11.6654758453369,0
-15.9478788375854,0
-20.5215148925781,0
-23.8651905059814,0
-25.6458988189697,0
-27.1072158813477,0
-29.1071891784668,0
-30.6550388336182,0
-30.3419380187988,0
-28.6682205200195,0
-27.7466144561768,0
-28.7399559020996,0
-30.6828193664551,0
-32.1243095397949,0
-33.0129508972168,0
-34.3148231506348,0
-36.2309951782227,0
-37.5424499511719,0
-36.9444732666016,0
-34.8236923217773,0
-33.3158531188965,0
-34.2228698730469,0
-36.9998207092285,0
-39.3919944763184,0
-40.091064453125,0
-39.9651107788086,0
-40.4815216064453,0
-42.0146255493164,0
-44.2595443725586,0
-47.0038642883301,0
-49.3658561706543,0
-49.5321617126465,0
-47.0590972900391,0
-44.7357063293457,0
-46.1047630310059,0
-51.1941375732422,0
-56.5287208557129,0
-59.4655914306641,0
-60.6775016784668,0
-62.0557441711426,0
-64.1322555541992,0
-66.3662490844727,0
-68.2637710571289,0
-69.170295715332,0
-68.3552474975586,0
-66.3362350463867,0
-64.8009567260742,0
-64.1396179199219,0
-62.4596786499023,0
-58.4692268371582,0
-54.0775260925293,0
-52.3292655944824,0
-53.5887985229492,0
-55.670295715332,0
-57.1981925964355,0
-58.7308692932129,0
-60.656810760498,0
-62.2326698303223,0
-63.2902603149414,0
-64.8688583374023,0
-67.0334091186523,0
-67.7355499267578,0
-65.4201507568359,0
-61.6371192932129,0
-59.2730407714844,0
-58.8173675537109,0
-58.2940444946289,0
-56.6971778869629,0
-55.3315162658691,0
-55.1748352050781,0
-54.9795532226562,0
-53.3809089660645,0
-51.360668182373,0
-50.7952880859375,0
-51.5794105529785,0
-52.3350219726562,0
-53.4454956054688,0
-56.8240280151367,0
-62.2933120727539,0
-66.6779327392578,0
-67.7106781005859,0
-66.8765029907227,0
-66.8090591430664,0
-67.5342483520508,0
-67.3300628662109,0
-66.1133651733398,0
-65.4979400634766,0
-65.8273391723633,0
-65.4798126220703,0
-63.377269744873,0
-60.2063026428223,0
-56.6615715026855,0
-52.3600273132324,0
-47.419261932373,0
-43.5688858032227,0
-42.4563369750977,0
-43.840648651123,0
-46.5542869567871,0
-50.3369522094727,0
-55.4008483886719,0
-60.7534255981445,0
-64.4300842285156,0
-65.4607315063477,0
-64.5738830566406,0
-62.8604431152344,0
-60.7291679382324,0
-58.4505615234375,0
-56.7002754211426,0
-55.7346611022949,0
-54.4754791259766,0
-51.2825775146484,0
-45.7592811584473,0
-39.380916595459,0
-34.2170104980469,0
-31.1831493377686,0
-29.4133930206299,0
-27.0484256744385,0
-22.7707958221436,0
-16.9810256958008,0
-11.4363470077515,0
-7.38328170776367,0
-4.25201368331909,0
-0.789307177066803,0
2.7817816734314,0
4.81063795089722,0
4.53570985794067,0
3.03916382789612,0
1.30318593978882,0
-1.28291964530945,0
-5.27793264389038,0
-9.23152923583984,0
-11.1239261627197,0
-11.2047424316406,0
-11.6209554672241,0
-13.409234046936,0
-15.5646381378174,0
-16.9956665039062,0
-17.4492340087891,0
-16.2637119293213,0
-12.4675931930542,0
-7.19263648986816,0
-4.09081315994263,0
-5.68418407440186,0
-10.4016208648682,0
-14.7343492507935,0
-17.4215412139893,0
-19.8839454650879,0
-23.1530513763428,0
-26.2934989929199,0
-28.0722179412842,0
-28.7338352203369,0
-29.4873542785645,0
-30.9611740112305,0
-32.5905838012695,0
-33.113712310791,0
-31.5285739898682,0
-28.0376815795898,0
-24.2568359375,0
-22.1393013000488,0
-22.4181518554688,0
-24.1246643066406,0
-25.584939956665,0
-25.7810668945312,0
-24.8811454772949,0
-23.7324981689453,0
-22.9956512451172,0
-22.7661323547363,0
-22.8020648956299,0
-22.6259250640869,0
-21.2734489440918,0
-17.7199020385742,0
-12.313796043396,0
-7.21779251098633,0
-4.29235506057739,0
-2.77695894241333,0
-0.308415114879608,0
3.86144948005676,0
8.13832378387451,0
11.1844854354858,0
13.4450101852417,0
15.435037612915,0
16.3959674835205,0
15.9931440353394,0
15.7832612991333,0
17.1520538330078,0
18.7844295501709,0
18.1857357025146,0
15.2796220779419,0
12.5704374313354,0
11.7453203201294,0
11.8816652297974,0
11.3896255493164,0
10.2205104827881,0
9.40900039672852,0
9.38973999023438,0
9.55512046813965,0
9.14243221282959,0
8.20978450775146,0
7.82432174682617,0
9.03577995300293,0
11.2962207794189,0
12.3981285095215,0
10.7498998641968,0
7.36240482330322,0
4.74818515777588,0
4.22517204284668,0
5.27584409713745,0
7.12009382247925,0
9.49509239196777,0
11.8620195388794,0
13.2954034805298,0
13.6919841766357,0
14.1095514297485,0
15.3964138031006,0
17.1664390563965,0
18.4134387969971,0
18.4576568603516,0
17.1066455841064,0
14.6462173461914,0
11.9122266769409,0
9.65906715393066,0
7.60803127288818,0
4.71819877624512,0
0.499737292528152,0
-4.58521604537964,0
-10.0171508789062,0
-15.7000684738159,0
-21.4480514526367,0
-26.7682876586914,0
-31.2904815673828,0
-34.8022384643555,0
-37.0448226928711,0
-38.3459701538086,0
-40.1507530212402,0
-43.5845375061035,0
-47.4482650756836,0
-49.1014823913574,0
-47.712646484375,0
-45.2451782226562,0
-43.6568183898926,0
-42.5109100341797,0
-40.2448539733887,0
-36.6001358032227,0
-32.6219863891602,0
-29.0253391265869,0
-25.716911315918,0
-22.527774810791,0
-19.4891223907471,0
-16.6518096923828,0
-14.3708572387695,0
-13.4793224334717,0
-14.3620319366455,0
-15.8251447677612,0
-15.5025320053101,0
-11.7841062545776,0
-5.43344211578369,0
0.763118863105774,0
4.3037543296814,0
5.2345404624939,0
5.79831457138062,0
7.49500560760498,0
9.1711540222168,0
8.93664836883545,0
7.40893316268921,0
7.56930875778198,0
11.2380447387695,0
16.912410736084,0
21.4838638305664,0
23.1741676330566,0
22.5123348236084,0
21.3918876647949,0
21.5811595916748,0
23.3935813903809,0
25.4682846069336,0
26.356143951416,0
26.1378517150879,0
25.5964488983154,0
24.2081413269043,0
20.5721187591553,0
14.9206514358521,0
9.34560871124268,0
4.89520454406738,0
0.228156968951225,0
-5.84699630737305,0
-12.2582540512085,0
-17.5977840423584,0
-22.6175346374512,0
-28.7324104309082,0
-35.0078315734863,0
-39.0361442565918,0
-40.5719680786133,0
-41.8760719299316,0
-44.0060081481934,0
-45.1066474914551,0
-43.6685371398926,0
-41.6243667602539,0
-42.1373062133789,0
-45.0746383666992,0
-46.7594604492188,0
-44.3640365600586,0
-38.9041442871094,0
-33.2960929870605,0
-28.7912254333496,0
-24.4189319610596,0
-19.2468395233154,0
-13.9566202163696,0
-10.1119985580444,0
-8.54929065704346,0
-8.63379955291748,0
-8.7661304473877,0
-7.64523649215698,0
-5.30599451065063,0
-2.80169081687927,0
-0.659011244773865,0
2.0085756778717,0
6.40466976165771,0
12.3226432800293,0
18.039587020874,0
21.8219680786133,0
23.1209621429443,0
22.4695510864258,0
20.7060012817383,0
18.2344932556152,0
14.7447814941406,0
9.91266536712646,0
4.58884000778198,0
0.562832593917847,0
-1.52476561069489,0
-3.2304413318634,0
-6.13934993743896,0
-9.32631683349609,0
-10.604076385498,0
-10.0641393661499,0
-10.4215641021729,0
-13.3096895217896,0
-16.9379501342773,0
-18.4716873168945,0
-17.5643844604492,0
-16.4270420074463,0
-17.2099361419678,0
-20.3577728271484,0
-24.9631767272949,0
-29.7086734771729,0
-33.6706161499023,0
-36.8578491210938,0
-39.8080024719238,0
-42.4838752746582,0
-44.2743492126465,0
-45.435489654541,0
-47.4522552490234,0
-51.0090179443359,0
-54.4619560241699,0
-55.7613220214844,0
-55.655632019043,0
-57.5101280212402,0
-63.4597434997559,0
-71.7237243652344,0
-78.5293884277344,0
-82.2411804199219,0
-84.6732864379883,0
-88.2641067504883,0
-92.994384765625,0
-97.0200347900391,0
-99.702751159668,0
-102.262054443359,0
-105.060852050781,0
-106.231101989746,0
-104.51091003418,0
-101.87720489502,0
-101.037223815918,0
-101.228149414062,0
-99.3684921264648,0
-95.2116775512695,0
-92.1057281494141,0
-91.7550888061523,0
-91.3527679443359,0
-87.7525939941406,0
-81.9375,0
-76.9642562866211,0
-73.4468307495117,0
-69.8823776245117,0
-66.2347717285156,0
-64.251838684082,0
-64.5630645751953,0
-65.9080810546875,0
-67.1814422607422,0
-68.1822280883789,0
-68.4552993774414,0
-67.4589462280273,0
-65.9444198608398,0
-65.2343292236328,0
-65.0371551513672,0
-63.8956298828125,0
-61.9009666442871,0
-60.8501129150391,0
-61.3421211242676,0
-61.8583068847656,0
-61.3098793029785,0
-60.265251159668,0
-58.7414131164551,0
-55.163646697998,0
-49.1277503967285,0
-43.1515731811523,0
-39.5835151672363,0
-37.3022270202637,0
-33.8163986206055,0
-29.4749736785889,0
-26.8283863067627,0
-26.2201042175293,0
-24.9385166168213,0
-21.3466911315918,0
-17.3916530609131,0
-15.7718925476074,0
-16.4469928741455,0
-17.5474452972412,0
-18.5714111328125,0
-20.9189128875732,0
-25.6131496429443,0
-31.8888568878174,0
-38.0821876525879,0
-42.9181442260742,0
-45.7651252746582,0
-46.4714164733887,0
-45.466236114502,0
-43.7560653686523,0
-42.4183044433594,0
-41.8532676696777,0
-41.3472099304199,0
-39.4750518798828,0
-35.3944091796875,0
-29.9332256317139,0
-25.017333984375,0
-21.7879180908203,0
-19.6271514892578,0
-17.1556606292725,0
-13.5455913543701,0
-8.50616073608398,0
-1.88979756832123,0
5.63549423217773,0
12.0007858276367,0
15.2304439544678,0
15.8091955184937,0
16.4780750274658,0
19.0894546508789,0
22.465856552124,0
24.0958042144775,0
23.2677326202393,0
21.4736442565918,0
20.0036506652832,0
18.4058418273926,0
15.6823225021362,0
11.9818983078003,0
8.28173828125,0
4.89622592926025,0
1.17477536201477,0
-3.42892622947693,0
-8.6880989074707,0
-14.020450592041,0
-18.9746150970459,0
-23.2428951263428,0
-26.8118953704834,0
-30.307918548584,0
-34.6494598388672,0
-40.0564308166504,0
-45.8271636962891,0
-51.3591041564941,0
-56.9068489074707,0
-62.9030838012695,0
-68.8993453979492,0
-73.7433242797852,0
-76.7348098754883,0
-78.190055847168,0
-78.8237609863281,0
-78.9207611083984,0
-78.3931427001953,0
-77.5758361816406,0
-77.4569396972656,0
-78.5147857666016,0
-79.4777526855469,0
-78.3003540039062,0
-74.8828277587891,0
-71.7184448242188,0
-70.7536239624023,0
-70.6498031616211,0
-68.9482879638672,0
-66.2555313110352,0
-65.6952972412109,0
-67.8889236450195,0
-69.2601470947266,0
-66.8257904052734,0
-62.4475059509277,0
-60.1211967468262,0
-60.5009880065918,0
-60.5978889465332,0
-58.154655456543,0
-53.7575149536133,0
-48.7014389038086,0
-43.2463226318359,0
-37.6181869506836,0
-32.7233047485352,0
-28.8383102416992,0
-24.986213684082,0
-20.5525169372559,0
-16.3555145263672,0
-13.1898193359375,0
-10.3640279769897,0
-6.72088003158569,0
-2.26405787467957,0
2.25468683242798,0
6.55784940719604,0
10.4494466781616,0
12.8762283325195,0
12.8837728500366,0
11.3302640914917,0
10.2541837692261,0
10.4550371170044,0
10.9666757583618,0
11.0412158966064,0
11.128547668457,0
11.317551612854,0
10.3887405395508,0
7.69410276412964,0
4.87317752838135,0
4.03851413726807,0
4.736168384552,0
4.40786933898926,0
1.86796617507935,0
-1.34357357025146,0
-3.47684621810913,0
-4.77568006515503,0
-6.15995264053345,0
-7.09635162353516,0
-6.48155546188354,0
-5.1111307144165,0
-5.44138193130493,0
-8.49538040161133,0
-12.3043041229248,0
-14.2066040039062,0
-13.9067802429199,0
-13.3302373886108,0
-13.8070602416992,0
-14.4348087310791,0
-13.4927663803101,0
-10.7443418502808,0
-7.68178367614746,0
-5.75696992874146,0
-5.151526927948,0
-5.43896532058716,0
-6.54631519317627,0
-8.17820930480957,0
-8.76215648651123,0
-6.33529090881348,0
-0.895623922348022,0
5.15341424942017,0
9.60369777679443,0
12.6705541610718,0
15.7674980163574,0
18.9166488647461,0
20.8655738830566,0
21.5318355560303,0
22.6263408660889,0
25.2646255493164,0
28.2153491973877,0
29.4594898223877,0
28.7464942932129,0
27.6138305664062,0
27.1534976959229,0
26.576379776001,0
24.0650997161865,0
18.6491966247559,0
11.1382331848145,0
3.25389122962952,0
-4.1720929145813,0
-11.8222818374634,0
-20.3205738067627,0
-28.5334968566895,0
-34.494083404541,0
-37.8817939758301,0
-40.2082366943359,0
-42.2485694885254,0
-42.8527984619141,0
-41.1679534912109,0
-38.5747909545898,0
-37.0047378540039,0
-36.3556480407715,0
-35.1968841552734,0
-33.4192123413086,0
-32.4648056030273,0
-33.0112075805664,0
-33.8048362731934,0
-32.8810005187988,0
-29.0521202087402,0
-22.5987091064453,0
-15.6560182571411,0
-11.3748092651367,0
-11.0593156814575,0
-12.2936105728149,0
-11.5000333786011,0
-8.20533561706543,0
-4.97540187835693,0
-3.25139737129211,0
-1.62972843647003,0
1.18421983718872,0
4.2378191947937,0
6.480881690979,0
8.8534107208252,0
12.3151664733887,0
15.4553213119507,0
16.2882385253906,0
15.3772134780884,0
15.0108242034912,0
16.0543766021729,0
17.8124485015869,0
20.3115272521973,0
23.9932041168213,0
27.1096496582031,0
26.2925052642822,0
20.7855434417725,0
13.995849609375,0
9.58654975891113,0
7.73207998275757,0
6.47649526596069,0
4.98534345626831,0
3.55544090270996,0
1.67803978919983,0
-1.59056758880615,0
-5.6716136932373,0
-8.86556339263916,0
-10.8268594741821,0
-13.052788734436,0
-16.6911106109619,0
-21.2944984436035,0
-26.0440502166748,0
-30.71067237854,0
-34.757152557373,0
-36.8792152404785,0
-36.582649230957,0
-35.4203453063965,0
-35.550235748291,0
-37.4344673156738,0
-39.7617988586426,0
-41.2103424072266,0
-41.414119720459,0
-40.5281410217285,0
-38.8547019958496,0
-36.9100608825684,0
-35.0364723205566,0
-32.7975845336914,0
-29.3347721099854,0
-24.3862705230713,0
-18.4959106445312,0
-12.3698234558105,0
-6.63068962097168,0
-1.93766629695892,0
1.57452523708344,0
4.86523628234863,0
8.89584922790527,0
12.9232587814331,0
15.2225303649902,0
15.883825302124,0
17.379093170166,0
21.4377040863037,0
26.7143859863281,0
30.8541984558105,0
33.7053146362305,0
36.7285118103027,0
39.8933258056641,0
41.1721534729004,0
39.2563667297363,0
35.3024101257324,0
31.7308731079102,0
30.3104133605957,0
31.2533760070801,0
32.9500045776367,0
32.8228416442871,0
29.9496803283691,0
26.6784763336182,0
25.8939609527588,0
26.827299118042,0
25.9270153045654,0
22.2905673980713,0
19.406888961792,0
19.99485206604,0
21.6939125061035,0
20.4247760772705,0
16.2709865570068,0
12.8880529403687,0
11.8084602355957,0
10.6927804946899,0
7.65960073471069,0
4.23211097717285,0
2.43884539604187,0
1.33655071258545,0
-1.32088577747345,0
-5.32269668579102,0
-8.47572803497314,0
-10.4246578216553,0
-13.3374547958374,0
-18.0837650299072,0
-22.0197010040283,0
-22.2406558990479,0
-19.6068553924561,0
-17.4928398132324,0
-17.1945114135742,0
-16.6896800994873,0
-13.9048309326172,0
-9.18486309051514,0
-4.16729974746704,0
-0.141995623707771,0
1.88760435581207,0
1.60705018043518,0
0.950648784637451,0
3.2367730140686,0
9.16315841674805,0
15.4228715896606,0
19.1001586914062,0
21.6109848022461,0
25.8710384368896,0
31.1952419281006,0
34.2466506958008,0
34.2673454284668,0
33.8997802734375,0
34.8487167358398,0
36.2747535705566,0
38.2200584411621,0
43.0560150146484,0
51.6194801330566,0
60.5651626586914,0
65.8994216918945,0
67.5085067749023,0
68.1870880126953,0
69.6069030761719,0
71.378303527832,0
73.1005935668945,0
75.0468521118164,0
76.9570541381836,0
77.8548812866211,0
77.2370223999023,0
75.420280456543,0
72.7523574829102,0
69.2459335327148,0
64.7656326293945,0
58.9359092712402,0
51.3281936645508,0
42.5145797729492,0
34.4674491882324,0
28.9998111724854,0
26.0265579223633,0
24.048059463501,0
22.0249538421631,0
20.0600242614746,0
18.5259914398193,0
17.313440322876,0
15.9596738815308,0
14.1245584487915,0
12.0138778686523,0
10.4048719406128,0
9.84419536590576,0
9.85081100463867,0
9.6789665222168,0
9.79999732971191,0
11.2628841400146,0
13.2351207733154,0
12.9712266921997,0
9.39117336273193,0
5.07669401168823,0
3.0114541053772,0
2.69221234321594,0
1.60977482795715,0
-0.550499677658081,0
-2.02068400382996,0
-2.83825135231018,0
-5.33096408843994,0
-9.93202781677246,0
-13.4432573318481,0
-13.1223335266113,0
-10.3525495529175,0
-8.41078567504883,0
-8.28479194641113,0
-8.66002941131592,0
-8.63854217529297,0
-8.22794723510742,0
-7.00157833099365,0
-4.49072933197021,0
-1.5273095369339,0
0.624338090419769,0
1.98128485679626,0
2.88363647460938,0
2.08945894241333,0
-1.70335853099823,0
-6.68352317810059,0
-9.04842090606689,0
-7.85476922988892,0
-6.33896207809448,0
-7.5611572265625,0
-10.9048728942871,0
-13.8505382537842,0
-15.0107173919678,0
-14.0701913833618,0
-10.764946937561,0
-5.67522573471069,0
-0.502436339855194,0
4.06993722915649,0
9.32794284820557,0
15.7162809371948,0
20.7592945098877,0
22.0387401580811,0
20.9755592346191,0
21.0115089416504,0
22.6755981445312,0
23.1837844848633,0
20.8782329559326,0
17.3449192047119,0
14.5008115768433,0
12.0526647567749,0
9.18323135375977,0
6.90098905563354,0
6.87423801422119,0
8.80856418609619,0
10.6832590103149,0
11.4281425476074,0
12.1036529541016,0
14.3429155349731,0
18.6789169311523,0
24.693675994873,0
31.7299022674561,0
38.5761489868164,0
43.211254119873,0
44.4028434753418,0
43.7602081298828,0
44.7573699951172,0
48.8503913879395,0
53.6739311218262,0
56.2429428100586,0
56.855598449707,0
58.0338096618652,0
60.3143005371094,0
61.5604858398438,0
60.7158164978027,0
59.7975807189941,0
61.0356788635254,0
63.9145355224609,0
66.4165573120117,0
67.5973281860352,0
67.3525466918945,0
65.0706405639648,0
60.5289306640625,0
55.2699699401855,0
51.1194114685059,0
47.8869781494141,0
44.4058418273926,0
41.2458915710449,0
40.0287017822266,0
40.0828018188477,0
38.3633079528809,0
33.5597953796387,0
28.1781311035156,0
25.2869300842285,0
24.8837947845459,0
24.9549999237061,0
24.6955089569092,0
24.7544689178467,0
25.0523891448975,0
24.3682250976562,0
22.1358757019043,0
19.1967849731445,0
16.5912075042725,0
14.7246980667114,0
13.8317079544067,0
14.1363487243652,0
15.2929391860962,0
16.6415462493896,0
18.2803344726562,0
20.9113159179688,0
24.2854251861572,0
26.8495101928711,0
27.578483581543,0
27.3202781677246,0
27.5868854522705,0
28.7349071502686,0
30.2107219696045,0
31.9502391815186,0
34.315860748291,0
36.8275451660156,0
38.2418098449707,0
38.2543258666992,0
38.1147117614746,0
38.8887596130371,0
39.8635444641113,0
39.6301193237305,0
38.3474884033203,0
37.6930618286133,0
38.3617706298828,0
38.8648643493652,0
37.686882019043,0
35.676929473877,0
34.8144798278809,0
34.9521598815918,0
33.6505966186523,0
29.7668647766113,0
25.4221591949463,0
23.1124629974365,0
22.2846851348877,0
20.7120876312256,0
18.4317455291748,0
17.8770523071289,0
20.0303955078125,0
22.9616508483887,0
25.1923274993896,0
28.2907295227051,0
34.2616958618164,0
41.8657150268555,0
47.9268989562988,0
51.7579040527344,0
55.8579444885254,0
61.875358581543,0
68.0016174316406,0
71.4594345092773,0
72.1468200683594,0
72.4772872924805,0
74.3941879272461,0
77.7637557983398,0
81.2338027954102,0
83.4574661254883,0
83.6158981323242,0
81.8837585449219,0
79.6167907714844,0
78.2926864624023,0
78.0177612304688,0
77.6543197631836,0
76.4922561645508,0
75.034782409668,0
73.8834228515625,0
72.6873779296875,0
70.8710021972656,0
68.9305114746094,0
68.1877975463867,0
69.1681747436523,0
70.6682434082031,0
70.718376159668,0
68.5118255615234,0
65.3169708251953,0
63.2841186523438,0
63.3184471130371,0
64.5486373901367,0
66.0487899780273,0
68.2018203735352,0
71.5033569335938,0
74.8212127685547,0
76.3589935302734,0
76.0721893310547,0
75.464714050293,0
75.0347290039062,0
73.9451065063477,0
72.6464080810547,0
73.4757080078125,0
77.3322372436523,0
81.7405319213867,0
84.017333984375,0
84.8550567626953,0
86.7938842773438,0
90.298957824707,0
93.427864074707,0
94.6176071166992,0
93.8903732299805,0
91.9780731201172,0
90.1116714477539,0
90.0353164672852,0
92.3604278564453,0
95.4456176757812,0
97.543342590332,0
99.1379699707031,0
101.314910888672,0
103.125907897949,0
103.157852172852,0
102.63060760498,0
103.830879211426,0
106.123405456543,0
106.872146606445,0
105.971870422363,0
105.765007019043,0
106.371406555176,0
105.15478515625,0
101.618545532227,0
98.7106857299805,0
97.7888870239258,0
96.3095245361328,0
92.6269989013672,0
89.271728515625,0
88.7659606933594,0
89.7147903442383,0
90.2446670532227,0
91.9500045776367,0
96.3899230957031,0
100.433982849121,0
99.8809051513672,0
96.0194625854492,0
93.69873046875,0
93.8395919799805,0
92.9700393676758,0
90.0531387329102,0
88.4113998413086,0
89.7454071044922,0
91.197868347168,0
90.4426040649414,0
89.3571090698242,0
89.9152526855469,0
90.256462097168,0
88.3408279418945,0
86.5812225341797,0
88.8596038818359,0
94.690299987793,0
100.021209716797,0
102.574768066406,0
102.889923095703,0
101.212059020996,0
97.383186340332,0
93.5951690673828,0
93.2889022827148,0
96.574348449707,0
99.8568572998047,0
100.701522827148,0
100.19775390625,0
99.9452133178711,0
99.8600234985352,0
99.9329528808594,0
100.965324401855,0
102.142990112305,0
100.922775268555,0
97.0338363647461,0
93.6078872680664,0
92.3345489501953,0
90.6051712036133,0
86.1339111328125,0
81.4101257324219,0
79.9737091064453,0
80.5815963745117,0
79.276741027832,0
75.8718414306641,0
73.8750610351562,0
74.2844696044922,0
73.9217529296875,0
70.8278427124023,0
67.5212326049805,0
67.153678894043,0
69.1405944824219,0
70.5382766723633,0
70.0349807739258,0
68.9266128540039,0
69.1581726074219,0
71.4876861572266,0
74.8918228149414,0
77.3786010742188,0
78.2335357666016,0
79.3710632324219,0
83.1144332885742,0
88.8118743896484,0
93.5440139770508,0
96.2998733520508,0
99.1516723632812,0
103.548599243164,0
107.779037475586,0
109.604187011719,0
109.620643615723,0
110.187271118164,0
112.110389709473,0
114.053108215332,0
114.554153442383,0
113.263244628906,0
110.640808105469,0
107.441040039062,0
104.006019592285,0
99.4456253051758,0
92.4455642700195,0
83.588264465332,0
75.5275955200195,0
69.6813507080078,0
64.1259002685547,0
56.3998413085938,0
47.1343803405762,0
38.7829780578613,0
31.6998672485352,0
24.1363582611084,0
15.9094152450562,0
9.2188196182251,0
5.09477472305298,0
1.49783325195312,0
-3.70320510864258,0
-9.74156665802002,0
-14.5714836120605,0
-18.1220149993896,0
-22.0564632415771,0
-26.9074039459229,0
-31.2202301025391,0
-33.5939483642578,0
-34.2668724060059,0
-34.3395881652832,0
-34.3266334533691,0
-33.986701965332,0
-33.0988426208496,0
-31.8234100341797,0
-30.2812232971191,0
-28.1155452728271,0
-24.7048015594482,0
-19.685396194458,0
-13.0240249633789,0
-4.86383485794067,0
3.95707941055298,0
11.3034906387329,0
14.9954271316528,0
15.4927291870117,0
16.2315101623535,0
19.9491443634033,0
25.365650177002,0
28.9669342041016,0
29.4693508148193,0
28.6744804382324,0
28.2138633728027,0
27.761194229126,0
26.9500637054443,0
26.7903156280518,0
27.8601150512695,0
28.6748218536377,0
27.370964050293,0
24.0399723052979,0
20.0974349975586,0
16.178050994873,0
12.0038642883301,0
7.74742984771729,0
4.1276330947876,0
1.30527877807617,0
-1.24607586860657,0
-3.82591605186462,0
-6.29754781723022,0
-8.69034957885742,0
-11.2112531661987,0
-13.6666774749756,0
-15.6117734909058,0
-17.2126579284668,0
-19.333381652832,0
-22.3892440795898,0
-25.4037704467773,0
-26.7156295776367,0
-25.9259014129639,0
-24.9700031280518,0
-26.5798397064209,0
-31.2319355010986,0
-36.1460189819336,0
-38.083080291748,0
-36.8137741088867,0
-34.8886642456055,0
-34.2274131774902,0
-34.2413673400879,0
-33.5595741271973,0
-32.2554244995117,0
-31.488748550415,0
-31.6794509887695,0
-31.9128494262695,0
-30.9750671386719,0
-28.6091957092285,0
-25.903980255127,0
-24.3768844604492,0
-24.2240810394287,0
-23.7163105010986,0
-21.1239147186279,0
-16.9875564575195,0
-13.281156539917,0
-10.362193107605,0
-6.32790660858154,0
0.066674530506134,0
7.35820770263672,0
13.2486457824707,0
17.3830661773682,0
21.0246105194092,0
24.6664142608643,0
27.2161979675293,0
27.3501319885254,0
24.8201446533203,0
20.5344371795654,0
15.915825843811,0
12.0333490371704,0
8.98385810852051,0
6.28418016433716,0
3.90902423858643,0
2.3624382019043,0
1.5389631986618,0
0.281155854463577,0
-2.39846277236938,0
-6.09248971939087,0
-9.35980319976807,0
-10.9731702804565,0
-10.7378997802734,0
-9.65814113616943,0
-9.42012310028076,0
-11.0866050720215,0
-14.1575136184692,0
-17.4383773803711,0
-20.6579895019531,0
-24.3883152008057,0
-28.5889053344727,0
-32.4255332946777,0
-35.5069694519043,0
-37.9685287475586,0
-39.257625579834,0
-38.4353637695312,0
-36.0909461975098,0
-34.3219566345215,0
-34.1194534301758,0
-34.3062362670898,0
-33.8326873779297,0
-33.4297981262207,0
-33.8652687072754,0
-34.2349624633789,0
-33.5350227355957,0
-32.5501747131348,0
-32.4253349304199,0
-32.4712448120117,0
-31.2751235961914,0
-29.1336650848389,0
-27.4170169830322,0
-26.1713638305664,0
-24.4178314208984,0
-22.3459854125977,0
-20.9049472808838,0
-19.3165912628174,0
-15.4585456848145,0
-9.23723983764648,0
-3.39918184280396,0
-0.155584588646889,0
1.1618447303772,0
2.3177969455719,0
4.04866409301758,0
6.83675289154053,0
11.8129653930664,0
19.1904315948486,0
27.2907657623291,0
34.966178894043,0
43.885383605957,0
56.6221656799316,0
73.4169921875,0
92.6127014160156,0
113.299911499023,0
135.391479492188,0
157.816619873047,0
179.066421508789,0
199.193634033203,0
218.67333984375,0
235.108551025391,0
243.689270019531,0
241.78483581543,0
231.135269165039,0
214.992813110352,0
195.444793701172,0
174.413604736328,0
154.483520507812,0
136.519317626953,0
118.190567016602,0
97.1855773925781,0
74.9130477905273,0
54.9606666564941,0
38.6606330871582,0
24.3763694763184,0
10.8739557266235,0
-0.896644949913025,0
-9.90366649627686,0
-17.1133804321289,0
-24.3221340179443,0
-31.7335395812988,0
-37.7711601257324,0
-41.2271118164062,0
-42.898551940918,0
-44.6841735839844,0
-47.2672309875488,0
-49.3813514709473,0
-49.714427947998,0
-48.7369270324707,0
-47.6573791503906,0
-46.2490997314453,0
-43.4218521118164,0
-39.8206481933594,0
-37.6579933166504,0
-37.1982192993164,0
-35.5941314697266,0
-30.8668231964111,0
-25.2956199645996,0
-22.5097961425781,0
-22.1723308563232,0
-20.214656829834,0
-14.2986574172974,0
-6.44723701477051,0
0.525221168994904,0
6.82993936538696,0
14.182825088501,0
21.9757766723633,0
27.4369316101074,0
29.6165294647217,0
31.1600399017334,0
35.1455116271973,0
41.4710502624512,0
47.7709083557129,0
53.1185493469238,0
58.8511848449707,0
65.496826171875,0
70.8544921875,0
72.3678512573242,0
70.1272583007812,0
66.1198043823242,0
61.6733779907227,0
57.4975509643555,0
55.2235298156738,0
56.1440620422363,0
58.3774719238281,0
58.0296173095703,0
54.0182342529297,0
49.3899536132812,0
46.8228912353516,0
45.3668632507324,0
43.3772773742676,0
42.2435417175293,0
44.4959487915039,0
49.7410087585449,0
55.4480628967285,0
61.1091346740723,0
68.9161834716797,0
80.6356506347656,0
96.3651580810547,0
116.103912353516,0
139.589706420898,0
164.214126586914,0
186.117111206055,0
204.46305847168,0
221.938934326172,0
239.401092529297,0
252.449890136719,0
255.632034301758,0
248.4970703125,0
235.194931030273,0
219.194793701172,0
200.852874755859,0
179.658538818359,0
156.362380981445,0
132.510025024414,0
109.582344055176,0
88.9167709350586,0
71.0897064208984,0
55.1603012084961,0
39.746509552002,0
24.8537082672119,0
11.3450784683228,0
-1.12736427783966,0
-13.746280670166,0
-25.9328861236572,0
-35.3162841796875,0
-41.0430641174316,0
-44.9877166748047,0
-48.4989585876465,0
-50.1298980712891,0
-48.5030784606934,0
-45.5797729492188,0
-44.487548828125,0
-45.1290245056152,0
-44.6169509887695,0
-41.5411071777344,0
-37.0267677307129,0
-31.6159858703613,0
-24.1233768463135,0
-14.4478569030762,0
-4.85912036895752,0
2.98029065132141,0
10.1865930557251,0
18.2315235137939,0
26.2093391418457,0
32.5299835205078,0
37.8958473205566,0
44.2292213439941,0
51.4427490234375,0
57.713249206543,0
62.7039642333984,0
68.026252746582,0
74.126708984375,0
79.1513519287109,0
82.1214599609375,0
85.3049011230469,0
91.481803894043,0
99.7538909912109,0
106.055290222168,0
107.805328369141,0
106.47779083252,0
105.186157226562,0
105.091766357422,0
105.081504821777,0
104.087097167969,0
102.463050842285,0
101.193954467773,0
100.757705688477,0
101.090873718262,0
102.072555541992,0
103.618743896484,0
105.518333435059,0
107.42130279541,0
108.959312438965,0
109.986083984375,0
110.944580078125,0
112.835144042969,0
116.388717651367,0
121.340461730957,0
126.953887939453,0
133.069671630859,0
139.898254394531,0
146.778366088867,0
152.087829589844,0
154.860809326172,0
155.885589599609,0
156.673614501953,0
157.668258666992,0
157.874755859375,0
156.157577514648,0
152.764755249023,0
149.429656982422,0
147.381591796875,0
145.054901123047,0
139.019027709961,0
128.32341003418,0
116.611358642578,0
107.839904785156,0
100.93098449707,0
91.728645324707,0
79.9688568115234,0
70.3803787231445,0
65.7516403198242,0
62.871509552002,0
57.7931251525879,0
51.6952857971191,0
48.1010284423828,0
46.8647499084473,0
44.8779258728027,0
41.0701599121094,0
36.6855316162109,0
31.7281017303467,0
25.3413372039795,0
19.1961059570312,0
16.2132892608643,0
15.7967529296875,0
14.468653678894,0
11.7020435333252,0
10.8559007644653,0
13.2626132965088,0
15.6699380874634,0
15.3453750610352,0
13.7080278396606,0
12.5432758331299,0
10.4351177215576,0
6.10475826263428,0
2.05371975898743,0
1.08744978904724,0
1.49905455112457,0
-0.410515815019608,0
-4.6221809387207,0
-8.03481388092041,0
-9.61372184753418,0
-10.8969507217407,0
-11.9575548171997,0
-11.0356845855713,0
-8.48092460632324,0
-7.15509796142578,0
-7.9950590133667,0
-8.74646949768066,0
-8.42439651489258,0
-9.48432636260986,0
-13.4133749008179,0
-17.3018074035645,0
-17.8052711486816,0
-16.2454414367676,0
-16.25852394104,0
-17.6732635498047,0
-16.5627899169922,0
-11.3317127227783,0
-5.15590000152588,0
-1.32474231719971,0
0.931036531925201,0
4.31991577148438,0
9.54932308197021,0
15.768406867981,0
23.4205646514893,0
33.9135360717773,0
46.6599464416504,0
58.7067375183105,0
67.8022766113281,0
74.2840957641602,0
79.4437789916992,0
83.4733352661133,0
85.8266830444336,0
86.4357070922852,0
85.51171875,0
82.8832550048828,0
78.5441741943359,0
73.3660430908203,0
68.3505249023438,0
63.5648498535156,0
58.6342277526855,0
53.7609786987305,0
49.2106323242188,0
44.2995719909668,0
38.3230285644531,0
32.310474395752,0
28.2049789428711,0
26.0069770812988,0
23.3799247741699,0
18.7925395965576,0
13.5221424102783,0
9.52463722229004,0
6.76289176940918,0
4.08002758026123,0
1.5576080083847,0
0.255690395832062,0
0.346117913722992,0
1.2787858247757,0
3.25095868110657,0
6.56552791595459,0
9.83198261260986,0
11.0026054382324,0
10.4157476425171,0
10.6882247924805,0
13.0245113372803,0
15.7058715820312,0
17.1500797271729,0
18.4192924499512,0
21.2334785461426,0
25.1656303405762,0
28.571102142334,0
31.0432357788086,0
33.0414237976074,0
34.0322265625,0
33.1635589599609,0
31.3843879699707,0
30.6828231811523,0
30.9723453521729,0
29.6611289978027,0
25.031759262085,0
18.5868167877197,0
13.1280288696289,0
9.57349967956543,0
6.69271469116211,0
3.30634450912476,0
-0.314594894647598,0
-3.0100302696228,0
-3.88312244415283,0
-2.99532580375671,0
-1.62280547618866,0
-1.79288578033447,0
-4.69681358337402,0
-9.12933254241943,0
-12.207592010498,0
-12.4888191223145,0
-11.9849367141724,0
-13.7998514175415,0
-17.5675010681152,0
-18.8677215576172,0
-14.4711332321167,0
-6.93904829025269,0
-1.84825456142426,0
-0.842107653617859,0
-0.112871862947941,0
3.56335473060608,0
8.18155097961426,0
9.95566749572754,0
9.12108707427979,0
9.06562519073486,0
10.7190771102905,0
11.5900726318359,0
10.8119535446167,0
11.4319648742676,0
15.709698677063,0
20.8932132720947,0
22.5302543640137,0
20.503059387207,0
18.8077163696289,0
19.8799076080322,0
22.043773651123,0
22.8837070465088,0
22.410680770874,0
21.6168270111084,0
19.9247894287109,0
16.005823135376,0
10.264612197876,0
4.79055976867676,0
0.939693868160248,0
-1.93042325973511,0
-5.35832643508911,0
-10.281909942627,0
-16.5879287719727,0
-23.2313613891602,0
-28.5297374725342,0
-31.0339393615723,0
-30.6740016937256,0
-28.9567260742188,0
-27.8063106536865,0
-28.1062679290771,0
-29.1368522644043,0
-29.2037372589111,0
-27.0239028930664,0
-22.874267578125,0
-18.2763500213623,0
-14.2318878173828,0
-10.0732126235962,0
-4.68433332443237,0
1.41260147094727,0
6.24223279953003,0
8.79176616668701,0
10.0718746185303,0
11.2428569793701,0
11.9897336959839,0
11.9233617782593,0
12.4749450683594,0
15.5139198303223,0
20.4114303588867,0
24.3897895812988,0
25.9434032440186,0
26.0346755981445,0
25.442533493042,0
23.0460319519043,0
17.9724197387695,0
11.6188821792603,0
5.74760818481445,0
-0.0601784661412239,0
-6.94716596603394,0
-13.822437286377,0
-18.4973449707031,0
-21.5279941558838,0
-26.1192054748535,0
-33.5275535583496,0
-41.0803985595703,0
-46.0871315002441,0
-49.5305328369141,0
-53.9091453552246,0
-59.0495071411133,0
-62.5377998352051,0
-63.4683494567871,0
-63.1562004089355,0
-62.3469047546387,0
-60.4977340698242,0
-58.4180793762207,0
-58.8630218505859,0
-62.8556518554688,0
-67.4191436767578,0
-68.9827270507812,0
-67.6570129394531,0
-66.0740737915039,0
-65.2537994384766,0
-64.2255859375,0
-63.0448722839355,0
-63.1822052001953,0
-64.7517547607422,0
-66.1935272216797,0
-67.2807769775391,0
-69.4489517211914,0
-71.9088973999023,0
-70.636116027832,0
-63.7971420288086,0
-55.8091850280762,0
-52.5885810852051,0
-53.8269691467285,0
-53.4153213500977,0
-47.4676742553711,0
-38.6886215209961,0
-31.9069862365723,0
-28.0147666931152,0
-24.0646781921387,0
-17.65354347229,0
-9.21088886260986,0
-0.542362928390503,0
7.38017225265503,0
15.2196350097656,0
24.7111568450928,0
37.1533355712891,0
51.8198547363281,0
66.093147277832,0
77.7949066162109,0
87.1661834716797,0
95.8940734863281,0
104.442832946777,0
111.333084106445,0
115.214370727539,0
116.571296691895,0
116.573387145996,0
114.900337219238,0
109.930442810059,0
101.178573608398,0
90.4930572509766,0
80.2151947021484,0
70.753288269043,0
60.7366790771484,0
49.3392181396484,0
37.6912117004395,0
27.8441925048828,0
20.8312110900879,0
16.0097904205322,0
12.0347337722778,0
8.14226531982422,0
4.46562623977661,0
1.32850444316864,0
-1.45215570926666,0
-4.37732076644897,0
-7.56891918182373,0
-10.6641683578491,0
-13.4897375106812,0
-16.4653816223145,0
-20.0170612335205,0
-23.7025966644287,0
-26.24049949646,0
-26.6471519470215,0
-25.4529762268066,0
-24.6003913879395,0
-25.6161441802979,0
-27.69091796875,0
-28.213451385498,0
-25.8132839202881,0
-22.2822875976562,0
-20.4528121948242,0
-20.514030456543,0
-19.8286952972412,0
-16.5618629455566,0
-12.0088472366333,0
-8.63907432556152,0
-7.13491630554199,0
-6.40454626083374,0
-5.4096360206604,0
-3.56456899642944,0
-0.0973412469029427,0
5.25044584274292,0
11.0581865310669,0
15.3797435760498,0
18.2118091583252,0
21.2757549285889,0
24.9685306549072,0
27.188440322876,0
26.1539249420166,0
23.0530109405518,0
20.5884704589844,0
19.8187599182129,0
19.832914352417,0
19.8218231201172,0
19.8084125518799,0
19.6547355651855,0
19.1327991485596,0
19.1228504180908,0
21.0482368469238,0
24.6741104125977,0
28.1446304321289,0
31.0851993560791,0
36.2158813476562,0
46.7108192443848,0
63.1576652526855,0
84.4689025878906,0
110.522079467773,0
141.572814941406,0
175.065765380859,0
205.129089355469,0
226.334045410156,0
237.234268188477,0
239.771408081055,0
236.17219543457,0
227.356033325195,0
213.92643737793,0
197.474166870117,0
180.134994506836,0
163.028564453125,0
145.838851928711,0
128.303039550781,0
111.472633361816,0
96.5261459350586,0
82.5767135620117,0
67.0978546142578,0
49.1221466064453,0
30.8684577941895,0
15.2171440124512,0
2.38986968994141,0
-9.68580436706543,0
-22.17160987854,0
-33.715576171875,0
-42.034595489502,0
-46.1737022399902,0
-47.1111145019531,0
-46.8504524230957,0
-47.0808525085449,0
-48.2714500427246,0
-49.9096450805664,0
-51.5598831176758,0
-53.1445159912109,0
-54.0163040161133,0
-52.8425178527832,0
-49.3896217346191,0
-45.5998954772949,0
-43.4732475280762,0
-42.2723808288574,0
-39.4118385314941,0
-34.0427131652832,0
-27.9189929962158,0
-22.2578639984131,0
-15.7944450378418,0
-7.4037880897522,0
0.911208927631378,0
5.86816835403442,0
7.16895532608032,0
7.64165496826172,0
9.03581047058105,0
10.0601654052734,0
9.46819400787354,0
8.65208435058594,0
9.13417434692383,0
9.28136157989502,0
6.47138500213623,0
1.90727913379669,0
0.0892594829201698,0
2.96815490722656,0
7.46440362930298,0
9.97867774963379,0
10.7699756622314,0
12.0046892166138,0
13.6715288162231,0
13.9993152618408,0
12.6312961578369,0
10.8000802993774,0
9.0188455581665,0
6.96018218994141,0
5.26013231277466,0
5.24248218536377,0
6.99138402938843,0
9.57863426208496,0
12.7947158813477,0
16.5471019744873,0
19.0534400939941,0
18.3457412719727,0
15.6176662445068,0
14.2492094039917,0
14.9897365570068,0
14.9274206161499,0
12.1353693008423,0
8.45759677886963,0
6.18997812271118,0
4.62905693054199,0
1.862269282341,0
-2.25940036773682,0
-7.06263303756714,0
-12.8598365783691,0
-19.2800827026367,0
-23.53586769104,0
-23.2991561889648,0
-20.2302932739258,0
-17.7358074188232,0
-15.9763221740723,0
-12.2195596694946,0
-5.92139625549316,0
-0.209302261471748,0
2.20411372184753,0
1.62127077579498,0
-1.06817412376404,0
-6.551100730896,0
-15.1132535934448,0
-24.7398681640625,0
-33.3654327392578,0
-41.6056442260742,0
-51.084342956543,0
-60.9143676757812,0
-68.0966110229492,0
-71.3657989501953,0
-72.8186111450195,0
-75.2664337158203,0
-79.1242065429688,0
-82.3668899536133,0
-82.793327331543,0
-79.9719543457031,0
-75.5055313110352,0
-71.7360153198242,0
-69.9777145385742,0
-69.8868103027344,0
-70.4594039916992,0
-71.1077194213867,0
-71.4588088989258,0
-70.943000793457,0
-69.6109619140625,0
-68.8852844238281,0
-70.120231628418,0
-72.3393249511719,0
-72.7709274291992,0
-70.109619140625,0
-65.9499816894531,0
-62.1291465759277,0
-57.9136505126953,0
-51.3881683349609,0
-42.9830856323242,0
-35.6671676635742,0
-31.363826751709,0
-28.9001598358154,0
-26.3790416717529,0
-24.1025333404541,0
-23.5542659759521,0
-24.2825145721436,0
-23.8671455383301,0
-21.3245697021484,0
-18.795166015625,0
-18.6978530883789,0
-20.2968120574951,0
-20.6909732818604,0
-18.957160949707,0
-17.6607551574707,0
-19.6129665374756,0
-24.2634754180908,0
-28.4138774871826,0
-30.0198593139648,0
-30.1093940734863,0
-30.9305667877197,0
-33.395580291748,0
-36.9831581115723,0
-41.3039741516113,0
-46.5881423950195,0
-52.5784034729004,0
-57.7474937438965,0
-60.0845222473145,0
-58.6261672973633,0
-54.3416290283203,0
-49.7141952514648,0
-47.0579872131348,0
-46.570068359375,0
-46.1267280578613,0
-43.6419372558594,0
-39.5079574584961,0
-35.9043998718262,0
-33.8503723144531,0
-32.1700630187988,0
-29.5639629364014,0
-26.2244606018066,0
-22.7382354736328,0
-18.9449787139893,0
-15.08753490448,0
-12.6879730224609,0
-12.6347408294678,0
-13.5471687316895,0
-13.9922647476196,0
-15.322172164917,0
-19.8018760681152,0
-26.3851890563965,0
-31.1805286407471,0
-32.3536605834961,0
-31.8390197753906,0
-31.6119918823242,0
-31.1864223480225,0
-30.0226955413818,0
-29.4721508026123,0
-30.229284286499,0
-30.232572555542,0
-27.6479339599609,0
-24.1474990844727,0
-22.480354309082,0
-22.1328678131104,0
-20.3735313415527,0
-16.8152027130127,0
-13.8818883895874,0
-12.9398832321167,0
-12.8778619766235,0
-12.7410306930542,0
-12.971794128418,0
-13.4464702606201,0
-13.0541706085205,0
-12.4169263839722,0
-14.5715837478638,0
-21.169116973877,0
-29.7097644805908,0
-36.3462448120117,0
-40.1435966491699,0
-42.7712287902832,0
-45.0404739379883,0
-45.8998146057129,0
-44.6271858215332,0
-42.1779823303223,0
-40.0446510314941,0
-38.9653358459473,0
-38.9539413452148,0
-39.5809669494629,0
-40.0503997802734,0
-39.9656028747559,0
-40.1662139892578,0
-41.6753273010254,0
-43.4422492980957,0
-42.471321105957,0
-37.2901191711426,0
-30.4018249511719,0
-25.8066558837891,0
-24.356237411499,0
-23.1021938323975,0
-19.4422588348389,0
-14.2529163360596,0
-9.99166774749756,0
-7.12350225448608,0
-4.12472486495972,0
-0.416015625,0
2.58526825904846,0
3.5195746421814,0
2.64672183990479,0
0.816311717033386,0
-1.87658047676086,0
-5.67626571655273,0
-10.3889207839966,0
-15.8480367660522,0
-22.4521484375,0
-30.4854965209961,0
-39.4487037658691,0
-48.6003227233887,0
-57.415714263916,0
-64.8631286621094,0
-69.1238327026367,0
-69.1035232543945,0
-65.7806091308594,0
-61.2578887939453,0
-56.9866600036621,0
-53.5552864074707,0
-51.2448616027832,0
-49.5965270996094,0
-47.2108612060547,0
-43.4139060974121,0
-39.6062164306641,0
-37.565845489502,0
-37.0262603759766,0
-36.6161308288574,0
-36.5985450744629,0
-38.4435653686523,0
-41.7777938842773,0
-44.2426452636719,0
-44.9316024780273,0
-45.604564666748,0
-47.520751953125,0
-49.3122978210449,0
-49.367259979248,0
-48.2588882446289,0
-47.1230049133301,0
-45.5664558410645,0
-43.3297004699707,0
-42.3945007324219,0
-44.8721771240234,0
-49.868766784668,0
-55.028751373291,0
-60.2608757019043,0
-66.9236526489258,0
-73.8074111938477,0
-77.4966888427734,0
-77.3742370605469,0
-76.9961700439453,0
-79.0763397216797,0
-81.8248672485352,0
-82.0441589355469,0
-79.4958419799805,0
-75.9953536987305,0
-72.0464859008789,0
-66.9371948242188,0
-61.0684585571289,0
-55.7544364929199,0
-51.3186492919922,0
-47.5091705322266,0
-45.2654838562012,0
-45.883903503418,0
-48.6322822570801,0
-51.2271537780762,0
-52.645191192627,0
-53.6010665893555,0
-54.387393951416,0
-54.4283485412598,0
-54.2048835754395,0
-55.3126831054688,0
-57.7734298706055,0
-59.2606925964355,0
-58.1405067443848,0
-55.6882476806641,0
-54.0183258056641,0
-53.1197357177734,0
-51.391529083252,0
-48.2893714904785,0
-45.0637092590332,0
-43.20947265625,0
-43.1000633239746,0
-43.8474388122559,0
-43.8753051757812,0
-42.0247611999512,0
-38.6157531738281,0
-35.0522193908691,0
-32.1953735351562,0
-29.8493976593018,0
-27.9775829315186,0
-27.1839332580566,0
-27.3917217254639,0
-27.3538208007812,0
-26.5103855133057,0
-26.1854209899902,0
-27.5931606292725,0
-29.612907409668,0
-30.2781600952148,0
-29.9855575561523,0
-31.2550449371338,0
-35.0692596435547,0
-39.2177276611328,0
-41.1168823242188,0
-41.0041847229004,0
-41.1420211791992,0
-42.5118751525879,0
-43.6149864196777,0
-42.6120758056641,0
-39.6148262023926,0
-36.3114891052246,0
-33.9484901428223,0
-32.5340538024902,0
-31.8872833251953,0
-32.3886299133301,0
-34.0448417663574,0
-35.5094413757324,0
-35.1517066955566,0
-33.13671875,0
-31.5760440826416,0
-32.3368492126465,0
-35.3220672607422,0
-39.1269607543945,0
-42.656322479248,0
-45.603630065918,0
-47.8592910766602,0
-49.0220184326172,0
-48.317138671875,0
-44.8513793945312,0
-38.4840469360352,0
-30.7279281616211,0
-24.0758609771729,0
-19.8339653015137,0
-17.1798229217529,0
-14.9775218963623,0
-13.7843790054321,0
-14.9834671020508,0
-18.4024505615234,0
-22.1697559356689,0
-24.9288425445557,0
-26.85329246521,0
-28.2263031005859,0
-28.5000839233398,0
-27.5458297729492,0
-26.5340518951416,0
-26.3243522644043,0
-25.8578128814697,0
-23.5962142944336,0
-20.0567741394043,0
-17.3394088745117,0
-16.2166194915771,0
-15.2474689483643,0
-13.0666379928589,0
-10.1558179855347,0
-7.9009222984314,0
-7.26981830596924,0
-9.01155376434326,0
-13.584005355835,0
-19.7512187957764,0
-24.6972332000732,0
-27.1820087432861,0
-29.4807243347168,0
-34.1069564819336,0
-39.2836456298828,0
-40.3670806884766,0
-36.3041038513184,0
-32.2757453918457,0
-34.3652496337891,0
-42.9020729064941,0
-52.6143188476562,0
-58.6208915710449,0
-60.7663650512695,0
-62.2394561767578,0
-65.3171463012695,0
-69.0956726074219,0
-70.9775314331055,0
-69.8062438964844,0
-67.0744705200195,0
-64.8413848876953,0
-63.0931510925293,0
-60.1627807617188,0
-55.5077285766602,0
-50.6236572265625,0
-46.9068450927734,0
-44.1819725036621,0
-42.1399421691895,0
-41.6194534301758,0
-43.0189971923828,0
-44.677921295166,0
-44.6338005065918,0
-43.2277183532715,0
-42.2152061462402,0
-42.0291023254395,0
-41.9672050476074,0
-42.4434623718262,0
-44.3921928405762,0
-46.5061454772949,0
-46.1726036071777,0
-44.0226554870605,0
-44.4167175292969,0
-49.5157089233398,0
-55.5410232543945,0
-57.5514221191406,0
-55.8518829345703,0
-54.460521697998,0
-54.6652526855469,0
-53.9817695617676,0
-51.2639770507812,0
