-16.7426986694336,0
-18.5479850769043,0
-19.7236080169678,0
-20.3708992004395,0
-22.6157131195068,0
-26.8323993682861,0
-30.6076240539551,0
-32.3086547851562,0
-33.5428581237793,0
-36.5512504577637,0
-40.7457542419434,0
-43.7132797241211,0
-44.7084274291992,0
-45.2201499938965,0
-46.4763259887695,0
-48.1858596801758,0
-49.740608215332,0
-50.9939880371094,0
-51.4573402404785,0
-50.1487007141113,0
-47.0234146118164,0
-43.6276779174805,0
-41.4718208312988,0
-40.276927947998,0
-38.6296730041504,0
-36.0685539245605,0
-33.5918579101562,0
-31.9117012023926,0
-30.0604381561279,0
-26.5777969360352,0
-21.8205986022949,0
-17.962308883667,0
-16.2211399078369,0
-15.0729675292969,0
-12.2366714477539,0
-7.73520374298096,0
-3.54343700408936,0
-0.52140998840332,0
2.47675895690918,0
6.15403175354004,0
9.34587097167969,0
10.9601278305054,0
11.6310358047485,0
12.0453510284424,0
11.0147485733032,0
7.00984716415405,0
0.795677840709686,0
-5.17943477630615,0
-9.47501373291016,0
-12.1906728744507,0
-13.5222482681274,0
-13.7681913375854,0
-14.4501276016235,0
-17.2314910888672,0
-21.4200344085693,0
-24.4498844146729,0
-25.3838539123535,0
-26.2355327606201,0
-29.0977268218994,0
-33.453182220459,0
-37.1604080200195,0
-38.813663482666,0
-38.2816505432129,0
-36.1179161071777,0
-33.4079513549805,0
-31.1968536376953,0
-29.1195030212402,0
-25.519567489624,0
-19.9012660980225,0
-14.3555955886841,0
-11.3625993728638,0
-10.83411693573,0
-10.603063583374,0
-9.43003559112549,0
-8.13520526885986,0
-7.69411516189575,0
-7.47355508804321,0
-5.98020935058594,0
-2.7799608707428,0
0.867872536182404,0
3.09540939331055,0
2.83597946166992,0
0.300286769866943,0
-3.51496887207031,0
-7.49394512176514,0
-10.7484731674194,0
-12.899169921875,0
-14.3897104263306,0
-16.1423091888428,0
-18.3500213623047,0
-19.8532829284668,0
-19.400146484375,0
-17.434175491333,0
-15.8283281326294,0
-15.7024354934692,0
-16.329797744751,0
-16.6104793548584,0
-16.8430557250977,0
-18.2299995422363,0
-21.0198669433594,0
-24.123571395874,0
-26.734447479248,0
-29.5128021240234,0
-33.5404205322266,0
-38.4958000183105,0
-42.7180099487305,0
-45.2060470581055,0
-46.7580528259277,0
-48.5744743347168,0
-50.3109245300293,0
-50.3744773864746,0
-47.9283714294434,0
-43.7221183776855,0
-39.005500793457,0
-34.639232635498,0
-31.4765625,0
-30.4813671112061,0
-31.6831130981445,0
-33.6227264404297,0
-34.5863609313965,0
-34.1406898498535,0
-33.0427894592285,0
-32.0532455444336,0
-31.3993816375732,0
-31.1971817016602,0
-31.8536167144775,0
-33.8509407043457,0
-37.1003494262695,0
-40.5499420166016,0
-42.8952598571777,0
-44.0797462463379,0
-45.4993324279785,0
-47.8880767822266,0
-49.6411285400391,0
-48.7038612365723,0
-45.8952102661133,0
-44.4866409301758,0
-46.0266036987305,0
-48.3642539978027,0
-48.7488250732422,0
-47.3323707580566,0
-46.3224601745605,0
-46.9251861572266,0
-48.6840438842773,0
-51.0448989868164,0
-53.9655876159668,0
-57.2419319152832,0
-60.4789237976074,0
-63.6252403259277,0
-66.6631317138672,0
-69.0481414794922,0
-70.2747650146484,0
-70.6360626220703,0
-70.601921081543,0
-69.8705520629883,0
-67.9507904052734,0
-65.3055725097656,0
-62.9170188903809,0
-60.9277763366699,0
-58.6398086547852,0
-55.7215576171875,0
-52.5320701599121,0
-49.264720916748,0
-45.5283088684082,0
-40.8908958435059,0
-35.4295806884766,0
-29.8642272949219,0
-25.4664897918701,0
-23.4361839294434,0
-23.8111000061035,0
-25.2175788879395,0
-26.0891780853271,0
-25.9023094177246,0
-25.1452789306641,0
-24.7300891876221,0
-25.564567565918,0
-27.7147216796875,0
-29.6735610961914,0
-29.6750354766846,0
-28.2103042602539,0
-27.7106018066406,0
-28.9499454498291,0
-29.6653099060059,0
-28.1749496459961,0
-26.3367118835449,0
-26.6312427520752,0
-28.0179901123047,0
-27.7029342651367,0
-25.9335861206055,0
-25.5069446563721,0
-26.751293182373,0
-26.6822299957275,0
-23.7584838867188,0
-19.9568157196045,0
-16.8786811828613,0
-13.1612548828125,0
-7.7094612121582,0
-2.53593039512634,0
0.151016056537628,0
1.33254110813141,0
2.89324927330017,0
3.9267840385437,0
2.46600866317749,0
-0.488189518451691,0
-2.06359148025513,0
-1.96822571754456,0
-2.49619746208191,0
-4.22734355926514,0
-5.07594966888428,0
-4.11579132080078,0
-3.13803362846375,0
-3.29726481437683,0
-3.17499542236328,0
-1.91312909126282,0
-1.69902539253235,0
-4.68800926208496,0
-9.16316699981689,0
-11.4776887893677,0
-11.0479621887207,0
-10.8315982818604,0
-12.8491468429565,0
-15.4930009841919,0
-15.9462089538574,0
-13.6102886199951,0
-10.1111936569214,0
-6.90602540969849,0
-4.02040004730225,0
-0.888114511966705,0
2.40531635284424,0
4.97027587890625,0
5.9936990737915,0
5.59757328033447,0
4.69268465042114,0
3.96580290794373,0
3.30585432052612,0
2.48878479003906,0
2.10409426689148,0
3.18293976783752,0
5.81284523010254,0
8.6183032989502,0
9.97679042816162,0
9.63200759887695,0
8.89892864227295,0
9.30475807189941,0
11.1379728317261,0
13.3209095001221,0
14.5808439254761,0
14.6104364395142,0
14.127100944519,0
14.1753406524658,0
15.7300825119019,0
19.6370849609375,0
26.0130596160889,0
33.3784599304199,0
39.2273864746094,0
42.2926292419434,0
43.8735885620117,0
46.1601676940918,0
49.6348648071289,0
53.151985168457,0
56.2912864685059,0
60.094425201416,0
65.0293960571289,0
69.6446838378906,0
72.2319717407227,0
72.8207092285156,0
72.4057159423828,0
71.0794448852539,0
68.4314346313477,0
65.3281784057617,0
63.4965057373047,0
63.010913848877,0
61.6117935180664,0
57.2312393188477,0
50.3013038635254,0
42.9073524475098,0
36.3841705322266,0
30.5442314147949,0
24.9151172637939,0
19.9193782806396,0
16.6108131408691,0
15.5069255828857,0
15.9593658447266,0
16.8645896911621,0
17.8616142272949,0
19.2977199554443,0
20.8778228759766,0
21.1350765228271,0
18.8546905517578,0
14.4101142883301,0
8.96491146087646,0
2.99786448478699,0
-3.43177366256714,0
-9.59849548339844,0
-14.5951099395752,0
-18.5802059173584,0
-22.2319889068604,0
-25.1812362670898,0
-26.4281558990479,0
-26.2983818054199,0
-26.4854831695557,0
-27.9167881011963,0
-29.9381675720215,0
-31.8265075683594,0
-33.6110305786133,0
-35.0122489929199,0
-35.1954116821289,0
-34.3567390441895,0
-34.1384086608887,0
-35.5283393859863,0
-37.5522804260254,0
-38.9462814331055,0
-39.8064956665039,0
-40.4014701843262,0
-39.6745910644531,0
-36.675537109375,0
-32.6982803344727,0
-30.0341835021973,0
-28.6775703430176,0
-25.9853534698486,0
-19.9801273345947,0
-11.691068649292,0
-3.74458050727844,0
2.27206754684448,0
6.44662189483643,0
9.4990406036377,0
11.9955205917358,0
14.2118148803711,0
16.1512088775635,0
17.8688697814941,0
19.9376754760742,0
22.9737873077393,0
26.3743305206299,0
28.4578552246094,0
28.71067237854,0
29.0478057861328,0
31.512186050415,0
35.2867813110352,0
37.7432479858398,0
38.3126220703125,0
39.1274528503418,0
41.2049903869629,0
42.3335800170898,0
40.3336906433105,0
36.4262161254883,0
33.0189437866211,0
29.5919399261475,0
23.7758808135986,0
15.89306640625,0
9.0278491973877,0
4.17842054367065,0
-1.23893761634827,0
-8.60943698883057,0
-14.9859466552734,0
-17.2890472412109,0
-17.3828163146973,0
-19.6736869812012,0
-24.6558284759521,0
-28.2333087921143,0
-27.6425914764404,0
-25.0470085144043,0
-24.1240692138672,0
-25.3482322692871,0
-26.3425979614258,0
-25.5227718353271,0
-23.5455913543701,0
-21.6888275146484,0
-20.4624366760254,0
-19.959379196167,0
-20.3637161254883,0
-21.6181163787842,0
-23.2696514129639,0
-25.045280456543,0
-26.9961166381836,0
-28.585657119751,0
-28.2367343902588,0
-24.7422027587891,0
-19.0907764434814,0
-14.0081357955933,0
-11.3995780944824,0
-10.9314107894897,0
-11.3615655899048,0
-12.2302703857422,0
-13.4620666503906,0
-14.2581396102905,0
-13.7503490447998,0
-12.3940753936768,0
-11.3909530639648,0
-10.8648519515991,0
-9.93694686889648,0
-8.54124546051025,0
-7.53484869003296,0
-6.63684034347534,0
-3.97403264045715,0
1.3317666053772,0
7.39565277099609,0
11.5106248855591,0
12.9406814575195,0
12.8301820755005,0
12.3652286529541,0
12.199330329895,0
12.7444763183594,0
13.6001644134521,0
13.3999366760254,0
11.6839981079102,0
10.2443494796753,0
10.9310827255249,0
12.7299213409424,0
13.1102132797241,0
11.9869089126587,0
11.7608041763306,0
12.9419469833374,0
12.5059175491333,0
8.21551036834717,0
2.41237044334412,0
-0.809053540229797,0
-0.975689053535461,0
-1.3905553817749,0
-4.45799446105957,0
-9.18758487701416,0
-13.4545316696167,0
-16.6548519134521,0
-19.4345722198486,0
-22.2565174102783,0
-24.982931137085,0
-26.920804977417,0
-26.9315071105957,0
-24.5573215484619,0
-21.257848739624,0
-19.1759853363037,0
-18.2770824432373,0
-16.287805557251,0
-12.2352085113525,0
-8.32705783843994,0
-6.91663026809692,0
-7.02740383148193,0
-5.78663396835327,0
-2.4393744468689,0
1.12181150913239,0
3.44029879570007,0
4.98736000061035,0
6.45470762252808,0
7.60911560058594,0
8.49237632751465,0
9.96440505981445,0
11.9822254180908,0
12.7488880157471,0
10.9207286834717,0
7.72461700439453,0
5.51814079284668,0
4.92162036895752,0
4.85401821136475,0
4.99027109146118,0
6.37649536132812,0
9.28237438201904,0
12.0809640884399,0
13.2906579971313,0
13.7437305450439,0
15.5283060073853,0
19.2316703796387,0
23.3522911071777,0
26.2740306854248,0
27.7287158966064,0
28.2613563537598,0
28.4636726379395,0
29.2484569549561,0
31.7914943695068,0
36.1884880065918,0
40.7638397216797,0
43.8292083740234,0
45.9425582885742,0
49.3905448913574,0
55.4066581726074,0
62.9210891723633,0
70.2804870605469,0
77.0752792358398,0
83.5662460327148,0
89.2255935668945,0
93.0320816040039,0
94.9627685546875,0
96.1218414306641,0
97.2357864379883,0
97.8177261352539,0
97.1115570068359,0
95.2419738769531,0
93.0288009643555,0
91.0333251953125,0
89.0845565795898,0
86.471549987793,0
82.4831161499023,0
77.151123046875,0
71.4923095703125,0
66.3634948730469,0
60.9882202148438,0
53.6792907714844,0
44.585205078125,0
36.5189323425293,0
31.8336849212646,0
29.3430938720703,0
25.925594329834,0
20.650993347168,0
15.4142427444458,0
11.5664720535278,0
8.09789752960205,0
3.83502674102783,0
-0.496348261833191,0
-3.57502770423889,0
-5.37842702865601,0
-6.51694345474243,0
-6.92922401428223,0
-6.6173734664917,0
-6.60304737091064,0
-7.56421566009521,0
-8.23195457458496,0
-6.72143077850342,0
-3.08149290084839,0
0.811127543449402,0
3.51779174804688,0
4.91711902618408,0
5.25065517425537,0
4.7858099937439,0
4.35423469543457,0
4.89309406280518,0
6.31000709533691,0
7.73673534393311,0
8.76040363311768,0
9.40837955474854,0
9.2262487411499,0
7.69588947296143,0
5.55787706375122,0
4.43848609924316,0
4.95301961898804,0
6.21313619613647,0
7.32168197631836,0
8.2756462097168,0
9.21118354797363,0
9.86950397491455,0
10.2458620071411,0
10.95188331604,0
12.5094680786133,0
14.7641048431396,0
17.0680122375488,0
18.5536422729492,0
18.4886379241943,0
17.1931304931641,0
16.409065246582,0
17.7998714447021,0
21.2408809661865,0
25.6147785186768,0
30.9468574523926,0
38.1377143859863,0
46.4513282775879,0
53.1525497436523,0
56.6158561706543,0
58.4406127929688,0
61.2486038208008,0
65.2799758911133,0
68.4710693359375,0
69.3832244873047,0
68.6996917724609,0
67.8088684082031,0
66.9760131835938,0
65.2736282348633,0
61.7198333740234,0
56.1916694641113,0
49.6564025878906,0
43.8161773681641,0
40.1228446960449,0
38.5048217773438,0
36.9711112976074,0
33.0341606140137,0
26.037317276001,0
17.8766002655029,0
10.9277486801147,0
5.49755525588989,0
0.112341932952404,0
-5.82270288467407,0
-10.9929389953613,0
-14.3456840515137,0
-16.9292182922363,0
-20.2682113647461,0
-23.7859001159668,0
-25.543529510498,0
-25.310115814209,0
-25.117712020874,0
-26.2759666442871,0
-27.2325077056885,0
-25.3599662780762,0
-20.1864585876465,0
-14.0242176055908,0
-9.65398025512695,0
-7.92315626144409,0
-7.50966501235962,0
-6.63194990158081,0
-4.76754188537598,0
-2.61299419403076,0
-0.627633571624756,0
1.58643102645874,0
4.09032440185547,0
5.74368476867676,0
5.63873720169067,0
4.89371585845947,0
5.60153913497925,0
7.95555067062378,0
9.79874038696289,0
9.49473190307617,0
8.09482574462891,0
7.90797996520996,0
9.72265243530273,0
12.2588357925415,0
13.8886289596558,0
14.1588792800903,0
13.8431673049927,0
14.0617599487305,0
15.30837059021,0
17.0917625427246,0
18.6386985778809,0
19.9260368347168,0
21.5768527984619,0
23.6802597045898,0
25.4242649078369,0
26.3525009155273,0
27.4425392150879,0
30.2649269104004,0
35.2715339660645,0
41.5197906494141,0
48.1044921875,0
55.330638885498,0
64.1397399902344,0
74.5435409545898,0
85.030158996582,0
93.7833480834961,0
100.310401916504,0
105.417930603027,0
109.65062713623,0
112.59903717041,0
114.20393371582,0
115.827926635742,0
118.912910461426,0
123.016899108887,0
126.490295410156,0
129.018203735352,0
132.071533203125,0
136.519073486328,0
141.174926757812,0
144.384536743164,0
145.812393188477,0
145.755355834961,0
143.88996887207,0
140.089965820312,0
135.707778930664,0
132.38850402832,0
129.733123779297,0
125.536643981934,0
118.50269317627,0
109.593658447266,0
100.539741516113,0
92.2023239135742,0
84.801399230957,0
78.5439300537109,0
73.1102905273438,0
67.2320251464844,0
59.8454513549805,0
51.5830345153809,0
44.4118156433105,0
39.6406478881836,0
36.6341247558594,0
33.6449584960938,0
29.7277164459229,0
25.5205307006836,0
21.907075881958,0
18.1925048828125,0
12.4995594024658,0
4.38126230239868,0
-3.95787882804871,0
-10.1244964599609,0
-14.4281005859375,0
-18.6859111785889,0
-22.648136138916,0
-24.0244369506836,0
-22.5575866699219,0
-21.4634017944336,0
-23.1567153930664,0
-25.6094665527344,0
-25.2943344116211,0
-22.3079624176025,0
-19.7872924804688,0
-19.0359745025635,0
-18.433032989502,0
-17.3353157043457,0
-17.8087120056152,0
-21.1800765991211,0
-25.386962890625,0
-27.5396156311035,0
-27.3862037658691,0
-26.5420913696289,0
-25.7530059814453,0
-24.7576866149902,0
-23.7182464599609,0
-22.7923793792725,0
-20.9252147674561,0
-16.9418869018555,0
-11.6278495788574,0
-7.22258043289185,0
-4.9599461555481,0
-4.23983526229858,0
-3.81085705757141,0
-2.48545837402344,0
0.825845420360565,0
6.1464376449585,0
11.5514678955078,0
14.7475128173828,0
15.7113447189331,0
16.5597343444824,0
18.7496452331543,0
21.6627540588379,0
24.0733375549316,0
25.6794605255127,0
26.7892265319824,0
27.607931137085,0
28.3342685699463,0
29.1883602142334,0
30.0913639068604,0
31.0326232910156,0
32.6832733154297,0
35.5296173095703,0
38.2629814147949,0
38.3592109680176,0
34.9333534240723,0
30.1181697845459,0
26.8985443115234,0
26.1455764770508,0
26.3147811889648,0
25.5638580322266,0
23.6149387359619,0
21.7388687133789,0
21.2387847900391,0
22.0326995849609,0
22.9959201812744,0
23.7824897766113,0
25.4641799926758,0
28.6372032165527,0
31.876895904541,0
33.5783233642578,0
34.7523422241211,0
38.0276908874512,0
43.8644561767578,0
49.8318748474121,0
54.1298217773438,0
57.6821556091309,0
61.6941146850586,0
65.2443923950195,0
67.1470642089844,0
68.7258682250977,0
72.4990234375,0
78.7111129760742,0
85.1068496704102,0
89.842643737793,0
92.8408355712891,0
94.4307708740234,0
94.5855941772461,0
93.8755111694336,0
93.5170364379883,0
93.7878341674805,0
93.6387634277344,0
92.5106658935547,0
91.3288803100586,0
90.8894348144531,0
90.3901290893555,0
88.7220840454102,0
86.4602203369141,0
85.2383346557617,0
85.4732513427734,0
86.11669921875,0
86.8878860473633,0
89.4802551269531,0
95.7041778564453,0
105.114234924316,0
115.522644042969,0
125.728645324707,0
136.677307128906,0
149.494003295898,0
163.201858520508,0
175.254516601562,0
184.024124145508,0
189.975448608398,0
194.622146606445,0
199.346160888672,0
205.277526855469,0
213.054138183594,0
221.917297363281,0
229.709915161133,0
234.426147460938,0
235.296524047852,0
232.009246826172,0
223.841979980469,0
210.571441650391,0
193.722808837891,0
175.818252563477,0
158.350662231445,0
140.990447998047,0
122.508666992188,0
102.010040283203,0
79.7372741699219,0
57.2867393493652,0
36.5850219726562,0
18.067081451416,0
0.42544150352478,0
-17.2750072479248,0
-34.1235694885254,0
-48.8902854919434,0
-61.9866142272949,0
-74.490104675293,0
-86.0582809448242,0
-95.6748657226562,0
-104.059043884277,0
-113.173004150391,0
-123.047080993652,0
-131.068572998047,0
-135.201797485352,0
-136.35530090332,0
-136.678207397461,0
-136.926940917969,0
-136.657363891602,0
-135.867706298828,0
-135.013854980469,0
-133.974884033203,0
-132.304275512695,0
-130.286849975586,0
-128.682907104492,0
-127.502983093262,0
-125.990768432617,0
-123.923683166504,0
-122.129196166992,0
-121.451110839844,0
-121.765022277832,0
-122.237426757812,0
-122.056640625,0
-120.718521118164,0
-118.249496459961,0
-115.613891601562,0
-114.228729248047,0
-114.19051361084,0
-113.457130432129,0
-110.151649475098,0
-105.711273193359,0
-104.035339355469,0
-106.647430419922,0
-110.325981140137,0
-111.11767578125,0
-109.320503234863,0
-108.131202697754,0
-108.227020263672,0
-106.912887573242,0
-102.98176574707,0
-99.01611328125,0
-97.2034530639648,0
-95.7042922973633,0
-91.6592636108398,0
-85.7067108154297,0
-80.5827407836914,0
-76.6453552246094,0
-72.0476989746094,0
-66.7260818481445,0
-62.8255500793457,0
-60.8949165344238,0
-58.7515907287598,0
-55.0239219665527,0
-51.1283569335938,0
-48.3785400390625,0
-45.4295654296875,0
-40.4455642700195,0
-34.2353820800781,0
-29.2370491027832,0
-26.1543197631836,0
-23.2965698242188,0
-19.0039253234863,0
-13.4652042388916,0
-8.09410953521729,0
-3.89660835266113,0
-0.657174944877625,0
2.42755341529846,0
5.34038829803467,0
6.93135166168213,0
6.70788955688477,0
6.46495389938354,0
8.7763843536377,0
13.8281621932983,0
19.1734066009521,0
22.9124412536621,0
25.636775970459,0
28.7585048675537,0
32.5445938110352,0
36.6698303222656,0
41.2128219604492,0
45.9815711975098,0
50.1778411865234,0
53.9844627380371,0
59.1889801025391,0
66.5878829956055,0
73.6913909912109,0
76.8756942749023,0
75.5293197631836,0
72.5111694335938,0
70.5850372314453,0
69.7622146606445,0
68.2132110595703,0
64.5299911499023,0
58.7499656677246,0
52.0490798950195,0
45.8036842346191,0
40.4432220458984,0
35.0906257629395,0
28.6956558227539,0
21.3430557250977,0
13.9049797058105,0
6.65549230575562,0
-0.972691178321838,0
-9.25054264068604,0
-17.5438003540039,0
-25.0668106079102,0
-31.6268615722656,0
-37.2375411987305,0
-41.4562797546387,0
-43.7868041992188,0
-44.8232612609863,0
-46.3700714111328,0
-49.7103691101074,0
-53.8366165161133,0
-56.3537368774414,0
-56.6301422119141,0
-57.0484161376953,0
-59.980884552002,0
-64.3096084594727,0
-66.7938003540039,0
-66.786506652832,0
-67.3787689208984,0
-71.0009002685547,0
-75.9002990722656,0
-78.6831359863281,0
-78.9892959594727,0
-79.4951171875,0
-81.8171844482422,0
-84.6093673706055,0
-85.9979705810547,0
-86.0853958129883,0
-86.2367324829102,0
-87.1485977172852,0
-88.6329574584961,0
-90.5669860839844,0
-93.0099411010742,0
-95.5870132446289,0
-97.5415496826172,0
-98.479850769043,0
-98.6270141601562,0
-98.2990570068359,0
-97.5210189819336,0
-96.3299407958984,0
-95.0797119140625,0
-94.0145492553711,0
-92.7187957763672,0
-90.6856460571289,0
-88.630256652832,0
-88.3391571044922,0
-90.3100433349609,0
-92.1040191650391,0
-90.4016952514648,0
-84.6934967041016,0
-77.4903564453125,0
-70.497314453125,0
-62.1936721801758,0
-50.2611351013184,0
-35.0221328735352,0
-18.8100109100342,0
-2.6850950717926,0
14.4033555984497,0
33.2852020263672,0
52.8836822509766,0
70.9454879760742,0
85.2792816162109,0
94.4072113037109,0
98.4634323120117,0
99.6400985717773,0
100.35546875,0
100.667587280273,0
98.8207473754883,0
94.5500869750977,0
90.0674514770508,0
87.0353393554688,0
84.3911666870117,0
80.5337371826172,0
76.1457595825195,0
73.02490234375,0
71.1503982543945,0
68.981819152832,0
66.1616897583008,0
63.774528503418,0
61.9362716674805,0
59.2685852050781,0
55.2883682250977,0
51.3658065795898,0
48.3489227294922,0
44.9165878295898,0
39.6024513244629,0
33.0917549133301,0
26.9167022705078,0
20.9315605163574,0
14.0479717254639,0
6.97149896621704,0
2.01368761062622,0
-0.163301259279251,0
-1.81897974014282,0
-5.38163900375366,0
-10.6897830963135,0
-15.7356834411621,0
-19.0953540802002,0
-20.8313674926758,0
-21.8809280395508,0
-23.3221015930176,0
-25.451000213623,0
-26.9164505004883,0
-25.6927680969238,0
-21.6394023895264,0
-16.979549407959,0
-13.2752485275269,0
-9.26466083526611,0
-3.24841070175171,0
3.5964138507843,0
8.52288055419922,0
11.2816123962402,0
14.418231010437,0
19.3294277191162,0
24.3378734588623,0
27.4353694915771,0
28.9866619110107,0
30.6886291503906,0
33.4583625793457,0
37.4453392028809,0
42.6528739929199,0
48.2446823120117,0
52.4843482971191,0
54.8091316223145,0
56.9754638671875,0
60.6552124023438,0
64.7481842041016,0
66.7694396972656,0
66.3267440795898,0
65.3259506225586,0
64.8285522460938,0
63.641040802002,0
60.5086822509766,0
56.0172691345215,0
51.3315811157227,0
46.2942924499512,0
40.1227226257324,0
33.3833541870117,0
27.8695411682129,0
24.4630069732666,0
22.2043018341064,0
19.8709144592285,0
17.659107208252,0
16.6642780303955,0
17.2333641052246,0
18.6811561584473,0
20.4487590789795,0
22.5723857879639,0
24.7995929718018,0
26.2655906677246,0
26.8328704833984,0
28.0900115966797,0
31.891227722168,0
37.9780616760254,0
44.039722442627,0
48.3172645568848,0
51.2347030639648,0
54.0360717773438,0
56.7282333374023,0
58.3569602966309,0
59.043025970459,0
60.792106628418,0
66.0060348510742,0
75.5966033935547,0
88.5875854492188,0
102.863441467285,0
115.761993408203,0
124.379615783691,0
126.379257202148,0
121.162300109863,0
110.100051879883,0
95.3400421142578,0
78.5662155151367,0
61.016471862793,0
43.9443855285645,0
28.0768585205078,0
12.8155946731567,0
-2.86398553848267,0
-18.4466571807861,0
-31.9069480895996,0
-42.2741851806641,0
-51.0679702758789,0
-60.1634521484375,0
-69.1211700439453,0
-76.0714111328125,0
-80.8024673461914,0
-85.3027725219727,0
-91.0487442016602,0
-97.2281799316406,0
-102.239517211914,0
-105.761817932129,0
-108.494041442871,0
-110.698593139648,0
-112.026672363281,0
-112.448623657227,0
-112.549865722656,0
-112.952392578125,0
-113.861038208008,0
-115.022064208984,0
-115.786834716797,0
-115.386116027832,0
-113.463256835938,0
-110.347839355469,0
-106.856872558594,0
-104.009735107422,0
-102.607124328613,0
-102.38005065918,0
-101.634071350098,0
-98.6386489868164,0
-93.5798492431641,0
-88.314094543457,0
-83.9900283813477,0
-79.9048156738281,0
-75.0449066162109,0
-69.5573501586914,0
-63.9966239929199,0
-58.2625198364258,0
-52.2396850585938,0
-46.428638458252,0
-40.7940940856934,0
-34.0350151062012,0
-25.4632396697998,0
-16.6553688049316,0
-9.36602783203125,0
-2.53573060035706,0
6.14951372146606,0
15.7282705307007,0
21.7884521484375,0
21.9548645019531,0
19.2645721435547,0
18.2741413116455,0
19.4990463256836,0
19.9611873626709,0
18.1507034301758,0
15.6873540878296,0
14.0910243988037,0
12.5773830413818,0
10.028094291687,0
7.08927488327026,0
4.89314031600952,0
3.27974629402161,0
2.05478239059448,0
2.85100626945496,0
7.54620027542114,0
15.2808876037598,0
23.3376140594482,0
31.2079849243164,0
41.6221733093262,0
56.7655372619629,0
75.3721084594727,0
94.6476974487305,0
113.186393737793,0
130.247360229492,0
143.655212402344,0
150.859924316406,0
151.673812866211,0
147.868087768555,0
140.104965209961,0
127.247352600098,0
109.042579650879,0
87.6685791015625,0
65.8262252807617,0
44.5788192749023,0
23.7835330963135,0
3.51061725616455,0
-15.7693033218384,0
-33.5209693908691,0
-48.9826927185059,0
-61.5214767456055,0
-71.8165588378906,0
-81.8172836303711,0
-92.7454605102539,0
-103.927558898926,0
-114.372764587402,0
-124.496864318848,0
-135.000732421875,0
-144.797485351562,0
-151.854095458984,0
-156.158309936523,0
-160.191268920898,0
-165.752426147461,0
-171.539932250977,0
-174.938888549805,0
-175.4619140625,0
-175.139007568359,0
-175.670364379883,0
-176.498229980469,0
-176.207962036133,0
-174.894882202148,0
-174.121124267578,0
-174.75032043457,0
-175.836990356445,0
-176.035980224609,0
-175.379760742188,0
-174.821975708008,0
-174.217666625977,0
-171.852615356445,0
-166.693420410156,0
-160.549697875977,0
-156.842864990234,0
-156.96794128418,0
-158.825088500977,0
-159.603775024414,0
-159.162506103516,0
-159.483291625977,0
-161.338394165039,0
-163.267639160156,0
-164.128280639648,0
-164.804000854492,0
-166.237701416016,0
-167.214904785156,0
-165.850433349609,0
-162.523239135742,0
-159.445007324219,0
-157.511459350586,0
-155.432601928711,0
-152.221954345703,0
-148.775527954102,0
-146.268707275391,0
-144.387054443359,0
-142.003845214844,0
-138.530914306641,0
-133.893951416016,0
-128.374984741211,0
-123.340995788574,0
-120.775665283203,0
-120.722015380859,0
-120.259994506836,0
-116.684753417969,0
-110.961265563965,0
-106.156196594238,0
-102.890342712402,0
-98.6352920532227,0
-91.8548126220703,0
-84.5099258422852,0
-79.0920944213867,0
-74.8272399902344,0
-68.7842483520508,0
-60.0536804199219,0
-50.7688293457031,0
-42.7102546691895,0
-34.5988235473633,0
-23.8495006561279,0
-10.2123374938965,0
3.5087308883667,0
14.255952835083,0
21.3588447570801,0
26.3022041320801,0
30.7553863525391,0
35.343822479248,0
39.7234687805176,0
43.009220123291,0
44.2746162414551,0
43.4239845275879,0
41.752758026123,0
41.0691261291504,0
41.9401359558105,0
43.0759391784668,0
42.5812377929688,0
39.5939140319824,0
34.8163871765137,0
30.0027103424072,0
27.0040607452393,0
26.621618270874,0
27.9149475097656,0
28.9575023651123,0
28.6595706939697,0
27.7090625762939,0
27.5794658660889,0
28.8837718963623,0
30.8425369262695,0
32.055778503418,0
31.6410503387451,0
29.9324359893799,0
28.2349815368652,0
27.6221046447754,0
27.8764400482178,0
27.9090728759766,0
27.2264671325684,0
26.5244483947754,0
26.713809967041,0
27.8050270080566,0
28.9226112365723,0
29.0374031066895,0
27.5945835113525,0
24.8886737823486,0
21.9729747772217,0
19.778844833374,0
18.2530498504639,0
16.8627681732178,0
15.9359216690063,0
16.6657276153564,0
19.4092330932617,0
22.6911468505859,0
24.5173110961914,0
24.3263721466064,0
23.1762027740479,0
22.2683544158936,0
21.6549968719482,0
20.1950759887695,0
16.5993347167969,0
10.8694267272949,0
4.90391874313354,0
1.23216021060944,0
0.79910546541214,0
2.26032304763794,0
3.57932829856873,0
3.87846565246582,0
3.65503120422363,0
3.94231820106506,0
5.64687252044678,0
8.98739624023438,0
13.0326099395752,0
16.4303379058838,0
19.1491413116455,0
22.7254161834717,0
28.0368709564209,0
33.7439498901367,0
38.1190910339355,0
41.5771598815918,0
45.6458740234375,0
49.8304214477539,0
51.6784362792969,0
50.3310050964355,0
47.8435668945312,0
45.9124069213867,0
43.2608528137207,0
38.0879135131836,0
31.7105007171631,0
27.3959350585938,0
25.9834136962891,0
24.9217433929443,0
21.9585037231445,0
17.8632869720459,0
14.6822919845581,0
12.7670078277588,0
10.743293762207,0
7.6960768699646,0
4.2600359916687,0
1.61564433574677,0
-0.0200896598398685,0
-1.81413424015045,0
-5.26230621337891,0
-10.5480327606201,0
-16.1432838439941,0
-20.5031642913818,0
-23.9483051300049,0
-28.146900177002,0
-33.7980995178223,0
-39.698860168457,0
-44.2891235351562,0
-47.2934379577637,0
-49.4123687744141,0
-50.9622001647949,0
-51.3264198303223,0
-49.6868438720703,0
-46.3403511047363,0
-43.4091644287109,0
-43.6523628234863,0
-47.8227233886719,0
-53.6150588989258,0
-58.1223373413086,0
-60.8499946594238,0
-63.1214561462402,0
-65.0937423706055,0
-65.2882537841797,0
-63.1721458435059,0
-60.1830902099609,0
-57.5278472900391,0
-54.7671203613281,0
-51.4555816650391,0
-48.3309783935547,0
-45.5465278625488,0
-41.449047088623,0
-35.0228080749512,0
-28.3911228179932,0
-24.7794151306152,0
-24.5437870025635,0
-25.1623401641846,0
-24.8425388336182,0
-24.1041984558105,0
-23.666654586792,0
-22.7947635650635,0
-20.5820770263672,0
-17.5127124786377,0
-14.7784099578857,0
-12.8105926513672,0
-11.2123870849609,0
-9.62812995910645,0
-8.15459632873535,0
-7.20062303543091,0
-7.08970928192139,0
-7.36303281784058,0
-6.55808305740356,0
-3.47836065292358,0
1.22268855571747,0
5.58968210220337,0
8.61737442016602,0
10.8509092330933,0
12.388204574585,0
11.6957082748413,0
7.53210163116455,0
1.08493149280548,0
-5.25451183319092,0
-10.8351964950562,0
-17.0877666473389,0
-25.0779399871826,0
-34.1704750061035,0
-43.3619270324707,0
-52.5104866027832,0
-61.5600318908691,0
-69.7793579101562,0
-76.8501892089844,0
-83.8107070922852,0
-91.5682907104492,0
-98.9933547973633,0
-104.034744262695,0
-106.640068054199,0
-108.909202575684,0
-111.975288391113,0
-114.491828918457,0
-115.24072265625,0
-115.611190795898,0
-117.68302154541,0
-120.8505859375,0
-122.560577392578,0
-122.130889892578,0
-121.548530578613,0
-122.105247497559,0
-122.454711914062,0
-121.001525878906,0
-118.323516845703,0
-115.823829650879,0
-113.494323730469,0
-110.623687744141,0
-107.516036987305,0
-104.760307312012,0
-101.751022338867,0
-97.7979736328125,0
-93.9612655639648,0
-91.7775421142578,0
-90.6661224365234,0
-88.7604827880859,0
-86.1233825683594,0
-84.8639602661133,0
-85.8637847900391,0
-87.6352081298828,0
-88.9606704711914,0
-90.4460754394531,0
-92.5487289428711,0
-94.2018890380859,0
-94.7876358032227,0
-95.6726531982422,0
-98.0384979248047,0
-100.490753173828,0
-100.679756164551,0
-98.4456558227539,0
-95.5209884643555,0
-92.5979690551758,0
-88.5390930175781,0
-82.5546798706055,0
-75.6216430664062,0
-69.289436340332,0
-64.0893325805664,0
-59.6061553955078,0
-55.4728164672852,0
-51.7890167236328,0
-48.7273559570312,0
-45.9419212341309,0
-42.4934463500977,0
-37.661376953125,0
-31.9088439941406,0
-26.6184940338135,0
-22.6757488250732,0
-19.7277355194092,0
-16.9452953338623,0
-13.8777656555176,0
-10.3575687408447,0
-6.4043173789978,0
-2.70590233802795,0
-0.411954313516617,0
0.170229732990265,0
0.0172799956053495,0
0.0141330305486917,0
-0.023707726970315,0
-0.332246571779251,0
-0.301398098468781,0
0.310472846031189,0
0.237467512488365,0
-1.71345448493958,0
-4.49375867843628,0
-5.78360509872437,0
-4.90403461456299,0
-3.36062049865723,0
-2.72819495201111,0
-3.49578714370728,0
-5.77176809310913,0
-9.29313278198242,0
-12.6408720016479,0
-14.4339799880981,0
-15.7328824996948,0
-19.1689319610596,0
-24.925085067749,0
-29.8847599029541,0
-32.1654624938965,0
-34.165885925293,0
-38.8294563293457,0
-44.7429084777832,0
-47.9725799560547,0
-47.7820091247559,0
-47.1943473815918,0
-47.98779296875,0
-48.5721282958984,0
-47.7438583374023,0
-47.4069633483887,0
-49.6247673034668,0
-53.0999374389648,0
-54.7304611206055,0
-53.399845123291,0
-50.463436126709,0
-47.6049842834473,0
-45.9532051086426,0
-46.2925415039062,0
-48.175609588623,0
-49.3861770629883,0
-48.0431022644043,0
-44.7967376708984,0
-41.3676414489746,0
-37.6587066650391,0
-32.4469680786133,0
-26.5312156677246,0
-22.6089286804199,0
-21.5357265472412,0
-20.9005165100098,0
-18.128044128418,0
-13.1148128509521,0
-6.95375680923462,0
-0.103341899812222,0
6.78693342208862,0
12.1054553985596,0
15.3401441574097,0
18.6935348510742,0
24.5045223236084,0
31.791353225708,0
37.5456314086914,0
41.0995445251465,0
44.8528060913086,0
50.4730377197266,0
56.774471282959,0
62.2523002624512,0
67.5647125244141,0
73.9852523803711,0
81.0499267578125,0
87.617561340332,0
94.056510925293,0
101.131698608398,0
107.338562011719,0
109.919013977051,0
108.894004821777,0
107.852890014648,0
109.788055419922,0
113.942260742188,0
118.001434326172,0
121.763442993164,0
126.768753051758,0
133.205596923828,0
139.236206054688,0
143.344253540039,0
145.728439331055,0
147.092437744141,0
147.350448608398,0
146.059494018555,0
143.297210693359,0
139.609725952148,0
135.480178833008,0
130.928115844727,0
125.228523254395,0
117.258888244629,0
106.800804138184,0
95.2509536743164,0
84.2045135498047,0
73.5814666748047,0
62.1470489501953,0
49.5968017578125,0
36.8336410522461,0
24.3914852142334,0
12.2754259109497,0
1.43308806419373,0
-6.78084278106689,0
-13.4158782958984,0
-21.9831295013428,0
-34.0301666259766,0
-46.3547058105469,0
-54.6760635375977,0
-58.7605438232422,0
-61.5173072814941,0
-64.0919189453125,0
-65.0407409667969,0
-64.2981338500977,0
-64.4443664550781,0
-66.6966552734375,0
-68.586181640625,0
-67.8931350708008,0
-66.7513732910156,0
-68.9032287597656,0
-73.9861145019531,0
-77.8324661254883,0
-78.5585403442383,0
-79.2050399780273,0
-83.0232620239258,0
-88.6718139648438,0
-92.3605346679688,0
-93.2439727783203,0
-93.8910675048828,0
-95.7434234619141,0
-97.0286254882812,0
-96.1325225830078,0
-94.5461273193359,0
-94.3337707519531,0
-94.1110763549805,0
-90.257926940918,0
-82.0199737548828,0
-72.9415435791016,0
-66.5113143920898,0
-62.4097328186035,0
-58.2050628662109,0
-52.9072570800781,0
-47.0478057861328,0
-40.6042709350586,0
-33.2122688293457,0
-26.0003910064697,0
-20.9196834564209,0
-18.0046367645264,0
-15.2248401641846,0
-11.5197153091431,0
-8.11637496948242,0
-5.99028062820435,0
-3.76624655723572,0
0.416971772909164,0
6.05319166183472,0
10.8023262023926,0
13.3788404464722,0
14.6955680847168,0
16.4259967803955,0
19.4433097839355,0
23.5005874633789,0
27.5697250366211,0
30.5110378265381,0
31.9906558990479,0
32.6703186035156,0
33.1932144165039,0
33.3478164672852,0
32.5094337463379,0
30.2755966186523,0
26.3077373504639,0
20.5112552642822,0
14.1319723129272,0
9.66969680786133,0
8.51498985290527,0
9.38340377807617,0
10.3224153518677,0
11.5142726898193,0
14.4787731170654,0
19.0017604827881,0
22.8422565460205,0
24.6652717590332,0
25.5243701934814,0
26.9662418365479,0
29.1719989776611,0
31.5891437530518,0
34.061897277832,0
36.5547828674316,0
38.7830047607422,0
40.7809257507324,0
42.9288520812988,0
44.9451179504395,0
45.9331703186035,0
45.9691047668457,0
46.4396438598633,0
48.0863037109375,0
49.958797454834,0
51.2327079772949,0
52.7762107849121,0
55.5961112976074,0
58.7626762390137,0
60.4271583557129,0
60.2372131347656,0
59.2231521606445,0
57.7905578613281,0
55.429328918457,0
52.1513252258301,0
48.5856170654297,0
44.6421051025391,0
39.6278343200684,0
33.8596801757812,0
28.6783828735352,0
24.5660209655762,0
20.6778392791748,0
16.5618515014648,0
12.7664213180542,0
9.23922348022461,0
4.90993881225586,0
-0.193009853363037,0
-4.20980215072632,0
-6.26600074768066,0
-8.38301563262939,0
-12.6505994796753,0
-17.8181209564209,0
-21.0821399688721,0
-22.401668548584,0
-24.2602405548096,0
-27.347505569458,0
-29.4636325836182,0
-29.3186206817627,0
-28.5873203277588,0
-28.9234352111816,0
-29.4728202819824,0
-29.1979064941406,0
-29.559326171875,0
-32.5204086303711,0
-37.2667655944824,0
-41.3504638671875,0
-44.2866058349609,0
-47.6737785339355,0
-52.1706771850586,0
-56.6271438598633,0
-60.2083435058594,0
-63.3610801696777,0
-66.451774597168,0
-69.1961517333984,0
-71.7045211791992,0
-74.4765243530273,0
-77.0744018554688,0
-78.3839492797852,0
-78.5601806640625,0
-79.1777038574219,0
-80.9988098144531,0
-83.0786972045898,0
-84.5688323974609,0
-85.8517608642578,0
-87.2439727783203,0
-88.1590881347656,0
-88.3989028930664,0
-88.6515655517578,0
-88.5623245239258,0
-85.9290542602539,0
-79.4797821044922,0
-71.2097549438477,0
-64.0051956176758,0
-57.797004699707,0
-50.306941986084,0
-41.2702522277832,0
-33.3816528320312,0
-28.4090213775635,0
-24.5100250244141,0
-18.6992092132568,0
-10.4938154220581,0
-1.64444983005524,0
6.64549922943115,0
14.4679145812988,0
21.7218532562256,0
27.7312297821045,0
32.468204498291,0
36.610466003418,0
39.9871215820312,0
41.3289985656738,0
40.1390037536621,0
37.5500526428223,0
34.6124992370605,0
31.0645313262939,0
26.8644714355469,0
23.5679836273193,0
22.459493637085,0
22.2211170196533,0
20.5392284393311,0
17.6763191223145,0
16.21315574646,0
17.0559272766113,0
18.0159454345703,0
17.2167873382568,0
15.8177356719971,0
15.9351806640625,0
17.5301284790039,0
19.087272644043,0
20.0847034454346,0
20.778621673584,0
20.3906745910645,0
17.7499027252197,0
13.5392732620239,0
9.88372993469238,0
7.6328649520874,0
5.96268320083618,0
4.81637620925903,0
5.46158599853516,0
7.80088901519775,0
9.3768835067749,0
8.68327808380127,0
7.75278377532959,0
9.37776565551758,0
12.9404191970825,0
15.4843893051147,0
16.4758205413818,0
18.7787914276123,0
24.3194522857666,0
31.1140918731689,0
35.9143180847168,0
38.1706809997559,0
39.8358421325684,0
42.3466110229492,0
45.4583168029785,0
48.4774589538574,0
51.0273361206055,0
52.6656265258789,0
53.0243339538574,0
52.4919013977051,0
51.946720123291,0
51.8927307128906,0
52.5496711730957,0
54.3435516357422,0
57.2142639160156,0
59.7821350097656,0
60.543529510498,0
59.8020172119141,0
59.0399742126465,0
58.3880043029785,0
56.3044662475586,0
52.0304832458496,0
46.6723747253418,0
41.2595443725586,0
35.4556083679199,0
29.1720809936523,0
23.7954883575439,0
20.3307456970215,0
17.5430755615234,0
13.5393095016479,0
8.28917217254639,0
2.97553157806396,0
-2.34645223617554,0
-8.53652667999268,0
-15.1590166091919,0
-20.394172668457,0
-23.3515129089355,0
-24.9758644104004,0
-26.386661529541,0
-27.6193256378174,0
-28.3202476501465,0
-28.508150100708,0
-28.2913665771484,0
-27.8660106658936,0
-28.042818069458,0
-29.5999317169189,0
-31.6954212188721,0
-32.1737365722656,0
-30.2637615203857,0
-27.9792613983154,0
-27.7394142150879,0
-29.136568069458,0
-29.2387313842773,0
-26.090841293335,0
-20.9150905609131,0
-16.368278503418,0
-13.2698469161987,0
-10.0174694061279,0
-5.37793588638306,0
-0.861372828483582,0
0.727087736129761,0
-1.2118684053421,0
-4.32171249389648,0
-6.30993604660034,0
-7.42212533950806,0
-9.20761966705322,0
-12.0939826965332,0
-15.4099435806274,0
-18.8595085144043,0
-22.4065742492676,0
-25.1637573242188,0
-25.9704208374023,0
-24.9797515869141,0
-23.2920951843262,0
-21.0506896972656,0
-17.3406238555908,0
-12.1707649230957,0
-7.13661527633667,0
-3.59063053131104,0
-1.27918636798859,0
0.615882337093353,0
2.03661775588989,0
2.35999894142151,0
1.53215944766998,0
0.294897615909576,0
-0.380797266960144,0
0.127163767814636,0
1.5374014377594,0
2.46608543395996,0
1.43206584453583,0
-1.52639138698578,0
-4.70404672622681,0
-6.5660605430603,0
-7.3476300239563,0
-8.50833129882812,0
-11.028450012207,0
-14.7449636459351,0
-19.1316871643066,0
-24.0582714080811,0
-29.4803504943848,0
-34.7505302429199,0
-38.8772430419922,0
-41.6727180480957,0
-44.1290702819824,0
-47.1428718566895,0
-50.2344970703125,0
-52.2356414794922,0
-52.9737892150879,0
-53.370532989502,0
-54.0459327697754,0
-54.9901924133301,0
-56.6454658508301,0
-59.8683128356934,0
-64.3221054077148,0
-68.2451934814453,0
-70.540397644043,0
-71.8932952880859,0
-73.1098327636719,0
-73.7732162475586,0
-73.5949020385742,0
-73.5866622924805,0
-74.3109970092773,0
-74.1986923217773,0
-71.5778350830078,0
-67.6496124267578,0
-65.3750610351562,0
-65.6134872436523,0
-66.2355880737305,0
-65.0908584594727,0
-62.0783042907715,0
-57.9728012084961,0
-52.8201217651367,0
-46.194953918457,0
-38.073055267334,0
-29.0122203826904,0
-20.1374912261963,0
-12.8538455963135,0
-7.61625337600708,0
-3.20007801055908,0
1.57189464569092,0
5.61231279373169,0
6.71997356414795,0
5.01516819000244,0
3.33502101898193,0
3.65408825874329,0
4.97484827041626,0
5.65636539459229,0
5.8554949760437,0
6.08664608001709,0
5.07005977630615,0
1.35692846775055,0
-3.62936210632324,0
-6.47659349441528,0
-5.7341136932373,0
-3.17480063438416,0
-1.01690912246704,0
0.27347657084465,0
0.969443202018738,0
0.757255136966705,0
-0.394513189792633,0
-1.23823356628418,0
-0.467009603977203,0
1.56316649913788,0
3.28386998176575,0
3.70538687705994,0
2.98822474479675,0
1.65761256217957,0
0.152588173747063,0
-1.00221312046051,0
-1.36273312568665,0
-0.932864785194397,0
0.120106995105743,0
1.94935250282288,0
4.66088342666626,0
7.6521372795105,0
10.0581684112549,0
11.9016456604004,0
14.1236486434937,0
17.3080234527588,0
21.0060043334961,0
24.6033325195312,0
28.2031764984131,0
32.0452270507812,0
35.4477043151855,0
37.1757469177246,0
36.9682426452637,0
35.975830078125,0
35.2510070800781,0
34.3888778686523,0
32.4728660583496,0
30.1051788330078,0
29.3533039093018,0
31.2816257476807,0
34.507682800293,0
37.0075721740723,0
38.6324577331543,0
40.7422103881836,0
43.7209663391113,0
46.1226959228516,0
46.4251937866211,0
44.6751899719238,0
42.1777648925781,0
40.3046188354492,0
39.6555786132812,0
39.4959945678711,0
37.8797454833984,0
33.2781066894531,0
26.3579883575439,0
19.3027038574219,0
13.2456226348877,0
7.44744491577148,0
1.19993901252747,0
-4.87252616882324,0
-10.0554170608521,0
-14.7173557281494,0
-19.2180347442627,0
-22.7811183929443,0
-24.728084564209,0
-26.0227508544922,0
-28.2175121307373,0
-31.2881126403809,0
-33.6858100891113,0
-34.2179336547852,0
-32.8616828918457,0
-30.1421947479248,0
-26.9009761810303,0
-24.46311378479,0
-23.8076114654541,0
-24.4139347076416,0
-24.683277130127,0
-23.4415550231934,0
-20.474027633667,0
-16.1308059692383,0
-11.3566341400146,0
-7.47466993331909,0
-4.54951524734497,0
-0.42060786485672,0
6.89118003845215,0
15.9529523849487,0
23.1385459899902,0
27.3970623016357,0
31.4735908508301,0
37.2547187805176,0
42.2306976318359,0
42.8597793579102,0
40.0030097961426,0
38.1919212341309,0
39.8381118774414,0
42.9439392089844,0
45.0816497802734,0
47.0398063659668,0
51.0133094787598,0
57.0274925231934,0
63.1739921569824,0
68.4404983520508,0
73.309455871582,0
77.898307800293,0
81.3983306884766,0
83.5200500488281,0
84.8351287841797,0
85.186393737793,0
83.2413940429688,0
78.5391693115234,0
72.9367828369141,0
68.9497833251953,0
67.2193832397461,0
66.5336685180664,0
65.9458541870117,0
65.9124450683594,0
67.3561096191406,0
70.2801971435547,0
73.4884033203125,0
75.482795715332,0
75.7776031494141,0
75.4975738525391,0
76.3803863525391,0
78.9438858032227,0
81.985710144043,0
84.2243194580078,0
86.1257705688477,0
89.6780471801758,0
96.3925552368164,0
105.672035217285,0
115.110084533691,0
122.541313171387,0
128.032196044922,0
133.561798095703,0
140.348327636719,0
147.074188232422,0
151.635879516602,0
154.018630981445,0
155.889236450195,0
157.551330566406,0
157.292617797852,0
154.258453369141,0
150.012588500977,0
146.107925415039,0
141.679306030273,0
134.878860473633,0
125.561454772949,0
115.08528137207,0
104.24666595459,0
92.7552185058594,0
80.2073516845703,0
66.5321350097656,0
52.029167175293,0
37.7123832702637,0
24.7517166137695,0
12.8821907043457,0
0.642934262752533,0
-11.8914270401001,0
-22.3131217956543,0
-29.3901062011719,0
-35.763973236084,0
-44.950927734375,0
-56.7693214416504,0
-68.1363830566406,0
-77.6058578491211,0
-86.4343719482422,0
-95.375732421875,0
-103.146842956543,0
-108.590827941895,0
-112.238494873047,0
-115.126724243164,0
-117.760551452637,0
-120.574806213379,0
-123.705497741699,0
-126.081634521484,0
-126.65161895752,0
-126.808410644531,0
-129.437072753906,0
-134.916198730469,0
-140.294677734375,0
-143.437042236328,0
-145.682083129883,0
-148.74870300293,0
-151.02734375,0
-149.324966430664,0
-143.325714111328,0
-136.148773193359,0
-130.782669067383,0
-127.567977905273,0
-124.943603515625,0
-121.276222229004,0
-116.115264892578,0
-110.801528930664,0
-107.627075195312,0
-107.421005249023,0
-108.40015411377,0
-108.425804138184,0
-107.697875976562,0
-107.79515838623,0
-108.696136474609,0
-108.668403625488,0
-106.964042663574,0
-104.593154907227,0
-102.109901428223,0
-98.6435241699219,0
-93.8951950073242,0
-89.1914749145508,0
-85.2132034301758,0
-80.0832824707031,0
-71.3117294311523,0
-58.8496513366699,0
-44.7906265258789,0
-30.5832996368408,0
-15.871696472168,0
0.236763313412666,0
17.9574165344238,0
36.5931549072266,0
54.265251159668,0
68.0226211547852,0
75.6155395507812,0
77.6038436889648,0
76.9087905883789,0
76.0327606201172,0
75.3597030639648,0
74.109992980957,0
71.8079833984375,0
68.2545928955078,0
62.9071388244629,0
55.271541595459,0
45.9433708190918,0
36.8036003112793,0
29.8521690368652,0
25.6258201599121,0
22.8154335021973,0
19.9148731231689,0
17.363109588623,0
17.2286224365234,0
20.2251815795898,0
24.0732250213623,0
26.0650901794434,0
26.5036544799805,0
27.8915977478027,0
31.0659637451172,0
34.2041244506836,0
35.8715171813965,0
36.8247909545898,0
37.9456939697266,0
38.5748748779297,0
38.4241752624512,0
39.3060073852539,0
42.9288330078125,0
48.2286109924316,0
52.9562721252441,0
56.8244895935059,0
60.7440299987793,0
63.8821678161621,0
64.4551391601562,0
63.2595481872559,0
63.2354164123535,0
64.8739013671875,0
65.1036758422852,0
62.0597839355469,0
58.137451171875,0
56.3172760009766,0
55.8698921203613,0
54.3019866943359,0
51.7463722229004,0
50.3270378112793,0
50.1330528259277,0
49.1106147766113,0
46.9902153015137,0
46.3272094726562,0
48.7708587646484,0
52.5656623840332,0
54.9011573791504,0
55.0745849609375,0
54.1637344360352,0
52.896728515625,0
51.2349433898926,0
49.4586181640625,0
48.5003662109375,0
49.0649871826172,0
50.6410293579102,0
51.4272842407227,0
49.7845077514648,0
46.3706817626953,0
44.1252365112305,0
44.9569206237793,0
47.0459060668945,0
46.9966278076172,0
44.1926765441895,0
41.0324172973633,0
39.0904197692871,0
37.5495834350586,0
35.8188591003418,0
34.9947090148926,0
35.5670051574707,0
36.0730133056641,0
35.5388107299805,0
35.1009407043457,0
35.5380706787109,0
35.3945846557617,0
33.6506729125977,0
32.1343193054199,0
32.6371841430664,0
33.453498840332,0
31.94016456604,0
29.1643905639648,0
28.3938694000244,0
29.649694442749,0
29.6696834564209,0
27.4267158508301,0
25.7019596099854,0
26.0940399169922,0
26.1706237792969,0
23.5381717681885,0
19.6705188751221,0
17.1502857208252,0
15.4228811264038,0
12.2114009857178,0
7.76089572906494,0
4.76567268371582,0
4.53937244415283,0
5.60618019104004,0
5.95841884613037,0
4.73333930969238,0
1.62301135063171,0
-3.52781653404236,0
-10.0169162750244,0
-16.3544445037842,0
-21.4880142211914,0
-25.370138168335,0
-28.4772624969482,0
-31.5973052978516,0
-35.832218170166,0
-41.704647064209,0
-48.1773376464844,0
-53.4154891967773,0
-56.6381988525391,0
-58.6622619628906,0
-60.8341674804688,0
-64.0806350708008,0
-68.5952453613281,0
-73.4954986572266,0
-77.0501861572266,0
-78.2666015625,0
-78.1112365722656,0
-78.2695388793945,0
-79.0719757080078,0
-79.7734985351562,0
-80.3859405517578,0
-81.5619964599609,0
-82.7600860595703,0
-82.4242401123047,0
-80.4063949584961,0
-78.4299087524414,0
-77.4538803100586,0
-76.2909927368164,0
-73.7764511108398,0
-70.5758209228516,0
-67.4694976806641,0
-63.385196685791,0
-56.9639320373535,0
-49.064037322998,0
-41.8106727600098,0
-35.7910346984863,0
-30.0438385009766,0
-24.3895969390869,0
-19.7802276611328,0
-16.3608226776123,0
-13.06369972229,0
-9.36051273345947,0
-5.62621593475342,0
-1.33299374580383,0
5.23352193832397,0
14.4281234741211,0
23.8253154754639,0
30.581563949585,0
34.3686485290527,0
36.9927253723145,0
39.9595527648926,0
43.5038604736328,0
47.2859153747559,0
50.6737098693848,0
52.5507469177246,0
52.1023864746094,0
50.0746955871582,0
48.5345077514648,0
49.1023597717285,0
51.7067451477051,0
54.9815483093262,0
57.5144386291504,0
58.8752136230469,0
59.8621635437012,0
61.6473388671875,0
64.432258605957,0
67.3134307861328,0
69.791633605957,0
72.6766967773438,0
76.6399230957031,0
80.5063400268555,0
82.3026580810547,0
81.7184066772461,0
79.9602966308594,0
77.1618347167969,0
71.9858703613281,0
64.6149826049805,0
57.987190246582,0
54.1379470825195,0
50.7815780639648,0
44.0262603759766,0
33.7743072509766,0
23.6258373260498,0
15.4296674728394,0
7.06746768951416,0
-3.28840088844299,0
-13.745641708374,0
-21.7220134735107,0
-28.104190826416,0
-35.4839553833008,0
-43.6838569641113,0
-50.350170135498,0
-55.5137634277344,0
-62.1169166564941,0
-71.4206695556641,0
-80.911376953125,0
-88.0210113525391,0
-93.4352188110352,0
-99.1360626220703,0
-105.31763458252,0
-111.212471008301,0
-117.295364379883,0
-124.388069152832,0
-131.554641723633,0
-136.983947753906,0
-140.341903686523,0
-142.427795410156,0
-143.214126586914,0
-142.267196655273,0
-140.548965454102,0
-139.465896606445,0
-138.284317016602,0
-134.964920043945,0
-129.873092651367,0
-126.147720336914,0
-125.541610717773,0
-126.253105163574,0
-126.106643676758,0
-125.519165039062,0
-125.395622253418,0
-124.154457092285,0
-119.617416381836,0
-112.820442199707,0
-107.119583129883,0
-103.765502929688,0
-100.954971313477,0
-97.3723831176758,0
-93.968879699707,0
-91.4138717651367,0
-88.2942352294922,0
-83.4710540771484,0
-78.4985122680664,0
-75.878532409668,0
-75.9166488647461,0
-76.8168487548828,0
-77.0040893554688,0
-75.8812408447266,0
-73.1725463867188,0
-69.3097534179688,0
-66.0520401000977,0
-65.0387802124023,0
-65.8410415649414,0
-66.7839126586914,0
-67.3474426269531,0
-68.2428512573242,0
-69.5139999389648,0
-70.4490127563477,0
-71.2632904052734,0
-72.785888671875,0
-74.2308349609375,0
-73.4762420654297,0
-70.246826171875,0
-66.8994216918945,0
-65.0048370361328,0
-63.1837310791016,0
-59.7728691101074,0
-55.7626762390137,0
-53.1274070739746,0
-51.5544624328613,0
-48.9385070800781,0
-44.3522186279297,0
-38.5576591491699,0
-32.0624618530273,0
-24.6524620056152,0
-16.8540706634521,0
-10.1719903945923,0
-5.45077991485596,0
-1.94102704524994,0
1.90049147605896,0
7.3307032585144,0
14.6909084320068,0
23.003288269043,0
30.5398979187012,0
36.5857048034668,0
42.1455039978027,0
48.119010925293,0
53.5793266296387,0
57.006290435791,0
58.4385986328125,0
58.947093963623,0
58.6019248962402,0
56.6748352050781,0
53.5265350341797,0
50.4319381713867,0
47.4434089660645,0
43.2097015380859,0
37.3855590820312,0
31.7111988067627,0
28.0025405883789,0
26.1845550537109,0
24.9120483398438,0
23.1067848205566,0
20.2166004180908,0
15.8874769210815,0
10.2826404571533,0
4.27118825912476,0
-1.40160012245178,0
-6.94260311126709,0
-13.1765375137329,0
-20.664608001709,0
-29.3411865234375,0
-38.5689315795898,0
-47.2731246948242,0
-54.5263977050781,0
-60.4708938598633,0
-66.3234634399414,0
-73.0083847045898,0
-80.1206970214844,0
-86.825439453125,0
-93.4278106689453,0
-101.020965576172,0
-109.443237304688,0
-116.771606445312,0
-121.641014099121,0
-125.152923583984,0
-129.306213378906,0
-134.260513305664,0
-138.829559326172,0
-143.323257446289,0
-149.624755859375,0
-157.932632446289,0
-165.768692016602,0
-171.527038574219,0
-176.848815917969,0
-183.495330810547,0
-189.770523071289,0
-192.829605102539,0
-193.367309570312,0
-194.82698059082,0
-198.325927734375,0
-201.659530639648,0
-203.650924682617,0
-206.047714233398,0
-209.766677856445,0
-212.311614990234,0
-211.168930053711,0
-207.628890991211,0
-204.698150634766,0
-202.60563659668,0
-199.082931518555,0
-193.524627685547,0
-188.197311401367,0
-184.970123291016,0
-183.006393432617,0
-180.642715454102,0
-178.011337280273,0
-176.415344238281,0
-175.81884765625,0
-174.425567626953,0
-170.938201904297,0
-166.242538452148,0
-162.237426757812,0
-159.530136108398,0
-157.086929321289,0
-153.969757080078,0
-150.413955688477,0
-146.842193603516,0
-142.661727905273,0
-136.758087158203,0
-128.757659912109,0
-119.231086730957,0
-109.04044342041,0
-98.988410949707,0
-89.5817031860352,0
-80.4488067626953,0
-70.4212188720703,0
-58.9138832092285,0
-46.8549766540527,0
-35.5539283752441,0
-25.0409049987793,0
-14.2242860794067,0
-2.26479768753052,0
10.8790102005005,0
24.6931209564209,0
38.1327934265137,0
50.1429748535156,0
61.1205825805664,0
73.0081024169922,0
86.6214599609375,0
99.6842803955078,0
109.242523193359,0
115.618850708008,0
122.181396484375,0
131.330200195312,0
142.427658081055,0
153.568969726562,0
163.458129882812,0
171.413711547852,0
177.632858276367,0
184.025329589844,0
192.8134765625,0
203.438888549805,0
212.606781005859,0
218.330139160156,0
222.153060913086,0
226.187347412109,0
229.83918762207,0
231.429718017578,0
231.822891235352,0
234.101135253906,0
239.782424926758,0
247.105850219727,0
253.242340087891,0
256.871124267578,0
258.250671386719,0
257.865631103516,0
255.796325683594,0
252.209014892578,0
248.038619995117,0
244.828659057617,0
243.461380004883,0
243.034912109375,0
241.593460083008,0
238.168472290039,0
233.484909057617,0
228.518585205078,0
223.385147094727,0
218.26203918457,0
214.366714477539,0
212.834991455078,0
213.066009521484,0
213.231536865234,0
212.231842041016,0
210.303268432617,0
207.958221435547,0
205.328552246094,0
202.585586547852,0
200.181488037109,0
198.498779296875,0
197.697982788086,0
197.69384765625,0
197.688751220703,0
196.169097900391,0
192.391860961914,0
187.626342773438,0
183.63981628418,0
179.955322265625,0
174.168319702148,0
165.464691162109,0
156.183410644531,0
148.778244018555,0
142.629852294922,0
135.527236938477,0
127.371040344238,0
120.316787719727,0
115.449295043945,0
111.47501373291,0
107.241348266602,0
103.617279052734,0
101.726570129395,0
100.78254699707,0
99.2036209106445,0
96.9772796630859,0
95.2918090820312,0
94.2924118041992,0
92.9356918334961,0
91.1327819824219,0
90.3296432495117,0
91.2177352905273,0
92.1191482543945,0
90.8059539794922,0
87.3539199829102,0
84.0543899536133,0
82.5761566162109,0
82.2387466430664,0
81.4680023193359,0
80.1447296142578,0
79.603759765625,0
80.4906616210938,0
81.6725463867188,0
81.8255767822266,0
81.4191055297852,0
82.2220077514648,0
85.0610198974609,0
88.9261245727539,0
92.2080078125,0
93.9016189575195,0
93.6343231201172,0
91.7520523071289,0
89.7668991088867,0
89.4836120605469,0
90.8998107910156,0
91.8951568603516,0
90.74169921875,0
87.9972076416016,0
85.1576232910156,0
82.5540313720703,0
79.6729431152344,0
76.4821166992188,0
72.9971313476562,0
68.3353118896484,0
61.8075141906738,0
54.5090599060059,0
48.369930267334,0
43.9970703125,0
40.8207778930664,0
38.8512802124023,0
38.5895309448242,0
39.3842430114746,0
39.5398559570312,0
38.1580429077148,0
35.601749420166,0
32.3466873168945,0
28.8229198455811,0
26.1354789733887,0
25.1899662017822,0
24.9893264770508,0
23.3610820770264,0
19.56272315979,0
14.8412189483643,0
10.4758729934692,0
6.69354581832886,0
3.299644947052,0
-0.280050724744797,0
-5.31875276565552,0
-12.1760740280151,0
-18.5471839904785,0
-21.663106918335,0
-22.3857288360596,0
-24.5313186645508,0
-29.5192413330078,0
-34.3660430908203,0
-36.1413269042969,0
-35.8781356811523,0
-36.408031463623,0
-38.5227088928223,0
-41.3371734619141,0
-44.7605018615723,0
-49.3456382751465,0
-54.7128067016602,0
-60.0896682739258,0
-65.6677398681641,0
-71.7769165039062,0
-77.5330276489258,0
-81.9431915283203,0
-85.5498580932617,0
-89.3227462768555,0
-92.7946929931641,0
-95.1908111572266,0
-97.5803375244141,0
-101.599090576172,0
-106.48560333252,0
-109.974258422852,0
-112.200073242188,0
-115.940521240234,0
-122.171867370605,0
-128.047866821289,0
-130.886245727539,0
-132.002792358398,0
-134.469207763672,0
-138.608215332031,0
-142.166854858398,0
-144.132385253906,0
-145.827255249023,0
-148.294525146484,0
-150.881744384766,0
-152.796997070312,0
-154.074768066406,0
-154.361221313477,0
-152.572204589844,0
-148.727783203125,0
-144.620178222656,0
-141.571319580078,0
-138.821853637695,0
-135.298263549805,0
-131.708633422852,0
-129.395782470703,0
-128.072937011719,0
-126.386154174805,0
-124.168403625488,0
-122.437080383301,0
-121.343940734863,0
-119.7001953125,0
-116.612998962402,0
-112.249008178711,0
-106.867202758789,0
-100.401596069336,0
-93.2199172973633,0
-86.0475616455078,0
-78.8388824462891,0
-70.9148712158203,0
-62.494010925293,0
-54.7082290649414,0
-47.6165657043457,0
-39.7630195617676,0
-30.6429710388184,0
-22.0657863616943,0
-15.5508413314819,0
-9.57243633270264,0
-1.37064158916473,0
9.1540002822876,0
19.5537261962891,0
28.6765174865723,0
37.8969268798828,0
47.8214530944824,0
56.2379684448242,0
61.117862701416,0
63.9862747192383,0
68.1000213623047,0
74.165771484375,0
80.1327438354492,0
84.8600845336914,0
89.5582427978516,0
95.2298889160156,0
100.97038269043,0
105.872688293457,0
110.788551330566,0
116.664367675781,0
122.310203552246,0
125.449516296387,0
125.363899230957,0
123.059791564941,0
119.246772766113,0
113.706466674805,0
106.734825134277,0
99.8106079101562,0
94.1813888549805,0
89.4470977783203,0
84.0310592651367,0
76.7361450195312,0
67.6389770507812,0
57.8210830688477,0
48.5034370422363,0
40.2678375244141,0
32.8402671813965,0
25.4548568725586,0
17.3062419891357,0
7.75483226776123,0
-3.51278328895569,0
-16.2709999084473,0
-29.8042182922363,0
-43.2280883789062,0
-55.6844024658203,0
-66.5085372924805,0
-75.7796783447266,0
-84.6686935424805,0
-94.5323486328125,0
-105.441223144531,0
-116.186012268066,0
-125.881790161133,0
-134.795684814453,0
-143.332580566406,0
-151.228271484375,0
-158.471878051758,0
-166.142471313477,0
-175.2197265625,0
-185.002334594727,0
-193.818283081055,0
-201.189575195312,0
-208.300018310547,0
-216.205947875977,0
-224.403381347656,0
-231.47688293457,0
-236.693084716797,0
-240.693984985352,0
-244.792022705078,0
-249.603988647461,0
-254.352920532227,0
-257.803863525391,0
-259.889312744141,0
-261.70947265625,0
-263.685180664062,0
-264.745819091797,0
-264.064788818359,0
-262.496612548828,0
-261.094177246094,0
-259.210784912109,0
-255.729644775391,0
-251.350463867188,0
-247.465850830078,0
-243.174774169922,0
-236.13020324707,0
-226.777389526367,0
-218.915924072266,0
-214.704116821289,0
-211.565856933594,0
-205.98518371582,0
-198.287933349609,0
-191.174606323242,0
-185.043121337891,0
-177.737564086914,0
-168.31787109375,0
-158.203826904297,0
-148.572280883789,0
-139.272552490234,0
-130.771102905273,0
-124.72095489502,0
-121.653709411621,0
-119.99626159668,0
-118.309631347656,0
-116.913703918457,0
-116.562255859375,0
-117.226623535156,0
-119.023941040039,0
-122.493431091309,0
-126.814666748047,0
-129.608703613281,0
-130.015579223633,0
-130.268585205078,0
-132.391937255859,0
-134.855560302734,0
-134.715835571289,0
-131.921051025391,0
-128.94660949707,0
-126.711303710938,0
-123.463722229004,0
-117.82950592041,0
-110.672691345215,0
-103.43083190918,0
-96.4302139282227,0
-89.3809814453125,0
-82.0062713623047,0
-73.7689208984375,0
-64.4219818115234,0
-55.1131172180176,0
-47.4181327819824,0
-41.0709838867188,0
-34.4101448059082,0
-27.3211517333984,0
-21.509162902832,0
-17.0884265899658,0
-11.3637838363647,0
-2.59757447242737,0
7.17179441452026,0
15.3063049316406,0
22.9253177642822,0
33.3164100646973,0
46.7672386169434,0
59.9286308288574,0
70.6039733886719,0
80.6938323974609,0
93.4711837768555,0
109.751762390137,0
127.838798522949,0
145.837936401367,0
162.739013671875,0
178.140258789062,0
192.297134399414,0
206.187927246094,0
220.572113037109,0
235.089111328125,0
248.930740356445,0
262.155944824219,0
275.608245849609,0
289.677520751953,0
303.947875976562,0
318.132110595703,0
332.50244140625,0
346.934875488281,0
360.12890625,0
370.548217773438,0
378.073883056641,0
384.067443847656,0
389.494903564453,0
393.414031982422,0
393.9169921875,0
390.600677490234,0
385.51416015625,0
381.177795410156,0
377.929748535156,0
373.855621337891,0
367.302490234375,0
358.639526367188,0
349.14306640625,0
338.993774414062,0
327.404968261719,0
314.409729003906,0
301.270416259766,0
288.781707763672,0
276.133636474609,0
262.087646484375,0
246.641174316406,0
230.867431640625,0
215.616119384766,0
201.141220092773,0
187.661148071289,0
175.346313476562,0
163.700622558594,0
151.737350463867,0
139.101257324219,0
126.619651794434,0
115.490524291992,0
106.087669372559,0
97.5662307739258,0
88.4468841552734,0
77.7504119873047,0
65.9384384155273,0
54.6354179382324,0
45.0121040344238,0
36.553337097168,0
27.8769340515137,0
18.5572910308838,0
9.39494323730469,0
0.933668613433838,0
-7.28138637542725,0
-15.5956592559814,0
-23.397855758667,0
-30.2469730377197,0
-37.2018241882324,0
-45.8738784790039,0
-56.2469291687012,0
-66.4784164428711,0
-75.0997314453125,0
-82.5053863525391,0
-89.7586975097656,0
-96.7107925415039,0
-102.221000671387,0
-105.945068359375,0
-108.929527282715,0
-112.285270690918,0
-116.088821411133,0
-119.998413085938,0
-124.236305236816,0
-129.194519042969,0
-134.408493041992,0
-138.770721435547,0
-141.785736083984,0
-143.956176757812,0
-145.878601074219,0
-147.632781982422,0
-149.176391601562,0
-150.59700012207,0
-151.720458984375,0
-152.211318969727,0
-152.371109008789,0
-153.023803710938,0
-154.234176635742,0
-155.129119873047,0
-155.543151855469,0
-156.614547729492,0
-158.794342041016,0
-160.593841552734,0
-160.786514282227,0
-160.603530883789,0
-161.719009399414,0
-163.094421386719,0
-162.491683959961,0
-160.602600097656,0
-160.470291137695,0
-162.501235961914,0
-163.454360961914,0
-161.538619995117,0
-159.124755859375,0
-158.39176940918,0
-157.521896362305,0
-154.233306884766,0
-150.428787231445,0
-149.411987304688,0
-150.055068969727,0
-147.965377807617,0
-141.936340332031,0
-135.141067504883,0
-129.732269287109,0
-124.309028625488,0
-117.691551208496,0
-111.309867858887,0
-106.016876220703,0
-99.8833694458008,0
-91.5834655761719,0
-83.2610626220703,0
-77.2463226318359,0
-72.0558776855469,0
-64.8057403564453,0
-56.1999549865723,0
-49.7353439331055,0
-46.3849639892578,0
-43.2559814453125,0
-37.9303894042969,0
-31.4598598480225,0
-26.0617866516113,0
-21.873929977417,0
-17.3674926757812,0
-11.7945566177368,0
-5.91077995300293,0
-0.705763578414917,0
3.7357714176178,0
8.23277950286865,0
13.7825155258179,0
20.7984657287598,0
28.9946784973145,0
38.009407043457,0
47.7386016845703,0
57.7397003173828,0
66.9485397338867,0
74.8705368041992,0
82.6970291137695,0
92.029899597168,0
102.248085021973,0
110.139381408691,0
112.826301574707,0
110.645629882812,0
106.615409851074,0
103.299591064453,0
100.726913452148,0
97.3711624145508,0
92.5013656616211,0
86.8992004394531,0
81.4277877807617,0
75.9098052978516,0
70.0110244750977,0
64.3528747558594,0
59.5531730651855,0
54.6611862182617,0
48.1664237976074,0
40.6478805541992,0
34.6993293762207,0
31.5874824523926,0
29.553337097168,0
26.4082641601562,0
22.3938026428223,0
19.1994514465332,0
17.4287528991699,0
16.6692008972168,0
17.1136169433594,0
19.2183723449707,0
22.2105312347412,0
24.7486171722412,0
26.9082717895508,0
29.8431091308594,0
33.5407905578613,0
36.6295204162598,0
38.5496711730957,0
40.2038078308105,0
42.107738494873,0
43.5970611572266,0
44.3997421264648,0
45.2331733703613,0
45.9896049499512,0
45.1023063659668,0
42.0263710021973,0
38.7837905883789,0
37.3491859436035,0
36.8108520507812,0
35.230842590332,0
33.3429412841797,0
33.7315788269043,0
36.5566024780273,0
39.0807685852051,0
40.2704391479492,0
43.026782989502,0
49.9553909301758,0
59.075740814209,0
66.3091049194336,0
70.9475631713867,0
75.7816848754883,0
82.274772644043,0
88.6549682617188,0
93.2750473022461,0
97.0500183105469,0
101.278869628906,0
105.334426879883,0
108.259262084961,0
110.912376403809,0
114.554481506348,0
118.561416625977,0
121.574096679688,0
123.938980102539,0
126.839706420898,0
129.773910522461,0
131.457641601562,0
133.093414306641,0
138.023483276367,0
147.373458862305,0
158.176223754883,0
166.807495117188,0
172.470886230469,0
176.203979492188,0
178.28239440918,0
178.341751098633,0
176.912094116211,0
174.992309570312,0
172.562072753906,0
168.929779052734,0
164.193298339844,0
159.068923950195,0
153.550170898438,0
147.009780883789,0
139.520797729492,0
131.846450805664,0
124.059852600098,0
115.362892150879,0
105.593338012695,0
95.9531784057617,0
87.8462295532227,0
81.7509613037109,0
77.5447540283203,0
75.0591049194336,0
73.7073669433594,0
72.2188491821289,0
69.522087097168,0
65.6977081298828,0
61.6401252746582,0
58.0791778564453,0
55.3018836975098,0
53.3563423156738,0
51.8506546020508,0
49.7866172790527,0
46.3269882202148,0
41.7773475646973,0
37.3050346374512,0
33.6994132995605,0
30.8965034484863,0
28.6204357147217,0
26.7742786407471,0
25.0983810424805,0
23.239294052124,0
21.512939453125,0
20.8450698852539,0
21.3613510131836,0
21.6912078857422,0
20.5369281768799,0
18.5495452880859,0
17.6537380218506,0
18.6119823455811,0
20.2888450622559,0
21.4648189544678,0
22.2413005828857,0
23.0693664550781,0
23.4122314453125,0
22.4588432312012,0
20.6345119476318,0
19.1406650543213,0
17.9780673980713,0
15.5666360855103,0
10.7741003036499,0
4.53430509567261,0
-1.10444819927216,0
-4.99088573455811,0
-7.37200593948364,0
-8.85583591461182,0
-9.63102531433105,0
-9.62928771972656,0
-8.82421684265137,0
-7.16709566116333,0
-4.52941608428955,0
-0.937896013259888,0
3.10405683517456,0
6.57867431640625,0
8.52570152282715,0
9.00699329376221,0
9.2441930770874,0
10.0941247940063,0
10.4866819381714,0
8.42050552368164,0
3.78184199333191,0
-1.00697696208954,0
-3.78546452522278,0
-4.88077592849731,0
-5.58916759490967,0
-5.85928821563721,0
-5.26538562774658,0
-5.30643177032471,0
-8.32602596282959,0
-14.1428031921387,0
-19.9474182128906,0
-24.0161647796631,0
-27.5168952941895,0
-31.8310623168945,0
-36.0439834594727,0
-38.4961929321289,0
-39.3778915405273,0
-40.108341217041,0
-41.0055274963379,0
-41.2279281616211,0
-40.6082038879395,0
-39.968635559082,0
-39.5962409973145,0
-38.7726783752441,0
-37.2421913146973,0
-36.1297416687012,0
-36.6302833557129,0
-38.2099723815918,0
-38.9120140075684,0
-37.6069068908691,0
-35.380542755127,0
-34.1463241577148,0
-34.1442527770996,0
-33.6699256896973,0
-31.4132652282715,0
-28.0316791534424,0
-24.8353614807129,0
-22.0169982910156,0
-19.270450592041,0
-17.2141036987305,0
-16.630277633667,0
-16.7562446594238,0
-15.9248380661011,0
-13.7145137786865,0
-11.0159063339233,0
-8.26852416992188,0
-5.29173040390015,0
-2.57773733139038,0
-0.752833068370819,0
1.20255076885223,0
4.97842502593994,0
9.94362735748291,0
13.48655128479,0
14.8361482620239,0
15.9706220626831,0
17.8363246917725,0
18.4648723602295,0
16.4427032470703,0
13.6376342773438,0
12.3217477798462,0
11.8218727111816,0
10.5175104141235,0
9.21692943572998,0
9.61449813842773,0
10.7875413894653,0
10.3877439498901,0
8.585036277771,0
7.78173780441284,0
8.69546794891357,0
9.61099815368652,0
9.52138900756836,0
9.17492485046387,0
8.63327884674072,0
6.5254054069519,0
2.56185245513916,0
-1.56415402889252,0
-4.77655935287476,0
-7.99013423919678,0
-11.7444429397583,0
-14.5297651290894,0
-15.1465311050415,0
-15.2080497741699,0
-17.3082141876221,0
-21.4398765563965,0
-25.1251163482666,0
-27.0539779663086,0
-28.9908123016357,0
-33.4074058532715,0
-40.1159896850586,0
-46.2623100280762,0
-49.6364784240723,0
-51.0714492797852,0
-52.8860626220703,0
-55.6631660461426,0
-58.0175857543945,0
-59.4412231445312,0
-61.3046760559082,0
-64.0574722290039,0
-65.4321212768555,0
-63.3610687255859,0
-59.2483711242676,0
-55.9770126342773,0
-53.7058906555176,0
-50.5351676940918,0
-46.8944892883301,0
-45.8246154785156,0
-48.1559219360352,0
-50.5852928161621,0
-50.1631011962891,0
-48.1138954162598,0
-47.149845123291,0
-47.1240653991699,0
-45.920970916748,0
-43.2871932983398,0
-41.0129776000977,0
-39.8003234863281,0
-38.3510932922363,0
-35.4793663024902,0
-31.081657409668,0
-25.0150604248047,0
-17.0148887634277,0
-7.94128513336182,0
0.782221972942352,0
9.29992866516113,0
19.0215187072754,0
29.8017139434814,0
39.5627021789551,0
47.5822601318359,0
55.9830284118652,0
66.5609741210938,0
78.1286926269531,0
88.7986679077148,0
98.9688873291016,0
109.540641784668,0
118.663299560547,0
123.4755859375,0
124.649375915527,0
126.010894775391,0
129.306610107422,0
132.282562255859,0
132.776214599609,0
131.850921630859,0
131.280166625977,0
130.216903686523,0
126.47216796875,0
119.803016662598,0
112.160194396973,0
105.532371520996,0
100.845962524414,0
98.0764999389648,0
96.2319488525391,0
94.0080718994141,0
91.2671813964844,0
88.7396926879883,0
85.6576919555664,0
79.6607971191406,0
70.4541702270508,0
61.4916038513184,0
55.8151016235352,0
51.8897705078125,0
46.2551574707031,0
39.0384902954102,0
33.5658226013184,0
30.9075813293457,0
28.2493572235107,0
23.3393077850342,0
17.6378993988037,0
13.7775382995605,0
12.088490486145,0
11.0240297317505,0
9.28604030609131,0
6.09168577194214,0
0.729710936546326,0
-6.58508491516113,0
-14.2364091873169,0
-20.797924041748,0
-26.4155712127686,0
-31.6687698364258,0
-35.9889907836914,0
-38.4780769348145,0
-39.5888481140137,0
-40.4992599487305,0
-41.0991630554199,0
-40.1215286254883,0
-37.4842071533203,0
-35.1481819152832,0
-34.9055709838867,0
-36.1044616699219,0
-36.4360961914062,0
-34.6867599487305,0
-31.9262008666992,0
-29.9094944000244,0
-28.9962692260742,0
-28.1379318237305,0
-26.5676193237305,0
-24.7430019378662,0
-23.4270210266113,0
-22.46409034729,0
-21.0260696411133,0
-18.7873058319092,0
-16.2696437835693,0
-14.0964841842651,0
-12.3901720046997,0
-10.8373432159424,0
-8.86105728149414,0
-5.83983755111694,0
-1.78695797920227,0
2.20794224739075,0
4.9328818321228,0
6.57022094726562,0
8.59042644500732,0
12.0724239349365,0
16.9725322723389,0
23.1353492736816,0
30.7617168426514,0
39.2766151428223,0
46.9996948242188,0
53.0200309753418,0
58.4259414672852,0
64.4553604125977,0
70.3596725463867,0
74.6778030395508,0
77.862434387207,0
81.5597839355469,0
85.4671096801758,0
87.1972503662109,0
85.8275909423828,0
83.5386199951172,0
82.6630630493164,0
82.7235794067383,0
81.6185760498047,0
78.3857574462891,0
73.4583206176758,0
67.4204940795898,0
61.1338195800781,0
56.207576751709,0
53.5693626403809,0
51.9830017089844,0
49.5145034790039,0
46.0712623596191,0
42.8877449035645,0
39.8187446594238,0
35.0662155151367,0
27.8437938690186,0
19.5914897918701,0
11.9695606231689,0
5.09286499023438,0
-1.51138556003571,0
-7.42052507400513,0
-11.6904191970825,0
-13.8775072097778,0
-13.960560798645,0
-11.9619426727295,0
-8.28378486633301,0
-3.80443239212036,0
0.843536853790283,0
5.49511766433716,0
9.75630283355713,0
13.0645389556885,0
15.7720861434937,0
18.9309425354004,0
22.3817291259766,0
24.3997325897217,0
24.1498699188232,0
23.0545425415039,0
22.3998031616211,0
21.0419750213623,0
17.469841003418,0
13.1084928512573,0
11.1072483062744,0
12.0800743103027,0
13.373911857605,0
12.7355623245239,0
10.5181198120117,0
7.89396905899048,0
5.21952867507935,0
3.03586649894714,0
2.43803930282593,0
3.07061052322388,0
2.68182039260864,0
0.323840290307999,0
-1.69792425632477,0
-1.00512146949768,0
1.18901896476746,0
1.8888795375824,0
0.711670219898224,0
-0.12013890594244,0
0.381569713354111,0
0.873046636581421,0
0.383053928613663,0
-0.632320642471313,0
-2.33745813369751,0
-5.76958608627319,0
-9.99053382873535,0
-11.7165899276733,0
-9.56229209899902,0
-6.39005136489868,0
-5.26073884963989,0
-4.97222948074341,0
-2.32311058044434,0
2.56861686706543,0
6.41311407089233,0
7.76394939422607,0
8.6657829284668,0
10.8717622756958,0
13.3546237945557,0
14.7139301300049,0
15.6000518798828,0
17.1232662200928,0
18.7321681976318,0
19.545581817627,0
20.4726943969727,0
23.0360660552979,0
26.844747543335,0
30.0907878875732,0
32.2015991210938,0
34.3261528015137,0
37.2617950439453,0
40.3921127319336,0
42.8219413757324,0
44.2375755310059,0
44.3048400878906,0
42.4057388305664,0
38.6936531066895,0
34.8017387390137,0
32.8157119750977,0
33.4609565734863,0
35.2370948791504,0
35.3174018859863,0
31.9005126953125,0
26.2225170135498,0
21.6715965270996,0
20.1145973205566,0
19.7019538879395,0
17.42116355896,0
13.2059011459351,0
9.80886173248291,0
8.76694202423096,0
8.63366031646729,0
7.8976788520813,0
7.57202911376953,0
9.29268074035645,0
12.2844705581665,0
14.3093938827515,0
15.0545244216919,0
16.4590091705322,0
19.5013847351074,0
22.5535221099854,0
23.725284576416,0
23.3874282836914,0
23.1384811401367,0
23.2165813446045,0
22.495138168335,0
20.7797069549561,0
19.4726753234863,0
19.4551696777344,0
19.6126556396484,0
18.45725440979,0
16.3429870605469,0
14.8396825790405,0
14.4951877593994,0
14.7760076522827,0
16.0342559814453,0
19.6053237915039,0
25.4172134399414,0
31.4331283569336,0
36.7239456176758,0
43.4596710205078,0
54.0447769165039,0
67.4673614501953,0
80.6398849487305,0
92.5574417114258,0
104.547096252441,0
116.542541503906,0
125.985885620117,0
131.353744506836,0
134.421875,0
137.546737670898,0
140.355010986328,0
140.640686035156,0
137.280487060547,0
130.799697875977,0
122.136940002441,0
112.431350708008,0
103.303276062012,0
95.8369369506836,0
89.6528701782227,0
83.9966049194336,0
78.9638214111328,0
74.3992462158203,0
68.5156326293945,0
59.4921035766602,0
48.200984954834,0
37.6300964355469,0
29.5210628509521,0
23.0127716064453,0
16.6147384643555,0
9.91151523590088,0
2.98985075950623,0
-4.26992702484131,0
-11.6684312820435,0
-18.6728706359863,0
-25.5237464904785,0
-33.0882225036621,0
-40.8326187133789,0
-46.2966041564941,0
-47.9241981506348,0
-47.484691619873,0
-48.0312995910645,0
-49.8072776794434,0
-49.8771095275879,0
-46.0736656188965,0
-39.8355407714844,0
-34.4153060913086,0
-31.382022857666,0
-29.8760604858398,0
-28.5554714202881,0
-27.0206508636475,0
-25.4867553710938,0
-24.1565551757812,0
-23.1068229675293,0
-22.002513885498,0
-19.7783145904541,0
-15.4372081756592,0
-9.45985221862793,0
-3.64825820922852,0
0.774019300937653,0
4.09260082244873,0
6.74727869033813,0
8.11886119842529,0
7.54304647445679,0
5.6532187461853,0
3.55777406692505,0
1.28514349460602,0
-1.71540427207947,0
-5.00150060653687,0
-7.49333143234253,0
-9.19918346405029,0
-11.1317176818848,0
-13.5278806686401,0
-15.6906108856201,0
-17.7886867523193,0
-21.1142978668213,0
-25.8611240386963,0
-30.102087020874,0
-31.937084197998,0
-31.5514450073242,0
-30.2393169403076,0
-28.5064010620117,0
-26.3339519500732,0
-24.4868564605713,0
-24.1496200561523,0
-25.4432411193848,0
-27.1966323852539,0
-28.0248985290527,0
-27.1280002593994,0
-24.5742454528809,0
-21.5058460235596,0
-19.5720672607422,0
-19.4472103118896,0
-20.3180179595947,0
-21.2522983551025,0
-22.1820697784424,0
-22.8335914611816,0
-21.886302947998,0
-18.5702381134033,0
-14.2465295791626,0
-10.8171281814575,0
-8.21530342102051,0
-5.28496551513672,0
-2.67354440689087,0
-2.57712459564209,0
-5.39932250976562,0
-8.87567138671875,0
-11.2059326171875,0
-12.9729585647583,0
-14.9060506820679,0
-15.8691349029541,0
-14.8878450393677,0
-13.5547399520874,0
-14.0752582550049,0
-15.7341184616089,0
-15.6867141723633,0
-13.0703191757202,0
-10.0332908630371,0
-8.37411689758301,0
-7.39380073547363,0
-6.00714540481567,0
-4.98836469650269,0
-5.47683668136597,0
-6.52030611038208,0
-6.0311484336853,0
-3.71916532516479,0
-1.29517066478729,0
0.275456339120865,0
2.05588483810425,0
5.09477996826172,0
8.458176612854,0
10.4132871627808,0
10.8754215240479,0
11.4375848770142,0
13.015664100647,0
14.4901657104492,0
14.1115646362305,0
11.7293386459351,0
9.21964073181152,0
8.96222877502441,0
12.0943012237549,0
17.8203544616699,0
23.9451332092285,0
28.3142013549805,0
30.3251094818115,0
31.1095275878906,0
31.9284343719482,0
32.5539283752441,0
31.8085060119629,0
29.6468601226807,0
27.8271465301514,0
28.0160808563232,0
29.7802791595459,0
31.1101474761963,0
30.7355842590332,0
29.4481258392334,0
29.2812957763672,0
31.7399291992188,0
36.5656852722168,0
41.7283096313477,0
44.7529220581055,0
44.5892906188965,0
42.3150672912598,0
39.8669776916504,0
38.2508163452148,0
37.163402557373,0
35.947437286377,0
34.3809471130371,0
32.6752738952637,0
31.1760177612305,0
30.1145172119141,0
29.5154399871826,0
29.4825611114502,0
30.4609336853027,0
32.5789947509766,0
34.6816711425781,0
35.0707969665527,0
33.7015037536621,0
32.4432640075684,0
32.2089614868164,0
31.0973243713379,0
27.0049724578857,0
21.1391696929932,0
16.7482089996338,0
14.5796823501587,0
11.898796081543,0
6.52660703659058,0
-0.198086693882942,0
-5.53189992904663,0
-8.81518077850342,0
-11.5044107437134,0
-14.7313289642334,0
-18.2303867340088,0
-21.3240814208984,0
-23.8987998962402,0
-26.3643913269043,0
-29.1731472015381,0
-32.4324913024902,0
-35.8779563903809,0
-39.2789688110352,0
-42.6252365112305,0
-45.624397277832,0
-47.5273094177246,0
-48.0685615539551,0
-47.9402351379395,0
-47.4320373535156,0
-45.4604301452637,0
-41.4140701293945,0
-37.1658706665039,0
-35.1810340881348,0
-35.0447158813477,0
-34.2972183227539,0
-32.5962181091309,0
-32.0505485534668,0
-32.7937545776367,0
-31.539644241333,0
-26.2898063659668,0
-19.6412353515625,0
-15.095552444458,0
-12.50719165802,0
-9.92562580108643,0
-7.71519374847412,0
-7.22719573974609,0
-6.7115330696106,0
-2.61040019989014,0
5.19913244247437,0
13.1403160095215,0
19.2915115356445,0
25.3519592285156,0
32.2360992431641,0
37.4417533874512,0
39.0357131958008,0
39.2254066467285,0
40.9044609069824,0
42.7170867919922,0
41.1559677124023,0
36.6967811584473,0
34.1248016357422,0
36.243221282959,0
40.3025207519531,0
42.0100936889648,0
40.8544235229492,0
39.7018241882324,0
40.5436515808105,0
42.6137199401855,0
44.3064994812012,0
45.4157867431641,0
47.1840972900391,0
50.723274230957,0
55.5069389343262,0
59.5256690979004,0
61.5383224487305,0
63.0143547058105,0
66.4583206176758,0
71.4242706298828,0
74.065071105957,0
72.0049057006836,0
67.9900817871094,0
66.5224227905273,0
67.9372711181641,0
68.5039749145508,0
66.0951232910156,0
62.7929420471191,0
61.1256446838379,0
60.3393287658691,0
58.0113983154297,0
53.6513214111328,0
48.9850616455078,0
45.6569900512695,0
44.0447731018066,0
43.6137466430664,0
43.2673683166504,0
41.9398422241211,0
39.7432861328125,0
37.7923011779785,0
36.064079284668,0
32.5213394165039,0
25.7255420684814,0
17.5103282928467,0
11.3554744720459,0
8.32233715057373,0
6.17171573638916,0
2.65512943267822,0
-1.77344226837158,0
-5.13435220718384,0
-6.77052450180054,0
-8.09950828552246,0
-10.8561725616455,0
-15.312183380127,0
-20.3235778808594,0
-24.65283203125,0
-27.828275680542,0
-29.9148635864258,0
-31.2625942230225,0
-32.9150810241699,0
-36.4230041503906,0
-42.1273918151855,0
-48.0199317932129,0
-51.6867256164551,0
-53.3476829528809,0
-55.4309463500977,0
-58.8815879821777,0
-61.701904296875,0
-61.9917144775391,0
-60.679141998291,0
-59.8565406799316,0
-59.9110679626465,0
-60.1139144897461,0
-60.9197311401367,0
-63.4986801147461,0
-67.4769058227539,0
-71.2384414672852,0
-74.3643417358398,0
-77.8237075805664,0
-81.6468887329102,0
-84.3261032104492,0
-84.9166030883789,0
-84.0342483520508,0
-82.3438873291016,0
-79.7262344360352,0
-76.3861999511719,0
-72.9403228759766,0
-68.7037658691406,0
-61.8378486633301,0
-52.2686195373535,0
-42.545841217041,0
-34.3946533203125,0
-26.342435836792,0
-16.7337665557861,0
-7.35776901245117,0
-1.364874958992,0
1.45918893814087,0
4.35319471359253,0
8.63613796234131,0
12.0107536315918,0
12.5293292999268,0
11.8253412246704,0
13.0525159835815,0
17.1308631896973,0
22.2029762268066,0
25.7087326049805,0
26.1186962127686,0
23.7060928344727,0
20.536642074585,0
18.8465518951416,0
18.6948013305664,0
18.038215637207,0
15.6236753463745,0
12.6311492919922,0
10.7190866470337,0
9.79373741149902,0
8.95337200164795,0
8.51067733764648,0
9.37290382385254,0
10.8877229690552,0
10.993631362915,0
8.71005344390869,0
5.34557247161865,0
2.93573093414307,0
2.2406792640686,0
2.53462529182434,0
2.81309461593628,0
2.89951777458191,0
3.50326251983643,0
5.20194864273071,0
7.44507455825806,0
9.05744647979736,0
9.89458084106445,0
11.2499141693115,0
14.0186777114868,0
17.0828132629395,0
18.4219417572021,0
17.5461177825928,0
15.9025173187256,0
14.8778953552246,0
14.2804794311523,0
13.1090631484985,0
11.1108665466309,0
8.8721170425415,0
6.52978515625,0
3.17687940597534,0
-1.91278541088104,0
-7.81718158721924,0
-12.6533365249634,0
-16.0146808624268,0
-19.8009624481201,0
-25.833381652832,0
-33.3770523071289,0
-40.14697265625,0
-45.2115440368652,0
-49.4310760498047,0
-53.2718925476074,0
-55.9578742980957,0
-57.0884895324707,0
-57.4393615722656,0
-57.5732078552246,0
-57.1744918823242,0
-56.4241485595703,0
-56.4372100830078,0
-57.4544792175293,0
-58.2423706054688,0
-58.4112281799316,0
-59.5744476318359,0
-62.6128692626953,0
-65.4428100585938,0
-65.6098937988281,0
-63.8093872070312,0
-62.389965057373,0
-61.2846565246582,0
-58.2617683410645,0
-52.9806365966797,0
-47.9121170043945,0
-44.7702560424805,0
-42.6300811767578,0
-40.4469718933105,0
-39.0314865112305,0
-39.1589317321777,0
-39.683765411377,0
-39.2079963684082,0
-38.2387580871582,0
-38.0465507507324,0
-38.416690826416,0
-38.1756057739258,0
-37.2577438354492,0
-36.6410293579102,0
-36.5344543457031,0
-36.0853729248047,0
-34.9687461853027,0
-34.1480941772461,0
-34.7007942199707,0
-36.4731597900391,0
-38.1984977722168,0
-38.7930183410645,0
-38.4722480773926,0
-38.4382591247559,0
-39.1659927368164,0
-39.2950592041016,0
-37.002498626709,0
-32.3923187255859,0
-27.5294246673584,0
-23.9882507324219,0
-21.4417839050293,0
-18.837459564209,0
-15.6098775863647,0
-11.2632665634155,0
-5.23816680908203,0
1.91556251049042,0
8.46851253509521,0
13.501238822937,0
17.728364944458,0
21.5227355957031,0
23.7992858886719,0
24.2278842926025,0
24.8003234863281,0
27.148136138916,0
29.6995048522949,0
29.942476272583,0
28.4135761260986,0
27.499397277832,0
26.861837387085,0
23.5329189300537,0
17.004243850708,0
10.7814140319824,0
7.4537467956543,0
5.24003458023071,0
1.60536408424377,0
-2.21456980705261,0
-3.3094322681427,0
-2.21985602378845,0
-2.56535530090332,0
-5.7171802520752,0
-8.90171718597412,0
-9.42141056060791,0
-8.31847476959229,0
-8.32547283172607,0
-9.77426719665527,0
-10.4258708953857,0
-8.81576824188232,0
-6.15604496002197,0
-4.74915552139282,0
-5.52285289764404,0
-7.4569525718689,0
-8.82197952270508,0
-8.63829040527344,0
-7.26163291931152,0
-5.85142087936401,0
-5.25409889221191,0
-5.46863603591919,0
-6.2535719871521,0
-7.76305913925171,0
-9.95361423492432,0
-11.7309274673462,0
-11.8504457473755,0
-10.8874549865723,0
-11.0901174545288,0
-13.5650043487549,0
-16.7339477539062,0
-18.6780872344971,0
-19.9292259216309,0
-22.2441005706787,0
-25.3606548309326,0
-27.2933197021484,0
-27.8964443206787,0
-29.6005401611328,0
-33.6575241088867,0
-37.9825553894043,0
-40.4549179077148,0
-42.5302543640137,0
-47.2581329345703,0
-54.7602767944336,0
-62.0905456542969,0
-67.119384765625,0
-70.1806335449219,0
-71.9429244995117,0
-72.2057418823242,0
-71.5362319946289,0
-71.9003829956055,0
-74.3427200317383,0
-77.5007934570312,0
-79.6653823852539,0
-81.088623046875,0
-82.9416198730469,0
-85.063850402832,0
-86.3320846557617,0
-86.5994567871094,0
-86.6044769287109,0
-86.2104644775391,0
-84.3891372680664,0
-81.0890502929688,0
-77.5139389038086,0
-73.953369140625,0
-68.7746963500977,0
-60.6860427856445,0
-51.0708465576172,0
-42.7912750244141,0
-37.208122253418,0
-33.7056350708008,0
-31.7216663360596,0
-31.3595924377441,0
-31.6653785705566,0
-30.3451271057129,0
-26.5482635498047,0
-22.4846248626709,0
-20.5242710113525,0
-19.7186145782471,0
-17.2967853546143,0
-12.9760389328003,0
-9.27178192138672,0
-7.56259346008301,0
-6.62260866165161,0
-5.72507572174072,0
-6.29150772094727,0
-8.90139770507812,0
-11.2932062149048,0
-11.578104019165,0
-11.2401275634766,0
-12.2437763214111,0
-13.0836057662964,0
-11.1316452026367,0
-7.69152355194092,0
-6.77353000640869,0
-9.03035640716553,0
-10.8002862930298,0
-9.706862449646,0
-7.35598611831665,0
-5.21842622756958,0
-1.68007111549377,0
4.44245147705078,0
10.5908479690552,0
13.7859792709351,0
15.2206201553345,0
18.388090133667,0
23.884105682373,0
29.0725879669189,0
32.2387619018555,0
34.2879295349121,0
36.5796165466309,0
39.5979690551758,0
43.7401351928711,0
49.0154609680176,0
53.689395904541,0
55.4565811157227,0
54.5205535888672,0
53.5689735412598,0
54.0729103088379,0
54.5114212036133,0
53.097225189209,0
50.3175010681152,0
47.3884048461914,0
43.8534927368164,0
38.740234375,0
33.2183494567871,0
29.8061065673828,0
28.81467628479,0
27.6438865661621,0
24.5455722808838,0
21.4794292449951,0
21.5643539428711,0
24.5210437774658,0
26.7309417724609,0
25.8954372406006,0
23.4521007537842,0
21.4524974822998,0
19.2679233551025,0
15.456356048584,0
11.2395849227905,0
9.13183403015137,0
8.71470355987549,0
7.05147838592529,0
3.59082221984863,0
1.29022538661957,0
1.72900259494781,0
2.43452525138855,0
1.11372697353363,0
-0.479825794696808,0
0.212314248085022,0
1.94282639026642,0
1.97656452655792,0
1.45880126953125,0
4.30473041534424,0
11.0061025619507,0
17.3526916503906,0
19.768533706665,0
18.5738296508789,0
15.3057107925415,0
10.3045768737793,0
4.4065637588501,0
-0.141342669725418,0
-2.6519091129303,0
-5.54145908355713,0
-10.668553352356,0
-16.1209125518799,0
-19.1330814361572,0
-20.5953998565674,0
-23.79172706604,0
-29.5336112976074,0
-35.4642868041992,0
-39.9908294677734,0
-44.0930252075195,0
-48.765625,0
-53.1839141845703,0
-56.4823951721191,0
-59.4186363220215,0
-62.9516868591309,0
-66.5926818847656,0
-69.5047760009766,0
-72.0586547851562,0
-74.7615051269531,0
-76.4760131835938,0
-75.462890625,0
-71.9590682983398,0
-68.0823364257812,0
-64.9664154052734,0
-61.428466796875,0
-56.0556907653809,0
-49.4261779785156,0
-43.2860145568848,0
-38.1722831726074,0
-32.9200859069824,0
-26.5029220581055,0
-19.654993057251,0
-14.3824691772461,0
-11.9905557632446,0
-11.6344766616821,0
-10.9305782318115,0
-8.29938316345215,0
-4.62785530090332,0
-2.05771994590759,0
-1.11629474163055,0
0.0117677943781018,0
2.88234901428223,0
6.51764726638794,0
8.84754753112793,0
9.66054058074951,0
10.4708595275879,0
11.652232170105,0
11.7678241729736,0
10.5160989761353,0
10.4044904708862,0
13.7069129943848,0
18.8820190429688,0
22.2233352661133,0
22.7528610229492,0
23.132194519043,0
25.2923316955566,0
27.602258682251,0
27.8278942108154,0
26.8750267028809,0
27.2164211273193,0
28.6943168640137,0
28.6753787994385,0
26.3265781402588,0
24.0191555023193,0
23.6433601379395,0
23.8447799682617,0
22.3578815460205,0
19.2530612945557,0
16.0226898193359,0
12.7316093444824,0
8.16898536682129,0
2.20316600799561,0
-3.94949126243591,0
-9.48869514465332,0
-14.2553882598877,0
-17.4096565246582,0
-17.8868064880371,0
-16.4155235290527,0
-15.1651334762573,0
-14.7802143096924,0
-13.5445261001587,0
-10.3919763565063,0
-7.02269506454468,0
-5.58417844772339,0
-5.57067918777466,0
-4.89330101013184,0
-3.3720281124115,0
-3.14123749732971,0
-5.41411018371582,0
-8.53966331481934,0
-10.0483913421631,0
-9.55854606628418,0
-8.73796367645264,0
-9.00383186340332,0
-10.2475118637085,0
-11.6894207000732,0
-13.1031408309937,0
-14.8734064102173,0
-17.307674407959,0
-20.2531337738037,0
-23.2047901153564,0
-25.5601348876953,0
-26.9417629241943,0
-27.517894744873,0
-27.9032173156738,0
-28.5555248260498,0
-29.4046649932861,0
-30.2392749786377,0
-31.1815738677979,0
-32.4272537231445,0
-33.7434425354004,0
-34.710865020752,0
-35.390453338623,0
-36.308723449707,0
-37.8136024475098,0
-39.7874526977539,0
-41.8114395141602,0
-43.1838722229004,0
-43.1107215881348,0
-41.58251953125,0
-39.8058891296387,0
-38.9066581726074,0
-38.4108390808105,0
-37.0478401184082,0
-34.8922271728516,0
-33.3295135498047,0
-32.743408203125,0
-31.7954177856445,0
-29.5828838348389,0
-26.9889450073242,0
-24.9283981323242,0
-22.6316661834717,0
-19.009578704834,0
-14.7244338989258,0
-11.4466390609741,0
-9.66588401794434,0
-8.55529499053955,0
-7.50558805465698,0
-6.50018787384033,0
-5.35979175567627,0
-3.92003846168518,0
-2.74516940116882,0
-2.48566889762878,0
-2.74286651611328,0
-2.76082944869995,0
-3.02710294723511,0
-4.80204582214355,0
-7.98089027404785,0
-10.7928638458252,0
-12.0696878433228,0
-12.7763395309448,0
-14.7759828567505,0
-18.8421745300293,0
-24.3283195495605,0
-30.1011161804199,0
-35.2311782836914,0
-39.1587791442871,0
-41.7335968017578,0
-43.1935920715332,0
-44.1435356140137,0
-45.5563163757324,0
-48.317195892334,0
-52.2773818969727,0
-56.1279411315918,0
-58.8834648132324,0
-61.2180595397949,0
-64.5417098999023,0
-68.9690093994141,0
-73.2279663085938,0
-76.6583633422852,0
-80.1985626220703,0
-84.8945922851562,0
-90.2825927734375,0
-94.9430618286133,0
-98.0912551879883,0
-99.8758392333984,0
-100.476257324219,0
-99.7814407348633,0
-98.0122299194336,0
-95.9689331054688,0
-94.3195190429688,0
-92.9231109619141,0
-91.0672836303711,0
-88.2163543701172,0
-84.4625473022461,0
-80.475471496582,0
-77.0922164916992,0
-74.6872406005859,0
-72.8203964233398,0
-70.7872085571289,0
-68.6089553833008,0
-67.0016860961914,0
-66.1014404296875,0
-64.8908386230469,0
-62.6197967529297,0
-60.3030281066895,0
-59.7161407470703,0
-60.9868774414062,0
-62.3584251403809,0
-62.633430480957,0
-62.7179985046387,0
-64.1035919189453,0
-66.7963256835938,0
-69.7118530273438,0
-72.4544830322266,0
-75.4930801391602,0
-78.6863174438477,0
-80.7713851928711,0
-80.8533706665039,0
-79.9493103027344,0
-80.4494171142578,0
-83.7779998779297,0
-88.6472244262695,0
-92.0211715698242,0
-92.1568603515625,0
-90.3701477050781,0
-89.2155151367188,0
-89.2599868774414,0
-88.6644058227539,0
-85.9157867431641,0
-81.6749496459961,0
-77.4146575927734,0
-73.4439468383789,0
-69.2592620849609,0
-65.0008926391602,0
-61.352352142334,0
-58.3757820129395,0
-55.5762748718262,0
-53.041618347168,0
-51.5041847229004,0
-51.0752449035645,0
-50.7135963439941,0
-49.3354454040527,0
-46.942554473877,0
-44.2225685119629,0
-41.344898223877,0
-37.7012100219727,0
-32.9098625183105,0
-27.6488342285156,0
-23.1036014556885,0
-19.6808032989502,0
-16.6277484893799,0
-12.9066667556763,0
-8.00287055969238,0
-1.80954945087433,0
5.64811277389526,0
13.9514465332031,0
22.1733551025391,0
29.4918918609619,0
35.7525291442871,0
41.3367385864258,0
46.9249687194824,0
53.330192565918,0
60.6061630249023,0
67.1142044067383,0
70.7410430908203,0
71.6074447631836,0
72.1563720703125,0
73.7474212646484,0
74.9496612548828,0
74.6150207519531,0
74.5713729858398,0
76.7729034423828,0
79.4395065307617,0
79.4572067260742,0
77.8996047973633,0
79.2878952026367,0
84.9142074584961,0
90.5464935302734,0
91.999397277832,0
89.7515869140625,0
86.417366027832,0
82.8112487792969,0
78.9441375732422,0
76.2927856445312,0
75.9611282348633,0
76.0793609619141,0
73.9108734130859,0
69.6705322265625,0
65.7902374267578,0
63.1631927490234,0
60.5238151550293,0
56.9837760925293,0
52.7933959960938,0
47.8934936523438,0
42.0280532836914,0
36.2541770935059,0
32.1726684570312,0
29.4859180450439,0
26.2905979156494,0
22.0778617858887,0
18.5903873443604,0
17.2449378967285,0
17.3529891967773,0
17.4883308410645,0
17.2661190032959,0
17.1761283874512,0
17.6775703430176,0
18.8153419494629,0
19.8505115509033,0
19.2502689361572,0
16.1055107116699,0
11.518310546875,0
7.4588885307312,0
4.42315340042114,0
1.51634037494659,0
-1.48706829547882,0
-3.96147966384888,0
-6.24150085449219,0
-9.52955341339111,0
-13.5795183181763,0
-16.5519256591797,0
-17.9855194091797,0
-19.9040756225586,0
-23.6965999603271,0
-27.579460144043,0
-28.7469253540039,0
-26.9075183868408,0
-24.2421932220459,0
-22.8130111694336,0
-23.4117603302002,0
-26.0625591278076,0
-30.0333290100098,0
-33.8373374938965,0
-36.6806030273438,0
-39.5473289489746,0
-43.4934616088867,0
-47.2990531921387,0
-48.5306129455566,0
-46.9794311523438,0
-45.3099517822266,0
-45.692066192627,0
-47.2281188964844,0
-47.7068328857422,0
-46.818675994873,0
-46.2124519348145,0
-46.7316780090332,0
-47.0611000061035,0
-45.5561332702637,0
-42.4272193908691,0
-39.2427024841309,0
-36.6410675048828,0
-33.4643211364746,0
-28.3113422393799,0
-21.212797164917,0
-13.3048620223999,0
-5.36866998672485,0
2.59041714668274,0
10.5052967071533,0
17.8009796142578,0
24.0089015960693,0
29.259838104248,0
33.845344543457,0
37.7594223022461,0
41.1376037597656,0
44.8032112121582,0
49.673412322998,0
55.4881401062012,0
60.5685157775879,0
63.1349067687988,0
62.8161926269531,0
60.9315528869629,0
59.5866355895996,0
60.4098510742188,0
63.4634971618652,0
66.8996963500977,0
68.1868515014648,0
66.4675903320312,0
63.5276718139648,0
61.6203994750977,0
60.4803276062012,0
57.666130065918,0
52.0770874023438,0
45.6402893066406,0
40.5649337768555,0
36.3214416503906,0
31.1083831787109,0
25.5289897918701,0
22.487117767334,0
23.1390533447266,0
25.0372123718262,0
25.3136177062988,0
24.0950679779053,0
23.3303260803223,0
23.4186763763428,0
22.9339790344238,0
21.3959827423096,0
20.4099960327148,0
21.4103908538818,0
23.4675025939941,0
24.2798385620117,0
22.8146724700928,0
20.095329284668,0
17.5176696777344,0
15.2477331161499,0
12.6285676956177,0
9.5458345413208,0
6.63877105712891,0
4.32040357589722,0
2.42220044136047,0
0.973734736442566,0
0.454882591962814,0
0.82318252325058,0
1.22794055938721,0
1.46541345119476,0
2.69948148727417,0
5.452965259552,0
7.81390571594238,0
7.57132911682129,0
5.67791652679443,0
5.22036027908325,0
6.78659677505493,0
7.50936985015869,0
5.66104316711426,0
3.52329063415527,0
3.86212849617004,0
5.84371852874756,0
6.93568658828735,0
7.07866191864014,0
7.90580463409424,0
8.84397411346436,0
7.38930749893188,0
3.25074124336243,0
-0.863462746143341,0
-3.11973571777344,0
-4.42118835449219,0
-5.47563791275024,0
-4.60395240783691,0
-0.023696331307292,0
7.48418283462524,0
15.5779438018799,0
22.5272045135498,0
27.2368297576904,0
28.8293991088867,0
27.8972148895264,0
27.0437679290771,0
28.5602931976318,0
32.2047691345215,0
36.3375358581543,0
40.2332382202148,0
43.9577484130859,0
46.9387245178223,0
48.3572044372559,0
48.6112518310547,0
49.0195198059082,0
50.1767349243164,0
51.5287742614746,0
52.279655456543,0
51.8656158447266,0
49.9339027404785,0
46.7879486083984,0
43.6011505126953,0
41.4240112304688,0
40.2255973815918,0
39.4229927062988,0
38.7490386962891,0
37.8574523925781,0
35.7251014709473,0
31.5048065185547,0
25.7518272399902,0
20.0505313873291,0
15.6255140304565,0
12.7641839981079,0
11.0462188720703,0
9.52627372741699,0
7.30889272689819,0
4.65768766403198,0
2.91547966003418,0
2.61648964881897,0
2.47589468955994,0
1.18723702430725,0
-0.635547578334808,0
-1.5938526391983,0
-1.88246190547943,0
-2.88106489181519,0
-4.55134248733521,0
-4.91807413101196,0
-2.5559184551239,0
1.64474499225616,0
5.76797771453857,0
9.03171443939209,0
11.9818820953369,0
15.0077219009399,0
17.3380527496338,0
17.6886577606201,0
15.8448085784912,0
13.2746334075928,0
11.5624141693115,0
10.2933053970337,0
7.56784248352051,0
2.99445962905884,0
-1.23075985908508,0
-3.24227046966553,0
-4.04785966873169,0
-5.43991327285767,0
-6.635178565979,0
-5.55513191223145,0
-2.95007824897766,0
-2.24308061599731,0
-4.72535562515259,0
-7.68398475646973,0
-8.48460006713867,0
-7.97568082809448,0
-8.12553405761719,0
-8.6121997833252,0
-8.17956733703613,0
-7.61336231231689,0
-8.41593837738037,0
-9.44034862518311,0
-7.91258192062378,0
-3.72008228302002,0
0.0502692982554436,0
1.09072947502136,0
-0.210419431328773,0
-3.23347449302673,0
-8.56793594360352,0
-15.7057752609253,0
-21.9367942810059,0
-25.5345802307129,0
-28.0286159515381,0
-31.0778865814209,0
-32.8486938476562,0
-30.4112033843994,0
-24.841682434082,0
-20.7611389160156,0
-20.5949192047119,0
-22.0655841827393,0
-22.2166156768799,0
-21.4693622589111,0
-22.0963077545166,0
-24.3302383422852,0
-25.9838199615479,0
-25.4364242553711,0
-23.5226058959961,0
-22.3984851837158,0
-23.2919311523438,0
-25.3740539550781,0
-26.4951171875,0
-25.2048187255859,0
-22.1341514587402,0
-18.918493270874,0
-15.8391885757446,0
-11.5929737091064,0
-5.74924612045288,0
-0.168332636356354,0
2.95149183273315,0
3.41841340065002,0
2.27767992019653,0
-0.370678216218948,0
-5.14006328582764,0
-11.3483076095581,0
-17.0626087188721,0
-21.4307174682617,0
-25.466817855835,0
-29.9619636535645,0
-33.9334182739258,0
-36.0706176757812,0
-36.8319816589355,0
-38.0784492492676,0
-41.0489044189453,0
-45.4733009338379,0
-50.2934951782227,0
-54.4236907958984,0
-57.0096321105957,0
-57.8302001953125,0
-57.6218032836914,0
-57.4681930541992,0
-57.7442016601562,0
-58.0848350524902,0
-58.3918571472168,0
-59.2195472717285,0
-60.8727951049805,0
-62.7183990478516,0
-63.9911575317383,0
-64.9710464477539,0
-66.6302642822266,0
-69.0985107421875,0
-71.1754684448242,0
-71.632698059082,0
-70.4057312011719,0
-68.0848846435547,0
-64.8379364013672,0
-60.616512298584,0
-56.0973358154297,0
-52.402961730957,0
-49.7035293579102,0
-46.8615074157715,0
-42.7671508789062,0
-37.3999481201172,0
-31.2697353363037,0
-24.5319137573242,0
-17.2525634765625,0
-10.052788734436,0
-3.79915690422058,0
1.13863551616669,0
4.83173847198486,0
7.23137426376343,0
8.11633682250977,0
7.37344932556152,0
5.00911664962769,0
1.35490083694458,0
-2.28556060791016,0
-3.93284940719604,0
-2.81463027000427,0
-0.357991814613342,0
1.94432425498962,0
5.11252355575562,0
11.2284269332886,0
19.3881187438965,0
25.5558490753174,0
27.6911773681641,0
28.8828392028809,0
33.2133293151855,0
40.0106887817383,0
45.1110916137695,0
47.278392791748,0
50.007984161377,0
56.1585655212402,0
63.8517379760742,0
69.5942001342773,0
73.1556549072266,0
76.7696304321289,0
80.8992233276367,0
83.7120742797852,0
84.3958969116211,0
84.29248046875,0
84.3853225708008,0
83.9967346191406,0
82.8183517456055,0
82.2903823852539,0
83.6935653686523,0
86.1556396484375,0
87.7959976196289,0
88.0390548706055,0
87.8294830322266,0
88.2950897216797,0
90.0931854248047,0
93.3613967895508,0
97.2841720581055,0
100.158103942871,0
100.871940612793,0
100.178352355957,0
99.8379364013672,0
100.651885986328,0
101.769706726074,0
101.63695526123,0
99.2500839233398,0
94.9138488769531,0
90.2049179077148,0
86.7592544555664,0
84.6774444580078,0
82.5538558959961,0
79.3262634277344,0
75.3591766357422,0
71.3127822875977,0
66.9314727783203,0
61.7467651367188,0
56.103084564209,0
50.4645767211914,0
44.4194755554199,0
37.5287399291992,0
30.6263942718506,0
25.0911159515381,0
21.2804851531982,0
18.9201850891113,0
18.5411834716797,0
20.8981227874756,0
25.0160732269287,0
28.457836151123,0
29.9043998718262,0
30.152099609375,0
30.1999912261963,0
29.71484375,0
27.9891548156738,0
25.2121505737305,0
22.0539398193359,0
18.9901294708252,0
16.7355842590332,0
16.3267936706543,0
17.8817939758301,0
20.0662097930908,0
21.6169471740723,0
22.6509170532227,0
23.6958255767822,0
24.3850936889648,0
24.2761936187744,0
24.1811847686768,0
25.1926975250244,0
26.7153663635254,0
26.9767818450928,0
25.5806293487549,0
24.1973190307617,0
24.323127746582,0
25.452465057373,0
26.0572967529297,0
25.5827217102051,0
24.8235301971436,0
24.786792755127,0
25.6812782287598,0
26.726203918457,0
26.6270179748535,0
24.5202484130859,0
20.7192039489746,0
16.4108142852783,0
12.7321214675903,0
10.5259428024292,0
10.6471891403198,0
13.4140176773071,0
17.5092945098877,0
20.5720844268799,0
21.6765117645264,0
22.4595508575439,0
24.9120559692383,0
28.6823215484619,0
31.6238288879395,0
32.5857849121094,0
32.4187049865723,0
32.2608909606934,0
31.9975681304932,0
30.6386604309082,0
27.2698917388916,0
21.4796314239502,0
13.979043006897,0
7.18557739257812,0
3.89914178848267,0
4.38723564147949,0
5.54950714111328,0
4.00684642791748,0
-0.413997560739517,0
-5.04593753814697,0
-7.57487869262695,0
-7.81986427307129,0
-6.92102003097534,0
-6.21778964996338,0
-6.82133007049561,0
-8.78321933746338,0
-10.3640384674072,0
-9.50281620025635,0
-6.62921524047852,0
-4.82528877258301,0
-6.38922882080078,0
-10.240912437439,0
-13.5773029327393,0
-15.020923614502,0
-14.9830684661865,0
-14.0264234542847,0
-12.7129325866699,0
-12.581413269043,0
-15.1273279190063,0
-19.4385223388672,0
-22.6707153320312,0
-23.6864528656006,0
-24.7209815979004,0
-28.3469161987305,0
-34.0404510498047,0
-39.1888275146484,0
-42.6733932495117,0
-45.8070030212402,0
-49.9642181396484,0
-54.8217124938965,0
-59.1826477050781,0
-62.3675422668457,0
-64.4059066772461,0
-65.7628936767578,0
-67.3041000366211,0
-69.8443984985352,0
-73.3800964355469,0
-77.3119659423828,0
-81.5055389404297,0
-86.269889831543,0
-91.0725402832031,0
-94.4072875976562,0
-95.6199645996094,0
-95.8706741333008,0
-96.3285064697266,0
-96.2741470336914,0
-94.2326202392578,0
-90.3131713867188,0
-85.8717651367188,0
-81.2270889282227,0
-75.6011810302734,0
-69.4765625,0
-64.9215850830078,0
-62.6533164978027,0
-60.5809097290039,0
-56.634765625,0
-51.4994277954102,0
-46.8174629211426,0
-42.1097068786621,0
-35.8904800415039,0
-29.0035724639893,0
-23.9764842987061,0
-21.0659656524658,0
-17.8855857849121,0
-13.6397752761841,0
-10.7154216766357,0
-10.4847965240479,0
-10.2441654205322,0
-6.76762199401855,0
-0.896639287471771,0
4.28318691253662,0
8.42044353485107,0
13.6767530441284,0
20.0107173919678,0
24.2650966644287,0
24.7816143035889,0
24.0719547271729,0
25.4784889221191,0
29.2062759399414,0
33.061408996582,0
35.4275131225586,0
35.9931259155273,0
34.8909339904785,0
32.7936935424805,0
31.0397109985352,0
30.1946201324463,0
29.0567951202393,0
26.3410301208496,0
22.8017311096191,0
20.3546714782715,0
19.3483543395996,0
17.9595222473145,0
14.4430093765259,0
9.21090412139893,0
4.5292501449585,0
2.47513628005981,0
3.03854823112488,0
4.10745429992676,0
3.80136466026306,0
2.81706619262695,0
3.43940019607544,0
6.02829504013062,0
8.13469505310059,0
8.09959697723389,0
7.79889488220215,0
9.91026306152344,0
13.7051668167114,0
16.0882263183594,0
16.3506832122803,0
17.1026020050049,0
20.0554237365723,0
23.5482711791992,0
25.567361831665,0
27.087516784668,0
30.4801120758057,0
35.8846588134766,0
41.2445869445801,0
45.4822425842285,0
49.7887344360352,0
55.6224670410156,0
62.7928123474121,0
69.878044128418,0
75.5427780151367,0
79.0345077514648,0
80.1976165771484,0
79.6349258422852,0
78.4820938110352,0
77.4570465087891,0
76.1716156005859,0
73.7328033447266,0
70.0963745117188,0
66.5064086914062,0
64.1851196289062,0
62.5809020996094,0
59.5273780822754,0
53.7073440551758,0
46.5876121520996,0
41.0494499206543,0
38.1992530822754,0
36.5780143737793,0
34.6250839233398,0
32.4359664916992,0
30.2227191925049,0
26.5353145599365,0
19.958911895752,0
12.1198892593384,0
6.91073322296143,0
6.19206380844116,0
7.79066276550293,0
8.54234313964844,0
7.99369478225708,0
7.90121746063232,0
9.03501796722412,0
10.1384534835815,0
9.9407958984375,0
8.70709896087646,0
7.26897716522217,0
5.58752012252808,0
3.22927284240723,0
0.845387995243073,0
0.149361878633499,0
2.08930492401123,0
5.45515823364258,0
7.63071155548096,0
6.66557598114014,0
2.65402317047119,0
-2.47954154014587,0
-6.26554012298584,0
-7.21973514556885,0
-5.82480573654175,0
-4.03173494338989,0
-3.30362987518311,0
-3.21474528312683,0
-2.55593729019165,0
-1.54272329807281,0
-1.63148140907288,0
-2.80615067481995,0
-2.67654752731323,0
0.298075199127197,0
3.73253583908081,0
3.47390961647034,0
-1.32978475093842,0
-7.32986927032471,0
-11.5630836486816,0
-14.827730178833,0
-19.1286334991455,0
-23.5084590911865,0
-24.9056282043457,0
-22.8704071044922,0
-20.9992237091064,0
-22.696798324585,0
-27.0607433319092,0
-30.3747997283936,0
-30.8535461425781,0
-30.3342704772949,0
-31.3975982666016,0
-34.2873725891113,0
-37.1869697570801,0
-38.5245819091797,0
-38.2730026245117,0
-37.5679206848145,0
-37.7318420410156,0
-39.3474311828613,0
-41.8153228759766,0
-44.1184120178223,0
-46.1778144836426,0
-48.6377449035645,0
-50.8596878051758,0
-50.3745803833008,0
-45.7336654663086,0
-39.2615280151367,0
-35.2882995605469,0
-35.6294059753418,0
-38.2149314880371,0
-40.2199516296387,0
-40.8780212402344,0
-40.6733283996582,0
-39.4320907592773,0
-36.534538269043,0
-32.2232437133789,0
-27.5793838500977,0
-23.5585479736328,0
-20.6978435516357,0
-19.2069396972656,0
-18.601224899292,0
-17.7285594940186,0
-15.915602684021,0
-13.7148380279541,0
-11.8838634490967,0
-10.1663331985474,0
-7.9925422668457,0
-6.03411388397217,0
-5.95886421203613,0
-8.49866104125977,0
-12.511025428772,0
-16.1310272216797,0
-18.2931289672852,0
-19.0295314788818,0
-18.8787975311279,0
-18.26393699646,0
-17.0944061279297,0
-14.881664276123,0
-11.6024646759033,0
-8.37000751495361,0
-6.61276960372925,0
-6.49271535873413,0
-6.86954402923584,0
-7.05294227600098,0
-7.61841249465942,0
-8.8271427154541,0
-9.2641429901123,0
-7.4345760345459,0
-4.29242181777954,0
-2.55731296539307,0
-3.29491972923279,0
-4.68639516830444,0
-4.84701442718506,0
-4.47946310043335,0
-5.58004951477051,0
-8.47404289245605,0
-11.5045261383057,0
-13.2022790908813,0
-13.5486841201782,0
-13.35276222229,0
-13.4500646591187,0
-14.280442237854,0
-15.2221612930298,0
-14.5819406509399,0
-11.2799692153931,0
-6.24753379821777,0
-1.05644643306732,0
4.34675455093384,0
11.0031366348267,0
18.3622493743896,0
24.3124866485596,0
28.060754776001,0
31.0694103240967,0
34.4624900817871,0
37.2792129516602,0
38.2729568481445,0
37.8374557495117,0
36.898250579834,0
35.2098503112793,0
32.1228218078613,0
27.9666156768799,0
23.2478866577148,0
17.417423248291,0
10.0748100280762,0
2.7979838848114,0
-2.02095818519592,0
-4.15880727767944,0
-5.86356449127197,0
-8.81223583221436,0
-11.9241704940796,0
-12.8588438034058,0
-11.0829916000366,0
-8.81082916259766,0
-8.98785495758057,0
-12.6565990447998,0
-18.3823318481445,0
-24.0489463806152,0
-28.7455635070801,0
-32.6621475219727,0
-35.7980003356934,0
-37.7520027160645,0
-38.6645317077637,0
-39.2793769836426,0
-39.7850151062012,0
-39.5449104309082,0
-38.4675941467285,0
-37.8061141967773,0
-38.8417587280273,0
-41.2163543701172,0
-43.2526931762695,0
-43.7912445068359,0
-43.2941055297852,0
-43.1804542541504,0
-44.2477874755859,0
-45.6990699768066,0
-45.7723541259766,0
-43.472972869873,0
-39.5149002075195,0
-35.398021697998,0
-32.0165367126465,0
-29.591760635376,0
-28.3238296508789,0
-28.1492080688477,0
-28.1187915802002,0
-27.0297927856445,0
-24.7345714569092,0
-22.120548248291,0
-19.9128837585449,0
-18.2226142883301,0
-16.9828605651855,0
-15.8117265701294,0
-13.6017026901245,0
-9.44869899749756,0
-4.14118766784668,0
0.358410060405731,0
3.19049048423767,0
5.44293165206909,0
8.54226303100586,0
12.7581233978271,0
17.4501838684082,0
21.6644172668457,0
24.1984062194824,0
24.3720588684082,0
23.3511238098145,0
23.476692199707,0
25.4310493469238,0
27.2301254272461,0
27.1097297668457,0
26.239616394043,0
26.9817428588867,0
29.331413269043,0
31.2423133850098,0
32.3445587158203,0
34.9036331176758,0
40.1400108337402,0
45.6335182189941,0
48.1694755554199,0
47.9362449645996,0
47.7714729309082,0
48.7375907897949,0
48.8176231384277,0
46.4741287231445,0
43.3321342468262,0
41.9258575439453,0
42.1943588256836,0
41.9664039611816,0
40.1879348754883,0
37.8152465820312,0
35.6909675598145,0
33.4701766967773,0
31.1503353118896,0
29.8804359436035,0
30.004207611084,0
29.4906044006348,0
25.983097076416,0
20.0162162780762,0
14.5435361862183,0
11.0273294448853,0
7.48928642272949,0
1.338623046875,0
-6.86087226867676,0
-13.7223987579346,0
-16.7926654815674,0
-16.7237567901611,0
-15.6282253265381,0
-14.6206073760986,0
-13.722728729248,0
-13.1072883605957,0
-13.0695104598999,0
-13.128438949585,0
-12.5035314559937,0
-11.5015926361084,0
-11.0988636016846,0
-10.8845491409302,0
-8.95527744293213,0
-4.72119855880737,0
-0.451839059591293,0
1.3384268283844,0
1.03683388233185,0
0.798522114753723,0
0.97175931930542,0
-0.259671628475189,0
-3.72633218765259,0
-7.97351360321045,0
-11.7821025848389,0
-16.032808303833,0
-21.8124141693115,0
-28.1465396881104,0
-33.207405090332,0
-36.908805847168,0
-40.7337875366211,0
-45.4032707214355,0
-50.1355667114258,0
-54.142261505127,0
-57.6828918457031,0
-61.4635696411133,0
-65.7438507080078,0
-70.1089019775391,0
-73.6064147949219,0
-75.2625122070312,0
-74.9944686889648,0
-73.801872253418,0
-72.6283569335938,0
-71.4862594604492,0
-70.1872253417969,0
-69.1438217163086,0
-68.5444793701172,0
-67.5786361694336,0
-65.8875732421875,0
-65.1726913452148,0
-67.4667892456055,0
-71.7840805053711,0
-74.4347076416016,0
-73.2581558227539,0
-69.7844009399414,0
-66.2767791748047,0
-62.463191986084,0
-56.9932975769043,0
-50.9872703552246,0
-47.7880477905273,0
-49.046012878418,0
-52.7459259033203,0
-55.614875793457,0
-56.226375579834,0
-55.1280097961426,0
-53.053165435791,0
-50.0900039672852,0
-46.1926422119141,0
-41.6344718933105,0
-36.9588890075684,0
-32.8342590332031,0
-29.6763172149658,0
-26.9779071807861,0
-23.3492832183838,0
-17.9251308441162,0
-11.7689933776855,0
-7.32498788833618,0
-6.1846776008606,0
-7.54957485198975,0
-9.03177261352539,0
-8.98626899719238,0
-8.15708065032959,0
-9.06087684631348,0
-13.5559434890747,0
-20.9368515014648,0
-28.5751495361328,0
-34.2566795349121,0
-37.3464965820312,0
-37.8675422668457,0
-35.7541007995605,0
-31.7553176879883,0
-27.9738693237305,0
-26.1677360534668,0
-26.0009346008301,0
-26.1784973144531,0
-26.739128112793,0
-28.5630626678467,0
-30.8760242462158,0
-31.4098072052002,0
-29.6518974304199,0
-27.9390068054199,0
-28.0756225585938,0
-28.4763526916504,0
-26.3380737304688,0
-21.4888610839844,0
-16.0926399230957,0
-11.1472244262695,0
-5.47173547744751,0
1.68239295482635,0
9.00392818450928,0
14.874171257019,0
19.3273220062256,0
23.3486137390137,0
27.2628898620605,0
30.8029022216797,0
34.0508842468262,0
37.3382225036621,0
40.6614036560059,0
44.0058288574219,0
47.7676544189453,0
51.9165992736816,0
55.1184272766113,0
55.8734092712402,0
54.5904159545898,0
53.4730110168457,0
54.034538269043,0
55.6291580200195,0
56.8679275512695,0
57.5603141784668,0
58.4824104309082,0
59.9360656738281,0
61.5739898681641,0
63.2912254333496,0
65.1852035522461,0
66.7349853515625,0
67.2353515625,0
67.2983703613281,0
68.6589508056641,0
71.7124252319336,0
74.229118347168,0
73.6493377685547,0
70.1297988891602,0
66.1397552490234,0
63.2951812744141,0
60.9023704528809,0
57.8332595825195,0
54.6004829406738,0
52.7904472351074,0
53.0122947692871,0
54.1136894226074,0
54.3770713806152,0
53.3307991027832,0
52.4573516845703,0
53.7862281799316,0
57.2533302307129,0
59.9120292663574,0
58.8695602416992,0
54.8049697875977,0
51.0809631347656,0
49.249153137207,0
47.4133377075195,0
43.9238433837891,0
40.5567283630371,0
40.0729675292969,0
42.1236038208008,0
44.0840301513672,0
45.1981010437012,0
47.1555023193359,0
50.5510368347168,0
53.5078468322754,0
54.6597366333008,0
55.2929039001465,0
57.322395324707,0
60.7765350341797,0
64.3913803100586,0
67.2195281982422,0
68.5239486694336,0
67.469841003418,0
64.1805953979492,0
60.0136528015137,0
55.8561782836914,0
51.5116119384766,0
47.6904792785645,0
46.6397438049316,0
49.055980682373,0
52.1418151855469,0
52.9829521179199,0
52.3962516784668,0
52.818172454834,0
53.6878929138184,0
52.3189582824707,0
48.8735122680664,0
46.711597442627,0
47.1831741333008,0
47.5786094665527,0
45.6600112915039,0
43.1116409301758,0
42.3901405334473,0
42.6705284118652,0
41.5437126159668,0
39.035888671875,0
37.1736640930176,0
36.4905662536621,0
35.5856590270996,0
33.7956428527832,0
31.9595928192139,0
30.5131855010986,0
28.9354839324951,0
27.4613475799561,0
27.5481224060059,0
29.9392547607422,0
33.4541778564453,0
36.2354927062988,0
37.3607330322266,0
37.1250228881836,0
36.7923316955566,0
38.1306228637695,0
41.8864822387695,0
46.3791122436523,0
48.8510360717773,0
48.7102127075195,0
48.2986450195312,0
49.9154586791992,0
53.240291595459,0
56.3839149475098,0
58.2961959838867,0
59.102855682373,0
58.9514427185059,0
57.705867767334,0
55.3495635986328,0
51.8251914978027,0
46.9338035583496,0
41.1835289001465,0
36.2027969360352,0
33.3348083496094,0
32.0445213317871,0
30.4643135070801,0
27.3330154418945,0
22.899787902832,0
18.3471088409424,0
14.9315118789673,0
13.2675256729126,0
12.8350057601929,0
12.5374565124512,0
12.1057577133179,0
12.2643136978149,0
13.1010437011719,0
13.3534822463989,0
12.1638116836548,0
10.5065898895264,0
9.81089210510254,0
10.1972312927246,0
11.2921772003174,0
13.5422925949097,0
16.9567890167236,0
19.6753730773926,0
20.1658725738525,0
20.261417388916,0
23.3272399902344,0
29.3038692474365,0
34.1712532043457,0
34.925407409668,0
32.687931060791,0
30.0551261901855,0
27.8502464294434,0
25.9387359619141,0
25.0468559265137,0
25.7183856964111,0
26.8752098083496,0
27.3388442993164,0
27.7354774475098,0
29.121940612793,0
30.6812229156494,0
30.6443538665771,0
28.7772369384766,0
26.14040184021,0
23.0841979980469,0
19.5251216888428,0
16.7378883361816,0
16.5603313446045,0
18.7143669128418,0
20.993070602417,0
22.3605709075928,0
23.7890319824219,0
25.5928783416748,0
26.2297496795654,0
24.7963848114014,0
22.6773071289062,0
21.2680397033691,0
19.7440910339355,0
16.7425975799561,0
12.8354797363281,0
9.44768905639648,0
6.43467140197754,0
2.83060026168823,0
-0.746318340301514,0
-2.73117756843567,0
-3.43071699142456,0
-4.92163133621216,0
-7.80230760574341,0
-10.0976409912109,0
-10.1990232467651,0
-9.2891092300415,0
-9.84889698028564,0
-12.904203414917,0
-17.6581592559814,0
-22.8583145141602,0
-27.5079669952393,0
-30.8858165740967,0
-32.8486824035645,0
-33.8504524230957,0
-34.0752143859863,0
-32.915901184082,0
-29.8595027923584,0
-25.5405330657959,0
-21.3157444000244,0
-17.9000396728516,0
-14.8187704086304,0
-11.2041664123535,0
-6.97541236877441,0
-3.18894720077515,0
-1.00698554515839,0
-0.137319058179855,0
1.23930466175079,0
4.42595815658569,0
8.59326839447021,0
12.1354598999023,0
15.1683740615845,0
19.1522064208984,0
23.9568004608154,0
27.1137275695801,0
26.9326000213623,0
25.016300201416,0
24.3696002960205,0
25.8076686859131,0
27.5388412475586,0
27.8479461669922,0
26.9262752532959,0
26.1162586212158,0
26.3014945983887,0
27.0778541564941,0
26.9021167755127,0
24.2880687713623,0
19.5471954345703,0
15.054666519165,0
12.9806261062622,0
12.9808397293091,0
12.9371576309204,0
11.6482124328613,0
9.70470523834229,0
7.8881721496582,0
6.05758857727051,0
3.89336919784546,0
1.5242178440094,0
-1.091099858284,0
-4.33228063583374,0
-7.8218936920166,0
-10.1402997970581,0
-10.4919147491455,0
-9.93604755401611,0
-10.1157989501953,0
-11.4111156463623,0
-13.2453985214233,0
-15.5327844619751,0
-18.5829544067383,0
-21.9374046325684,0
-24.6432723999023,0
-26.6156101226807,0
-28.3727340698242,0
-29.3046035766602,0
-27.8014621734619,0
-23.7888450622559,0
-19.6172466278076,0
-17.1399974822998,0
-15.0618619918823,0
-10.9855031967163,0
-5.49522304534912,0
-1.99584317207336,0
-2.16901278495789,0
-3.6961555480957,0
-3.58852529525757,0
-1.96855878829956,0
-0.723385035991669,0
0.305035918951035,0
3.19922780990601,0
8.17408466339111,0
12.5102481842041,0
14.2548332214355,0
15.0016803741455,0
17.4607028961182,0
21.6369037628174,0
25.245548248291,0
27.1218128204346,0
28.2261695861816,0
29.4389991760254,0
30.351167678833,0
30.7856597900391,0
31.9008369445801,0
34.7203025817871,0
38.4874229431152,0
41.4819526672363,0
42.9281311035156,0
43.2646598815918,0
43.016731262207,0
42.3677673339844,0
41.6383895874023,0
41.2144012451172,0
40.8699264526367,0
39.8829383850098,0
37.9689712524414,0
35.4576034545898,0
32.4795036315918,0
28.8816509246826,0
25.2850284576416,0
23.151216506958,0
22.9252529144287,0
22.9757995605469,0
21.5885620117188,0
19.3513069152832,0
18.0116901397705,0
17.4348888397217,0
15.8255672454834,0
13.1360902786255,0
11.7293319702148,0
12.5156898498535,0
12.8792390823364,0
10.5638122558594,0
7.68207740783691,0
7.96139478683472,0
11.102071762085,0
13.1737899780273,0
12.453821182251,0
11.528491973877,0
12.9142179489136,0
15.7751560211182,0
18.4686050415039,0
21.5069465637207,0
25.651086807251,0
29.0430355072021,0
29.0226230621338,0
26.0410499572754,0
23.5077018737793,0
23.9936828613281,0
27.2221450805664,0
31.4216003417969,0
35.0128135681152,0
37.1636772155762,0
38.2424392700195,0
39.7935638427734,0
42.9346237182617,0
46.9554100036621,0
50.5838432312012,0
54.1387672424316,0
58.897647857666,0
64.6214599609375,0
69.5610656738281,0
73.1803131103516,0
77.15234375,0
82.9931945800781,0
90.0618743896484,0
96.6197738647461,0
101.702453613281,0
105.205665588379,0
107.207809448242,0
108.053260803223,0
108.19766998291,0
107.214836120605,0
103.98267364502,0
98.7648391723633,0
93.9370040893555,0
91.2410278320312,0
89.2630844116211,0
85.4845199584961,0
80.3224563598633,0
76.8672790527344,0
76.3051528930664,0
75.8979415893555,0
72.7730560302734,0
67.9572143554688,0
64.7219314575195,0
63.8557434082031,0
62.7534027099609,0
59.1677436828613,0
53.8855361938477,0
49.0343475341797,0
45.3313522338867,0
42.1251831054688,0
39.0150985717773,0
35.9457931518555,0
32.2323913574219,0
27.06569480896,0
21.0522918701172,0
15.8693208694458,0
11.9983539581299,0
8.13666534423828,0
3.69176483154297,0
0.644470632076263,0
1.44242334365845,0
5.60336637496948,0
10.0760269165039,0
12.9587478637695,0
15.1520910263062,0
17.8765239715576,0
20.3945007324219,0
21.4481449127197,0
21.4757442474365,0
21.5517864227295,0
21.024341583252,0
18.3915729522705,0
14.2711400985718,0
11.1682815551758,0
9.83416843414307,0
8.02313995361328,0
3.87730169296265,0
-1.34763288497925,0
-5.34873390197754,0
-7.96213912963867,0
-10.4603700637817,0
-12.8182468414307,0
-13.836498260498,0
-13.5735149383545,0
-13.6424970626831,0
-14.9663410186768,0
-16.8064155578613,0
-18.1914596557617,0
-18.8813896179199,0
-18.6586284637451,0
-17.032096862793,0
-14.107741355896,0
-10.6547822952271,0
-6.9146032333374,0
-2.39952421188354,0
2.72321248054504,0
7.14465379714966,0
9.93612575531006,0
11.7409105300903,0
13.9231882095337,0
17.2542400360107,0
21.7880401611328,0
27.0676383972168,0
31.8779907226562,0
34.7916603088379,0
35.8717346191406,0
37.1265830993652,0
40.2911109924316,0
44.6440162658691,0
48.0438385009766,0
49.798656463623,0
51.2673645019531,0
53.4021263122559,0
54.846248626709,0
53.4494552612305,0
49.4007949829102,0
45.8566589355469,0
45.8828163146973,0
49.1627540588379,0
52.4987030029297,0
53.5374488830566,0
53.0310859680176,0
53.0155868530273,0
53.9335784912109,0
54.7844657897949,0
55.3813095092773,0
56.7255172729492,0
59.140495300293,0
61.7292785644531,0
64.2050704956055,0
67.7192993164062,0
72.8847274780273,0
78.1628952026367,0
81.5066299438477,0
82.9406356811523,0
84.2936096191406,0
86.7810745239258,0
90.0893936157227,0
93.7393112182617,0
98.0847320556641,0
103.511413574219,0
109.452209472656,0
114.850112915039,0
119.358894348145,0
123.642448425293,0
128.445419311523,0
133.579635620117,0
138.042068481445,0
141.213317871094,0
143.707473754883,0
146.665298461914,0
150.263748168945,0
153.422607421875,0
155.135101318359,0
155.586181640625,0
155.604125976562,0
155.383178710938,0
154.222351074219,0
151.380599975586,0
146.788711547852,0
140.9423828125,0
134.402725219727,0
127.467002868652,0
120.160232543945,0
112.47827911377,0
104.667556762695,0
97.1870651245117,0
90.2273788452148,0
83.2191162109375,0
75.0191116333008,0
64.9236145019531,0
53.60107421875,0
42.6786689758301,0
33.1073722839355,0
24.295051574707,0
15.3667669296265,0
6.85092353820801,0
0.135720938444138,0
-4.59572744369507,0
-8.59222030639648,0
-12.4504327774048,0
-15.3056163787842,0
-16.9331855773926,0
-19.2197914123535,0
-24.0464649200439,0
-30.5507926940918,0
-36.0811576843262,0
-39.4355430603027,0
-41.6542854309082,0
-43.897632598877,0
-46.2104606628418,0
-48.5868186950684,0
-51.7787551879883,0
-56.3791542053223,0
-61.858757019043,0
-66.9175415039062,0
-70.4175033569336,0
-72.1308822631836,0
-73.1612167358398,0
-75.2936477661133,0
-79.1305084228516,0
-83.1814346313477,0
-85.5972900390625,0
-86.3379287719727,0
-86.7057571411133,0
-87.3895034790039,0
-88.2291107177734,0
-89.3253402709961,0
-90.8592758178711,0
-92.2021179199219,0
-92.7593994140625,0
-93.2927169799805,0
-94.6287384033203,0
-95.3555221557617,0
-92.8258209228516,0
-86.4713287353516,0
-78.1804580688477,0
-69.4350128173828,0
-60.3643379211426,0
-51.8577003479004,0
-45.9172439575195,0
-42.841926574707,0
-40.3359336853027,0
-36.7906494140625,0
-33.5240249633789,0
-32.2133827209473,0
-31.7867660522461,0
-29.780086517334,0
-25.8297080993652,0
-22.0497875213623,0
-20.1985092163086,0
-19.594295501709,0
-17.8712692260742,0
-13.5107326507568,0
-7.81239366531372,0
-3.89485931396484,0
-2.85365295410156,0
-1.73233115673065,0
2.86605191230774,0
9.79194259643555,0
14.5697546005249,0
15.4309587478638,0
14.9085483551025,0
14.8865871429443,0
13.8419628143311,0
10.8019933700562,0
8.44548034667969,0
9.27785968780518,0
11.4162073135376,0
11.6740026473999,0
11.0197687149048,0
13.2803735733032,0
19.3443489074707,0
26.1216697692871,0
30.9286327362061,0
33.8035202026367,0
35.6264686584473,0
37.0752563476562,0
39.7517700195312,0
45.3163909912109,0
52.6048049926758,0
58.10009765625,0
60.2691841125488,0
61.2058868408203,0
62.9732360839844,0
64.7251129150391,0
65.0936279296875,0
65.3180389404297,0
67.6545715332031,0
71.8641510009766,0
75.6513366699219,0
78.1048583984375,0
80.4977569580078,0
83.6838150024414,0
86.8500595092773,0
89.5161056518555,0
93.004768371582,0
98.709342956543,0
105.940246582031,0
112.72021484375,0
118.154350280762,0
122.964317321777,0
128.115905761719,0
134.023223876953,0
140.863723754883,0
148.485687255859,0
155.921646118164,0
162.039505004883,0
166.833267211914,0
171.029449462891,0
174.245758056641,0
174.862609863281,0
172.293594360352,0
168.036331176758,0
163.502166748047,0
158.124725341797,0
151.119613647461,0
143.996948242188,0
139.098266601562,0
135.950225830078,0
131.568893432617,0
125.047264099121,0
119.538154602051,0
118.108100891113,0
119.290824890137,0
118.930801391602,0
115.640563964844,0
112.042335510254,0
110.508819580078,0
109.979202270508,0
107.993202209473,0
104.082061767578,0
99.4951858520508,0
94.5424575805664,0
88.0170745849609,0
79.0926895141602,0
68.3751449584961,0
56.9772186279297,0
45.6881103515625,0
35.1488723754883,0
25.7027606964111,0
16.8416080474854,0
7.86757659912109,0
-0.699015855789185,0
-7.60621356964111,0
-13.0917510986328,0
-19.1376438140869,0
-26.7322330474854,0
-34.3004379272461,0
-39.9922142028809,0
-44.2362747192383,0
-48.5661277770996,0
-53.0702285766602,0
-56.9005737304688,0
-60.5605125427246,0
-65.5277328491211,0
-71.8064575195312,0
-77.9421768188477,0
-83.5585708618164,0
-89.7646026611328,0
-96.627815246582,0
-102.409744262695,0
-106.202537536621,0
-109.343673706055,0
-112.990074157715,0
-116.092796325684,0
-117.32341003418,0
-117.405639648438,0
-117.637496948242,0
-117.405250549316,0
-115.41641998291,0
-112.559097290039,0
-111.044204711914,0
-110.935699462891,0
-109.982803344727,0
-107.167518615723,0
-104.095428466797,0
-102.160919189453,0
-100.491760253906,0
-97.9044570922852,0
-95.1562423706055,0
-93.7704620361328,0
-93.8163604736328,0
-94.2182235717773,0
-94.2990951538086,0
-93.7405471801758,0
-91.942268371582,0
-88.8425064086914,0
-85.6869354248047,0
-83.5910263061523,0
-81.8575439453125,0
-79.0081405639648,0
-74.9610137939453,0
-70.8781585693359,0
-67.4020309448242,0
-64.4738082885742,0
-62.3512382507324,0
-61.1199722290039,0
-59.5477714538574,0
-56.2681083679199,0
-51.9754447937012,0
-48.4979782104492,0
-45.6203804016113,0
-40.9776077270508,0
-33.5803031921387,0
-25.2651500701904,0
-17.7529811859131,0
-10.3930597305298,0
-2.17436647415161,0
6.00602436065674,0
13.0423774719238,0
20.2156047821045,0
29.8763427734375,0
42.098388671875,0
54.4778289794922,0
64.9429321289062,0
73.1712265014648,0
79.5084838867188,0
84.1507339477539,0
87.4579238891602,0
89.6691970825195,0
90.1635437011719,0
88.1972885131836,0
84.3782272338867,0
80.082649230957,0
75.3278350830078,0
68.7487945556641,0
60.0972862243652,0
51.1555519104004,0
43.2246627807617,0
35.079273223877,0
24.8425903320312,0
12.9946298599243,0
1.7684862613678,0
-8.1550464630127,0
-18.3835430145264,0
-29.6536655426025,0
-39.7278861999512,0
-46.0678024291992,0
-49.7073974609375,0
-54.3530883789062,0
-61.3985290527344,0
-67.7840423583984,0
-69.9218597412109,0
-68.2760620117188,0
-66.3629302978516,0
-66.1362609863281,0
-66.505744934082,0
-66.2289199829102,0
-65.8610610961914,0
-65.9971160888672,0
-65.575309753418,0
-63.4728126525879,0
-60.5832443237305,0
-58.6883316040039,0
-57.9124755859375,0
-56.763744354248,0
-54.3293190002441,0
-51.0589065551758,0
-47.5633201599121,0
-44.0669479370117,0
-41.2863807678223,0
-40.6231651306152,0
-42.788013458252,0
-46.7540550231934,0
-50.5432052612305,0
-52.8712463378906,0
-53.9212417602539,0
-54.7497482299805,0
-56.0500450134277,0
-57.4726524353027,0
-58.2364273071289,0
-58.2103652954102,0
-57.8390808105469,0
-57.0681037902832,0
-55.3253974914551,0
-52.9607429504395,0
-51.6638488769531,0
-52.6314010620117,0
-55.0892295837402,0
-57.4716567993164,0
-59.2771377563477,0
-60.7675018310547,0
-61.6471633911133,0
-61.3470077514648,0
-60.0532684326172,0
-58.1020202636719,0
-54.8666343688965,0
-49.8567504882812,0
-44.6979484558105,0
-42.2139358520508,0
-43.1212959289551,0
-44.9442405700684,0
-44.6851348876953,0
-41.6658515930176,0
-37.5728302001953,0
-34.6790084838867,0
-34.1303901672363,0
-34.9760437011719,0
-34.7720489501953,0
-32.0345077514648,0
-27.9463996887207,0
-24.606502532959,0
-22.0477676391602,0
-18.5888290405273,0
-13.8357305526733,0
-9.21523952484131,0
-5.27959489822388,0
-0.710395574569702,0
5.25185489654541,0
11.5211124420166,0
17.3875350952148,0
23.9599208831787,0
31.9378261566162,0
39.9086608886719,0
46.8081283569336,0
54.4137992858887,0
64.9093856811523,0
76.9042739868164,0
86.4588394165039,0
91.8907012939453,0
95.3678283691406,0
99.6475830078125,0
105.229759216309,0
111.011093139648,0
115.80647277832,0
118.582221984863,0
118.956237792969,0
118.524795532227,0
120.323570251465,0
125.594116210938,0
131.771194458008,0
134.896881103516,0
133.781860351562,0
130.884857177734,0
129.267288208008,0
129.573928833008,0
130.090316772461,0
128.923812866211,0
125.558151245117,0
120.568473815918,0
114.466003417969,0
107.18913269043,0
98.6515960693359,0
89.4230728149414,0
80.4818344116211,0
72.1754608154297,0
63.6484680175781,0
53.6074180603027,0
41.7093315124512,0
28.9754657745361,0
16.7093906402588,0
5.25136518478394,0
-5.91882801055908,0
-17.076078414917,0
-27.7591876983643,0
-37.346492767334,0
-45.5369758605957,0
-52.1732559204102,0
-57.3026580810547,0
-61.7216758728027,0
-66.6729354858398,0
-72.4009552001953,0
-77.7165756225586,0
-81.781135559082,0
-85.5955505371094,0
-90.5117797851562,0
-95.6958084106445,0
-98.6121444702148,0
-98.2545394897461,0
-96.5779724121094,0
-96.1737060546875,0
-97.59375,0
-99.7192306518555,0
-101.845588684082,0
-104.188507080078,0
-106.511695861816,0
-107.340888977051,0
-105.074676513672,0
-99.603645324707,0
-92.4701919555664,0
-85.4119338989258,0
-78.9696350097656,0
-72.633171081543,0
-66.0182800292969,0
-59.3959465026855,0
-53.1756477355957,0
-47.5535430908203,0
-42.7670631408691,0
-38.880989074707,0
-34.9986000061035,0
-29.586067199707,0
-22.2103614807129,0
-14.2318019866943,0
-7.20733642578125,0
-1.53134500980377,0
2.61422204971313,0
4.23159170150757,0
2.9070291519165,0
0.408319115638733,0
-0.836919963359833,0
-0.492963194847107,0
0.00444934144616127,0
0.0982515066862106,0
0.60329669713974,0
1.72771775722504,0
2.70541214942932,0
3.75200724601746,0
6.34816884994507,0
10.7695865631104,0
15.0835695266724,0
17.5996494293213,0
18.7886734008789,0
19.7225284576416,0
20.2088642120361,0
19.9230995178223,0
19.9596843719482,0
21.3238964080811,0
22.7897872924805,0
22.40163230896,0
20.7645072937012,0
20.6606788635254,0
23.1641845703125,0
26.2237606048584,0
27.9254493713379,0
29.3144950866699,0
32.4897308349609,0
37.1103057861328,0
40.6952247619629,0
42.1413307189941,0
43.3379173278809,0
47.0141296386719,0
54.1454010009766,0
63.8149528503418,0
74.4797973632812,0
84.6596984863281,0
93.2537612915039,0
100.191520690918,0
106.458297729492,0
112.714378356934,0
118.131492614746,0
121.336235046387,0
122.362503051758,0
122.913421630859,0
124.654067993164,0
127.874397277832,0
131.863494873047,0
135.883697509766,0
139.491775512695,0
142.379913330078,0
144.161575317383,0
144.026184082031,0
140.663955688477,0
133.196472167969,0
122.4052734375,0
110.374534606934,0
98.4610366821289,0
86.1366958618164,0
72.3702850341797,0
57.6172676086426,0
43.5258369445801,0
30.7800483703613,0
18.2483062744141,0
4.73758697509766,0
-9.0925178527832,0
-21.3510284423828,0
-31.2447700500488,0
-39.9821395874023,0
-49.1454200744629,0
-58.8214340209961,0
-67.8368911743164,0
-75.350959777832,0
-81.4396591186523,0
-86.3177490234375,0
-90.0270080566406,0
-93.2587203979492,0
-97.5695724487305,0
-103.8857421875,0
-111.131240844727,0
-117.213806152344,0
-121.408950805664,0
-125.109565734863,0
-130.060363769531,0
-136.34748840332,0
-142.29167175293,0
-145.896087646484,0
-146.274871826172,0
-144.183364868164,0
-141.487686157227,0
-139.788619995117,0
-139.257034301758,0
-138.999145507812,0
-138.5576171875,0
-138.426727294922,0
-138.793655395508,0
-138.606353759766,0
-136.808685302734,0
-134.059677124023,0
-132.060104370117,0
-131.168212890625,0
-129.884948730469,0
-127.099716186523,0
-123.66625213623,0
-120.888328552246,0
-118.407989501953,0
-114.921058654785,0
-110.515823364258,0
-106.757499694824,0
-104.332977294922,0
-102.085571289062,0
-98.9672317504883,0
-95.609001159668,0
-92.9236373901367,0
-90.288200378418,0
-86.7237014770508,0
-83.3094253540039,0
-82.4103622436523,0
-84.1412658691406,0
-85.4243774414062,0
-83.6462097167969,0
-79.88134765625,0
-76.967041015625,0
-75.3258590698242,0
-72.7027206420898,0
-67.8324508666992,0
-62.1563034057617,0
-57.2113952636719,0
-52.3094787597656,0
-46.2967948913574,0
-40.188175201416,0
-35.9854316711426,0
-33.4290733337402,0
-30.0519313812256,0
-24.6955261230469,0
-19.1564693450928,0
-15.6287670135498,0
-13.9304122924805,0
-12.1992635726929,0
-9.22998428344727,0
-5.03725433349609,0
0.0674121603369713,0
5.71206760406494,0
11.1651391983032,0
15.8762874603271,0
20.1458568572998,0
24.4239177703857,0
28.2610054016113,0
31.0177040100098,0
33.5161743164062,0
37.7498168945312,0
44.5126647949219,0
52.2302551269531,0
58.8009300231934,0
63.9923057556152,0
69.2359390258789,0
75.3731384277344,0
81.5658569335938,0
86.6553192138672,0
90.7423553466797,0
94.6252746582031,0
98.0291213989258,0
99.4480819702148,0
97.9974746704102,0
94.5256500244141,0
90.3823394775391,0
85.9774627685547,0
81.3523406982422,0
77.1659774780273,0
73.6399459838867,0
69.1348114013672,0
61.7163543701172,0
52.2371559143066,0
43.9673309326172,0
38.6038398742676,0
34.397876739502,0
29.0580883026123,0
22.7298069000244,0
16.8442459106445,0
11.6951026916504,0
6.92772769927979,0
3.08135271072388,0
0.383829951286316,0
-3.27619647979736,0
-10.719690322876,0
-21.752950668335,0
-33.2229690551758,0
-43.228214263916,0
-53.2767066955566,0
-65.4117736816406,0
-79.0536041259766,0
-92.1699829101562,0
-104.295043945312,0
-116.537300109863,0
-129.07780456543,0
-140.417266845703,0
-149.23860168457,0
-155.627090454102,0
-160.161315917969,0
-163.208999633789,0
-165.790008544922,0
-169.707214355469,0
-175.466903686523,0
-181.017929077148,0
-184.241455078125,0
-186.150451660156,0
-189.609893798828,0
-194.958419799805,0
-199.273818969727,0
-200.660034179688,0
-200.806518554688,0
-201.82958984375,0
-202.922729492188,0
-202.460845947266,0
-201.477661132812,0
-201.896331787109,0
-202.459335327148,0
-200.124771118164,0
-195.411544799805,0
-192.551330566406,0
-193.384490966797,0
-194.642913818359,0
-193.127548217773,0
-190.537841796875,0
-190.512939453125,0
-193.010955810547,0
-194.635375976562,0
-193.475082397461,0
-190.897125244141,0
-188.99137878418,0
-188.589553833008,0
-189.659622192383,0
-191.494506835938,0
-192.254486083984,0
-190.099792480469,0
-185.302932739258,0
-180.075180053711,0
-176.016448974609,0
-172.663803100586,0
-168.547836303711,0
-162.651016235352,0
-154.846740722656,0
-145.963562011719,0
-137.445373535156,0
-129.96369934082,0
-122.436042785645,0
-113.483589172363,0
-103.739387512207,0
-95.3987503051758,0
-89.3585739135742,0
-84.1424255371094,0
-77.9855041503906,0
-70.6420440673828,0
-62.5759429931641,0
-53.7273597717285,0
-44.1304092407227,0
-34.8563346862793,0
-27.1504554748535,0
-20.9388599395752,0
-15.0299110412598,0
-8.64273643493652,0
-2.15472722053528,0
3.53941416740417,0
8.00100326538086,0
11.6622543334961,0
15.3864049911499,0
19.3619651794434,0
22.5464572906494,0
23.8821926116943,0
24.0933837890625,0
25.3293838500977,0
28.7034778594971,0
33.1653747558594,0
37.239070892334,0
40.6543502807617,0
43.4713096618652,0
44.9925193786621,0
45.042407989502,0
45.3633155822754,0
47.9950790405273,0
52.8346748352051,0
58.4703750610352,0
64.6919326782227,0
71.88916015625,0
78.3909378051758,0
81.4486846923828,0
81.5540924072266,0
82.8254165649414,0
87.5271530151367,0
92.709716796875,0
94.3524017333984,0
92.6438980102539,0
90.5295028686523,0
88.7718200683594,0
85.6860275268555,0
80.894287109375,0
75.9560394287109,0
71.2698822021484,0
65.443733215332,0
58.2840118408203,0
51.6893196105957,0
46.7530174255371,0
42.3693084716797,0
37.5789489746094,0
32.9306488037109,0
28.4398651123047,0
22.5895748138428,0
14.9099035263062,0
7.48802852630615,0
2.08789086341858,0
-2.58174848556519,0
-8.85580825805664,0
-16.7670593261719,0
-24.6918773651123,0
-32.2721786499023,0
-40.5745277404785,0
-49.7620964050293,0
-58.3549346923828,0
-64.7551116943359,0
-68.424674987793,0
-69.8424911499023,0
-70.1445007324219,0
-70.3504333496094,0
-70.3130187988281,0
-69.1460723876953,0
-67.1059417724609,0
-65.7155685424805,0
-65.2818450927734,0
-64.0034332275391,0
-60.9001541137695,0
-57.9980392456055,0
-57.7959251403809,0
-59.9171943664551,0
-62.2986793518066,0
-64.5078048706055,0
-67.5370101928711,0
-71.1560134887695,0
-74.0429992675781,0
-76.2360916137695,0
-79.0185470581055,0
-82.3948822021484,0
-85.0194473266602,0
-86.8473358154297,0
-89.5834884643555,0
-93.9419479370117,0
-98.414306640625,0
-101.358497619629,0
-102.529747009277,0
-102.041931152344,0
-99.8100509643555,0
-96.8953552246094,0
-95.5244903564453,0
-96.5806732177734,0
-98.6088409423828,0
-100.419418334961,0
-102.970108032227,0
-107.090911865234,0
-110.928596496582,0
-111.962364196777,0
-110.870307922363,0
-111.032012939453,0
-114.024253845215,0
-117.517944335938,0
-118.198379516602,0
-115.245429992676,0
-110.154808044434,0
-104.447830200195,0
-98.792236328125,0
-93.6423110961914,0
-89.3199615478516,0
-85.4075698852539,0
-81.0371551513672,0
-76.0453338623047,0
-71.1680145263672,0
-66.8632583618164,0
-62.6816635131836,0
-58.2814750671387,0
-54.3652191162109,0
-51.7641944885254,0
-50.0281791687012,0
-48.0109634399414,0
-45.7398109436035,0
-44.3968963623047,0
-44.0736923217773,0
-42.8914756774902,0
-39.3283042907715,0
-34.4050178527832,0
-30.2146873474121,0
-26.8365364074707,0
-22.1749210357666,0
-14.7547407150269,0
-5.35253953933716,0
4.20074844360352,0
12.4931001663208,0
18.5353965759277,0
21.7095603942871,0
22.5406894683838,0
22.6989154815674,0
23.5530796051025,0
25.2475032806396,0
27.4190196990967,0
29.8708648681641,0
32.1387100219727,0
33.5224990844727,0
34.3019142150879,0
35.9574127197266,0
39.3499374389648,0
43.5691719055176,0
47.421745300293,0
50.9928169250488,0
54.5469017028809,0
56.9206962585449,0
56.7256698608398,0
54.6650199890137,0
52.9004516601562,0
52.1559257507324,0
51.0207443237305,0
48.2712936401367,0
44.3667221069336,0
40.2478904724121,0
36.045352935791,0
31.6182746887207,0
27.2382431030273,0
23.0177459716797,0
18.5764408111572,0
13.9449272155762,0
9.90740871429443,0
6.68866157531738,0
3.1599018573761,0
-1.6869922876358,0
-7.15310907363892,0
-11.8255023956299,0
-15.6880483627319,0
-19.9482440948486,0
-24.8196468353271,0
-28.7901916503906,0
-30.5506916046143,0
-30.6710968017578,0
-30.6993217468262,0
-31.3224277496338,0
-32.278018951416,0
-33.6537094116211,0
-36.1682052612305,0
-39.9207611083984,0
-43.5928115844727,0
-45.3909912109375,0
-44.5356864929199,0
-41.5887985229492,0
-37.6864967346191,0
-33.8956985473633,0
-31.1472835540771,0
-30.2128410339355,0
-31.402172088623,0
-34.3057136535645,0
-37.9402503967285,0
-41.3009643554688,0
-44.041748046875,0
-46.7510871887207,0
-50.3555946350098,0
-55.0386047363281,0
-59.889232635498,0
-63.8326301574707,0
-66.7398071289062,0
-69.3059158325195,0
-71.9405364990234,0
-74.2159652709961,0
-75.5345001220703,0
-75.9617080688477,0
-76.049919128418,0
-75.9944763183594,0
-75.4533462524414,0
-74.4191436767578,0
-73.8637466430664,0
-74.8975524902344,0
-77.2686309814453,0
-79.3357009887695,0
-79.8206253051758,0
-78.996452331543,0
-77.7347259521484,0
-76.1292114257812,0
-73.8501281738281,0
-71.1564407348633,0
-68.4015197753906,0
-65.0745849609375,0
-60.7917900085449,0
-56.8483810424805,0
-54.8747062683105,0
-53.9158401489258,0
-51.1068687438965,0
-45.9437522888184,0
-41.5857887268066,0
-40.6072120666504,0
-41.6131057739258,0
-41.8769035339355,0
-41.2707023620605,0
-41.0805206298828,0
-40.5969505310059,0
-38.060791015625,0
-34.1178817749023,0
-30.8908634185791,0
-27.7101802825928,0
-21.2763900756836,0
-10.7993125915527,0
0.298031717538834,0
9.17736339569092,0
17.1501121520996,0
26.5310211181641,0
36.4858627319336,0
44.5771141052246,0
50.6994285583496,0
56.7144241333008,0
63.1145286560059,0
68.6291198730469,0
72.7188262939453,0
76.1351013183594,0
79.1101608276367,0
81.0842819213867,0
82.2856903076172,0
83.5774078369141,0
84.4953689575195,0
83.4529190063477,0
80.4985198974609,0
78.007926940918,0
77.6736373901367,0
78.3437957763672,0
77.9456558227539,0
76.1623916625977,0
73.8274002075195,0
70.8387069702148,0
66.5074996948242,0
61.4960098266602,0
57.5870590209961,0
55.3775634765625,0
53.6525802612305,0
51.4038772583008,0
49.1345367431641,0
47.443302154541,0
45.3625068664551,0
41.1482734680176,0
34.2770729064941,0
25.879861831665,0
17.5979442596436,0
10.7914133071899,0
6.42931318283081,0
4.54166173934937,0
3.60818195343018,0
1.49917531013489,0
-2.49014377593994,0
-7.17232418060303,0
-11.3362531661987,0
-15.2497310638428,0
-19.6874103546143,0
-24.2854709625244,0
-27.9613647460938,0
-30.6225719451904,0
-33.2929916381836,0
-36.5262794494629,0
-39.8073997497559,0
-42.7738761901855,0
-45.8577537536621,0
-49.065601348877,0
-51.2011337280273,0
-51.4654312133789,0
-51.2197914123535,0
-52.7558555603027,0
-56.3358192443848,0
-59.7398490905762,0
-61.1168441772461,0
-61.1666564941406,0
-61.8162078857422,0
-63.6523895263672,0
-65.7192077636719,0
-67.4310302734375,0
-69.5361557006836,0
-72.9632873535156,0
-77.3778915405273,0
-81.2559509277344,0
-83.2741317749023,0
-83.6206283569336,0
-83.9465026855469,0
-85.7234268188477,0
-88.5884323120117,0
-90.8887023925781,0
-92.0388565063477,0
-93.3357925415039,0
-95.7024383544922,0
-97.6833419799805,0
-97.0990142822266,0
-94.1395645141602,0
-91.2571868896484,0
-90.2017440795898,0
-90.6876220703125,0
-91.7780914306641,0
-92.6755828857422,0
-91.9744262695312,0
-88.3174438476562,0
-82.6724395751953,0
-78.0838317871094,0
-75.9998931884766,0
-74.4458389282227,0
-71.0523910522461,0
-66.2498779296875,0
-61.9123573303223,0
-58.366641998291,0
-54.6953010559082,0
-50.8323554992676,0
-47.1909484863281,0
-43.0128707885742,0
-37.4205284118652,0
-31.7932682037354,0
-28.778980255127,0
-28.7094078063965,0
-28.9348621368408,0
-27.132209777832,0
-23.6463165283203,0
-20.1771564483643,0
-17.7582702636719,0
-16.6070747375488,0
-16.5384922027588,0
-16.7727832794189,0
-16.3507900238037,0
-15.1949911117554,0
-13.7470769882202,0
-11.4222869873047,0
-6.99490737915039,0
-1.07445538043976,0
3.55116844177246,0
5.25045680999756,0
5.87343168258667,0
8.34759426116943,0
13.1163063049316,0
18.6564903259277,0
24.5301055908203,0
31.5503730773926,0
39.0452117919922,0
44.5173645019531,0
47.0542068481445,0
49.1745147705078,0
53.7696762084961,0
60.5372047424316,0
67.2125930786133,0
73.3052444458008,0
80.1612548828125,0
87.3749389648438,0
91.8416366577148,0
91.7228622436523,0
89.4884338378906,0
89.0770034790039,0
90.9936218261719,0
92.2060699462891,0
90.494270324707,0
86.8054504394531,0
82.9583740234375,0
78.8436965942383,0
72.9104156494141,0
64.4082336425781,0
54.2392578125,0
44.0882110595703,0
35.1106109619141,0
26.8616752624512,0
17.3554286956787,0
5.14571285247803,0
-8.36831569671631,0
-19.9120445251465,0
-28.148775100708,0
-35.1738967895508,0
-43.3154258728027,0
-51.9319686889648,0
-58.9189186096191,0
-64.1307067871094,0
-69.102165222168,0
-73.9498062133789,0
-77.1054992675781,0
-78.4781341552734,0
-80.4495391845703,0
-84.4911727905273,0
-88.6145248413086,0
-89.8976669311523,0
-88.4232788085938,0
-86.8744201660156,0
-86.824577331543,0
-87.398063659668,0
-87.6372146606445,0
-88.2277679443359,0
-90.0053863525391,0
-92.1230163574219,0
-92.9214401245117,0
-91.8933258056641,0
-89.6828842163086,0
-86.6871566772461,0
-82.9092712402344,0
-78.9596176147461,0
-75.833251953125,0
-73.4991607666016,0
-70.9669570922852,0
-68.207763671875,0
-66.794807434082,0
-67.8514022827148,0
-70.4037780761719,0
-72.7717590332031,0
-74.6601409912109,0
-76.577507019043,0
-77.9482727050781,0
-77.5133438110352,0
-75.3866958618164,0
-73.0282897949219,0
-71.0984268188477,0
-69.0252990722656,0
-66.9524230957031,0
-66.1470184326172,0
-66.6023635864258,0
-66.0791015625,0
-62.9526977539062,0
-58.5583839416504,0
-55.0409278869629,0
-52.1144714355469,0
-47.9921112060547,0
-42.6264152526855,0
-37.5559692382812,0
-32.8001098632812,0
-26.5954761505127,0
-18.7882251739502,0
-11.9975471496582,0
-8.13171100616455,0
-5.74822378158569,0
-2.50040435791016,0
1.45861220359802,0
4.5629301071167,0
7.12607765197754,0
11.0610456466675,0
16.6674289703369,0
22.1767845153809,0
26.8688488006592,0
32.3133125305176,0
39.4055709838867,0
46.107364654541,0
49.9549446105957,0
51.6735076904297,0
54.1956977844238,0
58.4513778686523,0
62.365894317627,0
64.6168060302734,0
67.3798446655273,0
73.7390594482422,0
83.4375534057617,0
93.1549835205078,0
100.827835083008,0
107.718231201172,0
115.568695068359,0
123.571449279785,0
129.82470703125,0
134.754104614258,0
140.871520996094,0
148.988861083984,0
156.590545654297,0
160.851364135742,0
161.888626098633,0
161.837387084961,0
161.747024536133,0
160.981155395508,0
159.238159179688,0
157.375534057617,0
155.843719482422,0
153.681854248047,0
149.864410400391,0
144.775863647461,0
139.565475463867,0
134.761428833008,0
130.468856811523,0
127.402038574219,0
126.483367919922,0
127.43058013916,0
128.858505249023,0
130.076110839844,0
131.785430908203,0
134.40007019043,0
136.429275512695,0
135.389938354492,0
130.112731933594,0
121.684196472168,0
112.461463928223,0
104.632583618164,0
99.2582321166992,0
95.8996200561523,0
93.2322158813477,0
90.5149307250977,0
88.224983215332,0
86.7472610473633,0
84.9585037231445,0
81.1484222412109,0
75.2031707763672,0
68.7032775878906,0
62.6218795776367,0
56.101245880127,0
48.1889572143555,0
39.8125228881836,0
32.8606719970703,0
27.6090126037598,0
22.189058303833,0
14.841103553772,0
5.85319948196411,0
-3.22940397262573,0
-11.6645832061768,0
-19.8964214324951,0
-28.0617046356201,0
-35.1849746704102,0
-40.335262298584,0
-43.7938766479492,0
-46.3288650512695,0
-47.9688262939453,0
-48.6009178161621,0
-49.3848419189453,0
-52.0561370849609,0
-56.5533638000488,0
-60.7121734619141,0
-62.9764747619629,0
-64.2477569580078,0
-66.1352844238281,0
-68.3743209838867,0
-69.2534713745117,0
-68.0921173095703,0
-65.9712600708008,0
-63.9968566894531,0
-61.9000244140625,0
-58.7216567993164,0
-54.2533226013184,0
-49.2981719970703,0
-44.6003189086914,0
-39.846736907959,0
-34.0989952087402,0
-27.3770351409912,0
-21.3110733032227,0
-17.4535732269287,0
-15.0771894454956,0
-11.5992565155029,0
-5.42013311386108,0
2.51448106765747,0
10.2930879592896,0
17.2348136901855,0
23.8800392150879,0
30.5615425109863,0
36.892692565918,0
42.4199676513672,0
47.1241035461426,0
51.3359069824219,0
55.5111083984375,0
59.9783210754395,0
64.6826934814453,0
69.2641830444336,0
73.4062118530273,0
76.9505157470703,0
79.860954284668,0
82.4210662841797,0
85.1650390625,0
88.0724182128906,0
90.2362442016602,0
91.1748275756836,0
92.105339050293,0
94.7410583496094,0
98.95751953125,0
102.986099243164,0
105.980728149414,0
108.866752624512,0
112.307418823242,0
115.573822021484,0
118.328514099121,0
121.882949829102,0
127.204223632812,0
132.829132080078,0
136.449020385742,0
137.877243041992,0
138.795913696289,0
140.098281860352,0
141.416229248047,0
143.196929931641,0
147.057586669922,0
153.226379394531,0
159.299987792969,0
162.846160888672,0
164.201629638672,0
165.364318847656,0
166.877456665039,0
167.390182495117,0
166.076065063477,0
163.89582824707,0
162.161376953125,0
161.215682983398,0
161.121429443359,0
162.364120483398,0
164.827850341797,0
167.072326660156,0
168.048110961914,0
168.966720581055,0
171.784240722656,0
175.844635009766,0
177.861877441406,0
175.989944458008,0
172.376922607422,0
170.339782714844,0
170.022933959961,0
168.602294921875,0
164.504730224609,0
159.582931518555,0
156.526336669922,0
155.535461425781,0
154.771041870117,0
153.460235595703,0
153.148483276367,0
155.527603149414,0
159.872924804688,0
163.421051025391,0
164.154678344727,0
162.495040893555,0
159.921401977539,0
156.543807983398,0
150.937561035156,0
142.312637329102,0
131.815994262695,0
121.190902709961,0
110.964401245117,0
100.772468566895,0
90.9278182983398,0
82.6353530883789,0
76.7535018920898,0
73.1228637695312,0
70.9877166748047,0
69.2462005615234,0
66.3625335693359,0
61.0507278442383,0
53.4212455749512,0
44.9114723205566,0
36.9521865844727,0
30.1552867889404,0
24.568395614624,0
19.816219329834,0
15.018009185791,0
9.60246562957764,0
4.36430168151855,0
0.665933907032013,0
-1.61443746089935,0
-4.0915789604187,0
-7.36835098266602,0
-9.91004753112793,0
-10.3855743408203,0
-9.93378067016602,0
-10.6621875762939,0
-12.5533313751221,0
-13.4453411102295,0
-12.0548229217529,0
-9.67683124542236,0
-8.46204566955566,0
-8.8823938369751,0
-9.49075794219971,0
-8.80509471893311,0
-6.90381240844727,0
-5.09679698944092,0
-4.2915186882019,0
-4.13143444061279,0
-4.0330376625061,0
-4.57891273498535,0
-6.9189076423645,0
-10.7536125183105,0
-14.0757627487183,0
-15.5313005447388,0
-16.0602130889893,0
-17.2281436920166,0
-18.6741638183594,0
-18.5182991027832,0
-16.0403652191162,0
-12.6195993423462,0
-9.8513240814209,0
-7.94416999816895,0
-6.49260187149048,0
-5.78341293334961,0
-6.3825159072876,0
-7.93975782394409,0
-9.38220310211182,0
-10.1995477676392,0
-10.7293281555176,0
-11.1077880859375,0
-10.7702875137329,0
-9.36466312408447,0
-7.4289722442627,0
-5.46114826202393,0
-2.81260752677917,0
1.47522985935211,0
6.76240491867065,0
10.840371131897,0
12.4329767227173,0
12.9274625778198,0
14.8149394989014,0
18.8305740356445,0
23.6030864715576,0
28.0810680389404,0
33.141960144043,0
39.9877243041992,0
47.4708633422852,0
52.2435531616211,0
52.182689666748,0
49.143985748291,0
47.4105033874512,0
49.3283004760742,0
53.3038291931152,0
56.4422035217285,0
58.0900573730469,0
59.7047576904297,0
62.041820526123,0
64.2774200439453,0
65.981201171875,0
68.1159591674805,0
71.2568130493164,0
74.2745132446289,0
75.9578323364258,0
76.8343658447266,0
78.0398559570312,0
79.2870559692383,0
79.5993118286133,0
79.5605163574219,0
81.0217590332031,0
84.4936828613281,0
88.419303894043,0
91.3910217285156,0
93.6631164550781,0
95.8540878295898,0
97.3846588134766,0
97.1264724731445,0
94.8721923828125,0
91.3693389892578,0
87.3302383422852,0
82.8925399780273,0
77.5736846923828,0
70.4074859619141,0
60.7587394714355,0
49.4044418334961,0
38.114818572998,0
27.7220001220703,0
17.4269962310791,0
6.63134479522705,0
-3.51978611946106,0
-11.5526151657104,0
-18.0451679229736,0
-25.270902633667,0
-34.4658470153809,0
-44.4872589111328,0
-53.4537544250488,0
-61.038516998291,0
-68.8093185424805,0
-78.5716323852539,0
-90.4665374755859,0
-102.616432189941,0
-112.849349975586,0
-120.835205078125,0
-128.040649414062,0
-135.471450805664,0
-142.348358154297,0
-147.543151855469,0
-151.341796875,0
-154.741714477539,0
-157.660537719727,0
-159.077926635742,0
-158.692504882812,0
-157.344757080078,0
-155.884124755859,0
-154.488174438477,0
-152.973678588867,0
-151.048690795898,0
-148.533462524414,0
-146.001525878906,0
-144.652984619141,0
-144.724822998047,0
-144.752227783203,0
-143.42448425293,0
-141.212982177734,0
-138.752593994141,0
-134.789154052734,0
-127.968841552734,0
-119.902458190918,0
-113.658653259277,0
-109.296722412109,0
-103.892593383789,0
-96.52197265625,0
-90.0308990478516,0
-86.4804229736328,0
-83.8293380737305,0
-79.341926574707,0
-73.8671722412109,0
-70.0423736572266,0
-68.064582824707,0
-66.2761611938477,0
-64.77978515625,0
-65.185920715332,0
-67.0943222045898,0
-67.9994888305664,0
-67.0970458984375,0
-66.3578491210938,0
-66.9221572875977,0
-66.9338455200195,0
-64.3782272338867,0
-60.1188278198242,0
-56.426456451416,0
-53.8849411010742,0
-51.5336570739746,0
-49.1659545898438,0
-47.6226844787598,0
-47.0544929504395,0
-46.443286895752,0
-45.0253562927246,0
-43.1594772338867,0
-41.646068572998,0
-41.0163040161133,0
-41.6170272827148,0
-43.6308135986328,0
-46.71630859375,0
-50.0461387634277,0
-52.7888793945312,0
-54.2261009216309,0
-53.619312286377,0
-50.6866874694824,0
-46.2792434692383,0
-41.8856086730957,0
-38.2229919433594,0
-34.8783302307129,0
-31.5281925201416,0
-28.7705268859863,0
-27.260814666748,0
-26.6752281188965,0
-26.2358226776123,0
-25.7343158721924,0
-25.1088237762451,0
-23.4335117340088,0
-19.73752784729,0
-14.9928102493286,0
-11.7331285476685,0
-10.8060817718506,0
-9.82824420928955,0
-6.33879899978638,0
-1.52066767215729,0
1.27989089488983,0
1.44734930992126,0
2.05500793457031,0
5.23847818374634,0
8.9741153717041,0
10.1740827560425,0
9.26694011688232,0
9.34545040130615,0
11.5151300430298,0
13.4552822113037,0
12.5988864898682,0
8.72359275817871,0
3.10972356796265,0
-2.9535825252533,0
-8.1314001083374,0
-11.1488733291626,0
-11.9765110015869,0
-11.9276514053345,0
-11.9131135940552,0
-11.6334533691406,0
-11.057806968689,0
-11.3391332626343,0
-13.1718854904175,0
-15.2587509155273,0
-15.662558555603,0
-14.1061878204346,0
-11.9483613967896,0
-10.4964427947998,0
-10.3521881103516,0
-11.7788896560669,0
-14.4176845550537,0
-16.8842582702637,0
-17.8301181793213,0
-17.4380970001221,0
-17.0513916015625,0
-17.4987392425537,0
-18.6598644256592,0
-20.3901481628418,0
-22.6464748382568,0
-24.663932800293,0
-25.344331741333,0
-24.9529056549072,0
-25.3009929656982,0
-27.4900035858154,0
-30.4035263061523,0
-32.4317932128906,0
-33.9173240661621,0
-36.3872909545898,0
-39.4687194824219,0
-40.2585334777832,0
-36.6434593200684,0
-30.2036647796631,0
-24.6477470397949,0
-21.9198036193848,0
-21.0831279754639,0
-20.6535568237305,0
-20.3078479766846,0
-19.9333343505859,0
-18.7702484130859,0
-16.7512588500977,0
-15.5558376312256,0
-16.8314151763916,0
-19.9881076812744,0
-23.2087135314941,0
-26.1417007446289,0
-29.8323249816895,0
-34.0578117370605,0
-36.7178573608398,0
-36.5865898132324,0
-35.1011695861816,0
-34.3471717834473,0
-34.3843650817871,0
-33.7329750061035,0
-31.7163581848145,0
-29.1029357910156,0
-26.8774929046631,0
-25.4663524627686,0
-24.8507957458496,0
-24.3663063049316,0
-22.5882587432861,0
-18.5444831848145,0
-13.0498847961426,0
-7.72817802429199,0
-2.54514122009277,0
4.46482610702515,0
14.4269695281982,0
25.6129741668701,0
35.1051635742188,0
41.7741851806641,0
46.5678176879883,0
50.3251571655273,0
52.6402893066406,0
53.0224494934082,0
52.0268173217773,0
50.6637153625488,0
49.3324317932129,0
47.789363861084,0
45.6677703857422,0
42.6938247680664,0
38.9191932678223,0
35.048023223877,0
31.9331283569336,0
29.4443244934082,0
26.6229705810547,0
23.429780960083,0
21.3860454559326,0
21.6393489837646,0
23.2630043029785,0
24.6054172515869,0
25.6067581176758,0
27.3618183135986,0
29.8273658752441,0
31.6092185974121,0
32.0947341918945,0
32.3568687438965,0
33.6671752929688,0
36.2974014282227,0
39.9309692382812,0
43.9266548156738,0
46.9326057434082,0
47.7282752990723,0
46.9838676452637,0
46.7489166259766,0
47.4903259277344,0
47.1201515197754,0
44.0263442993164,0
39.7551078796387,0
37.3035354614258,0
37.6803665161133,0
39.5471878051758,0
41.4765548706055,0
42.9623107910156,0
43.5894203186035,0
42.8340644836426,0
40.8318367004395,0
38.2330017089844,0
35.2598876953125,0
31.8369750976562,0
28.4372158050537,0
25.6007633209229,0
22.667537689209,0
18.2947769165039,0
12.4476613998413,0
6.68929100036621,0
2.246089220047,0
-0.959685623645782,0
-3.00318121910095,0
-3.16773366928101,0
-1.29889678955078,0
1.33787369728088,0
3.65403532981873,0
6.0854926109314,0
9.03826808929443,0
11.0535640716553,0
10.3961362838745,0
7.99202299118042,0
6.72671127319336,0
7.64663982391357,0
8.6995325088501,0
7.67874193191528,0
4.57697868347168,0
0.302554488182068,0
-4.86091661453247,0
-9.98250961303711,0
-12.4985570907593,0
-10.9270668029785,0
-7.73209190368652,0
-6.91794395446777,0
-8.83033561706543,0
-9.81118011474609,0
-7.50853204727173,0
-4.07668876647949,0
-2.85799312591553,0
-4.00963449478149,0
-5.3697943687439,0
-6.19153833389282,0
-7.58613443374634,0
-9.76605796813965,0
-11.2217693328857,0
-11.0355215072632,0
-10.2884893417358,0
-10.5306758880615,0
-12.0718202590942,0
-14.3233461380005,0
-16.730863571167,0
-18.781286239624,0
-20.08669090271,0
-21.1353206634521,0
-23.0855884552002,0
-26.0868759155273,0
-28.5972766876221,0
-29.2157535552979,0
-28.5796375274658,0
-28.5804309844971,0
-30.1665897369385,0
-32.7297821044922,0
-35.1699523925781,0
-36.6078338623047,0
-36.400203704834,0
-34.516788482666,0
-31.8000831604004,0
-28.9345073699951,0
-25.3427200317383,0
-20.1864204406738,0
-14.3132658004761,0
-9.75274467468262,0
-6.97414875030518,0
-4.20909118652344,0
-0.324949562549591,0
3.14898896217346,0
4.32099962234497,0
4.0383825302124,0
4.50580835342407,0
5.19942569732666,0
2.72138261795044,0
-4.477952003479,0
-13.4147825241089,0
-20.1842231750488,0
-24.621898651123,0
-29.1881217956543,0
-34.2186164855957,0
-37.1535415649414,0
-36.7827606201172,0
-35.5266075134277,0
-36.0473289489746,0
-37.5721740722656,0
-37.5903244018555,0
-35.9279937744141,0
-34.7306671142578,0
-34.8267517089844,0
-34.6574783325195,0
-33.3829498291016,0
-32.8385238647461,0
-34.9788017272949,0
-38.7444496154785,0
-41.1556205749512,0
-40.9532356262207,0
-39.643985748291,0
-39.059814453125,0
-39.3027458190918,0
-39.496898651123,0
-39.4448356628418,0
-39.6433753967285,0
-40.0665664672852,0
-39.7728080749512,0
-37.9064292907715,0
-34.7213973999023,0
-31.3379230499268,0
-28.572940826416,0
-26.3193073272705,0
-24.2524280548096,0
-22.8072605133057,0
-22.7755489349365,0
-23.7901401519775,0
-24.0241317749023,0
-22.221851348877,0
-19.7202396392822,0
-19.4688282012939,0
-22.8583812713623,0
-28.2938098907471,0
-33.1947250366211,0
-36.5774192810059,0
-39.0620079040527,0
-41.1253623962402,0
-42.4901466369629,0
-43.0395050048828,0
-43.1519317626953,0
-42.7987098693848,0
-41.2342414855957,0
-38.2123718261719,0
-34.9103202819824,0
-32.903190612793,0
-32.557258605957,0
-33.2239570617676,0
-34.8385963439941,0
-38.2640571594238,0
-43.6518707275391,0
-49.3867988586426,0
-53.6235580444336,0
-56.493839263916,0
-59.66845703125,0
-63.6647911071777,0
-66.8594665527344,0
-67.9108123779297,0
-68.0956802368164,0
-69.856315612793,0
-73.4814376831055,0
-76.8743591308594,0
-78.7751388549805,0
-80.4687347412109,0
-83.4160308837891,0
-86.7387237548828,0
-88.6395492553711,0
-89.3213348388672,0
-90.443115234375,0
-91.8863677978516,0
-91.2220993041992,0
-87.0784530639648,0
-81.3506469726562,0
-76.9555130004883,0
-74.5683212280273,0
-72.7495269775391,0
-70.2977066040039,0
-67.0309448242188,0
-62.8765449523926,0
-57.8131637573242,0
-52.6172904968262,0
-48.2741203308105,0
-44.5693016052246,0
-40.4693412780762,0
-35.8528366088867,0
-31.4134960174561,0
-26.7753086090088,0
-20.5829753875732,0
-13.145697593689,0
-7.07031488418579,0
-3.93183994293213,0
-1.95569372177124,0
1.22762131690979,0
4.96152973175049,0
7.07901906967163,0
8.16684913635254,0
11.4200963973999,0
18.0602054595947,0
25.5551643371582,0
31.234224319458,0
35.4159469604492,0
39.866813659668,0
45.350212097168,0
52.2800750732422,0
61.8259086608887,0
74.1876831054688,0
87.1280059814453,0
98.5659027099609,0
109.68334197998,0
122.868225097656,0
137.043930053711,0
147.937881469727,0
153.35302734375,0
155.429504394531,0
156.692077636719,0
156.479431152344,0
153.122985839844,0
147.605453491211,0
142.531585693359,0
138.468826293945,0
133.755783081055,0
127.616561889648,0
121.23314666748,0
115.633010864258,0
110.586753845215,0
106.061988830566,0
102.828125,0
100.708343505859,0
97.8121337890625,0
92.6633682250977,0
85.9830627441406,0
79.4172897338867,0
73.7201690673828,0
69.3165512084961,0
67.2672882080078,0
67.7969970703125,0
68.5692443847656,0
66.4404907226562,0
60.9776000976562,0
54.7616271972656,0
50.1982536315918,0
47.4339485168457,0
45.4501876831055,0
43.6796607971191,0
42.1713790893555,0
41.4100723266602,0
42.2736549377441,0
44.9745445251465,0
47.8940849304199,0
48.922737121582,0
48.2492752075195,0
48.1778526306152,0
49.6666831970215,0
50.896068572998,0
50.1806907653809,0
48.3791656494141,0
47.017650604248,0
45.8842697143555,0
44.4290885925293,0
43.8883094787598,0
45.3612174987793,0
46.7527275085449,0
44.6901664733887,0
39.4466667175293,0
35.0093841552734,0
33.5673980712891,0
32.6661643981934,0
29.2597274780273,0
24.3347015380859,0
21.4221153259277,0
21.8522434234619,0
23.6871185302734,0
24.8885383605957,0
25.6200733184814,0
27.2381362915039,0
30.4016590118408,0
34.6884689331055,0
39.3093299865723,0
43.6938171386719,0
47.5746192932129,0
50.7106056213379,0
52.7586898803711,0
53.883430480957,0
55.4422607421875,0
59.1655502319336,0
65.2018585205078,0
71.7411575317383,0
77.0669860839844,0
81.0354919433594,0
83.8152923583984,0
84.4259796142578,0
82.0420532226562,0
77.9531402587891,0
74.353401184082,0
71.3835067749023,0
67.2190246582031,0
61.2392768859863,0
55.2430801391602,0
51.0005149841309,0
48.4166450500488,0
46.9826965332031,0
47.1906661987305,0
48.9838714599609,0
50.2155647277832,0
48.5979652404785,0
44.5097846984863,0
40.117057800293,0
36.1988983154297,0
31.7239532470703,0
26.4204044342041,0
21.7280693054199,0
18.6940402984619,0
16.6021671295166,0
14.4738292694092,0
12.5382699966431,0
11.2431364059448,0
9.96807384490967,0
7.96638536453247,0
5.88849973678589,0
5.10749673843384,0
5.77186012268066,0
6.57061290740967,0
6.45911026000977,0
5.84679079055786,0
5.90650606155396,0
7.1701135635376,0
8.95127582550049,0
9.96284294128418,0
9.58113098144531,0
8.7045259475708,0
9.2177734375,0
12.3516111373901,0
17.6030769348145,0
23.331356048584,0
28.2491607666016,0
32.3029823303223,0
36.3717575073242,0
41.2335090637207,0
46.708381652832,0
51.9119071960449,0
56.5046806335449,0
61.2541847229004,0
66.8269577026367,0
72.5741806030273,0
77.5549621582031,0
82.3849868774414,0
88.5659866333008,0
95.9532852172852,0
102.723129272461,0
108.479095458984,0
115.430892944336,0
125.073028564453,0
135.321487426758,0
142.973007202148,0
148.008316040039,0
153.198669433594,0
159.848449707031,0
166.195495605469,0
170.079544067383,0
170.92253112793,0
168.550903320312,0
162.331268310547,0
152.685104370117,0
141.664016723633,0
130.505645751953,0
117.973251342773,0
102.708824157715,0
86.0382232666016,0
70.5067977905273,0
56.4118347167969,0
41.9571380615234,0
26.5914936065674,0
11.9248580932617,0
-1.00335705280304,0
-13.1584377288818,0
-25.2583274841309,0
-36.0144081115723,0
-44.211254119873,0
-51.2687568664551,0
-59.8242492675781,0
-70.1971282958984,0
-79.9583511352539,0
-87.1041946411133,0
-92.2584762573242,0
-97.2271347045898,0
-102.369033813477,0
-106.262489318848,0
-107.725875854492,0
-107.446411132812,0
-107.208564758301,0
-107.69654083252,0
-107.755554199219,0
-106.256805419922,0
-103.927467346191,0
-102.166717529297,0
-100.508728027344,0
-97.1221313476562,0
-92.1784820556641,0
-88.6883316040039,0
-88.7621383666992,0
-90.707275390625,0
-91.5522308349609,0
-91.2194747924805,0
-92.1993560791016,0
-95.8303375244141,0
-100.899787902832,0
-105.494338989258,0
-108.298187255859,0
-108.384635925293,0
-105.843978881836,0
-102.717681884766,0
-101.359970092773,0
-101.553924560547,0
-100.921241760254,0
-98.3670806884766,0
-95.3510360717773,0
-93.5223922729492,0
-92.987419128418,0
-93.2953262329102,0
-94.1809387207031,0
-94.7780075073242,0
-94.0703811645508,0
-92.7767562866211,0
-92.6899108886719,0
-93.3506393432617,0
-91.8177947998047,0
-87.1354904174805,0
-82.5579986572266,0
-81.1413497924805,0
-81.0785293579102,0
-78.1067504882812,0
-71.3393020629883,0
-63.905086517334,0
-58.2979278564453,0
-53.7206878662109,0
-48.1256866455078,0
-40.6586799621582,0
-31.6678905487061,0
-22.0643329620361,0
-13.2139625549316,0
-6.21318197250366,0
-0.95211523771286,0
3.22624540328979,0
6.27165079116821,0
8.09239959716797,0
9.92296314239502,0
13.1793355941772,0
17.2044811248779,0
20.2949199676514,0
22.9931087493896,0
27.8030986785889,0
34.9639663696289,0
41.2365493774414,0
44.4935264587402,0
47.2122573852539,0
53.1937446594238,0
62.542106628418,0
72.5127410888672,0
82.218620300293,0
93.5127029418945,0
107.380432128906,0
122.247840881348,0
136.311386108398,0
148.967742919922,0
158.958541870117,0
163.588729858398,0
161.818466186523,0
156.768249511719,0
153.033142089844,0
151.913177490234,0
150.844390869141,0
147.187423706055,0
140.930679321289,0
133.574279785156,0
125.957962036133,0
117.958198547363,0
109.374992370605,0
100.214179992676,0
90.3985900878906,0
79.775749206543,0
68.3813934326172,0
56.5515975952148,0
44.9163589477539,0
34.1928024291992,0
24.5662479400635,0
15.3255968093872,0
5.72175455093384,0
-3.73316144943237,0
-11.5839004516602,0
-17.3576259613037,0
-22.349739074707,0
-27.8797359466553,0
-33.5324821472168,0
-38.0882759094238,0
-41.6785011291504,0
-45.8133239746094,0
-51.3927993774414,0
-57.8965454101562,0
-64.7019119262695,0
-71.9922256469727,0
-79.8429870605469,0
-87.4245376586914,0
-93.8320693969727,0
-98.9444580078125,0
-102.767547607422,0
-104.716339111328,0
-104.490814208984,0
-103.110160827637,0
-102.07592010498,0
-101.826629638672,0
-101.850769042969,0
-101.85758972168,0
-101.816612243652,0
-101.347755432129,0
-100.492546081543,0
-100.874755859375,0
-104.34545135498,0
-110.026924133301,0
-114.248527526855,0
-114.294151306152,0
-111.092735290527,0
-107.357864379883,0
-104.252799987793,0
-101.180503845215,0
-98.010871887207,0
-95.7617263793945,0
-94.9271392822266,0
-94.3483657836914,0
-92.3298034667969,0
-88.4587860107422,0
-83.9776611328125,0
-80.3614349365234,0
-77.5371551513672,0
-73.7726211547852,0
-67.7971954345703,0
-60.7140693664551,0
-54.7692985534668,0
-50.3170394897461,0
-45.5811424255371,0
-39.8214530944824,0
-34.6893768310547,0
-31.1318054199219,0
-26.9848899841309,0
-19.9544944763184,0
-11.5448169708252,0
-5.09491205215454,0
-0.603428781032562,0
5.22930526733398,0
13.707389831543,0
22.2759666442871,0
28.8840312957764,0
34.9563407897949,0
42.2551956176758,0
49.6433143615723,0
55.4462127685547,0
60.8285865783691,0
67.9080123901367,0
75.9441757202148,0
82.3720016479492,0
86.739143371582,0
90.626594543457,0
94.081901550293,0
95.2429885864258,0
93.8046493530273,0
92.0272369384766,0
91.5038146972656,0
91.3443222045898,0
90.5642852783203,0
90.0581512451172,0
90.9099960327148,0
92.6643142700195,0
94.761100769043,0
98.0130004882812,0
102.92236328125,0
107.879150390625,0
111.012237548828,0
112.982765197754,0
115.929801940918,0
120.080795288086,0
123.482566833496,0
125.228248596191,0
126.962959289551,0
130.264297485352,0
133.844055175781,0
134.680358886719,0
131.55207824707,0
126.340187072754,0
121.591842651367,0
117.600875854492,0
112.696571350098,0
106.14379119873,0
99.4668960571289,0
94.1839752197266,0
89.3740081787109,0
83.0998382568359,0
75.716926574707,0
69.603874206543,0
65.259162902832,0
59.9708557128906,0
51.6920433044434,0
42.3650970458984,0
35.4377479553223,0
31.2685089111328,0
27.0870227813721,0
20.7357902526855,0
12.2284355163574,0
2.04606580734253,0
-9.52516174316406,0
-20.9734268188477,0
-29.8915748596191,0
-35.9083442687988,0
-41.645092010498,0
-49.4941596984863,0
-58.6591529846191,0
-66.6395034790039,0
-72.6235504150391,0
-77.8953323364258,0
-83.3752746582031,0
-88.3096771240234,0
-91.6185913085938,0
-93.5032653808594,0
-95.1761627197266,0
-97.3619995117188,0
-99.4184417724609,0
-99.9729385375977,0
-98.4751510620117,0
-96.0709381103516,0
-94.5964126586914,0
-94.5160369873047,0
-94.2042617797852,0
-91.6510772705078,0
-86.6859664916992,0
-81.0598068237305,0
-76.3557891845703,0
-72.3889617919922,0
-68.0773391723633,0
-63.5363960266113,0
-60.4476203918457,0
-60.0003662109375,0
-61.1975708007812,0
-62.0618438720703,0
-62.1007881164551,0
-62.337947845459,0
-62.9104766845703,0
-62.2434692382812,0
-59.3968620300293,0
-55.799430847168,0
-53.2364082336426,0
-51.1025352478027,0
-47.4618225097656,0
-42.4145202636719,0
-38.3986396789551,0
-36.8001365661621,0
-35.9735298156738,0
-33.4756317138672,0
-29.1054191589355,0
-24.7963848114014,0
-22.1965942382812,0
-21.1293525695801,0
-20.0276832580566,0
-17.4042625427246,0
-13.261176109314,0
-9.24520874023438,0
-6.86294269561768,0
-5.47664642333984,0
-2.88264107704163,0
2.01536583900452,0
8.15498828887939,0
14.1051082611084,0
19.450719833374,0
23.7281818389893,0
25.5749111175537,0
24.3821620941162,0
21.8370304107666,0
20.3652191162109,0
20.6495037078857,0
21.8914566040039,0
23.6526718139648,0
25.8019771575928,0
27.3130226135254,0
27.160816192627,0
26.3807601928711,0
27.3366203308105,0
30.5477294921875,0
33.7488670349121,0
34.5103721618652,0
32.495174407959,0
28.8475379943848,0
24.7619323730469,0
21.1032752990723,0
18.1191921234131,0
14.9529581069946,0
10.4719886779785,0
4.87522125244141,0
-0.603023767471313,0
-5.59058904647827,0
-10.7036848068237,0
-15.77894115448,0
-19.9583129882812,0
-23.9362697601318,0
-29.8622970581055,0
-37.9830322265625,0
-45.4723243713379,0
-49.9705238342285,0
-52.3960494995117,0
-54.7207527160645,0
-56.9083442687988,0
-58.0771102905273,0
-58.995979309082,0
-60.9294242858887,0
-63.0955696105957,0
-63.8005867004395,0
-63.4330139160156,0
-63.8472137451172,0
-65.1281280517578,0
-65.492546081543,0
-64.5068511962891,0
-64.0194931030273,0
-65.3414459228516,0
-67.5092086791992,0
-69.1081466674805,0
-70.1391143798828,0
-71.21044921875,0
-72.3107833862305,0
-73.3955230712891,0
-75.0913925170898,0
-77.7407684326172,0
-80.4588241577148,0
-82.1136932373047,0
-82.814582824707,0
-83.6269226074219,0
-85.1385192871094,0
-87.1289672851562,0
-89.5725555419922,0
-93.0960159301758,0
-97.9767150878906,0
-103.121444702148,0
-106.746688842773,0
-108.19832611084,0
-108.567092895508,0
-109.199752807617,0
-110.167808532715,0
-110.801788330078,0
-111.15323638916,0
-111.828262329102,0
-112.57014465332,0
-112.336807250977,0
-111.107604980469,0
-110.426406860352,0
-111.490623474121,0
-113.553039550781,0
-114.904090881348,0
-114.812271118164,0
-113.881088256836,0
-112.946479797363,0
-112.086647033691,0
-110.440696716309,0
-106.993423461914,0
-102.068588256836,0
-97.7336196899414,0
-95.6396179199219,0
-94.7229461669922,0
-92.6707763671875,0
-89.6769714355469,0
-88.5525360107422,0
-90.3756637573242,0
-92.4015350341797,0
-91.8876571655273,0
-89.9186096191406,0
-89.1763687133789,0
-89.4992980957031,0
-88.457633972168,0
-85.5369186401367,0
-82.7565307617188,0
-81.0794830322266,0
-79.0352020263672,0
-75.758415222168,0
-73.128044128418,0
-73.5417022705078,0
-76.9452972412109,0
-81.1030807495117,0
-83.6653137207031,0
-83.1931304931641,0
-79.562629699707,0
-74.629997253418,0
-71.4443664550781,0
-71.328742980957,0
-72.3144302368164,0
-71.7781372070312,0
-70.0913696289062,0
-70.0388031005859,0
-72.7148361206055,0
-75.8260040283203,0
-76.7867431640625,0
-76.0238571166992,0
-75.90966796875,0
-77.3572769165039,0
-79.1937026977539,0
-80.7087173461914,0
-82.9573135375977,0
-86.8156280517578,0
-91.150276184082,0
-94.0868835449219,0
-95.2412567138672,0
-95.5527954101562,0
-95.690185546875,0
-96.0160903930664,0
-97.4673919677734,0
-100.5966796875,0
-103.846458435059,0
-104.768135070801,0
-103.39623260498,0
-102.567733764648,0
-104.172798156738,0
-106.943916320801,0
-109.062225341797,0
-111.058219909668,0
-114.321403503418,0
-118.164009094238,0
-120.640693664551,0
-121.614204406738,0
-122.783973693848,0
-124.83228302002,0
-126.615509033203,0
-127.399620056152,0
-127.984382629395,0
-129.023468017578,0
-129.823806762695,0
-129.606781005859,0
-128.746292114258,0
-127.990943908691,0
-127.426460266113,0
-126.814987182617,0
-125.986694335938,0
-124.322830200195,0
-120.939590454102,0
-116.140701293945,0
-111.64412689209,0
-108.484031677246,0
-105.749931335449,0
-102.55345916748,0
-100.210952758789,0
-100.781341552734,0
-103.859977722168,0
-106.563667297363,0
-106.834777832031,0
-105.293266296387,0
-103.430824279785,0
-101.278709411621,0
-97.5889892578125,0
-91.4876937866211,0
-83.3355484008789,0
-74.5957260131836,0
-67.2583770751953,0
-62.581974029541,0
-59.7967414855957,0
-56.7282409667969,0
-52.2591705322266,0
-47.3963623046875,0
-43.2582778930664,0
-39.0557441711426,0
-33.3262100219727,0
-26.456506729126,0
-20.3790493011475,0
-15.9565849304199,0
-12.2345943450928,0
-8.34632873535156,0
-4.49559307098389,0
-0.670600354671478,0
3.79287457466125,0
8.38082885742188,0
10.7971496582031,0
9.7949333190918,0
7.52661037445068,0
7.26860046386719,0
9.38958549499512,0
11.3671312332153,0
11.5001001358032,0
10.6939649581909,0
10.4564094543457,0
11.0448589324951,0
12.1833429336548,0
13.873345375061,0
15.5124788284302,0
15.6388893127441,0
13.8329410552979,0
11.9568700790405,0
12.3404846191406,0
15.4306716918945,0
20.209493637085,0
26.0091934204102,0
32.4749794006348,0
38.3447494506836,0
42.092945098877,0
44.0224838256836,0
46.3095092773438,0
50.379035949707,0
55.1757125854492,0
58.6815528869629,0
60.4886436462402,0
62.1138343811035,0
65.0187835693359,0
69.0040054321289,0
72.7046051025391,0
75.2518692016602,0
77.0379409790039,0
78.8751220703125,0
80.8777694702148,0
82.5666656494141,0
83.790283203125,0
84.8598556518555,0
85.6713562011719,0
85.3276977539062,0
83.0125122070312,0
78.9006958007812,0
73.9377365112305,0
69.0315170288086,0
64.6564331054688,0
60.8309860229492,0
57.1208839416504,0
52.9184303283691,0
48.0358924865723,0
42.9000625610352,0
38.0584259033203,0
33.7512092590332,0
30.0625495910645,0
27.1295127868652,0
24.9555931091309,0
23.2039966583252,0
21.3310470581055,0
18.8941497802734,0
15.9156770706177,0
13.1637802124023,0
11.7050895690918,0
11.6652498245239,0
11.8326749801636,0
11.3306312561035,0
11.3682403564453,0
14.0497770309448,0
19.2379932403564,0
23.9260807037354,0
25.494815826416,0
24.6553115844727,0
24.2229404449463,0
25.6228904724121,0
27.6913814544678,0
28.6905784606934,0
28.466869354248,0
28.4069519042969,0
29.8938465118408,0
33.0453834533691,0
36.5561332702637,0
38.5593719482422,0
37.9989128112793,0
35.567756652832,0
33.31787109375,0
33.0757293701172,0
35.000358581543,0
37.6749153137207,0
39.713207244873,0
41.2160911560059,0
43.4437370300293,0
47.1375160217285,0
51.5990180969238,0
55.5300064086914,0
58.2630615234375,0
59.8830146789551,0
60.7301445007324,0
61.3401947021484,0
62.3667411804199,0
63.8028450012207,0
64.6254501342773,0
64.0487060546875,0
62.8560447692871,0
62.5097808837891,0
63.1030044555664,0
63.3558578491211,0
62.6789169311523,0
61.8947296142578,0
61.5381774902344,0
60.8808746337891,0
59.503002166748,0
58.5634803771973,0
59.2076683044434,0
60.5168571472168,0
60.4029083251953,0
58.0744895935059,0
54.3673706054688,0
50.0560607910156,0
45.2381286621094,0
40.1846771240234,0
35.3200225830078,0
30.27734375,0
24.3964424133301,0
18.4581985473633,0
14.6055860519409,0
14.0326061248779,0
15.7570877075195,0
17.9646816253662,0
19.4064388275146,0
19.2025585174561,0
16.8098545074463,0
13.0529499053955,0
9.99709320068359,0
8.81758689880371,0
8.6442289352417,0
8.18379497528076,0
7.36359453201294,0
6.53611421585083,0
5.35694932937622,0
3.75011348724365,0
2.96194672584534,0
4.15807580947876,0
6.64621829986572,0
8.90280055999756,0
10.7424030303955,0
12.8981218338013,0
14.8362016677856,0
14.7124691009521,0
11.6767587661743,0
6.95743370056152,0
2.48340320587158,0
-0.603410482406616,0
-2.21289825439453,0
-3.31537342071533,0
-5.6435022354126,0
-10.0089120864868,0
-14.7105512619019,0
-16.9665985107422,0
-16.24755859375,0
-14.7123870849609,0
-13.7849969863892,0
-12.1003580093384,0
-8.27030563354492,0
-4.16705894470215,0
-3.01895093917847,0
-4.50645780563354,0
-4.26136255264282,0
0.82806795835495,0
8.7326488494873,0
15.2773895263672,0
19.662525177002,0
24.6957969665527,0
31.7601146697998,0
38.0062866210938,0
39.704029083252,0
36.9114875793457,0
33.3112335205078,0
32.029727935791,0
32.9453277587891,0
33.9710578918457,0
33.8398551940918,0
33.2449989318848,0
33.6822242736816,0
35.4315986633301,0
36.8382720947266,0
36.0227279663086,0
33.2315521240234,0
30.5510120391846,0
29.041202545166,0
27.5117645263672,0
25.0211944580078,0
23.1205062866211,0
23.8728904724121,0
26.5601444244385,0
28.4633255004883,0
28.568380355835,0
28.2760677337646,0
28.3492984771729,0
27.6131477355957,0
25.5608711242676,0
23.9916572570801,0
24.4447708129883,0
25.6775321960449,0
25.7038440704346,0
25.3011703491211,0
27.2440433502197,0
32.3081169128418,0
38.1539039611816,0
42.5626525878906,0
45.9715003967285,0
49.9381790161133,0
54.5398101806641,0
58.6020431518555,0
61.646556854248,0
64.1635284423828,0
66.3075866699219,0
67.7775344848633,0
69.0144500732422,0
70.9834213256836,0
73.2314682006836,0
73.6739654541016,0
71.4861907958984,0
69.0339584350586,0
69.2543792724609,0
71.7539901733398,0
73.4056930541992,0
72.6302947998047,0
70.970703125,0
70.0800476074219,0
69.4702529907227,0
68.4396438598633,0
68.2012939453125,0
70.1784973144531,0
73.4680862426758,0
76.0157470703125,0
77.5257797241211,0
79.2515869140625,0
81.4609069824219,0
83.1888122558594,0
84.3200378417969,0
85.8242492675781,0
87.678108215332,0
88.4023895263672,0
87.0685501098633,0
84.0694580078125,0
79.4840698242188,0
72.5917587280273,0
63.9538803100586,0
56.2909469604492,0
51.8596382141113,0
49.9309272766113,0
48.0870704650879,0
45.2913055419922,0
42.5965805053711,0
41.4064903259277,0
42.0249519348145,0
43.4666481018066,0
43.8640670776367,0
41.5777816772461,0
36.8536758422852,0
32.1014747619629,0
29.7427806854248,0
29.9633922576904,0
31.0895347595215,0
31.6830005645752,0
31.5460319519043,0
31.1799640655518,0
31.3050193786621,0
32.8025550842285,0
36.1315612792969,0
40.5051155090332,0
44.1950416564941,0
45.8974151611328,0
45.5158157348633,0
43.5876960754395,0
40.3929138183594,0
35.9816627502441,0
31.016019821167,0
27.1036491394043,0
25.5571899414062,0
25.553897857666,0
24.4012546539307,0
20.6718997955322,0
16.5683708190918,0
15.7003507614136,0
18.5525875091553,0
21.8382606506348,0
22.7638511657715,0
22.1373043060303,0
22.2690334320068,0
23.4547843933105,0
24.0582790374756,0
22.9282646179199,0
20.160774230957,0
16.3200740814209,0
12.4325675964355,0
10.049596786499,0
9.82064533233643,0
10.5713357925415,0
11.0757446289062,0
11.9038543701172,0
14.0731344223022,0
16.9369144439697,0
19.3006744384766,0
21.6489276885986,0
25.0024433135986,0
28.4265766143799,0
30.4235534667969,0
32.2886238098145,0
36.8157653808594,0
43.393497467041,0
47.7285232543945,0
47.5316314697266,0
45.5002593994141,0
45.1085395812988,0
46.0832939147949,0
46.0009460449219,0
44.1498870849609,0
41.5820655822754,0
39.0237846374512,0
36.9817848205566,0
36.6169128417969,0
38.2691535949707,0
40.0166435241699,0
39.7649955749512,0
38.1022491455078,0
37.2355766296387,0
37.7835350036621,0
38.5626754760742,0
39.0371017456055,0
39.8850898742676,0
41.1534538269043,0
41.6970024108887,0
40.7971038818359,0
38.9975471496582,0
37.0086975097656,0
34.7519874572754,0
31.6626415252686,0
27.2698001861572,0
21.6732482910156,0
16.1053848266602,0
12.4555616378784,0
11.2556982040405,0
10.7413864135742,0
9.15624141693115,0
7.44555950164795,0
8.11364936828613,0
11.6558437347412,0
15.8169231414795,0
18.534158706665,0
19.9682712554932,0
21.0761699676514,0
21.6413192749023,0
20.7893810272217,0
18.7652626037598,0
17.2954273223877,0
18.2571887969971,0
22.1242733001709,0
27.3529014587402,0
31.3028659820557,0
32.3724060058594,0
31.3849601745605,0
30.4130916595459,0
30.2866153717041,0
29.9339942932129,0
28.1889495849609,0
25.3619041442871,0
22.6667861938477,0
20.8160209655762,0
19.712438583374,0
19.0039825439453,0
18.2383346557617,0
16.5841503143311,0
13.0367422103882,0
7.31028842926025,0
0.5165656208992,0
-5.37512016296387,0
-9.22549819946289,0
-11.9774904251099,0
-15.7032423019409,0
-20.9958877563477,0
-25.8002033233643,0
-27.5704402923584,0
-26.3145713806152,0
-24.5330066680908,0
-24.1017684936523,0
-24.3874263763428,0
-24.0819759368896,0
-23.8458766937256,0
-25.7086563110352,0
-29.9868564605713,0
-34.1953392028809,0
-35.6440887451172,0
-34.2388648986816,0
-31.8970565795898,0
-29.8275032043457,0
-27.5118045806885,0
-24.207311630249,0
-20.2613773345947,0
-16.5991764068604,0
-13.8346138000488,0
-12.3848419189453,0
-12.6871147155762,0
-14.6639623641968,0
-17.5578479766846,0
-20.9079990386963,0
-25.1150436401367,0
-30.358793258667,0
-35.5849113464355,0
-39.5402641296387,0
-42.4570846557617,0
-45.6689453125,0
-49.6212158203125,0
-53.1644592285156,0
-54.9059028625488,0
-54.6030693054199,0
-53.2619247436523,0
-52.4826469421387,0
-53.5034141540527,0
-56.0272636413574,0
-58.0068435668945,0
-57.4042663574219,0
-54.2359809875488,0
-50.2477951049805,0
-46.7947731018066,0
-43.9737968444824,0
-41.6386756896973,0
-39.9587783813477,0
-38.7624435424805,0
-37.5769577026367,0
-36.7053756713867,0
-37.024543762207,0
-38.1829299926758,0
-38.3113021850586,0
-36.3367919921875,0
-33.2920532226562,0
-30.2106037139893,0
-26.0303363800049,0
-19.3557186126709,0
-11.5726461410522,0
-6.14993524551392,0
-4.72555875778198,0
-5.49633264541626,0
-5.75079870223999,0
-4.47887659072876,0
-2.03257489204407,0
1.16702616214752,0
4.51204395294189,0
6.9561915397644,0
8.21357345581055,0
9.65814876556396,0
12.8861064910889,0
17.6845169067383,0
22.3925704956055,0
25.9631977081299,0
28.5340042114258,0
30.0188217163086,0
29.4348468780518,0
26.2377071380615,0
21.5939102172852,0
17.6793308258057,0
16.0187110900879,0
16.8351020812988,0
19.5459976196289,0
23.3072929382324,0
27.2599430084229,0
30.8058128356934,0
33.7356071472168,0
35.883716583252,0
36.8788223266602,0
36.7316360473633,0
36.5607414245605,0
37.9171409606934,0
40.9093208312988,0
43.5280799865723,0
43.5143013000488,0
40.5959320068359,0
36.1205291748047,0
30.8180656433105,0
24.26731300354,0
16.8585777282715,0
10.7630023956299,0
7.80966854095459,0
7.36408710479736,0
7.57567548751831,0
7.85254716873169,0
8.44874668121338,0
8.30052471160889,0
5.61008310317993,0
0.78726190328598,0
-3.42366576194763,0
-5.50308704376221,0
-6.83701944351196,0
-8.89901256561279,0
-10.9792718887329,0
-12.4026622772217,0
-14.9486474990845,0
-20.5019359588623,0
-27.5556869506836,0
-32.9459419250488,0
-36.5560836791992,0
-41.2694892883301,0
-48.0007019042969,0
-53.8250274658203,0
-56.2532615661621,0
-56.7971611022949,0
-58.3828239440918,0
-61.0706100463867,0
-62.6433029174805,0
-62.3906326293945,0
-61.8491477966309,0
-61.9237174987793,0
-61.4696998596191,0
-59.3526153564453,0
-56.3494491577148,0
-54.0530624389648,0
-52.8044395446777,0
-51.6326484680176,0
-49.7456321716309,0
-47.2331428527832,0
-44.4415473937988,0
-41.3658142089844,0
-37.8691482543945,0
-34.1565551757812,0
-30.7197437286377,0
-27.7675552368164,0
-24.827579498291,0
-21.0851097106934,0
-16.1504173278809,0
-10.2992715835571,0
-3.94696545600891,0
2.61553359031677,0
8.60695648193359,0
12.5050210952759,0
13.3985347747803,0
12.4641904830933,0
11.974666595459,0
12.5583209991455,0
12.5659246444702,0
10.768928527832,0
8.52737331390381,0
8.10322761535645,0
9.58946895599365,0
10.9446001052856,0
10.714394569397,0
9.23081016540527,0
7.22426319122314,0
4.93788480758667,0
3.00989627838135,0
2.63078284263611,0
4.01295804977417,0
6.02530097961426,0
8.24510383605957,0
11.9743194580078,0
17.8634490966797,0
23.75559425354,0
26.8266296386719,0
27.3125877380371,0
28.1034088134766,0
30.6708106994629,0
33.3681602478027,0
34.1989631652832,0
33.4015235900879,0
32.3459167480469,0
31.4159240722656,0
30.2996845245361,0
29.2818927764893,0
28.7733764648438,0
28.2315158843994,0
27.0226211547852,0
25.9726982116699,0
26.533088684082,0
28.4399547576904,0
29.7335948944092,0
29.4907894134521,0
29.1467475891113,0
30.281005859375,0
32.1564865112305,0
32.6700897216797,0
31.3152027130127,0
29.973352432251,0
30.5365333557129,0
32.5504379272461,0
33.7531051635742,0
32.6309852600098,0
29.8495292663574,0
27.0328998565674,0
24.6611251831055,0
21.8323497772217,0
18.0265941619873,0
14.2124691009521,0
11.7027406692505,0
10.6333990097046,0
10.3629179000854,0
10.7094192504883,0
11.5573663711548,0
11.5944538116455,0
9.04773616790771,0
3.96905946731567,0
-1.59916138648987,0
-6.17510557174683,0
-10.1511898040771,0
-14.0020780563354,0
-16.8872833251953,0
-18.2171516418457,0
-19.0571060180664,0
-20.3314971923828,0
-20.9435634613037,0
-19.7294216156006,0
-18.2199573516846,0
-18.827917098999,0
-20.6726341247559,0
-20.1439399719238,0
-16.1105651855469,0
-11.7424392700195,0
-9.90820217132568,0
-9.30053901672363,0
-7.12922620773315,0
-3.71377325057983,0
-1.79396069049835,0
-2.23653817176819,0
-3.07714939117432,0
-2.75204586982727,0
-1.92752540111542,0
-1.51912200450897,0
-0.79958575963974,0
1.30439686775208,0
4.07428359985352,0
5.48349046707153,0
4.70727252960205,0
3.35692596435547,0
3.88384890556335,0
6.85738182067871,0
10.0723314285278,0
10.6896095275879,0
8.2801513671875,0
5.24351263046265,0
3.99520230293274,0
4.39978408813477,0
4.51421070098877,0
3.2289719581604,0
1.33426487445831,0
0.36253896355629,0
1.27212285995483,0
4.05797338485718,0
7.76305913925171,0
10.9204549789429,0
12.7710618972778,0
14.0617294311523,0
16.0385227203369,0
18.8252334594727,0
21.468563079834,0
23.2973461151123,0
24.4060478210449,0
25.1202449798584,0
26.0238437652588,0
28.2436408996582,0
32.4391593933105,0
37.5880241394043,0
42.1182708740234,0
46.2398834228516,0
51.566478729248,0
58.1778411865234,0
63.8831405639648,0
67.1832427978516,0
69.2931976318359,0
72.1143951416016,0
75.7056121826172,0
79.1638488769531,0
82.6850128173828,0
86.961181640625,0
91.3511428833008,0
94.4548263549805,0
96.0789413452148,0
96.9981231689453,0
97.0858383178711,0
95.390869140625,0
92.0807189941406,0
88.7503051757812,0
86.5265121459961,0
85.0569229125977,0
83.5234298706055,0
81.5545043945312,0
79.1126327514648,0
76.6583862304688,0
75.4431533813477,0
76.4053955078125,0
78.7821578979492,0
81.1421127319336,0
83.6802825927734,0
87.7368011474609,0
92.875,0
96.5402908325195,0
97.4440078735352,0
97.3543701171875,0
98.2981796264648,0
99.6812744140625,0
99.7056503295898,0
98.1577911376953,0
95.9339599609375,0
92.951416015625,0
88.7312927246094,0
84.4957733154297,0
82.3633041381836,0
82.1855773925781,0
80.9842071533203,0
76.1693267822266,0
68.1997680664062,0
59.68359375,0
52.8813133239746,0
48.4290924072266,0
45.4291687011719,0
42.1014251708984,0
36.9625930786133,0
29.9970817565918,0
22.5256805419922,0
15.8625202178955,0
10.482403755188,0
6.4315824508667,0
3.80820894241333,0
2.45636439323425,0
1.61546957492828,0
0.336296409368515,0
-1.75540840625763,0
-4.22278928756714,0
-6.35388278961182,0
-7.96334075927734,0
-9.57741832733154,0
-11.596399307251,0
-13.4094247817993,0
-13.9015684127808,0
-12.9267358779907,0
-11.5678453445435,0
-10.5496339797974,0
-9.02661991119385,0
-5.53651762008667,0
0.236206889152527,0
7.18175458908081,0
13.9873142242432,0
20.2401371002197,0
26.4841480255127,0
33.2980041503906,0
40.0542793273926,0
44.8636093139648,0
46.55859375,0
46.494026184082,0
47.0141944885254,0
48.0004234313965,0
46.6762046813965,0
41.5837707519531,0
35.025951385498,0
30.2986278533936,0
27.9833660125732,0
26.4756755828857,0
24.7429618835449,0
22.597412109375,0
19.3403186798096,0
14.4371709823608,0
9.02621936798096,0
4.64428377151489,0
0.857938230037689,0
-3.69879817962646,0
-8.33363914489746,0
-10.8607425689697,0
-11.1335783004761,0
-11.2745275497437,0
-11.9152669906616,0
-11.1405153274536,0
-8.38534450531006,0
-6.54247093200684,0
-8.09407043457031,0
-11.3443098068237,0
-13.036021232605,0
-13.1138219833374,0
-13.9833202362061,0
-15.9351081848145,0
-16.5310192108154,0
-14.755407333374,0
-12.9354972839355,0
-13.577654838562,0
-16.5150241851807,0
-20.4084320068359,0
-25.1338634490967,0
-30.9634208679199,0
-36.7167739868164,0
-40.7028007507324,0
-42.9191703796387,0
-44.6045379638672,0
-45.9427375793457,0
-45.9411010742188,0
-44.5927200317383,0
-43.3891448974609,0
-43.1029891967773,0
-42.4314651489258,0
-39.6553688049316,0
-34.7307891845703,0
-29.09836769104,0
-24.2580261230469,0
-21.0406761169434,0
-19.2928314208984,0
-17.6991481781006,0
-15.1039981842041,0
-12.7714376449585,0
-13.7943992614746,0
-18.819580078125,0
-23.8343887329102,0
-24.4314994812012,0
-21.3675575256348,0
-19.1780586242676,0
-19.491247177124,0
-18.8274879455566,0
-13.9288749694824,0
-6.38171577453613,0
-0.0363556519150734,0
4.03996467590332,0
7.63459920883179,0
11.7710075378418,0
15.6870241165161,0
19.0308494567871,0
22.6475677490234,0
26.8403072357178,0
30.6695957183838,0
33.4874000549316,0
35.732608795166,0
37.6928482055664,0
38.7472267150879,0
38.4673538208008,0
37.4929542541504,0
36.7880516052246,0
36.8377151489258,0
37.7913665771484,0
39.2265510559082,0
39.3684883117676,0
35.9643669128418,0
28.8670921325684,0
20.6485786437988,0
13.6776742935181,0
7.69149208068848,0
1.39890742301941,0
-4.76153755187988,0
-9.27193546295166,0
-12.2433395385742,0
-15.4959955215454,0
-20.0613975524902,0
-25.3656673431396,0
-30.9159564971924,0
-36.956356048584,0
-43.0704498291016,0
-47.8814964294434,0
-50.8775024414062,0
-53.1485061645508,0
-55.6375694274902,0
-58.0169792175293,0
-60.0028495788574,0
-62.2902488708496,0
-65.119140625,0
-67.2089080810547,0
-67.3889236450195,0
-66.2936935424805,0
-65.2308578491211,0
-64.3437652587891,0
-63.2437858581543,0
-62.5402069091797,0
-63.0367813110352,0
-63.8481330871582,0
-63.0162124633789,0
-60.0847129821777,0
-56.7875633239746,0
-54.9846305847168,0
-54.8170204162598,0
-54.9746704101562,0
-54.0372695922852,0
-51.5627975463867,0
-48.4378509521484,0
-45.9801483154297,0
-44.2880783081055,0
-42.0933723449707,0
-38.8341102600098,0
-35.8021850585938,0
-33.9360084533691,0
-31.4081039428711,0
-25.3886108398438,0
-16.0329399108887,0
-6.77125930786133,0
-0.329235792160034,0
3.77902269363403,0
7.2583703994751,0
10.3540649414062,0
12.3760747909546,0
13.7201843261719,0
15.9758834838867,0
20.3688526153564,0
26.7741870880127,0
33.724983215332,0
38.8858337402344,0
40.4186706542969,0
38.8068008422852,0
36.6677932739258,0
35.7823753356934,0
34.893482208252,0
31.5895519256592,0
25.9064846038818,0
20.5789699554443,0
17.6282749176025,0
16.1306381225586,0
13.9584169387817,0
10.5344676971436,0
6.78226232528687,0
3.04239082336426,0
-1.53594148159027,0
-7.35369491577148,0
-13.2228689193726,0
-17.5836277008057,0
-20.2967205047607,0
-22.3747711181641,0
-24.1419467926025,0
-24.6965808868408,0
-23.5259971618652,0
-21.6987228393555,0
-20.6304798126221,0
-20.2844505310059,0
-19.6494636535645,0
-18.6430168151855,0
-18.2149333953857,0
-18.4951324462891,0
-18.2842636108398,0
-17.02760887146,0
-16.1396656036377,0
-17.4486980438232,0
-21.0939254760742,0
-25.7417163848877,0
-30.0559349060059,0
-33.0908584594727,0
-34.2211570739746,0
-34.0251808166504,0
-34.5678520202637,0
-37.301643371582,0
-41.0309181213379,0
-43.3566780090332,0
-43.6985321044922,0
-43.1417388916016,0
-41.5821762084961,0
-37.3605041503906,0
-30.3238868713379,0
-23.0833072662354,0
-17.9915828704834,0
-14.5356960296631,0
-11.087176322937,0
-7.65307760238647,0
-5.04275226593018,0
-2.49013066291809,0
1.59226357936859,0
6.8236026763916,0
10.8899078369141,0
12.4966468811035,0
12.5819702148438,0
12.4450855255127,0
12.4542455673218,0
12.9883842468262,0
14.6649131774902,0
16.580997467041,0
16.058177947998,0
11.7638254165649,0
5.99976873397827,0
2.19387793540955,0
0.86906510591507,0
-0.0453604310750961,0
-1.3730343580246,0
-1.51171493530273,0
0.41974276304245,0
2.47139358520508,0
2.4147744178772,0
1.06149768829346,0
1.16727232933044,0
3.51469683647156,0
5.90692806243896,0
6.25525188446045,0
5.09668493270874,0
4.313560962677,0
4.52033567428589,0
4.80753040313721,0
4.42286396026611,0
3.49073767662048,0
2.16023516654968,0
0.0428192317485809,0
-3.24311852455139,0
-7.45962858200073,0
-11.6434011459351,0
-14.1729011535645,0
-13.4229974746704,0
-9.38980960845947,0
-4.36945152282715,0
-0.615700960159302,0
2.58814811706543,0
7.64448976516724,0
14.135479927063,0
18.1845169067383,0
17.8189163208008,0
16.4151649475098,0
18.0206966400146,0
21.1403064727783,0
21.001428604126,0
17.2349681854248,0
14.7879610061646,0
16.3433990478516,0
18.2462730407715,0
16.4167919158936,0
12.7355890274048,0
11.8660573959351,0
13.8845272064209,0
14.3189039230347,0
11.0922498703003,0
7.59516143798828,0
7.94700717926025,0
11.9954957962036,0
16.4631195068359,0
19.1471481323242,0
20.2129592895508,0
20.2492923736572,0
18.8874092102051,0
15.7705888748169,0
12.0532417297363,0
10.0320625305176,0
10.942440032959,0
13.5771131515503,0
15.8573312759399,0
17.5424022674561,0
20.1422557830811,0
23.9891376495361,0
27.1235027313232,0
28.1036109924316,0
28.3136291503906,0
29.7338008880615,0
31.5158233642578,0
30.9212818145752,0
27.2422904968262,0
22.6827030181885,0
19.312686920166,0
17.1204433441162,0
15.4302177429199,0
14.3588619232178,0
14.039342880249,0
13.7713794708252,0
12.7610492706299,0
10.7569608688354,0
7.61590623855591,0
3.51174592971802,0
-0.0527327321469784,0
-1.07895720005035,0
0.222789615392685,0
1.09032487869263,0
-0.257381856441498,0
-2.12695455551147,0
-1.86561942100525,0
0.299326539039612,0
1.77363812923431,0
1.27712762355804,0
0.0860073789954185,0
-0.244903296232224,0
0.390779882669449,0
1.47792613506317,0
2.97968721389771,0
5.09085178375244,0
7.84532356262207,0
11.2757844924927,0
15.1605253219604,0
18.5605354309082,0
20.5946407318115,0
21.7631816864014,0
23.4087352752686,0
25.6958541870117,0
27.3522834777832,0
27.7542114257812,0
27.8887958526611,0
28.5165195465088,0
28.6888065338135,0
27.2609806060791,0
24.9429740905762,0
23.4951171875,0
23.4299869537354,0
23.8525505065918,0
24.2493209838867,0
24.9501361846924,0
25.7433261871338,0
25.5740222930908,0
24.3123550415039,0
23.6501941680908,0
25.1354141235352,0
27.904541015625,0
29.5550575256348,0
29.2327404022217,0
28.8264236450195,0
30.690845489502,0
34.840030670166,0
39.0148963928223,0
41.3215827941895,0
42.2709693908691,0
44.1033325195312,0
48.3642311096191,0
54.3197212219238,0
59.7085151672363,0
62.8899192810059,0
64.0522918701172,0
64.2936859130859,0
63.9222984313965,0
62.1199073791504,0
58.0620956420898,0
51.7067565917969,0
43.527889251709,0
34.3641242980957,0
25.7705593109131,0
19.4259147644043,0
15.3781499862671,0
11.6807098388672,0
6.76219177246094,0
1.51020467281342,0
-2.12813758850098,0
-3.96676516532898,0
-5.43071269989014,0
-6.88290119171143,0
-7.01867246627808,0
-5.33830881118774,0
-3.45410895347595,0
-2.98846912384033,0
-3.53233003616333,0
-3.83545255661011,0
-3.94481086730957,0
-4.81351900100708,0
-6.47966861724854,0
-8.0357723236084,0
-9.13364315032959,0
-10.3032665252686,0
-11.8442497253418,0
-13.4416933059692,0
-14.8986854553223,0
-16.2955589294434,0
-17.3398704528809,0
-17.5274963378906,0
-17.2445030212402,0
-17.8504276275635,0
-20.1556339263916,0
-23.393138885498,0
-26.1968402862549,0
-28.1626663208008,0
-29.9616565704346,0
-32.2785758972168,0
-35.1656723022461,0
-38.1528587341309,0
-40.3779373168945,0
-40.7692985534668,0
-38.8452796936035,0
-35.4962158203125,0
-32.3853302001953,0
-30.2712535858154,0
-28.2947254180908,0
-25.0744667053223,0
-20.0085964202881,0
-13.3446464538574,0
-5.7780385017395,0
1.4504497051239,0
6.85054016113281,0
10.0604782104492,0
12.4516725540161,0
15.2817401885986,0
17.6144580841064,0
17.3767948150635,0
14.3074817657471,0
10.3112592697144,0
6.76112794876099,0
3.22541427612305,0
-0.563356220722198,0
-3.46807479858398,0
-5.05427885055542,0
-7.3213267326355,0
-12.3658895492554,0
-19.1712226867676,0
-24.6233139038086,0
-27.2600326538086,0
-28.2594261169434,0
-29.1152763366699,0
-30.3015155792236,0
-32.1732406616211,0
-35.1157608032227,0
-38.3625335693359,0
-40.4656600952148,0
-41.5087890625,0
-43.1532974243164,0
-45.8499794006348,0
-47.8552665710449,0
-48.0247344970703,0
-47.7001724243164,0
-48.232666015625,0
-48.2402725219727,0
-45.529411315918,0
-40.8507804870605,0
-37.2906188964844,0
-35.9442863464355,0
-34.488826751709,0
-30.8572196960449,0
-26.5410251617432,0
-24.7183570861816,0
-25.8391799926758,0
-26.647066116333,0
-23.9141674041748,0
-18.2291603088379,0
-13.3187446594238,0
-11.9140586853027,0
-13.2139682769775,0
-14.6473903656006,0
-15.0237445831299,0
-14.9117593765259,0
-14.722695350647,0
-14.1097440719604,0
-13.121410369873,0
-12.0919589996338,0
-10.0620918273926,0
-5.38351154327393,0
1.11354446411133,0
5.63336658477783,0
5.91401672363281,0
4.66358423233032,0
6.23145484924316,0
10.8337049484253,0
14.6738739013672,0
15.4982748031616,0
15.2959976196289,0
16.8980445861816,0
20.2812576293945,0
23.5179500579834,0
25.7023429870605,0
27.41064453125,0
29.2392120361328,0
31.303243637085,0
33.7407989501953,0
36.6259422302246,0
39.5617027282715,0
42.0642242431641,0
44.1105041503906,0
45.7242317199707,0
46.3405952453613,0
45.293773651123,0
42.8398590087891,0
40.0401611328125,0
37.4823303222656,0
34.6089935302734,0
30.7225131988525,0
26.5205059051514,0
24.0704727172852,0
24.7660217285156,0
27.4606456756592,0
29.2839450836182,0
28.4571781158447,0
25.6600532531738,0
22.4730243682861,0
19.533971786499,0
16.8662776947021,0
14.8017930984497,0
13.2187690734863,0
10.7008924484253,0
6.1566596031189,0
0.851693391799927,0
-3.01398873329163,0
-5.63836717605591,0
-9.53310680389404,0
-15.8734149932861,0
-23.0485019683838,0
-29.5074577331543,0
-35.816276550293,0
-42.561653137207,0
-48.2101287841797,0
-51.005298614502,0
-51.6519393920898,0
-52.070613861084,0
-52.4319725036621,0
-51.563346862793,0
-49.712230682373,0
-48.6251678466797,0
-48.882266998291,0
-49.1930274963379,0
-48.6353073120117,0
-47.7324256896973,0
-46.7633209228516,0
-44.7387619018555,0
-41.0053329467773,0
-36.6093597412109,0
-33.0794639587402,0
-30.7104091644287,0
-28.8150730133057,0
-26.8705158233643,0
-24.7228622436523,0
-22.4847297668457,0
-20.9585762023926,0
-21.2715682983398,0
-23.1368255615234,0
-24.2797317504883,0
-22.8304595947266,0
-19.7942695617676,0
-17.7796020507812,0
-17.4435977935791,0
-16.6559143066406,0
-13.4245910644531,0
-8.20588207244873,0
-2.61322689056396,0
2.83600950241089,0
8.38166809082031,0
13.2538433074951,0
15.9525499343872,0
16.3375816345215,0
16.0302810668945,0
16.351261138916,0
17.0817413330078,0
17.825267791748,0
19.2672557830811,0
21.9377632141113,0
24.7042140960693,0
26.0464000701904,0
26.4721527099609,0
28.1699695587158,0
32.1950836181641,0
37.2087516784668,0
41.0624847412109,0
42.3854103088379,0
40.5488395690918,0
35.7286376953125,0
29.7745342254639,0
25.6598606109619,0
24.8774471282959,0
26.0694160461426,0
27.0549411773682,0
27.383939743042,0
27.9137210845947,0
28.7087898254395,0
28.7675609588623,0
27.5353946685791,0
25.4433422088623,0
23.047534942627,0
20.7848262786865,0
19.5399723052979,0
20.1190509796143,0
21.7409954071045,0
22.1749267578125,0
20.0669631958008,0
16.3278331756592,0
12.5654926300049,0
9.05579948425293,0
5.32863569259644,0
2.00925517082214,0
0.387214958667755,0
0.0798195227980614,0
-1.20264458656311,0
-4.76260423660278,0
-9.04184627532959,0
-11.7230129241943,0
-12.6890153884888,0
-13.5192394256592,0
-14.8598175048828,0
-16.1082439422607,0
-17.3499813079834,0
-19.4727478027344,0
-22.047119140625,0
-23.2323589324951,0
-22.7383403778076,0
-23.0071640014648,0
-26.0557060241699,0
-30.6723651885986,0
-34.4345016479492,0
-37.2971420288086,0
-41.1752967834473,0
-46.6415786743164,0
-52.0952453613281,0
-56.0762977600098,0
-58.6098213195801,0
-60.1515083312988,0
-60.8180198669434,0
-60.9923706054688,0
-61.3527412414551,0
-61.9071846008301,0
-62.0368385314941,0
-61.6382293701172,0
-61.0640144348145,0
-59.8075256347656,0
-56.6332130432129,0
-51.4528388977051,0
-45.7807388305664,0
-40.7404937744141,0
-35.8868408203125,0
-30.7902164459229,0
-26.5015430450439,0
-24.1844692230225,0
-23.1732234954834,0
-21.8298969268799,0
-19.875904083252,0
-18.437629699707,0
-17.9476222991943,0
-17.4995212554932,0
-16.4876728057861,0
-15.4113130569458,0
-14.5148782730103,0
-13.1613874435425,0
-11.6411638259888,0
-12.172137260437,0
-16.2503604888916,0
-21.80517578125,0
-25.2388858795166,0
-26.1880187988281,0
-27.7972183227539,0
-31.6325626373291,0
-34.8998603820801,0
-34.3698196411133,0
-30.9706630706787,0
-28.1451873779297,0
-27.0977993011475,0
-26.4464054107666,0
-25.8520946502686,0
-26.8841953277588,0
-29.9194011688232,0
-32.8192596435547,0
-33.6118850708008,0
-32.5069389343262,0
-30.427921295166,0
-27.5102519989014,0
-24.1611270904541,0
-21.8074951171875,0
-21.0858058929443,0
-20.5250148773193,0
-18.4412994384766,0
-15.1993761062622,0
-12.3065490722656,0
-10.0629949569702,0
-7.35925769805908,0
-3.19309759140015,0
2.69115400314331,0
9.99553298950195,0
17.5146560668945,0
23.1779174804688,0
25.8326187133789,0
26.8492393493652,0
28.8234958648682,0
32.7013168334961,0
37.143856048584,0
40.6942481994629,0
43.4813537597656,0
46.4304580688477,0
49.6455497741699,0
52.2558135986328,0
53.5881576538086,0
53.962474822998,0
54.2348899841309,0
54.7503356933594,0
54.9113349914551,0
53.8408889770508,0
51.3975563049316,0
48.4088592529297,0
45.9552879333496,0
44.6331748962402,0
44.5172004699707,0
45.485237121582,0
47.2197113037109,0
48.9280624389648,0
49.4933280944824,0
48.3373146057129,0
46.1158752441406,0
44.0972518920898,0
42.6518020629883,0
40.8544387817383,0
37.9534912109375,0
34.5644378662109,0
31.6006278991699,0
28.6423721313477,0
24.6816635131836,0
20.2089061737061,0
16.8956966400146,0
14.9462471008301,0
12.4711503982544,0
8.21609592437744,0
3.35476613044739,0
-0.406602412462234,0
-2.9965980052948,0
-4.97670078277588,0
-5.84603691101074,0
-5.13814163208008,0
-4.18449926376343,0
-4.76895809173584,0
-6.54445791244507,0
-7.75257730484009,0
-8.30189037322998,0
-10.1382207870483,0
-14.2750368118286,0
-19.127025604248,0
-22.3019561767578,0
