292.470367431641,0
301.256713867188,0
309.333648681641,0
316.114532470703,0
322.072998046875,0
328.271362304688,0
334.518371582031,0
339.383148193359,0
342.283538818359,0
344.274230957031,0
346.454895019531,0
348.788421630859,0
350.839935302734,0
352.551177978516,0
353.873077392578,0
354.663452148438,0
355.357025146484,0
356.767639160156,0
358.814117431641,0
360.306182861328,0
360.252838134766,0
358.426879882812,0
354.489288330078,0
347.878204345703,0
339.115631103516,0
330.031555175781,0
321.962921142578,0
314.618957519531,0
307.146453857422,0
299.119140625,0
289.951202392578,0
278.859222412109,0
266.464324951172,0
255.095001220703,0
246.163558959961,0
238.297302246094,0
229.412399291992,0
219.581695556641,0
210.29573059082,0
201.90673828125,0
193.759368896484,0
186.155014038086,0
179.91130065918,0
174.064987182617,0
166.172027587891,0
155.19450378418,0
142.234222412109,0
128.203399658203,0
112.983779907227,0
97.5975189208984,0
84.86962890625,0
76.3243179321289,0
69.9815139770508,0
62.8635749816895,0
54.4831466674805,0
46.2347869873047,0
38.4750518798828,0
30.2367858886719,0
21.3032417297363,0
12.584095954895,0
4.46068143844604,0
-3.60304951667786,0
-11.7032117843628,0
-19.2129039764404,0
-26.0335350036621,0
-32.7705345153809,0
-39.3881530761719,0
-44.956615447998,0
-49.1066131591797,0
-52.5702857971191,0
-55.830810546875,0
-58.2682228088379,0
-59.0939826965332,0
-58.2158699035645,0
-55.8686866760254,0
-52.4409065246582,0
-49.0047187805176,0
-46.7561569213867,0
-45.288402557373,0
-42.6350212097168,0
-37.923023223877,0
-32.9463920593262,0
-30.0871906280518,0
-29.5644989013672,0
-29.8522605895996,0
-29.9952163696289,0
-30.0887851715088,0
-29.8637294769287,0
-28.2767581939697,0
-24.7278232574463,0
-19.7996368408203,0
-14.6623058319092,0
-10.3710527420044,0
-7.6623067855835,0
-6.72963237762451,0
-7.17615938186646,0
-8.68588447570801,0
-11.520806312561,0
-15.6969137191772,0
-19.947883605957,0
-22.5049018859863,0
-23.0614948272705,0
-23.1306457519531,0
-24.0907592773438,0
-25.4932270050049,0
-25.7492427825928,0
-24.0362987518311,0
-20.9244384765625,0
-17.2439346313477,0
-13.0074796676636,0
-7.90290832519531,0
-2.57429814338684,0
1.41542887687683,0
3.3958203792572,0
4.81694793701172,0
7.72193050384521,0
12.0443668365479,0
15.4484300613403,0
16.1782169342041,0
15.0632238388062,0
14.0295114517212,0
13.5245971679688,0
12.4733781814575,0
10.2308254241943,0
7.34211492538452,0
4.52460432052612,0
2.1107234954834,0
0.61345374584198,0
0.600881814956665,0
1.48493111133575,0
1.45510995388031,0
-0.634055256843567,0
-4.08342695236206,0
-7.77525615692139,0
-11.7861194610596,0
-16.2950706481934,0
-19.7452869415283,0
-20.2566528320312,0
-19.0382976531982,0
-20.1210536956787,0
-25.5083122253418,0
-32.3957366943359,0
-36.8645553588867,0
-38.7318954467773,0
-40.380802154541,0
-41.9913444519043,0
-41.2874526977539,0
-38.1264152526855,0
-35.8456649780273,0
-36.5872955322266,0
-38.1207618713379,0
-37.4421157836914,0
-35.2201766967773,0
-33.9142837524414,0
-33.1332130432129,0
-30.235221862793,0
-24.9886913299561,0
-20.1954307556152,0
-17.1429672241211,0
-13.5241346359253,0
-7.33397817611694,0
-0.407659620046616,0
4.08103704452515,0
6.18165493011475,0
8.76457786560059,0
12.9471893310547,0
16.2920436859131,0
16.3172740936279,0
14.1286249160767,0
13.0667886734009,0
14.3851079940796,0
15.8988380432129,0
15.1873168945312,0
12.6828203201294,0
10.5161552429199,0
9.25244617462158,0
7.43067169189453,0
4.2206335067749,0
0.82097053527832,0
-1.38536536693573,0
-2.65154886245728,0
-3.82975912094116,0
-4.59124040603638,0
-4.01452779769897,0
-2.3788366317749,0
-0.990785360336304,0
-0.281007528305054,0
0.829093098640442,0
3.49171543121338,0
7.63291358947754,0
12.2196598052979,0
16.1805953979492,0
18.9043560028076,0
20.3410930633545,0
20.8375835418701,0
20.6934700012207,0
19.9800338745117,0
18.9549655914307,0
18.134105682373,0
17.2900161743164,0
14.7743940353394,0
8.90425491333008,0
0.193824678659439,0
-8.66772365570068,0
-15.4744205474854,0
-20.5221881866455,0
-25.6022758483887,0
-31.6785087585449,0
-38.255931854248,0
-44.5499649047852,0
-50.2490234375,0
-55.0676116943359,0
-58.5139961242676,0
-60.6747398376465,0
-62.7123870849609,0
-65.9252700805664,0
-70.4677047729492,0
-75.4428787231445,0
-80.0154876708984,0
-83.8580169677734,0
-86.72412109375,0
-88.4250869750977,0
-89.3086776733398,0
-89.9209289550781,0
-89.9633560180664,0
-88.5143356323242,0
-85.7754592895508,0
-83.6749038696289,0
-83.9458770751953,0
-86.3097915649414,0
-89.3304290771484,0
-92.2069625854492,0
-94.640510559082,0
-95.8203735351562,0
-95.1870727539062,0
-93.7772445678711,0
-93.0054321289062,0
-92.1127471923828,0
-88.6130294799805,0
-81.5628280639648,0
-72.6319427490234,0
-63.4165000915527,0
-53.5239715576172,0
-42.2775497436523,0
-30.6840763092041,0
-20.4011325836182,0
-11.9220237731934,0
-4.98700571060181,0
0.248119458556175,0
3.6111478805542,0
5.48771953582764,0
5.88669109344482,0
3.98736929893494,0
-0.187507420778275,0
-4.73977518081665,0
-7.87736082077026,0
-9.89939594268799,0
-11.8654451370239,0
-13.522518157959,0
-14.249584197998,0
-14.8253154754639,0
-16.0740413665771,0
-16.6225566864014,0
-14.3917083740234,0
-9.81759834289551,0
-5.16353464126587,0
-0.939980924129486,0
4.32247495651245,0
10.6085186004639,0
15.5502738952637,0
17.8826789855957,0
19.3060932159424,0
21.5445594787598,0
23.4698390960693,0
22.8252868652344,0
19.6556415557861,0
16.4885673522949,0
15.603907585144,0
17.1211128234863,0
19.4588394165039,0
20.9601631164551,0
21.0587959289551,0
19.9911613464355,0
17.5202083587646,0
12.7473115921021,0
5.7031307220459,0
-1.973188996315,0
-9.05609703063965,0
-16.300235748291,0
-24.4412574768066,0
-31.9129657745361,0
-36.8939247131348,0
-40.7638969421387,0
-46.7476921081543,0
-55.4638214111328,0
-64.6479339599609,0
-73.0651016235352,0
-81.4502868652344,0
-89.4261932373047,0
-95.188850402832,0
-99.1351928710938,0
-104.048210144043,0
-110.177291870117,0
-113.869468688965,0
-113.178894042969,0
-111.090660095215,0
-110.313697814941,0
-108.526176452637,0
-102.781539916992,0
-95.6978607177734,0
-92.2602386474609,0
-91.9626159667969,0
-89.2811508178711,0
-81.7707290649414,0
-72.9091262817383,0
-66.2388763427734,0
-61.2568893432617,0
-56.8729972839355,0
-54.9746360778809,0
-57.6104049682617,0
-63.069881439209,0
-67.7967758178711,0
-70.9767532348633,0
-74.6092987060547,0
-79.6627731323242,0
-84.7358856201172,0
-88.8252258300781,0
-93.2550659179688,0
-99.6040725708008,0
-106.817008972168,0
-111.904151916504,0
-113.456108093262,0
-113.257118225098,0
-113.959617614746,0
-116.186180114746,0
-118.833564758301,0
-121.318748474121,0
-123.902847290039,0
-126.082542419434,0
-126.580558776855,0
-125.361152648926,0
-123.913505554199,0
-122.798347473145,0
-120.628257751465,0
-116.559043884277,0
-112.123008728027,0
-109.097434997559,0
-107.00025177002,0
-104.475112915039,0
-101.887603759766,0
-100.36043548584,0
-99.0953826904297,0
-96.1902389526367,0
-91.9751739501953,0
-89.0789413452148,0
-88.7241134643555,0
-89.1758880615234,0
-88.8323440551758,0
-88.9126052856445,0
-91.3979949951172,0
-95.351806640625,0
-97.1598434448242,0
-94.4531478881836,0
-88.4893341064453,0
-82.2155609130859,0
-76.9169464111328,0
-71.6349792480469,0
-65.4351348876953,0
-58.9787864685059,0
-53.4191513061523,0
-48.7936477661133,0
-44.5382957458496,0
-40.9207000732422,0
-38.5000114440918,0
-36.259937286377,0
-31.8703632354736,0
-24.3948440551758,0
-15.6040306091309,0
-7.94605541229248,0
-2.15675663948059,0
2.47984600067139,0
6.49070882797241,0
9.77344226837158,0
12.1527719497681,0
13.4668788909912,0
13.4291963577271,0
12.0389795303345,0
9.83670330047607,0
7.35381174087524,0
4.76699066162109,0
2.48989081382751,0
1.54826128482819,0
2.83501863479614,0
6.36387538909912,0
11.620945930481,0
18.2491054534912,0
26.0998401641846,0
34.9924354553223,0
44.515754699707,0
53.6279029846191,0
60.7594566345215,0
65.3529357910156,0
69.0747375488281,0
73.8141174316406,0
78.1098785400391,0
77.5391693115234,0
69.8587417602539,0
58.0504264831543,0
46.5366706848145,0
35.850040435791,0
23.4724674224854,0
9.04143905639648,0
-4.52782821655273,0
-15.6972141265869,0
-27.1002616882324,0
-41.7304077148438,0
-58.1421813964844,0
-71.8767166137695,0
-81.0240707397461,0
-88.0703582763672,0
-96.0469207763672,0
-104.898307800293,0
-112.604614257812,0
-118.410087585449,0
-123.497116088867,0
-129.143005371094,0
-135.646621704102,0
-143.045837402344,0
-151.733428955078,0
-161.904479980469,0
-172.910125732422,0
-183.473785400391,0
-192.400466918945,0
-199.231658935547,0
-204.635803222656,0
-210.072052001953,0
-216.590454101562,0
-223.925369262695,0
-231.019332885742,0
-237.146240234375,0
-242.041870117188,0
-245.362030029297,0
-246.964859008789,0
-247.696548461914,0
-248.910827636719,0
-250.856475830078,0
-252.185394287109,0
-251.368927001953,0
-248.125350952148,0
-243.296752929688,0
-237.85661315918,0
-232.238510131836,0
-226.227188110352,0
-219.45133972168,0
-212.350952148438,0
-206.391998291016,0
-202.60627746582,0
-200.167602539062,0
-197.411026000977,0
-194.132385253906,0
-191.607376098633,0
-190.197708129883,0
-188.441070556641,0
-185.174743652344,0
-181.211837768555,0
-177.87255859375,0
-174.895126342773,0
-171.068588256836,0
-166.291854858398,0
-161.705078125,0
-158.044540405273,0
-155.038558959961,0
-152.432220458984,0
-150.563522338867,0
-149.56315612793,0
-148.582244873047,0
-146.200103759766,0
-141.433609008789,0
-134.291412353516,0
-125.572395324707,0
-116.301200866699,0
-107.401664733887,0
-99.734748840332,0
-93.8053207397461,0
-88.8594131469727,0
-82.7947616577148,0
-74.1237640380859,0
-64.0478744506836,0
-55.3515815734863,0
-48.8479690551758,0
-42.1469879150391,0
-32.6716041564941,0
-20.7678108215332,0
-8.82408714294434,0
1.68114233016968,0
10.911416053772,0
19.1797008514404,0
26.3724937438965,0
32.7682876586914,0
38.9805793762207,0
44.8178558349609,0
49.3238143920898,0
52.296012878418,0
54.8005409240723,0
57.7191848754883,0
60.5527153015137,0
62.2050704956055,0
62.4652976989746,0
62.2847137451172,0
62.9355926513672,0
65.1699371337891,0
68.8155822753906,0
72.8547439575195,0
76.1130065917969,0
78.0866622924805,0
78.9667739868164,0
78.8926010131836,0
77.5695648193359,0
74.7630844116211,0
70.8886795043945,0
66.9518508911133,0
63.9327774047852,0
61.9700012207031,0
59.8431854248047,0
55.6812973022461,0
48.9743766784668,0
41.7706527709961,0
36.8759460449219,0
34.5188636779785,0
31.6545829772949,0
25.211462020874,0
15.4683933258057,0
5.52836751937866,0
-2.17392706871033,0
-8.0777416229248,0
-14.3543014526367,0
-22.3169631958008,0
-31.2103061676025,0
-39.2140426635742,0
-45.4089202880859,0
-50.7595825195312,0
-57.0748100280762,0
-65.005485534668,0
-73.4528274536133,0
-81.1492614746094,0
-88.1932678222656,0
-95.2829208374023,0
-101.85612487793,0
-106.21012878418,0
-107.691009521484,0
-107.579727172852,0
-107.091209411621,0
-105.582260131836,0
-102.097984313965,0
-98.089485168457,0
-96.7025527954102,0
-98.9479522705078,0
-102.193489074707,0
-103.494354248047,0
-103.22509765625,0
-103.981475830078,0
-106.627593994141,0
-109.212959289551,0
-109.821762084961,0
-108.854675292969,0
-107.863739013672,0
-107.292327880859,0
-106.244903564453,0
-103.898513793945,0
-100.448104858398,0
-96.9457244873047,0
-94.5563430786133,0
-93.6573181152344,0
-93.5250091552734,0
-93.3089294433594,0
-93.2255706787109,0
-94.0425109863281,0
-95.4336853027344,0
-95.950309753418,0
-94.8889846801758,0
-92.984489440918,0
-90.7187652587891,0
-87.2509841918945,0
-81.9807739257812,0
-75.9797134399414,0
-70.4654693603516,0
-64.604736328125,0
-56.4062652587891,0
-45.616870880127,0
-34.4526023864746,0
-25.4330043792725,0
-19.4109554290771,0
-15.5098333358765,0
-11.8503675460815,0
-6.38657522201538,0
1.69148361682892,0
10.9406404495239,0
18.8631420135498,0
24.499755859375,0
29.3056030273438,0
35.4338493347168,0
43.9277267456055,0
54.6220016479492,0
66.6495742797852,0
78.4268188476562,0
88.0973205566406,0
95.0635757446289,0
100.75772857666,0
106.965553283691,0
113.429962158203,0
117.957870483398,0
119.093391418457,0
117.902572631836,0
116.624786376953,0
116.201324462891,0
115.94408416748,0
115.270027160645,0
114.641098022461,0
114.610931396484,0
114.94059753418,0
115.103042602539,0
114.786010742188,0
113.396606445312,0
110.161804199219,0
105.65062713623,0
102.12931060791,0
101.004104614258,0
100.730049133301,0
98.9970245361328,0
96.4286651611328,0
95.9370651245117,0
98.3753967285156,0
101.108985900879,0
101.514549255371,0
99.7714767456055,0
97.2223129272461,0
94.1042327880859,0
90.5042877197266,0
87.8199996948242,0
87.1958236694336,0
87.4939041137695,0
86.6950225830078,0
84.5713958740234,0
82.181884765625,0
79.5016174316406,0
75.8502807617188,0
72.5896377563477,0
73.0528869628906,0
78.8784408569336,0
87.7677154541016,0
95.6814422607422,0
100.371253967285,0
102.22925567627,0
102.616073608398,0
102.253555297852,0
101.01976776123,0
98.7640686035156,0
96.0404586791992,0
93.65234375,0
91.2747955322266,0
87.2045059204102,0
80.2341537475586,0
71.3279724121094,0
62.5530738830566,0
54.7114334106445,0
47.0532073974609,0
39.0730895996094,0
31.3662433624268,0
24.6195964813232,0
18.8578338623047,0
13.9697885513306,0
10.0876350402832,0
7.07590579986572,0
4.23280763626099,0
0.736428916454315,0
-3.90125226974487,0
-9.5767068862915,0
-15.3627805709839,0
-20.1464500427246,0
-24.2859668731689,0
-29.8455448150635,0
-37.9170036315918,0
-46.4428367614746,0
-52.457103729248,0
-56.0681037902832,0
-60.1524887084961,0
-66.1745147705078,0
-72.6875534057617,0
-78.4869003295898,0
-84.7713775634766,0
-92.8831558227539,0
-101.888519287109,0
-110.011161804199,0
-116.970306396484,0
-123.282356262207,0
-128.53678894043,0
-132.179428100586,0
-135.148834228516,0
-138.949249267578,0
-143.479141235352,0
-147.121887207031,0
-148.568252563477,0
-147.423446655273,0
-143.688278198242,0
-138.028762817383,0
-132.075408935547,0
-127.032325744629,0
-122.22435760498,0
-116.196800231934,0
-108.915664672852,0
-101.727577209473,0
-95.6007385253906,0
-90.7054672241211,0
-87.2524108886719,0
-85.1644515991211,0
-83.1580657958984,0
-79.8590545654297,0
-75.9504241943359,0
-73.6711273193359,0
-73.9382019042969,0
-75.3415908813477,0
-76.1008682250977,0
-75.4227828979492,0
-72.7112197875977,0
-67.4286193847656,0
-60.6587371826172,0
-55.1048011779785,0
-52.2594909667969,0
-50.831672668457,0
-49.1401214599609,0
-47.6846122741699,0
-47.7802772521973,0
-48.8676605224609,0
-49.3021392822266,0
-49.2949066162109,0
-50.8809280395508,0
-54.7812957763672,0
-59.1488914489746,0
-62.0216064453125,0
-63.6238632202148,0
-65.534294128418,0
-68.6010360717773,0
-72.3348693847656,0
-75.60791015625,0
-77.4794006347656,0
-77.9983901977539,0
-78.4679794311523,0
-80.1526412963867,0
-82.5100021362305,0
-83.5779113769531,0
-82.2972564697266,0
-79.4047622680664,0
-75.8407745361328,0
-71.6948165893555,0
-67.3015365600586,0
-63.8327751159668,0
-61.7199211120605,0
-59.8107490539551,0
-57.4100227355957,0
-55.9509086608887,0
-56.9589996337891,0
-59.2064895629883,0
-59.7642402648926,0
-57.5225028991699,0
-54.0222969055176,0
-51.1456260681152,0
-49.7417335510254,0
-50.2927436828613,0
-52.8323669433594,0
-55.7837448120117,0
-56.6276550292969,0
-54.3613052368164,0
-50.0096244812012,0
-44.4833297729492,0
-37.5671424865723,0
-29.3725051879883,0
-20.8647270202637,0
-12.2042903900146,0
-2.47545647621155,0
8.03445911407471,0
17.5128993988037,0
26.0506954193115,0
36.9545669555664,0
52.0303916931152,0
67.3515014648438,0
77.1288833618164,0
81.1065444946289,0
84.5646133422852,0
90.7445602416992,0
96.8547134399414,0
98.9481964111328,0
97.6266784667969,0
96.4539947509766,0
96.6184158325195,0
95.782096862793,0
91.3703765869141,0
82.8506164550781,0
71.2425231933594,0
58.288932800293,0
45.954460144043,0
35.2081260681152,0
25.4148197174072,0
16.0338745117188,0
8.14606094360352,0
2.61887669563293,0
-2.3439736366272,0
-9.18492221832275,0
-16.6587791442871,0
-20.6275024414062,0
-20.1512508392334,0
-19.7425708770752,0
-23.4674377441406,0
-29.3017139434814,0
-32.3818321228027,0
-32.2738456726074,0
-33.1993789672852,0
-37.0670890808105,0
-40.0006446838379,0
-37.3799934387207,0
-29.8624858856201,0
-22.3780670166016,0
-18.6063442230225,0
-18.3761558532715,0
-19.5908241271973,0
-20.6687088012695,0
-21.1791343688965,0
-21.637752532959,0
-22.961462020874,0
-25.2519569396973,0
-27.2463150024414,0
-27.9523849487305,0
-28.5681190490723,0
-31.3966884613037,0
-36.7536773681641,0
-42.4955940246582,0
-47.2077980041504,0
-52.2632827758789,0
-59.3293533325195,0
-66.9003829956055,0
-71.3186798095703,0
-71.3398361206055,0
-70.0751495361328,0
-71.6935195922852,0
-77.1590576171875,0
-83.910270690918,0
-88.9282989501953,0
-91.2024383544922,0
-91.6698455810547,0
-91.8434371948242,0
-92.6451034545898,0
-93.9177322387695,0
-94.8054733276367,0
-94.7820816040039,0
-94.1246109008789,0
-93.0696487426758,0
-90.932991027832,0
-86.7955780029297,0
-80.8568496704102,0
-74.2757263183594,0
-67.7766876220703,0
-61.4662017822266,0
-56.2030601501465,0
-53.9084358215332,0
-55.6704063415527,0
-60.1875762939453,0
-64.8262405395508,0
-67.7903671264648,0
-68.7733688354492,0
-68.205810546875,0
-66.7464904785156,0
-65.0825958251953,0
-63.3240852355957,0
-60.7849655151367,0
-57.0452079772949,0
-52.8775596618652,0
-49.3182487487793,0
-46.2238883972168,0
-42.8336372375488,0
-39.5129241943359,0
-37.5316162109375,0
-36.860725402832,0
-35.6180572509766,0
-32.5698547363281,0
-29.2178001403809,0
-28.3228130340576,0
-30.8827571868896,0
-35.6308555603027,0
-41.2091369628906,0
-47.5737686157227,0
-55.0212707519531,0
-62.9668464660645,0
-70.4623260498047,0
-77.2999801635742,0
-83.7276229858398,0
-89.3247756958008,0
-93.0336456298828,0
-94.3591690063477,0
-93.7880477905273,0
-91.8332443237305,0
-88.4174041748047,0
-83.6199493408203,0
-78.3854827880859,0
-73.8576278686523,0
-70.3526916503906,0
-67.4439163208008,0
-64.5954437255859,0
-61.171501159668,0
-56.4288711547852,0
-50.4585952758789,0
-44.8484001159668,0
-41.3549041748047,0
-39.8509712219238,0
-38.4368858337402,0
-35.6773567199707,0
-31.9219455718994,0
-28.3217067718506,0
-25.484884262085,0
-23.4660186767578,0
-22.2291069030762,0
-21.4931049346924,0
-20.6340999603271,0
-19.3544845581055,0
-18.2311935424805,0
-18.2115116119385,0
-19.6991558074951,0
-22.2887287139893,0
-25.1349029541016,0
-27.4609432220459,0
-29.0605239868164,0
-30.4970436096191,0
-32.5103378295898,0
-35.0950126647949,0
-37.5396461486816,0
-39.5117416381836,0
-41.5240631103516,0
-43.8527603149414,0
-45.5094184875488,0
-45.2601699829102,0
-43.7913589477539,0
-43.8584671020508,0
-47.3429489135742,0
-52.4742660522461,0
-55.1124114990234,0
-53.1411819458008,0
-48.6767883300781,0
-45.3441696166992,0
-44.3895111083984,0
-44.642406463623,0
-45.4266014099121,0
-47.490608215332,0
-50.9364433288574,0
-54.1958847045898,0
-55.9721221923828,0
-56.7915725708008,0
-57.615795135498,0
-58.1420364379883,0
-57.6820945739746,0
-56.6415061950684,0
-55.6048469543457,0
-53.6560935974121,0
-49.2920227050781,0
-42.8079109191895,0
-36.2095527648926,0
-30.5632457733154,0
-24.7982788085938,0
-17.7433319091797,0
-10.4543552398682,0
-5.6539101600647,0
-4.85983276367188,0
-6.33050012588501,0
-6.13923978805542,0
-1.764772772789,0
5.2867693901062,0
11.0144510269165,0
13.1671504974365,0
13.003270149231,0
12.5807752609253,0
11.9579257965088,0
10.3445682525635,0
8.47583961486816,0
7.56498289108276,0
6.54961252212524,0
2.90430903434753,0
-3.58836984634399,0
-10.0914926528931,0
-14.3006629943848,0
-16.7296810150146,0
-18.5845413208008,0
-19.442476272583,0
-18.5578632354736,0
-16.950231552124,0
-16.4112968444824,0
-17.2440357208252,0
-18.3911914825439,0
-19.0500583648682,0
-18.8144283294678,0
-16.97389793396,0
-13.2415924072266,0
-8.85147094726562,0
-5.65527057647705,0
-4.4037036895752,0
-4.89403438568115,0
-7.12528038024902,0
-10.9560060501099,0
-15.2083435058594,0
-18.6703777313232,0
-21.6221122741699,0
-24.8561553955078,0
-27.6380062103271,0
-28.4698581695557,0
-27.7034606933594,0
-27.5070400238037,0
-29.2648944854736,0
-32.9504699707031,0
-38.9467887878418,0
-47.811393737793,0
-57.5116348266602,0
-63.6690711975098,0
-64.3588256835938,0
-62.7448577880859,0
-63.009147644043,0
-65.2079315185547,0
-66.3761672973633,0
-65.6158752441406,0
-65.3827896118164,0
-67.6369934082031,0
-70.9157791137695,0
-72.1318817138672,0
-70.1662902832031,0
-66.8892974853516,0
-65.0602035522461,0
-65.6694793701172,0
-67.3199081420898,0
-68.1922149658203,0
-68.4131774902344,0
-69.911506652832,0
-73.8810043334961,0
-79.173095703125,0
-83.4733123779297,0
-85.2674865722656,0
-84.429801940918,0
-82.0257263183594,0
-80.0642471313477,0
-80.1704254150391,0
-81.6655654907227,0
-82.2140045166016,0
-81.3058319091797,0
-81.4763793945312,0
-84.4343109130859,0
-87.511116027832,0
-86.4577026367188,0
-81.0666275024414,0
-75.3361740112305,0
-72.0717468261719,0
-69.9891891479492,0
-66.7490768432617,0
-62.2431602478027,0
-57.4818229675293,0
-52.2944259643555,0
-46.0587387084961,0
-39.5460166931152,0
-34.2908782958984,0
-30.7620124816895,0
-28.4154739379883,0
-26.7260437011719,0
-24.8040790557861,0
-20.9702281951904,0
-14.6636867523193,0
-8.3381986618042,0
-5.35664939880371,0
-5.87924385070801,0
-6.84236621856689,0
-6.46755218505859,0
-6.67454147338867,0
-9.88165855407715,0
-15.2681007385254,0
-20.0246658325195,0
-23.1507320404053,0
-25.9906253814697,0
-29.5795097351074,0
-33.538387298584,0
-37.5780601501465,0
-42.0969161987305,0
-46.8255615234375,0
-50.6976661682129,0
-53.9025611877441,0
-58.380298614502,0
-64.8975830078125,0
-70.8439178466797,0
-72.6531982421875,0
-69.8933334350586,0
-65.3632659912109,0
-61.3064041137695,0
-57.1348648071289,0
-51.2708053588867,0
-43.8428955078125,0
-36.5381698608398,0
-30.3437347412109,0
-24.4661712646484,0
-17.7748851776123,0
-10.9130239486694,0
-6.3450493812561,0
-5.84839868545532,0
-8.21707630157471,0
-10.3142623901367,0
-10.6065092086792,0
-10.6908712387085,0
-12.7713766098022,0
-16.7281227111816,0
-20.8134593963623,0
-24.3267459869385,0
-27.8881645202637,0
-31.3755741119385,0
-33.4785041809082,0
-33.6663780212402,0
-32.9791259765625,0
-32.1739883422852,0
-30.5082130432129,0
-27.35475730896,0
-23.8692607879639,0
-21.7691230773926,0
-21.128589630127,0
-20.5924301147461,0
-19.3172817230225,0
-17.4608459472656,0
-14.9736814498901,0
-11.262038230896,0
-6.34941673278809,0
-1.35207116603851,0
2.71039509773254,0
5.93795347213745,0
8.98885536193848,0
12.0681562423706,0
14.8646841049194,0
16.8747844696045,0
17.1866283416748,0
14.4892454147339,0
8.27772617340088,0
0.0498689636588097,0
-7.5386176109314,0
-13.0485963821411,0
-17.3116874694824,0
-21.9056625366211,0
-27.1092071533203,0
-31.6672859191895,0
-33.9962425231934,0
-33.110725402832,0
-28.9439926147461,0
-22.6794376373291,0
-16.6456413269043,0
-12.953106880188,0
-11.876392364502,0
-11.9958333969116,0
-12.0245456695557,0
-11.9835271835327,0
-12.4367408752441,0
-13.1324768066406,0
-12.7839059829712,0
-10.0383405685425,0
-4.73511075973511,0
1.33219337463379,0
5.02194452285767,0
4.12246704101562,0
-0.525626540184021,0
-5.75785827636719,0
-9.30448818206787,0
-11.6629934310913,0
-14.3778209686279,0
-17.3549137115479,0
-18.8399047851562,0
-17.5509490966797,0
-13.7597255706787,0
-8.46838665008545,0
-2.6103503704071,0
2.86287355422974,0
7.16044330596924,0
10.373010635376,0
13.4028100967407,0
16.8443584442139,0
20.347843170166,0
23.1354656219482,0
24.5618095397949,0
24.189525604248,0
22.1733837127686,0
19.7817459106445,0
18.6810169219971,0
19.3491630554199,0
20.8759632110596,0
22.3456935882568,0
23.2363109588623,0
22.309778213501,0
17.9922428131104,0
10.9992733001709,0
4.9564151763916,0
2.65069699287415,0
2.74739384651184,0
2.05487728118896,0
0.0305819381028414,0
-1.24141645431519,0
-0.886111974716187,0
-0.334531307220459,0
-0.576635837554932,0
-1.08154737949371,0
-2.07379245758057,0
-5.19900608062744,0
-10.6396436691284,0
-15.7871904373169,0
-18.3674850463867,0
-19.2249221801758,0
-20.6852970123291,0
-23.9320850372314,0
-29.4067859649658,0
-37.7216033935547,0
-48.0452575683594,0
-57.2683906555176,0
-63.2692947387695,0
-67.8583602905273,0
-74.0106048583984,0
-81.195426940918,0
-86.2602081298828,0
-88.3559112548828,0
-89.8660125732422,0
-92.2286605834961,0
-93.7888488769531,0
-92.8011474609375,0
-90.3085861206055,0
-88.7527236938477,0
-89.1656951904297,0
-90.6890258789062,0
-91.78369140625,0
-91.3490676879883,0
-89.6178817749023,0
-88.0744018554688,0
-87.3598785400391,0
-85.5887756347656,0
-80.5446701049805,0
-73.3446350097656,0
-67.5528717041016,0
-64.3877563476562,0
-61.4689292907715,0
-57.096508026123,0
-52.8576393127441,0
-50.4209213256836,0
-48.5440292358398,0
-45.5956001281738,0
-42.6191024780273,0
-40.8406257629395,0
-37.9434547424316,0
-30.5993747711182,0
-20.1392974853516,0
-11.9500865936279,0
-8.65965747833252,0
-7.10835218429565,0
-3.26394557952881,0
2.64850187301636,0
7.77675533294678,0
11.2099189758301,0
14.3464488983154,0
17.687479019165,0
19.9040966033936,0
20.3472480773926,0
20.4644775390625,0
21.7540054321289,0
23.5266304016113,0
23.8898983001709,0
22.3647747039795,0
20.2494220733643,0
18.3867778778076,0
15.8016624450684,0
11.2138833999634,0
5.16983604431152,0
-0.168160408735275,0
-3.04090690612793,0
-3.27125453948975,0
-1.88857638835907,0
-0.485229671001434,0
-0.593742489814758,0
-2.43437957763672,0
-4.14485883712769,0
-3.45582175254822,0
-0.55845046043396,0
1.77231442928314,0
1.5163414478302,0
-0.12695786356926,0
-0.436648011207581,0
1.49312114715576,0
4.1431713104248,0
5.75694513320923,0
6.0004620552063,0
5.55587768554688,0
5.02671194076538,0
4.46219825744629,0
3.46020817756653,0
1.6375424861908,0
-0.749118089675903,0
-2.84034943580627,0
-4.1817102432251,0
-5.45274925231934,0
-7.80310487747192,0
-11.7392454147339,0
-17.0395202636719,0
-23.2659168243408,0
-29.6426010131836,0
-34.8414993286133,0
-37.9829444885254,0
-39.9745941162109,0
-42.9392509460449,0
-47.900821685791,0
-53.6001014709473,0
-57.8954429626465,0
-59.7690124511719,0
-59.6148071289062,0
-58.1790657043457,0
-55.8727493286133,0
-52.8665390014648,0
-49.3095092773438,0
-45.530445098877,0
-42.2885398864746,0
-40.4406890869141,0
-39.8157234191895,0
-38.74169921875,0
-35.4934577941895,0
-30.2066020965576,0
-24.632791519165,0
-19.9658145904541,0
-15.7748470306396,0
-11.2759304046631,0
-6.53227233886719,0
-1.66431903839111,0
4.12435436248779,0
11.4506483078003,0
19.1136322021484,0
24.8727493286133,0
27.838493347168,0
28.9078464508057,0
28.7248058319092,0
26.5224723815918,0
21.5264949798584,0
14.4208574295044,0
6.67755651473999,0
-0.723310053348541,0
-7.13317155838013,0
-11.6209869384766,0
-13.6093635559082,0
-13.7780494689941,0
-13.4628257751465,0
-13.3948755264282,0
-13.6800670623779,0
-14.4895219802856,0
-15.7474498748779,0
-16.4552040100098,0
-15.5312747955322,0
-13.377121925354,0
-11.56130027771,0
-10.8407506942749,0
-10.6008672714233,0
-10.4814414978027,0
-11.2112464904785,0
-13.0868053436279,0
-14.8648557662964,0
-15.4423542022705,0
-15.7862520217896,0
-17.5403423309326,0
-20.0735950469971,0
-20.9457569122314,0
-19.7945766448975,0
-19.6729545593262,0
-22.9262714385986,0
-27.2006702423096,0
-27.9553699493408,0
-24.565544128418,0
-21.3326988220215,0
-21.7995548248291,0
-24.5072822570801,0
-25.9156608581543,0
-25.39990234375,0
-24.8146209716797,0
-24.3077049255371,0
-21.7016277313232,0
-16.2018642425537,0
-9.98832035064697,0
-5.17321634292603,0
-1.28557193279266,0
3.10019540786743,0
8.18778228759766,0
13.9704523086548,0
21.7985229492188,0
32.8639793395996,0
45.9098701477051,0
58.3886260986328,0
69.6076126098633,0
81.0110015869141,0
93.3446960449219,0
105.130783081055,0
114.349800109863,0
120.431335449219,0
124.038269042969,0
125.783485412598,0
125.896263122559,0
124.827621459961,0
123.641342163086,0
123.625503540039,0
125.358421325684,0
128.04411315918,0
130.012664794922,0
130.069747924805,0
128.134765625,0
124.613677978516,0
119.85587310791,0
114.426338195801,0
108.936378479004,0
103.003784179688,0
95.3575210571289,0
85.8662719726562,0
76.5142288208008,0
69.1874847412109,0
63.4056243896484,0
57.7685966491699,0
52.7461738586426,0
49.7986106872559,0
48.0527801513672,0
44.5754127502441,0
38.6411666870117,0
33.1828384399414,0
30.5507202148438,0
28.9927597045898,0
25.3267059326172,0
19.2935085296631,0
12.6795082092285,0
5.43092918395996,0
-4.02958583831787,0
-14.7774353027344,0
-23.0934047698975,0
-27.2066669464111,0
-29.4922313690186,0
-32.4045524597168,0
-34.7979850769043,0
-34.5329627990723,0
-32.6311187744141,0
-31.8375911712646,0
-32.204158782959,0
-31.3453884124756,0
-28.8403377532959,0
-27.1689929962158,0
-27.6896381378174,0
-28.6399059295654,0
-28.4154033660889,0
-28.2686786651611,0
-29.8566455841064,0
-32.0957221984863,0
-32.7833518981934,0
-32.0785942077637,0
-31.890417098999,0
-32.3925247192383,0
-31.6527652740479,0
-28.9373092651367,0
-26.2627410888672,0
-25.9014759063721,0
-27.8087196350098,0
-30.2799911499023,0
-31.9406871795654,0
-32.1915321350098,0
-30.6413497924805,0
-27.2442359924316,0
-22.7184219360352,0
-18.0794219970703,0
-13.8065214157104,0
-9.69880199432373,0
-5.16769075393677,0
0.540487885475159,0
7.75314903259277,0
15.5196571350098,0
21.9786682128906,0
26.2121086120605,0
29.1404991149902,0
31.8046169281006,0
33.4281044006348,0
32.4089279174805,0
28.9091014862061,0
25.0186042785645,0
22.2183265686035,0
20.041187286377,0
17.5620155334473,0
14.6973686218262,0
11.2772331237793,0
6.37397050857544,0
-0.0302047319710255,0
-5.79039859771729,0
-8.76178169250488,0
-9.72134304046631,0
-11.4278745651245,0
-14.9635171890259,0
-18.8132572174072,0
-21.800537109375,0
-25.0141143798828,0
-29.7556400299072,0
-34.8524780273438,0
-37.4224891662598,0
-35.9713287353516,0
-31.8629283905029,0
-27.8880214691162,0
-25.8999481201172,0
-25.6641159057617,0
-25.6527423858643,0
-25.025785446167,0
-24.6615028381348,0
-25.661657333374,0
-27.1415939331055,0
-26.9362049102783,0
-25.0165176391602,0
-24.6591777801514,0
-28.7718944549561,0
-35.9651412963867,0
-42.0773239135742,0
-45.3382720947266,0
-48.0587921142578,0
-52.6717529296875,0
-57.9085540771484,0
-60.4125900268555,0
-59.331672668457,0
-57.5604362487793,0
-58.1046295166016,0
-60.391471862793,0
-61.1189231872559,0
-58.4057159423828,0
-54.0423889160156,0
-51.1501541137695,0
-50.3700065612793,0
-49.6022834777832,0
-47.5554504394531,0
-45.9726219177246,0
-47.1397438049316,0
-50.2854194641113,0
-52.488353729248,0
-53.0398254394531,0
-54.6454467773438,0
-59.3648300170898,0
-65.2722778320312,0
-68.8712844848633,0
-69.6200942993164,0
-69.9852600097656,0
-71.4607849121094,0
-72.6544723510742,0
-71.6167144775391,0
-68.3045196533203,0
-64.0049209594727,0
-59.6091842651367,0
-55.34912109375,0
-51.3749122619629,0
-47.6833686828613,0
-43.8468742370605,0
-39.3372535705566,0
-33.8647727966309,0
-27.3403816223145,0
-20.1466598510742,0
-13.52809715271,0
-8.76062965393066,0
-5.517991065979,0
-1.94869565963745,0
3.04136657714844,0
8.36437034606934,0
12.2456769943237,0
14.3513145446777,0
15.543683052063,0
16.1342811584473,0
15.5343723297119,0
13.5559921264648,0
11.0514736175537,0
8.88239192962646,0
6.75049495697021,0
3.51584696769714,0
-1.29450392723083,0
-6.52499866485596,0
-10.2952213287354,0
-11.9796657562256,0
-12.7817249298096,0
-13.9332160949707,0
-15.0471820831299,0
-15.1978673934937,0
-14.8806219100952,0
-15.1828184127808,0
-15.2517251968384,0
-12.8657989501953,0
-8.25436878204346,0
-5.20550107955933,0
-6.88806438446045,0
-12.1761884689331,0
-17.8038520812988,0
-22.7336730957031,0
-28.226655960083,0
-34.4725494384766,0
-39.5531578063965,0
-41.6547698974609,0
-40.4265518188477,0
-36.2724151611328,0
-30.1668701171875,0
-24.1278972625732,0
-19.8979091644287,0
-16.8970203399658,0
-13.2293872833252,0
-8.80032444000244,0
-5.36616897583008,0
-3.21705365180969,0
-0.287067145109177,0
4.44541215896606,0
8.96643733978271,0
11.0887470245361,0
11.3246383666992,0
11.2198057174683,0
10.7055044174194,0
9.29811382293701,0
8.44724750518799,0
10.0304698944092,0
13.1869859695435,0
15.1758451461792,0
15.1841897964478,0
14.964427947998,0
15.7045888900757,0
16.7086715698242,0
17.6546993255615,0
19.7349071502686,0
23.4187297821045,0
27.152530670166,0
29.9680271148682,0
33.8773536682129,0
41.5332336425781,0
52.0989265441895,0
61.5740585327148,0
67.5575103759766,0
72.0597152709961,0
78.6965179443359,0
88.0975112915039,0
97.2804565429688,0
103.223899841309,0
105.750640869141,0
106.430183410645,0
105.669960021973,0
102.114875793457,0
94.8406448364258,0
85.0687026977539,0
75.2284240722656,0
66.8833923339844,0
59.9715881347656,0
53.5858955383301,0
47.0082778930664,0
40.2258911132812,0
33.7074928283691,0
27.4244041442871,0
20.1563472747803,0
10.5943832397461,0
-0.495819509029388,0
-10.0882015228271,0
-15.6848182678223,0
-17.8419151306152,0
-19.2850551605225,0
-22.0396919250488,0
-26.2039031982422,0
-31.0554428100586,0
-36.2630729675293,0
-41.9022216796875,0
-47.9834365844727,0
-54.2590217590332,0
-60.4207801818848,0
-66.6631317138672,0
-73.9407272338867,0
-82.8186492919922,0
-91.6733322143555,0
-97.0188140869141,0
-96.6197662353516,0
-91.8872528076172,0
-86.5015716552734,0
-83.1435089111328,0
-82.1549911499023,0
-82.5291519165039,0
-83.0300064086914,0
-82.7790679931641,0
-81.9193267822266,0
-81.5674743652344,0
-82.2350006103516,0
-82.5793075561523,0
-80.6643371582031,0
-76.2661590576172,0
-71.082763671875,0
-66.8966674804688,0
-64.3322067260742,0
-63.0637512207031,0
-62.2567710876465,0
-60.9505577087402,0
-58.8127098083496,0
-56.3340148925781,0
-53.7384033203125,0
-50.3967590332031,0
-46.2128410339355,0
-42.6885147094727,0
-41.1389617919922,0
-40.473575592041,0
-38.5794525146484,0
-35.7427978515625,0
-34.7154731750488,0
-36.9343223571777,0
-40.4139595031738,0
-42.3024139404297,0
-42.2655410766602,0
-42.2151641845703,0
-43.3602485656738,0
-44.5708656311035,0
-43.5698471069336,0
-39.176441192627,0
-32.2559814453125,0
-24.5391387939453,0
-16.6019420623779,0
-7.36284875869751,0
4.29607772827148,0
18.0360431671143,0
32.5801200866699,0
46.8625221252441,0
59.7827224731445,0
69.5948333740234,0
74.8928985595703,0
75.9442901611328,0
73.8687591552734,0
68.7625885009766,0
59.944465637207,0
47.902400970459,0
34.4873466491699,0
20.9765071868896,0
7.36384916305542,0
-6.07026672363281,0
-18.0158786773682,0
-27.8735332489014,0
-37.1463279724121,0
-47.9114112854004,0
-60.3035125732422,0
-72.4002914428711,0
-82.4805068969727,0
-90.7182693481445,0
-98.4589309692383,0
-106.13988494873,0
-112.377227783203,0
-115.494270324707,0
-115.793807983398,0
-115.493148803711,0
-116.080810546875,0
-116.687370300293,0
-115.813980102539,0
-113.633293151855,0
-111.245719909668,0
-108.439842224121,0
-104.018127441406,0
-98.1778106689453,0
-92.755729675293,0
-88.8716278076172,0
-85.9280014038086,0
-83.1671600341797,0
-80.3791122436523,0
-76.553466796875,0
-69.973747253418,0
-60.9779891967773,0
-52.8442726135254,0
-48.060188293457,0
-44.8328323364258,0
-39.2247505187988,0
-30.0173950195312,0
-19.4719200134277,0
-9.72692203521729,0
-0.741524755954742,0
7.91890525817871,0
15.4873313903809,0
21.279541015625,0
25.9913120269775,0
30.3325004577637,0
33.435188293457,0
34.2131004333496,0
33.7640419006348,0
34.6245155334473,0
37.3830680847168,0
39.6644325256348,0
39.5179634094238,0
38.6959991455078,0
40.839771270752,0
46.5629997253418,0
52.2813453674316,0
54.893669128418,0
56.0070686340332,0
59.541919708252,0
65.98291015625,0
71.715446472168,0
74.430908203125,0
76.3045883178711,0
80.1234283447266,0
84.6885757446289,0
86.814811706543,0
86.3558807373047,0
85.884635925293,0
85.9629516601562,0
84.4638290405273,0
81.172737121582,0
79.4011611938477,0
81.260612487793,0
84.2684478759766,0
84.9545135498047,0
83.4839096069336,0
82.0080642700195,0
80.3180541992188,0
76.4262542724609,0
70.6065979003906,0
65.5908432006836,0
62.6116676330566,0
59.8300437927246,0
55.0933952331543,0
48.1541175842285,0
39.7634658813477,0
30.5443878173828,0
21.4001636505127,0
13.4358243942261,0
6.78396463394165,0
0.642309963703156,0
-5.22406435012817,0
-10.1739988327026,0
-13.9931507110596,0
-17.2304801940918,0
-20.1068572998047,0
-22.3156681060791,0
-23.8869743347168,0
-24.8899402618408,0
-24.3670444488525,0
-21.1236438751221,0
-15.5092725753784,0
-8.65762138366699,0
-0.0573271401226521,0
11.7787256240845,0
25.6723442077637,0
37.2279014587402,0
43.2815170288086,0
45.1685905456543,0
46.2048110961914,0
47.45947265625,0
47.5865478515625,0
45.6030082702637,0
42.0082931518555,0
37.6767692565918,0
33.0992088317871,0
28.527530670166,0
23.9269580841064,0
19.0897521972656,0
14.4777278900146,0
11.3554029464722,0
10.2297220230103,0
9.67823505401611,0
7.65542030334473,0
3.6613781452179,0
-1.10062122344971,0
-5.29023313522339,0
-8.2972993850708,0
-9.85141181945801,0
-9.78566837310791,0
-8.45175647735596,0
-6.88855648040771,0
-6.28623580932617,0
-7.21850109100342,0
-9.20121574401855,0
-10.9890174865723,0
-11.6629066467285,0
-11.5449552536011,0
-11.7564105987549,0
-12.9526424407959,0
-14.9865837097168,0
-17.6455364227295,0
-20.7973747253418,0
-23.6387996673584,0
-24.864725112915,0
-24.2522010803223,0
-23.3529033660889,0
-23.8622760772705,0
-25.7635059356689,0
-27.712438583374,0
-28.746467590332,0
-28.8378391265869,0
-28.1971740722656,0
-27.0949440002441,0
-26.3660125732422,0
-26.9943885803223,0
-28.5913238525391,0
-28.8889808654785,0
-25.6226482391357,0
-19.058708190918,0
-12.1832962036133,0
-8.03925514221191,0
-6.98747825622559,0
-6.77085161209106,0
-4.99518537521362,0
-1.06175255775452,0
4.15304803848267,0
9.58075714111328,0
14.4779300689697,0
18.4729042053223,0
21.9740695953369,0
26.1268463134766,0
31.4536876678467,0
36.7170524597168,0
39.9919929504395,0
40.7781791687012,0
40.2891693115234,0
39.9224815368652,0
40.4220809936523,0
42.1578102111816,0
44.7158813476562,0
46.2939910888672,0
45.3869895935059,0
43.4351043701172,0
43.6308097839355,0
46.1647644042969,0
47.1063194274902,0
43.923713684082,0
39.8972129821777,0
40.1834907531738,0
45.1011924743652,0
50.9557266235352,0
56.7388153076172,0
65.5421295166016,0
78.5099563598633,0
91.8527679443359,0
102.423965454102,0
112.827011108398,0
127.321655273438,0
144.553955078125,0
158.164260864258,0
164.037109375,0
163.648468017578,0
160.249588012695,0
154.96875,0
147.673477172852,0
139.173324584961,0
130.858947753906,0
123.258560180664,0
116.036605834961,0
108.744956970215,0
101.002708435059,0
92.5610733032227,0
83.490364074707,0
73.7617263793945,0
62.815258026123,0
50.4623069763184,0
37.9495506286621,0
26.7559108734131,0
16.2563896179199,0
4.03099632263184,0
-11.0852222442627,0
-27.4719638824463,0
-42.6215667724609,0
-55.3712997436523,0
-65.8983993530273,0
-74.926643371582,0
-83.6797561645508,0
-93.3062744140625,0
-103.209495544434,0
-110.774047851562,0
-113.930587768555,0
-113.727180480957,0
-113.607246398926,0
-116.24813079834,0
-121.386039733887,0
-126.381759643555,0
-128.672439575195,0
-128.045471191406,0
-126.649398803711,0
-126.454780578613,0
-126.935249328613,0
-125.910247802734,0
-122.373504638672,0
-117.503074645996,0
-113.071823120117,0
-110.040840148926,0
-108.625877380371,0
-108.338401794434,0
-107.753707885742,0
-105.572776794434,0
-102.199058532715,0
-99.0425643920898,0
-96.2213287353516,0
-92.5243377685547,0
-87.7604293823242,0
-83.1547622680664,0
-78.8839492797852,0
-73.3231735229492,0
-65.7039108276367,0
-57.5499687194824,0
-50.3618011474609,0
-43.8988304138184,0
-38.0533065795898,0
-34.1031532287598,0
-32.1204490661621,0
-29.3132209777832,0
-23.5905513763428,0
-17.0837535858154,0
-13.0856018066406,0
-10.7119464874268,0
-6.05673885345459,0
1.85478973388672,0
9.90531921386719,0
15.9781656265259,0
21.656946182251,0
28.6424369812012,0
35.5275344848633,0
40.0095062255859,0
42.0979270935059,0
43.1596794128418,0
43.4139709472656,0
42.3440170288086,0
40.5238418579102,0
39.3344116210938,0
39.5815849304199,0
41.54150390625,0
45.2580718994141,0
49.4542770385742,0
51.4023170471191,0
49.708683013916,0
46.4305229187012,0
44.6559104919434,0
44.7143325805664,0
44.7453575134277,0
44.4230575561523,0
45.6885070800781,0
49.6399421691895,0
54.9848251342773,0
60.3060035705566,0
65.9889755249023,0
72.8550796508789,0
80.2043838500977,0
86.1605606079102,0
88.9948654174805,0
87.6473846435547,0
82.3794555664062,0
75.6954650878906,0
71.0094680786133,0
69.0369186401367,0
66.8034439086914,0
61.8262786865234,0
56.0728454589844,0
53.5610313415527,0
54.6368408203125,0
55.2877807617188,0
52.582836151123,0
48.3366241455078,0
46.0329933166504,0
46.0470428466797,0
45.9978332519531,0
44.7550506591797,0
43.5704574584961,0
43.1474609375,0
41.8849296569824,0
38.0525169372559,0
32.105899810791,0
25.5433826446533,0
18.7387847900391,0
11.6115140914917,0
5.56827449798584,0
2.49509191513062,0
1.6564462184906,0
-0.348868757486343,0
-5.67554616928101,0
-12.7494411468506,0
-18.650598526001,0
-22.6764049530029,0
-26.3019905090332,0
-30.6074199676514,0
-35.2566680908203,0
-39.6285667419434,0
-43.7213249206543,0
-48.1136665344238,0
-53.8904914855957,0
-62.1349868774414,0
-72.4244232177734,0
-82.216194152832,0
-88.884880065918,0
-92.1403732299805,0
-93.4348831176758,0
-93.5481491088867,0
-92.2848358154297,0
-90.2128524780273,0
-88.6944122314453,0
-87.8017349243164,0
-85.981819152832,0
-82.4392700195312,0
-78.1150207519531,0
-73.391487121582,0
-66.7421569824219,0
-57.3623390197754,0
-47.6573486328125,0
-40.8090515136719,0
-36.523021697998,0
-31.5644626617432,0
-24.5086479187012,0
-17.6259269714355,0
-13.3953723907471,0
-11.2250967025757,0
-8.91535377502441,0
-5.89099645614624,0
-3.42323088645935,0
-2.45952987670898,0
-2.65868401527405,0
-3.18378591537476,0
-3.29393839836121,0
-2.36145615577698,0
-0.240677297115326,0
2.43195557594299,0
4.80938625335693,0
6.40203714370728,0
6.80967283248901,0
5.71388244628906,0
3.66855382919312,0
1.84687113761902,0
0.230792671442032,0
-2.63705158233643,0
-6.91119432449341,0
-9.96749305725098,0
-9.56897068023682,0
-7.23900842666626,0
-6.03838300704956,0
-5.91645288467407,0
-4.27576684951782,0
-0.774992346763611,0
2.00150537490845,0
3.30342698097229,0
6.00883769989014,0
11.8729619979858,0
18.0271511077881,0
20.7448081970215,0
20.4722175598145,0
20.3350086212158,0
21.3049812316895,0
21.9619750976562,0
22.1580543518066,0
23.6489009857178,0
26.9491386413574,0
30.3045310974121,0
32.4319152832031,0
34.0730400085449,0
36.0251235961914,0
37.6205520629883,0
38.3429985046387,0
39.3344383239746,0
41.6785545349121,0
44.0356407165527,0
43.6135063171387,0
39.4581108093262,0
33.7035751342773,0
29.3422374725342,0
27.4245338439941,0
26.7246913909912,0
25.6620292663574,0
23.9930210113525,0
22.5773944854736,0
21.9200401306152,0
21.3811264038086,0
19.7477645874023,0
16.1464595794678,0
10.4048519134521,0
3.1541314125061,0
-4.16999816894531,0
-10.0974397659302,0
-14.4266672134399,0
-18.3258953094482,0
-22.7742309570312,0
-27.5656185150146,0
-32.3033981323242,0
-37.3154296875,0
-42.5262718200684,0
-46.4051322937012,0
-47.6380195617676,0
-47.2423934936523,0
-47.1600456237793,0
-47.1056709289551,0
-45.0990180969238,0
-41.2692756652832,0
-38.423095703125,0
-37.7210693359375,0
-36.3495483398438,0
-31.5066356658936,0
-24.7466621398926,0
-19.8169631958008,0
-17.4656543731689,0
-15.311056137085,0
-12.4145402908325,0
-10.9990291595459,0
-13.1221923828125,0
-18.0870685577393,0
-24.0419330596924,0
-30.1058464050293,0
-35.7846565246582,0
-40.0724067687988,0
-42.6817359924316,0
-45.0375671386719,0
-48.6034240722656,0
-52.9846229553223,0
-56.9380683898926,0
-60.5042877197266,0
-64.6800842285156,0
-69.4278945922852,0
-73.6132278442383,0
-76.9719085693359,0
-80.6365661621094,0
-85.15283203125,0
-89.1636352539062,0
-91.0552597045898,0
-91.3043518066406,0
-92.1018524169922,0
-94.6604309082031,0
-97.7118530273438,0
-98.8688507080078,0
-96.7936248779297,0
-91.7290115356445,0
-84.762092590332,0
-77.5142364501953,0
-72.1128387451172,0
-70.0766525268555,0
-70.7259750366211,0
-71.5133438110352,0
-70.5166473388672,0
-68.1090927124023,0
-65.7894058227539,0
-64.081672668457,0
-62.3076667785645,0
-59.9393692016602,0
-57.3109130859375,0
-55.0719680786133,0
-53.4577445983887,0
-51.9770202636719,0
-49.5573883056641,0
-45.5013847351074,0
-40.777286529541,0
-37.6946029663086,0
-37.4121360778809,0
-38.1908760070801,0
-37.1159057617188,0
-33.3264274597168,0
-28.5466556549072,0
-24.6154499053955,0
-21.7306594848633,0
-19.2844409942627,0
-17.1154174804688,0
-15.2163438796997,0
-13.0610523223877,0
-10.0890502929688,0
-6.5272970199585,0
-3.19438219070435,0
-0.782108664512634,0
0.282713830471039,0
-0.310241103172302,0
-2.41494035720825,0
-5.06429719924927,0
-7.04645347595215,0
-8.14264392852783,0
-9.66334247589111,0
-13.4459581375122,0
-19.9848251342773,0
-27.5314540863037,0
-33.5384979248047,0
-37.3176116943359,0
-40.7554054260254,0
-45.9210166931152,0
-52.7054214477539,0
-59.7440338134766,0
-66.7596969604492,0
-74.1527862548828,0
-80.6198806762695,0
-83.7014999389648,0
-83.5383071899414,0
-83.8498840332031,0
-87.6171646118164,0
-93.4742736816406,0
-98.0842666625977,0
-100.459854125977,0
-101.765365600586,0
-102.340148925781,0
-101.900001525879,0
-102.017044067383,0
-105.088020324707,0
-110.469734191895,0
-114.582015991211,0
-115.747245788574,0
-116.335922241211,0
-118.903717041016,0
-122.609046936035,0
-125.131912231445,0
-126.176055908203,0
-127.131423950195,0
-128.717895507812,0
-130.921569824219,0
-134.195922851562,0
-138.763793945312,0
-143.344573974609,0
-146.254348754883,0
-147.313049316406,0
-147.255828857422,0
-145.916961669922,0
-142.711959838867,0
-138.542709350586,0
-135.292007446289,0
-133.09245300293,0
-129.576080322266,0
-122.477203369141,0
-112.091011047363,0
-100.679107666016,0
-90.1648178100586,0
-80.9008407592773,0
-72.1063995361328,0
-62.7662010192871,0
-52.1623802185059,0
-40.2039604187012,0
-27.7903919219971,0
-16.7403907775879,0
-8.68328666687012,0
-3.6321108341217,0
-0.0613731294870377,0
3.31648874282837,0
6.5345025062561,0
9.56343173980713,0
13.3290882110596,0
18.2416191101074,0
22.6485843658447,0
24.5700054168701,0
24.3517684936523,0
23.3594837188721,0
20.3889942169189,0
12.3942909240723,0
-0.447814911603928,0
-13.381890296936,0
-22.5384407043457,0
-29.342264175415,0
-37.2128067016602,0
-45.8916816711426,0
-52.0676574707031,0
-54.6932487487793,0
-56.5841026306152,0
-60.55029296875,0
-66.2840347290039,0
-71.5885848999023,0
-74.934944152832,0
-76.2928237915039,0
-76.7818908691406,0
-77.8513412475586,0
-79.7104034423828,0
-80.602897644043,0
-78.9290313720703,0
-75.8882064819336,0
-74.285026550293,0
-74.6810531616211,0
-74.8216857910156,0
-73.4249038696289,0
-72.2874374389648,0
-73.3293228149414,0
-75.474494934082,0
-76.3095779418945,0
-75.4404907226562,0
-74.1045608520508,0
-72.4435195922852,0
-69.6265869140625,0
-66.3885879516602,0
-64.8672485351562,0
-65.3728790283203,0
-65.5716400146484,0
-63.9845237731934,0
-62.4447708129883,0
-63.539379119873,0
-66.9630432128906,0
-70.1859893798828,0
-71.8424682617188,0
-72.5333786010742,0
-72.7588043212891,0
-72.1840133666992,0
-71.109977722168,0
-70.6820602416992,0
-70.9922256469727,0
-70.6598052978516,0
-69.1763305664062,0
-68.1643829345703,0
-69.1843872070312,0
-71.5368881225586,0
-73.415412902832,0
-74.0356674194336,0
-73.3111724853516,0
-70.7529754638672,0
-66.5601348876953,0
-62.7782173156738,0
-61.1035575866699,0
-60.0493583679199,0
-56.6586112976074,0
-50.8412017822266,0
-45.4594650268555,0
-41.9284439086914,0
-38.5673789978027,0
-34.1252098083496,0
-29.8861694335938,0
-26.3907451629639,0
-20.6985054016113,0
-9.811354637146,0
4.60755634307861,0
17.8971118927002,0
28.2518520355225,0
38.2107276916504,0
50.2255935668945,0
63.205249786377,0
74.2284698486328,0
81.8506927490234,0
86.5442428588867,0
88.7866668701172,0
87.7257461547852,0
81.7340621948242,0
70.2931213378906,0
55.4229965209961,0
40.5165481567383,0
27.1481075286865,0
14.0365791320801,0
0.167680114507675,0
-12.5693254470825,0
-22.0353469848633,0
-30.053201675415,0
-40.8041191101074,0
-54.8470764160156,0
-67.8975601196289,0
-76.6712112426758,0
-83.0790557861328,0
-90.7607727050781,0
-99.8344268798828,0
-107.594139099121,0
-112.885063171387,0
-117.096397399902,0
-121.465240478516,0
-125.757064819336,0
-129.468933105469,0
-132.429946899414,0
-134.209518432617,0
-134.499694824219,0
-134.042465209961,0
-133.775512695312,0
-133.219436645508,0
-131.188369750977,0
-127.987533569336,0
-125.302764892578,0
-123.74853515625,0
-122.04029083252,0
-119.013824462891,0
-115.226737976074,0
-112.084533691406,0
-110.313369750977,0
-109.573287963867,0
-108.707328796387,0
-106.298225402832,0
-102.04052734375,0
-97.7102584838867,0
-95.6411514282227,0
-95.9498977661133,0
-96.3128814697266,0
-94.7442321777344,0
-91.5128402709961,0
-88.1000671386719,0
-85.5843276977539,0
-84.5191802978516,0
-85.008186340332,0
-86.0805358886719,0
-86.1763076782227,0
-85.1108169555664,0
-84.3541030883789,0
-84.3791656494141,0
-83.1591949462891,0
-78.9085998535156,0
-73.1764678955078,0
-69.0890197753906,0
-67.0601196289062,0
-64.5704193115234,0
-60.2268562316895,0
-55.5705757141113,0
-52.0754127502441,0
-48.6458778381348,0
-43.6188468933105,0
-37.5279579162598,0
-32.0018920898438,0
-27.0914554595947,0
-21.7404689788818,0
-16.2367477416992,0
-12.0574932098389,0
-9.3878002166748,0
-6.73512649536133,0
-3.23190355300903,0
0.391478329896927,0
3.42103385925293,0
5.92472505569458,0
7.19801044464111,0
5.1517596244812,0
-1.46304738521576,0
-11.1874217987061,0
-21.284948348999,0
-30.3462181091309,0
-38.6629753112793,0
-46.8495178222656,0
-55.1511459350586,0
-63.5897521972656,0
-71.7531204223633,0
-78.6486129760742,0
-83.5310821533203,0
-86.7107238769531,0
-88.9665451049805,0
-90.4009323120117,0
-90.4562454223633,0
-88.9329223632812,0
-86.5357818603516,0
-84.4447479248047,0
-83.4716796875,0
-83.3535995483398,0
-82.7986831665039,0
-80.772346496582,0
-78.0286331176758,0
-76.8620834350586,0
-78.9319000244141,0
-83.6119155883789,0
-88.6357498168945,0
-91.9272766113281,0
-92.7644271850586,0
-91.9780654907227,0
-91.4552993774414,0
-92.7601699829102,0
-95.6352310180664,0
-98.2595291137695,0
-99.3094863891602,0
-99.1519927978516,0
-98.6868286132812,0
-98.0110931396484,0
-97.0597152709961,0
-96.6329116821289,0
-97.4342422485352,0
-98.5452117919922,0
-98.3463973999023,0
-96.9082489013672,0
-95.9679336547852,0
-96.2784576416016,0
-96.6055145263672,0
-96.1077575683594,0
-96.0331497192383,0
-97.4694671630859,0
-98.6099472045898,0
-96.5542449951172,0
-91.6530914306641,0
-87.6796417236328,0
-86.8702163696289,0
-86.8412704467773,0
-84.083854675293,0
-79.1604843139648,0
-76.1447219848633,0
-77.0677642822266,0
-79.0822982788086,0
-78.0787124633789,0
-73.8043823242188,0
-69.9894561767578,0
-69.7030563354492,0
-71.8957138061523,0
-73.1504974365234,0
-72.1183166503906,0
-70.942008972168,0
-71.9689559936523,0
-74.3353652954102,0
-75.2295989990234,0
-73.9795532226562,0
-72.8551330566406,0
-73.3458938598633,0
-73.6930694580078,0
-71.6096878051758,0
-67.9711532592773,0
-65.6617889404297,0
-65.3133010864258,0
-64.3615570068359,0
-60.5665817260742,0
-54.6841850280762,0
-49.0030479431152,0
-44.5941390991211,0
-40.8921661376953,0
-37.1772384643555,0
-33.6687698364258,0
-31.4999732971191,0
-31.8985958099365,0
-34.8771553039551,0
-38.546272277832,0
-40.3893699645996,0
-39.5136070251465,0
-37.0799980163574,0
-34.406551361084,0
-31.5461368560791,0
-28.1557235717773,0
-24.8169040679932,0
-22.5646686553955,0
-21.4982433319092,0
-20.6567611694336,0
-19.1598415374756,0
-16.9552955627441,0
-14.6306037902832,0
-13.0210676193237,0
-12.8499631881714,0
-14.1572189331055,0
-16.0745716094971,0
-17.6891822814941,0
-19.1800708770752,0
-21.5374240875244,0
-24.9912776947021,0
-28.3846530914307,0
-30.6238765716553,0
-32.2360954284668,0
-34.673152923584,0
-38.3115577697754,0
-42.1843605041504,0
-45.7865600585938,0
-49.812629699707,0
-54.3106307983398,0
-57.3434753417969,0
-57.0628929138184,0
-54.5536651611328,0
-52.8143081665039,0
-52.9201316833496,0
-53.052791595459,0
-51.7183380126953,0
-49.8293151855469,0
-48.4075317382812,0
-46.1030578613281,0
-40.9773902893066,0
-33.6614761352539,0
-26.6335163116455,0
-20.8934211730957,0
-15.4252243041992,0
-9.79030132293701,0
-5.11357021331787,0
-2.07352042198181,0
0.292674541473389,0
3.06911277770996,0
6.07345771789551,0
8.55287647247314,0
10.0635433197021,0
10.2254190444946,0
8.90474987030029,0
7.11671876907349,0
6.33596658706665,0
6.30343389511108,0
5.03441286087036,0
1.83041286468506,0
-1.30411195755005,0
-2.36374521255493,0
-1.85833048820496,0
-1.14948952198029,0
0.145741015672684,0
2.96264386177063,0
6.06966638565063,0
7.09127616882324,0
6.05241775512695,0
5.54885387420654,0
6.99300575256348,0
8.63858890533447,0
7.99519920349121,0
4.6163763999939,0
-0.219645693898201,0
-5.12040424346924,0
-8.90652370452881,0
-10.5287017822266,0
-9.86845016479492,0
-8.04675006866455,0
-6.04734086990356,0
-3.40999865531921,0
1.10824084281921,0
7.94270944595337,0
16.1681156158447,0
24.0089778900146,0
29.5490379333496,0
31.5882892608643,0
30.3440380096436,0
26.9429702758789,0
22.058084487915,0
15.6913566589355,0
8.3592643737793,0
1.35779595375061,0
-4.64265298843384,0
-10.145884513855,0
-15.2713012695312,0
-18.7532062530518,0
-19.3755760192871,0
-17.3221988677979,0
-13.1385765075684,0
-6.65472269058228,0
1.70010602474213,0
9.92596626281738,0
16.8434562683105,0
24.3979244232178,0
35.0134506225586,0
47.1388473510742,0
56.3575553894043,0
61.2831420898438,0
65.5535278320312,0
73.0146179199219,0
83.470817565918,0
94.5534591674805,0
105.321281433105,0
115.956336975098,0
125.820510864258,0
134.284362792969,0
142.320678710938,0
150.954803466797,0
159.035461425781,0
164.937255859375,0
169.799377441406,0
176.354949951172,0
184.609466552734,0
191.454467773438,0
195.167602539062,0
197.674240112305,0
201.095474243164,0
204.342758178711,0
205.02864074707,0
203.081039428711,0
200.109786987305,0
196.032211303711,0
188.883316040039,0
178.212738037109,0
166.580261230469,0
156.739959716797,0
148.658905029297,0
140.353118896484,0
130.749618530273,0
120.509757995605,0
110.455513000488,0
100.487838745117,0
90.3470230102539,0
80.6091079711914,0
72.3449020385742,0
65.9803924560547,0
60.7706642150879,0
55.4058265686035,0
49.2323837280273,0
43.0495796203613,0
38.4613189697266,0
36.004077911377,0
34.1424255371094,0
30.8893585205078,0
26.4401817321777,0
23.1175918579102,0
22.0558967590332,0
20.8564071655273,0
15.7932052612305,0
6.18428087234497,0
-4.54533720016479,0
-12.358118057251,0
-16.2705078125,0
-18.2412357330322,0
-20.4134311676025,0
-23.3825359344482,0
-26.7501049041748,0
-30.2438983917236,0
-33.8740463256836,0
-37.5107727050781,0
-40.8471984863281,0
-43.7327156066895,0
-46.2219886779785,0
-48.1933670043945,0
-49.0705909729004,0
-48.0939483642578,0
-44.9962196350098,0
-40.5378646850586,0
-36.3254508972168,0
-33.7108535766602,0
-32.522590637207,0
-31.1647472381592,0
-28.54931640625,0
-25.752857208252,0
-24.857364654541,0
-26.0182685852051,0
-26.8359565734863,0
-25.284740447998,0
-22.118257522583,0
-19.2092533111572,0
-16.4970359802246,0
-12.3430376052856,0
-6.49580478668213,0
-0.68123072385788,0
4.05036449432373,0
8.77147579193115,0
14.823561668396,0
22.0922241210938,0
30.0491542816162,0
39.1896820068359,0
50.3051528930664,0
63.2205238342285,0
77.148796081543,0
91.3908996582031,0
104.918327331543,0
116.556098937988,0
126.908317565918,0
139.005783081055,0
155.205291748047,0
173.81623840332,0
190.445709228516,0
202.623168945312,0
211.603042602539,0
219.505874633789,0
226.294540405273,0
230.27229309082,0
230.358306884766,0
226.830688476562,0
220.494979858398,0
212.300765991211,0
203.721374511719,0
196.380813598633,0
190.564056396484,0
184.507736206055,0
176.043975830078,0
165.117965698242,0
154.02180480957,0
144.858551025391,0
137.576675415039,0
131.148208618164,0
125.773704528809,0
122.533241271973,0
121.146354675293,0
119.632339477539,0
116.539627075195,0
112.33430480957,0
108.196304321289,0
104.579696655273,0
101.465957641602,0
98.9166870117188,0
96.7044143676758,0
94.4358062744141,0
92.778923034668,0
93.432991027832,0
96.7888870239258,0
100.580490112305,0
102.245620727539,0
102.013290405273,0
102.16234588623,0
103.576171875,0
104.738998413086,0
104.321380615234,0
103.089149475098,0
102.488151550293,0
102.648384094238,0
102.911064147949,0
103.442939758301,0
104.999252319336,0
107.557434082031,0
110.617286682129,0
114.70930480957,0
120.88387298584,0
128.143356323242,0
133.087600708008,0
133.583480834961,0
131.792785644531,0
131.801467895508,0
134.695510864258,0
137.937744140625,0
139.737030029297,0
141.903182983398,0
147.284896850586,0
155.846649169922,0
164.660202026367,0
170.948776245117,0
173.941177368164,0
174.326202392578,0
173.029266357422,0
170.252960205078,0
165.010986328125,0
156.124664306641,0
144.339019775391,0
132.677459716797,0
123.81128692627,0
117.807014465332,0
113.338684082031,0
110.094413757324,0
108.661003112793,0
108.935676574707,0
110.315139770508,0
112.892013549805,0
116.818000793457,0
121.037353515625,0
124.581398010254,0
128.820327758789,0
136.268615722656,0
146.949905395508,0
157.921142578125,0
166.773010253906,0
173.704925537109,0
179.739959716797,0
185.110290527344,0
190.386047363281,0
197.038452148438,0
205.181198120117,0
212.244186401367,0
215.758148193359,0
216.565872192383,0
217.534713745117,0
219.653854370117,0
221.13249206543,0
220.207794189453,0
217.19255065918,0
213.324478149414,0
208.820281982422,0
202.959548950195,0
195.692001342773,0
188.322387695312,0
182.145706176758,0
176.541610717773,0
169.153762817383,0
158.592819213867,0
146.464477539062,0
135.606781005859,0
126.445877075195,0
116.533638000488,0
104.086906433105,0
90.4494247436523,0
78.071533203125,0
67.4640808105469,0
57.7945442199707,0
49.6246719360352,0
44.9140357971191,0
44.064037322998,0
44.5490379333496,0
43.1382446289062,0
38.6057281494141,0
32.0387382507324,0
25.6077632904053,0
21.4037399291992,0
20.1626071929932,0
20.2804107666016,0
19.1597919464111,0
16.5185813903809,0
15.3058500289917,0
18.0568046569824,0
23.3934860229492,0
27.9718933105469,0
31.1269664764404,0
35.1302680969238,0
40.9352073669434,0
46.5727691650391,0
50.7782783508301,0
55.5088119506836,0
62.9154930114746,0
71.8470230102539,0
79.6862106323242,0
86.1296844482422,0
92.5308303833008,0
98.561279296875,0
102.444458007812,0
104.115798950195,0
105.319664001465,0
106.531265258789,0
106.483497619629,0
105.005737304688,0
103.586517333984,0
102.586700439453,0
100.748321533203,0
98.3745956420898,0
97.9656524658203,0
100.076118469238,0
101.377944946289,0
99.1563568115234,0
95.4486618041992,0
94.0304489135742,0
95.0517578125,0
95.6591720581055,0
94.786262512207,0
94.0605163574219,0
94.1891403198242,0
93.5417251586914,0
91.0931701660156,0
88.6203308105469,0
88.9541931152344,0
93.1691284179688,0
99.8803558349609,0
106.39493560791,0
110.719429016113,0
113.648292541504,0
118.584297180176,0
127.844314575195,0
139.543914794922,0
150.100280761719,0
159.712951660156,0
172.951217651367,0
193.279296875,0
219.299499511719,0
247.441543579102,0
275.829864501953,0
303.343902587891,0
326.885864257812,0
343.082824707031,0
352.837982177734,0
361.471923828125,0
373.011016845703,0
385.4384765625,0
392.376281738281,0
388.717987060547,0
374.360107421875,0
353.744049072266,0
332.770965576172,0
315.233337402344,0
300.634124755859,0
285.129669189453,0
265.236968994141,0
240.830703735352,0
214.376174926758,0
187.809753417969,0
161.129287719727,0
133.864517211914,0
106.580787658691,0
80.2676467895508,0
55.1349945068359,0
30.9055843353271,0
7.73198223114014,0
-14.163462638855,0
-35.4064064025879,0
-56.8591766357422,0
-78.0420150756836,0
-97.2892074584961,0
-113.875610351562,0
-129.024932861328,0
-144.158355712891,0
-158.925354003906,0
-171.895065307617,0
-182.797988891602,0
-193.078125,0
-204.129409790039,0
-215.623626708984,0
-225.722808837891,0
-232.548721313477,0
-235.509170532227,0
-235.762512207031,0
-235.500671386719,0
-236.244689941406,0
-237.595916748047,0
-238.00634765625,0
-236.803268432617,0
-234.779571533203,0
-232.526062011719,0
-229.139602661133,0
-223.591613769531,0
-216.890731811523,0
-211.560836791992,0
-208.83039855957,0
-207.513916015625,0
-206.048065185547,0
-204.334579467773,0
-202.679702758789,0
-200.137802124023,0
-195.501190185547,0
-189.36555480957,0
-183.47705078125,0
-178.126525878906,0
-172.014999389648,0
-165.066818237305,0
-159.429046630859,0
-156.521133422852,0
-154.597793579102,0
-150.8583984375,0
-145.037994384766,0
-139.116897583008,0
-133.993209838867,0
-128.61442565918,0
-122.841926574707,0
-119.177955627441,0
-120.087471008301,0
-124.385223388672,0
-127.842582702637,0
-127.468856811523,0
-124.048461914062,0
-120.05199432373,0
-116.221885681152,0
-111.505012512207,0
-105.878105163574,0
-101.339752197266,0
-99.2081069946289,0
-97.7693939208984,0
-94.1749420166016,0
-88.0531005859375,0
-81.4838027954102,0
-75.567741394043,0
-69.1596298217773,0
-61.7286987304688,0
-55.4552993774414,0
-52.780143737793,0
-52.9979858398438,0
-53.178394317627,0
-52.0422973632812,0
-51.1031913757324,0
-51.8360481262207,0
-53.3656044006348,0
-53.6775970458984,0
-52.0384635925293,0
-49.3615074157715,0
-46.8067436218262,0
-44.8393325805664,0
-43.3773002624512,0
-42.1128273010254,0
-40.6037292480469,0
-38.4963798522949,0
-35.9124412536621,0
-33.5921745300293,0
-32.5908088684082,0
-33.6235084533691,0
-36.3423156738281,0
-39.19580078125,0
-40.4399795532227,0
-39.6280136108398,0
-37.8567314147949,0
-36.2394409179688,0
-34.4595680236816,0
-31.2944030761719,0
-26.1983585357666,0
-19.5914325714111,0
-11.8722305297852,0
-3.45112204551697,0
3.9710738658905,0
7.79586982727051,0
7.54448938369751,0
6.48267984390259,0
8.40565013885498,0
12.953893661499,0
15.7677755355835,0
13.5478038787842,0
7.55910110473633,0
1.77286756038666,0
-1.03094625473022,0
-0.717865884304047,0
1.19858598709106,0
2.96808934211731,0
3.90064644813538,0
5.00333070755005,0
7.48021650314331,0
10.2447538375854,0
10.486611366272,0
7.61045742034912,0
4.81942749023438,0
5.16913270950317,0
7.65673685073853,0
9.41956329345703,0
10.4525814056396,0
13.1328773498535,0
17.5279712677002,0
20.5522212982178,0
20.5132865905762,0
19.5291404724121,0
19.9909610748291,0
21.1537456512451,0
21.2705955505371,0
21.1129970550537,0
22.743034362793,0
25.8591690063477,0
28.0867977142334,0
28.6582641601562,0
29.244010925293,0
30.7009906768799,0
31.3176803588867,0
29.416919708252,0
25.9374160766602,0
22.8981742858887,0
20.4956474304199,0
17.5332469940186,0
14.1417112350464,0
12.0315561294556,0
11.7312202453613,0
11.3266630172729,0
8.92869663238525,0
5.16322469711304,0
1.86450850963593,0
-0.928617835044861,0
-4.9283561706543,0
-10.6084747314453,0
-16.1318092346191,0
-20.1004085540771,0
-23.8239707946777,0
-29.2352714538574,0
-35.3845596313477,0
-39.0802230834961,0
-39.2101783752441,0
-38.5705451965332,0
-40.4998474121094,0
-45.1300239562988,0
-50.2832412719727,0
-54.9283790588379,0
-59.7535667419434,0
-64.6046752929688,0
-67.6283187866211,0
-67.8987274169922,0
-67.2987670898438,0
-68.2761001586914,0
-70.5272979736328,0
-71.488166809082,0
-69.839225769043,0
-66.8873672485352,0
-64.2011108398438,0
-61.5066413879395,0
-57.945930480957,0
-54.2655067443848,0
-52.2530670166016,0
-52.4122581481934,0
-53.6710777282715,0
-55.4503135681152,0
-58.5553741455078,0
-63.4293975830078,0
-68.7985534667969,0
-73.1774139404297,0
-76.9457168579102,0
-81.5720672607422,0
-87.0467910766602,0
-91.5486221313477,0
-93.9966049194336,0
-95.6789245605469,0
-98.5315322875977,0
-102.607963562012,0
-106.234970092773,0
-108.228965759277,0
-108.913299560547,0
-109.074783325195,0
-109.011589050293,0
-108.875793457031,0
-108.981430053711,0
-109.192138671875,0
-108.764266967773,0
-107.560241699219,0
-106.784286499023,0
-107.462760925293,0
-108.578056335449,0
-108.075569152832,0
-105.808181762695,0
-103.968643188477,0
-103.942100524902,0
-104.201606750488,0
-102.615776062012,0
-99.6571273803711,0
-97.4333953857422,0
-96.1890182495117,0
-94.1748504638672,0
-91.2518920898438,0
-90.0860595703125,0
-92.3066558837891,0
-95.2679290771484,0
-94.6426544189453,0
-89.3917388916016,0
-82.323371887207,0
-76.2226943969727,0
-71.3503799438477,0
-66.7603454589844,0
-62.1633224487305,0
-57.7997856140137,0
-53.8685264587402,0
-50.9978103637695,0
-50.338508605957,0
-52.1992645263672,0
-55.0867958068848,0
-56.9962730407715,0
-57.553279876709,0
-58.2778816223145,0
-60.6707534790039,0
-64.4235763549805,0
-67.7731399536133,0
-69.6066741943359,0
-70.9009399414062,0
-73.5600509643555,0
-77.8208312988281,0
-81.699462890625,0
-83.6399917602539,0
-84.8718719482422,0
-87.9266052246094,0
-93.2598190307617,0
-98.9077224731445,0
-103.610946655273,0
-108.602844238281,0
-115.459228515625,0
-123.487525939941,0
-130.585052490234,0
-136.033981323242,0
-141.039459228516,0
-146.51399230957,0
-151.474746704102,0
-154.125366210938,0
-154.028762817383,0
-152.801010131836,0
-152.731246948242,0
-154.774459838867,0
-157.841796875,0
-160.159957885742,0
-161.362106323242,0
-162.913223266602,0
-166.259002685547,0
-170.975601196289,0
-175.234573364258,0
-177.787536621094,0
-178.851409912109,0
-179.276550292969,0
-179.8203125,0
-181.407913208008,0
-184.987167358398,0
-190.301147460938,0
-195.508987426758,0
-199.053024291992,0
-201.518081665039,0
-204.528442382812,0
-208.043792724609,0
-210.202758789062,0
-210.109375,0
-209.199951171875,0
-208.911590576172,0
-208.301818847656,0
-205.465301513672,0
-200.581832885742,0
-195.854202270508,0
-192.47216796875,0
-189.15705871582,0
-184.18115234375,0
-177.795913696289,0
-172.063842773438,0
-168.813705444336,0
-168.058944702148,0
-167.986236572266,0
-166.391403198242,0
-162.639770507812,0
-158.323867797852,0
-155.564971923828,0
-154.743209838867,0
-154.456558227539,0
-153.532867431641,0
-152.195190429688,0
-151.149826049805,0
-150.512481689453,0
-150.165176391602,0
-150.501022338867,0
-152.10954284668,0
-154.957992553711,0
-158.415985107422,0
-162.033660888672,0
-165.851181030273,0
-169.791275024414,0
-173.111953735352,0
-174.995239257812,0
-175.771957397461,0
-176.966125488281,0
-179.58512878418,0
-182.793426513672,0
-185.08967590332,0
-186.534805297852,0
-188.734619140625,0
-192.541091918945,0
-196.871887207031,0
-200.134078979492,0
-201.836502075195,0
-202.404800415039,0
-202.3271484375,0
-201.931198120117,0
-201.260559082031,0
-199.958374023438,0
-198.04231262207,0
-196.608535766602,0
-196.530975341797,0
-196.757751464844,0
-195.713287353516,0
-194.205627441406,0
-194.422348022461,0
-195.714096069336,0
-194.480255126953,0
-189.508148193359,0
-184.274780273438,0
-181.857406616211,0
-180.551055908203,0
-177.392730712891,0
-173.329788208008,0
-171.157470703125,0
-170.260375976562,0
-167.634262084961,0
-163.102722167969,0
-159.218353271484,0
-156.357070922852,0
-152.310531616211,0
-147.07746887207,0
-143.633438110352,0
-142.799377441406,0
-141.530059814453,0
-138.128295898438,0
-135.286605834961,0
-135.443710327148,0
-136.511016845703,0
-135.278915405273,0
-132.257263183594,0
-129.65119934082,0
-126.822128295898,0
-121.820045471191,0
-116.055313110352,0
-113.137420654297,0
-113.357894897461,0
-113.336151123047,0
-111.47785949707,0
-109.899574279785,0
-109.920074462891,0
-109.412780761719,0
-106.630638122559,0
-103.570762634277,0
-102.927398681641,0
-103.944450378418,0
-104.125419616699,0
-103.502342224121,0
-104.202041625977,0
-106.557456970215,0
-108.571830749512,0
-109.169204711914,0
-109.398803710938,0
-110.073715209961,0
-110.532958984375,0
-110.501121520996,0
-111.213119506836,0
-113.585243225098,0
-116.698905944824,0
-119.24796295166,0
-121.445129394531,0
-124.377624511719,0
-128.221633911133,0
-132.135879516602,0
-135.39469909668,0
-137.688522338867,0
-138.760437011719,0
-138.788528442383,0
-138.924865722656,0
-140.325546264648,0
-142.337020874023,0
-142.465927124023,0
-138.797164916992,0
-132.194671630859,0
-125.630729675293,0
-121.415458679199,0
-119.535911560059,0
-118.769592285156,0
-118.74813079834,0
-120.147651672363,0
-122.919296264648,0
-125.277626037598,0
-125.204612731934,0
-122.760147094727,0
-120.213226318359,0
-119.621612548828,0
-120.587585449219,0
-120.710655212402,0
-118.161193847656,0
-113.45817565918,0
-108.552879333496,0
-104.509483337402,0
-100.642265319824,0
-95.9186325073242,0
-90.4901962280273,0
-85.4173889160156,0
-81.3913726806641,0
-78.1946411132812,0
-74.8878707885742,0
-69.973991394043,0
-62.1436920166016,0
-51.9718437194824,0
-42.4518356323242,0
-36.5327186584473,0
-34.1457672119141,0
-32.7858543395996,0
-30.8825168609619,0
-29.1700801849365,0
-28.6990947723389,0
-29.3039855957031,0
-30.7060356140137,0
-33.4601020812988,0
-37.6828918457031,0
-42.1911926269531,0
-46.2387275695801,0
-50.9798126220703,0
-57.5893096923828,0
-64.7115325927734,0
-69.6857070922852,0
-72.1863403320312,0
-74.853157043457,0
-79.8569488525391,0
-86.2870788574219,0
-91.8061752319336,0
-95.9006042480469,0
-100.252166748047,0
-106.047676086426,0
-112.014152526855,0
-115.761413574219,0
-116.698776245117,0
-116.777824401855,0
-118.084365844727,0
-120.501609802246,0
-122.59774017334,0
-124.197952270508,0
-126.504783630371,0
-129.510620117188,0
-131.095901489258,0
-129.841110229492,0
-127.370361328125,0
-126.133239746094,0
-125.545265197754,0
-122.419120788574,0
-115.404136657715,0
-107.051025390625,0
-100.561836242676,0
-95.9992980957031,0
-91.1557693481445,0
-85.2954330444336,0
-80.2473297119141,0
-77.7319641113281,0
-77.1088790893555,0
-76.4549865722656,0
-74.8719635009766,0
-72.7515563964844,0
-70.3150787353516,0
-67.1098709106445,0
-63.0604209899902,0
-59.0277099609375,0
-55.8993339538574,0
-53.8766174316406,0
-53.1491813659668,0
-54.4222526550293,0
-57.8829040527344,0
-62.3242492675781,0
-66.4852523803711,0
-70.7430877685547,0
-75.9136810302734,0
-80.6631927490234,0
-82.3312606811523,0
-80.9655380249023,0
-80.3019866943359,0
-83.2301559448242,0
-88.1298141479492,0
-91.725700378418,0
-93.9712219238281,0
-97.3093719482422,0
-101.983932495117,0
-105.424797058105,0
-106.494514465332,0
-107.107223510742,0
-108.590492248535,0
-109.395477294922,0
-108.161918640137,0
-106.543197631836,0
-106.677024841309,0
-107.738220214844,0
-107.585319519043,0
-106.473770141602,0
-106.30534362793,0
-106.903533935547,0
-105.948677062988,0
-102.654914855957,0
-98.8812637329102,0
-96.0099029541016,0
-92.9326934814453,0
-88.0879211425781,0
-81.8628845214844,0
-76.0181350708008,0
-71.9289779663086,0
-70.1464691162109,0
-70.5948638916016,0
-72.4118576049805,0
-74.3930435180664,0
-76.204460144043,0
-78.5934295654297,0
-82.2378616333008,0
-87.161262512207,0
-93.2447662353516,0
-100.151634216309,0
-106.555969238281,0
-110.67798614502,0
-112.052474975586,0
-111.950859069824,0
-112.02156829834,0
-113.431228637695,0
-116.802421569824,0
-121.17440032959,0
-123.288795471191,0
-120.392822265625,0
-114.1806640625,0
-109.321670532227,0
-107.210090637207,0
-104.16333770752,0
-97.5285110473633,0
-90.465934753418,0
-87.6496658325195,0
-88.4344024658203,0
-87.9597396850586,0
-83.9562149047852,0
-78.838005065918,0
-75.3587799072266,0
-73.6436309814453,0
-72.8308486938477,0
-72.4300689697266,0
-71.1625671386719,0
-67.2936935424805,0
-61.5177001953125,0
-57.3492279052734,0
-57.1656455993652,0
-59.4445762634277,0
-61.1416969299316,0
-61.3105010986328,0
-61.105827331543,0
-61.5283737182617,0
-62.5771942138672,0
-63.7905883789062,0
-64.5206146240234,0
-64.3872833251953,0
-64.2654647827148,0
-65.9342269897461,0
-69.9200286865234,0
-74.6155548095703,0
-78.4005966186523,0
-81.6408615112305,0
-85.5599212646484,0
-90.102409362793,0
-94.1607818603516,0
-97.1183242797852,0
-98.7874450683594,0
-98.4789352416992,0
-95.7798690795898,0
-92.032470703125,0
-89.4062042236328,0
-88.3387985229492,0
-87.3567886352539,0
-85.7437973022461,0
-84.7899017333984,0
-85.4889831542969,0
-86.3170700073242,0
-84.8029708862305,0
-80.803352355957,0
-76.7577133178711,0
-74.5844268798828,0
-73.4762191772461,0
-71.2008056640625,0
-66.7430114746094,0
-61.0616455078125,0
-55.7796821594238,0
-51.7664833068848,0
-48.6979331970215,0
-45.3899917602539,0
-40.6746101379395,0
-34.4535484313965,0
-27.9027080535889,0
-22.3950901031494,0
-18.4378757476807,0
-15.8916606903076,0
-14.6033744812012,0
-14.029956817627,0
-12.7266263961792,0
-9.51970481872559,0
-5.37481737136841,0
-3.00306534767151,0
-4.21285200119019,0
-8.55825996398926,0
-14.8701124191284,0
-22.7857856750488,0
-31.9001331329346,0
-40.6221466064453,0
-47.3486785888672,0
-52.3388710021973,0
-57.3451271057129,0
-63.8579177856445,0
-72.6411056518555,0
-84.0341567993164,0
-97.0357666015625,0
-108.761627197266,0
-117.049987792969,0
-123.636680603027,0
-132.470031738281,0
-144.389282226562,0
-155.859359741211,0
-164.076904296875,0
-170.966430664062,0
-180.208679199219,0
-192.171447753906,0
-204.235122680664,0
-214.965805053711,0
-225.223968505859,0
-235.458068847656,0
-244.501235961914,0
-251.502182006836,0
-257.089080810547,0
-262.008575439453,0
-266.091644287109,0
-269.072631835938,0
-271.201599121094,0
-272.705718994141,0
-273.753784179688,0
-274.999145507812,0
-276.806945800781,0
-277.916229248047,0
-276.489990234375,0
-272.736846923828,0
-268.786804199219,0
-265.572845458984,0
-261.704315185547,0
-256.157623291016,0
-250.165603637695,0
-245.199783325195,0
-240.613189697266,0
-234.70524597168,0
-227.05632019043,0
-218.603500366211,0
-210.337036132812,0
-202.895767211914,0
-196.399505615234,0
-189.750289916992,0
-181.298706054688,0
-171.179885864258,0
-161.592483520508,0
-153.586639404297,0
-145.159057617188,0
-134.13639831543,0
-121.436798095703,0
-109.463691711426,0
-98.5309600830078,0
-87.2044219970703,0
-75.3051605224609,0
-64.1453475952148,0
-54.3616790771484,0
-45.95947265625,0
-40.0476989746094,0
-37.8014450073242,0
-37.7418785095215,0
-36.8854713439941,0
-35.0358123779297,0
-35.1659088134766,0
-38.7361640930176,0
-43.4168395996094,0
-46.8036880493164,0
-49.7836647033691,0
-54.2825775146484,0
-59.8490180969238,0
-64.8391723632812,0
-69.3731155395508,0
-74.4408569335938,0
-78.9923248291016,0
-80.6897506713867,0
-79.4531478881836,0
-77.7981872558594,0
-77.195068359375,0
-76.1810913085938,0
-73.036262512207,0
-68.7871475219727,0
-66.2465209960938,0
-66.7521743774414,0
-68.8681793212891,0
-70.0523376464844,0
-68.9365997314453,0
-66.0887756347656,0
-63.0403709411621,0
-60.6805877685547,0
-58.5010375976562,0
-55.4192276000977,0
-51.1922836303711,0
-46.6487426757812,0
-42.4812202453613,0
-38.3089752197266,0
-33.3471260070801,0
-27.7500743865967,0
-22.7048721313477,0
-19.0647583007812,0
-16.3883380889893,0
-13.7201919555664,0
-10.9346132278442,0
-8.64676094055176,0
-7.00500011444092,0
-5.56771278381348,0
-4.58079719543457,0
-5.16970443725586,0
-7.40213394165039,0
-9.16833591461182,0
-8.38298320770264,0
-5.77337265014648,0
-3.88896560668945,0
-3.51026892662048,0
-2.89378452301025,0
-1.00814735889435,0
0.374777853488922,0
-0.993559837341309,0
-4.83270978927612,0
-9.25279808044434,0
-13.8595552444458,0
-20.1277275085449,0
-28.7039947509766,0
-37.8815574645996,0
-45.357421875,0
-50.6535263061523,0
-55.1482963562012,0
-60.0688972473145,0
-65.0203094482422,0
-68.6551513671875,0
-70.6244125366211,0
-72.3898544311523,0
-75.5764007568359,0
-79.7402191162109,0
-82.7424392700195,0
-83.61083984375,0
-83.9075088500977,0
-85.3636245727539,0
-87.0353317260742,0
-86.2227401733398,0
-82.0121612548828,0
-76.4938278198242,0
-72.0505218505859,0
-68.5104522705078,0
-63.8407859802246,0
-57.1877479553223,0
-50.1987380981445,0
-44.9366836547852,0
-41.0469551086426,0
-35.9608497619629,0
-28.201265335083,0
-19.4949378967285,0
-12.4991102218628,0
-7.05765962600708,0
-0.480712503194809,0
8.35516738891602,0
17.2321224212646,0
23.8638935089111,0
29.0865116119385,0
35.161865234375,0
42.3167457580566,0
49.0041275024414,0
54.7030944824219,0
60.211051940918,0
65.4947357177734,0
69.4409942626953,0
71.8141784667969,0
73.4500122070312,0
74.2317123413086,0
72.8464889526367,0
69.1587066650391,0
65.0936737060547,0
62.399284362793,0
61.0080909729004,0
60.345874786377,0
60.758960723877,0
62.6563720703125,0
65.473388671875,0
68.5393371582031,0
72.0386123657227,0
76.231803894043,0
80.622673034668,0
84.7352828979492,0
88.8493194580078,0
93.1091842651367,0
96.6894760131836,0
98.7205276489258,0
99.4592208862305,0
99.8915557861328,0
100.78458404541,0
102.561248779297,0
105.17650604248,0
107.467239379883,0
107.565505981445,0
104.779922485352,0
100.366661071777,0
95.8968887329102,0
91.8434143066406,0
88.3486099243164,0
85.9374237060547,0
84.2089538574219,0
81.037841796875,0
74.8231048583984,0
66.9675369262695,0
60.5214805603027,0
56.6452407836914,0
53.8637580871582,0
50.5996284484863,0
46.8225746154785,0
42.9771423339844,0
38.8071136474609,0
34.0470542907715,0
29.4223823547363,0
26.1188125610352,0
24.4641571044922,0
23.5471954345703,0
22.1387462615967,0
19.9641246795654,0
18.0942668914795,0
17.869291305542,0
19.3500576019287,0
21.2335090637207,0
22.4767475128174,0
23.4471492767334,0
25.1586017608643,0
28.055305480957,0
32.0184478759766,0
36.7614059448242,0
41.4926834106445,0
45.0750122070312,0
47.6554756164551,0
51.4472351074219,0
58.4531745910645,0
67.7631149291992,0
76.6548767089844,0
84.2471923828125,0
92.237907409668,0
101.632209777832,0
110.705101013184,0
117.467636108398,0
122.678810119629,0
128.581192016602,0
135.369903564453,0
140.988510131836,0
144.591354370117,0
148.267349243164,0
154.234405517578,0
161.519424438477,0
166.869201660156,0
168.508239746094,0
167.597930908203,0
165.9609375,0
163.811157226562,0
160.474166870117,0
156.354949951172,0
153.008239746094,0
151.443542480469,0
151.193878173828,0
151.074661254883,0
150.258514404297,0
148.573699951172,0
146.319427490234,0
144.041427612305,0
142.30842590332,0
141.641036987305,0
142.535873413086,0
145.007522583008,0
147.894577026367,0
149.521194458008,0
149.914581298828,0
151.62565612793,0
156.957397460938,0
164.642791748047,0
170.85823059082,0
173.733093261719,0
175.200729370117,0
177.659561157227,0
180.382629394531,0
180.658416748047,0
177.568359375,0
173.034027099609,0
169.377182006836,0
167.208953857422,0
165.828475952148,0
164.543106079102,0
163.079772949219,0
161.269409179688,0
158.809310913086,0
155.367706298828,0
151.077209472656,0
146.974151611328,0
144.359115600586,0
143.272308349609,0
142.211395263672,0
139.992614746094,0
137.159255981445,0
134.598373413086,0
131.607711791992,0
126.921394348145,0
121.187049865723,0
116.419059753418,0
112.87825012207,0
108.657363891602,0
103.076583862305,0
98.3037643432617,0
96.1732025146484,0
95.2632675170898,0
93.1167221069336,0
89.9805450439453,0
87.9887619018555,0
87.4876937866211,0
86.8267059326172,0
85.6395111083984,0
85.6075820922852,0
87.3379669189453,0
88.9225311279297,0
88.8222503662109,0
88.1957702636719,0
88.7577438354492,0
89.8659820556641,0
89.7130584716797,0
88.5446090698242,0
88.6289596557617,0
91.1612548828125,0
94.9414367675781,0
98.3739929199219,0
101.285980224609,0
104.186408996582,0
106.994010925293,0
109.549812316895,0
112.707054138184,0
117.660659790039,0
124.093849182129,0
129.903747558594,0
133.32470703125,0
134.921722412109,0
136.8388671875,0
140.151641845703,0
143.717010498047,0
146.041152954102,0
147.653610229492,0
150.702117919922,0
156.218154907227,0
162.729553222656,0
168.107818603516,0
172.144958496094,0
176.398086547852,0
181.590682983398,0
186.183746337891,0
188.171569824219,0
187.823989868164,0
187.758636474609,0
190.185424804688,0
194.807907104492,0
199.784027099609,0
203.971267700195,0
207.38850402832,0
209.973922729492,0
211.153396606445,0
210.835174560547,0
209.841003417969,0
208.915313720703,0
207.977340698242,0
206.618072509766,0
204.574508666992,0
201.485733032227,0
197.217620849609,0
192.921340942383,0
190.606964111328,0
190.785873413086,0
191.547943115234,0
190.987014770508,0
189.448211669922,0
188.004455566406,0
185.854461669922,0
181.369323730469,0
175.227752685547,0
170.042358398438,0
166.515563964844,0
162.249084472656,0
155.323577880859,0
147.106658935547,0
140.140838623047,0
134.857788085938,0
130.124114990234,0
125.821640014648,0
122.705131530762,0
120.174758911133,0
116.493469238281,0
111.644027709961,0
108.035484313965,0
107.25910949707,0
107.432220458984,0
105.288604736328,0
100.473754882812,0
96.2697067260742,0
95.6765213012695,0
97.7846374511719,0
98.8042068481445,0
96.158317565918,0
90.5919570922852,0
84.3697357177734,0
78.6703643798828,0
73.4774398803711,0
69.0387420654297,0
65.9523239135742,0
63.8730773925781,0
61.4955101013184,0
58.3244476318359,0
55.5124473571777,0
54.3923149108887,0
55.0736885070801,0
57.1818199157715,0
61.0064392089844,0
66.6944961547852,0
72.8412551879883,0
77.3478698730469,0
79.807258605957,0
81.9081954956055,0
85.1325073242188,0
88.9220657348633,0
91.5103759765625,0
91.8137435913086,0
90.0233306884766,0
86.9530792236328,0
83.4263610839844,0
80.0270156860352,0
76.9812088012695,0
74.2925338745117,0
71.9663543701172,0
69.7883834838867,0
67.0979309082031,0
63.6225509643555,0
60.6248207092285,0
60.0445938110352,0
61.7550201416016,0
62.6233901977539,0
59.5166931152344,0
52.8591499328613,0
46.0489311218262,0
41.4753570556641,0
38.2954177856445,0
34.3083992004395,0
28.7904071807861,0
22.7395153045654,0
17.1102313995361,0
11.8506345748901,0
6.66449975967407,0
2.03153133392334,0
-0.958260059356689,0
-1.81743371486664,0
-1.55169773101807,0
-2.02867579460144,0
-4.31236505508423,0
-7.98208284378052,0
-12.3468971252441,0
-17.6180019378662,0
-23.9575099945068,0
-29.8494892120361,0
-32.914665222168,0
-32.6524543762207,0
-31.1319103240967,0
-30.4834423065186,0
-30.9562168121338,0
-32.0622215270996,0
-33.9975814819336,0
-36.5075645446777,0
-37.7504920959473,0
-36.4418716430664,0
-34.4122657775879,0
-34.6034088134766,0
-36.5934448242188,0
-36.683292388916,0
-33.0604095458984,0
-28.3639221191406,0
-25.7596244812012,0
-24.6476802825928,0
-22.207878112793,0
-17.5151901245117,0
-11.8024110794067,0
-5.84859561920166,0
0.217136695981026,0
5.10527181625366,0
7.28035163879395,0
7.9500732421875,0
10.4569664001465,0
15.8214063644409,0
21.2210693359375,0
24.1171207427979,0
25.7156753540039,0
28.5492248535156,0
32.3846321105957,0
34.8725318908691,0
35.2948875427246,0
35.1923522949219,0
35.4424781799316,0
35.0152473449707,0
33.1283264160156,0
30.749340057373,0
29.0049705505371,0
27.442310333252,0
24.996244430542,0
21.8480491638184,0
19.2526206970215,0
18.0036354064941,0
17.9599380493164,0
18.6775512695312,0
19.5692405700684,0
19.685827255249,0
18.3514652252197,0
16.0809211730957,0
14.0352420806885,0
12.4232416152954,0
10.1604309082031,0
6.1978816986084,0
0.384383052587509,0
-7.02875232696533,0
-15.5294389724731,0
-23.5186901092529,0
-28.7218456268311,0
-30.6293487548828,0
-31.6330184936523,0
-34.3316841125488,0
-38.2522354125977,0
-40.6629257202148,0
-40.1678924560547,0
-37.8183937072754,0
-34.966480255127,0
-32.1608428955078,0
-30.4500350952148,0
-31.3376026153564,0
-34.1156959533691,0
-35.1645126342773,0
-31.8305644989014,0
-25.8809566497803,0
-21.1939525604248,0
-18.7816143035889,0
-16.2374000549316,0
-11.9856338500977,0
-7.89741086959839,0
-6.87157678604126,0
-9.21510791778564,0
-12.4802722930908,0
-14.2345972061157,0
-14.1391773223877,0
-13.5414409637451,0
-13.6807441711426,0
-14.4740905761719,0
-14.9114398956299,0
-14.3958253860474,0
-13.3266220092773,0
-12.3149518966675,0
-11.4571056365967,0
-10.8642349243164,0
-11.2892293930054,0
-13.297064781189,0
-16.0554103851318,0
-17.9616661071777,0
-18.5216522216797,0
-18.6521396636963,0
-18.9832057952881,0
-19.0308418273926,0
-18.6240196228027,0
-18.9497299194336,0
-20.9014568328857,0
-23.0026054382324,0
-22.5236511230469,0
-18.7673892974854,0
-13.920337677002,0
-10.2565097808838,0
-7.81051540374756,0
-5.60614538192749,0
-3.87539720535278,0
-3.54140329360962,0
-4.21457433700562,0
-4.55183982849121,0
-4.65961456298828,0
-6.46570205688477,0
-11.1592416763306,0
-17.5554122924805,0
-23.6220874786377,0
-28.4714775085449,0
-32.1806373596191,0
-34.8704605102539,0
-36.9466323852539,0
-39.2854423522949,0
-42.1808090209961,0
-44.9214820861816,0
-47.1996154785156,0
-49.7732620239258,0
-52.6973495483398,0
-54.3597106933594,0
-53.9276504516602,0
-53.3865356445312,0
-54.8925590515137,0
-57.0984802246094,0
-56.8122520446777,0
-53.7578086853027,0
-50.5853157043457,0
-48.1482963562012,0
-44.3472595214844,0
-38.6826210021973,0
-34.3341102600098,0
-33.4869270324707,0
-33.5261993408203,0
-30.7453632354736,0
-25.554141998291,0
-20.6915473937988,0
-16.0389614105225,0
-9.26334953308105,0
-0.9715855717659,0
5.11333084106445,0
7.89364004135132,0
11.0290765762329,0
17.6142044067383,0
25.7189083099365,0
31.492317199707,0
34.4843444824219,0
37.2673759460449,0
41.1654815673828,0
45.1382179260254,0
48.4783477783203,0
52.091178894043,0
56.6269454956055,0
61.0792961120605,0
63.9980049133301,0
65.1391143798828,0
65.4073944091797,0
65.845085144043,0
67.0044631958008,0
68.6297912597656,0
69.4206924438477,0
67.5020217895508,0
61.8470573425293,0
53.5216484069824,0
45.2310333251953,0
39.0703277587891,0
34.5297355651855,0
29.2642097473145,0
22.2430286407471,0
15.3797454833984,0
11.0942354202271,0
9.01281261444092,0
6.78675699234009,0
3.94537305831909,0
2.67533159255981,0
4.04880094528198,0
5.69483470916748,0
4.87520837783813,0
2.2687771320343,0
0.638894259929657,0
0.821947574615479,0
1.4216935634613,0
1.99696981906891,0
3.83329200744629,0
6.99289274215698,0
9.02503395080566,0
8.0975170135498,0
5.84635162353516,0
5.30477666854858,0
6.7999062538147,0
7.83324670791626,0
7.00663089752197,0
6.17292499542236,0
7.76347780227661,0
11.298412322998,0
14.1420249938965,0
15.3092222213745,0
16.7553195953369,0
20.4339828491211,0
25.7076396942139,0
30.9238433837891,0
36.3067665100098,0
43.2426452636719,0
51.0451240539551,0
56.7862701416016,0
59.145866394043,0
60.5732040405273,0
64.2349319458008,0
70.1047134399414,0
75.7222518920898,0
79.9159317016602,0
83.7241744995117,0
87.8137741088867,0
91.0904235839844,0
92.4583053588867,0
92.2236404418945,0
90.7760391235352,0
87.3726272583008,0
81.6544494628906,0
75.2485198974609,0
70.0678863525391,0
65.6538925170898,0
60.2002449035645,0
53.9329948425293,0
49.0321502685547,0
45.7166748046875,0
41.0876655578613,0
33.4569435119629,0
25.5279006958008,0
20.7680988311768,0
18.189172744751,0
13.8713521957397,0
7.07262706756592,0
1.40429484844208,0
-0.55718582868576,0
-0.594004333019257,0
-1.35269117355347,0
-2.24056553840637,0
-1.02114033699036,0
2.3124783039093,0
5.7436695098877,0
8.36466979980469,0
10.9442338943481,0
13.7289524078369,0
15.9584169387817,0
17.8958415985107,0
21.3422908782959,0
27.0385589599609,0
32.7719879150391,0
35.5040702819824,0
35.0950813293457,0
34.630542755127,0
36.6864852905273,0
40.3878402709961,0
43.2204093933105,0
44.9169006347656,0
47.5459060668945,0
51.6111373901367,0
54.5622215270996,0
54.6793518066406,0
54.2468872070312,0
56.3251495361328,0
59.9246826171875,0
61.6782188415527,0
61.516902923584,0
62.7576637268066,0
66.2331237792969,0
68.4907379150391,0
67.4077224731445,0
65.781135559082,0
66.7378387451172,0
68.7673950195312,0
68.6875152587891,0
67.1608276367188,0
67.3871917724609,0
69.8145751953125,0
72.2924652099609,0
74.8520965576172,0
80.0418548583984,0
88.1707229614258,0
96.4592132568359,0
104.349975585938,0
115.836769104004,0
133.96955871582,0
155.807586669922,0
175.805068969727,0
192.403915405273,0
208.18115234375,0
224.521530151367,0
239.427398681641,0
250.600921630859,0
257.712097167969,0
260.711120605469,0
258.225433349609,0
249.203765869141,0
234.937911987305,0
218.08967590332,0
200.295059204102,0
181.671691894531,0
162.227569580078,0
142.843963623047,0
124.868751525879,0
109.082565307617,0
94.9340667724609,0
80.7669143676758,0
65.2823486328125,0
48.9148826599121,0
33.2695465087891,0
19.1905345916748,0
6.15486860275269,0
-6.31509828567505,0
-17.7186851501465,0
-27.6365661621094,0
-36.8085784912109,0
-46.2712097167969,0
-55.8923377990723,0
-64.448371887207,0
-70.7990188598633,0
-74.5693664550781,0
-76.2614440917969,0
-77.1518630981445,0
-78.3399353027344,0
-79.356689453125,0
-78.6255645751953,0
-75.9529190063477,0
-73.2688293457031,0
-71.6425476074219,0
-68.8969268798828,0
-62.3080520629883,0
-53.0088272094727,0
-45.1762237548828,0
-40.6283760070801,0
-36.6783256530762,0
-30.2724266052246,0
-22.0386257171631,0
-14.5593280792236,0
-8.24127769470215,0
-1.11503481864929,0
7.88549041748047,0
17.5848426818848,0
26.665018081665,0
35.2942237854004,0
43.8297386169434,0
51.1032295227051,0
55.3375778198242,0
56.6411247253418,0
57.5824699401855,0
60.737922668457,0
66.0004730224609,0
70.9779815673828,0
74.1666946411133,0
76.9743270874023,0
81.8887786865234,0
89.1970138549805,0
96.8768692016602,0
103.925033569336,0
112.220443725586,0
123.827705383301,0
137.282501220703,0
148.207427978516,0
153.757278442383,0
155.281661987305,0
156.247909545898,0
158.539657592773,0
161.366134643555,0
162.918395996094,0
162.082611083984,0
158.829925537109,0
153.933364868164,0
148.592224121094,0
143.815826416016,0
139.777816772461,0
135.799133300781,0
131.010543823242,0
125.068260192871,0
118.514137268066,0
112.661033630371,0
108.725791931152,0
106.47917175293,0
103.971267700195,0
99.3988189697266,0
93.1664962768555,0
86.9136581420898,0
80.1830978393555,0
69.805305480957,0
54.2409744262695,0
37.3302764892578,0
24.9529094696045,0
17.6828308105469,0
9.53134536743164,0
-4.53554964065552,0
-22.1693935394287,0
-37.0986328125,0
-47.2635765075684,0
-56.1567649841309,0
-66.5700988769531,0
-76.7536315917969,0
-83.8553619384766,0
-88.0980682373047,0
-91.6293029785156,0
-95.4002914428711,0
-99.1717224121094,0
-102.834922790527,0
-105.689338684082,0
-106.081764221191,0
-104.04190826416,0
-102.641204833984,0
-103.948760986328,0
-105.075538635254,0
-101.759071350098,0
-95.0972366333008,0
-90.6097717285156,0
-90.3629837036133,0
-90.3408203125,0
-87.0392761230469,0
-82.5067672729492,0
-80.1491622924805,0
-78.9339981079102,0
-75.4834823608398,0
-69.853157043457,0
-65.185546875,0
-62.3005409240723,0
-58.3122901916504,0
-50.997932434082,0
-41.6618156433105,0
-32.8419494628906,0
-25.3511257171631,0
-18.5771350860596,0
-12.1022052764893,0
-5.92042446136475,0
0.0861764177680016,0
6.18395853042603,0
12.8184728622437,0
20.7759265899658,0
30.5810279846191,0
41.4709587097168,0
51.4550857543945,0
58.6032257080078,0
62.4101600646973,0
64.6462936401367,0
69.0288467407227,0
78.5288848876953,0
91.9037246704102,0
104.344146728516,0
113.089622497559,0
120.740875244141,0
130.642318725586,0
140.62321472168,0
145.053665161133,0
142.705093383789,0
138.414352416992,0
136.111022949219,0
134.235260009766,0
129.896499633789,0
123.693771362305,0
117.295639038086,0
109.183784484863,0
96.7289581298828,0
80.9700927734375,0
65.6527862548828,0
52.33837890625,0
39.8414611816406,0
27.8569431304932,0
17.40159034729,0
7.61720752716064,0
-3.93198657035828,0
-16.7118396759033,0
-26.5665855407715,0
-31.5645637512207,0
-35.5423126220703,0
-43.1635398864746,0
-53.4862747192383,0
-61.4345283508301,0
-64.5420532226562,0
-65.1257171630859,0
-65.9418411254883,0
-66.7512130737305,0
-66.1942596435547,0
-64.6865081787109,0
-63.612247467041,0
-62.9794540405273,0
-61.9423370361328,0
-61.1318588256836,0
-62.1872863769531,0
-64.4575576782227,0
-64.3186798095703,0
-59.4601402282715,0
-52.520938873291,0
-48.1452445983887,0
-46.8794937133789,0
-44.7249069213867,0
-39.3032646179199,0
-33.4871101379395,0
-30.8887538909912,0
-30.1068286895752,0
-26.6613216400146,0
-19.6100769042969,0
-12.7357959747314,0
-9.00699138641357,0
-7.19210720062256,0
-5.00485420227051,0
-2.54602885246277,0
-0.73995578289032,0
1.16292154788971,0
4.09706211090088,0
7.01209020614624,0
8.79172134399414,0
10.9289779663086,0
15.4423828125,0
21.2147464752197,0
25.6793651580811,0
29.528528213501,0
35.9032859802246,0
44.6552352905273,0
51.6831550598145,0
55.6030387878418,0
61.1508674621582,0
73.1411590576172,0
90.039436340332,0
106.761741638184,0
121.358322143555,0
135.097854614258,0
147.813110351562,0
157.827590942383,0
166.094207763672,0
176.004898071289,0
188.551605224609,0
201.538909912109,0
214.438186645508,0
230.063735961914,0
249.620086669922,0
269.377227783203,0
284.480316162109,0
293.380676269531,0
296.266510009766,0
291.884674072266,0
279.212249755859,0
260.727783203125,0
240.718124389648,0
220.813919067383,0
199.805511474609,0
177.520812988281,0
156.173431396484,0
137.386871337891,0
120.053169250488,0
102.327903747559,0
84.7045059204102,0
69.9070510864258,0
59.594856262207,0
51.6656646728516,0
41.7425079345703,0
28.0839920043945,0
14.2200975418091,0
5.03429222106934,0
0.556244015693665,0
-4.04993009567261,0
-12.0829973220825,0
-21.7129459381104,0
-29.8213291168213,0
-36.2907905578613,0
-42.2572326660156,0
-46.8747673034668,0
-49.0246467590332,0
-50.3966522216797,0
-53.4222373962402,0
-57.2638053894043,0
-59.2219924926758,0
-59.3366470336914,0
-60.1367492675781,0
-62.28662109375,0
-64.1013870239258,0
-65.3558502197266,0
-67.8269424438477,0
-71.5208511352539,0
-74.031135559082,0
-74.6675643920898,0
-75.7473754882812,0
-78.4657897949219,0
-80.9827041625977,0
-82.4679565429688,0
-85.61376953125,0
-92.4081954956055,0
-100.135772705078,0
-104.730567932129,0
-106.244651794434,0
-107.872108459473,0
-110.834693908691,0
-113.418518066406,0
-114.622230529785,0
-115.89900970459,0
-118.884391784668,0
-123.236137390137,0
-127.21085357666,0
-129.526123046875,0
-130.714599609375,0
-132.951477050781,0
-137.642440795898,0
-142.822738647461,0
-144.581039428711,0
-141.931686401367,0
-138.364028930664,0
-137.245483398438,0
-137.802398681641,0
-137.528015136719,0
-136.365859985352,0
-135.760635375977,0
-135.173095703125,0
-132.702331542969,0
-128.403167724609,0
-124.13459777832,0
-120.598190307617,0
-117.058738708496,0
-113.360633850098,0
-109.581741333008,0
-104.43611907959,0
-97.0817794799805,0
-90.0058288574219,0
-86.6685256958008,0
-86.2672729492188,0
-84.3708877563477,0
-79.1676254272461,0
-73.3962173461914,0
-69.1222991943359,0
-64.4554061889648,0
-57.384765625,0
-49.5269775390625,0
-43.4865913391113,0
-39.0386619567871,0
-34.5962982177734,0
-30.4227390289307,0
-27.6752624511719,0
-25.9232807159424,0
-24.3801345825195,0
-24.2402858734131,0
-26.8534564971924,0
-30.4806709289551,0
-31.9021339416504,0
-30.9104404449463,0
-30.2820816040039,0
-31.1863594055176,0
-31.4913311004639,0
-29.3163318634033,0
-25.6584568023682,0
-22.2005996704102,0
-18.5589599609375,0
-13.3668727874756,0
-6.7337851524353,0
0.114991992712021,0
6.93886137008667,0
14.6211128234863,0
23.3665142059326,0
32.0404434204102,0
39.515869140625,0
45.7726593017578,0
51.2785720825195,0
55.9836730957031,0
59.7134628295898,0
63.4515419006348,0
69.3055725097656,0
78.3943405151367,0
88.9908447265625,0
97.7365875244141,0
103.065650939941,0
106.685684204102,0
111.155235290527,0
116.768005371094,0
121.707588195801,0
124.700408935547,0
126.303649902344,0
127.641754150391,0
128.990463256836,0
129.917984008789,0
130.07373046875,0
129.525405883789,0
128.811798095703,0
128.767456054688,0
129.762954711914,0
131.082061767578,0
131.682662963867,0
131.663421630859,0
132.26692199707,0
134.159652709961,0
136.350967407227,0
137.292205810547,0
136.709106445312,0
135.912399291992,0
136.364730834961,0
138.1796875,0
140.128067016602,0
141.1181640625,0
141.411712646484,0
141.94775390625,0
142.669189453125,0
142.493911743164,0
141.200881958008,0
140.101303100586,0
139.966506958008,0
139.457275390625,0
136.978668212891,0
133.145172119141,0
129.64680480957,0
126.385368347168,0
121.992202758789,0
117.014183044434,0
113.995574951172,0
113.720436096191,0
113.729095458984,0
111.760688781738,0
108.610336303711,0
106.046020507812,0
103.793968200684,0
100.662506103516,0
97.2717361450195,0
95.3030319213867,0
94.7931442260742,0
94.4596328735352,0
94.2671813964844,0
95.2804412841797,0
96.9495544433594,0
96.9201126098633,0
94.1269912719727,0
90.072380065918,0
86.2508926391602,0
82.0850067138672,0
76.3165817260742,0
68.7569808959961,0
59.5520706176758,0
48.3365516662598,0
35.6161041259766,0
23.7439956665039,0
14.8641481399536,0
8.66406536102295,0
3.58447909355164,0
-0.585669875144958,0
-2.92938423156738,0
-3.54805397987366,0
-3.70837330818176,0
-4.10670518875122,0
-4.58699655532837,0
-5.43027353286743,0
-7.35051918029785,0
-10.1738843917847,0
-12.8944215774536,0
-15.0077629089355,0
-16.4740238189697,0
-16.6319236755371,0
-14.8857669830322,0
-12.4781627655029,0
-11.68678855896,0
-12.8579940795898,0
-13.9484338760376,0
-13.4774875640869,0
-12.2073001861572,0
-11.2824840545654,0
-10.4494714736938,0
-8.98219394683838,0
-6.84705114364624,0
-4.15430927276611,0
-0.974703907966614,0
1.66433846950531,0
2.52431559562683,0
2.77625560760498,0
5.58718824386597,0
11.6369476318359,0
17.4739761352539,0
20.5494003295898,0
23.6121463775635,0
31.00830078125,0
42.257080078125,0
52.9951782226562,0
61.4390029907227,0
69.72314453125,0
78.6007537841797,0
85.2459716796875,0
88.1137313842773,0
90.3252716064453,0
95.4042282104492,0
102.089958190918,0
106.411308288574,0
107.322654724121,0
107.185569763184,0
107.495529174805,0
107.18913269043,0
105.12614440918,0
101.583190917969,0
96.9660491943359,0
91.3924942016602,0
86.0470428466797,0
82.6699981689453,0
80.8793029785156,0
78.1068572998047,0
73.2574996948242,0
68.3971939086914,0
65.3847351074219,0
62.7607727050781,0
58.0009574890137,0
51.4718132019043,0
45.8188323974609,0
42.1102867126465,0
38.8535346984863,0
34.7262954711914,0
30.2813339233398,0
26.6027851104736,0
23.7453765869141,0
20.8894844055176,0
17.0524120330811,0
11.6418190002441,0
5.29444026947021,0
-0.109423615038395,0
-3.52009725570679,0
-6.50150680541992,0
-11.3973207473755,0
-17.8907032012939,0
-23.2729206085205,0
-26.3929042816162,0
-29.3319644927979,0
-34.2963905334473,0
-40.5952529907227,0
-46.0096588134766,0
-49.8830375671387,0
-53.2958679199219,0
-56.837963104248,0
-59.7597160339355,0
-61.423511505127,0
-62.6010551452637,0
-64.8566207885742,0
-68.813835144043,0
-73.2851028442383,0
-76.4913101196289,0
-78.3029251098633,0
-80.5188903808594,0
-84.1502075195312,0
-87.3404541015625,0
-87.6538772583008,0
-86.0029067993164,0
-86.0599594116211,0
-89.4046173095703,0
-93.6109466552734,0
-96.1949157714844,0
-98.031379699707,0
-100.834899902344,0
-103.276397705078,0
-102.715324401855,0
-100.11856842041,1
-99.967414855957,1
-104.448844909668,1
-110.147415161133,1
-111.983268737793,1
-108.952896118164,1
-104.31859588623,1
-100.895088195801,1
-98.1062240600586,1
-94.2712783813477,1
-90.5036926269531,1
-90.5883483886719,1
-96.3321762084961,1
-104.085060119629,1
-107.574989318848,1
-104.471382141113,1
-98.6763610839844,1
-95.3798522949219,1
-95.4205474853516,1
-96.08740234375,1
-96.2063827514648,1
-97.8690872192383,1
-103.017471313477,1
-110.537490844727,1
-117.685920715332,1
-122.981307983398,1
-126.624450683594,1
-128.971343994141,1
-129.802261352539,1
-129.10237121582,1
-128.032562255859,1
-128.72297668457,1
-132.515930175781,1
-138.140380859375,1
-142.516860961914,1
-144.188339233398,1
-144.925262451172,1
-146.585083007812,1
-147.644622802734,1
-145.375762939453,1
-140.955322265625,1
-139.1103515625,1
-141.754150390625,1
-144.917007446289,1
-143.817489624023,1
-138.620986938477,1
-132.788436889648,1
-127.537376403809,1
-121.093704223633,1
-112.997375488281,1
-106.198112487793,1
-103.954437255859,1
-106.147758483887,1
-109.329315185547,1
-109.525245666504,1
-104.813064575195,1
-96.2059707641602,1
-86.6272583007812,1
-78.7688751220703,1
-73.8787612915039,1
-72.4900894165039,1
-75.1593933105469,1
-81.3613586425781,1
-88.3423233032227,1
-92.627555847168,1
-92.8483200073242,1
-90.2916793823242,1
-87.0211715698242,1
-84.6255950927734,1
-84.500129699707,1
-87.6711349487305,1
-93.8047561645508,1
-101.406944274902,1
-109.290588378906,1
-116.843109130859,1
-122.78507232666,1
-125.254890441895,1
-123.984642028809,1
-121.305862426758,1
-120.079597473145,1
-121.366371154785,1
-124.674896240234,1
-129.231948852539,1
-133.820358276367,1
-136.441589355469,1
-135.922744750977,1
-133.650207519531,1
-132.29411315918,1
-132.855621337891,1
-134.238510131836,1
-135.684234619141,1
-138.097778320312,1
-142.438781738281,1
-147.960815429688,1
-152.748168945312,1
-155.267242431641,1
-154.948089599609,1
-152.078216552734,1
-147.78173828125,1
-143.604568481445,1
-140.709533691406,1
-139.869735717773,1
-142.050079345703,1
-147.685592651367,1
-154.994842529297,1
-160.536041259766,1
-162.515365600586,1
-162.381805419922,1
-162.000595092773,1
-160.66764831543,1
-156.901031494141,1
-152.232864379883,1
-150.510101318359,1
-153.154083251953,1
-157.450973510742,1
-160.369186401367,1
-161.987182617188,1
-163.804916381836,1
-165.535095214844,1
-165.799362182617,1
-165.213424682617,1
-166.410003662109,1
-170.57893371582,1
-175.539001464844,1
-177.953170776367,1
-176.509475708008,1
-172.294738769531,1
-166.886001586914,1
-161.113739013672,1
-155.547668457031,1
-151.248764038086,1
-149.403045654297,1
-150.177093505859,1
-152.161270141602,1
-153.199737548828,1
-151.959289550781,1
-148.730712890625,1
-144.740325927734,1
-140.953750610352,1
-137.880065917969,1
-136.400085449219,1
-138.008148193359,1
-143.400268554688,1
-150.701431274414,1
-155.846160888672,1
-155.650085449219,1
-150.735992431641,1
-144.941101074219,1
-141.615386962891,1
-141.085830688477,1
-142.15705871582,1
-145.108474731445,1
-151.618667602539,1
-161.6650390625,1
-172.188705444336,1
-179.911727905273,1
-184.505416870117,1
-187.774566650391,1
-190.510894775391,1
-191.868225097656,1
-191.745910644531,1
-191.98046875,1
-194.414199829102,1
-198.859390258789,1
-203.622085571289,1
-207.114044189453,1
-208.385177612305,1
-207.171340942383,1
-204.346542358398,1
-201.494918823242,1
-199.158752441406,1
-196.372467041016,1
-192.762176513672,1
-189.772094726562,1
-188.260650634766,1
-186.086547851562,1
-180.349578857422,1
-171.484893798828,1
-162.724182128906,1
-155.706283569336,1
-149.375183105469,1
-143.503677368164,1
-140.005187988281,1
-139.185806274414,1
-137.569595336914,1
-131.96305847168,1
-123.804290771484,1
-116.911834716797,1
-112.364791870117,1
-108.400436401367,1
-104.403732299805,1
-101.913284301758,1
-101.784278869629,1
-103.048484802246,1
-104.793571472168,1
-106.775115966797,1
-107.923973083496,1
-106.729515075684,1
-103.708419799805,1
-101.221664428711,1
-100.168510437012,1
-99.1669082641602,1
-97.8064422607422,1
-98.065055847168,1
-100.926734924316,1
-103.907791137695,1
-104.030952453613,1
-101.560035705566,1
-98.7077407836914,1
-96.1669311523438,1
-93.3084106445312,1
-90.7131500244141,1
-89.8948974609375,1
-90.9133224487305,1
-92.5380706787109,1
-94.5692443847656,1
-97.8345108032227,1
-101.913421630859,1
-105.003631591797,1
-106.382667541504,1
-107.247108459473,1
-108.89045715332,1
-111.787078857422,1
-116.562492370605,1
-123.643943786621,1
-131.20686340332,1
-135.518447875977,1
-134.612808227539,1
-130.30744934082,1
-125.653137207031,1
-121.813011169434,1
-118.450614929199,1
-115.571685791016,1
-113.361602783203,1
-111.213241577148,1
-108.458587646484,1
-105.415184020996,1
-102.523216247559,1
-99.3315505981445,1
-95.7760162353516,1
-93.6950454711914,1
-95.339485168457,1
-100.558135986328,1
-106.791641235352,1
-111.660446166992,1
-114.425621032715,1
-115.338066101074,1
-115.003631591797,1
-114.311447143555,1
-113.826141357422,1
-113.447654724121,1
-113.605186462402,1
-115.884117126465,1
-120.711212158203,1
-125.154556274414,1
-125.4931640625,1
-121.992248535156,1
-118.645050048828,1
-117.799140930176,1
-117.747985839844,1
-116.612281799316,1
-115.723831176758,1
-117.160919189453,1
-120.163696289062,1
-122.414245605469,1
-123.230255126953,1
-122.966102600098,1
-120.675758361816,1
-115.429565429688,1
-109.278091430664,1
-105.750389099121,1
-105.331405639648,1
-105.258209228516,1
-104.037574768066,1
-103.08423614502,1
-103.006698608398,1
-101.472747802734,1
-96.7739410400391,1
-91.1444244384766,1
-88.1379165649414,1
-88.2736892700195,1
-89.550666809082,1
-90.8602142333984,1
-92.1891708374023,1
-92.2815856933594,1
-89.1474685668945,1
-83.1172103881836,1
-76.8878479003906,1
-72.0075836181641,1
-67.5566482543945,1
-62.9954414367676,1
-59.8749542236328,1
-59.1850280761719,1
-58.9323081970215,1
-56.43212890625,1
-51.879508972168,1
-47.5466728210449,1
-44.1027603149414,1
-40.0259017944336,1
-34.7628021240234,1
-30.3501434326172,1
-29.0491352081299,1
-30.7502861022949,1
-33.5409126281738,1
-35.6943168640137,1
-36.2327346801758,1
-34.6733016967773,1
-31.5968151092529,1
-29.0006580352783,1
-28.8878364562988,1
-31.5970821380615,1
-36.2289886474609,1
-42.1879806518555,1
-49.1725234985352,1
-55.9818916320801,1
-60.7762260437012,1
-62.7899551391602,1
-62.8185768127441,1
-62.0169677734375,1
-61.430362701416,1
-62.6837348937988,1
-67.2774963378906,1
-74.3265609741211,1
-80.5270767211914,1
-83.6292114257812,1
-84.7828979492188,1
-86.1182632446289,1
-87.2280120849609,1
-86.0135803222656,1
-82.407829284668,1
-79.0671463012695,1
-78.1691284179688,1
-79.2629089355469,1
-80.6428527832031,1
-81.2058334350586,1
-80.3076095581055,1
-77.2701797485352,1
-72.094856262207,1
-65.8114624023438,1
-59.3206024169922,1
-52.6052932739258,1
-45.6718711853027,1
-39.3116493225098,1
-34.0025177001953,1
-28.819356918335,1
-22.610897064209,1
-15.9244184494019,1
-10.6169624328613,1
-7.51823949813843,1
-5.48916339874268,1
-3.20109987258911,1
-1.08342683315277,1
-0.659161686897278,1
-2.04200553894043,1
-2.96415281295776,1
-0.95475447177887,1
3.81041073799133,1
8.63493824005127,1
11.3011426925659,1
12.0232887268066,1
12.1340637207031,1
12.0886240005493,1
11.8599767684937,1
12.4199047088623,1
15.2600259780884,1
20.6351795196533,1
27.5938549041748,1
35.5964584350586,1
44.6408271789551,1
53.7092628479004,1
60.7588005065918,1
64.9559478759766,1
67.6923446655273,1
70.5941696166992,1
73.5495376586914,1
75.6331329345703,1
77.2080383300781,1
79.9989242553711,1
85.2281494140625,1
92.3053894042969,1
99.2777709960938,1
104.303283691406,1
106.952613830566,1
108.318733215332,1
109.683937072754,1
111.190002441406,1
112.311790466309,1
113.416007995605,1
115.773651123047,1
119.637756347656,1
123.25447845459,1
124.596176147461,1
123.621627807617,1
122.05460357666,1
121.100021362305,1
120.123016357422,1
117.846130371094,1
114.424583435059,1
111.68970489502,1
110.988838195801,1
111.168296813965,1
109.594009399414,1
105.447799682617,1
101.16667175293,1
99.9627304077148,1
102.611549377441,1
107.513809204102,1
113.184707641602,1
119.344833374023,1
125.82039642334,1
131.820297241211,1
136.613220214844,1
139.966522216797,1
141.786041259766,1
142.29557800293,1
142.635116577148,1
144.063247680664,1
146.176315307617,1
146.995330810547,1
145.26676940918,1
141.601577758789,1
136.85466003418,1
130.747695922852,1
123.168167114258,1
115.681747436523,1
110.175987243652,1
106.531791687012,1
103.201858520508,1
99.8308258056641,1
97.4557266235352,1
95.728759765625,1
91.8771667480469,1
83.9030075073242,1
73.8191146850586,1
65.9780578613281,1
62.3191452026367,1
60.7212448120117,1
58.2682342529297,1
54.6357192993164,1
51.294116973877,1
48.417537689209,1
44.1857719421387,1
37.2666053771973,1
28.8690910339355,1
21.7078685760498,1
17.3927268981934,1
15.4294414520264,1
14.6641426086426,1
15.0135335922241,1
17.1679573059082,1
20.6799278259277,1
23.2438907623291,1
22.7464904785156,1
19.7928314208984,1
17.1614532470703,1
16.5678462982178,1
17.0107517242432,1
16.6997451782227,1
15.2396078109741,1
12.8225116729736,1
8.57221603393555,1
1.67714393138885,1
-6.29876613616943,1
-12.3673400878906,1
-15.5421390533447,1
-17.2687606811523,1
-17.9813327789307,1
-15.7140703201294,1
-9.74643230438232,1
-3.52787494659424,1
-1.2558718919754,1
-2.36593055725098,1
-2.24360775947571,1
1.44886600971222,1
5.87399291992188,1
7.50928688049316,1
7.22223949432373,1
8.81160640716553,1
13.6857967376709,1
19.2386169433594,1
22.3196487426758,1
22.3821258544922,1
20.8236961364746,1
18.9177513122559,1
17.4461364746094,1
17.3607444763184,1
19.5026454925537,1
23.7469787597656,1
29.0106048583984,1
33.8945503234863,1
37.0094795227051,1
37.3888816833496,1
35.4769821166992,1
33.2785797119141,1
32.4605407714844,1
32.5014495849609,1
31.9115734100342,1
31.2162494659424,1
33.052806854248,1
38.5183792114258,1
44.840404510498,1
48.1113891601562,1
47.6106109619141,1
45.9665946960449,1
45.5115051269531,1
46.2222938537598,1
47.332389831543,1
48.9765205383301,1
51.0901565551758,1
52.0319480895996,1
50.0824279785156,1
46.0631332397461,1
42.8667259216309,1
41.8393096923828,1
40.7560997009277,1
36.546459197998,1
29.7319278717041,1
24.7703380584717,1
25.1222095489502,1
28.6791763305664,1
29.5700302124023,1
24.8074645996094,1
17.735725402832,1
13.8363828659058,1
14.3183927536011,1
15.7784442901611,1
15.7103147506714,1
15.7087259292603,1
18.2209911346436,1
22.3329734802246,1
24.8972282409668,1
24.8297920227051,1
24.0597457885742,1
24.3419857025146,1
25.1477146148682,1
25.3285503387451,1
25.4115753173828,1
27.1801948547363,1
31.4691200256348,1
36.9440765380859,1
40.8589477539062,1
41.0400924682617,1
37.7234039306641,1
33.5531425476074,1
31.2752647399902,1
31.4771862030029,1
33.0661125183105,1
35.3820266723633,1
38.4770851135254,1
41.4093818664551,1
42.0670051574707,1
39.5368232727051,1
35.3844909667969,1
31.6025524139404,1
28.3795776367188,1
25.1097030639648,1
22.6719131469727,1
22.9634189605713,1
26.1942462921143,1
30.0061149597168,1
31.7075595855713,1
30.6456661224365,1
28.0653038024902,1
25.2117900848389,1
22.0811634063721,1
18.0580596923828,1
13.5551357269287,1
10.4161252975464,1
9.92047023773193,1
10.5806179046631,1
9.21650218963623,1
4.71659088134766,1
-0.53787237405777,1
-3.8704559803009,1
-5.54515504837036,1
-7.24913501739502,1
-8.47614860534668,1
-6.78950786590576,1
-1.60997664928436,1
4.50487947463989,1
8.98695468902588,1
11.8789176940918,1
14.5329322814941,1
17.3583164215088,1
20.1121559143066,1
23.2542610168457,1
27.6147308349609,1
33.2499923706055,1
39.5051956176758,1
45.5433959960938,1
50.1261787414551,1
51.9997940063477,1
51.7145805358887,1
52.066219329834,1
55.1387214660645,1
59.5780601501465,1
62.5411224365234,1
63.818904876709,1
65.8049468994141,1
69.3074645996094,1
71.9442749023438,1
71.8542556762695,1
70.9026107788086,1
72.2384796142578,1
75.9031982421875,1
79.1372680664062,1
80.7121353149414,1
82.679817199707,1
87.1638412475586,1
93.1202621459961,1
97.550666809082,1
99.0696563720703,1
98.9924850463867,1
99.199577331543,1
100.142234802246,1
101.159133911133,1
101.75853729248,1
101.912910461426,1
101.550773620605,1
100.47452545166,1
98.7625885009766,1
96.8119430541992,1
94.9496841430664,1
93.3232879638672,1
92.1628723144531,1
91.7600250244141,1
92.0611572265625,1
92.5735855102539,1
92.7726593017578,1
92.2761993408203,1
90.5060043334961,1
86.6811370849609,1
80.6404800415039,1
73.4867401123047,1
66.9314575195312,1
61.9805068969727,1
58.5746421813965,1
56.4061431884766,1
55.4662284851074,1
55.4672088623047,1
55.2013053894043,1
53.2240219116211,1
49.4083633422852,1
45.4672088623047,1
43.5682411193848,1
44.432804107666,1
46.8948745727539,1
49.0718574523926,1
49.5503616333008,1
47.5948143005371,1
43.1097526550293,1
37.0444412231445,1
31.3005962371826,1
27.2339763641357,1
24.2481212615967,1
20.8107490539551,1
17.0507278442383,1
15.1852827072144,1
16.5825424194336,1
19.3759422302246,1
20.3296718597412,1
18.6296215057373,1
16.314603805542,1
15.0024242401123,1
14.0329790115356,1
12.6644678115845,1
12.4245500564575,1
15.4300060272217,1
20.8391189575195,1
24.6467056274414,1
23.3294868469238,1
16.8402824401855,1
8.05532741546631,1
0.368268370628357,1
-4.00920867919922,1
-4.67267942428589,1
-2.90494871139526,1
-0.516059279441833,1
1.68638586997986,1
3.94207143783569,1
6.07224798202515,1
7.13007545471191,1
7.31386756896973,1
9.18074226379395,1
15.3348016738892,1
25.028470993042,1
34.6098937988281,1
41.7583808898926,1
47.7790451049805,1
54.7048606872559,1
61.5913772583008,1
65.8238296508789,1
67.7165222167969,1
71.1822204589844,1
78.6702041625977,1
87.4654159545898,1
93.1364669799805,1
95.5240173339844,1
98.6207656860352,1
104.577499389648,1
110.720893859863,1
113.730712890625,1
114.340370178223,1
115.640884399414,1
118.236122131348,1
119.969429016113,1
120.170021057129,1
121.16340637207,1
124.411575317383,1
127.359558105469,1
126.135177612305,1
120.389709472656,1
113.427749633789,1
107.728416442871,1
102.33031463623,1
95.3133773803711,1
87.1646194458008,1
80.0190048217773,1
74.1579513549805,1
67.1187515258789,1
56.856616973877,1
44.5789489746094,1
33.3921966552734,1
24.7258739471436,1
17.3943481445312,1
10.3743648529053,1
5.26243448257446,1
4.70297193527222,1
8.39017772674561,1
11.8415985107422,1
10.2679624557495,1
3.51450729370117,1
-3.92925477027893,1
-8.15164184570312,1
-9.86800765991211,1
-12.3481540679932,1
-16.4979610443115,1
-19.969087600708,1
-20.9971580505371,1
-21.0302848815918,1
-22.7643566131592,1
-27.0889129638672,1
-32.8954238891602,1
-38.5370788574219,1
-42.3345222473145,1
-42.9147109985352,1
-40.6557159423828,1
-38.1290969848633,1
-37.6589622497559,1
-38.8253631591797,1
-39.4904556274414,1
-38.6021575927734,1
-36.5635375976562,1
-33.4688148498535,1
-28.83522605896,1
-23.0381526947021,1
-17.3365898132324,1
-12.2781610488892,1
-7.52122783660889,1
-3.32820081710815,1
-0.540066599845886,1
1.36778783798218,1
4.48874282836914,1
9.833815574646,1
15.7741241455078,1
20.0909175872803,1
22.5585308074951,1
24.6483249664307,1
27.6537895202637,1
31.8580455780029,1
36.3637275695801,1
38.8268508911133,1
36.8241081237793,1
31.0432434082031,1
25.9636497497559,1
25.5005798339844,1
28.8178520202637,1
32.4554290771484,1
35.6571922302246,1
40.662239074707,1
47.8128089904785,1
53.8511581420898,1
56.4757995605469,1
57.7298126220703,1
60.640022277832,1
64.6076812744141,1
66.8621063232422,1
67.1539077758789,1
67.9039611816406,1
69.9154510498047,1
70.7471313476562,1
67.9783248901367,1
62.1058654785156,1
55.585521697998,1
50.6792411804199,1
48.7763900756836,1
49.9869499206543,1
52.288013458252,1
52.3852996826172,1
48.6398468017578,1
42.4511909484863,1
36.1156921386719,1
30.3744487762451,1
24.9378509521484,1
20.3263568878174,1
17.7890968322754,1
17.7203693389893,1
19.0978126525879,1
20.2710647583008,1
19.7643756866455,1
16.8934059143066,1
12.4036331176758,1
8.0713415145874,1
4.90621137619019,1
2.17828416824341,1
-0.990478992462158,1
-3.60920333862305,1
-3.57601761817932,1
-0.432068139314651,1
3.63614821434021,1
5.84068155288696,1
5.34610605239868,1
3.82675909996033,1
4.12624359130859,1
8.40556144714355,1
16.8764953613281,1
27.8413944244385,1
38.9674987792969,1
48.5008773803711,1
55.407154083252,1
59.2577629089355,1
60.8876686096191,1
62.682373046875,1
66.8530349731445,1
73.1262359619141,1
79.1572341918945,1
83.6420364379883,1
87.9138641357422,1
93.5363540649414,1
99.1902542114258,1
101.491012573242,1
98.9270324707031,1
93.6098175048828,1
88.5618515014648,1
84.5069427490234,1
80.5329513549805,1
77.0368881225586,1
75.9694519042969,1
77.7769927978516,1
79.9108352661133,1
79.6002349853516,1
76.86376953125,1
73.2437438964844,1
68.6587142944336,1
61.8648948669434,1
53.8030242919922,1
47.7590599060059,1
45.2242050170898,1
43.7720375061035,1
40.490406036377,1
35.7140045166016,1
31.5564785003662,1
28.2713508605957,1
24.4000949859619,1
19.7584934234619,1
15.9835472106934,1
14.2906103134155,1
14.5064210891724,1
16.0796756744385,1
18.2899856567383,1
19.7655982971191,1
19.6657791137695,1
19.0869960784912,1
19.458137512207,1
20.145923614502,1
20.0688591003418,1
21.0025024414062,1
25.697717666626,1
32.2882347106934,1
34.5220794677734,1
29.4036636352539,1
21.3294258117676,1
16.1749038696289,1
14.0984573364258,1
11.3371715545654,1
6.97530317306519,1
4.05968046188354,1
4.66300392150879,1
7.21455001831055,1
8.89022541046143,1
8.08122253417969,1
4.29511213302612,1
-2.0192756652832,1
-8.97056674957275,1
-14.3411750793457,1
-17.7062587738037,1
-20.0594577789307,1
-21.3006038665771,1
-19.9504680633545,1
-15.8635301589966,1
-11.4184017181396,1
-8.8722972869873,1
-7.59386539459229,1
-5.01072072982788,1
0.275926321744919,1
7.26346492767334,1
14.2377986907959,1
20.8936977386475,1
28.3220195770264,1
36.8876457214355,1
44.5891456604004,1
48.3777351379395,1
47.4656944274902,1
44.681827545166,1
43.9708099365234,1
46.9953994750977,1
52.6114921569824,1
58.801326751709,1
64.013557434082,1
67.064338684082,1
67.1962432861328,1
64.7750015258789,1
61.3147964477539,1
58.3714294433594,1
56.4862174987793,1
55.1066017150879,1
53.2174339294434,1
50.0601005554199,1
45.4856719970703,1
39.7663269042969,1
33.3569755554199,1
27.1965389251709,1
22.8622741699219,1
21.43630027771,1
22.101095199585,1
22.9143466949463,1
23.3381156921387,1
24.7836837768555,1
27.9046897888184,1
30.706111907959,1
30.859546661377,1
29.0793609619141,1
28.3317050933838,1
29.8815002441406,1
32.1052436828613,1
33.7040977478027,1
36.1367034912109,1
41.4120178222656,1
48.6196784973145,1
54.4806060791016,1
57.1421546936035,1
57.8578453063965,1
58.6177749633789,1
59.5318870544434,1
59.4807243347168,1
58.5231895446777,1
58.4063720703125,1
60.5359191894531,1
64.0049209594727,1
65.9386520385742,1
63.9387283325195,1
58.4579467773438,1
52.6084442138672,1
49.0168304443359,1
47.0160636901855,1
43.9865570068359,1
39.3641052246094,1
35.327320098877,1
32.5979309082031,1
27.9403266906738,1
18.3907222747803,1
6.58249521255493,1
-1.44513118267059,1
-3.61573386192322,1
-3.84292125701904,1
-6.2140588760376,1
-10.3823127746582,1
-14.0993633270264,1
-17.3209819793701,1
-21.4632453918457,1
-26.5669727325439,1
-31.5246829986572,1
-35.764778137207,1
-38.8342208862305,1
-39.8417320251465,1
-39.2446937561035,1
-39.3983039855957,1
-40.9797401428223,1
-40.8421325683594,1
-36.6380386352539,1
-31.8915061950684,1
-32.1986885070801,1
-36.9245300292969,1
-39.2996711730957,1
-35.4013252258301,1
-28.46755027771,1
-22.6467742919922,1
-17.06911277771,1
-9.46936321258545,1
-2.16926574707031,1
0.29328915476799,1
-1.66885161399841,1
-2.12270331382751,1
3.38352847099304,1
13.1393852233887,1
22.3001003265381,1
28.4849224090576,1
33.3387413024902,1
39.5538444519043,1
47.0841407775879,1
52.4036064147949,1
52.1866264343262,1
47.896541595459,1
45.1015930175781,1
47.2602272033691,1
52.1263847351074,1
55.877311706543,1
58.2007865905762,1
60.2197074890137,1
59.8312034606934,1
54.1664733886719,1
46.0662078857422,1
42.4538192749023,1
44.9096984863281,1
46.9828643798828,1
43.4324913024902,1
37.5436248779297,1
35.5409812927246,1
37.4937438964844,1
38.5203247070312,1
36.6374320983887,1
34.2835159301758,1
33.0359802246094,1
31.7621212005615,1
30.2355117797852,1
30.3108882904053,1
32.5320701599121,1
34.9065742492676,1
36.0360908508301,1
36.6555023193359,1
37.2998161315918,1
37.2664070129395,1
36.8375930786133,1
37.8575096130371,1
40.9621162414551,1
44.552375793457,1
47.4279174804688,1
50.0382041931152,1
52.2972183227539,1
52.934440612793,1
52.2060623168945,1
52.3084716796875,1
53.3990859985352,1
52.1497459411621,1
46.6470527648926,1
40.2520599365234,1
37.7926330566406,1
39.6990165710449,1
42.4636497497559,1
43.1587944030762,1
40.8854904174805,1
35.7330741882324,1
29.705545425415,1
27.2458992004395,1
30.9879970550537,1
37.5744171142578,1
41.3156280517578,1
41.5206565856934,1
42.1577110290527,1
44.3055419921875,1
43.8315963745117,1
38.1456527709961,1
30.8053188323975,1
26.5721855163574,1
25.3289451599121,1
24.3178081512451,1
23.787525177002,1
26.2680320739746,1
31.3205699920654,1
34.9213447570801,1
34.382266998291,1
31.2573547363281,1
28.9683704376221,1
29.405294418335,1
32.0015830993652,1
34.6626739501953,1
35.6932029724121,1
35.8281936645508,1
37.3929824829102,1
40.1453170776367,1
39.8466644287109,1
33.6311416625977,1
25.1539173126221,1
20.6436309814453,1
20.6379947662354,1
19.9526329040527,1
15.8405504226685,1
11.235146522522,1
8.55934810638428,1
5.36249256134033,1
-0.855055451393127,1
-7.51937198638916,1
-10.6939544677734,1
-11.2717781066895,1
-13.3345279693604,1
-17.8348026275635,1
-21.7299461364746,1
-22.7165699005127,1
-21.6190605163574,1
-20.4448566436768,1
-20.6600818634033,1
-22.8014373779297,1
-25.3409862518311,1
-24.7653675079346,1
-19.436990737915,1
-12.5193567276001,1
-8.20404148101807,1
-6.04262733459473,1
-2.61234569549561,1
1.84351694583893,1
2.9641809463501,1
-0.800633013248444,1
-5.18202352523804,1
-5.94324970245361,1
-4.08809852600098,1
-2.65724325180054,1
-1.41139566898346,1
1.91771256923676,1
7.03963136672974,1
11.3876962661743,1
14.2098026275635,1
17.1555404663086,1
20.9335918426514,1
24.4034442901611,1
27.5494556427002,1
32.6966285705566,1
41.4587936401367,1
52.2675132751465,1
62.3008995056152,1
70.5672912597656,1
77.6904220581055,1
83.6744918823242,1
87.5992660522461,1
89.2539520263672,1
89.6323165893555,1
89.6772308349609,1
89.5503311157227,1
89.1873092651367,1
88.4889297485352,1
86.733039855957,1
82.9399108886719,1
77.4184646606445,1
71.988883972168,1
67.8214874267578,1
63.8203048706055,1
58.2557106018066,1
51.472972869873,1
45.4860153198242,1
40.7866249084473,1
35.1761322021484,1
26.756872177124,1
16.9311656951904,1
8.76279544830322,1
2.68894290924072,1
-4.07905435562134,1
-13.0047483444214,1
-20.9023284912109,1
-23.3659954071045,1
-20.9448833465576,1
-19.245922088623,1
-22.1080265045166,1
-27.053430557251,1
-29.2641048431396,1
-28.0544776916504,1
-26.5696620941162,1
-26.1592597961426,1
-24.7113437652588,1
-21.0779838562012,1
-17.7171249389648,1
-17.1321868896484,1
-18.2300319671631,1
-18.5315628051758,1
-18.1604194641113,1
-18.9951400756836,1
-20.995210647583,1
-22.1309280395508,1
-21.5403213500977,1
-20.252628326416,1
-18.9715175628662,1
-17.7048072814941,1
-17.6818656921387,1
-20.7163181304932,1
-25.6378059387207,1
-27.9266796112061,1
-24.6027069091797,1
-17.6275234222412,1
-10.7583885192871,1
-4.87104415893555,1
1.26886427402496,1
7.07923460006714,1
10.354679107666,1
11.4497289657593,1
14.1034173965454,1
20.6536502838135,1
28.6392307281494,1
34.1559410095215,1
37.0528373718262,1
40.1192321777344,1
43.6306343078613,1
43.9862861633301,1
39.0745468139648,1
32.3198776245117,1
28.7161464691162,1
28.3037967681885,1
26.9440002441406,1
23.223503112793,1
20.5413475036621,1
20.8630428314209,1
20.2037105560303,1
13.6305046081543,1
2.37257742881775,1
-7.99328422546387,1
-15.1405296325684,1
-21.3751888275146,1
-27.6291809082031,1
-30.9743061065674,1
-29.8749961853027,1
-27.9392719268799,1
-29.5335636138916,1
-34.1521949768066,1
-37.9564819335938,1
-39.1512641906738,1
-39.1541366577148,1
-39.6916732788086,1
-41.2429389953613,1
-43.4554672241211,1
-44.9277801513672,1
-43.6184883117676,1
-39.8006744384766,1
-37.6014022827148,1
-40.9113731384277,1
-48.3260536193848,1
-54.7841186523438,1
-57.718864440918,1
-58.6217956542969,1
-58.797981262207,1
-57.3211975097656,1
-54.2589340209961,1
-52.5301818847656,1
-54.3975601196289,1
-58.3225746154785,1
-61.3751678466797,1
-62.9787979125977,1
-64.0952377319336,1
-64.1807708740234,1
-61.5735855102539,1
-56.4184112548828,1
-51.0080718994141,1
-47.2009773254395,1
-45.0329513549805,1
-43.6873893737793,1
-42.3341445922852,1
-40.2058715820312,1
-37.3568687438965,1
-35.1637077331543,1
-34.530948638916,1
-33.9459228515625,1
-31.3499431610107,1
-27.8442363739014,1
-26.9047203063965,1
-29.164587020874,1
-30.7202491760254,1
-28.3296413421631,1
-23.8845443725586,1
-21.1862773895264,1
-20.0629634857178,1
-16.8879222869873,1
-10.1360607147217,1
-2.04722738265991,1
5.37609720230103,1
12.8625078201294,1
21.554931640625,1
31.0119190216064,1
40.771125793457,1
51.4618606567383,1
62.924560546875,1
73.5776214599609,1
83.4197998046875,1
95.3426208496094,1
111.085823059082,1
127.770568847656,1
141.119537353516,1
150.539611816406,1
158.004821777344,1
163.298583984375,1
164.225723266602,1
161.173110961914,1
157.317184448242,1
153.447662353516,1
146.367370605469,1
134.244430541992,1
120.450523376465,1
109.620574951172,1
102.116844177246,1
95.0679473876953,1
87.3528518676758,1
80.5678176879883,1
75.4560089111328,1
70.0336380004883,1
61.9893112182617,1
51.6353454589844,1
41.874683380127,1
35.5867462158203,1
32.8496894836426,1
30.500919342041,1
25.1771583557129,1
17.1296844482422,1
9.77642917633057,1
4.79588747024536,1
-0.488912016153336,1
-9.13269901275635,1
-19.6472816467285,1
-27.7671756744385,1
-32.3332939147949,1
-36.2334175109863,1
-41.251953125,1
-45.292049407959,1
-46.2035980224609,1
-45.6479873657227,1
-46.7589874267578,1
-49.6624794006348,1
-51.9571151733398,1
-52.7047386169434,1
-53.1061820983887,1
-53.2786293029785,1
-51.1912384033203,1
-45.8336448669434,1
-39.3637428283691,1
-34.6436958312988,1
-32.0107765197754,1
-29.9444942474365,1
-27.7966842651367,1
-26.0480995178223,1
-24.3957138061523,1
-21.4715023040771,1
-16.6189651489258,1
-10.5285587310791,1
-3.93921613693237,1
2.80373620986938,1
8.44369220733643,1
10.6745405197144,1
8.54723739624023,1
4.17581224441528,1
0.885606527328491,1
0.185434982180595,1
1.58554995059967,1
4.71060037612915,1
9.86280822753906,1
16.3067493438721,1
21.6721134185791,1
24.2144470214844,1
24.9439945220947,1
26.3850574493408,1
29.4510612487793,1
32.5744400024414,1
34.0449867248535,1
34.234302520752,1
34.9249572753906,1
37.062744140625,1
39.9878997802734,1
42.6832733154297,1
44.9572715759277,1
47.2364349365234,1
49.867504119873,1
53.0647773742676,1
57.2019958496094,1
62.6503753662109,1
69.1901016235352,1
75.6000213623047,1
79.9827346801758,1
81.1534729003906,1
80.4388961791992,1
81.8047332763672,1
89.0447692871094,1
102.40047454834,1
118.622222900391,1
134.548278808594,1
149.675628662109,1
164.940246582031,1
180.477615356445,1
195.767944335938,1
210.728179931641,1
224.665176391602,1
234.526519775391,1
236.446258544922,1
229.867126464844,1
218.697082519531,1
207.282760620117,1
196.118804931641,1
182.672439575195,1
165.7958984375,1
147.705856323242,1
131.287780761719,1
116.836372375488,1
102.654571533203,1
88.2537841796875,1
75.313606262207,1
65.0495223999023,1
56.1279296875,1
46.5616302490234,1
36.9020538330078,1
29.8042335510254,1
26.4537792205811,1
25.1655502319336,1
24.0396823883057,1
23.3176193237305,1
23.957799911499,1
25.2053737640381,1
25.2577629089355,1
23.7994365692139,1
22.2959823608398,1
21.813024520874,1
21.8515949249268,1
21.5716915130615,1
21.1100463867188,1
21.2260227203369,1
22.2718410491943,1
23.8580741882324,1
25.1157417297363,1
25.117748260498,1
23.4884967803955,1
20.8382759094238,1
18.3417377471924,1
16.7900619506836,1
16.2587280273438,1
16.5735492706299,1
17.5425357818604,1
18.4605045318604,1
17.7711753845215,1
13.8286170959473,1
6.32410478591919,1
-3.13009715080261,1
-12.170955657959,1
-19.558744430542,1
-25.548677444458,1
-30.2963047027588,1
-32.8451042175293,1
-32.8329658508301,1
-32.6435203552246,1
-35.8485641479492,1
-42.7580413818359,1
-49.1684684753418,1
-51.0407867431641,1
-49.4037780761719,1
-48.7614135742188,1
-51.0637512207031,1
-53.4508247375488,1
-52.596378326416,1
-49.4557723999023,1
-48.1712036132812,1
-51.0016136169434,1
-55.8359870910645,1
-58.7513694763184,1
-57.8150939941406,1
-53.7735214233398,1
-47.8368835449219,1
-40.1282653808594,1
-30.8037853240967,1
-21.8841361999512,1
-16.661584854126,1
-16.7772521972656,1
-20.482120513916,1
-24.3854064941406,1
-26.5679206848145,1
-27.4012031555176,1
-27.8163146972656,1
-28.0341987609863,1
-28.3550128936768,1
-30.137752532959,1
-34.917121887207,1
-42.639030456543,1
-51.4855842590332,1
-59.6340713500977,1
-66.7396545410156,1
-73.4079208374023,1
-79.6177139282227,1
-84.3708114624023,1
-87.0903167724609,1
-88.7853698730469,1
-91.1932678222656,1
-94.8916168212891,1
-98.8416137695312,1
-101.788230895996,1
-103.433975219727,1
-104.032180786133,1
-103.554191589355,1
-101.84944152832,1
-99.3286514282227,1
-97.0674438476562,1
-96.3186950683594,1
-97.7973556518555,1
-100.805084228516,1
-103.097999572754,1
-102.725845336914,1
-100.379241943359,1
-98.6317977905273,1
-98.1083602905273,1
-95.9675445556641,1
-89.7772979736328,1
-81.6461486816406,1
-76.1690521240234,1
-74.6405715942383,1
-73.7026138305664,1
-70.0088882446289,1
-63.8843727111816,1
-57.4107093811035,1
-50.9892387390137,1
-43.6023368835449,1
-35.3930625915527,1
-28.0720710754395,1
-22.7011680603027,1
-18.1434650421143,1
-12.1274194717407,1
-3.70462155342102,1
5.49816656112671,1
12.9907379150391,1
18.8153553009033,1
26.2782859802246,1
37.8279457092285,1
50.8797264099121,1
60.1312217712402,1
64.3315582275391,1
68.1838073730469,1
76.3157272338867,1
87.7158584594727,1
98.1143341064453,1
105.927604675293,1
113.028366088867,1
120.466720581055,1
126.411064147949,1
128.817794799805,1
128.042739868164,1
125.864807128906,1
123.128234863281,1
119.220291137695,1
113.331390380859,1
105.650001525879,1
97.3480072021484,1
89.4195861816406,1
81.6914596557617,1
73.5297164916992,1
65.4054718017578,1
58.580810546875,1
52.9789733886719,1
47.0127410888672,1
40.4381217956543,1
35.531177520752,1
33.6323356628418,1
32.000862121582,1
26.5779132843018,1
17.2282066345215,1
7.80703449249268,1
1.27096736431122,1
-2.79128456115723,1
-5.6222562789917,1
-6.99385738372803,1
-6.56112289428711,1
-5.57596826553345,1
-5.82835531234741,1
-7.87320470809937,1
-11.0824880599976,1
-14.4123697280884,1
-16.5842113494873,1
-16.8241176605225,1
-16.178316116333,1
-16.8478755950928,1
-19.4259281158447,1
-22.1169471740723,1
-23.6460094451904,1
-25.4472694396973,1
-29.4341773986816,1
-34.7587776184082,1
-38.730583190918,1
-40.3947563171387,1
-41.1684494018555,1
-41.932975769043,1
-41.5660400390625,1
-39.199779510498,1
-36.4246101379395,1
-35.8447875976562,1
-37.882942199707,1
-40.0256004333496,1
-39.2647171020508,1
-34.7777099609375,1
-28.1347713470459,1
-21.1809768676758,1
-14.0728750228882,1
-5.82603359222412,1
3.18979644775391,1
10.3950939178467,1
13.9098863601685,1
15.8192081451416,1
20.5447578430176,1
29.3776512145996,1
38.526237487793,1
43.9282836914062,1
46.269157409668,1
49.0153999328613,1
52.6604957580566,1
54.0673522949219,1
51.7245025634766,1
48.5184593200684,1
47.7503852844238,1
48.7353706359863,1
48.5751876831055,1
46.8635559082031,1
46.067008972168,1
47.5483741760254,1
49.4253883361816,1
48.8443946838379,1
44.9575386047363,1
39.1364669799805,1
33.2584915161133,1
28.3671836853027,1
24.4949016571045,1
21.3460712432861,1
19.0528392791748,1
17.8254261016846,1
16.6397590637207,1
13.2254543304443,1
6.38142538070679,1
-2.28187251091003,1
-10.0734815597534,1
-16.2103652954102,1
-21.7082767486572,1
-26.7305755615234,1
-30.013843536377,1
-31.3146076202393,1
-32.6187210083008,1
-35.9060096740723,1
-40.8757591247559,1
-45.8103256225586,1
-49.7153396606445,1
-52.6776733398438,1
-54.9461326599121,1
-56.6183929443359,1
-57.6136856079102,1
-57.2360000610352,1
-54.5867042541504,1
-50.1730270385742,1
-46.0290184020996,1
-43.1673393249512,1
-40.1421661376953,1
-35.713321685791,1
-31.6619815826416,1
-30.5304069519043,1
-31.3003902435303,1
-30.5001983642578,1
-27.9700469970703,1
-28.0819606781006,1
-33.4318809509277,1
-40.1701622009277,1
-42.4684410095215,1
-39.8879699707031,1
-37.0783576965332,1
-36.9660949707031,1
-37.7301712036133,1
-36.9010848999023,1
-35.2274398803711,1
-34.9758644104004,1
-36.6381874084473,1
-39.0975723266602,1
-41.536678314209,1
-43.3769989013672,1
-43.3333129882812,1
-40.3973999023438,1
-35.5276336669922,1
-31.0947914123535,1
-28.7466411590576,1
-28.5419979095459,1
-29.6848564147949,1
-31.2324752807617,1
-32.5494651794434,1
-33.9170188903809,1
-36.2128944396973,1
-39.2584609985352,1
-41.318790435791,1
-41.364143371582,1
-40.990837097168,1
-42.4844284057617,1
-45.3772735595703,1
-46.7165794372559,1
-44.8987655639648,1
-41.6344795227051,1
-39.5777473449707,1
-39.2675857543945,1
-39.1508674621582,1
-37.7847023010254,1
-35.2590560913086,1
-32.809944152832,1
-31.478343963623,1
-31.0513191223145,1
-30.3578338623047,1
-28.7720851898193,1
-26.9467220306396,1
-25.5130939483643,1
-23.7502517700195,1
-20.7560329437256,1
-17.6709747314453,1
-17.2512741088867,1
-20.8105716705322,1
-26.6551113128662,1
-32.0912933349609,1
-36.118465423584,1
-39.4298095703125,1
-42.380184173584,1
-44.0677528381348,1
-43.8287200927734,1
-43.132453918457,1
-44.9513053894043,1
-50.5104179382324,1
-57.2566947937012,1
-61.4460906982422,1
-62.7161331176758,1
-64.2717590332031,1
-67.9131469726562,1
-71.0947418212891,1
-70.7413024902344,1
-68.2413635253906,1
-67.9653778076172,1
-71.5584564208984,1
-76.4477310180664,1
-79.9194946289062,1
-81.8925857543945,1
-83.0266494750977,1
-82.7088394165039,1
-80.4462966918945,1
-77.5810317993164,1
-76.0280075073242,1
-76.1590042114258,1
-76.9039535522461,1
-77.0109405517578,1
-75.3726348876953,1
-71.2516021728516,1
-65.3777008056641,1
-60.0167236328125,1
-56.8021659851074,1
-55.1754035949707,1
-54.0505676269531,1
-54.0804290771484,1
-56.4571228027344,1
-59.7980613708496,1
-60.4711685180664,1
-56.880802154541,1
-51.7785224914551,1
-48.9650650024414,1
-48.9304962158203,1
-49.5579414367676,1
-50.1734580993652,1
-52.047794342041,1
-54.5492782592773,1
-54.0713882446289,1
-48.9874839782715,1
-43.2832717895508,1
-41.9347190856934,1
-43.8763656616211,1
-43.4850807189941,1
-39.0959625244141,1
-35.8285980224609,1
-38.3794860839844,1
-44.7337760925293,1
-49.7339401245117,1
-51.9275169372559,1
-53.3061103820801,1
-54.1957588195801,1
-52.6437568664551,1
-48.6102714538574,1
-45.114559173584,1
-44.4897537231445,1
-46.0434341430664,1
-47.9895935058594,1
-49.4094696044922,1
-49.7064094543457,1
-48.2841567993164,1
-45.5681266784668,1
-42.5968742370605,1
-39.1339225769043,1
-34.177188873291,1
-28.8538761138916,1
-26.3525295257568,1
-27.6821708679199,1
-29.6550235748291,1
-28.8707218170166,1
-26.0418796539307,1
-24.3651180267334,1
-24.8785610198975,1
-25.7720775604248,1
-25.7762851715088,1
-25.9385242462158,1
-27.7053928375244,1
-30.8678894042969,1
-33.9873542785645,1
-35.7975616455078,1
-35.618522644043,1
-33.1010360717773,1
-28.2653713226318,1
-21.822624206543,1
-15.3296661376953,1
-10.7470703125,1
-9.13960933685303,1
-9.41981983184814,1
-8.97029209136963,1
-6.15030956268311,1
-1.81326961517334,1
2.18144083023071,1
5.36633634567261,1
8.69833660125732,1
12.5982322692871,1
16.0648517608643,1
17.8125305175781,1
17.4770908355713,1
15.6280660629272,1
13.3501405715942,1
11.9110450744629,1
12.0649642944336,1
13.405951499939,1
14.8929281234741,1
15.9828042984009,1
16.593469619751,1
16.1996822357178,1
14.2354946136475,1
11.6092081069946,1
10.3309812545776,1
10.838454246521,1
11.0829544067383,1
9.49149703979492,1
7.43483066558838,1
6.7445502281189,1
5.71776819229126,1
0.422632962465286,1
-9.71993732452393,1
-20.3869209289551,1
-27.5805892944336,1
-32.0043830871582,1
-36.3267478942871,1
-40.2575798034668,1
-41.4476165771484,1
-40.3825302124023,1
-40.8846893310547,1
-45.1121025085449,1
-50.8409271240234,1
-54.9470024108887,1
-57.2421722412109,1
-59.0188903808594,1
-59.5462226867676,1
-56.5011787414551,1
-49.464672088623,1
-41.0620880126953,1
-34.4786796569824,1
-30.9996700286865,1
-29.8600959777832,1
-29.2177925109863,1
-27.0477085113525,1
-22.1192493438721,1
-14.6969957351685,1
-6.13931274414062,1
2.09780883789062,1
8.97790145874023,1
14.1657485961914,1
18.507661819458,1
23.6748580932617,1
30.4851322174072,1
37.9619102478027,1
44.7267532348633,1
50.6622085571289,1
56.3065719604492,1
61.4141845703125,1
65.4260330200195,1
68.7357559204102,1
71.9415817260742,1
74.2963256835938,1
74.7233657836914,1
74.2765350341797,1
75.6163940429688,1
79.609489440918,1
84.1847076416016,1
87.1959457397461,1
88.7361450195312,1
89.6287536621094,1
89.158317565918,1
85.8996887207031,1
80.1825103759766,1
74.3598709106445,1
70.602294921875,1
69.0822219848633,1
68.2362976074219,1
66.3418121337891,1
62.8819427490234,1
58.6221466064453,1
54.4248046875,1
50.2645111083984,1
45.7343978881836,1
41.1115531921387,1
37.1821479797363,1
34.2280158996582,1
31.9902820587158,1
30.3760433197021,1
29.1241645812988,1
26.9303741455078,1
22.3790054321289,1
16.1354541778564,1
10.7987356185913,1
7.73930931091309,1
5.26115703582764,1
1.09529721736908,1
-4.14181756973267,1
-7.60890913009644,1
-8.28198909759521,1
-8.73606395721436,1
-12.0832643508911,1
-18.1266078948975,1
-23.8378620147705,1
-27.3743686676025,1
-30.0564594268799,1
-33.6637840270996,1
-37.1624526977539,1
-37.923885345459,1
-35.8685264587402,1
-34.297420501709,1
-35.7557678222656,1
-38.6139831542969,1
-39.1133804321289,1
-35.8268585205078,1
-30.5496978759766,1
-25.3300800323486,1
-20.4056510925293,1
-15.2745037078857,1
-10.2774534225464,1
-6.26161289215088,1
-3.33200001716614,1
-0.569171905517578,1
3.23198938369751,1
8.68587779998779,1
15.2999048233032,1
21.7420616149902,1
27.0218734741211,1
31.4402713775635,1
35.921459197998,1
40.4143257141113,1
43.5541801452637,1
44.0578536987305,1
41.9027481079102,1
37.9477691650391,1
33.0226364135742,1
27.7906894683838,1
22.9660339355469,1
18.9959945678711,1
15.6079387664795,1
12.0710859298706,1
7.91657257080078,1
3.24753880500793,1
-1.51504158973694,1
-5.99392700195312,1
-10.0166664123535,1
-13.430251121521,1
-15.6616830825806,1
-15.8176031112671,1
-13.9372291564941,1
-12.0841608047485,1
-13.0771179199219,1
-17.483829498291,1
-22.6397190093994,1
-25.4333305358887,1
-25.4573726654053,1
-24.5766506195068,1
-24.0895118713379,1
-23.6423797607422,1
-22.7700462341309,1
-22.2004566192627,1
-23.2773513793945,1
-26.7332077026367,1
-32.0116119384766,1
-37.2181015014648,1
-40.1443367004395,1
-40.3328666687012,1
-39.9045372009277,1
-41.3842544555664,1
-45.0527725219727,1
-49.4910736083984,1
-54.0488891601562,1
-59.0295028686523,1
-63.7724914550781,1
-66.6759719848633,1
-67.3541564941406,1
-66.783088684082,1
-64.9547576904297,1
-60.5910987854004,1
-53.980655670166,1
-47.9119529724121,1
-44.4761009216309,1
-42.6915817260742,1
-40.6214294433594,1
-38.1659927368164,1
-36.2071647644043,1
-34.438533782959,1
-31.8312149047852,1
-28.3846263885498,1
-25.0356426239014,1
-22.6165351867676,1
-21.8472328186035,1
-23.1336097717285,1
-25.2711505889893,1
-25.7243938446045,1
-23.4540042877197,1
-20.0457248687744,1
-16.8087482452393,1
-12.686936378479,1
-6.93412160873413,1
-1.87491047382355,1
-0.230779141187668,1
-0.947698950767517,1
-0.6186363697052,1
1.67918932437897,1
3.94608473777771,1
5.30753374099731,1
7.36918592453003,1
11.102029800415,1
15.0407066345215,1
17.3731517791748,1
17.7823829650879,1
16.6550178527832,1
14.4250440597534,1
12.2550868988037,1
11.4986543655396,1
11.9064159393311,1
11.962176322937,1
11.1037864685059,1
9.6125431060791,1
6.33283710479736,1
-0.707922399044037,1
-10.6783466339111,1
-19.697286605835,1
-25.3384704589844,1
-28.6695880889893,1
-30.487922668457,1
-28.8178462982178,1
-22.7820835113525,1
-16.2483043670654,1
-14.0356693267822,1
-15.888988494873,1
-17.5654392242432,1
-16.957103729248,1
-15.6626853942871,1
-14.8383445739746,1
-13.1329259872437,1
-9.49180698394775,1
-5.15534973144531,1
-1.84019160270691,1
-0.0915089249610901,1
-0.115628443658352,1
-1.93529212474823,1
-3.82949185371399,1
-2.96487236022949,1
1.1190299987793,1
5.69349956512451,1
8.83277893066406,1
12.0440530776978,1
17.0884342193604,1
22.3043766021729,1
24.8065052032471,1
25.0636234283447,1
26.2715644836426,1
29.5687522888184,1
32.84619140625,1
34.6597671508789,1
36.4468269348145,1
39.5537986755371,1
42.3505249023438,1
42.3768615722656,1
40.1813011169434,1
38.915096282959,1
40.3626708984375,1
43.0727920532227,1
44.6372718811035,1
44.4693603515625,1
43.7775421142578,1
43.7779655456543,1
44.740177154541,1
46.285400390625,1
47.766300201416,1
48.3566246032715,1
47.364688873291,1
44.7606658935547,1
41.3001441955566,1
38.027027130127,1
35.52197265625,1
33.3376121520996,1
30.1088409423828,1
24.7195205688477,1
17.7765007019043,1
11.5011167526245,1
7.51135969161987,1
5.06420803070068,1
2.42111706733704,1
-0.300014704465866,1
-1.10356843471527,1
0.637061893939972,1
2.45297122001648,1
1.4713739156723,1
-2.26542568206787,1
-6.57328414916992,1
-10.2044610977173,1
-13.1630868911743,1
-14.5418291091919,1
-12.7777614593506,1
-8.78975868225098,1
-6.51758289337158,1
-8.77698135375977,1
-14.0326852798462,1
-18.6570987701416,1
-20.8878765106201,1
-20.8544273376465,1
-18.3252487182617,1
-13.2533130645752,1
-8.00430393218994,1
-5.94372749328613,1
-7.13083934783936,1
-7.90958118438721,1
-5.87032270431519,1
-2.99822568893433,1
-2.34840416908264,1
-3.57520198822021,1
-3.96765398979187,1
-2.58224391937256,1
-0.727917492389679,1
1.09811425209045,1
3.90372228622437,1
7.31734848022461,1
8.4665060043335,1
5.13977193832397,1
-1.35438311100006,1
-7.75858592987061,1
-12.245717048645,1
-15.0311050415039,1
-16.5944271087646,1
-16.9477729797363,1
-16.5400485992432,1
-16.6138954162598,1
-18.3259162902832,1
-21.9617366790771,1
-26.8340587615967,1
-31.4418563842773,1
-34.0943450927734,1
-34.0939712524414,1
-32.1307945251465,1
-29.0881862640381,1
-25.0582714080811,1
-20.2252159118652,1
-15.8676481246948,1
-13.1762971878052,1
-11.6002731323242,1
-9.92222881317139,1
-8.71492767333984,1
-9.84572887420654,1
-13.2123737335205,1
-15.8570947647095,1
-15.3574438095093,1
-12.8081684112549,1
-11.2931280136108,1
-12.2255029678345,1
-14.2064752578735,1
-14.9363965988159,1
-13.4152412414551,1
-10.5836496353149,1
-8.23823261260986,1
-6.98458862304688,1
-5.39385414123535,1
-2.11685156822205,1
1.48467671871185,1
2.69219565391541,1
1.69972145557404,1
2.09939050674438,1
5.81189870834351,1
9.89698505401611,1
10.6067533493042,1
8.68351745605469,1
7.72990942001343,1
8.57798957824707,1
8.70977973937988,1
6.98754787445068,1
5.44713020324707,1
5.67155170440674,1
6.52523851394653,1
6.98279714584351,1
8.66686630249023,1
13.4579811096191,1
20.0538005828857,1
24.8615989685059,1
25.6121940612793,1
22.8075504302979,1
18.4239749908447,1
14.5508441925049,1
12.7484865188599,1
13.354790687561,1
15.3189554214478,1
17.2749252319336,1
18.5763072967529,1
19.013240814209,1
18.1468353271484,1
15.4750890731812,1
10.8981008529663,1
4.81584548950195,1
-1.72814249992371,1
-7.07136678695679,1
-10.0404500961304,1
-11.142128944397,1
-11.7403526306152,1
-12.2813930511475,1
-12.7782831192017,1
-14.7008371353149,1
-19.8677253723145,1
-26.875171661377,1
-31.4651908874512,1
-32.0472717285156,1
-32.1961364746094,1
-35.3107414245605,1
-39.340934753418,1
-40.28369140625,1
-39.0501365661621,1
-40.3169288635254,1
-44.9598960876465,1
-48.4639549255371,1
-47.969123840332,1
-46.3593254089355,1
-46.8740463256836,1
-47.5321578979492,1
-44.744815826416,1
-40.0430908203125,1
-38.7435760498047,1
-42.5910568237305,1
-47.7831535339355,1
-50.7376594543457,1
-52.2968711853027,1
-54.9025764465332,1
-58.3971099853516,1
-60.6141014099121,1
-60.5456695556641,1
-59.2144927978516,1
-58.3269233703613,1
-59.121753692627,1
-61.4552764892578,1
-63.0923538208008,1
-61.2743339538574,1
-56.1549682617188,1
-51.2022476196289,1
-48.7681312561035,1
-47.0121383666992,1
-43.3856735229492,1
-39.4323081970215,1
-38.7207107543945,1
-40.6738548278809,1
-40.5165405273438,1
-36.2672271728516,1
-32.014949798584,1
-32.0613975524902,1
-34.7620086669922,1
-35.1687965393066,1
-31.7815380096436,1
-27.241584777832,1
-23.3770236968994,1
-19.2944583892822,1
-14.5590047836304,1
-10.7904052734375,1
-8.80922317504883,1
-6.78854084014893,1
-2.94111895561218,1
1.7370502948761,1
5.02040195465088,1
6.3449182510376,1
6.58091926574707,1
6.13532257080078,1
4.99642896652222,1
3.84671497344971,1
3.54793453216553,1
4.17913818359375,1
5.93822383880615,1
9.9478874206543,1
16.2685604095459,1
22.0683822631836,1
24.4030227661133,1
24.6529922485352,1
27.4060764312744,1
34.3249816894531,1
41.7957878112793,1
45.9585990905762,1
47.6758003234863,1
50.4874267578125,1
55.3981018066406,1
60.2461776733398,1
63.4965553283691,1
66.1349105834961,1
69.5254974365234,1
73.2259292602539,1
75.6904602050781,1
76.2228927612305,1
75.6449661254883,1
75.2969284057617,1
75.4107971191406,1
74.445068359375,1
70.722038269043,1
65.0918960571289,1
60.8419609069824,1
59.9566841125488,1
60.5924758911133,1
59.8134536743164,1
57.8347778320312,1
57.2768669128418,1
58.5425033569336,1
58.6275863647461,1
55.2377624511719,1
49.7344093322754,1
44.6880340576172,1
40.532299041748,1
36.5389099121094,1
33.5902328491211,1
33.4367065429688,1
35.523796081543,1
36.7972297668457,1
35.1211051940918,1
31.3905620574951,1
27.8281497955322,1
25.5680332183838,1
24.6045570373535,1
24.9298477172852,1
26.5748119354248,1
28.9032077789307,1
30.6044120788574,1
30.2818908691406,1
26.9523410797119,1
20.7050476074219,1
13.3529071807861,1
7.6464467048645,1
4.98311758041382,1
4.36661434173584,1
4.36609411239624,1
5.28637886047363,1
7.94140672683716,1
10.7065525054932,1
9.91297149658203,1
3.97905373573303,1
-4.40257549285889,1
-11.4145421981812,1
-16.3573188781738,1
-21.3751602172852,1
-27.8365097045898,1
-34.8761520385742,1
-41.500072479248,1
-48.3893394470215,1
-56.8791885375977,1
-67.0619506835938,1
-77.4778594970703,1
-86.1568984985352,1
-91.7590026855469,1
-94.3084716796875,1
-95.0261001586914,1
-95.0394897460938,1
-94.4716033935547,1
-93.4336776733398,1
-93.3165969848633,1
-95.6527557373047,1
-99.7945251464844,1
-103.320930480957,1
-104.951538085938,1
-105.371246337891,1
-104.847877502441,1
-102.251815795898,1
-97.6615371704102,1
-93.9483261108398,1
-93.7691421508789,1
-96.0717239379883,1
-97.4053802490234,1
-95.935417175293,1
-92.508415222168,1
-88.4963226318359,1
-84.47265625,1
-80.7586059570312,1
-77.6514053344727,1
-75.0809707641602,1
-73.0126876831055,1
-71.6954803466797,1
-70.5529479980469,1
-67.8657684326172,1
-63.0285415649414,1
-58.0123634338379,1
-54.6649169921875,1
-51.6356620788574,1
-46.4552268981934,1
-39.881763458252,1
-35.1670913696289,1
-33.1180763244629,1
-31.0276203155518,1
-26.9987945556641,1
-22.2349586486816,1
-18.022367477417,1
-13.4360618591309,1
-7.69251871109009,1
-2.26647710800171,1
1.27598190307617,1
3.58669137954712,1
5.89468765258789,1
7.93295526504517,1
9.31231784820557,1
11.0890560150146,1
13.9699687957764,1
16.77614402771,1
18.8611583709717,1
22.1243076324463,1
27.9084873199463,1
33.6725769042969,1
36.1767616271973,1
36.8823432922363,1
40.3893547058105,1
47.7791900634766,1
55.3333396911621,1
60.3147926330566,1
64.2544860839844,1
69.219612121582,1
74.2323532104492,1
77.4966354370117,1
79.6523056030273,1
82.4744262695312,1
85.9774856567383,1
88.8183288574219,1
90.3306884765625,1
90.541618347168,1
89.4442901611328,1
87.7920837402344,1
87.2815017700195,1
88.2842178344727,1
88.6060104370117,1
86.1553802490234,1
81.6497650146484,1
77.0182876586914,1
72.5576705932617,1
67.758903503418,1
63.4702033996582,1
60.3536415100098,1
56.0531349182129,1
47.318115234375,1
35.2279968261719,1
25.165132522583,1
20.4980716705322,1
18.8409290313721,1
16.0385417938232,1
11.6395797729492,1
8.29714775085449,1
7.08911466598511,1
5.84299421310425,1
2.02062678337097,1
-4.43554925918579,1
-11.5536708831787,1
-17.6660461425781,1
-22.7945079803467,1
-28.0284061431885,1
-33.7928695678711,1
-38.9337577819824,1
-41.9957084655762,1
-43.5148468017578,1
-46.1958885192871,1
-51.9723129272461,1
-59.3026275634766,1
-64.4596786499023,1
-65.5553588867188,1
-64.1850128173828,1
-62.6355972290039,1
-60.7258148193359,1
-56.8131637573242,1
-51.2913970947266,1
-46.9566268920898,1
-45.158145904541,1
-43.2939567565918,1
-37.7524032592773,1
-28.4917125701904,1
-18.8745555877686,1
-11.1632261276245,1
-4.07509422302246,1
4.68376016616821,1
15.1037044525146,1
25.2462520599365,1
34.0139656066895,1
42.2775573730469,1
51.4106979370117,1
61.5519676208496,1
71.4621887207031,1
79.7239074707031,1
85.8963775634766,1
90.402458190918,1
93.2399826049805,1
93.259033203125,1
89.3413009643555,1
82.0591049194336,1
73.2753524780273,1
64.0453186035156,1
53.8980522155762,1
42.548095703125,1
31.2737693786621,1
21.6395149230957,1
13.2975730895996,1
4.1121940612793,1
-7.27285051345825,1
-19.5520858764648,1
-29.9265460968018,1
-37.081615447998,1
-42.5070991516113,1
-48.4874610900879,1
-55.1998672485352,1
-60.7506370544434,1
-64.1586303710938,1
-67.00146484375,1
-71.1956558227539,1
-76.1828842163086,1
-79.8290023803711,1
-81.6254653930664,1
-83.1455764770508,1
-85.0615539550781,1
-85.5792617797852,1
-83.039306640625,1
-78.866569519043,1
-76.220947265625,1
-75.9753875732422,1
-75.6918106079102,1
-73.1057281494141,1
-69.2097930908203,1
-66.5556488037109,1
-65.287841796875,1
-62.8474922180176,1
-57.9283409118652,1
-52.7095184326172,1
-49.7871398925781,1
-48.4975967407227,1
-46.4974822998047,1
-44.0069274902344,1
-43.4592475891113,1
-44.7024993896484,1
-43.7486305236816,1
-37.9487495422363,1
-30.0174312591553,1
-24.6047763824463,1
-22.4252014160156,1
-20.3684940338135,1
-16.6803646087646,1
-13.3690156936646,1
-13.1732301712036,1
-16.0316886901855,1
-19.1527938842773,1
-19.5124759674072,1
-16.1118068695068,1
-10.6892690658569,1
-6.14173030853271,1
-3.43371820449829,1
-0.55945211648941,1
4.37703943252563,1
9.98554992675781,1
13.4615039825439,1
15.0974254608154,1
18.1677017211914,1
23.6471691131592,1
27.6568603515625,1
25.9370670318604,1
19.2000217437744,1
12.0360927581787,1
7.48670721054077,1
4.81696653366089,1
2.37847757339478,1
0.503119111061096,1
0.652312755584717,1
2.77170300483704,1
4.61015844345093,1
3.78766298294067,1
0.248607441782951,1
-3.68378877639771,1
-6.01369142532349,1
-7.48985242843628,1
-10.361421585083,1
-14.7364139556885,1
-17.7750663757324,1
-17.4392108917236,1
-15.5228986740112,1
-15.1841526031494,1
-16.4722023010254,1
-16.6325531005859,1
-14.5626659393311,1
-12.3030414581299,1
-11.3966150283813,1
-10.2536420822144,1
-6.84581279754639,1
-2.3863160610199,1
-0.225432649254799,1
-1.68588757514954,1
-4.68911695480347,1
-6.29212856292725,1
-5.21951341629028,1
-1.99325752258301,1
2.13898944854736,1
6.10510444641113,1
9.57480430603027,1
12.7618293762207,1
15.3581600189209,1
16.2424449920654,1
15.0623912811279,1
13.5035409927368,1
13.6952199935913,1
15.5357341766357,1
16.9163360595703,1
16.6844596862793,1
16.0679626464844,1
16.7923431396484,1
19.0349521636963,1
21.9557647705078,1
25.2846641540527,1
29.4584197998047,1
34.7234535217285,1
40.9075889587402,1
47.7307357788086,1
54.6130218505859,1
60.3993644714355,1
64.0379257202148,1
65.6753463745117,1
66.6762924194336,1
68.3947219848633,1
71.0365371704102,1
73.7409286499023,1
75.802360534668,1
77.9286346435547,1
82.0113983154297,1
88.9456176757812,1
96.5977935791016,1
100.967903137207,1
100.168273925781,1
96.5848236083984,1
94.0842666625977,1
93.5832748413086,1
92.7190856933594,1
89.6588287353516,1
85.3450698852539,1
81.2605972290039,1
76.6903839111328,1
69.8238143920898,1
60.779369354248,1
51.8858871459961,1
45.0937728881836,1
40.3540496826172,1
36.5039482116699,1
32.631103515625,1
28.5474147796631,1
24.8752841949463,1
22.5026054382324,1
20.9173221588135,1
17.5468006134033,1
10.4113969802856,1
1.2847341299057,1
-5.81903123855591,1
-9.57953071594238,1
-12.4976463317871,1
-16.3844394683838,1
-19.5375442504883,1
-20.3692398071289,1
-21.3394107818604,1
-26.0405445098877,1
-33.577033996582,1
-39.3514175415039,1
-41.3480567932129,1
-42.2472038269043,1
-44.449089050293,1
-46.138786315918,1
-44.2824363708496,1
-39.408504486084,1
-34.9251174926758,1
-32.6295738220215,1
-31.213888168335,1
-29.1176528930664,1
-26.8336277008057,1
-25.6240673065186,1
-25.1512851715088,1
-23.5174465179443,1
-19.539005279541,1
-14.3229217529297,1
-10.2425441741943,1
-8.45994186401367,1
-7.83371210098267,1
-6.45716238021851,1
-3.84805130958557,1
-1.07933390140533,1
0.936043560504913,1
2.39447784423828,1
3.76114726066589,1
4.87130975723267,1
5.27858114242554,1
4.8858323097229,1
3.87689685821533,1
2.61821508407593,1
1.99838662147522,1
3.23052096366882,1
6.78871393203735,1
11.9609270095825,1
17.7654514312744,1
23.6697368621826,1
29.0032787322998,1
32.5654754638672,1
33.816047668457,1
34.114688873291,1
35.934253692627,1
40.8700408935547,1
48.6916732788086,1
57.7336387634277,1
65.5681686401367,1
69.9429397583008,1
70.1373519897461,1
67.3578186035156,1
63.2771034240723,1
58.5718955993652,1
53.3887557983398,1
48.3989562988281,1
44.310546875,1
40.9074974060059,1
37.6732482910156,1
34.7293968200684,1
31.8890037536621,1
27.6589965820312,1
21.1860198974609,1
14.7315034866333,1
11.7188739776611,1
12.0697946548462,1
12.0602569580078,1
9.62952995300293,1
7.09086990356445,1
6.84297227859497,1
6.9475474357605,1
3.88882303237915,1
-1.6999454498291,1
-5.42529392242432,1
-5.10218238830566,1
-3.26235508918762,1
-2.94385361671448,1
-3.65204191207886,1
-3.18082213401794,1
-1.61200070381165,1
-1.20915865898132,1
-2.84000563621521,1
-4.49829626083374,1
-3.82761454582214,1
-0.87952733039856,1
2.40779852867126,1
4.8651180267334,1
7.30571603775024,1
10.9707813262939,1
15.415002822876,1
18.6070079803467,1
19.1308441162109,1
17.6548595428467,1
15.8183765411377,1
14.144455909729,1
11.7745656967163,1
8.10893058776855,1
3.83347082138062,1
0.000529100245330483,1
-3.28003334999084,1
-6.69250679016113,1
-10.5519561767578,1
-14.3074264526367,1
-17.1679992675781,1
-18.8330631256104,1
-19.4753150939941,1
-19.2343883514404,1
-18.0354690551758,1
-16.0954074859619,1
-14.5297241210938,1
-15.042875289917,1
-18.5705051422119,1
-24.2088241577148,1
-29.8276405334473,1
-33.9109725952148,1
-36.6104011535645,1
-38.8461380004883,1
-40.6170463562012,1
-40.6919212341309,1
-38.2814750671387,1
-34.7458419799805,1
-32.8606071472168,1
-33.9184875488281,1
-36.1437454223633,1
-36.8666343688965,1
-35.8945045471191,1
-35.3878479003906,1
-36.3934173583984,1
-37.3963394165039,1
-37.2643699645996,1
-37.7126235961914,1
-40.7676620483398,1
-44.9676933288574,1
-46.7952842712402,1
-45.6462783813477,1
-44.4158668518066,1
-44.3973579406738,1
-42.6193656921387,1
-36.4298782348633,1
-28.6496810913086,1
-25.0938987731934,1
-27.4514636993408,1
-31.3491764068604,1
-31.853307723999,1
-28.5307521820068,1
-24.0167789459229,1
-19.6096134185791,1
-14.3380966186523,1
-7.62425422668457,1
-0.783423364162445,1
4.49000883102417,1
7.82534885406494,1
9.86528778076172,1
11.3100900650024,1
12.9791793823242,1
15.9324550628662,1
20.439281463623,1
25.2087440490723,1
28.6748199462891,1
30.8720855712891,1
33.0283737182617,1
35.4307975769043,1
36.9468574523926,1
36.8234062194824,1
35.5989875793457,1
33.7806205749512,1
31.1269130706787,1
28.1439800262451,1
26.694164276123,1
27.4698600769043,1
28.0428829193115,1
25.6214389801025,1
21.2934398651123,1
19.195629119873,1
21.2248191833496,1
24.780445098877,1
26.5443210601807,1
26.4626140594482,1
26.5490112304688,1
27.2879505157471,1
27.198860168457,1
25.4002723693848,1
22.8220672607422,1
20.6900081634521,1
18.9141998291016,1
16.3178672790527,1
12.0213384628296,1
6.64922094345093,1
2.36537289619446,1
1.06846702098846,1
1.96714293956757,1
1.73243367671967,1
-1.93056678771973,1
-7.49588346481323,1
-11.6153745651245,1
-13.3175945281982,1
-14.5731287002563,1
-16.9445190429688,1
-19.7587242126465,1
-22.0950736999512,1
-24.4989471435547,1
-27.4101104736328,1
-29.4604644775391,1
-29.1007194519043,1
-27.0382862091064,1
-25.2672824859619,1
-24.0662384033203,1
-21.703104019165,1
-17.2202167510986,1
-12.0152349472046,1
-8.18574810028076,1
-6.33855581283569,1
-5.52577352523804,1
-4.63565826416016,1
-3.42268419265747,1
-2.50753092765808,1
-2.37877440452576,1
-2.15087342262268,1
0.0014278496382758,1
4.21077060699463,1
7.44360780715942,1
6.40959358215332,1
1.83677959442139,1
-2.12786722183228,1
-3.13321304321289,1
-3.00661444664001,1
-3.9181227684021,1
-4.60899448394775,1
-2.73607325553894,1
0.612395048141479,1
1.71976685523987,1
-0.729168474674225,1
-4.08695983886719,1
-5.63202285766602,1
-5.71847772598267,1
-6.10420799255371,1
-7.01494693756104,1
-7.32770013809204,1
-6.68140983581543,1
-6.14528560638428,1
-7.15276384353638,1
-10.3120460510254,1
-14.7176895141602,1
-18.2135944366455,1
-19.2730388641357,1
-18.8704586029053,1
-19.2611751556396,1
-20.5835189819336,1
-20.3945636749268,1
-17.4152183532715,1
-13.747709274292,1
-11.7265882492065,1
-10.3342914581299,1
-7.10103464126587,1
-2.35647892951965,1
1.23608982563019,1
2.95582365989685,1
4.93003463745117,1
8.4221773147583,1
11.8212490081787,1
13.2049427032471,1
12.7861862182617,1
11.8085842132568,1
10.8667049407959,1
10.4797229766846,1
11.8066778182983,1
15.599006652832,1
21.4567985534668,1
28.6142387390137,1
35.9579582214355,1
40.9510536193848,1
41.0070724487305,1
37.2911109924316,1
34.8409652709961,1
36.8840789794922,1
40.9444122314453,1
42.9057579040527,1
43.0312995910645,1
44.6656341552734,1
47.9943351745605,1
48.9928932189941,1
45.0711059570312,1
38.3788757324219,1
32.0709037780762,1
25.9684276580811,1
18.0665512084961,1
8.6173038482666,1
0.1549321860075,1
-6.14672088623047,1
-12.0500917434692,1
-19.746618270874,1
-29.0765056610107,1
-37.9358673095703,1
-44.7192420959473,1
-49.5819511413574,1
-53.5631484985352,1
-57.3227233886719,1
-61.0702095031738,1
-65.1401519775391,1
-69.8445739746094,1
-74.7418365478516,1
-78.7472229003906,1
-81.3447341918945,1
-83.2589721679688,1
-85.3798294067383,1
-87.0667037963867,1
-85.9872817993164,1
-80.1077880859375,1
-70.1569671630859,1
-59.9960327148438,1
-53.8249816894531,1
-52.4194412231445,1
-52.4720344543457,1
-50.2896537780762,1
-45.7996673583984,1
-42.0604476928711,1
-41.1465034484863,1
-41.8617286682129,1
-41.8148422241211,1
-40.491943359375,1
-39.4428558349609,1
-40.1841850280762,1
-42.8165969848633,1
-46.3728675842285,1
-49.7594833374023,1
-52.3362312316895,1
-53.9477272033691,1
-54.4856910705566,1
-53.5746841430664,1
-51.1036224365234,1
-47.9888687133789,1
-45.6106605529785,1
-44.079418182373,1
-41.6892738342285,1
-36.7415008544922,1
-29.5703372955322,1
-22.1291084289551,1
-15.8658494949341,1
-10.9185218811035,1
-7.44683837890625,1
-6.48413038253784,1
-8.37733554840088,1
-11.0254135131836,1
-11.3225431442261,1
-8.68411827087402,1
-5.61347579956055,1
-3.87062382698059,1
-1.60673117637634,1
3.95020985603333,1
11.9879846572876,1
18.6308479309082,1
21.8062782287598,1
23.3403339385986,1
25.9770679473877,1
30.6508235931396,1
37.3847694396973,1
46.4001541137695,1
56.7550239562988,1
65.6425399780273,1
70.7667922973633,1
72.4352569580078,1
72.3883819580078,1
72.0506744384766,1
72.8357925415039,1
76.0715942382812,1
80.9690933227539,1
84.5340576171875,1
85.3435211181641,1
85.5077438354492,1
86.7366943359375,1
86.625862121582,1
82.0370941162109,1
74.6950531005859,1
69.660041809082,1
68.6533737182617,1
68.4998016357422,1
66.4077224731445,1
63.291675567627,1
60.885368347168,1
58.6172332763672,1
54.9471435546875,1
49.6378364562988,1
43.2177581787109,1
35.8948707580566,1
28.3106746673584,1
21.9053192138672,1
17.3073387145996,1
13.5023946762085,1
9.42603302001953,1
5.09197902679443,1
0.467830121517181,1
-5.1109447479248,1
-11.3702764511108,1
-16.5186672210693,1
-19.4631309509277,1
-21.1776657104492,1
-22.6893939971924,1
-23.4469909667969,1
-23.4433784484863,1
-25.3008708953857,1
-31.671070098877,1
-41.2735786437988,1
-50.0155868530273,1
-55.889591217041,1
-60.447322845459,1
-65.2736282348633,1
-69.4067459106445,1
-71.1720504760742,1
-70.7723541259766,1
-69.9074478149414,1
-69.9778823852539,1
-71.4636993408203,1
-73.8805465698242,1
-75.4979553222656,1
-74.3059005737305,1
-70.3334884643555,1
-66.0432205200195,1
-63.4396057128906,1
-61.8984642028809,1
-60.090015411377,1
-58.7410659790039,1
-59.3927421569824,1
-61.0505332946777,1
-60.5833129882812,1
-56.8106384277344,1
-51.9196929931641,1
-47.8529510498047,1
-43.4315910339355,1
-36.9626693725586,1
-30.2771224975586,1
-27.5465965270996,1
-30.0883159637451,1
-34.5560493469238,1
-37.0186004638672,1
-37.0331535339355,1
-36.381908416748,1
-35.2590141296387,1
-32.0656623840332,1
-27.0128917694092,1
-23.6806297302246,1
-25.4747562408447,1
-31.4439640045166,1
-37.2897720336914,1
-40.4545402526855,1
-42.4877471923828,1
-45.5951271057129,1
-48.5228042602539,1
-48.0400848388672,1
-44.1371688842773,1
-41.1221733093262,1
-42.3320198059082,1
-45.7538795471191,1
-47.0238380432129,1
-45.4761695861816,1
-44.3184814453125,1
-45.0432319641113,1
-45.003345489502,1
-41.7520294189453,1
-36.9086723327637,1
-33.529052734375,1
-31.7972545623779,1
-30.013298034668,1
-28.231761932373,1
-27.6639881134033,1
-27.2823352813721,1
-24.5249443054199,1
-19.3830966949463,1
-14.3981170654297,1
-10.2280502319336,1
-4.91852951049805,1
1.4035325050354,1
5.28000926971436,1
5.74427700042725,1
7.5441951751709,1
14.857177734375,1
24.6998405456543,1
31.1241722106934,1
34.0761337280273,1
38.8170127868652,1
47.0160827636719,1
54.0060424804688,1
56.2469749450684,1
56.6544990539551,1
59.8747940063477,1
65.9539031982422,1
71.9210662841797,1
77.072395324707,1
83.203483581543,1
90.9884719848633,1
99.2178497314453,1
106.94059753418,1
113.821907043457,1
118.849449157715,1
120.949821472168,1
120.701293945312,1
119.715835571289,1
118.761566162109,1
118.019805908203,1
118.235511779785,1
119.53791809082,1
120.016380310059,1
118.101547241211,1
116.02318572998,1
118.176574707031,1
125.979759216309,1
137.090316772461,1
150.026702880859,1
166.354095458984,1
186.869064331055,1
208.334289550781,1
226.190078735352,1
238.880294799805,1
247.614013671875,1
253.289642333984,1
255.775817871094,1
255.374267578125,1
252.909225463867,1
248.46240234375,1
241.274017333984,1
230.617523193359,1
215.955795288086,1
197.120895385742,1
175.517807006836,1
154.141494750977,1
134.788040161133,1
116.022583007812,1
95.6757583618164,1
74.5687103271484,1
55.3784866333008,1
38.0081558227539,1
18.9217796325684,1
-3.87733697891235,1
-27.4154109954834,1
-46.912712097168,1
-60.9580917358398,1
-71.8369216918945,1
-81.6841583251953,1
-90.3302230834961,1
-96.9792404174805,1
-102.412956237793,1
-108.739654541016,1
-117.378387451172,1
-127.51139831543,1
-136.329193115234,1
-141.087997436523,1
-141.503860473633,1
-140.023849487305,1
-139.299682617188,1
-139.719741821289,1
-140.073913574219,1
-140.076873779297,1
-140.720260620117,1
-141.877838134766,1
-141.222091674805,1
-136.821838378906,1
-129.984741210938,1
-124.088348388672,1
-120.932952880859,1
-119.708267211914,1
-119.495979309082,1
-120.931854248047,1
-124.42261505127,1
-128.036163330078,1
-128.752731323242,1
-125.579963684082,1
-120.311714172363,1
-115.184143066406,1
-110.662574768066,1
-105.759735107422,1
-99.9224700927734,1
-94.2081527709961,1
-90.6105422973633,1
-90.0848388671875,1
-91.1593246459961,1
-90.9300537109375,1
-87.728141784668,1
-82.3402938842773,1
-76.3544540405273,1
-70.279541015625,1
-64.1686401367188,1
-59.0191955566406,1
-55.6522102355957,1
-52.2909889221191,1
-45.2896423339844,1
-33.2362327575684,1
-19.0166835784912,1
-6.59050035476685,1
3.38110280036926,1
13.1742839813232,1
23.6223964691162,1
31.987455368042,1
35.1861724853516,1
34.080078125,1
32.9536476135254,1
34.6479644775391,1
37.647762298584,1
38.7790565490723,1
37.4590187072754,1
35.4555587768555,1
32.9538917541504,1
27.3949451446533,1
17.2647571563721,1
5.14553356170654,1
-4.77807855606079,1
-11.1659908294678,1
-15.6292037963867,1
-19.2118282318115,1
-21.2044525146484,1
-21.702449798584,1
-23.0627555847168,1
-27.503791809082,1
-34.4211235046387,1
-41.2718734741211,1
-46.4599456787109,1
-50.3310203552246,1
-53.7136611938477,1
-56.5292205810547,1
-58.1172752380371,1
-58.5777282714844,1
-59.4365158081055,1
-62.4915351867676,1
-67.5684356689453,1
-71.9264144897461,1
-72.9537048339844,1
-71.3394088745117,1
-70.2487869262695,1
-71.1880950927734,1
-72.4580154418945,1
-72.6135406494141,1
-73.5263442993164,1
-77.9036178588867,1
-84.8229904174805,1
-90.3274993896484,1
-92.4317016601562,1
-93.0775375366211,1
-94.4484558105469,1
-95.6272430419922,1
-94.423095703125,1
-91.0242156982422,1
-88.1023025512695,1
-87.9317626953125,1
-90.5987396240234,1
-94.4187088012695,1
-97.0713653564453,1
-97.0282592773438,1
-94.9314041137695,1
-92.8555221557617,1
-91.2572479248047,1
-87.813835144043,1
-80.7387313842773,1
-71.9099578857422,1
-64.3327713012695,1
-57.2873191833496,1
-47.0431518554688,1
-32.6054420471191,1
-17.5344867706299,1
-4.74690961837769,1
7.47345209121704,1
21.7043609619141,1
35.7101364135742,1
44.0936012268066,1
45.3417358398438,1
43.9969444274902,1
44.8456687927246,1
47.472412109375,1
48.3265342712402,1
46.2920188903809,1
43.4670677185059,1
40.8619956970215,1
36.2583160400391,1
27.6139068603516,1
16.7251529693604,1
7.54946374893188,1
1.62374031543732,1
-2.97413206100464,1
-8.22980785369873,1
-13.627986907959,1
-17.6058921813965,1
-20.1787300109863,1
-23.0196800231934,1
-27.4298820495605,1
-32.9294548034668,1
-37.6772880554199,1
-40.1017608642578,1
-40.4130706787109,1
-40.3437728881836,1
-40.8704490661621,1
-40.7507133483887,1
-38.5078735351562,1
-35.3192710876465,1
-33.918586730957,1
-34.5242004394531,1
-34.2234344482422,1
-31.2101593017578,1
-27.1400604248047,1
-23.7027473449707,1
-19.316068649292,1
-11.840916633606,1
-2.86765933036804,1
3.84378504753113,1
7.36949968338013,1
9.91708755493164,1
12.4847326278687,1
13.7273893356323,1
13.7365493774414,1
15.5021390914917,1
20.9360275268555,1
28.1113433837891,1
34.4474411010742,1
40.3271865844727,1
47.0937690734863,1
53.3958854675293,1
56.7378349304199,1
57.771369934082,1
59.757942199707,1
63.8450965881348,1
68.1102676391602,1
71.8455047607422,1
77.316162109375,1
85.4101943969727,1
92.4842300415039,1
94.5899810791016,1
93.2159881591797,1
93.4656677246094,1
97.0122909545898,1
100.20482635498,1
99.7218627929688,1
97.0251388549805,1
95.6033706665039,1
96.1298522949219,1
96.6166229248047,1
96.0249862670898,1
95.3037719726562,1
95.3139877319336,1
95.9941711425781,1
97.8432312011719,1
102.294532775879,1
109.669937133789,1
117.877334594727,1
124.16625213623,1
127.898712158203,1
131.310623168945,1
138.067687988281,1
151.254943847656,1
172.021194458008,1
199.629043579102,1
232.92529296875,1
271.197570800781,1
312.134643554688,1
348.892364501953,1
371.743682861328,1
375.144775390625,1
362.655151367188,1
342.868041992188,1
320.762573242188,1
295.294250488281,1
265.335845947266,1
234.285125732422,1
206.338424682617,1
180.587539672852,1
152.529403686523,1
121.027549743652,1
90.2783050537109,1
64.039421081543,1
41.0661277770996,1
18.3383522033691,1
-3.51354789733887,1
-21.1409435272217,1
-34.1327857971191,1
-46.584114074707,1
-62.1162338256836,1
-79.4920959472656,1
-94.7348022460938,1
-106.301055908203,1
-116.138641357422,1
-125.818382263184,1
-133.716186523438,1
-137.294876098633,1
-137.192047119141,1
-137.267913818359,1
-140.31233215332,1
-145.067916870117,1
-148.400344848633,1
-149.40446472168,1
-149.875564575195,1
-151.051956176758,1
-151.683044433594,1
-149.98649597168,1
-146.225082397461,1
-142.237884521484,1
-139.112686157227,1
-136.459884643555,1
-133.703033447266,1
-130.990875244141,1
-128.683532714844,1
-126.676826477051,1
-124.470710754395,1
-121.514518737793,1
-117.578102111816,1
-113.366859436035,1
-110.584381103516,1
-110.341171264648,1
-111.256256103516,1
-110.352523803711,1
-106.6484375,1
-102.697784423828,1
-101.113349914551,1
-100.51212310791,1
-97.304313659668,1
-91.5351333618164,1
-88.0461349487305,1
-90.3216857910156,1
-95.6073150634766,1
-98.6312713623047,1
-98.3957061767578,1
-97.9653244018555,1
-98.4433059692383,1
-97.316291809082,1
-93.5661849975586,1
-90.5663223266602,1
-91.6339111328125,1
-95.2513809204102,1
-97.1743545532227,1
-95.5862884521484,1
-91.8383865356445,1
-87.3690643310547,1
-82.2449417114258,1
-76.0891418457031,1
-68.5763473510742,1
-59.4844017028809,1
-49.463436126709,1
-39.6228637695312,1
-28.9773769378662,1
-13.9391241073608,1
7.46297550201416,1
32.0434913635254,1
54.3377876281738,1
71.7689514160156,1
84.4186935424805,1
91.0985260009766,1
89.5218887329102,1
80.567497253418,1
68.9343872070312,1
58.4393119812012,1
49.0320129394531,1
39.2372550964355,1
29.0234203338623,1
18.8938522338867,1
8.13236618041992,1
-4.30220985412598,1
-18.0164966583252,1
-31.3599491119385,1
-42.8429641723633,1
-52.1505393981934,1
-60.517448425293,1
-69.8622055053711,1
-80.3397521972656,1
-89.2109680175781,1
-93.9218292236328,1
-95.933235168457,1
-99.160026550293,1
-104.62230682373,1
-109.424644470215,1
-111.584625244141,1
-112.68766784668,1
-114.156257629395,1
-113.90242767334,1
-109.518760681152,1
-102.979698181152,1
-99.0234756469727,1
-99.3790130615234,1
-101.152160644531,1
-100.956443786621,1
-98.5636215209961,1
-96.054084777832,1
-94.8713760375977,1
-94.3687438964844,1
-92.6221466064453,1
-88.5475540161133,1
-83.5270919799805,1
-80.3166809082031,1
-79.6069030761719,1
-78.5424346923828,1
-73.9619750976562,1
-66.4137725830078,1
-59.1968460083008,1
-53.6981201171875,1
-47.8292846679688,1
-39.6358680725098,1
-30.3671112060547,1
-22.4073905944824,1
-15.4290189743042,1
-6.67889022827148,1
4.94590950012207,1
16.8090476989746,1
25.2807998657227,1
29.6453742980957,1
32.3221817016602,1
35.552604675293,1
38.8797187805176,1
40.2316932678223,1
38.8915939331055,1
36.7439727783203,1
36.5405120849609,1
39.2728424072266,1
43.5494422912598,1
47.6693000793457,1
52.0341873168945,1
58.7329025268555,1
68.2364273071289,1
77.3855819702148,1
82.2527694702148,1
83.037483215332,1
84.2598571777344,1
89.2475204467773,1
96.3397979736328,1
102.267845153809,1
107.438148498535,1
114.708801269531,1
123.508453369141,1
129.078796386719,1
129.05598449707,1
127.832275390625,1
131.760818481445,1
141.587799072266,1
152.383239746094,1
160.512619018555,1
168.163040161133,1
180.369857788086,1
199.114562988281,1
221.133605957031,1
240.669677734375,1
253.561782836914,1
258.800018310547,1
256.792083740234,1
247.260604858398,1
229.985122680664,1
207.171295166016,1
182.936050415039,1
159.386779785156,1
134.866226196289,1
107.626930236816,1
79.7666168212891,1
55.3148040771484,1
35.3464965820312,1
17.5697135925293,1
0.403246432542801,1
-15.4172515869141,1
-29.6888465881348,1
-44.1677894592285,1
-59.6183090209961,1
-73.7719345092773,1
-84.3572082519531,1
-92.690315246582,1
-101.993675231934,1
-112.825050354004,1
-122.201622009277,1
-127.18546295166,1
-127.937797546387,1
-127.335594177246,1
-128.617004394531,1
-132.974411010742,1
-138.318496704102,1
-140.951690673828,1
-139.688339233398,1
-137.502853393555,1
-137.466491699219,1
-138.172714233398,1
-135.995742797852,1
-131.477142333984,1
-129.712341308594,1
-133.140472412109,1
-137.452194213867,1
-137.274169921875,1
-133.264221191406,1
-130.044952392578,1
-128.729309082031,1
-125.85205078125,1
-119.891380310059,1
-114.713661193848,1
-114.57177734375,1
-118.310501098633,1
-120.956497192383,1
-119.664207458496,1
-115.728981018066,1
-111.188430786133,1
-105.720558166504,1
-97.7982788085938,1
-87.8996124267578,1
-79.3369750976562,1
-75.3981781005859,1
-75.85595703125,1
-76.9785995483398,1
-75.3582000732422,1
-71.0514144897461,1
-66.232048034668,1
-61.6474647521973,1
-56.0577507019043,1
-48.9959678649902,1
-42.1130485534668,1
-36.959056854248,1
-32.7487602233887,1
-27.3558082580566,1
-19.7653923034668,1
-10.7500267028809,1
-1.73584163188934,1
6.26832580566406,1
12.9890203475952,1
18.6278228759766,1
23.1319522857666,1
25.9281063079834,1
27.1045761108398,1
28.5168151855469,1
32.2888031005859,1
38.0677642822266,1
43.4023246765137,1
47.4123573303223,1
52.2952690124512,1
59.9880867004395,1
68.9153289794922,1
75.8776931762695,1
80.2730712890625,1
84.4736557006836,1
90.2377471923828,1
96.5577239990234,1
101.436782836914,1
104.40535736084,1
106.420501708984,1
107.857360839844,1
107.460662841797,1
103.67798614502,1
97.0763397216797,1
90.93359375,1
88.532096862793,1
89.8000106811523,1
91.6871109008789,1
92.1305465698242,1
92.1151733398438,1
92.822509765625,1
92.4773635864258,1
88.3319091796875,1
81.1570816040039,1
75.1557312011719,1
72.8947143554688,1
72.4722290039062,1
70.7391815185547,1
67.3938140869141,1
64.0977478027344,1
60.7983741760254,1
55.3081474304199,1
46.5573425292969,1
36.3660163879395,1
27.3393363952637,1
20.2972545623779,1
14.5653667449951,1
9.76628875732422,1
6.15300559997559,1
3.45642280578613,1
0.290977448225021,1
-5.0818886756897,1
-13.4116296768188,1
-23.4612369537354,1
-32.3694190979004,1
-38.0553550720215,1
-41.8335380554199,1
-47.5078353881836,1
-56.7952423095703,1
-66.751579284668,1
-73.4167022705078,1
-77.1631088256836,1
-82.0523376464844,1
-90.0329055786133,1
-98.5859527587891,1
-104.953498840332,1
-109.824043273926,1
-114.853149414062,1
-118.98657989502,1
-120.421501159668,1
-121.043914794922,1
-125.308753967285,1
-134.345001220703,1
-144.176208496094,1
-150.921478271484,1
-155.293960571289,1
-160.197647094727,1
-165.750152587891,1
-169.170043945312,1
-169.054138183594,1
-167.538940429688,1
-167.718765258789,1
-170.223022460938,1
-173.014221191406,1
-173.904449462891,1
-172.691177368164,1
-170.995376586914,1
-170.302307128906,1
-170.348403930664,1
-169.762466430664,1
-168.267395019531,1
-167.293579101562,1
-167.564529418945,1
-166.860137939453,1
-161.838027954102,1
-152.177856445312,1
-141.206619262695,1
-131.636138916016,1
-122.295150756836,1
-110.586822509766,1
-96.9440841674805,1
-84.5968856811523,1
-75.1665878295898,1
-66.7428207397461,1
-56.8652381896973,1
-45.5325126647949,1
-34.3795967102051,1
-24.5347175598145,1
-16.5266284942627,1
-11.0034523010254,1
-8.08453369140625,1
-6.77670574188232,1
-6.14542579650879,1
-6.20086145401001,1
-6.62081575393677,1
-5.88452196121216,1
-3.29602861404419,1
-0.856014847755432,1
-1.20176196098328,1
-4.31699275970459,1
-8.21315574645996,1
-12.3176097869873,1
-17.8777542114258,1
-25.0189800262451,1
-31.7774600982666,1
-36.7665748596191,1
-40.9954147338867,1
-46.175594329834,1
-52.5640907287598,1
-59.2368278503418,1
-65.4074325561523,1
-70.821159362793,1
-75.6607818603516,1
-80.3953704833984,1
-84.9220962524414,1
-87.8383102416992,1
-87.5982437133789,1
-84.3668365478516,1
-79.6327972412109,1
-74.3109130859375,1
-68.8501892089844,1
-64.9609298706055,1
-64.8153610229492,1
-67.7324523925781,1
-69.7492370605469,1
-67.8701858520508,1
-63.3095970153809,1
-59.2240829467773,1
-56.5625610351562,1
-53.756519317627,1
-49.6180038452148,1
-44.7949028015137,1
-40.5792388916016,1
-37.6452026367188,1
-36.0058555603027,1
-35.1391792297363,1
-33.9249420166016,1
-31.2489490509033,1
-27.0979061126709,1
-22.7548656463623,1
-19.6651649475098,1
-18.2056846618652,1
-17.6150245666504,1
-16.9274082183838,1
-15.7068433761597,1
-13.8706197738647,1
-11.2833547592163,1
-8.03722381591797,1
-4.81005477905273,1
-2.08972859382629,1
0.876607835292816,1
5.27096700668335,1
10.7068700790405,1
15.4260845184326,1
19.0568256378174,1
23.7306632995605,1
31.4880352020264,1
41.8398704528809,1
52.8105926513672,1
62.7345695495605,1
69.7252197265625,1
71.5218124389648,1
68.3643951416016,1
64.4927291870117,1
63.7729072570801,1
64.6886444091797,1
62.7730865478516,1
57.393383026123,1
52.4573822021484,1
50.1218452453613,1
47.5167083740234,1
41.001148223877,1
30.702127456665,1
19.3439197540283,1
9.02544212341309,1
0.531072676181793,1
-6.41419792175293,1
-13.4633798599243,1
-22.0927314758301,1
-30.9064922332764,1
-37.2094345092773,1
-42.1707229614258,1
-50.8144912719727,1
-64.9332504272461,1
-79.7901153564453,1
-90.9185028076172,1
-100.661865234375,1
-113.687240600586,1
-128.692672729492,1
-139.905090332031,1
-145.793045043945,1
-150.91487121582,1
-158.588317871094,1
-166.460952758789,1
-171.065231323242,1
-173.135192871094,1
-175.97119140625,1
-180.627700805664,1
-184.985382080078,1
-186.891418457031,1
-186.974731445312,1
-188.350952148438,1
-193.300827026367,1
-199.800277709961,1
-202.537063598633,1
-198.753967285156,1
-191.628677368164,1
-185.65202331543,1
-180.293716430664,1
-171.796844482422,1
-160.374862670898,1
-150.998809814453,1
-146.151947021484,1
-142.103851318359,1
-134.53923034668,1
-124.487098693848,1
-115.824615478516,1
-109.242248535156,1
-101.800308227539,1
-91.4646148681641,1
-79.6289978027344,1
-69.3345184326172,1
-62.1818046569824,1
-56.5078277587891,1
-48.249698638916,1
-34.9933128356934,1
-19.4170017242432,1
-6.38674306869507,1
4.10467386245728,1
17.9479522705078,1
38.9324188232422,1
62.9288673400879,1
83.2572784423828,1
99.3242874145508,1
115.681365966797,1
133.864639282227,1
150.008117675781,1
160.874435424805,1
167.8623046875,1
173.387298583984,1
176.543701171875,1
174.573257446289,1
166.702835083008,1
154.612228393555,1
140.219314575195,1
124.350021362305,1
106.916465759277,1
87.8170776367188,1
68.3480682373047,1
51.3923301696777,1
38.5389747619629,1
27.2815780639648,1
13.5339126586914,1
-2.79880738258362,1
-17.5861549377441,1
-28.5192947387695,1
-37.9849586486816,1
-48.1154518127441,1
-56.4981117248535,1
-60.1103096008301,1
-60.987606048584,1
-63.899715423584,1
-69.6617889404297,1
-74.8671569824219,1
-77.873893737793,1
-80.8979949951172,1
-85.4354934692383,1
-89.235969543457,1
-89.4232788085938,1
-86.1527328491211,1
-81.8388595581055,1
-78.8426361083984,1
-78.9414138793945,1
-82.7525863647461,1
-88.2685699462891,1
-92.0214233398438,1
-93.1354141235352,1
-94.2035217285156,1
-96.775276184082,1
-98.649055480957,1
-98.098762512207,1
-98.3079452514648,1
-103.795364379883,1
-113.449325561523,1
-121.074073791504,1
-123.087242126465,1
-122.121559143066,1
-122.033416748047,1
-122.727615356445,1
-122.025718688965,1
-120.182556152344,1
-119.711326599121,1
-121.717506408691,1
-124.798416137695,1
-127.320106506348,1
-128.947296142578,1
-129.906753540039,1
-130.187835693359,1
-129.666534423828,1
-128.127990722656,1
-125.410705566406,1
-122.509590148926,1
-121.947593688965,1
-125.398147583008,1
-131.011779785156,1
-134.837829589844,1
-135.211898803711,1
-134.067352294922,1
-133.444549560547,1
-132.69401550293,1
-130.303146362305,1
-126.581672668457,1
-122.465621948242,1
-116.834617614746,1
-107.631973266602,1
-95.619384765625,1
-84.5111083984375,1
-76.2059783935547,1
-67.4079132080078,1
-52.6014251708984,1
-30.0837688446045,1
-3.95846390724182,1
20.0134925842285,1
39.9213218688965,1
58.7374496459961,1
80.1314697265625,1
103.833534240723,1
125.538726806641,1
141.014358520508,1
149.341354370117,1
151.966094970703,1
149.972930908203,1
143.67497253418,1
134.319854736328,1
124.433662414551,1
115.905143737793,1
108.662139892578,1
101.722846984863,1
94.7774124145508,1
88.1513977050781,1
81.806755065918,1
75.1143035888672,1
67.4351272583008,1
58.412540435791,1
47.715015411377,1
34.8635215759277,1
19.5866832733154,1
2.58891844749451,1
-13.9820737838745,1
-27.4510269165039,1
-36.8384284973145,1
-44.0487670898438,1
-51.9010848999023,1
-60.8316650390625,1
-68.5629730224609,1
-73.3780364990234,1
-76.4216156005859,1
-79.7270736694336,1
-83.0357666015625,1
-84.2958145141602,1
-83.1015396118164,1
-81.9050903320312,1
-83.2340545654297,1
-86.8926620483398,1
-90.698974609375,1
-93.1149444580078,1
-94.1160888671875,1
-93.9005126953125,1
-92.0075225830078,1
-88.2256317138672,1
-83.8069381713867,1
-80.9568862915039,1
-80.7385940551758,1
-81.7291488647461,1
-81.2961349487305,1
-78.2819290161133,1
-73.8136138916016,1
-69.2243576049805,1
-64.1442565917969,1
-57.5876274108887,1
-50.1966972351074,1
-43.9879188537598,1
-40.1060409545898,1
-38.2535667419434,1
-38.1857376098633,1
-39.9391288757324,1
-42.2623176574707,1
-42.8588790893555,1
-41.2142868041992,1
-39.5323143005371,1
-39.7659225463867,1
-41.3949356079102,1
-43.383373260498,1
-46.2571487426758,1
-50.1479606628418,1
-52.636043548584,1
-51.4149169921875,1
-47.9336700439453,1
-45.2547950744629,1
-43.0303840637207,1
-38.1609649658203,1
-30.350133895874,1
-23.0797176361084,1
-18.1805591583252,1
-13.3021726608276,1
-6.59397506713867,1
-0.307649254798889,1
3.08875131607056,1
5.54057598114014,1
10.5399713516235,1
17.2544651031494,1
21.2807331085205,1
20.8531017303467,1
18.9186687469482,1
18.4848461151123,1
18.6102294921875,1
16.2955741882324,1
10.7266759872437,1
4.21559047698975,1
-0.557567536830902,1
-3.29199385643005,1
-5.85407018661499,1
-9.52339267730713,1
-13.0153903961182,1
-14.0044288635254,1
-12.3284358978271,1
-10.3056087493896,1
-9.62875461578369,1
-9.54547119140625,1
-8.8089656829834,1
-7.72643518447876,1
-7.04851198196411,1
-6.3000807762146,1
-4.7150092124939,1
-2.66828060150146,1
-0.686751782894135,1
1.92213022708893,1
6.0005578994751,1
11.1581020355225,1
16.8837718963623,1
23.7333469390869,1
31.6471920013428,1
38.4742813110352,1
42.4899864196777,1
45.3086013793945,1
49.6324119567871,1
54.8783531188965,1
58.1665267944336,1
59.4849967956543,1
62.3318824768066,1
68.2743530273438,1
74.1560516357422,1
76.6610717773438,1
77.0650863647461,1
78.844123840332,1
82.360725402832,1
85.1471710205078,1
86.8775634765625,1
90.6064834594727,1
98.0140533447266,1
106.013359069824,1
110.098167419434,1
109.657012939453,1
107.797462463379,1
106.641815185547,1
105.362426757812,1
103.152503967285,1
101.492744445801,1
101.852806091309,1
102.85326385498,1
101.732391357422,1
97.741828918457,1
92.2599334716797,1
86.3360748291016,1
80.2687530517578,1
75.214973449707,1
72.8507537841797,1
73.2172775268555,1
74.9290771484375,1
77.6251449584961,1
81.8278579711914,1
85.9562530517578,1
86.422233581543,1
82.3398132324219,1
77.8172302246094,1
77.3279495239258,1
80.3042373657227,1
82.6196212768555,1
82.4321365356445,1
82.0227355957031,1
83.8808288574219,1
87.1161270141602,1
88.598762512207,1
86.7143173217773,1
83.323974609375,1
82.1177368164062,1
85.0661010742188,1
90.6673736572266,1
96.1341781616211,1
100.766403198242,1
105.718193054199,1
110.665550231934,1
113.183258056641,1
112.456649780273,1
111.14794921875,1
111.466339111328,1
111.273345947266,1
106.883857727051,1
98.6340942382812,1
90.5141906738281,1
84.4256896972656,1
77.8931579589844,1
68.2091369628906,1
56.1862335205078,1
44.3596649169922,1
33.3952751159668,1
22.0798492431641,1
9.8574800491333,1
-2.31280994415283,1
-13.4351816177368,1
-23.7343444824219,1
-34.2730865478516,1
-45.6676254272461,1
-57.1855163574219,1
-67.1570205688477,1
-74.5099411010742,1
-79.6457595825195,1
-83.3896560668945,1
-85.668212890625,1
-86.2709045410156,1
-86.5734252929688,1
-89.010498046875,1
-94.4526443481445,1
-101.225227355957,1
-107.260581970215,1
-112.345359802246,1
-117.630332946777,1
-123.565391540527,1
-129.077407836914,1
-132.778015136719,1
-134.709777832031,1
-136.599945068359,1
-139.864379882812,1
-143.349395751953,1
-144.078414916992,1
-140.760192871094,1
-135.317855834961,1
-129.961883544922,1
-124.23331451416,1
-116.711204528809,1
-108.360687255859,1
-101.659271240234,1
-96.9501342773438,1
-92.3029861450195,1
-86.9033508300781,1
-81.8540115356445,1
-77.2731246948242,1
-71.433464050293,1
-63.8486061096191,1
-56.8448905944824,1
-52.6998558044434,1
-50.9810218811035,1
-49.8005218505859,1
-47.9734954833984,1
-44.9067153930664,1
-40.1131172180176,1
-33.981876373291,1
-27.4861526489258,1
-20.2697677612305,1
-10.8436632156372,1
0.422474175691605,1
10.6593065261841,1
18.1113414764404,1
24.2076091766357,1
30.4817180633545,1
35.7312889099121,1
38.3929862976074,1
39.7628364562988,1
42.2850685119629,1
46.0327682495117,1
49.3903923034668,1
52.0577049255371,1
54.7776145935059,1
56.9736213684082,1
57.3730812072754,1
56.5741004943848,1
56.5318336486816,1
57.6953201293945,1
58.8108711242676,1
59.1842613220215,1
58.8450469970703,1
56.8908271789551,1
52.3960113525391,1
47.0228614807129,1
43.9206352233887,1
43.4587898254395,1
42.7014503479004,1
40.0116729736328,1
37.513370513916,1
37.4032897949219,1
38.0551719665527,1
36.00732421875,1
30.5943069458008,1
24.4824256896973,1
20.0523529052734,1
16.9920330047607,1
13.6253290176392,1
9.49507808685303,1
6.08229780197144,1
5.11880588531494,1
6.44372892379761,1
8.08789825439453,1
8.86191558837891,1
9.93862342834473,1
12.6725053787231,1
15.7683620452881,1
16.7535514831543,1
15.9498252868652,1
16.2380924224854,1
18.2185955047607,1
18.3983497619629,1
13.8226690292358,1
6.24864339828491,1
-0.371391534805298,1
-4.72906589508057,1
-8.0177526473999,1
-10.3399000167847,1
-10.2997770309448,1
-8.02538967132568,1
-6.04047393798828,1
-6.60454845428467,1
-9.83565425872803,1
-14.639965057373,1
-19.7964210510254,1
-23.8163261413574,1
-25.4703063964844,1
-25.241792678833,1
-25.0825805664062,1
-26.1061534881592,1
-27.5730895996094,1
-28.6956157684326,1
-30.2325038909912,1
-33.3159637451172,1
-37.5553512573242,1
-41.5134506225586,1
-44.7148170471191,1
-47.9762153625488,1
-51.6129112243652,1
-54.472785949707,1
-55.614429473877,1
-56.3858909606934,1
-59.5619773864746,1
-66.0669937133789,1
-73.5634307861328,1
-79.0977325439453,1
-82.3419723510742,1
-84.9963455200195,1
-87.5899276733398,1
-88.7544326782227,1
-87.8829116821289,1
-86.5582656860352,1
-86.3337020874023,1
-86.6410522460938,1
-86.2970657348633,1
-85.8854064941406,1
-86.8491592407227,1
-88.7687072753906,1
-89.3479461669922,1
-87.2641143798828,1
-83.8414916992188,1
-81.7318496704102,1
-82.6923065185547,1
-86.3886108398438,1
-90.3728866577148,1
-91.4824295043945,1
-88.425910949707,1
-82.927360534668,1
-77.3479461669922,1
-71.7018508911133,1
-64.6951751708984,1
-57.3904190063477,1
-53.2132453918457,1
-53.2205390930176,1
-53.6036605834961,1
-49.9983329772949,1
-42.9724159240723,1
-36.7753982543945,1
-33.110221862793,1
-28.8776760101318,1
-20.8733882904053,1
-10.48268699646,1
-1.95170295238495,1
2.92010831832886,1
6.55996036529541,1
12.393105506897,1
21.3721561431885,1
31.88427734375,1
41.8011741638184,1
50.0120429992676,1
56.6896324157715,1
62.5995864868164,1
67.8232269287109,1
71.3210220336914,1
72.8024597167969,1
74.9859390258789,1
82.0641174316406,1
94.779182434082,1
108.740653991699,1
119.49146270752,1
127.741455078125,1
136.959091186523,1
147.080978393555,1
154.675354003906,1
159.499465942383,1
166.09912109375,1
176.639038085938,1
186.397308349609,1
190.260131835938,1
190.514617919922,1
193.152206420898,1
198.274871826172,1
200.116149902344,1
196.627487182617,1
192.982299804688,1
193.524978637695,1
195.445098876953,1
193.890243530273,1
189.430786132812,1
186.175765991211,1
184.896530151367,1
182.406860351562,1
176.736907958984,1
169.120147705078,1
161.155883789062,1
153.175918579102,1
145.425384521484,1
138.236206054688,1
131.039138793945,1
123.403678894043,1
116.548301696777,1
111.273193359375,1
105.080467224121,1
94.7136535644531,1
81.518798828125,1
70.5142211914062,1
63.3563079833984,1
56.2230224609375,1
46.5463829040527,1
37.8786315917969,1
34.5727729797363,1
34.3791961669922,1
30.8002319335938,1
21.8561782836914,1
12.1818494796753,1
6.04473733901978,1
2.27732586860657,1
-2.18365669250488,1
-6.97974014282227,1
-9.51939392089844,1
-9.9468879699707,1
-11.8226175308228,1
-17.7206859588623,1
-26.2522010803223,1
-34.0134124755859,1
-38.9522933959961,1
-41.0720901489258,1
-41.1377983093262,1
-40.0472602844238,1
-39.0955848693848,1
-39.7025413513184,1
-42.5602340698242,1
-47.33056640625,1
-53.0165176391602,1
-58.2652359008789,1
-61.6532859802246,1
-62.4267349243164,1
-61.0463027954102,1
-58.5304489135742,1
-55.3057746887207,1
-51.2704734802246,1
-46.9150161743164,1
-43.473201751709,1
-41.5157699584961,1
-40.0045204162598,1
-37.3214149475098,1
-32.9361419677734,1
-27.6404304504395,1
-22.4648494720459,1
-17.886022567749,1
-13.9667873382568,1
-10.7815160751343,1
-8.47062587738037,1
-6.75558185577393,1
-4.29588747024536,1
0.971723616123199,1
9.88303565979004,1
20.3678894042969,1
28.833568572998,1
33.6614074707031,1
36.2351875305176,1
38.0757751464844,1
38.7591896057129,1
38.0815582275391,1
38.4371490478516,1
42.3650093078613,1
48.5807075500488,1
53.4743270874023,1
56.4110336303711,1
60.1471862792969,1
65.2561187744141,1
67.9223403930664,1
65.5758972167969,1
61.6356658935547,1
61.2319869995117,1
64.0830154418945,1
65.4974060058594,1
63.8263626098633,1
62.9751739501953,1
66.713623046875,1
73.6411361694336,1
79.4361419677734,1
82.1048965454102,1
83.3305282592773,1
85.7987365722656,1
90.6435012817383,1
97.0048294067383,1
103.092155456543,1
107.722282409668,1
110.970909118652,1
113.104545593262,1
113.481925964355,1
111.649604797363,1
109.10701751709,1
108.227188110352,1
109.144348144531,1
109.326461791992,1
106.789268493652,1
102.276954650879,1
97.6514205932617,1
93.6655960083008,1
90.2211074829102,1
87.3716049194336,1
84.9093322753906,1
82.1494598388672,1
79.2978668212891,1
77.9193801879883,1
78.8067398071289,1
80.4497833251953,1
80.9325790405273,1
80.1934051513672,1
78.7771682739258,1
75.534294128418,1
68.9028396606445,1
60.0291213989258,1
52.1899223327637,1
46.9015693664551,1
42.6941986083984,1
38.0501823425293,1
33.2452774047852,1
28.3758392333984,1
21.8459205627441,1
12.648268699646,1
2.74610137939453,1
-4.84842681884766,1
-9.80356693267822,1
-14.5438003540039,1
-20.7510566711426,1
-27.3133182525635,1
-32.1025848388672,1
-34.8365478515625,1
-37.7247467041016,1
-43.6013793945312,1
-53.4189491271973,1
-65.3397750854492,1
-76.5716094970703,1
-86.2883605957031,1
-96.0160903930664,1
-106.669532775879,1
-116.445831298828,1
-123.181915283203,1
-128.067153930664,1
-134.748382568359,1
-144.303604125977,1
-153.181884765625,1
-157.494522094727,1
-157.883804321289,1
-158.184753417969,1
-159.928009033203,1
-160.536239624023,1
-157.57829284668,1
-152.868453979492,1
-150.691436767578,1
-152.72981262207,1
-156.43489074707,1
-158.412857055664,1
-157.873718261719,1
-156.102996826172,1
-153.831451416016,1
-150.572631835938,1
-146.325103759766,1
-142.647247314453,1
-141.448715209961,1
-143.073791503906,1
-145.888046264648,1
-147.637710571289,1
-147.144836425781,1
-144.80517578125,1
-141.559127807617,1
-137.642318725586,1
-132.815444946289,1
-127.817977905273,1
-124.691703796387,1
-124.837051391602,1
-127.104957580566,1
-128.720031738281,1
-128.085861206055,1
-125.886573791504,1
-123.360046386719,1
-120.514923095703,1
-116.720268249512,1
-112.351547241211,1
-108.701553344727,1
-106.137649536133,1
-103.280204772949,1
-98.6397857666016,1
-92.4918594360352,1
-86.2202529907227,1
-80.1745834350586,1
-73.5998077392578,1
-66.83349609375,1
-61.6182975769043,1
-58.0540809631348,1
-53.2709808349609,1
-45.6007537841797,1
-38.653450012207,1
-37.6806526184082,1
-42.0758934020996,1
-45.5305709838867,1
-44.7265586853027,1
-43.6694183349609,1
-46.820426940918,1
-51.7488632202148,1
-52.7056655883789,1
-48.8993148803711,1
-44.301586151123,1
-40.4796981811523,1
-34.98876953125,1
-27.3065757751465,1
-21.4053707122803,1
-20.6260623931885,1
-23.7217979431152,1
-27.8696537017822,1
-32.2635116577148,1
-36.6191368103027,1
-39.4172439575195,1
-40.5636215209961,1
-43.2607269287109,1
-49.9676666259766,1
-58.2577056884766,1
-63.9500198364258,1
-67.0508651733398,1
-71.1142654418945,1
-77.3388900756836,1
-82.8713989257812,1
-85.2609024047852,1
-85.4234771728516,1
-85.1981506347656,1
-84.4926071166992,1
-82.2823715209961,1
-78.8021621704102,1
-75.4350051879883,1
-73.3490753173828,1
-72.9197387695312,1
-73.5170364379883,1
-73.3572845458984,1
-70.5878448486328,1
-65.0868911743164,1
-58.569034576416,1
-53.0406761169434,1
-50.2290153503418,1
-52.0144233703613,1
-59.1352195739746,1
-68.8682022094727,1
-76.1903991699219,1
-78.6118469238281,1
-78.3149108886719,1
-78.2684631347656,1
-78.0496673583984,1
-75.6102447509766,1
-71.9483261108398,1
-71.2499160766602,1
-76.1062164306641,1
-84.4930114746094,1
-92.163459777832,1
-96.8302154541016,1
-99.3145980834961,1
-101.360916137695,1
-103.137725830078,1
-103.020767211914,1
-99.8894882202148,1
-95.5090103149414,1
-93.7552337646484,1
-96.6617050170898,1
-101.71671295166,1
-104.109321594238,1
-101.553733825684,1
-95.9973754882812,1
-90.6547698974609,1
-86.5531539916992,1
-82.5825347900391,1
-78.1333618164062,1
-74.5316772460938,1
-73.4554061889648,1
-74.2966003417969,1
-73.8477172851562,1
-69.1982803344727,1
-60.7658996582031,1
-51.8032417297363,1
-44.9904098510742,1
-40.438419342041,1
-37.1365852355957,1
-34.910701751709,1
-33.9426078796387,1
-33.4466361999512,1
-32.3837623596191,1
-31.1445293426514,1
-31.074197769165,1
-32.2776145935059,1
-33.2366142272949,1
-33.0707817077637,1
-33.1128463745117,1
-35.3669395446777,1
-39.8163719177246,1
-44.1068992614746,1
-46.1393280029297,1
-46.5543823242188,1
-47.9636154174805,1
-51.3987121582031,1
-54.2587966918945,1
-53.0451354980469,1
-48.1027030944824,1
-43.9176254272461,1
-43.6687850952148,1
-44.909595489502,1
-42.4852981567383,1
-35.0029411315918,1
-26.1420707702637,1
-19.3793830871582,1
-13.8088502883911,1
-6.62493991851807,1
1.9103045463562,1
8.38116550445557,1
11.0406522750854,1
12.61057472229,1
17.0868949890137,1
24.8979072570801,1
32.8767700195312,1
38.6712455749512,1
43.1217842102051,1
47.5553703308105,1
50.8448829650879,1
51.3025436401367,1
50.3210754394531,1
51.2519607543945,1
54.6566925048828,1
57.6258583068848,1
58.6534538269043,1
60.0286712646484,1
63.2818183898926,1
65.0810623168945,1
61.2400703430176,1
53.4443969726562,1
47.9447860717773,1
47.3991241455078,1
47.7738838195801,1
44.6637725830078,1
39.3989753723145,1
36.3307113647461,1
36.1106376647949,1
34.7962112426758,1
29.1790237426758,1
20.4212074279785,1
12.0658102035522,1
6.49176359176636,1
4.17953586578369,1
4.84960508346558,1
7.79610347747803,1
11.5906915664673,1
14.6035652160645,1
15.8050889968872,1
14.5982437133789,1
10.5012149810791,1
4.05005979537964,1
-2.40605998039246,1
-6.3505654335022,1
-7.85001754760742,1
-9.34449291229248,1
-12.1745958328247,1
-14.7197685241699,1
-14.9879674911499,1
-13.798454284668,1
-13.869517326355,1
-16.3744106292725,1
-19.7575130462646,1
-21.4850902557373,1
-19.7598361968994,1
-14.230993270874,1
-6.6858868598938,1
-0.656672954559326,1
1.45188283920288,1
0.851237177848816,1
0.553973615169525,1
1.44357705116272,1
2.06373453140259,1
2.06765079498291,1
3.27721858024597,1
6.55134773254395,1
9.87019157409668,1
10.8654689788818,1
9.64914035797119,1
7.88653373718262,1
6.46284484863281,1
5.37129068374634,1
4.80000925064087,1
5.12322759628296,1
6.71020889282227,1
10.5868244171143,1
17.9846057891846,1
28.0096492767334,1
36.9654846191406,1
41.6070976257324,1
42.5341186523438,1
43.2689552307129,1
46.7193412780762,1
53.5931396484375,1
63.1988525390625,1
74.027717590332,1
83.8403930664062,1
90.6419830322266,1
93.7612838745117,1
93.5949401855469,1
91.2167129516602,1
89.0639877319336,1
90.4683837890625,1
96.4456481933594,1
103.701667785645,1
108.073921203613,1
109.68563079834,1
112.328758239746,1
117.62865447998,1
122.552375793457,1
123.816055297852,1
122.332748413086,1
121.289962768555,1
121.51815032959,1
121.429397583008,1
121.003280639648,1
122.962753295898,1
128.925811767578,1
136.167541503906,1
139.927658081055,1
138.530624389648,1
134.979766845703,1
133.463134765625,1
135.345443725586,1
139.036743164062,1
142.871368408203,1
146.920806884766,1
151.888442993164,1
157.205352783203,1
161.160110473633,1
163.085037231445,1
164.90998840332,1
169.724456787109,1
178.241409301758,1
187.160354614258,1
192.226409912109,1
193.052993774414,1
193.397857666016,1
195.870559692383,1
198.220657348633,1
196.819442749023,1
192.270202636719,1
188.452789306641,1
186.561264038086,1
183.878662109375,1
179.207458496094,1
175.595764160156,1
175.511810302734,1
176.578704833984,1
175.069915771484,1
171.033248901367,1
166.437423706055,1
160.40461730957,1
150.824966430664,1
139.93684387207,1
133.497848510742,1
133.384902954102,1
134.583831787109,1
130.921340942383,1
121.173408508301,1
108.579666137695,1
97.1865005493164,1
90.0238571166992,1
88.0828399658203,1
88.9315719604492,1
88.0772857666016,1
83.4215469360352,1
76.930908203125,1
70.8275451660156,1
64.4076538085938,1
56.4410438537598,1
48.33984375,1
42.0664710998535,1
36.4110488891602,1
28.6327514648438,1
19.2595596313477,1
11.9675207138062,1
8.23434448242188,1
4.97484397888184,1
-1.22394275665283,1
-9.52564430236816,1
-16.086296081543,1
-18.7045574188232,1
-18.6710567474365,1
-18.3666553497314,1
-18.3014144897461,1
-16.9828090667725,1
-13.426926612854,1
-9.28476619720459,1
-7.69282150268555,1
-9.64944648742676,1
-12.5180950164795,1
-13.2572288513184,1
-12.2374677658081,1
-11.8870258331299,1
-11.9455366134644,1
-8.92173671722412,1
-1.29084968566895,1
7.47839498519897,1
13.3424701690674,1
17.183780670166,1
22.8257122039795,1
30.5143051147461,1
36.1215591430664,1
37.5102577209473,1
38.2187690734863,1
42.642276763916,1
49.888111114502,1
55.296085357666,1
56.9280319213867,1
57.439697265625,1
59.4712333679199,1
62.1924896240234,1
63.7027320861816,1
64.4900207519531,1
66.2172088623047,1
68.2688293457031,1
68.1836547851562,1
65.6105346679688,1
63.4193077087402,1
63.8074607849121,1
65.127067565918,1
64.2778244018555,1
61.1329154968262,1
58.5794219970703,1
58.5952033996582,1
60.3436737060547,1
62.2259941101074,1
63.6495628356934,1
64.0561599731445,1
62.3085250854492,1
58.5238075256348,1
55.0479202270508,1
54.0443000793457,1
55.2878112792969,1
57.7948799133301,1
62.0408515930176,1
68.2554779052734,1
73.8498458862305,1
75.8211975097656,1
75.5187759399414,1
77.6108169555664,1
83.5890731811523,1
89.6009826660156,1
92.2744827270508,1
93.5463333129883,1
97.0580520629883,1
102.023490905762,1
103.918556213379,1
100.195404052734,1
92.397216796875,1
83.278678894043,1
74.7944946289062,1
68.8046722412109,1
66.7756576538086,1
67.9764709472656,1
69.9560012817383,1
71.2850494384766,1
72.1567916870117,1
72.4829864501953,0
71.8958129882812,0
71.8958892822266,0
75.1664199829102,0
81.7195510864258,0
88.1455535888672,0
91.8596115112305,0
93.8664627075195,0
96.2234954833984,0
99.264030456543,0
102.817100524902,0
107.67813873291,0
113.950408935547,0
120.06884765625,0
125.289688110352,0
130.886566162109,0
136.972320556641,0
140.763702392578,0
140.550598144531,0
138.938110351562,0
139.153381347656,0
140.16015625,0
138.407516479492,0
132.561126708984,0
123.888244628906,0
114.470771789551,0
107.810546875,0
107.441276550293,0
110.555824279785,0
107.089370727539,0
91.7096405029297,0
73.7321548461914,0
66.9694671630859,0
71.0452270507812,0
71.9538192749023,0
