-36.7833824157715,0
-40.1145057678223,0
-44.1605072021484,0
-47.7054901123047,0
-49.1440811157227,0
-48.5417900085449,0
-47.5004806518555,0
-46.6897125244141,0
-44.8931541442871,0
-41.1271781921387,0
-36.3761024475098,0
-32.3828468322754,0
-29.893217086792,0
-28.9574298858643,0
-29.7118301391602,0
-31.6812171936035,0
-33.324893951416,0
-33.6307716369629,0
-33.57470703125,0
-34.8774795532227,0
-37.7753219604492,0
-40.9182739257812,0
-42.9435691833496,0
-43.3124084472656,0
-42.1955490112305,0
-40.4494132995605,0
-39.2355041503906,0
-38.8863639831543,0
-38.623908996582,0
-37.95947265625,0
-37.557544708252,0
-37.9582252502441,0
-38.3874702453613,0
-37.8998718261719,0
-36.9264450073242,0
-36.5399894714355,0
-36.8419914245605,0
-37.2482261657715,0
-37.7555923461914,0
-38.6586456298828,0
-39.5130577087402,0
-39.6765480041504,0
-39.4449996948242,0
-39.3110275268555,0
-38.5142517089844,0
-35.8811225891113,0
-31.8978595733643,0
-28.2298603057861,0
-25.0278091430664,0
-20.491174697876,0
-13.7999877929688,0
-6.96356058120728,0
-2.59075665473938,0
-0.729794323444366,0
0.869683623313904,0
3.78819799423218,0
7.33821773529053,0
9.8120231628418,0
10.2510004043579,0
8.69742012023926,0
5.74113512039185,0
2.79114651679993,0
2.23545956611633,0
5.76093578338623,0
12.0025091171265,0
17.1620941162109,0
19.0796394348145,0
19.7428779602051,0
22.2749671936035,0
26.1728096008301,0
27.6387901306152,0
24.6403388977051,0
19.4350280761719,0
15.4295320510864,0
13.5826215744019,0
12.9920082092285,0
13.0714960098267,0
13.3946571350098,0
12.6939640045166,0
9.9320182800293,0
5.81918859481812,0
1.93269014358521,0
-1.09151697158813,0
-3.484778881073,0
-5.44891691207886,0
-7.547447681427,0
-10.8586311340332,0
-15.1757831573486,0
-18.1248302459717,0
-17.9882869720459,0
-16.5694370269775,0
-17.0562553405762,0
-19.5669498443604,0
-21.2688388824463,0
-20.8114166259766,0
-19.8728446960449,0
-19.5553588867188,0
-17.8745174407959,0
-12.5927982330322,0
-4.8656439781189,0
1.95545339584351,0
6.32561111450195,0
9.42922687530518,0
12.3899221420288,0
14.4135818481445,0
14.2180547714233,0
11.9853029251099,0
8.99825763702393,0
6.14360475540161,0
3.824383020401,0
2.87703323364258,0
4.14877414703369,0
6.88272476196289,0
8.80892848968506,0
8.67547035217285,0
7.75136470794678,0
7.76934051513672,0
8.21522617340088,0
7.14091825485229,0
4.19651174545288,0
1.04601073265076,0
-1.38006591796875,0
-4.32224130630493,0
-9.23620796203613,0
-15.7115440368652,0
-22.0986728668213,0
-27.2557201385498,0
-31.0788040161133,0
-34.1456642150879,0
-37.2967720031738,0
-40.8492012023926,0
-44.1650772094727,0
-46.9445838928223,0
-50.5047225952148,0
-55.8408546447754,0
-60.5100936889648,0
-60.2875137329102,0
-55.0198707580566,0
-49.9955558776855,0
-49.3909721374512,0
-50.8109931945801,0
-49.2871398925781,0
-44.8298263549805,0
-42.1401405334473,0
-43.3870544433594,0
-45.3968963623047,0
-44.9777488708496,0
-43.5050468444824,0
-44.1360015869141,0
-46.9475631713867,0
-49.4736518859863,0
-50.7112083435059,0
-51.8472137451172,0
-53.3365821838379,0
-53.8217620849609,0
-52.5653266906738,0
-50.8677024841309,0
-49.7131500244141,0
-47.4418563842773,0
-41.7429237365723,0
-33.5495414733887,0
-26.8795967102051,0
-24.2625331878662,0
-24.0758171081543,0
-23.5483245849609,0
-22.8457050323486,0
-24.2167224884033,0
-27.9375915527344,0
-31.5760707855225,0
-33.4616813659668,0
-34.564754486084,0
-36.0828399658203,0
-37.3059577941895,0
-37.4158744812012,0
-37.6656951904297,0
-39.5750961303711,0
-41.8705940246582,0
-41.5954971313477,0
-38.1749267578125,0
-34.2250823974609,0
-31.9109382629395,0
-30.5055084228516,0
-28.5248851776123,0
-26.4743385314941,0
-25.6855888366699,0
-25.3486652374268,0
-22.7387104034424,0
-16.4738845825195,0
-7.95754146575928,0
0.803357779979706,0
9.28279781341553,0
17.4397716522217,0
24.0090103149414,0
27.504430770874,0
28.5617637634277,0
29.6953105926514,0
32.5084419250488,0
36.3090324401855,0
39.6496315002441,0
41.9378128051758,0
43.0942649841309,0
42.9542274475098,0
41.8333511352539,0
40.6559181213379,0
39.7152824401855,0
38.3267021179199,0
36.5354537963867,0
35.9113883972168,0
37.369743347168,0
39.2987365722656,0
39.3945350646973,0
37.4415016174316,0
34.5784950256348,0
30.757869720459,0
25.1843204498291,0
18.7707176208496,0
13.5701446533203,0
9.61908435821533,0
4.88616847991943,0
-1.04484045505524,0
-5.79093313217163,0
-7.86303997039795,0
-9.26292896270752,0
-12.6285047531128,0
-17.4612903594971,0
-21.1319713592529,0
-22.4886779785156,0
-22.5389537811279,0
-22.3278045654297,0
-22.1542682647705,0
-22.7362289428711,0
-25.3609485626221,0
-30.2888832092285,0
-35.7781524658203,0
-39.1113624572754,0
-38.6338119506836,0
-35.2108840942383,0
-31.750057220459,0
-30.5477886199951,0
-31.0679836273193,0
-31.4291706085205,0
-31.9375743865967,0
-35.0187187194824,0
-40.9122734069824,0
-45.9209289550781,0
-46.8369560241699,0
-45.1524810791016,0
-44.4339714050293,0
-45.008617401123,0
-44.1969833374023,0
-41.0568199157715,0
-37.7633285522461,0
-36.168025970459,0
-35.7571563720703,0
-35.5926933288574,0
-35.8886489868164,0
-36.8353996276855,0
-37.8829040527344,0
-39.0833625793457,0
-41.2986221313477,0
-44.026668548584,0
-44.7346878051758,0
-41.8250045776367,0
-37.190559387207,0
-34.3481101989746,0
-34.4173889160156,0
-34.9425849914551,0
-32.5610275268555,0
-26.3001823425293,0
-18.3801803588867,0
-12.0525054931641,0
-8.57739448547363,0
-6.36788034439087,0
-3.16339087486267,0
1.47632718086243,0
6.22074127197266,0
9.73904132843018,0
11.5934543609619,0
12.0169916152954,0
11.8117256164551,0
11.9413146972656,0
12.2761735916138,0
11.4948139190674,0
9.37026691436768,0
8.11464786529541,0
9.70824909210205,0
12.7477960586548,0
14.1264181137085,0
13.302755355835,0
12.3998260498047,0
12.2681474685669,0
11.3909139633179,0
9.27758979797363,0
8.01485633850098,0
9.02889823913574,0
10.6559219360352,0
10.6420478820801,0
9.2044563293457,0
7.86283731460571,0
6.84281635284424,0
5.57185411453247,0
4.54979753494263,0
4.7762017250061,0
6.06240034103394,0
7.52349758148193,0
9.03942108154297,0
10.7749290466309,0
12.0406188964844,0
12.1419916152954,0
11.6222019195557,0
11.1818237304688,0
10.2064018249512,0
8.03262424468994,0
5.85156297683716,0
5.4216136932373,0
6.49048900604248,0
7.49375820159912,0
8.25727844238281,0
9.71304035186768,0
11.2614412307739,0
11.1180229187012,0
9.65866565704346,0
9.81188106536865,0
13.0993747711182,0
17.3634510040283,0
19.5965328216553,0
19.3056259155273,0
17.896369934082,0
16.2875099182129,0
14.4976530075073,0
12.4826326370239,0
10.2375860214233,0
7.92820835113525,0
6.53874826431274,0
7.09588623046875,0
8.61656475067139,0
8.56896495819092,0
6.44608163833618,0
5.00722885131836,0
6.38223648071289,0
8.76253604888916,0
9.15652656555176,0
7.96088886260986,0
8.04515266418457,0
10.0988531112671,0
11.9386596679688,0
12.4815883636475,0
13.3954391479492,0
15.8643808364868,0
18.2430019378662,0
18.4766731262207,0
17.044849395752,0
15.7902870178223,0
15.1472263336182,0
14.397481918335,0
13.836724281311,0
14.6399927139282,0
16.6859512329102,0
18.3331623077393,0
18.7600021362305,0
19.0232639312744,0
20.0002975463867,0
20.4548587799072,0
18.4266471862793,0
14.1456642150879,0
10.3203573226929,0
9.20486640930176,0
10.1377696990967,0
10.6197195053101,0
9.57213115692139,0
8.76604652404785,0
10.621509552002,0
15.0259914398193,0
19.1585063934326,0
20.6043434143066,0
19.755521774292,0
18.4525909423828,0
17.0459022521973,0
14.1638307571411,0
9.27764415740967,0
4.00688314437866,0
0.367739319801331,0
-1.04779160022736,0
-0.452750414609909,0
2.27766752243042,0
6.91153573989868,0
11.9955358505249,0
16.2195911407471,0
20.1138916015625,0
24.8438987731934,0
29.7131061553955,0
32.6974868774414,0
33.4602584838867,0
33.794189453125,0
34.4919776916504,0
33.855541229248,0
30.6901264190674,0
27.1750888824463,0
26.8047122955322,0
30.1691989898682,0
34.508373260498,0
37.0453834533691,0
37.0309867858887,0
34.6966285705566,0
30.3290004730225,0
25.1200981140137,0
21.1817836761475,0
19.362922668457,0
18.0870761871338,0
15.7250127792358,0
13.3533916473389,0
13.4926481246948,0
16.3230514526367,0
18.9292774200439,0
18.791955947876,0
16.5812740325928,0
14.6394853591919,0
13.9194345474243,0
13.7267189025879,0
13.7453737258911,0
14.7199296951294,0
17.0995044708252,0
20.2447891235352,0
23.2870750427246,0
25.8843326568604,0
27.8779754638672,0
29.0800666809082,0
29.768741607666,0
30.5958423614502,0
31.5624675750732,0
31.8403072357178,0
31.1087856292725,0
30.2399005889893,0
29.8815517425537,0
29.0989112854004,0
26.5277366638184,0
22.4834098815918,0
18.7004146575928,0
16.0479793548584,0
13.8047666549683,0
11.5077667236328,0
10.1891527175903,0
10.8953990936279,0
12.9327163696289,0
14.7503452301025,0
16.0326251983643,0
17.6942539215088,0
20.0800933837891,0
22.4945945739746,0
24.5153160095215,0
26.3608856201172,0
27.6525611877441,0
27.3132991790771,0
25.468542098999,0
24.1616458892822,0
25.1894512176514,0
28.2888317108154,0
32.3622779846191,0
37.0970039367676,0
41.965087890625,0
45.0289421081543,0
44.8412590026855,0
42.7575263977051,0
41.2997970581055,0
40.8367881774902,0
39.9914436340332,0
38.6032524108887,0
37.6163749694824,0
36.4173583984375,0
33.3848495483398,0
29.2427940368652,0
26.5152931213379,0
24.8590087890625,0
20.4278030395508,0
11.5327243804932,0
1.83377301692963,0
-4.2498517036438,0
-6.6677188873291,0
-7.99430465698242,0
-9.11952018737793,0
-9.51389980316162,0
-9.78841304779053,0
-10.9108858108521,0
-12.1738967895508,0
-12.68212890625,0
-13.6076917648315,0
-16.1877155303955,0
-18.6769561767578,0
-18.382532119751,0
-15.9914035797119,0
-14.8034706115723,0
-16.0339260101318,0
-17.8160762786865,0
-18.7308826446533,0
-19.4528198242188,0
-20.6882266998291,0
-22.0381526947021,0
-23.2215480804443,0
-24.2582340240479,0
-24.437744140625,0
-23.3271999359131,0
-22.5379810333252,0
-23.8246479034424,0
-25.4985504150391,0
-23.7489318847656,0
-17.989107131958,0
-11.9663991928101,0
-8.8057689666748,0
-7.77790927886963,0
-6.93785429000854,0
-6.08297443389893,0
-5.66373300552368,0
-5.34741020202637,0
-5.36059141159058,0
-7.08302116394043,0
-10.6670866012573,0
-14.0597152709961,0
-15.9125967025757,0
-17.382884979248,0
-19.4484481811523,0
-20.7456455230713,0
-20.1499309539795,0
-19.2842998504639,0
-19.8546295166016,0
-20.3482437133789,0
-18.4540462493896,0
-15.530252456665,0
-15.3151788711548,0
-18.5319576263428,0
-21.8498611450195,0
-22.4943828582764,0
-21.2969284057617,0
-20.5970726013184,0
-21.3220119476318,0
-22.896354675293,0
-24.1970291137695,0
-23.760009765625,0
-20.6172256469727,0
-15.8878355026245,0
-12.3320798873901,0
-11.3963851928711,0
-11.5646381378174,0
-10.3366956710815,0
-7.01517248153687,0
-2.88717341423035,0
0.502054929733276,0
2.38960576057434,0
2.66453456878662,0
1.61468803882599,0
-0.231777429580688,0
-2.42782187461853,0
-4.7029242515564,0
-6.68138217926025,0
-7.95692110061646,0
-8.67097473144531,0
-9.48710155487061,0
-10.5826549530029,0
-11.147180557251,0
-10.4693212509155,0
-9.19003200531006,0
-8.72928524017334,0
-9.5018482208252,0
-10.4246425628662,0
-10.3923387527466,0
-9.55334854125977,0
-8.63134765625,0
-7.50277042388916,0
-5.22358751296997,0
-1.37094080448151,0
3.2887225151062,0
7.47795486450195,0
10.1934680938721,0
10.9340009689331,0
10.0228452682495,0
8.84636211395264,0
8.77619075775146,0
9.43250179290771,0
9.04095554351807,0
7.15463542938232,0
5.84920310974121,0
7.06151008605957,0
9.73006153106689,0
11.1505088806152,0
10.5320529937744,0
9.36461067199707,0
8.52229595184326,0
7.16172122955322,0
4.95065498352051,0
3.35798120498657,0
3.62777185440063,0
4.98362684249878,0
6.10344505310059,0
7.09880685806274,0
8.44339370727539,0
8.80364799499512,0
5.87664604187012,0
-0.582357227802277,0
-8.10771751403809,0
-14.3062419891357,0
-19.0777206420898,0
-23.3801536560059,0
-26.8478183746338,0
-28.065242767334,0
-27.1822471618652,0
-26.8647899627686,0
-29.612232208252,0
-34.6549186706543,0
-38.7250595092773,0
-39.8996467590332,0
-39.3459854125977,0
-38.8000869750977,0
-37.8560371398926,0
-35.0867881774902,0
-30.74241065979,0
-26.469539642334,0
-22.798246383667,0
-18.8469524383545,0
-14.5141162872314,0
-10.9550218582153,0
-8.40616416931152,0
-5.48696756362915,0
-1.66202855110168,0
1.26120603084564,0
1.48731172084808,0
-0.0820612981915474,0
-1.00183248519897,0
-0.338150233030319,0
0.955252587795258,0
2.33085775375366,0
4.79181051254272,0
9.45627880096436,0
15.8298616409302,0
21.8349723815918,0
25.3280811309814,0
25.7598114013672,0
24.5747108459473,0
23.6379261016846,0
23.165864944458,0
21.9440364837646,0
19.8018054962158,0
18.6223907470703,0
19.9683151245117,0
22.7526245117188,0
24.601375579834,0
24.8276882171631,0
24.5695838928223,0
24.424144744873,0
23.6185054779053,0
21.5317153930664,0
18.5122909545898,0
14.9771509170532,0
11.0833778381348,0
7.523521900177,0
5.19900035858154,0
3.78239583969116,0
2.23407006263733,0
1.33863067626953,0
3.8868203163147,0
11.0991430282593,0
20.3785533905029,0
28.113317489624,0
33.4487113952637,0
37.7028884887695,0
41.5119476318359,0
44.9155654907227,0
49.2337760925293,0
55.756534576416,0
62.5194473266602,0
65.4311904907227,0
63.5036811828613,0
60.3307151794434,0
59.1312484741211,0
58.8654899597168,0
57.0319557189941,0
53.9219207763672,0
51.6173553466797,0
50.6045265197754,0
50.2605972290039,0
51.3571090698242,0
54.7736892700195,0
58.3797416687012,0
58.7572708129883,0
56.1927909851074,0
54.4971084594727,0
55.195442199707,0
55.5399742126465,0
53.7746963500977,0
52.5918655395508,0
54.4923782348633,0
56.791389465332,0
55.2594451904297,0
50.9871864318848,0
49.089111328125,0
50.8354187011719,0
51.5932388305664,0
47.8464393615723,0
42.3419036865234,0
39.6802787780762,0
39.5288200378418,0
37.6278419494629,0
32.4171752929688,0
27.2516918182373,0
25.6294841766357,0
26.8045787811279,0
27.3335819244385,0
25.2586326599121,0
21.1386299133301,0
15.8098764419556,0
9.04629325866699,0
0.82393616437912,0
-7.37241172790527,0
-13.5181016921997,0
-16.9169902801514,0
-18.2269649505615,0
-17.8087825775146,0
-15.2807683944702,0
-11.3284721374512,0
-8.86911487579346,0
-10.8141345977783,0
-16.5260772705078,0
-21.7482852935791,0
-22.7166976928711,0
-19.5838794708252,0
-15.2104921340942,0
-11.6069355010986,0
-8.88650894165039,0
-7.14764261245728,0
-7.37021732330322,0
-9.68231391906738,0
-12.1507930755615,0
-12.6588230133057,0
-11.3780603408813,0
-10.0744771957397,0
-9.27535820007324,0
-7.64560699462891,0
-4.43452978134155,0
-1.04662609100342,0
0.749136090278625,0
1.15860867500305,0
1.71183204650879,0
2.83057808876038,0
3.38550329208374,0
2.69863653182983,0
1.84303975105286,0
2.46652221679688,0
4.88511276245117,0
7.69616460800171,0
9.01426315307617,0
8.06491184234619,0
5.94043397903442,0
4.76321744918823,0
5.65161371231079,0
7.48167133331299,0
8.02927303314209,0
6.25398063659668,0
3.05625009536743,0
0.0190227441489697,0
-1.95964169502258,0
-2.95068597793579,0
-3.72736310958862,0
-5.2663950920105,0
-7.74196338653564,0
-9.81136894226074,0
-9.51019096374512,0
-6.06580686569214,0
-0.446544677019119,0
5.72044944763184,0
11.1206159591675,0
14.8787851333618,0
16.767370223999,0
17.5006103515625,0
18.0263767242432,0
18.3592872619629,0
17.8295459747314,0
16.4715404510498,0
15.2526836395264,0
14.9134140014648,0
15.6443271636963,0
17.9501857757568,0
22.4330463409424,0
28.2294788360596,0
32.9507293701172,0
34.9323806762695,0
34.5368194580078,0
32.5925064086914,0
28.7997531890869,0
22.8267021179199,0
16.0382690429688,0
10.59206199646,0
6.91835451126099,0
3.21860027313232,0
-2.26914238929749,0
-9.11081504821777,0
-15.0997467041016,0
-18.6409320831299,0
-20.3174304962158,0
-21.6458377838135,0
-22.4683361053467,0
-20.8654327392578,0
-16.4786739349365,0
-12.468090057373,0
-12.1168260574341,0
-14.1835632324219,0
-14.2106132507324,0
-10.5592403411865,0
-6.42200040817261,0
-5.08741092681885,0
-6.02835416793823,0
-7.17545366287231,0
-8.27938365936279,0
-9.56929874420166,0
-9.29550266265869,0
-5.77288913726807,0
-0.666889250278473,0
2.83059525489807,0
4.33034753799438,0
5.59977674484253,0
6.09973239898682,0
2.95266032218933,0
-3.95456147193909,0
-10.4505529403687,0
-13.4249114990234,0
-14.8275165557861,0
-18.0338459014893,0
-22.4706478118896,0
-24.7480697631836,0
-23.9048614501953,0
-22.5461616516113,0
-23.0099773406982,0
-25.0128517150879,0
-27.4509773254395,0
-30.2372188568115,0
-33.3492660522461,0
-35.6942291259766,0
-36.2403144836426,0
-35.4992065429688,0
-34.9381675720215,0
-35.443473815918,0
-37.0075187683105,0
-39.262752532959,0
-41.4536476135254,0
-42.3213386535645,0
-41.0184326171875,0
-38.1528511047363,0
-35.2037391662598,0
-32.7614555358887,0
-29.8591346740723,0
-25.2178955078125,0
-18.7758693695068,0
-11.7918395996094,0
-5.67302083969116,0
-0.847013771533966,0
3.37629342079163,0
7.96014738082886,0
13.0918245315552,0
17.9210433959961,0
21.3590259552002,0
23.0749683380127,0
23.6514854431152,0
23.9035148620605,0
24.1984367370605,0
24.3422508239746,0
23.9866943359375,0
23.2446537017822,0
22.963098526001,0
24.1084442138672,0
26.7103652954102,0
29.7688751220703,0
32.4308967590332,0
34.6599540710449,0
36.2111053466797,0
35.783805847168,0
32.5674667358398,0
28.394229888916,0
26.628080368042,0
28.2665214538574,0
30.4731922149658,0
29.9019069671631,0
26.3664035797119,0
22.1037082672119,0
18.4732551574707,0
15.004469871521,0
11.1325130462646,0
7.08026361465454,0
3.05029296875,0
-0.88313752412796,0
-4.01650810241699,0
-5.7941107749939,0
-7.53848505020142,0
-11.4747886657715,0
-17.3000526428223,0
-21.6474990844727,0
-22.2273426055908,0
-20.7324466705322,0
-19.8481140136719,0
-18.9184017181396,0
-15.08713722229,0
-7.9859037399292,0
-0.538270831108093,0
4.91960716247559,0
8.60923385620117,0
10.7775754928589,0
9.96161842346191,0
5.47617673873901,0
-0.351384997367859,0
-4.55383491516113,0
-6.97989892959595,0
-9.43067741394043,0
-12.3087358474731,0
-14.406135559082,0
-15.6878223419189,0
-17.982967376709,0
-22.560417175293,0
-28.8275241851807,0
-35.7569847106934,0
-42.6754035949707,0
-48.0346488952637,0
-49.5984535217285,0
-47.3842697143555,0
-44.8277931213379,0
-45.1175765991211,0
-47.3304901123047,0
-48.0829086303711,0
-46.2509498596191,0
-43.7944030761719,0
-42.0765609741211,0
-39.8434410095215,0
-35.5922775268555,0
-29.8979663848877,0
-24.1625690460205,0
-18.5925102233887,0
-12.7981119155884,0
-7.18569087982178,0
-2.23284125328064,0
2.71949601173401,0
8.40522003173828,0
14.0603141784668,0
18.4231739044189,0
21.5858459472656,0
24.130687713623,0
25.1609554290771,0
23.4280071258545,0
20.0863704681396,0
17.797924041748,0
16.9943294525146,0
15.7771015167236,0
14.0011806488037,0
14.1855087280273,0
16.9181938171387,0
18.7218132019043,0
17.1584777832031,0
15.2681312561035,0
17.3564472198486,0
22.3278427124023,0
25.4239025115967,0
25.6076679229736,0
26.4951324462891,0
29.5909385681152,0
31.3607864379883,0
28.9445114135742,0
24.8441181182861,0
23.0020370483398,0
23.0109691619873,0
21.5749645233154,0
18.0029373168945,0
14.8142957687378,0
13.6191387176514,0
13.5649433135986,0
13.8246116638184,0
14.760401725769,0
16.0998668670654,0
16.436222076416,0
15.4883670806885,0
14.8326950073242,0
15.2312994003296,0
14.9675931930542,0
12.3122644424438,0
8.34585475921631,0
5.63254833221436,0
4.80101108551025,0
4.02517938613892,0
1.52703785896301,0
-2.87442660331726,0
-8.51717948913574,0
-14.6474990844727,0
-20.177755355835,0
-24.0756645202637,0
-26.6601638793945,0
-29.6568069458008,0
-34.3808097839355,0
-40.4061737060547,0
-46.2620887756348,0
-50.6735534667969,0
-52.8686447143555,0
-52.7438468933105,0
-51.4833297729492,0
-51.2250099182129,0
-53.194465637207,0
-56.5666351318359,0
-59.7987670898438,0
-62.5366058349609,0
-65.4824066162109,0
-68.966796875,0
-72.5890045166016,0
-75.8951568603516,0
-78.4960174560547,0
-79.8153839111328,0
-79.6660614013672,0
-78.8616485595703,0
-78.3087005615234,0
-77.6454467773438,0
-75.751091003418,0
-72.5023651123047,0
-69.0075302124023,0
-66.1599731445312,0
-64.1094512939453,0
-63.2303199768066,0
-64.2323379516602,0
-66.7705764770508,0
-69.1416397094727,0
-70.192497253418,0
-70.6578750610352,0
-71.7882232666016,0
-73.5340728759766,0
-75.1978225708008,0
-77.1609115600586,0
-80.3879623413086,0
-84.287483215332,0
-86.7252349853516,0
-86.8638076782227,0
-86.6746444702148,0
-88.3301544189453,0
-90.8201599121094,0
-90.8649215698242,0
-87.3179473876953,0
-83.0135498046875,0
-81.3862457275391,0
-82.5979919433594,0
-84.3910140991211,0
-85.7051620483398,0
-87.3493728637695,0
-89.3571701049805,0
-90.1102523803711,0
-88.9087677001953,0
-87.4495239257812,0
-87.4441299438477,0
-88.2543487548828,0
-88.3039093017578,0
-87.4937515258789,0
-86.5705871582031,0
-85.3323974609375,0
-83.4790573120117,0
-82.2584838867188,0
-82.8509902954102,0
-83.6833801269531,0
-82.0971908569336,0
-78.6818389892578,0
-76.9151229858398,0
-77.6366271972656,0
-76.8536682128906,0
-70.9361877441406,0
-61.7494621276855,0
-54.1866226196289,0
-49.9716911315918,0
-46.4735641479492,0
-41.0858840942383,0
-34.3336067199707,0
-28.4715042114258,0
-24.9609317779541,0
-23.8313999176025,0
-24.0082855224609,0
-23.6239032745361,0
-21.212366104126,0
-17.3676300048828,0
-14.3849334716797,0
-13.5978574752808,0
-13.8106098175049,0
-13.075535774231,0
-11.3080263137817,0
-10.092737197876,0
-10.2145719528198,0
-10.6071643829346,0
-10.0524530410767,0
-8.89951038360596,0
-8.31843948364258,0
-8.52395534515381,0
-8.90745639801025,0
-9.7815465927124,0
-12.5836381912231,0
-17.7303562164307,0
-23.4315052032471,0
-27.7693176269531,0
-31.1879692077637,0
-35.4806480407715,0
-40.7121772766113,0
-44.9409675598145,0
-47.2583465576172,0
-49.2998123168945,0
-52.7513771057129,0
-56.7206993103027,0
-58.9726219177246,0
-59.0219535827637,0
-58.6364593505859,0
-59.5760498046875,0
-61.9265403747559,0
-64.4827880859375,0
-65.8648300170898,0
-65.4610900878906,0
-64.104866027832,0
-63.5014152526855,0
-64.0257720947266,0
-63.4121589660645,0
-58.8262481689453,0
-50.1739768981934,0
-40.145450592041,0
-30.8860378265381,0
-21.9587688446045,0
-12.1439161300659,0
-2.14580035209656,0
5.47042751312256,0
8.7463493347168,0
8.2237548828125,0
6.44380569458008,0
5.5925030708313,0
5.50077152252197,0
4.28574275970459,0
1.1962718963623,0
-2.07641220092773,0
-3.82167935371399,0
-5.01042652130127,0
-7.83863353729248,0
-12.1852378845215,0
-15.8417491912842,0
-18.3330535888672,0
-21.8302097320557,0
-27.1868438720703,0
-31.4607772827148,0
-31.2587203979492,0
-26.9484577178955,0
-21.596061706543,0
-16.9320487976074,0
-12.4920558929443,0
-8.01322078704834,0
-4.46354675292969,0
-2.7565004825592,0
-3.21274399757385,0
-6.36502313613892,0
-12.6788997650146,0
-21.1038837432861,0
-29.1191387176514,0
-34.6916427612305,0
-37.5774841308594,0
-38.7958335876465,0
-39.6375389099121,0
-40.9879264831543,0
-42.6532363891602,0
-43.4671058654785,0
-42.9265594482422,0
-42.3618812561035,0
-43.3168334960938,0
-45.043701171875,0
-45.0188140869141,0
-41.9714851379395,0
-37.0571327209473,0
-31.9758720397949,0
-27.4707546234131,0
-24.0122890472412,0
-22.2810859680176,0
-22.048885345459,0
-21.8034858703613,0
-20.4781436920166,0
-18.650972366333,0
-17.173469543457,0
-15.5572690963745,0
-12.8349838256836,0
-9.41005611419678,0
-6.90732479095459,0
-6.33840990066528,0
-7.15149354934692,0
-8.00720500946045,0
-8.10993957519531,0
-7.98831272125244,0
-9.05818653106689,0
-11.9267435073853,0
-15.2747583389282,0
-17.4565601348877,0
-19.1195793151855,0
-22.494966506958,0
-27.5536766052246,0
-30.9464740753174,0
-30.1840114593506,0
-27.0597190856934,0
-24.9723262786865,0
-24.3687076568604,0
-23.2489204406738,0
-21.0098323822021,0
-18.8393783569336,0
-16.7607765197754,0
-13.4110517501831,0
-9.08484840393066,0
-6.14709329605103,0
-5.6443076133728,0
-6.03432178497314,0
-6.21257781982422,0
-7.31579923629761,0
-10.2621192932129,0
-13.8753957748413,0
-17.1219844818115,0
-21.1253871917725,0
-26.9587726593018,0
-33.118408203125,0
-37.4108543395996,0
-40.1830749511719,0
-43.4774055480957,0
-47.7201118469238,0
-51.3190307617188,0
-53.1604461669922,0
-53.6877632141113,0
-53.715877532959,0
-53.7856292724609,0
-54.6029968261719,0
-56.7127723693848,0
-59.7412338256836,0
-63.0542640686035,0
-66.8931427001953,0
-71.6109924316406,0
-76.0220489501953,0
-77.9958419799805,0
-76.9599227905273,0
-74.6833801269531,0
-73.1679382324219,0
-72.5617980957031,0
-71.607177734375,0
-69.6575469970703,0
-67.7083435058594,0
-67.2676544189453,0
-68.2954711914062,0
-68.8016204833984,0
-67.0787887573242,0
-63.7993927001953,0
-60.6913223266602,0
-57.5242805480957,0
-52.4121742248535,0
-45.4706497192383,0
-39.8311157226562,0
-37.6852378845215,0
-37.3878211975098,0
-36.4422340393066,0
-35.5875205993652,0
-37.2161293029785,0
-40.7071113586426,0
-42.4356231689453,0
-40.647762298584,0
-37.7363815307617,0
-36.8538208007812,0
-38.2995452880859,0
-40.4085998535156,0
-42.4365844726562,0
-44.9527130126953,0
-47.9712829589844,0
-50.1416549682617,0
-50.1618003845215,0
-48.4828491210938,0
-47.1778335571289,0
-48.0161018371582,0
-50.8605995178223,0
-54.2072563171387,0
-56.9685859680176,0
-59.0645217895508,0
-60.6142272949219,0
-61.8296928405762,0
-63.7435569763184,0
-67.3741149902344,0
-71.6153030395508,0
-73.7904510498047,0
-73.3516006469727,0
-73.0736846923828,0
-74.9065628051758,0
-76.6034774780273,0
-75.0079193115234,0
-71.199951171875,0
-69.0534515380859,0
-69.1507720947266,0
-67.6669464111328,0
-61.9460792541504,0
-54.0747871398926,0
-47.5913276672363,0
-43.2328720092773,0
-39.6808853149414,0
-36.3731460571289,0
-33.3500175476074,0
-29.6632804870605,0
-24.2230243682861,0
-17.6556873321533,0
-11.4486389160156,0
-5.5453724861145,0
1.57584142684937,0
10.545672416687,0
20.3022403717041,0
29.7071685791016,0
38.6749534606934,0
47.5632781982422,0
56.7045478820801,0
66.8724212646484,0
78.9852828979492,0
92.6081314086914,0
105.498580932617,0
115.31143951416,0
121.261817932129,0
123.676704406738,0
122.680229187012,0
118.260963439941,0
111.326171875,0
103.650032043457,0
96.4259490966797,0
89.2788848876953,0
80.93408203125,0
70.6878356933594,0
59.1816864013672,0
47.8763160705566,0
37.6886177062988,0
27.9570388793945,0
16.899621963501,0
3.44068670272827,0
-11.382134437561,0
-25.0372562408447,0
-35.5619735717773,0
-42.9934616088867,0
-48.9981575012207,0
-55.3130111694336,0
-62.3563804626465,0
-69.0866851806641,0
-74.2944793701172,0
-78.0615081787109,0
-81.554328918457,0
-85.2775726318359,0
-88.3084869384766,0
-89.8804779052734,0
-91.0426559448242,0
-93.7033386230469,0
-98.2303924560547,0
-102.908241271973,0
-105.703979492188,0
-105.850425720215,0
-103.962829589844,0
-101.534286499023,0
-100.100944519043,0
-99.8173904418945,0
-98.9323196411133,0
-95.7563705444336,0
-91.0438995361328,0
-87.2416458129883,0
-85.6034317016602,0
-85.6403274536133,0
-87.3192520141602,0
-91.5650024414062,0
-97.8381652832031,0
-103.408660888672,0
-106.532264709473,0
-108.651763916016,0
-111.668952941895,0
-114.459594726562,0
-114.332229614258,0
-111.08659362793,0
-107.09105682373,0
-103.396705627441,0
-98.255989074707,0
-90.2354965209961,0
-80.6613388061523,0
-71.4338455200195,0
-61.6935920715332,0
-48.5374603271484,0
-30.8057079315186,0
-10.550048828125,0
9.72195720672607,0
30.0337429046631,0
52.0197410583496,0
75.3778991699219,0
96.5512084960938,0
111.584930419922,0
119.645202636719,0
122.943008422852,0
123.654808044434,0
122.087997436523,0
117.950370788574,0
112.098915100098,0
106.096343994141,0
100.618858337402,0
95.1874847412109,0
89.219482421875,0
82.5685577392578,0
75.1707000732422,0
67.0559234619141,0
58.9853248596191,0
52.3853645324707,0
48.0371284484863,0
45.0056228637695,0
41.3821983337402,0
36.2407836914062,0
30.5685386657715,0
25.9464950561523,0
22.421314239502,0
18.2563648223877,0
12.206413269043,0
5.61366128921509,0
1.32991409301758,0
0.360321670770645,0
0.441349297761917,0
-1.3717178106308,0
-5.25964164733887,0
-8.69504165649414,0
-9.74279594421387,0
-9.25536727905273,0
-9.45198726654053,0
-11.130199432373,0
-12.9762392044067,0
-13.313756942749,0
-11.882004737854,0
-9.80526447296143,0
-8.13166618347168,0
-6.61089134216309,0
-4.01709508895874,0
0.299633532762527,0
5.55657052993774,0
10.7378206253052,0
16.3536758422852,0
23.9140491485596,0
33.2824859619141,0
41.6870803833008,0
46.4444808959961,0
48.0812149047852,0
49.5452880859375,0
52.5905075073242,0
56.2656745910645,0
59.0289192199707,0
60.8609924316406,0
62.6294555664062,0
64.5712890625,0
66.3944778442383,0
68.0366134643555,0
69.2582244873047,0
69.1703643798828,0
67.43896484375,0
65.5614700317383,0
65.5308380126953,0
67.2310562133789,0
68.4916152954102,0
67.9317016601562,0
66.4068298339844,0
65.2234344482422,0
64.4299240112305,0
63.8532867431641,0
64.4990234375,0
67.3615646362305,0
71.5457229614258,0
75.1986618041992,0
77.9948654174805,0
80.9662933349609,0
83.78076171875,0
84.1674194335938,0
81.0962448120117,0
77.0725326538086,0
75.5391616821289,0
76.3983688354492,0
75.7533187866211,0
70.5788726806641,0
62.6107444763184,0
56.7064628601074,0
55.709529876709,0
58.0043525695801,0
60.7751045227051,0
65.2675323486328,0
77.7217102050781,0
104.230407714844,0
144.523376464844,0
190.799728393555,0
232.156951904297,0
259.944976806641,0
270.258117675781,0
263.903411865234,0
245.455917358398,0
221.358169555664,0
196.959457397461,0
174.418258666992,0
153.296676635742,0
132.61506652832,0
111.760429382324,0
90.1464080810547,0
67.5404586791992,0
45.0532188415527,0
24.6346397399902,0
7.00663614273071,0
-8.90138339996338,0
-23.7274703979492,0
-35.9998550415039,0
-44.0285682678223,0
-48.7764472961426,0
-53.0986595153809,0
-58.1746826171875,0
-62.4917755126953,0
-64.8620376586914,0
-66.6336288452148,0
-69.6408996582031,0
-73.2755661010742,0
-75.341682434082,0
-75.2898330688477,0
-74.9433135986328,0
-76.0398406982422,0
-78.4777069091797,0
-81.2214584350586,0
-83.6140899658203,0
-85.1886520385742,0
-85.217903137207,0
-83.4162292480469,0
-80.7483520507812,0
-78.8100509643555,0
-78.279899597168,0
-78.11962890625,0
-76.3233032226562,0
-71.681266784668,0
-65.1387176513672,0
-59.2254638671875,0
-55.6777458190918,0
-53.7787475585938,0
-51.5423736572266,0
-48.207462310791,0
-44.700740814209,0
-41.8199691772461,0
-39.1726455688477,0
-36.2024917602539,0
-33.0449562072754,0
-29.6091632843018,0
-24.8220767974854,0
-18.0025978088379,0
-10.5775508880615,0
-5.14648532867432,0
-2.55448794364929,0
-0.712452173233032,0
3.12703347206116,0
9.25559234619141,0
15.2196416854858,0
18.6947937011719,0
20.1320457458496,0
21.9724636077881,0
25.4366474151611,0
29.1886234283447,0
31.8205509185791,0
34.6210327148438,0
40.3171844482422,0
49.2417793273926,0
58.3938598632812,0
64.8057479858398,0
68.5120162963867,0
71.4743041992188,0
74.8441162109375,0
78.3935394287109,0
81.6618270874023,0
84.250244140625,0
85.4176559448242,0
84.6393127441406,0
82.4288101196289,0
79.6787872314453,0
76.4344100952148,0
72.2157287597656,0
67.1832275390625,0
61.8697242736816,0
56.0191345214844,0
49.0377349853516,0
41.7176971435547,0
36.1981735229492,0
33.6566009521484,0
32.9405708312988,0
32.1132774353027,0
30.768238067627,0
30.1971206665039,0
31.5053157806396,0
34.028980255127,0
35.7569808959961,0
35.3101348876953,0
33.2886276245117,0
31.2552852630615,0
29.6392879486084,0
27.6891078948975,0
25.5682392120361,0
24.7897300720215,0
25.5866870880127,0
25.5917949676514,0
22.9952526092529,0
19.7290573120117,0
19.1555404663086,0
21.3893356323242,0
23.5742835998535,0
24.4353122711182,0
25.5023670196533,0
27.402961730957,0
28.0207481384277,0
25.693489074707,0
21.9000034332275,0
19.239128112793,0
18.4784603118896,0
18.8340110778809,0
19.4735012054443,0
19.5776538848877,0
18.5804920196533,0
17.3959445953369,0
17.5963478088379,0
18.4040927886963,0
16.747465133667,0
11.6791524887085,0
6.35157346725464,0
3.80441832542419,0
3.2264518737793,0
2.67934107780457,0
3.05269765853882,0
6.14916467666626,0
10.6227083206177,0
13.3520269393921,0
13.9008121490479,0
14.3064680099487,0
15.1086378097534,0
14.965087890625,0
13.9610996246338,0
13.9007015228271,0
14.9944591522217,0
15.3252801895142,0
14.1336669921875,0
12.7550277709961,0
11.6582136154175,0
9.54263401031494,0
6.51447296142578,0
5.34415674209595,0
7.85006141662598,0
12.2028722763062,0
15.5486297607422,0
17.4366436004639,0
18.8715744018555,0
19.7436122894287,0
19.4134998321533,0
18.6470737457275,0
18.6441211700439,0
18.7456016540527,0
17.2822437286377,0
14.4965286254883,0
12.5170526504517,0
12.1492128372192,0
11.6041717529297,0
9.23662853240967,0
6.10929393768311,0
4.68304538726807,0
5.73032855987549,0
7.58121109008789,0
8.02883243560791,0
6.13618183135986,0
2.44280934333801,0
-1.728595495224,0
-5.1234712600708,0
-7.37828683853149,0
-9.19258117675781,0
-11.3837785720825,0
-13.8644495010376,0
-15.9142084121704,0
-17.141487121582,0
-17.4524383544922,0
-16.3073787689209,0
-13.1635160446167,0
-8.95212459564209,0
-5.96164989471436,0
-5.41306924819946,0
-5.8741340637207,0
-5.00344133377075,0
-2.37490773200989,0
0.441029697656631,0
2.3142569065094,0
3.86962747573853,0
6.1520414352417,0
9.02697944641113,0
11.6347093582153,0
13.9633722305298,0
17.1716766357422,0
22.2393360137939,0
28.7858142852783,0
35.6357269287109,0
42.4539566040039,0
50.2918586730957,0
60.1224822998047,0
71.1141662597656,0
80.9810562133789,0
88.1132888793945,0
92.8141098022461,0
96.2742691040039,0
98.9438705444336,0
100.304489135742,0
99.6957778930664,0
96.7771759033203,0
91.5691680908203,0
84.7784729003906,0
77.9218673706055,0
72.3088073730469,0
67.6844711303711,0
62.4160995483398,0
55.2441215515137,0
46.4219856262207,0
36.9943923950195,0
27.5765705108643,0
18.2757625579834,0
9.2648401260376,0
0.709586441516876,0
-7.62680959701538,0
-15.9543886184692,0
-23.6957740783691,0
-29.9419021606445,0
-34.7840118408203,0
-39.344669342041,0
-44.0645790100098,0
-47.7017288208008,0
-48.7432632446289,0
-47.4068298339844,0
-45.5326118469238,0
-44.6396522521973,0
-44.6267051696777,0
-44.2913398742676,0
-42.6894187927246,0
-40.0462875366211,0
-37.5863990783691,0
-36.2235527038574,0
-35.1775093078613,0
-32.3840675354004,0
-26.8181381225586,0
-19.9915504455566,0
-14.4547004699707,0
-11.1344518661499,0
-8.96463298797607,0
-6.89559555053711,0
-5.13010931015015,0
-4.08684253692627,0
-3.17075109481812,0
-1.4327380657196,0
0.922165274620056,0
2.57764339447021,0
2.89969086647034,0
3.11547994613647,0
5.02207279205322,0
8.51307678222656,0
11.1473007202148,0
10.7791786193848,0
8.17490386962891,0
6.16764640808105,0
6.40262508392334,0
7.94939994812012,0
9.24720859527588,0
10.2616186141968,0
12.1171903610229,0
15.4532461166382,0
19.8834362030029,0
24.5595321655273,0
28.713098526001,0
32.1236839294434,0
35.5052795410156,0
39.9627342224121,0
45.7908935546875,0
52.4269409179688,0
59.7268981933594,0
68.2958908081055,0
78.182243347168,0
88.3831634521484,0
98.3732452392578,0
109.337745666504,0
123.512001037598,0
143.255859375,0
170.627288818359,0
205.562744140625,0
243.375946044922,0
276.223724365234,0
298.958770751953,0
312.1943359375,0
318.336273193359,0
317.008911132812,0
306.942108154297,0
290.211883544922,0
270.868591308594,0
250.178146362305,0
226.725479125977,0
200.816482543945,0
175.137451171875,0
150.912811279297,0
127.036514282227,0
103.645889282227,0
82.928108215332,0
65.0879821777344,0
46.8308982849121,0
25.6889801025391,0
3.20881366729736,0
-17.8683681488037,0
-36.9944725036621,0
-54.458065032959,0
-69.141716003418,0
-80.041877746582,0
-88.2050247192383,0
-94.9334182739258,0
-99.6777648925781,0
-101.82869720459,0
-102.976737976074,0
-105.01049041748,0
-107.180923461914,0
-107.304512023926,0
-104.884544372559,0
-101.082344055176,0
-96.8769760131836,0
-93.4404907226562,0
-92.8517608642578,0
-95.4554290771484,0
-97.3171539306641,0
-93.5586547851562,0
-84.3566284179688,0
-74.8959197998047,0
-69.0505218505859,0
-65.7263259887695,0
-62.0292472839355,0
-57.2898368835449,0
-52.5034484863281,0
-47.9526710510254,0
-43.4416198730469,0
-39.7845802307129,0
-38.090202331543,0
-37.7766799926758,0
-36.7534141540527,0
-33.8575439453125,0
-30.2848205566406,0
-28.2749576568604,0
-28.8988914489746,0
-31.5478382110596,0
-35.184944152832,0
-39.1833152770996,0
-42.6520462036133,0
-44.0045585632324,0
-42.4768257141113,0
-39.7115440368652,0
-38.3284606933594,0
-38.8267707824707,0
-39.471866607666,0
-39.4920272827148,0
-40.2975845336914,0
-42.5083045959473,0
-43.8797149658203,0
-42.0326118469238,0
-37.6783180236816,0
-33.0734024047852,0
-28.676139831543,0
-23.8210830688477,0
-19.5154590606689,0
-17.2956714630127,0
-15.5151557922363,0
-10.1853437423706,0
-0.399905383586884,0
9.8871603012085,0
16.7832889556885,0
20.7582759857178,0
24.4812240600586,0
28.5832805633545,0
31.8100929260254,0
34.0127296447754,0
36.5629730224609,0
40.1617584228516,0
44.066707611084,0
47.387279510498,0
49.6364250183105,0
49.9518699645996,0
47.1434745788574,0
40.9629821777344,0
32.5541381835938,0
23.3891372680664,0
14.3543434143066,0
5.95774745941162,0
-1.37014746665955,0
-7.67763137817383,0
-13.759729385376,0
-20.4515190124512,0
-27.7078819274902,0
-34.8119049072266,0
-41.5540237426758,0
-48.677921295166,0
-56.7411308288574,0
-64.9910659790039,0
-72.1839141845703,0
-78.2980575561523,0
-84.2745132446289,0
-89.9302062988281,0
-93.6679382324219,0
-95.1116027832031,0
-96.5683822631836,0
-100.370697021484,0
-105.807388305664,0
-110.467109680176,0
-113.806991577148,0
-117.132987976074,0
-120.294799804688,0
-121.001304626465,0
-118.211906433105,0
-114.18123626709,0
-111.947547912598,0
-112.21117401123,0
-113.82649230957,0
-116.13208770752,0
-119.353805541992,0
-123.247467041016,0
-126.513977050781,0
-127.636306762695,0
-126.122276306152,0
-123.328514099121,0
-121.93376159668,0
-123.642219543457,0
-127.316650390625,0
-130.367095947266,0
-131.842971801758,0
-132.696960449219,0
-133.15251159668,0
-132.089477539062,0
-129.637786865234,0
-127.823822021484,0
-127.153923034668,0
-124.922439575195,0
-119.095878601074,0
-111.833793640137,0
-106.320159912109,0
-101.690704345703,0
-94.6880722045898,0
-85.6474456787109,0
-78.6876983642578,0
-75.2394332885742,0
-71.367805480957,0
-63.6681709289551,0
-54.7654457092285,0
-49.9344863891602,0
-50.0908622741699,0
-51.449535369873,0
-51.4723892211914,0
-51.9060935974121,0
-55.4048156738281,0
-61.7330055236816,0
-68.5674285888672,0
-74.4128112792969,0
-79.4104080200195,0
-84.2660217285156,0
-89.4910354614258,0
-95.0158004760742,0
-99.696907043457,0
-101.938003540039,0
-101.689025878906,0
-101.073120117188,0
-101.949279785156,0
-103.528999328613,0
-103.73217010498,0
-102.369552612305,0
-101.239105224609,0
-101.051567077637,0
-100.146446228027,0
-97.0443649291992,0
-92.8117141723633,0
-89.7044372558594,0
-88.3519515991211,0
-87.4508972167969,0
-85.6738510131836,0
-82.7364501953125,0
-78.9156799316406,0
-74.7092895507812,0
-71.0479736328125,0
-68.8813934326172,0
-68.1967697143555,0
-67.9597625732422,0
-67.2277450561523,0
-65.9271240234375,0
-64.4437408447266,0
-62.9356575012207,0
-61.3547477722168,0
-59.8509140014648,0
-58.6909790039062,0
-57.626106262207,0
-55.5992164611816,0
-51.559440612793,0
-45.7538604736328,0
-39.7320404052734,0
-34.5322570800781,0
-29.241907119751,0
-22.251672744751,0
-13.8969717025757,0
-6.82160520553589,0
-3.30957460403442,0
-2.97134971618652,0
-3.41753602027893,0
-2.51119828224182,0
0.357196867465973,0
4.32209873199463,0
7.72143793106079,0
9.33737564086914,0
9.44386672973633,0
9.03811264038086,0
7.907386302948,0
4.68056344985962,0
-0.659765779972076,0
-5.82163286209106,0
-8.96765422821045,0
-11.193473815918,0
-14.7090425491333,0
-19.5989246368408,0
-24.3656253814697,0
-29.0740375518799,0
-35.5642051696777,0
-44.2046089172363,0
-52.489128112793,0
-57.8787040710449,0
-60.7677574157715,0
-63.5382537841797,0
-67.2858810424805,0
-70.3654556274414,0
-70.1145248413086,0
-65.7010269165039,0
-59.231029510498,0
-53.9010276794434,0
-51.0334510803223,0
-49.4621734619141,0
-47.9589576721191,0
-47.1409912109375,0
-48.1573104858398,0
-50.5493125915527,0
-52.6917343139648,0
-53.5696983337402,0
-52.7760467529297,0
-49.6619186401367,0
-44.3753204345703,0
-39.2047805786133,0
-36.7436943054199,0
-36.7582359313965,0
-36.9252662658691,0
-36.8017921447754,0
-38.8222007751465,0
-44.6877174377441,0
-52.7531890869141,0
-59.9650993347168,0
-64.7835388183594,0
-67.3015747070312,0
-68.143440246582,0
-68.4560089111328,0
-69.6282958984375,0
-71.7258682250977,0
-73.2355804443359,0
-73.4274291992188,0
-73.8096389770508,0
-76.0034866333008,0
-79.2783126831055,0
-81.6833190917969,0
-82.8048629760742,0
-83.8323287963867,0
-85.4194641113281,0
-87.0183486938477,0
-88.0351943969727,0
-88.2096557617188,0
-87.0922775268555,0
-84.7052459716797,0
-82.6926193237305,0
-83.0551071166992,0
-85.1772079467773,0
-85.6318206787109,0
-81.9873580932617,0
-75.8541641235352,0
-71.0663757324219,0
-69.4165344238281,0
-69.1651840209961,0
-67.2964859008789,0
-62.1578025817871,0
-54.172779083252,0
-45.3227233886719,0
-38.2381935119629,0
-34.6348304748535,0
-33.8436431884766,0
-33.3762474060059,0
-31.3889656066895,0
-28.096830368042,0
-24.592960357666,0
-21.341194152832,0
-18.5382995605469,0
-16.8618755340576,0
-16.5995616912842,0
-16.756799697876,0
-16.3749103546143,0
-16.0983257293701,0
-16.9166355133057,0
-18.0767822265625,0
-18.3220310211182,0
-18.6858730316162,0
-21.2685451507568,0
-25.0936431884766,0
-26.5232753753662,0
-25.0251560211182,0
-25.0957126617432,0
-29.9722518920898,0
-36.3625679016113,0
-38.9063682556152,0
-37.7929153442383,0
-37.7731781005859,0
-40.6618614196777,0
-43.4257354736328,0
-43.8975524902344,0
-43.7850914001465,0
-44.5915756225586,0
-44.7524452209473,0
-43.3759880065918,0
-43.4390144348145,0
-47.8286781311035,0
-54.3188018798828,0
-58.0538101196289,0
-57.9605255126953,0
-57.3546600341797,0
-58.6440773010254,0
-60.7792739868164,0
-62.3266792297363,0
-63.9172019958496,0
-66.2499237060547,0
-67.953125,0
-67.3245086669922,0
-64.9995727539062,0
-63.2558555603027,0
-63.3234100341797,0
-64.7133560180664,0
-66.6852111816406,0
-68.929313659668,0
-70.8582916259766,0
-71.6047897338867,0
-71.2236022949219,0
-70.959846496582,0
-71.6153793334961,0
-72.2262878417969,0
-71.1974487304688,0
-68.5093612670898,0
-65.8488235473633,0
-64.3328475952148,0
-62.9917831420898,0
-60.2451934814453,0
-56.3813514709473,0
-53.525562286377,0
-53.0252418518066,0
-53.7514915466309,0
-53.510440826416,0
-51.5736770629883,0
-49.1381340026855,0
-47.5505180358887,0
-46.8128623962402,0
-45.9220733642578,0
-44.1170692443848,0
-41.5477447509766,0
-39.0767364501953,0
-37.614143371582,0
-37.2535934448242,0
-36.7960052490234,0
-34.6098556518555,0
-30.5302639007568,0
-26.5427684783936,0
-24.708625793457,0
-24.4731502532959,0
-23.1587600708008,0
-19.5688514709473,0
-15.8757448196411,0
-14.7320280075073,0
-15.3436155319214,0
-14.2454299926758,0
-9.99523258209229,0
-5.15958547592163,0
-2.77433800697327,0
-2.4867217540741,0
-1.7281881570816,0
0.501866817474365,0
3.13706660270691,0
5.80077171325684,0
9.51239681243896,0
14.0885553359985,0
17.2762279510498,0
18.0355072021484,0
18.7419452667236,0
21.728084564209,0
24.8167972564697,0
23.4095611572266,0
17.1062660217285,0
11.0600967407227,0
9.37600708007812,0
9.80750751495361,0
7.26373195648193,0
0.653195083141327,0
-6.6404128074646,0
-12.0438594818115,0
-16.3463382720947,0
-21.0007820129395,0
-25.8795490264893,0
-30.4364547729492,0
-34.5798187255859,0
-37.4601821899414,0
-37.7853851318359,0
-36.5509338378906,0
-37.1262054443359,0
-41.034481048584,0
-45.7800331115723,0
-48.6639099121094,0
-50.557788848877,0
-53.5612487792969,0
-57.0277824401855,0
-59.0561141967773,0
-60.4555053710938,0
-63.5693321228027,0
-67.7188873291016,0
-69.5566329956055,0
-68.2523193359375,0
-66.8443298339844,0
-67.5020523071289,0
-68.5796813964844,0
-67.8063659667969,0
-65.698127746582,0
-64.023063659668,0
-63.1277770996094,0
-62.7856254577637,0
-63.8392677307129,0
-66.6818389892578,0
-69.2678756713867,0
-68.9517669677734,0
-65.944091796875,0
-63.2003364562988,0
-62.9704475402832,0
-64.6473922729492,0
-65.8161849975586,0
-64.4368667602539,0
-60.2438354492188,0
-54.8757705688477,0
-50.499382019043,0
-47.795036315918,0
-45.5679016113281,0
-42.4496994018555,0
-38.109432220459,0
-32.5412406921387,0
-25.5619926452637,0
-17.9324245452881,0
-11.7242126464844,0
-8.20863342285156,0
-6.06845760345459,0
-2.81512713432312,0
2.64418435096741,0
9.70045280456543,0
17.2409210205078,0
23.8731441497803,0
27.9535331726074,0
29.1316165924072,0
29.4290962219238,0
31.2208385467529,0
34.4103012084961,0
36.9904441833496,0
37.9941329956055,0
38.2525291442871,0
38.4496688842773,0
38.2635688781738,0
37.6690216064453,0
37.4108428955078,0
37.6481285095215,0
37.5055656433105,0
36.5634918212891,0
35.6015472412109,0
35.2401924133301,0
34.9216117858887,0
33.9796028137207,0
32.892707824707,0
32.7159385681152,0
33.7412414550781,0
35.1962776184082,0
35.9213027954102,0
35.2237930297852,0
33.5660629272461,0
32.3681144714355,0
32.4997749328613,0
33.2023468017578,0
33.3945999145508,0
33.6360015869141,0
35.3439407348633,0
38.2280769348145,0
40.3986434936523,0
41.411247253418,0
43.2169723510742,0
47.1787147521973,0
52.010082244873,0
55.960376739502,0
59.2691307067871,0
62.697811126709,0
65.1812133789062,0
65.3052291870117,0
64.2957763671875,0
65.031120300293,0
68.1332931518555,0
71.1955413818359,0
72.1412048339844,0
71.3978118896484,0
70.2788009643555,0
69.1262054443359,0
67.9684143066406,0
67.4097213745117,0
67.6104507446289,0
67.4867477416992,0
66.1900939941406,0
64.5934753417969,0
64.0494689941406,0
64.2580337524414,0
63.739086151123,0
62.1366729736328,0
60.5479774475098,0
59.3526840209961,0
57.1686401367188,0
52.7808036804199,0
47.0986595153809,0
42.0928764343262,0
38.3577003479004,0
34.9716796875,0
31.588809967041,0
29.2460823059082,0
28.6435832977295,0
28.7905807495117,0
28.1998291015625,0
26.6510066986084,0
24.8905906677246,0
23.2483806610107,0
21.6194686889648,0
20.3496646881104,0
19.8787975311279,0
19.5923175811768,0
18.1836891174316,0
15.2795715332031,0
11.7459230422974,0
8.30745983123779,0
4.8449068069458,0
1.17957127094269,0
-2.41359925270081,0
-5.58496761322021,0
-7.84697723388672,0
-8.22816467285156,0
-6.33881998062134,0
-3.8670506477356,0
-3.31636381149292,0
-4.65658330917358,0
-4.88530588150024,0
-1.90476167201996,0
2.6541383266449,0
5.71987390518188,0
6.54311752319336,0
6.58437204360962,0
6.64099979400635,0
5.97378826141357,0
4.03235530853271,0
1.49296510219574,0
-0.581985056400299,0
-1.74118542671204,0
-2.40957045555115,0
-3.73915791511536,0
-6.62301635742188,0
-10.1238965988159,0
-11.7343349456787,0
-10.2762994766235,0
-7.66397285461426,0
-6.42113637924194,0
-6.35094451904297,0
-5.49922704696655,0
-3.71532011032104,0
-2.80497574806213,0
-3.04767036437988,0
-2.10788893699646,0
1.56146335601807,0
6.23147869110107,0
9.26804542541504,0
10.5421772003174,0
11.7734460830688,0
13.3930330276489,0
14.04869556427,0
13.231273651123,0
12.6551504135132,0
14.1602153778076,0
17.1377983093262,0
19.1709976196289,0
19.1852588653564,0
19.0078773498535,0
21.2087230682373,0
25.9576454162598,0
31.0303802490234,0
34.8303985595703,0
38.0736465454102,0
41.8683204650879,0
45.4048500061035,0
46.9077377319336,0
46.2344093322754,0
45.0954551696777,0
44.9964599609375,0
46.38916015625,0
49.6974678039551,0
55.4826583862305,0
63.1485900878906,0
70.8120193481445,0
76.9536209106445,0
81.0707321166992,0
82.4691696166992,0
80.0803527832031,0
74.3457336425781,0
67.7860488891602,0
62.4416694641113,0
57.8887023925781,0
53.0562553405762,0
48.7229309082031,0
46.2719497680664,0
44.7164497375488,0
41.3385009765625,0
35.5774688720703,0
30.3311767578125,0
28.5696926116943,0
30.0821704864502,0
32.6015396118164,0
35.0621032714844,0
38.3706817626953,0
43.3392448425293,0
49.1857147216797,0
54.4444580078125,0
58.5978813171387,0
62.176586151123,0
65.4606781005859,0
67.761848449707,0
68.3618240356445,0
67.7716445922852,0
67.2795486450195,0
67.0473098754883,0
65.3395462036133,0
60.2419128417969,0
51.8288764953613,0
42.0722579956055,0
32.8442993164062,0
24.6419258117676,0
17.153190612793,0
10.2828226089478,0
4.28109836578369,0
-0.726888298988342,0
-4.97157907485962,0
-8.86865425109863,0
-12.6979675292969,0
-16.3322582244873,0
-19.2318992614746,0
-20.76979637146,0
-20.5685291290283,0
-18.5970363616943,0
-15.2246007919312,0
-11.3472948074341,0
-8.22300624847412,0
-6.8394513130188,0
-7.30821752548218,0
-8.79077625274658,0
-9.95811653137207,0
-9.82602214813232,0
-8.60833930969238,0
-7.65437698364258,0
-8.03182125091553,0
-9.28127670288086,0
-10.2848854064941,0
-11.3125,0
-14.1182594299316,0
-19.5349445343018,0
-25.9293727874756,0
-30.8734760284424,0
-33.7395668029785,0
-35.7398567199707,0
-37.7416763305664,0
-39.0561141967773,0
-38.6440048217773,0
-36.996280670166,0
-36.2850608825684,0
-38.2736434936523,0
-41.9716796875,0
-43.9364585876465,0
-41.589672088623,0
-35.8570899963379,0
-29.6837921142578,0
-24.5379581451416,0
-19.8808879852295,0
-15.6513252258301,0
-12.9049453735352,0
-11.4217395782471,0
-9.02280044555664,0
-4.56218814849854,0
0.371421068906784,0
4.2150731086731,0
7.83609247207642,0
12.1453819274902,0
15.2544202804565,0
14.8458242416382,0
12.1715517044067,0
10.5927486419678,0
10.6659259796143,0
9.78893756866455,0
6.71082830429077,0
3.20660042762756,0
0.567403376102448,0
-2.65307354927063,0
-8.05344295501709,0
-14.8439636230469,0
-21.4331951141357,0
-27.8242092132568,0
-34.9003562927246,0
-42.5751533508301,0
-49.9587593078613,0
-56.3593597412109,0
-61.0736961364746,0
-63.2029876708984,0
-62.7494583129883,0
-61.1202163696289,0
-59.7173347473145,0
-58.7715797424316,0
-58.135196685791,0
-58.2205505371094,0
-59.42041015625,0
-61.4791984558105,0
-64.0680847167969,0
-67.0912246704102,0
-69.8973693847656,0
-71.2125015258789,0
-70.4550247192383,0
-68.171501159668,0
-64.7809295654297,0
-60.1546363830566,0
-54.9938468933105,0
-51.1310539245605,0
-49.3911323547363,0
-48.1915817260742,0
-45.223331451416,0
-39.674243927002,0
-32.0889091491699,0
-23.0286312103271,0
-12.6981706619263,0
-1.22301864624023,0
11.0316667556763,0
22.5791130065918,0
30.5862903594971,0
33.4867858886719,0
33.9814949035645,0
36.9462394714355,0
43.5103721618652,0
49.8228073120117,0
52.9901161193848,0
55.2831802368164,0
60.1764640808105,0
66.9283905029297,0
72.2766799926758,0
75.5231628417969,0
78.2592086791992,0
80.213996887207,0
79.2631683349609,0
75.2969741821289,0
70.432373046875,0
65.0905151367188,0
57.336009979248,0
46.9978561401367,0
37.2848014831543,0
30.7618923187256,0
26.0578289031982,0
20.1080493927002,0
11.8876285552979,0
2.64429497718811,0
-5.91767501831055,0
-12.4302368164062,0
-16.3210124969482,0
-18.7017116546631,0
-21.5849838256836,0
-25.3603076934814,0
-28.5289611816406,0
-30.7892932891846,0
-34.4122734069824,0
-40.980037689209,0
-48.5044860839844,0
-53.9431762695312,0
-57.4748573303223,0
-61.9715042114258,0
-68.7183456420898,0
-75.8979644775391,0
-81.4002380371094,0
-85.1568603515625,0
-88.1274871826172,0
-90.5212707519531,0
-91.9861373901367,0
-92.7961349487305,0
-94.0518341064453,0
-96.8339080810547,0
-101.269477844238,0
-106.156883239746,0
-109.647926330566,0
-110.803039550781,0
-110.420501708984,0
-109.916313171387,0
-109.61612701416,0
-108.72004699707,0
-106.679397583008,0
-103.79695892334,0
-100.516822814941,0
-96.9376678466797,0
-93.1408157348633,0
-89.2390899658203,0
-84.8733673095703,0
-79.3749771118164,0
-72.8370361328125,0
-66.5160446166992,0
-61.6949653625488,0
-58.3626594543457,0
-55.2953872680664,0
-51.2928237915039,0
-46.2390823364258,0
-41.1942481994629,0
-37.508674621582,0
-35.5100975036621,0
-33.8914337158203,0
-30.6362838745117,0
-24.6904640197754,0
-16.5698680877686,0
-7.40814399719238,0
2.12942457199097,0
11.8131475448608,0
21.1555099487305,0
29.165699005127,0
34.7929611206055,0
37.5436058044434,0
37.7435073852539,0
36.1186866760254,0
32.9051856994629,0
27.5612735748291,0
19.857084274292,0
11.1311559677124,0
3.56766557693481,0
-2.21953797340393,0
-8.10655689239502,0
-16.1022415161133,0
-25.4922218322754,0
-33.4247245788574,0
-38.3892478942871,0
-42.0127944946289,0
-46.843448638916,0
-53.1553993225098,0
-58.8315238952637,0
-62.0962257385254,0
-63.5149536132812,0
-65.1907958984375,0
-68.471923828125,0
-72.557731628418,0
-75.1536102294922,0
-74.6335067749023,0
-71.7206344604492,0
-68.6051940917969,0
-66.1252746582031,0
-62.6639709472656,0
-56.674201965332,0
-49.384220123291,0
-43.4620933532715,0
-39.5321769714355,0
-36.0229339599609,0
-32.4247016906738,0
-30.2559967041016,0
-29.9853248596191,0
-29.4212398529053,0
-26.8424682617188,0
-23.7857532501221,0
-22.5388259887695,0
-22.2878761291504,0
-20.3640537261963,0
-16.6655406951904,0
-14.1371812820435,0
-14.5554294586182,0
-15.9507417678833,0
-15.0037260055542,0
-10.7734451293945,0
-5.48489046096802,0
-2.2875645160675,0
-2.28041625022888,0
-3.27460050582886,0
-2.02451062202454,0
1.77870225906372,0
4.98884534835815,0
5.66053628921509,0
6.57609844207764,0
11.7958717346191,0
20.8031005859375,0
29.0932712554932,0
34.3743782043457,0
39.1792373657227,0
47.0568580627441,0
59.3025093078613,0
76.2551116943359,0
98.306266784668,0
123.314010620117,0
145.493408203125,0
159.779998779297,0
166.223968505859,0
167.950271606445,0
166.105041503906,0
159.54753112793,0
148.806274414062,0
136.997924804688,0
125.96898651123,0
114.056129455566,0
99.2324600219727,0
82.7578048706055,0
67.7733688354492,0
55.2080917358398,0
43.1860084533691,0
30.3148746490479,0
17.3938522338867,0
5.1874041557312,0
-7.51971340179443,0
-22.0609436035156,0
-37.3023338317871,0
-50.8309020996094,0
-62.1471748352051,0
-72.6908950805664,0
-82.9216995239258,0
-91.6720733642578,0
-98.7685852050781,0
-105.796051025391,0
-113.081741333008,0
-118.332733154297,0
-120.300926208496,0
-121.746826171875,0
-125.797760009766,0
-130.533401489258,0
-130.783813476562,0
-125.429489135742,0
-119.319648742676,0
-116.5673828125,0
-115.117454528809,0
-110.563804626465,0
-103.19034576416,0
-97.7479553222656,0
-96.7639007568359,0
-97.3351669311523,0
-95.2622756958008,0
-89.7851409912109,0
-82.8730392456055,0
-75.8241958618164,0
-68.5632171630859,0
-61.295711517334,0
-54.8148002624512,0
-49.279956817627,0
-44.2257881164551,0
-39.8986015319824,0
-37.2462768554688,0
-36.2111549377441,0
-35.2365760803223,0
-33.309326171875,0
-31.8588180541992,0
-33.6396369934082,0
-39.5644683837891,0
-47.101692199707,0
-52.2555999755859,0
-53.2505760192871,0
-51.9000129699707,0
-50.9387245178223,0
-50.5398788452148,0
-48.6562881469727,0
-44.7009239196777,0
-41.0351867675781,0
-39.8798980712891,0
-40.4562950134277,0
-40.7969398498535,0
-40.9020919799805,0
-41.7574920654297,0
-42.1262130737305,0
-39.1921501159668,0
-32.458869934082,0
-24.3261394500732,0
-16.245080947876,0
-6.92963314056396,0
4.50426912307739,0
16.0777797698975,0
25.4060153961182,0
32.8356666564941,0
40.1846656799316,0
47.5508155822754,0
53.2595405578613,0
56.2579536437988,0
56.938907623291,0
56.0907897949219,0
54.3724555969238,0
52.3381309509277,0
49.7837066650391,0
45.589656829834,0
39.3155479431152,0
32.2886924743652,0
25.8999080657959,0
19.5432987213135,0
11.7086477279663,0
2.52138829231262,0
-6.52529573440552,0
-15.0841779708862,0
-24.2740383148193,0
-34.1655044555664,0
-42.6861343383789,0
-47.953441619873,0
-50.6098670959473,0
-52.8456878662109,0
-55.7231826782227,0
-58.436351776123,0
-60.0036888122559,0
-60.740550994873,0
-61.6696891784668,0
-63.0191421508789,0
-64.0828323364258,0
-64.6408996582031,0
-65.6685256958008,0
-67.9024429321289,0
-70.195556640625,0
-70.3506927490234,0
-67.5713195800781,0
-63.1510581970215,0
-58.6805763244629,0
-54.5823783874512,0
-50.5902099609375,0
-46.526065826416,0
-42.0913696289062,0
-36.8344421386719,0
-30.9111137390137,0
-25.1404762268066,0
-19.8718738555908,0
-14.5596904754639,0
-8.83406448364258,0
-3.18268728256226,0
1.75791573524475,0
5.72062158584595,0
8.3801212310791,0
9.47836399078369,0
9.73824787139893,0
10.589168548584,0
12.6593132019043,0
15.6358623504639,0
19.6958122253418,0
25.4716300964355,0
32.2844619750977,0
38.350414276123,0
43.495792388916,0
49.7101249694824,0
57.982551574707,0
66.6281967163086,0
74.1320724487305,0
81.6332550048828,0
90.8435134887695,0
101.384620666504,0
112.146286010742,0
123.295188903809,0
134.344879150391,0
141.927734375,0
142.780075073242,0
138.270843505859,0
132.987686157227,0
129.205368041992,0
125.579788208008,0
120.884490966797,0
115.66162109375,0
109.881561279297,0
102.433631896973,0
94.0731811523438,0
87.7875518798828,0
84.5462036132812,0
81.3084259033203,0
75.3029708862305,0
68.0561599731445,0
62.705451965332,0
59.0585060119629,0
54.2959327697754,0
47.7396240234375,0
41.7780342102051,0
37.7632331848145,0
33.7010269165039,0
27.2262649536133,0
19.0801582336426,0
12.1184577941895,0
7.80755949020386,0
5.15493631362915,0
2.82015347480774,0
0.994328618049622,0
0.753891110420227,0
2.15577149391174,0
3.63546586036682,0
3.56256890296936,0
2.31557202339172,0
2.35638093948364,0
5.70550203323364,0
11.420506477356,0
16.264139175415,0
18.1228885650635,0
18.0934810638428,0
18.6685791015625,0
20.5017356872559,0
21.8885078430176,0
21.1180152893066,0
18.1585369110107,0
13.8800487518311,0
8.84745121002197,0
3.58806395530701,0
-0.900363802909851,0
-4.02171087265015,0
-6.56662797927856,0
-9.79056930541992,0
-13.6301889419556,0
-16.8030586242676,0
-18.7399444580078,0
-20.4672203063965,0
-23.2577095031738,0
-27.1924018859863,0
-31.4835147857666,0
-35.5502433776855,0
-39.2406234741211,0
-42.5092811584473,0
-45.4488525390625,0
-48.2537727355957,0
-50.6302032470703,0
-51.662670135498,0
-50.9081039428711,0
-49.2559547424316,0
-47.918327331543,0
-46.8255271911621,0
-44.9991455078125,0
-42.5082054138184,0
-40.9186172485352,0
-41.2997627258301,0
-42.6413078308105,0
-42.9572448730469,0
-41.3977088928223,0
-38.5630302429199,0
-35.2276725769043,0
-31.6935176849365,0
-28.2748928070068,0
-25.5000705718994,0
-23.5281715393066,0
-21.8222618103027,0
-19.6020107269287,0
-16.3981113433838,0
-12.220386505127,0
-7.47679805755615,0
-2.61100769042969,0
2.43341994285583,0
8.02127838134766,0
13.6297464370728,0
17.4016723632812,0
17.9463672637939,0
16.4896240234375,0
16.0797824859619,0
18.2898426055908,0
21.5630035400391,0
23.2141056060791,0
22.2316036224365,0
19.5725440979004,0
16.5300121307373,0
13.7155494689941,0
11.2191295623779,0
8.78448295593262,0
5.76838064193726,0
1.63890695571899,0
-3.20107007026672,0
-7.51419019699097,0
-10.5676231384277,0
-13.2458391189575,0
-17.3025760650635,0
-23.1682815551758,0
-28.8756313323975,0
-31.902099609375,0
-32.0730094909668,0
-31.7219715118408,0
-32.6430702209473,0
-33.9700889587402,0
-33.9258499145508,0
-32.6565361022949,0
-31.9123859405518,0
-32.5064506530762,0
-33.8138236999512,0
-35.7215385437012,0
-39.1986656188965,0
-44.2539138793945,0
-48.8289909362793,0
-50.8955841064453,0
-50.8970527648926,0
-51.1015396118164,0
-52.9380264282227,0
-55.7937355041504,0
-58.2314224243164,0
-59.6452941894531,0
-60.5610008239746,0
-61.6739654541016,0
-62.9485740661621,0
-63.91943359375,0
-64.7883682250977,0
-66.4898452758789,0
-69.1028671264648,0
-70.8869857788086,0
-70.0385131835938,0
-67.1644668579102,0
-64.7184295654297,0
-63.8670387268066,0
-63.2608680725098,0
-61.3745536804199,0
-58.7448310852051,0
-56.9721183776855,0
-56.4402198791504,0
-56.0552673339844,0
-54.662971496582,0
-51.8577880859375,0
-47.9405632019043,0
-43.9206275939941,0
-40.9413566589355,0
-38.6746711730957,0
-34.8745536804199,0
-27.8794441223145,0
-19.2513084411621,0
-12.2974681854248,0
-7.7056303024292,0
-2.18773746490479,0
7.77166986465454,0
21.9806270599365,0
37.2209320068359,0
50.7745666503906,0
62.0037078857422,0
71.1487045288086,0
78.2205123901367,0
83.2219619750977,0
86.2129058837891,0
86.7240447998047,0
83.9653778076172,0
77.9975280761719,0
69.9131469726562,0
60.4313735961914,0
49.1243782043457,0
35.7229804992676,0
21.560754776001,0
8.8050594329834,0
-1.59937214851379,0
-10.6223049163818,0
-19.9578647613525,0
-30.5859279632568,0
-42.0986938476562,0
-52.7528610229492,0
-60.5514373779297,0
-65.1960372924805,0
-68.8002319335938,0
-73.676872253418,0
-79.4967193603516,0
-83.8141021728516,0
-85.4972229003906,0
-86.1488952636719,0
-87.5062713623047,0
-88.9478607177734,0
-88.870246887207,0
-87.4750289916992,0
-86.5734252929688,0
-87.1108627319336,0
-88.3768539428711,0
-89.3251647949219,0
-89.0408706665039,0
-86.0246963500977,0
-79.0315551757812,0
-69.3615493774414,0
-60.7259559631348,0
-55.647274017334,0
-52.9090538024902,0
-49.5652809143066,0
-44.6520767211914,0
-39.8052406311035,0
-36.8110122680664,0
-35.7886695861816,0
-35.6336250305176,0
-35.2131462097168,0
-34.0002136230469,0
-32.2039756774902,0
-30.4233856201172,0
-28.884428024292,0
-27.222936630249,0
-25.3244533538818,0
-23.9129066467285,0
-23.7501316070557,0
-24.6502819061279,0
-25.8494606018066,0
-26.8355026245117,0
-27.0862140655518,0
-25.5732345581055,0
-21.5707530975342,0
-15.600004196167,0
-8.50737571716309,0
0.0306305419653654,0
10.7848234176636,0
22.9607906341553,0
34.4460334777832,0
44.294361114502,0
53.6029930114746,0
63.6292037963867,0
74.4248428344727,0
85.68115234375,0
97.2993698120117,0
108.425079345703,0
117.596473693848,0
124.956161499023,0
132.740417480469,0
142.094375610352,0
150.769012451172,0
155.737838745117,0
156.87353515625,0
155.844772338867,0
152.374160766602,0
144.583923339844,0
133.158966064453,0
122.119987487793,0
114.143295288086,0
107.338371276855,0
98.3447799682617,0
86.8648376464844,0
75.0225296020508,0
63.4584503173828,0
50.7840576171875,0
36.9695472717285,0
24.8472595214844,0
17.1011524200439,0
13.1047401428223,0
9.93098831176758,0
5.76484966278076,0
1.28826820850372,0
-1.83129441738129,0
-2.74745965003967,0
-1.8044890165329,0
-0.00601144507527351,0
1.5906172990799,0
2.35449433326721,0
2.17422890663147,0
1.11976766586304,0
-0.576688647270203,0
-1.96134543418884,0
-1.51438903808594,0
1.24582624435425,0
4.67886018753052,0
6.59266948699951,0
6.86769676208496,0
7.56397676467896,0
10.3683624267578,0
14.8999605178833,0
19.6840190887451,0
23.8141536712646,0
27.3863315582275,0
31.1907253265381,0
36.2072830200195,0
42.510871887207,0
48.5491218566895,0
52.5238304138184,0
54.5122261047363,0
55.9663963317871,0
57.249698638916,0
57.5771522521973,0
57.5696029663086,0
59.2707557678223,0
62.5153045654297,0
63.9457931518555,0
61.7030754089355,0
58.8625183105469,0
59.5573196411133,0
63.4502334594727,0
67.178466796875,0
70.0338287353516,0
74.5883865356445,0
82.1521835327148,0
91.5217056274414,0
102.783393859863,0
118.540115356445,0
139.631637573242,0
162.486175537109,0
182.707778930664,0
199.145660400391,0
212.594604492188,0
222.690948486328,0
228.698486328125,0
232.209930419922,0
236.731704711914,0
245.022399902344,0
258.105712890625,0
275.424682617188,0
293.684631347656,0
306.530914306641,0
308.285491943359,0
298.476806640625,0
281.059600830078,0
259.385070800781,0
233.980728149414,0
205.208084106445,0
175.398208618164,0
147.064224243164,0
120.709373474121,0
95.7789916992188,0
72.606559753418,0
52.0452995300293,0
33.9108619689941,0
17.0850830078125,0
0.884710431098938,0
-14.5812959671021,0
-29.1462173461914,0
-42.8062934875488,0
-55.2530937194824,0
-65.8828887939453,0
-74.47021484375,0
-81.5351028442383,0
-87.8760147094727,0
-93.6897735595703,0
-98.1078262329102,0
-99.8805847167969,0
-98.9313583374023,0
-96.9983673095703,0
-96.0639266967773,0
-96.2181015014648,0
-95.8522033691406,0
-93.9640197753906,0
-91.2946472167969,0
-88.9834747314453,0
-87.2383575439453,0
-85.8966064453125,0
-85.213134765625,0
-85.2227401733398,0
-85.1933898925781,0
-84.648078918457,0
-84.0922012329102,0
-83.7022705078125,0
-82.3214263916016,0
-79.3099136352539,0
-76.5183410644531,0
-76.2810974121094,0
-77.8169555664062,0
-78.1601867675781,0
-76.9185638427734,0
-77.1888198852539,0
-80.4942474365234,0
-83.7149887084961,0
-83.4582366943359,0
-81.1469879150391,0
-80.3997039794922,0
-80.7294006347656,0
-77.887939453125,0
-70.4831008911133,0
-62.2940483093262,0
-56.8496551513672,0
-53.1746520996094,0
-48.8007659912109,0
-43.9118690490723,0
-39.7718544006348,0
-35.3448600769043,0
-28.7580261230469,0
-20.8761367797852,0
-14.2287950515747,0
-8.94489002227783,0
-2.7663950920105,0
5.01076459884644,0
12.5740003585815,0
18.9834690093994,0
25.7278709411621,0
33.8918724060059,0
42.114330291748,0
48.7080726623535,0
53.9890899658203,0
59.1460647583008,0
64.3509826660156,0
69.3549880981445,0
74.4990844726562,0
79.5756454467773,0
82.9481353759766,0
83.5626983642578,0
82.8763198852539,0
82.952880859375,0
83.3945159912109,0
82.1216430664062,0
78.6272201538086,0
74.2251281738281,0
69.2944183349609,0
62.8246917724609,0
55.1236724853516,0
48.3803672790527,0
43.381950378418,0
38.0109748840332,0
30.7458209991455,0
23.6479396820068,0
19.5086116790771,0
17.3861446380615,0
13.7054786682129,0
7.25355243682861,0
0.440946012735367,0
-4.41265916824341,0
-7.55623769760132,0
-10.1797218322754,0
-12.7197170257568,0
-15.6599893569946,0
-19.836368560791,0
-24.6020736694336,0
-27.4014587402344,0
-26.6964893341064,0
-24.0762882232666,0
-22.0505828857422,0
-20.8887214660645,0
-19.190465927124,0
-16.6306457519531,0
-14.3046655654907,0
-12.7351970672607,0
-11.2502193450928,0
-9.43783283233643,0
-7.83760595321655,0
-6.76873731613159,0
-5.41617488861084,0
-2.69589161872864,0
1.31555891036987,0
5.30541372299194,0
8.25442504882812,0
10.894603729248,0
15.087085723877,0
21.4089031219482,0
28.096378326416,0
33.2590293884277,0
37.3922843933105,0
42.3025398254395,0
48.1958084106445,0
53.7580490112305,0
58.6771659851074,0
63.5688018798828,0
67.3949279785156,0
67.9917373657227,0
65.8898391723633,0
64.3869323730469,0
64.4789733886719,0
63.1529121398926,0
58.8057823181152,0
54.6949691772461,0
53.7040214538574,0
53.0109252929688,0
48.5000915527344,0
42.123477935791,0
39.5285339355469,0
41.405632019043,0
42.7036170959473,0
40.502124786377,0
37.1684379577637,0
34.5952110290527,0
30.6860675811768,0
23.9694957733154,0
17.1665077209473,0
13.0495853424072,0
10.3688087463379,0
7.2442684173584,0
5.52953863143921,0
7.99537801742554,0
13.3839807510376,0
18.0753803253174,0
21.0223159790039,0
23.1851940155029,0
23.4173011779785,0
19.4509468078613,0
12.9569778442383,0
9.2866792678833,0
10.892765045166,0
14.2678966522217,0
15.0288095474243,0
13.4220104217529,0
12.8385515213013,0
14.7798070907593,0
17.5065021514893,0
18.7899627685547,0
18.1698093414307,0
16.6949863433838,0
15.6046104431152,0
15.3118953704834,0
15.2449703216553,0
14.8632793426514,0
14.7319631576538,0
15.747407913208,0
17.3334560394287,0
17.8166751861572,0
17.0455169677734,0
17.0273914337158,0
18.9424571990967,0
21.0555305480957,0
21.1640319824219,0
19.9101276397705,0
19.663122177124,0
20.8406238555908,0
21.6427249908447,0
21.3904056549072,0
21.8070030212402,0
24.2642631530762,0
27.5941867828369,0
29.7024230957031,0
30.0502071380615,0
29.508373260498,0
28.8459186553955,0
28.4710578918457,0
28.821044921875,0
29.8317165374756,0
30.4762077331543,0
29.7314224243164,0
27.6357669830322,0
24.7970523834229,0
21.529598236084,0
18.2351016998291,0
15.8416185379028,0
14.71559715271,0
13.5524835586548,0
10.42076587677,0
4.72159481048584,0
-2.6227650642395,0
-10.4053258895874,0
-17.5897083282471,0
-23.1237125396729,0
-26.6686515808105,0
-29.3313503265381,0
-32.4074287414551,0
-35.5348739624023,0
-37.4273796081543,0
-38.3037948608398,0
-39.8967247009277,0
-42.7743911743164,0
-45.4647483825684,0
-46.9647903442383,0
-48.2503433227539,0
-49.9196891784668,0
-50.0151748657227,0
-46.3967056274414,0
-40.4829025268555,0
-36.2031288146973,0
-35.1814880371094,0
-35.2145957946777,0
-34.0555686950684,0
-32.3456954956055,0
-31.3708934783936,0
-29.9667587280273,0
-26.0751266479492,0
-20.3759059906006,0
-15.7416534423828,0
-13.2390937805176,0
-11.2177610397339,0
-8.70525550842285,0
-6.95952367782593,0
-6.45920467376709,0
-5.01003694534302,0
-1.05968189239502,0
3.04791116714478,0
3.84866428375244,0
1.55599498748779,0
-0.840184032917023,0
-2.53809380531311,0
-5.72454452514648,0
-11.4202070236206,0
-17.9258575439453,0
-24.2000503540039,0
-31.4458751678467,0
-39.7129516601562,0
-45.9177665710449,0
-47.6134796142578,0
-46.4233779907227,0
-45.1393852233887,0
-43.4446449279785,0
-39.6950645446777,0
-35.5160484313965,0
-34.794807434082,0
-38.1730766296387,0
-41.9651908874512,0
-43.2356605529785,0
-43.0144309997559,0
-43.3495140075684,0
-43.8314476013184,0
-42.8723487854004,0
-40.5810394287109,0
-38.3408317565918,0
-36.6175193786621,0
-35.0265274047852,0
-33.8759803771973,0
-33.8004264831543,0
-34.0045776367188,0
-32.4809875488281,0
-28.3643836975098,0
-23.1015605926514,0
-18.9633178710938,0
-17.03639793396,0
-16.7254028320312,0
-16.3793659210205,0
-14.1637420654297,0
-9.25975322723389,0
-2.95450615882874,0
1.95116460323334,0
3.65203523635864,0
3.16147971153259,0
2.99982738494873,0
4.19065618515015,0
5.42938756942749,0
5.42044496536255,0
4.97229814529419,0
5.85273885726929,0
8.14056015014648,0
9.94250583648682,0
9.81396389007568,0
8.39029788970947,0
7.12156820297241,0
6.1436562538147,0
4.15860986709595,0
0.210981100797653,0
-4.93767499923706,0
-9.23023319244385,0
-11.0026292800903,0
-10.4438638687134,0
-9.40338897705078,0
-9.39521789550781,0
-9.79352951049805,0
-8.61674118041992,0
-5.27289056777954,0
-1.67083418369293,0
0.0899960845708847,0
0.496202290058136,0
2.01784420013428,0
5.86500549316406,0
10.4611587524414,0
13.5167255401611,0
14.6580505371094,0
15.1204261779785,0
15.3923101425171,0
14.5046920776367,0
11.9421968460083,0
8.9688777923584,0
6.88938808441162,0
4.68126630783081,0
0.0341560952365398,0
-7.10407066345215,0
-13.7346248626709,0
-17.4115467071533,0
-19.0693492889404,0
-20.7745780944824,0
-22.0549564361572,0
-20.8901042938232,0
-17.8348712921143,0
-16.2148590087891,0
-17.4922046661377,0
-19.1883354187012,0
-19.1872329711914,0
-19.8367519378662,0
-24.907865524292,0
-33.5055389404297,0
-40.2457427978516,0
-41.8560066223145,0
-40.7472991943359,0
-40.7268753051758,0
-41.6019630432129,0
-40.4388236999512,0
-36.8254280090332,0
-33.8322334289551,0
-33.4808540344238,0
-33.8751258850098,0
-32.2339324951172,0
-29.0700912475586,0
-27.4185447692871,0
-28.5929718017578,0
-30.622049331665,0
-31.0651760101318,0
-29.8759479522705,0
-28.7508602142334,0
-28.4469356536865,0
-27.5446357727051,0
-23.8209590911865,0
-16.6934242248535,0
-8.35604286193848,0
-2.21297907829285,0
0.213030532002449,0
0.613159418106079,0
1.85631215572357,0
5.1596097946167,0
9.78470516204834,0
14.644850730896,0
18.9795398712158,0
21.9804611206055,0
23.3058471679688,0
23.9284553527832,0
25.1087265014648,0
26.5622673034668,0
27.0978298187256,0
27.0623416900635,0
28.4081935882568,0
31.9662017822266,0
36.3369598388672,0
40.0090675354004,0
42.8441848754883,0
44.7627372741699,0
44.8678131103516,0
43.1078491210938,0
41.1807518005371,0
40.3183250427246,0
39.5521087646484,0
37.7616271972656,0
36.1145553588867,0
36.4477005004883,0
38.1151008605957,0
38.748233795166,0
37.8969879150391,0
37.5829048156738,0
38.7497406005859,0
39.2269020080566,0
36.5074996948242,0
31.3724803924561,0
27.260425567627,0
26.2698860168457,0
26.884256362915,0
25.9067668914795,0
21.9752674102783,0
16.6593742370605,0
12.3755321502686,0
9.93117332458496,0
8.35092163085938,0
6.41354751586914,0
3.53403782844543,0
-0.545310616493225,0
-5.69460344314575,0
-10.6150493621826,0
-13.2155017852783,0
-12.8066263198853,0
-11.4156799316406,0
-11.7286014556885,0
-13.6745071411133,0
-14.1675701141357,0
-10.8198490142822,0
-5.08921909332275,0
-0.671527862548828,0
1.014568567276,0
2.4090461730957,0
6.21621894836426,0
11.3115177154541,0
13.8366575241089,0
12.3054704666138,0
9.77914810180664,0
9.87051296234131,0
11.9503726959229,0
12.3077907562256,0
9.71402549743652,0
7.45511674880981,0
8.73417091369629,0
11.7081890106201,0
11.0879335403442,0
4.37089395523071,0
-5.22892999649048,0
-12.4543781280518,0
-15.2820882797241,0
-15.7608184814453,0
-16.6607723236084,0
-18.7035675048828,0
-20.9596900939941,0
-22.6576766967773,0
-23.9518146514893,0
-25.4482135772705,0
-27.4793376922607,0
-29.62451171875,0
-30.816442489624,0
-30.3662166595459,0
-28.9807395935059,0
-28.0688400268555,0
-27.8178043365479,0
-26.9141101837158,0
-24.6326007843018,0
-21.9018898010254,0
-19.2728748321533,0
-15.3318204879761,0
-9.08104419708252,0
-2.74039745330811,0
0.584285020828247,0
1.60495352745056,0
3.99546027183533,0
8.49429035186768,0
11.5284986495972,0
11.1216430664062,0
10.3015985488892,0
11.8302688598633,0
13.0397233963013,0
10.0954647064209,0
4.90092945098877,0
2.56979131698608,0
3.14799571037292,0
1.56748783588409,0
-3.73749709129333,0
-7.95561122894287,0
-7.70949172973633,0
-6.52527618408203,0
-8.89745998382568,0
-12.8413009643555,0
-12.8626022338867,0
-7.94232368469238,0
-1.95319950580597,0
2.65049242973328,0
7.04141616821289,0
12.1393146514893,0
16.8517532348633,0
21.0785064697266,0
26.7017707824707,0
33.7171363830566,0
38.2180595397949,0
36.7720603942871,0
31.3234519958496,0
27.4271259307861,0
28.2257537841797,0
32.0082168579102,0
35.3582382202148,0
36.8192901611328,0
37.1368522644043,0
37.5232772827148,0
38.7391357421875,0
41.0380859375,0
43.7943725585938,0
45.3414764404297,0
44.245174407959,0
41.0192680358887,0
37.789421081543,0
35.8661804199219,0
34.4579925537109,0
32.4217987060547,0
30.3356552124023,0
29.4764709472656,0
29.2314796447754,0
27.4160766601562,0
23.5971698760986,0
20.3086414337158,0
19.7308406829834,0
20.4684906005859,0
19.3857975006104,0
16.0149917602539,0
13.1614646911621,0
13.0342493057251,0
14.7113943099976,0
16.1986408233643,0
17.2418098449707,0
18.6260528564453,0
19.9436225891113,0
20.0815830230713,0
19.4547996520996,0
19.5944042205811,0
20.2876224517822,0
19.2069911956787,0
15.1742944717407,0
9.87137794494629,0
5.0863184928894,0
0.149172842502594,0
-6.01187229156494,0
-11.8805093765259,0
-15.0621471405029,0
-16.1979370117188,0
-18.3452587127686,0
-22.4990539550781,0
-26.3917655944824,0
-28.0895900726318,0
-28.2080993652344,0
-27.9247398376465,0
-27.3233489990234,0
-26.5966129302979,0
-26.405891418457,0
-26.043586730957,0
-23.8658695220947,0
-20.6762180328369,0
-19.5802783966064,0
-20.8052043914795,0
-20.1864395141602,0
-15.4433345794678,0
-10.3469972610474,0
-8.83098316192627,0
-8.25902938842773,0
-3.6749951839447,0
3.6548056602478,0
8.17670059204102,0
9.52944946289062,0
13.1809520721436,0
20.7095279693604,0
26.261962890625,0
25.5112075805664,0
22.337366104126,0
22.524206161499,0
25.3859405517578,0
26.5363521575928,0
25.6899967193604,0
26.2014141082764,0
28.368688583374,0
28.4794158935547,0
24.6304092407227,0
19.3080921173096,0
15.323600769043,0
12.3040771484375,0
8.35206127166748,0
3.06459355354309,0
-2.06237816810608,0
-4.91983270645142,0
-4.20305776596069,0
-0.808299601078033,0
2.34261512756348,0
3.37797474861145,0
4.08147287368774,0
7.55435752868652,0
13.4383430480957,0
17.834493637085,0
18.543758392334,0
17.9927082061768,0
19.4636573791504,0
22.2453746795654,0
22.7512226104736,0
19.7532520294189,0
16.1892032623291,0
15.2360696792603,0
16.252779006958,0
15.944149017334,0
12.9060049057007,0
9.5059289932251,0
8.87549495697021,0
11.1407308578491,0
13.6462659835815,0
14.4251489639282,0
14.1138219833374,0
14.12562084198,0
14.133638381958,0
12.5163230895996,0
8.98987102508545,0
5.57319450378418,0
4.3687949180603,0
5.07395172119141,0
5.67461204528809,0
5.46682834625244,0
6.05935907363892,0
8.66549301147461,0
11.695839881897,0
12.6950654983521,0
11.8922643661499,0
11.519739151001,0
11.7959213256836,0
10.628830909729,0
8.18052959442139,0
8.18717479705811,0
12.1744232177734,0
15.3351593017578,0
12.0980424880981,0
4.15620136260986,0
-1.35778021812439,0
-1.0738673210144,0
1.6278258562088,0
2.91361832618713,0
3.07502055168152,0
3.50348019599915,0
3.45575547218323,0
2.23331832885742,0
1.24476754665375,0
1.37614452838898,0
1.05802619457245,0
-0.72758162021637,0
-2.32283401489258,0
-2.82212018966675,0
-4.75596284866333,0
-10.25230884552,0
-17.0917568206787,0
-22.0536041259766,0
-25.7969398498535,0
-30.4018630981445,0
-34.218334197998,0
-34.1484336853027,0
-31.9242706298828,0
-32.6117553710938,0
-36.6016845703125,0
-38.3985862731934,0
-34.7984390258789,0
-29.4385623931885,0
-26.794075012207,0
-25.8035640716553,0
-22.8751087188721,0
-18.2710304260254,0
-15.5197324752808,0
-15.8218250274658,0
-16.6611003875732,0
-15.8376750946045,0
-14.0670213699341,0
-13.0438165664673,0
-12.8859424591064,0
-12.3819179534912,0
-10.7948637008667,0
-8.7560567855835,0
-7.7051215171814,0
-8.61816883087158,0
-11.0586051940918,0
-13.5065650939941,0
-14.7873210906982,0
-15.1123065948486,0
-15.7747268676758,0
-18.0766201019287,0
-22.3339900970459,0
-27.3441677093506,0
-30.9392967224121,0
-31.8377571105957,0
-31.0468997955322,0
-30.7067012786865,0
-31.4471435546875,0
-31.7714195251465,0
-30.3956604003906,0
-28.3115062713623,0
-27.7542724609375,0
-29.4986572265625,0
-31.9248542785645,0
-32.867504119873,0
-31.9454746246338,0
-30.6436748504639,0
-30.1191215515137,0
-29.6235675811768,0
-27.8615837097168,0
-25.4894332885742,0
-24.8491630554199,0
-26.8773174285889,0
-29.647798538208,0
-30.7046737670898,0
-29.5259628295898,0
-26.7743549346924,0
-22.6581020355225,0
-17.5315933227539,0
-12.7766160964966,0
-9.23283195495605,0
-5.80347776412964,0
-1.49169480800629,0
2.41847586631775,0
4.58415126800537,0
6.7670693397522,0
11.5719614028931,0
17.6033172607422,0
20.5648002624512,0
19.5172004699707,0
18.3227081298828,0
19.7068557739258,0
21.380765914917,0
19.9703330993652,0
15.8485527038574,0
11.7378377914429,0
8.82189083099365,0
6.61364936828613,0
4.81951570510864,0
3.10088586807251,0
0.685587048530579,0
-1.64725315570831,0
-1.02053606510162,0
3.65546751022339,0
8.89495944976807,0
10.4171714782715,0
8.32552623748779,0
5.70776033401489,0
3.44777989387512,0
-0.0581593215465546,0
-4.54053926467896,0
-6.86982297897339,0
-5.06326627731323,0
-0.606129705905914,0
3.86316156387329,0
7.01897811889648,0
8.63567543029785,0
9.09838008880615,0
9.62625789642334,0
11.0738115310669,0
12.2033748626709,0
11.0801496505737,0
8.36744976043701,0
7.10770034790039,0
8.93947887420654,0
12.7038822174072,0
17.0288429260254,0
21.7465534210205,0
26.2107734680176,0
28.9935894012451,0
30.3060932159424,0
32.0791320800781,0
34.453483581543,0
35.0784072875977,0
33.5531425476074,0
33.3911552429199,0
36.8420028686523,0
40.4559860229492,0
39.3568954467773,0
34.1300201416016,0
29.5791797637939,0
27.6549968719482,0
25.7846088409424,0
22.1559982299805,0
18.3761615753174,0
15.6711540222168,0
12.1711454391479,0
6.22335433959961,0
-0.226988419890404,0
-4.20453453063965,0
-6.11954355239868,0
-9.0664644241333,0
-14.3023223876953,0
-19.5162620544434,0
-21.6444759368896,0
-20.023998260498,0
-16.6059474945068,0
-13.957444190979,0
-13.2502841949463,0
-13.8560991287231,0
-14.9405460357666,0
-17.1945991516113,0
-21.9769668579102,0
-28.6042556762695,0
-34.1034317016602,0
-36.7246284484863,0
-38.3575172424316,0
-41.8954582214355,0
-47.1786575317383,0
-51.4423332214355,0
-53.2174644470215,0
-53.6209449768066,0
-53.7790603637695,0
-53.2284660339355,0
-51.5447769165039,0
-49.498649597168,0
-47.3208198547363,0
-43.4304275512695,0
-36.5422630310059,0
-27.9570045471191,0
-19.9546051025391,0
-12.5954713821411,0
-4.14321184158325,0
5.46810150146484,0
13.7501306533813,0
18.8837604522705,0
22.0067939758301,0
25.1688022613525,0
28.4660987854004,0
30.6747913360596,0
31.5876483917236,0
31.8595275878906,0
31.1955375671387,0
28.8386287689209,0
25.7580642700195,0
24.0138530731201,0
23.298454284668,0
20.3106803894043,0
12.8782625198364,0
2.92430329322815,0
-6.27290773391724,0
-14.1835746765137,0
-22.327356338501,0
-30.7375183105469,0
-37.8041763305664,0
-43.3144798278809,0
-49.018009185791,0
-55.7226409912109,0
-62.0006256103516,0
-66.5555419921875,0
-70.1212844848633,0
-74.0993118286133,0
-78.6326675415039,0
-82.7868270874023,0
-85.5298080444336,0
-86.0876388549805,0
-84.6525650024414,0
-83.2299423217773,0
-84.3067398071289,0
-87.9215393066406,0
-91.2924957275391,0
-91.9448547363281,0
-89.9119186401367,0
-86.4719848632812,0
-82.5746841430664,0
-79.3649749755859,0
-78.2314987182617,0
-78.7931518554688,0
-78.3598709106445,0
-74.9945526123047,0
-69.9267044067383,0
-65.5963363647461,0
-62.7276000976562,0
-60.867847442627,0
-60.2204170227051,0
-60.8217239379883,0
-61.1042060852051,0
-59.6427459716797,0
-57.627685546875,0
-57.3642578125,0
-58.8389320373535,0
-60.0276641845703,0
-60.2464790344238,0
-60.7444305419922,0
-61.8210411071777,0
-61.6683158874512,0
-58.7706069946289,0
-53.7798805236816,0
-48.374813079834,0
-43.5369110107422,0
-39.3264770507812,0
-35.1649856567383,0
-30.0842533111572,0
-23.7884292602539,0
-17.5254364013672,0
-12.8207130432129,0
-9.52386379241943,0
-6.32482147216797,0
-2.8109188079834,0
0.508627355098724,0
3.7443630695343,0
7.27204847335815,0
10.2184438705444,0
11.6091918945312,0
12.8557462692261,0
16.3027496337891,0
20.9279823303223,0
22.6043663024902,0
19.8373622894287,0
16.2666893005371,0
15.6140556335449,0
16.8685741424561,0
16.9863910675049,0
16.0615329742432,0
16.59690284729,0
19.0140819549561,0
21.3218650817871,0
22.8698902130127,0
25.2637233734131,0
29.1688804626465,0
32.8504333496094,0
34.7170104980469,0
35.2926368713379,0
35.7718734741211,0
36.2705001831055,0
36.4504890441895,0
36.5042343139648,0
36.446590423584,0
35.372688293457,0
32.4257049560547,0
27.9969100952148,0
23.3418083190918,0
19.4800987243652,0
16.8933200836182,0
15.7488765716553,0
15.9756298065186,0
17.5452136993408,0
20.8815975189209,0
26.3003807067871,0
32.691577911377,0
37.6195068359375,0
39.5830459594727,0
39.7505645751953,0
40.5558662414551,0
42.697811126709,0
44.4461784362793,0
44.1064834594727,0
42.1732025146484,0
40.2010078430176,0
38.183837890625,0
34.5071830749512,0
28.7283725738525,0
22.864070892334,0
18.7667789459229,0
15.3610010147095,0
10.3240652084351,0
4.05402326583862,0
-0.297431379556656,0
-1.24601173400879,0
-1.34485602378845,0
-3.93025016784668,0
-9.0936918258667,0
-14.3594760894775,0
-18.0195827484131,0
-19.9499473571777,0
-20.0565490722656,0
-18.065465927124,0
-14.5370216369629,0
-9.97802066802979,0
-2.83157134056091,0
9.52025127410889,0
26.9291725158691,0
45.2047271728516,0
59.6128768920898,0
68.5408325195312,0
73.0123748779297,0
74.1100921630859,0
72.4371643066406,0
69.2764053344727,0
66.3880233764648,0
64.4457092285156,0
62.8168144226074,0
61.0371742248535,0
59.3925132751465,0
57.7027015686035,0
54.6758232116699,0
49.3396492004395,0
42.4863929748535,0
35.810791015625,0
29.9692363739014,0
24.3652763366699,0
18.6555805206299,0
13.4915895462036,0
9.63475894927979,0
7.11702728271484,0
5.46412372589111,0
4.11101961135864,0
2.58270215988159,0
1.04403603076935,0
0.520121216773987,0
1.31803929805756,1
1.2337167263031,1
-2.77570652961731,1
-10.3100137710571,1
-16.713098526001,1
-17.8095226287842,1
-13.7454671859741,1
-6.68345594406128,1
2.84732627868652,1
14.152515411377,1
22.6046409606934,1
22.2222518920898,1
12.6644506454468,1
0.139571890234947,1
-9.74960803985596,1
-16.9137401580811,1
-23.2976131439209,1
-28.2107982635498,1
-30.1349792480469,1
-30.8935413360596,1
-34.5622673034668,1
-42.8426551818848,1
-53.8180923461914,1
-64.5847854614258,1
-72.9792633056641,1
-77.4483413696289,1
-77.6889114379883,1
-75.4997711181641,1
-73.2726821899414,1
-71.734748840332,1
-70.6041030883789,1
-70.7893676757812,1
-73.6740112304688,1
-78.1329040527344,1
-80.4031982421875,1
-77.623046875,1
-70.0643920898438,1
-59.4998092651367,1
-47.1317558288574,1
-34.1396903991699,1
-22.8600635528564,1
-15.7417993545532,1
-13.1584119796753,1
-12.9808435440063,1
-12.2941398620605,1
-9.23480415344238,1
-3.46874666213989,1
4.41877555847168,1
13.502537727356,1
22.3640213012695,1
28.722806930542,1
30.0979690551758,1
25.6309833526611,1
17.3269786834717,1
9.07889652252197,1
4.11433839797974,1
3.07644653320312,1
4.15715312957764,1
4.84020090103149,1
3.61883306503296,1
0.262872755527496,1
-5.15839099884033,1
-12.7670660018921,1
-22.0386180877686,1
-31.179313659668,1
-38.1986885070801,1
-42.3796081542969,1
-44.2010345458984,1
-44.586727142334,1
-45.2863883972168,1
-49.1727066040039,1
-58.3049049377441,1
-71.6033477783203,1
-85.7783737182617,1
-98.4294662475586,1
-108.823432922363,1
-116.147933959961,1
-119.37540435791,1
-119.199317932129,1
-117.912292480469,1
-116.820419311523,1
-115.900863647461,1
-116.311508178711,1
-120.14966583252,1
-126.37149810791,1
-130.083938598633,1
-128.258438110352,1
-123.630477905273,1
-120.350868225098,1
-118.45645904541,1
-116.280860900879,1
-116.042037963867,1
-121.886451721191,1
-132.701263427734,1
-141.841796875,1
-145.100326538086,1
-144.80110168457,1
-144.521102905273,1
-144.012954711914,1
-142.152145385742,1
-141.425064086914,1
-145.488952636719,1
-153.859405517578,1
-162.493423461914,1
-168.831512451172,1
-173.260940551758,1
-176.206420898438,1
-176.991500854492,1
-175.877426147461,1
-174.579666137695,1
-174.062606811523,1
-173.798583984375,1
-173.731842041016,1
-175.051071166992,1
-178.255599975586,1
-182.032958984375,1
-184.856292724609,1
-186.518997192383,1
-187.599853515625,1
-188.613952636719,1
-190.099838256836,1
-192.330718994141,1
-194.574676513672,1
-195.805541992188,1
-196.278457641602,1
-196.977630615234,1
-197.416488647461,1
-195.825103759766,1
-191.959243774414,1
-187.783782958984,1
-184.632568359375,1
-181.672012329102,1
-178.211853027344,1
-175.46305847168,1
-174.356414794922,1
-173.242324829102,1
-169.63703918457,1
-163.187942504883,1
-155.366821289062,1
-147.478561401367,1
-140.809127807617,1
-137.537139892578,1
-138.973602294922,1
-143.074462890625,1
-145.815551757812,1
-145.309875488281,1
-143.023834228516,1
-140.851486206055,1
-138.752395629883,1
-135.892349243164,1
-132.661987304688,1
-130.471328735352,1
-130.168487548828,1
-131.422637939453,1
-133.226821899414,1
-134.280715942383,1
-133.132446289062,1
-128.896209716797,1
-122.360885620117,1
-116.054298400879,1
-112.57536315918,1
-112.682144165039,1
-115.176658630371,1
-118.307250976562,1
-120.515579223633,1
-120.112274169922,1
-115.89966583252,1
-108.968444824219,1
-102.573127746582,1
-98.9909591674805,1
-97.4343185424805,1
-96.083381652832,1
-94.6729202270508,1
-93.3195724487305,1
-90.4010238647461,1
-84.4393615722656,1
-77.3201904296875,1
-72.4941253662109,1
-70.0510177612305,1
-66.7997360229492,1
-61.7469520568848,1
-58.2166786193848,1
-59.2146644592285,1
-63.4445457458496,1
-67.4896545410156,1
-69.571647644043,1
-69.5749435424805,1
-67.712028503418,1
-65.134651184082,1
-63.994686126709,1
-65.0697555541992,1
-67.0124435424805,1
-69.3705520629883,1
-73.9560623168945,1
-81.1012496948242,1
-87.0322723388672,1
-88.0462493896484,1
-85.6745452880859,1
-84.5595626831055,1
-86.4202117919922,1
-89.3435211181641,1
-92.070930480957,1
-95.2968292236328,1
-98.8880767822266,1
-101.446365356445,1
-103.157302856445,1
-105.757102966309,1
-108.716567993164,1
-108.6064453125,1
-103.856727600098,1
-97.5903244018555,1
-93.859245300293,1
-93.091064453125,1
-93.1606140136719,1
-93.076545715332,1
-93.1467361450195,1
-92.6599731445312,1
-90.1430130004883,1
-85.8698577880859,1
-81.9682464599609,1
-79.6588439941406,1
-78.0976409912109,1
-76.5481491088867,1
-76.107536315918,1
-77.991340637207,1
-80.9324340820312,1
-81.8311004638672,1
-79.1452865600586,1
-74.5652923583984,1
-70.8671569824219,1
-68.9908294677734,1
-68.0184631347656,1
-67.2238693237305,1
-66.687744140625,1
-66.0172576904297,1
-64.0646514892578,1
-60.432201385498,1
-55.9318580627441,1
-50.9550285339355,1
-44.9014167785645,1
-38.2340850830078,1
-33.4968032836914,1
-32.6134948730469,1
-34.3225593566895,1
-36.0559844970703,1
-37.2264099121094,1
-38.4967460632324,1
-38.9048385620117,1
-36.7615509033203,1
-33.2412147521973,1
-31.9164505004883,1
-34.0363464355469,1
-37.0616340637207,1
-38.8467674255371,1
-40.3984565734863,1
-42.8449630737305,1
-44.3022613525391,1
-42.1606178283691,1
-36.764705657959,1
-30.5400848388672,1
-24.8718662261963,1
-20.1164398193359,1
-17.3536396026611,1
-17.3642826080322,1
-18.4791774749756,1
-17.9973659515381,1
-15.4621524810791,1
-12.2732057571411,1
-8.58770847320557,1
-3.47316122055054,1
1.84482944011688,1
4.11600351333618,1
2.53920149803162,1
0.46994361281395,1
1.20011568069458,1
4.26229667663574,1
7.61356830596924,1
11.3956117630005,1
17.1357307434082,1
24.3693008422852,1
30.3716812133789,1
32.9017181396484,1
31.7196178436279,1
28.0969696044922,1
24.4377479553223,1
23.6339797973633,1
26.7724113464355,1
31.5050487518311,1
34.0958480834961,1
32.8794403076172,1
28.6317729949951,1
22.5015392303467,1
15.5304260253906,1
9.67672729492188,1
7.05721664428711,1
7.98383474349976,1
11.2726602554321,1
16.0822620391846,1
21.5772724151611,1
25.4565124511719,1
25.5588970184326,1
22.9969615936279,1
21.0305137634277,1
20.5720367431641,1
19.6298027038574,1
17.6716117858887,1
17.2712116241455,1
20.0689849853516,1
23.9522533416748,1
25.9117183685303,1
25.2428913116455,1
22.3868961334229,1
17.2938842773438,1
10.9518976211548,1
6.08561038970947,1
4.05513763427734,1
3.09122371673584,1
1.55948126316071,1
0.544971227645874,1
0.926709055900574,1
0.637084007263184,1
-2.08217334747314,1
-5.13714456558228,1
-5.89039373397827,1
-5.87881994247437,1
-8.0228099822998,1
-10.6932144165039,1
-9.39621543884277,1
-3.92176580429077,1
0.961269974708557,1
2.36427402496338,1
2.39908719062805,1
3.51017117500305,1
4.98024797439575,1
5.75980997085571,1
6.94676113128662,1
9.21610641479492,1
10.9524116516113,1
11.2995319366455,1
12.222620010376,1
14.9697408676147,1
17.1448650360107,1
16.3389911651611,1
14.3910131454468,1
14.4702062606812,1
15.6621885299683,1
14.7418403625488,1
12.7284250259399,1
14.9403982162476,1
23.2014923095703,1
31.7725925445557,1
33.6300849914551,1
28.6989707946777,1
23.2461490631104,1
22.0880069732666,1
23.9457836151123,1
24.8321533203125,1
24.1364574432373,1
25.6615753173828,1
32.4291496276855,1
41.7317352294922,1
47.223762512207,1
46.3149108886719,1
43.3567390441895,1
43.7697792053223,1
47.0461387634277,1
48.7945594787598,1
48.4658699035645,1
50.3246231079102,1
55.9473114013672,1
60.4988403320312,1
59.0785675048828,1
53.0100059509277,1
46.4885368347168,1
40.2210159301758,1
32.6690254211426,1
25.2641658782959,1
21.3814296722412,1
21.1228523254395,1
21.946310043335,1
24.063175201416,1
30.0749607086182,1
38.6493530273438,1
43.7489204406738,1
42.1410331726074,1
37.5030899047852,1
34.8045387268066,1
34.3659820556641,1
34.0812683105469,1
33.9160652160645,1
34.6697731018066,1
34.8480987548828,1
32.5240516662598,1
28.8070812225342,1
26.2054443359375,1
24.7469959259033,1
22.7992610931396,1
20.6584663391113,1
20.0294589996338,1
20.4867191314697,1
19.697603225708,1
17.1161251068115,1
14.3764734268188,1
11.6990356445312,1
7.03370237350464,1
-0.0809503644704819,1
-6.40486335754395,1
-8.47555541992188,1
-6.55976152420044,1
-3.58673977851868,1
-1.48338091373444,1
-0.294856071472168,1
-0.044365469366312,1
-1.38340854644775,1
-4.16824340820312,1
-6.82947111129761,1
-7.85183572769165,1
-7.19221878051758,1
-5.69736433029175,1
-3.70045304298401,1
-1.02610373497009,1
1.73513162136078,1
2.90176391601562,1
1.24597883224487,1
-2.4257345199585,1
-5.65343141555786,1
-6.12896251678467,1
-3.04125142097473,1
2.55702781677246,1
7.90799903869629,1
9.82664394378662,1
7.44728422164917,1
3.7627968788147,1
2.7822253704071,1
4.66880702972412,1
5.54445648193359,1
3.20962834358215,1
0.911594390869141,1
2.99780607223511,1
8.2973108291626,1
11.3227920532227,1
9.86996650695801,1
7.49456024169922,1
7.30303192138672,1
7.44570302963257,1
5.66970109939575,1
4.67741584777832,1
8.17367839813232,1
13.5594482421875,1
14.21178150177,1
8.9888162612915,1
3.95641946792603,1
3.38726997375488,1
4.38856363296509,1
3.08320069313049,1
1.20173251628876,1
2.44253778457642,1
5.90551900863647,1
7.80419254302979,1
7.33117771148682,1
6.32728052139282,1
5.00658941268921,1
2.68921709060669,1
1.44564616680145,1
4.06349468231201,1
8.87790298461914,1
11.3958759307861,1
11.132963180542,1
12.2076425552368,1
16.4915409088135,1
20.5104923248291,1
20.3941650390625,1
16.3502063751221,1
11.1941709518433,1
7.73806428909302,1
8.33867359161377,1
13.3838109970093,1
19.1789398193359,1
20.8540058135986,1
18.4554767608643,1
16.6258335113525,1
17.2884731292725,1
16.880802154541,1
12.6867361068726,1
7.73531293869019,1
6.6303768157959,1
9.92004299163818,1
15.5564422607422,1
22.8437786102295,1
31.4066734313965,1
38.480281829834,1
41.0526351928711,1
39.9554138183594,1
39.1827621459961,1
41.7531623840332,1
48.0312728881836,1
56.9037551879883,1
66.406867980957,1
73.8994522094727,1
77.5567245483398,1
77.6618041992188,1
75.8856964111328,1
74.2779235839844,1
75.1284561157227,1
79.579216003418,1
85.3820190429688,1
88.5662384033203,1
88.9326095581055,1
91.0956954956055,1
97.5430908203125,1
103.436088562012,1
102.268783569336,1
95.0607681274414,1
89.1479187011719,1
87.913330078125,1
86.7664642333984,1
81.1532897949219,1
74.0059280395508,1
71.2840423583984,1
72.7739639282227,1
72.2774658203125,1
66.5487289428711,1
59.2402534484863,1
54.6293182373047,1
51.847110748291,1
48.4845771789551,1
46.532829284668,1
49.9159278869629,1
57.3419990539551,1
62.5960121154785,1
62.4913215637207,1
60.2690200805664,1
59.8946990966797,1
61.1274528503418,1
62.3886642456055,1
64.660026550293,1
69.1978454589844,1
74.075553894043,1
76.599739074707,1
77.4085388183594,1
78.8096923828125,1
80.4958038330078,1
80.3876724243164,1
78.7279205322266,1
77.8319854736328,1
78.3778839111328,1
79.3992691040039,1
81.4985198974609,1
86.1497802734375,1
91.4833297729492,1
92.7470932006836,1
88.2924728393555,1
81.7094802856445,1
76.2849884033203,1
70.5737609863281,1
62.1148376464844,1
53.006664276123,1
48.147777557373,1
48.6965637207031,1
50.5056686401367,1
49.4072189331055,1
45.5447158813477,1
41.5741500854492,1
38.7232551574707,1
36.4562149047852,1
34.9208221435547,1
35.4225578308105,1
38.1479873657227,1
41.1254844665527,1
42.3794479370117,1
41.9481582641602,1
40.6734390258789,1
38.1445732116699,1
33.6261711120605,1
28.4535808563232,1
25.3755207061768,1
25.3074264526367,1
26.5645027160645,1
27.6081562042236,1
28.5431346893311,1
29.2965488433838,1
28.6047134399414,1
26.1716804504395,1
23.8972320556641,1
23.2664909362793,1
23.2082080841064,1
22.5288619995117,1
22.8968639373779,1
26.6490802764893,1
32.1868324279785,1
34.3292083740234,1
29.8860359191895,1
21.2399272918701,1
13.8217573165894,1
11.0617742538452,1
12.0938282012939,1
13.5499401092529,1
13.2413940429688,1
12.2414779663086,1
13.043625831604,1
15.7405309677124,1
17.3652286529541,1
15.7087860107422,1
12.234935760498,1
9.84777450561523,1
9.21913814544678,1
9.2328987121582,1
9.86005973815918,1
12.0318803787231,1
14.9945154190063,1
16.3174457550049,1
15.0380945205688,1
13.0194873809814,1
12.6648483276367,1
14.640926361084,1
18.1910171508789,1
22.3834457397461,1
26.5585422515869,1
30.4058818817139,1
33.8092765808105,1
36.0519599914551,1
35.6910285949707,1
32.3548393249512,1
28.1743144989014,1
25.9278335571289,1
25.9447917938232,1
26.27685546875,1
25.6469383239746,1
24.4130802154541,1
22.5631675720215,1
18.8440494537354,1
12.7702188491821,1
6.0447826385498,1
0.943695247173309,1
-1.84803128242493,1
-3.02997255325317,1
-3.09576964378357,1
-1.88445782661438,1
0.360391110181808,1
1.93298757076263,1
0.121839672327042,1
-6.43650817871094,1
-15.4198141098022,1
-21.8248157501221,1
-22.4090690612793,1
-18.4992027282715,1
-13.3979682922363,1
-8.19285678863525,1
-2.06069946289062,1
4.18728923797607,1
7.78589010238647,1
7.6907844543457,1
6.1064076423645,1
5.35095596313477,1
5.22679281234741,1
4.70163345336914,1
4.30279445648193,1
5.1241307258606,1
6.72780752182007,1
7.78323698043823,1
7.98576688766479,1
7.76218366622925,1
6.73506736755371,1
4.17010593414307,1
0.683563649654388,1
-2.04816341400146,1
-3.27777647972107,1
-3.5645444393158,1
-3.23083758354187,1
-2.01943302154541,1
-0.640951752662659,1
-1.00634121894836,1
-3.82584095001221,1
-7.04556322097778,1
-7.95530319213867,1
-6.23839902877808,1
-3.65931868553162,1
-1.23190367221832,1
1.54956614971161,1
4.46738576889038,1
5.47602462768555,1
3.11031174659729,1
-1.10688865184784,1
-4.18516302108765,1
-5.07813262939453,1
-5.02933883666992,1
-4.67347002029419,1
-2.61628746986389,1
2.3296947479248,1
8.77046298980713,1
13.77903175354,1
15.8302698135376,1
15.7995643615723,1
15.3763647079468,1
15.4629755020142,1
16.2884120941162,1
18.3200874328613,1
22.2397899627686,1
27.6486434936523,1
32.0459098815918,1
32.0521087646484,1
26.6041507720947,1
18.7175178527832,1
12.943452835083,1
10.7911128997803,1
9.71856117248535,1
7.14184284210205,1
4.06392955780029,1
3.23412704467773,1
4.43207311630249,1
3.75513386726379,1
-1.67711758613586,1
-9.82740306854248,1
-15.9197759628296,1
-17.7534065246582,1
-17.223783493042,1
-16.7467250823975,1
-16.3343448638916,1
-15.4548635482788,1
-16.085147857666,1
-21.2903480529785,1
-30.7115173339844,1
-39.8098106384277,1
-44.6756134033203,1
-45.9104766845703,1
-46.3991622924805,1
-46.8599128723145,1
-45.8402137756348,1
-43.3702011108398,1
-42.0177803039551,1
-43.8274993896484,1
-48.0075187683105,1
-52.2033500671387,1
-54.5296783447266,1
-53.8750801086426,1
-50.0099563598633,1
-44.4621505737305,1
-39.8958930969238,1
-37.5340881347656,1
-36.436408996582,1
-36.2265472412109,1
-38.663948059082,1
-44.7005844116211,1
-51.6075477600098,1
-55.5823554992676,1
-56.2340698242188,1
-55.632884979248,1
-53.5765190124512,1
-47.5890808105469,1
-38.4097747802734,1
-31.722204208374,1
-32.0175743103027,1
-37.1411514282227,1
-41.4683723449707,1
-42.6389694213867,1
-42.3120422363281,1
-41.618824005127,1
-39.3339653015137,1
-34.5887031555176,1
-28.5850715637207,1
-23.0317649841309,1
-18.8972702026367,1
-16.9628200531006,1
-17.407995223999,1
-18.312816619873,1
-16.7480144500732,1
-12.2691926956177,1
-7.5093150138855,1
-4.52908897399902,1
-2.69679665565491,1
-1.37169015407562,1
-2.28974962234497,1
-6.90227508544922,1
-12.8123397827148,1
-15.6975011825562,1
-14.5191144943237,1
-12.4195165634155,1
-12.2315979003906,1
-13.4398717880249,1
-14.6012411117554,1
-16.7222290039062,1
-22.0025825500488,1
-29.7595844268799,1
-35.9098434448242,1
-37.4650611877441,1
-36.1029624938965,1
-35.6262435913086,1
-36.5650253295898,1
-35.6443634033203,1
-31.2060642242432,1
-26.7048187255859,1
-26.6171169281006,1
-30.2509803771973,1
-32.4893379211426,1
-30.4437694549561,1
-26.3507919311523,1
-23.1045970916748,1
-19.9991569519043,1
-15.1700220108032,1
-10.2616205215454,1
-9.56971549987793,1
-14.7526760101318,1
-22.7227001190186,1
-29.1984634399414,1
-32.6597061157227,1
-34.1988906860352,1
-34.9528427124023,1
-34.9634475708008,1
-34.1782913208008,1
-33.5283737182617,1
-34.4976005554199,1
-37.6111373901367,1
-41.6170539855957,1
-44.5687866210938,1
-45.6630439758301,1
-45.3967666625977,1
-43.9577941894531,1
-40.7578582763672,1
-36.3405380249023,1
-33.417537689209,1
-34.2203216552734,1
-37.2431335449219,1
-38.455322265625,1
-35.8957061767578,1
-31.365894317627,1
-27.1694431304932,1
-23.0906066894531,1
-17.8441486358643,1
-12.1087017059326,1
-8.3724946975708,1
-8.19914627075195,1
-10.8678865432739,1
-14.3568735122681,1
-16.643835067749,1
-16.5348415374756,1
-14.4552030563354,1
-12.2333841323853,1
-11.1770315170288,1
-10.8966846466064,1
-11.1426343917847,1
-13.8178062438965,1
-20.9787979125977,1
-31.0353050231934,1
-39.3683586120605,1
-43.2772178649902,1
-44.1307678222656,1
-43.9348678588867,1
-42.4056663513184,1
-39.1011428833008,1
-36.0539932250977,1
-35.6350440979004,1
-37.1128997802734,1
-37.901927947998,1
-37.3777198791504,1
-36.9308052062988,1
-36.8580513000488,1
-35.9705047607422,1
-34.220573425293,1
-33.0461311340332,1
-32.8061485290527,1
-32.3807182312012,1
-31.7030181884766,1
-31.9855575561523,1
-32.6869621276855,1
-31.1518974304199,1
-26.6602802276611,1
-22.0848083496094,1
-19.634635925293,1
-17.6220073699951,1
-14.0572385787964,1
-11.0693788528442,1
-12.1540632247925,1
-16.2626342773438,1
-18.434871673584,1
-16.1940765380859,1
-11.9346494674683,1
-8.61339950561523,1
-6.40829515457153,1
-4.76568698883057,1
-4.75970792770386,1
-7.42784881591797,1
-11.6649713516235,1
-15.6548719406128,1
-19.1005821228027,1
-22.4163551330566,1
-24.7837791442871,1
-24.6703033447266,1
-21.8071689605713,1
-17.6411991119385,1
-14.4035720825195,1
-14.2548904418945,1
-18.0410709381104,1
-23.8627262115479,1
-28.1696815490723,1
-29.5326042175293,1
-30.0454559326172,1
-31.6209697723389,1
-32.5930290222168,1
-30.3215484619141,1
-25.9423828125,1
-23.4651069641113,1
-24.2641735076904,1
-25.3708038330078,1
-23.8453369140625,1
-20.2772846221924,1
-16.8474006652832,1
-14.1508798599243,1
-11.5902080535889,1
-9.43550682067871,1
-8.79242992401123,1
-10.2286367416382,1
-13.4648389816284,1
-17.5902919769287,1
-20.7673606872559,1
-20.8981838226318,1
-17.7262325286865,1
-13.246187210083,1
-8.91542816162109,1
-3.76139426231384,1
3.11782670021057,1
9.42724800109863,1
11.5273561477661,1
9.22159099578857,1
6.43358564376831,1
6.71178007125854,1
9.91710472106934,1
13.8850078582764,1
17.3904571533203,1
20.2054710388184,1
21.6264820098877,1
20.6568565368652,1
17.345983505249,1
12.9215688705444,1
8.78690338134766,1
6.01570129394531,1
5.39743566513062,1
7.12988328933716,1
10.5226278305054,1
14.4542198181152,1
17.9221534729004,1
19.9350700378418,1
19.6416053771973,1
17.4137744903564,1
15.2825870513916,1
15.1533527374268,1
16.6671829223633,1
17.9066619873047,1
18.2756538391113,1
19.3472728729248,1
22.2070827484131,1
25.1805763244629,1
25.5756034851074,1
23.1942729949951,1
20.6227512359619,1
19.9612865447998,1
20.7731342315674,1
21.903413772583,1
23.8214874267578,1
27.5725173950195,1
32.0410690307617,1
34.0908050537109,1
31.7901706695557,1
26.3447971343994,1
20.5335636138916,1
16.3909740447998,1
14.8441762924194,1
16.1878318786621,1
19.6204051971436,1
22.9211673736572,1
23.7977523803711,1
21.5779590606689,1
17.1500282287598,1
11.7555847167969,1
6.50206804275513,1
2.5014431476593,1
0.543083727359772,1
0.760032534599304,1
3.06944727897644,1
7.33228778839111,1
12.3873624801636,1
15.8244552612305,1
16.124906539917,1
14.7285108566284,1
14.6381540298462,1
17.0536842346191,1
20.6570606231689,1
24.140718460083,1
27.7898826599121,1
31.9736003875732,1
35.438117980957,1
36.1885871887207,1
33.5366363525391,1
28.6423530578613,1
23.4673633575439,1
19.5741558074951,1
17.4309978485107,1
16.5198783874512,1
16.4584331512451,1
17.834508895874,1
20.9610710144043,1
23.9178695678711,1
23.6108932495117,1
19.6888160705566,1
15.8308973312378,1
15.5842323303223,1
18.0710945129395,1
19.7577152252197,1
19.6411151885986,1
20.1054725646973,1
22.5550765991211,1
24.9314727783203,1
24.7781009674072,1
22.6747932434082,1
20.9047889709473,1
20.1467342376709,1
19.3551368713379,1
17.9737091064453,1
16.3801345825195,1
14.6743297576904,1
12.7038946151733,1
10.7336387634277,1
8.31699848175049,1
3.19624328613281,1
-6.19430685043335,1
-17.1084651947021,1
-23.9780921936035,1
-24.3479537963867,1
-21.2778625488281,1
-19.1062488555908,1
-19.1396293640137,1
-20.7177619934082,1
-23.9534511566162,1
-29.0140533447266,1
-34.2753486633301,1
-37.7435073852539,1
-39.4192390441895,1
-39.9091720581055,1
-37.5772247314453,1
-30.1251983642578,1
-19.2043571472168,1
-10.4692916870117,1
-7.59455299377441,1
-8.1056957244873,1
-6.7191219329834,1
-1.50119531154633,1
5.07826137542725,1
10.450873374939,1
15.0703687667847,1
20.6544971466064,1
26.9475574493408,1
31.8180370330811,1
34.2502136230469,1
35.6643676757812,1
37.6266098022461,1
39.4846305847168,1
39.6904602050781,1
38.8658561706543,1
39.5561752319336,1
42.401798248291,1
44.2860565185547,1
41.7136497497559,1
35.2500305175781,1
29.2743587493896,1
27.5930290222168,1
30.2572345733643,1
34.4008865356445,1
37.1431083679199,1
37.6115608215332,1
36.874641418457,1
36.1240577697754,1
34.9472160339355,1
32.0954284667969,1
28.242977142334,1
26.5515193939209,1
29.1012363433838,1
33.836254119873,1
36.9852142333984,1
37.7159614562988,1
37.7710990905762,1
36.7046546936035,1
30.9903354644775,1
19.3749465942383,1
6.19678497314453,1
-3.1853985786438,1
-8.37348461151123,1
-12.6198949813843,1
-17.1022701263428,1
-20.0335826873779,1
-21.1238098144531,1
-23.2817516326904,1
-28.8259181976318,1
-36.6412353515625,1
-44.3357887268066,1
-51.0037460327148,1
-56.443675994873,1
-59.6663131713867,1
-60.1392517089844,1
-59.3704719543457,1
-59.592586517334,1
-61.6121597290039,1
-65.1104507446289,1
-69.9945449829102,1
-75.9547653198242,1
-81.4221343994141,1
-84.4543685913086,1
-84.3910980224609,1
-81.8268127441406,1
-77.7110977172852,1
-73.3843612670898,1
-70.4649658203125,1
-69.3835296630859,1
-68.7919235229492,1
-67.5923538208008,1
-66.5497741699219,1
-66.4378128051758,1
-65.6659851074219,1
-61.8230934143066,1
-55.1975860595703,1
-48.8779144287109,1
-45.3820495605469,1
-44.5824089050293,1
-44.579647064209,1
-43.0426559448242,1
-38.171932220459,1
-30.3468379974365,1
-22.7687091827393,1
-18.6209278106689,1
-17.6469783782959,1
-17.3959102630615,1
-17.4755897521973,1
-19.8193550109863,1
-24.3459796905518,1
-27.4532279968262,1
-26.4495277404785,1
-23.1635665893555,1
-21.1958351135254,1
-21.3513412475586,1
-21.8857707977295,1
-21.8535747528076,1
-21.7337226867676,1
-21.2907772064209,1
-19.0778694152832,1
-14.3235216140747,1
-8.03299713134766,1
-2.15267539024353,1
1.70256221294403,1
3.38988542556763,1
5.01201057434082,1
9.44163608551025,1
16.5983867645264,1
22.235237121582,1
22.3835372924805,1
18.311092376709,1
14.9418058395386,1
14.9470348358154,1
17.0706329345703,1
20.244800567627,1
26.0383453369141,1
35.4404373168945,1
45.5655326843262,1
51.8814392089844,1
52.9634742736816,1
51.6043701171875,1
51.7602577209473,1
55.346549987793,1
61.3189163208008,1
66.8663101196289,1
69.896484375,1
70.9594879150391,1
72.2216262817383,1
74.3274459838867,1
75.4570846557617,1
74.1548156738281,1
71.7418975830078,1
70.6543273925781,1
71.3754959106445,1
72.547248840332,1
73.5310592651367,1
75.1542282104492,1
77.9051971435547,1
80.9205169677734,1
83.3325958251953,1
85.6127395629883,1
88.7515106201172,1
92.4905319213867,1
95.1679306030273,1
95.5971374511719,1
94.7037582397461,1
94.5834579467773,1
95.6995086669922,1
95.8371429443359,1
92.7769927978516,1
87.4830169677734,1
83.2130432128906,1
81.5028533935547,1
80.7245788574219,1
79.1539916992188,1
77.587760925293,1
77.4142913818359,1
77.379264831543,1
74.4000930786133,1
67.465950012207,1
59.0111122131348,1
52.0156211853027,1
46.9885559082031,1
42.4393119812012,1
37.3802833557129,1
32.3060188293457,1
27.7994022369385,1
23.017951965332,1
16.2032241821289,1
6.72672271728516,1
-3.7613799571991,1
-12.4751901626587,1
-17.5696697235107,1
-18.9905014038086,1
-17.9469184875488,1
-16.2412948608398,1
-15.5964050292969,1
-16.5229721069336,1
-17.8488597869873,1
-18.2116889953613,1
-17.8529052734375,1
-17.9124126434326,1
-18.136869430542,1
-16.6718788146973,1
-12.4014492034912,1
-6.46637725830078,1
-1.47166240215302,1
-0.281666785478592,1
-5.0211968421936,1
-15.0557336807251,1
-25.7980403900146,1
-32.0499725341797,1
-33.5055122375488,1
-34.7468872070312,1
-38.7690811157227,1
-43.1187324523926,1
-44.2392616271973,1
-42.988109588623,1
-42.8118858337402,1
-43.9569854736328,1
-42.7997894287109,1
-36.6679878234863,1
-26.7579288482666,1
-16.2622489929199,1
-7.79153776168823,1
-2.81440949440002,1
-1.63083326816559,1
-3.14394927024841,1
-5.55520105361938,1
-7.39844179153442,1
-7.41641569137573,1
-4.34954833984375,1
1.92796719074249,1
9.93415260314941,1
18.6285705566406,1
28.8284664154053,1
40.6515884399414,1
50.6518516540527,1
54.4894561767578,1
52.7783699035645,1
51.8042945861816,1
57.2877578735352,1
68.6735916137695,1
80.1963348388672,1
86.5679626464844,1
87.2588272094727,1
86.0878601074219,1
86.9532699584961,1
89.7259750366211,1
91.0198364257812,1
89.5232772827148,1
88.8284225463867,1
92.9815902709961,1
100.577201843262,1
106.154693603516,1
106.849800109863,1
104.397956848145,1
100.647247314453,1
95.0580139160156,1
87.77880859375,1
81.1814880371094,1
75.9714813232422,1
69.3661499023438,1
60.4993171691895,1
54.4539566040039,1
56.1263847351074,1
61.9027519226074,1
63.1212272644043,1
57.8194236755371,1
53.2407722473145,1
54.899227142334,1
58.7283554077148,1
57.9886894226074,1
53.7378082275391,1
52.8457717895508,1
57.3619766235352,1
61.5349082946777,1
59.8160629272461,1
53.1959037780762,1
46.1389503479004,1
40.9574737548828,1
37.3954582214355,1
35.0195541381836,1
33.3777313232422,1
31.261079788208,1
27.9376029968262,1
24.1565399169922,1
20.4655952453613,1
15.930121421814,1
10.3194713592529,1
6.12257385253906,1
5.91390943527222,1
8.50322914123535,1
10.3321084976196,1
10.3558139801025,1
10.5847082138062,1
11.4242143630981,1
9.88369083404541,1
4.3884596824646,1
-1.24478757381439,1
-1.77271473407745,1
2.60633492469788,1
6.56877326965332,1
6.97163820266724,1
6.78197288513184,1
10.3376522064209,1
17.0023193359375,1
21.9123153686523,1
22.1987590789795,1
20.1895904541016,1
20.1300601959229,1
23.3843021392822,1
27.9169445037842,1
31.7437858581543,1
35.3624420166016,1
39.9702949523926,1
44.0623245239258,1
43.7849960327148,1
37.760311126709,1
30.0410060882568,1
26.0370635986328,1
26.1633739471436,1
26.403678894043,1
25.3613300323486,1
27.044620513916,1
34.4665451049805,1
43.447998046875,1
46.5562782287598,1
42.3247184753418,1
37.0612335205078,1
36.9879722595215,1
41.2230415344238,1
43.9105415344238,1
41.830207824707,1
38.0818672180176,1
37.9115447998047,1
41.8590621948242,1
44.6603050231934,1
41.7375335693359,1
35.1159362792969,1
30.617151260376,1
30.3449821472168,1
31.5101184844971,1
32.4756965637207,1
35.2955703735352,1
40.7664642333984,1
45.6821899414062,1
47.9309997558594,1
50.1004753112793,1
54.2186546325684,1
56.9079322814941,1
54.8342971801758,1
51.8230285644531,1
54.4105415344238,1
61.9818153381348,1
67.6428604125977,1
68.3154983520508,1
67.5144500732422,1
67.592643737793,1
65.8974990844727,1
60.864372253418,1
56.00927734375,1
54.2508087158203,1
52.860912322998,1
48.4011268615723,1
43.3444938659668,1
42.7632484436035,1
45.9098510742188,1
46.0291213989258,1
39.1191711425781,1
29.2756385803223,1
23.6804122924805,1
24.3376579284668,1
26.7348518371582,1
25.994348526001,1
22.4097461700439,1
20.0744686126709,1
21.1034355163574,1
23.0875358581543,1
22.8654136657715,1
21.2355823516846,1
22.050142288208,1
26.8987407684326,1
32.5705032348633,1
34.5877456665039,1
32.106746673584,1
28.1179161071777,1
25.2314968109131,1
22.7278213500977,1
18.3570747375488,1
11.8049449920654,1
4.70888614654541,1
-2.30089640617371,1
-10.0971488952637,1
-17.8576393127441,1
-22.2645053863525,1
-22.2924461364746,1
-22.4561557769775,1
-27.6505832672119,1
-36.0511360168457,1
-41.3165588378906,1
-41.3200454711914,1
-39.9390144348145,1
-39.8167839050293,1
-38.8223991394043,1
-35.7124404907227,1
-33.9552345275879,1
-36.182544708252,1
-39.0712471008301,1
-38.4154624938965,1
-36.3083839416504,1
-38.1398735046387,1
-44.0311851501465,1
-48.202335357666,1
-46.4432106018066,1
-40.0943145751953,1
-32.8286285400391,1
-27.4284934997559,1
-25.9147434234619,1
-28.9242897033691,1
-33.7982330322266,1
-36.1771011352539,1
-34.6736183166504,1
-31.9457168579102,1
-30.729772567749,1
-31.2006301879883,1
-32.8227729797363,1
-36.1736221313477,1
-41.4821128845215,1
-47.0544013977051,1
-50.5399589538574,1
-50.9436454772949,1
-48.8307151794434,1
-45.433666229248,1
-41.787971496582,1
-37.8665962219238,1
-32.6991310119629,1
-26.2862930297852,1
-20.6929111480713,1
-17.7060050964355,1
-16.2431659698486,1
-14.2243642807007,1
-12.2052659988403,1
-12.2049627304077,1
-13.2877645492554,1
-12.1408967971802,1
-8.94863796234131,1
-8.76902961730957,1
-14.770770072937,1
-23.218053817749,1
-28.1483745574951,1
-28.6428165435791,1
-27.9158153533936,1
-26.7541980743408,1
-22.1316738128662,1
-12.6678743362427,1
-1.99758970737457,1
4.82946634292603,1
6.49571561813354,1
5.80769109725952,1
6.11190176010132,1
8.20986366271973,1
10.2027502059937,1
9.91946506500244,1
7.63716697692871,1
5.80624008178711,1
5.37214469909668,1
3.56933379173279,1
-2.63592100143433,1
-11.415810585022,1
-16.9472732543945,1
-15.9413022994995,1
-11.0351467132568,1
-6.62219858169556,1
-3.45199370384216,1
0.758183658123016,1
6.77891874313354,1
12.3290309906006,1
14.9806909561157,1
14.9703826904297,1
14.8091278076172,1
16.9781761169434,1
22.090747833252,1
28.6233863830566,1
34.2881965637207,1
37.852466583252,1
39.3966865539551,1
39.0046806335449,1
36.4696655273438,1
32.7936210632324,1
30.334680557251,1
30.048095703125,1
30.0254459381104,1
28.8657760620117,1
29.1823482513428,1
34.364574432373,1
41.7807960510254,1
43.0659713745117,1
33.2336196899414,1
16.8570594787598,1
2.62334966659546,1
-6.22947120666504,1
-12.8628091812134,1
-19.6691036224365,1
-24.5776500701904,1
-25.4585781097412,1
-24.6276512145996,1
-26.4341144561768,1
-31.996488571167,1
-38.6168899536133,1
-43.7426795959473,1
-47.5384521484375,1
-51.4542121887207,1
-55.6883277893066,1
-58.8121490478516,1
-59.6918563842773,1
-59.5304985046387,1
-61.5629692077637,1
-67.9213180541992,1
-76.7438278198242,1
-83.44384765625,1
-85.3149185180664,1
-83.8697128295898,1
-82.0146408081055,1
-80.2210083007812,1
-76.9069900512695,1
-71.8642196655273,1
-67.5185546875,1
-66.4961242675781,1
-68.9368743896484,1
-72.4810638427734,1
-74.2578125,1
-72.7855377197266,1
-68.5859527587891,1
-63.3687438964844,1
-58.6972122192383,1
-55.6199760437012,1
-55.325065612793,1
-59.0051345825195,1
-66.3191680908203,1
-74.6706924438477,1
-80.8816680908203,1
-83.2689971923828,1
-81.7335891723633,1
-76.9130859375,1
-70.3695831298828,1
-64.6506958007812,1
-61.3498992919922,1
-59.1267852783203,1
-54.986141204834,1
-47.5726585388184,1
-38.0996551513672,1
-28.184118270874,1
-18.2039623260498,1
-8.08735370635986,1
1.43804812431335,1
8.849853515625,1
12.5640707015991,1
12.0564346313477,1
9.31453990936279,1
8.53133296966553,1
12.4155111312866,1
18.8030471801758,1
22.9679088592529,1
23.5235481262207,1
23.5954456329346,1
25.4375038146973,1
26.9616584777832,1
25.7575492858887,1
23.8622074127197,1
24.9480991363525,1
27.9939136505127,1
27.8024101257324,1
22.2767448425293,1
15.7018260955811,1
13.2294616699219,1
14.6599245071411,1
15.8016405105591,1
14.3575172424316,1
12.1149406433105,1
11.9387531280518,1
14.7044363021851,1
19.3731803894043,1
24.5829772949219,1
29.5355968475342,1
33.9368858337402,1
37.4410209655762,1
39.1444549560547,1
38.1398849487305,1
35.099292755127,1
32.6776466369629,1
33.2277297973633,1
36.1831321716309,1
38.7174072265625,1
39.1251068115234,1
38.5067977905273,1
38.6234703063965,1
39.0546112060547,1
37.5866203308105,1
33.1987571716309,1
27.5434284210205,1
22.9437084197998,1
19.5780506134033,1
15.5418176651001,1
9.57873630523682,1
2.69024276733398,1
-3.46404623985291,1
-8.80667114257812,1
-14.3993997573853,1
-20.303918838501,1
-25.2873821258545,1
-28.6083583831787,1
-30.6215877532959,1
-31.3091869354248,1
-29.8386096954346,1
-26.4935817718506,1
-23.6628189086914,1
-23.5137996673584,1
-25.4328365325928,1
-26.9779472351074,1
-26.7316913604736,1
-25.035436630249,1
-22.5369052886963,1
-19.4140567779541,1
-15.8068218231201,1
-11.9324617385864,1
-8.06159973144531,1
-5.1809024810791,1
-4.78336572647095,1
-6.6492166519165,1
-7.77767419815063,1
-5.42983531951904,1
-0.584274590015411,1
3.76212739944458,1
6.98512601852417,1
10.4714403152466,1
12.975658416748,1
10.3867139816284,1
1.92396116256714,1
-6.89875268936157,1
-10.5302877426147,1
-10.1945819854736,1
-10.9110412597656,1
-13.4698247909546,1
-13.9668664932251,1
-11.2646064758301,1
-10.0469532012939,1
-14.2649869918823,1
-21.0640754699707,1
-24.5304679870605,1
-23.5526885986328,1
-22.379430770874,1
-23.9415855407715,1
-26.2372646331787,1
-26.3503360748291,1
-25.2404708862305,1
-26.3879470825195,1
-31.0138149261475,1
-36.810245513916,1
-41.0728454589844,1
-43.2071647644043,1
-43.818962097168,1
-42.9209518432617,1
-40.0986671447754,1
-35.8017082214355,1
-31.5914249420166,1
-29.2015743255615,1
-29.4986057281494,1
-31.6830959320068,1
-33.0950088500977,1
-30.7715339660645,1
-24.2812519073486,1
-16.4127254486084,1
-9.77686309814453,1
-3.29690194129944,1
5.9693717956543,1
17.4999866485596,1
26.4274845123291,1
29.4707832336426,1
29.6077041625977,1
32.2771530151367,1
38.1272430419922,1
42.7427673339844,1
43.5442161560059,1
43.4092903137207,1
45.8254089355469,1
49.3119354248047,1
49.5361442565918,1
45.5221672058105,1
40.610652923584,1
37.5256233215332,1
35.5647430419922,1
33.4871940612793,1
32.4068450927734,1
33.7198791503906,1
35.6882514953613,1
34.6434173583984,1
29.5518932342529,1
23.4267330169678,1
19.5476245880127,1
17.6868076324463,1
15.2567310333252,1
11.4757013320923,1
8.83653736114502,1
9.99686527252197,1
14.1772289276123,1
17.6503715515137,1
17.7392616271973,1
15.5943746566772,1
14.7291069030762,1
17.2626762390137,1
22.0206928253174,1
26.1255779266357,1
27.9698638916016,1
28.4161281585693,1
29.1689414978027,1
30.2407608032227,1
29.4943027496338,1
25.0157928466797,1
17.546293258667,1
9.78966522216797,1
3.38573145866394,1
-2.3789393901825,1
-8.48878383636475,1
-14.1166038513184,1
-17.8779697418213,1
-20.4141216278076,1
-23.9209232330322,1
-28.9344081878662,1
-33.3170547485352,1
-35.3666801452637,1
-36.5166931152344,1
-39.2990531921387,1
-43.3324241638184,1
-45.4408645629883,1
-44.1176872253418,1
-41.9150619506836,1
-42.0458564758301,1
-43.861686706543,1
-43.6285171508789,1
-39.5389518737793,1
-34.094612121582,1
-30.9602870941162,1
-30.8669605255127,1
-31.6661834716797,1
-31.6644515991211,1
-31.735860824585,1
-34.1105499267578,1
-39.6193580627441,1
-46.2783622741699,1
-50.6649551391602,1
-50.9908065795898,1
-48.657341003418,1
-46.2156410217285,1
-44.1592559814453,1
-40.9987602233887,1
-36.4993362426758,1
-32.9132118225098,1
-31.8412685394287,1
-31.3612041473389,1
-28.1227397918701,1
-21.6877479553223,1
-15.0024642944336,1
-10.6220846176147,1
-8.07567882537842,1
-5.41030979156494,1
-2.16617488861084,1
-0.0340748801827431,1
-0.880250334739685,1
-4.40300989151001,1
-7.71243190765381,1
-7.57681131362915,1
-3.42207837104797,1
2.32645893096924,1
7.13007926940918,1
10.5857849121094,1
13.1516923904419,1
14.1583833694458,1
12.9835243225098,1
11.341007232666,1
11.9309034347534,1
14.7870454788208,1
17.3806247711182,1
18.7989902496338,1
21.1107044219971,1
25.2067241668701,1
27.87868309021,1
25.6075744628906,1
19.7979335784912,1
15.4426822662354,1
15.1045951843262,1
16.7453670501709,1
17.3496360778809,1
16.1066780090332,1
13.6455860137939,1
10.6922807693481,1
8.51163768768311,1
8.53725242614746,1
10.308180809021,1
11.7092533111572,1
12.6782455444336,1
16.6344451904297,1
26.1749744415283,1
39.0966033935547,1
51.2288208007812,1
61.6990585327148,1
72.0264587402344,1
80.8801193237305,1
84.2504959106445,1
81.9751663208008,1
80.0230560302734,1
83.5825347900391,1
90.6895217895508,1
95.8923568725586,1
98.017463684082,1
100.099380493164,1
102.50422668457,1
101.136459350586,1
94.0086135864258,1
85.5624313354492,1
81.328369140625,1
80.5777206420898,1
77.8007736206055,1
70.5493774414062,1
62.1218376159668,1
55.8745422363281,1
50.1708030700684,1
41.2007484436035,1
29.0601558685303,1
18.2167835235596,1
11.8679447174072,1
8.02302551269531,1
2.40877318382263,1
-5.91505241394043,1
-13.7469854354858,1
-18.7891216278076,1
-23.6585540771484,1
-32.9528579711914,1
-46.6882171630859,1
-58.9783668518066,1
-64.4395904541016,1
-64.2941284179688,1
-64.1611099243164,1
-66.6982955932617,1
-69.0804672241211,1
-68.190673828125,1
-65.7509765625,1
-66.3226699829102,1
-71.2319793701172,1
-76.5821914672852,1
-77.6466064453125,1
-73.9092636108398,1
-68.780891418457,1
-64.9125747680664,1
-61.4266128540039,1
-56.7067756652832,1
-52.5732040405273,1
-53.1266975402832,1
-59.1075286865234,1
-66.1245574951172,1
-70.1270370483398,1
-72.2008514404297,1
-75.3554763793945,1
-78.7987899780273,1
-79.4037246704102,1
-77.8526763916016,1
-78.7152404785156,1
-83.9956283569336,1
-90.8874969482422,1
-96.9472961425781,1
-103.093215942383,1
-109.64395904541,1
-113.887435913086,1
-114.667556762695,1
-115.543151855469,1
-119.51725769043,1
-123.677719116211,1
-123.403106689453,1
-119.537055969238,1
-116.609893798828,1
-115.422943115234,1
-112.39631652832,1
-105.727111816406,1
-97.2991409301758,1
-88.3875732421875,1
-78.4758071899414,1
-69.2880172729492,1
-64.8208312988281,1
-64.8828964233398,1
-62.998592376709,1
-54.3896179199219,1
-42.8466682434082,1
-35.3122482299805,1
-31.7043342590332,1
-25.4608764648438,1
-14.2402210235596,1
-4.61804485321045,1
-3.43361258506775,1
-8.32029247283936,1
-10.9986267089844,1
-7.90151882171631,1
-2.48995184898376,1
2.80818772315979,1
11.2328834533691,1
25.4280281066895,1
40.639045715332,1
48.5823135375977,1
46.5248146057129,1
39.0588607788086,1
32.1983032226562,1
29.1395454406738,1
30.6066265106201,1
35.4061737060547,1
40.9326133728027,1
46.2807350158691,1
53.8597068786621,1
64.4706649780273,1
72.7995910644531,1
73.2558135986328,1
69.1469039916992,1
69.3345031738281,1
75.6301498413086,1
81.0767440795898,1
82.297248840332,1
84.9035034179688,1
92.3152008056641,1
97.4521102905273,1
92.8925476074219,1
83.5233840942383,1
80.5185317993164,1
85.8973236083984,1
91.4810104370117,1
91.7424392700195,1
89.3595962524414,1
87.5877075195312,1
84.8649215698242,1
79.3563690185547,1
72.8082885742188,1
66.8069610595703,1
59.8404197692871,1
51.443244934082,1
45.7156677246094,1
46.8344917297363,1
52.715877532959,1
56.2820434570312,1
52.6546363830566,1
43.407398223877,1
34.1510238647461,1
29.1199131011963,1
28.0046348571777,1
27.646671295166,1
26.6548824310303,1
27.1874008178711,1
31.0557079315186,1
35.6997680664062,1
36.7780914306641,1
33.9517517089844,1
30.6540203094482,1
28.1545352935791,1
23.9003944396973,1
16.8886814117432,1
10.5936670303345,1
8.22640991210938,1
8.55496215820312,1
9.11895942687988,1
9.99702453613281,1
10.7306127548218,1
7.22272396087646,1
-2.59148001670837,1
-12.1339883804321,1
-12.187029838562,1
-3.73051190376282,1
1.99881434440613,1
-1.71920502185822,1
-8.70852184295654,1
-10.1652603149414,1
-7.58447933197021,1
-9.20769691467285,1
-16.9063053131104,1
-23.9440422058105,1
-25.495138168335,1
-24.6223449707031,1
-25.7068691253662,1
-27.2833652496338,1
-25.2957248687744,1
-20.4584941864014,1
-18.0499992370605,1
-21.1107883453369,1
-27.3134918212891,1
-32.9774551391602,1
-37.3117523193359,1
-41.2224044799805,1
-44.1266059875488,1
-44.8062934875488,1
-44.9880599975586,1
-48.7953071594238,1
-56.9949111938477,1
-64.2383728027344,1
-65.0295486450195,1
-61.2729911804199,1
-60.2511749267578,1
-64.9263610839844,1
-69.9342422485352,1
-68.5757446289062,1
-60.6762390136719,1
-51.6906623840332,1
-46.787052154541,1
-47.8103408813477,1
-53.2282752990723,1
-58.50048828125,1
-59.0927429199219,1
-55.8425216674805,1
-54.5561065673828,1
-57.3136138916016,1
-57.9279937744141,1
-50.9122848510742,1
-41.6181297302246,1
-40.4753952026367,1
-48.3231315612793,1
-54.8399085998535,1
-52.1971893310547,1
-43.2165298461914,1
-34.1171493530273,1
-26.0856170654297,1
-17.4844646453857,1
-8.51579284667969,1
0.640179812908173,1
11.5978260040283,1
23.3800678253174,1
30.747838973999,1
31.7300491333008,1
32.7185287475586,1
40.5398139953613,1
52.8485221862793,1
62.2479705810547,1
66.7540588378906,1
69.3012084960938,1
69.4959106445312,1
64.4929962158203,1
57.7500419616699,1
57.8313484191895,1
66.0518264770508,1
73.1610946655273,1
72.3974761962891,1
69.275505065918,1
72.9048461914062,1
82.3672332763672,1
88.1867370605469,1
85.0755996704102,1
77.2185821533203,1
71.1589736938477,1
68.200798034668,1
64.9567794799805,1
58.4992942810059,1
49.5469093322754,1
41.5122146606445,1
36.8153228759766,1
34.1874160766602,1
30.7017707824707,1
26.5870399475098,1
25.7370834350586,1
30.1843605041504,1
36.4237022399902,1
39.5267295837402,1
39.2747230529785,1
39.3700256347656,1
41.0359687805176,1
40.1904449462891,1
32.2112350463867,1
18.4490413665771,1
6.27601432800293,1
1.47766268253326,1
1.34224414825439,1
-1.88902497291565,1
-9.91662979125977,1
-15.0163946151733,1
-11.4294481277466,1
-5.79005813598633,1
-9.12149810791016,1
-20.6245346069336,1
-28.5283317565918,1
-27.6245307922363,1
-25.8243293762207,1
-29.5698509216309,1
-32.8788452148438,1
-28.2758197784424,1
-20.5059795379639,1
-19.6009502410889,1
-25.4302845001221,1
-29.5100326538086,1
-29.3323287963867,1
-30.3170013427734,1
-34.142936706543,1
-35.4698753356934,1
-31.9912528991699,1
-28.9034042358398,1
-30.4882965087891,1
-34.4944801330566,1
-37.7215232849121,1
-40.4744911193848,1
-42.5682945251465,1
-41.6914024353027,1
-39.2681655883789,1
-41.1524200439453,1
-48.0974655151367,1
-52.3728866577148,1
-49.5870895385742,1
-47.219970703125,1
-53.6491317749023,1
-64.0591125488281,1
-66.7433013916016,1
-60.110782623291,1
-52.9233589172363,1
-48.7671737670898,1
-41.8025741577148,1
-30.084436416626,1
-21.9716167449951,1
-23.6368465423584,1
-28.8458213806152,1
-28.3220767974854,1
-22.8407897949219,1
-19.196102142334,1
-17.9634227752686,1
-13.9161996841431,1
-6.07042074203491,1
0.955225169658661,1
4.60694122314453,1
6.10719728469849,1
5.35873126983643,1
1.78933799266815,1
0.0615824833512306,1
6.45368671417236,1
18.0027713775635,1
23.6089611053467,1
19.1431159973145,1
13.7830610275269,1
16.9476718902588,1
26.0525341033936,1
33.0601425170898,1
37.1096992492676,1
43.3819465637207,1
53.4714851379395,1
64.3707580566406,1
74.7190856933594,1
85.0589294433594,1
93.09765625,1
95.2770843505859,1
92.8693084716797,1
90.9344177246094,1
91.3276596069336,1
91.9191055297852,1
92.4513626098633,1
95.4184799194336,1
100.480171203613,1
103.554916381836,1
102.996192932129,1
101.823364257812,1
101.934448242188,1
100.486930847168,1
94.4462509155273,1
85.333251953125,1
77.2270660400391,1
72.7790374755859,1
72.749626159668,1
76.3577117919922,1
80.1090621948242,1
79.1668701171875,1
72.361930847168,1
63.9967269897461,1
58.8191871643066,1
56.8085441589355,1
54.3028221130371,1
48.5389099121094,1
39.7045021057129,1
29.9849662780762,1
21.708776473999,1
15.2404479980469,1
8.17615413665771,1
-2.05500292778015,1
-14.6810131072998,1
-26.0863399505615,1
-33.3680076599121,1
-35.777229309082,1
-34.0381507873535,1
-31.0041313171387,1
-31.2905349731445,1
-36.1235618591309,1
-39.8169898986816,1
-36.4123573303223,1
-28.8898029327393,1
-25.5713024139404,1
-27.6966247558594,1
-28.4078903198242,1
-25.4849834442139,1
-26.0527572631836,1
-34.3008346557617,1
-43.0385055541992,1
-44.2950592041016,1
-41.3407135009766,1
-41.6528854370117,1
-43.1476020812988,1
-37.4164924621582,1
-24.2130432128906,1
-12.7026643753052,1
-8.30368900299072,1
-7.23957586288452,1
-5.41762256622314,1
-4.2813286781311,1
-4.99161863327026,1
-4.17663621902466,1
0.143551915884018,1
3.71385431289673,1
1.68429100513458,1
-4.49509143829346,1
-9.72465801239014,1
-11.9924488067627,1
-13.0251417160034,1
-14.6222648620605,1
-17.6499805450439,1
-22.7891941070557,1
-29.1847076416016,1
-33.8047027587891,1
-34.9221343994141,1
-34.9167327880859,1
-36.8890991210938,1
-39.6820945739746,1
-39.3614959716797,1
-35.2672500610352,1
-31.6433811187744,1
-32.6275596618652,1
-37.5169219970703,1
-41.6894302368164,1
-41.1391334533691,1
-35.8871955871582,1
-29.8994827270508,1
-27.8669357299805,1
-31.4195041656494,1
-38.2427101135254,1
-44.5920600891113,1
-47.7363700866699,1
-46.2870559692383,1
-40.7118072509766,1
-34.8120727539062,1
-33.9151458740234,1
-38.7401351928711,1
-43.0576057434082,1
-41.0244178771973,1
-35.2947578430176,1
-33.3478088378906,1
-36.7738914489746,1
-40.1462516784668,1
-41.0059432983398,1
-43.7765617370605,1
-50.6443176269531,1
-55.7413673400879,1
-54.424446105957,1
-52.5979881286621,1
-58.570987701416,1
-69.0816268920898,1
-72.8920059204102,1
-67.4633865356445,1
-62.3310546875,1
-64.1732864379883,1
-67.7197036743164,1
-65.6442413330078,1
-59.8600730895996,1
-57.1321563720703,1
-58.640941619873,1
-59.8917427062988,1
-58.0007438659668,1
-54.2262535095215,1
-51.0836372375488,1
-50.0409889221191,1
-50.1953887939453,1
-47.9866180419922,1
-41.7505111694336,1
-37.0609130859375,1
-41.5572242736816,1
-53.0049362182617,1
-60.416259765625,1
-60.2096405029297,1
-61.6065559387207,1
-69.8973236083984,1
-74.9650421142578,1
-66.9839782714844,1
-54.692741394043,1
-53.9608573913574,1
-63.4587631225586,1
-67.3695907592773,1
-60.5867958068848,1
-54.9422798156738,1
-58.2126541137695,1
-62.366039276123,1
-58.433422088623,1
-50.1701202392578,1
-45.3546867370605,1
-43.7259979248047,1
-41.5118598937988,1
-39.5730018615723,1
-39.1789436340332,1
-36.814266204834,1
-30.7054290771484,1
-25.8617267608643,1
-25.2710342407227,1
-23.1360416412354,1
-15.2834577560425,1
-9.17497634887695,1
-13.071662902832,1
-21.1032791137695,1
-21.4798889160156,1
-15.8948535919189,1
-17.079948425293,1
-27.7745342254639,1
-36.2193794250488,1
-35.3025093078613,1
-33.126537322998,1
-38.7895011901855,1
-48.5245933532715,1
-53.6003723144531,1
-53.6120719909668,1
-53.384105682373,1
-52.7584266662598,1
-48.4414367675781,1
-42.3261795043945,1
-39.4884376525879,1
-39.6961669921875,1
-38.2967109680176,1
-34.5853805541992,1
-32.4766426086426,1
-33.0180015563965,1
-32.5961952209473,1
-29.304780960083,1
-25.3940525054932,1
-22.0752296447754,1
-17.2635097503662,1
-10.9194889068604,1
-8.11780548095703,1
-13.1085062026978,1
-22.9059944152832,1
-30.5958881378174,1
-34.1268005371094,1
-38.2312507629395,1
-46.7875747680664,1
-56.3981094360352,1
-60.8297309875488,1
-60.9265747070312,1
-65.3264465332031,1
-78.7551574707031,1
-93.6487197875977,1
-98.6136856079102,1
-92.980827331543,1
-86.3999633789062,1
-84.7404174804688,1
-84.4720153808594,1
-82.6465911865234,1
-83.5194549560547,1
-90.1946258544922,1
-96.9821319580078,1
-96.8193206787109,1
-91.0144271850586,1
-84.8749389648438,1
-78.447380065918,1
-69.0969772338867,1
-59.2477912902832,1
-53.2110443115234,1
-49.0637550354004,1
-42.0946197509766,1
-34.2321853637695,1
-31.1562538146973,1
-31.2546195983887,1
-26.9538974761963,1
-17.2434959411621,1
-9.29730319976807,1
-6.02203416824341,1
-1.44517624378204,1
8.23695087432861,1
17.7180080413818,1
21.4348583221436,1
22.1312007904053,1
25.080753326416,1
29.4869441986084,1
31.3968315124512,1
30.882209777832,1
30.717529296875,1
30.8972568511963,1
29.3633861541748,1
25.9973220825195,1
21.9611644744873,1
17.2211055755615,1
12.0306015014648,1
8.34520626068115,1
6.49250507354736,1
3.26872420310974,1
-3.08708715438843,1
-9.10694026947021,1
-11.5979957580566,1
-13.9663057327271,1
-21.4856243133545,1
-32.067512512207,1
-38.149242401123,1
-37.8949699401855,1
-38.2594909667969,1
-44.7490272521973,1
-53.2504386901855,1
-55.9032363891602,1
-52.1427726745605,1
-49.4015235900879,1
-53.1332244873047,1
-59.6661109924316,1
-60.5077934265137,1
-52.0617065429688,1
-39.0078430175781,1
-28.2565593719482,1
-21.8289546966553,1
-17.1563701629639,1
-12.544397354126,1
-9.07091999053955,1
-7.07477760314941,1
-4.30937385559082,1
0.757747292518616,1
6.63405704498291,1
12.115327835083,1
19.4277877807617,1
30.760461807251,1
43.1581497192383,1
50.6771697998047,1
51.4709396362305,1
49.3886184692383,1
48.1300621032715,1
46.9933967590332,1
43.6245765686035,1
38.3991966247559,1
34.2121200561523,1
33.164608001709,1
34.5824584960938,1
35.3364105224609,1
31.7745742797852,1
23.0793285369873,1
13.463791847229,1
9.05984115600586,1
11.1994400024414,1
14.4552001953125,1
13.1924257278442,1
8.71935176849365,1
7.47470998764038,1
12.5537462234497,1
19.7054386138916,1
22.6259994506836,1
20.2941036224365,1
17.3763771057129,1
18.2310581207275,1
22.5097312927246,1
27.0345191955566,1
30.157543182373,1
32.4990921020508,1
34.1271057128906,1
33.5637397766113,1
30.5817337036133,1
27.972131729126,1
28.4831008911133,1
31.0556831359863,1
32.472412109375,1
32.347240447998,1
33.6952590942383,1
37.8817367553711,1
41.6926116943359,1
41.2956466674805,1
37.4286575317383,1
34.3849143981934,1
34.4793243408203,1
35.5817565917969,1
34.3009033203125,1
30.1495246887207,1
25.9876232147217,1
24.9098300933838,1
26.8636856079102,1
28.1980648040771,1
25.1458759307861,1
18.3127250671387,1
12.8813924789429,1
13.23180103302,1
17.9353485107422,1
21.4793643951416,1
20.5703887939453,1
16.9219932556152,1
13.6522941589355,1
11.0804672241211,1
7.45470523834229,1
2.45979762077332,1
-1.97861778736115,1
-4.2994270324707,1
-5.30144882202148,1
-7.07123565673828,1
-10.5903606414795,1
-14.810564994812,1
-17.8878364562988,1
-19.2148513793945,1
-20.2296390533447,1
-22.829216003418,1
-26.6596813201904,1
-28.5440635681152,1
-25.4898071289062,1
-18.1112422943115,1
-10.1026840209961,1
-4.31963443756104,1
-0.667520344257355,1
1.74081456661224,1
2.19275522232056,1
0.0156892370432615,1
-2.34315395355225,1
-0.510024547576904,1
6.99988222122192,1
17.1894683837891,1
26.5975227355957,1
34.6930465698242,1
41.7624855041504,1
45.9209175109863,1
45.4604721069336,1
42.9672393798828,1
43.1443328857422,1
46.2114486694336,1
47.3273315429688,1
44.0524749755859,1
40.6589279174805,1
42.0009536743164,1
45.7133827209473,1
44.4694366455078,1
35.0876617431641,1
21.7460289001465,1
10.1570491790771,1
1.93579638004303,1
-4.46012449264526,1
-10.2359046936035,1
-15.4817047119141,1
-20.0869426727295,1
-23.7959232330322,1
-26.3005905151367,1
-28.135347366333,1
-30.3496837615967,1
-32.6722297668457,1
-33.4900245666504,1
-32.4261894226074,1
-31.1567306518555,1
-30.5236854553223,1
-28.9247741699219,1
-25.5556621551514,1
-23.2904968261719,1
-25.2301006317139,1
-29.3134765625,1
-29.9466972351074,1
-25.3054332733154,1
-19.5952205657959,1
-16.7767734527588,1
-15.2013835906982,1
-10.8534755706787,1
-3.58259415626526,1
3.05495524406433,1
7.08019542694092,1
9.96234703063965,1
13.1040382385254,1
15.2458925247192,1
14.422737121582,1
10.7889261245728,1
6.39073848724365,1
2.90486645698547,1
-0.0299281738698483,1
-4.93047475814819,1
-14.6218614578247,1
-28.9870738983154,1
-43.8537139892578,1
-54.7321968078613,1
-61.3191375732422,1
-66.2336273193359,1
-69.8480834960938,1
-69.8583297729492,1
-66.7140579223633,1
-65.4067916870117,1
-69.1738052368164,1
-74.4977569580078,1
-75.873908996582,1
-73.2646255493164,1
-70.5182266235352,1
-67.6584930419922,1
-59.9903106689453,1
-45.8087501525879,1
-30.4181480407715,1
-19.8731708526611,1
-13.7319917678833,1
-7.13854312896729,1
1.73070979118347,1
9.87947940826416,1
14.8671998977661,1
18.5223617553711,1
23.7581920623779,1
29.8447608947754,1
33.2914810180664,1
32.8227157592773,1
31.0107002258301,1
30.4317798614502,1
30.4493045806885,1
29.2621173858643,1
27.1881923675537,1
25.5357341766357,1
23.5866622924805,1
19.7989158630371,1
15.3316698074341,1
12.6780395507812,1
10.6475267410278,1
4.99657249450684,1
-4.54345846176147,1
-12.2423810958862,1
-14.0638265609741,1
-13.4093160629272,1
-15.4882507324219,1
-19.5707187652588,1
-21.8283462524414,1
-23.1110725402832,1
-27.4660720825195,1
-33.7080383300781,1
-35.2292823791504,1
-29.5493297576904,1
-22.1519508361816,1
-18.2568187713623,1
-15.8910722732544,1
-10.830096244812,1
-4.33488178253174,1
-1.1078542470932,1
-1.57435345649719,1
-0.862954795360565,1
4.7890567779541,1
13.9698896408081,1
22.5961971282959,1
28.0835342407227,1
30.8456687927246,1
33.3027801513672,1
37.2857933044434,1
41.3741874694824,1
41.873161315918,1
37.870662689209,1
33.6599807739258,1
33.738037109375,1
36.899169921875,1
38.4905548095703,1
37.4102249145508,1
36.6721000671387,1
36.9975128173828,1
34.636547088623,1
27.5008068084717,1
19.5072498321533,1
15.7337245941162,1
15.9891767501831,1
16.7068996429443,1
17.4239349365234,1
21.2566795349121,1
28.9846286773682,1
36.2671012878418,1
38.2319717407227,1
34.9013557434082,1
30.5620098114014,1
28.7278671264648,1
29.1786212921143,1
29.9240436553955,1
30.7744235992432,1
33.5737419128418,1
38.6629753112793,1
42.6237716674805,1
41.2857093811035,1
34.6159553527832,1
26.823787689209,1
21.5641670227051,1
18.8857517242432,1
17.0513591766357,1
15.0036344528198,1
12.2675590515137,1
8.87070178985596,1
6.63922595977783,1
8.12121391296387,1
12.4770126342773,1
14.9029293060303,1
12.5225391387939,1
8.62068367004395,1
8.05813884735107,1
10.3960189819336,1
11.2789430618286,1
9.48224449157715,1
8.32896518707275,1
10.0631856918335,1
12.9291086196899,1
14.8912477493286,1
16.6688251495361,1
19.3981342315674,1
22.3350124359131,1
24.9850978851318,1
28.8806838989258,1
34.5959968566895,1
39.0262908935547,1
38.7972602844238,1
35.2972412109375,1
33.0757141113281,1
33.5641441345215,1
33.7750663757324,1
31.8720436096191,1
30.5588836669922,1
32.6989784240723,1
35.9535217285156,1
34.9796447753906,1
28.276891708374,1
19.9825897216797,1
14.7522201538086,1
13.5827865600586,1
15.5387811660767,1
20.7754497528076,1
29.4277877807617,1
38.9045639038086,1
45.0294227600098,1
45.9652442932129,1
43.3085403442383,1
39.3979682922363,1
35.4014167785645,1
32.2743072509766,1
31.4221267700195,1
33.0275764465332,1
34.8896369934082,1
34.34375,1
30.8832416534424,1
25.9791469573975,1
21.004732131958,1
16.6423263549805,1
13.9684143066406,1
14.3555164337158,1
17.5711631774902,1
21.1525535583496,1
22.8752422332764,1
23.3141250610352,1
24.5754547119141,1
26.5279731750488,1
26.0788288116455,1
21.3238048553467,1
15.0690660476685,1
12.1534814834595,1
13.5849857330322,1
15.6471319198608,1
15.3645830154419,1
14.3304853439331,1
15.2729301452637,1
16.8388214111328,1
14.9370241165161,1
8.91026973724365,1
3.23208832740784,1
1.99677884578705,1
4.00655508041382,1
5.02546882629395,1
3.42670631408691,1
1.47225105762482,1
1.32766473293304,1
1.69814169406891,1
-0.83999115228653,1
-7.91825008392334,1
-17.4776840209961,1
-25.72119140625,1
-30.5382690429688,1
-32.6041679382324,1
-33.2570915222168,1
-32.388973236084,1
-29.3597812652588,1
-25.1361598968506,1
-21.7450675964355,1
-19.6231479644775,1
-17.3821334838867,1
-14.7437410354614,1
-13.7476301193237,1
-15.7236061096191,1
-18.6172752380371,1
-19.2525196075439,1
-17.6352939605713,1
-17.2961730957031,1
-21.355936050415,1
-29.2897052764893,1
-37.4695930480957,1
-42.1478462219238,1
-42.2039756774902,1
-39.6569900512695,1
-37.2880439758301,1
-35.7128143310547,1
-33.7834968566895,1
-31.8681201934814,1
-32.5174179077148,1
-36.6213073730469,1
-41.108341217041,1
-42.6810989379883,1
-42.0412101745605,1
-41.5748519897461,1
-40.3430137634277,1
-35.2326965332031,1
-26.8807716369629,1
-20.5114440917969,1
-19.841854095459,1
-23.2878265380859,1
-27.4181327819824,1
-31.1019763946533,1
-34.4551963806152,1
-36.4712028503418,1
-36.2509078979492,1
-34.8687362670898,1
-33.7935943603516,1
-32.8387145996094,1
-31.569393157959,1
-31.0690383911133,1
-31.9497814178467,1
-32.0288505554199,1
-28.6616821289062,1
-22.3706760406494,1
-15.4371423721313,1
-7.98258256912231,1
0.956466555595398,1
8.75532817840576,1
9.95443248748779,1
3.30248093605042,1
-5.29534769058228,1
-9.24124908447266,1
-8.27078247070312,1
-6.44444227218628,1
-5.11363458633423,1
-1.44219243526459,1
6.33569145202637,1
15.3995571136475,1
21.324125289917,1
22.8967170715332,1
22.6376304626465,1
23.1559104919434,1
24.0843162536621,1
22.9921588897705,1
19.0481414794922,1
14.7529153823853,1
12.7654180526733,1
11.4095945358276,1
5.7407283782959,1
-5.77337980270386,1
-17.9392757415771,1
-24.5713500976562,1
-25.9147644042969,1
-27.2227516174316,1
-30.8959255218506,1
-34.1765556335449,1
-35.3020553588867,1
-37.5840301513672,1
-44.5906066894531,1
-54.2058525085449,1
-61.1524772644043,1
-64.0871124267578,1
-66.4931106567383,1
-70.6102447509766,1
-73.9792709350586,1
-73.3671417236328,1
-69.7701568603516,1
-67.5019149780273,1
-69.1181564331055,1
-72.6818466186523,1
-73.9438018798828,1
-70.5098571777344,1
-63.824592590332,1
-57.2489204406738,1
-52.3382835388184,1
-47.7907562255859,1
-42.778450012207,1
-40.1261978149414,1
-43.8614349365234,1
-53.5356178283691,1
-63.6520080566406,1
-70.005012512207,1
-74.1365661621094,1
-79.3034744262695,1
-84.3068161010742,1
-85.1474456787109,1
-82.1723556518555,1
-81.1944732666016,1
-86.0242614746094,1
-93.2643966674805,1
-97.0015563964844,1
-96.3033218383789,1
-95.0163879394531,1
-95.4938583374023,1
-95.9717788696289,1
-94.2001876831055,1
-90.7200393676758,1
-87.6336898803711,1
-86.2467041015625,1
-86.9348602294922,1
-89.524772644043,1
-92.5153121948242,1
-93.3669204711914,1
-91.0987014770508,1
-87.7134857177734,1
-85.736930847168,1
-85.2547302246094,1
-84.9119567871094,1
-84.9271697998047,1
-86.8203735351562,1
-90.1796951293945,1
-92.1502685546875,1
-91.1289215087891,1
-88.9663619995117,1
-87.9240951538086,1
-87.1258850097656,1
-84.4528961181641,1
-81.1466979980469,1
-81.4841842651367,1
-87.1427764892578,1
-94.3412857055664,1
-98.0980606079102,1
-97.5296325683594,1
-95.034538269043,1
-91.7392807006836,1
-86.6098098754883,1
-79.8915252685547,1
-74.5117111206055,1
-72.7647705078125,1
-73.3327102661133,1
-73.0561676025391,1
-70.6054992675781,1
-66.9861679077148,1
-63.146900177002,1
-58.7877731323242,1
-53.7046279907227,1
-49.1131286621094,1
-46.9194374084473,1
-47.7919731140137,1
-50.0513648986816,1
-50.6198768615723,1
-47.7010688781738,1
-42.7978668212891,1
-39.2580795288086,1
-38.2423210144043,1
-37.2385292053223,1
-33.8040199279785,1
-29.6158485412598,1
-28.4748706817627,1
-30.5875606536865,1
-31.7689552307129,1
-29.2715358734131,1
-25.4378490447998,1
-23.2838535308838,1
-20.96409034729,1
-14.4435195922852,1
-4.79628133773804,1
1.51736533641815,1
0.752623736858368,1
-3.33198690414429,1
-4.94112682342529,1
-3.65811038017273,1
-3.26911568641663,1
-4.85352659225464,1
-4.89042139053345,1
-0.595829963684082,1
5.79174184799194,1
9.47235298156738,1
8.39907073974609,1
5.02825546264648,1
3.50949168205261,1
5.82263517379761,1
10.341178894043,1
14.0975751876831,1
16.777229309082,1
21.7251472473145,1
31.6019821166992,1
43.4533805847168,1
50.3366241455078,1
48.7310791015625,1
42.6102180480957,1
38.7982063293457,1
39.5993614196777,1
41.7836074829102,1
41.9758758544922,1
40.5565757751465,1
39.6122016906738,1
38.9750061035156,1
36.1414070129395,1
29.8569641113281,1
22.2808246612549,1
16.8247852325439,1
14.5241641998291,1
13.6459894180298,1
12.8052778244019,1
12.9599924087524,1
15.2710494995117,1
18.1290321350098,1
18.3346366882324,1
15.2498779296875,1
11.8191547393799,1
10.7669582366943,1
11.5445184707642,1
12.2145290374756,1
12.6301488876343,1
13.6545476913452,1
14.1294145584106,1
11.1675300598145,1
3.9659481048584,1
-4.30001974105835,1
-9.22191143035889,1
-9.12339401245117,1
-6.00085401535034,1
-3.09085154533386,1
-1.69918704032898,1
-0.347085773944855,1
2.47667574882507,1
4.84963417053223,1
2.58267521858215,1
-4.93050050735474,1
-12.1510343551636,1
-13.3338718414307,1
-9.57439708709717,1
-6.45764636993408,1
-5.56722688674927,1
-3.00371766090393,1
2.91278696060181,1
7.51833486557007,1
6.22821044921875,1
1.24211120605469,1
-1.9101665019989,1
-1.81421899795532,1
-1.03383600711823,1
-0.367208629846573,1
2.10352826118469,1
6.53138303756714,1
10.0009746551514,1
10.3873739242554,1
8.4949254989624,1
5.8937611579895,1
3.52630710601807,1
2.97185206413269,1
6.00451135635376,1
11.7091989517212,1
16.5968818664551,1
18.8424263000488,1
20.0664196014404,1
21.6376247406006,1
21.7834663391113,1
18.4362354278564,1
12.931565284729,1
8.38644790649414,1
5.67040491104126,1
3.57205319404602,1
2.3530011177063,1
4.36509656906128,1
10.4577016830444,1
17.6209678649902,1
21.4969692230225,1
20.7959156036377,1
18.6095085144043,1
19.4408702850342,1
25.0797386169434,1
33.2718124389648,1
40.2542610168457,1
44.2321968078613,1
45.9797554016113,1
46.4888038635254,1
45.3454360961914,1
42.0466423034668,1
37.9517860412598,1
35.6695938110352,1
36.4948120117188,1
39.2813301086426,1
42.1294746398926,1
44.5166320800781,1
46.9652557373047,1
48.7409934997559,1
47.2592353820801,1
41.2033500671387,1
33.8011589050293,1
30.8404693603516,1
34.4194679260254,1
40.3889541625977,1
43.600154876709,1
44.0584449768066,1
45.3022956848145,1
47.7982788085938,1
47.7605972290039,1
43.2525062561035,1
37.8715515136719,1
36.1529121398926,1
37.8373336791992,1
39.5006103515625,1
40.1079750061035,1
41.422550201416,1
43.3272361755371,1
42.4830169677734,1
37.0324935913086,1
30.0718288421631,1
26.2751731872559,1
26.3398151397705,1
26.9974918365479,1
26.1664981842041,1
25.7634677886963,1
28.373140335083,1
32.5451545715332,1
33.2798233032227,1
27.432825088501,1
17.4460220336914,1
8.84284591674805,1
4.51177453994751,1
2.53067255020142,1
-0.253831565380096,1
-3.74041104316711,1
-4.92013454437256,1
-2.48678684234619,1
0.497584968805313,1
-0.180568799376488,1
-4.5635404586792,1
-8.20304203033447,1
-7.8087306022644,1
-5.56182527542114,1
-5.96088552474976,1
-9.26468372344971,1
-10.8778228759766,1
-7.92276191711426,1
-3.67821216583252,1
-3.33287262916565,1
-7.12270069122314,1
-10.5889720916748,1
-10.8886852264404,1
-9.52533435821533,1
-8.39123821258545,1
-6.51753807067871,1
-2.74015116691589,1
0.860580801963806,1
1.06726121902466,1
-1.9065238237381,1
-4.56838083267212,1
-4.61834287643433,1
-2.91784954071045,1
-0.805393099784851,1
2.17990112304688,1
6.79834365844727,1
11.9756269454956,1
15.5869035720825,1
16.5999336242676,1
15.4882278442383,1
13.3261098861694,1
11.5556983947754,1
12.0474395751953,1
16.1382827758789,1
23.5768146514893,1
32.9284782409668,1
42.5063552856445,1
50.2430305480957,1
53.6956176757812,1
51.9937210083008,1
47.7193641662598,1
45.1045188903809,1
45.8543510437012,1
48.1703186035156,1
50.3624610900879,1
53.4407348632812,1
58.5675735473633,1
63.5353660583496,1
64.3963928222656,1
60.4309196472168,1
55.1528244018555,1
51.8477897644043,1
50.2211761474609,1
48.5796318054199,1
47.3866882324219,1
48.5637168884277,1
52.097599029541,1
55.41650390625,1
56.1198425292969,1
53.8207015991211,1
49.3630599975586,1
43.867504119873,1
38.7944450378418,1
35.2725944519043,1
32.6522598266602,1
29.000846862793,1
23.6162204742432,1
17.6585540771484,1
11.7233839035034,1
4.79638051986694,1
-2.92379570007324,1
-8.16358947753906,1
-8.11710357666016,1
-4.76473331451416,1
-2.66082501411438,1
-2.66373825073242,1
-1.1851350069046,1
3.42411255836487,1
6.9687328338623,1
4.23867559432983,1
-4.19649314880371,1
-12.7091045379639,1
-17.2171440124512,1
-18.3932113647461,1
-18.4053249359131,1
-17.3109340667725,1
-14.1891622543335,1
-10.3178853988647,1
-9.12747192382812,1
-12.6824617385864,1
-19.1389141082764,1
-24.2854042053223,1
-25.3922748565674,1
-23.0534477233887,1
-19.2339973449707,1
-14.4196109771729,1
-7.8119912147522,1
-0.132280245423317,1
5.50089550018311,1
6.70536756515503,1
4.97098922729492,1
4.0789737701416,1
5.54813766479492,1
7.35081386566162,1
7.72915410995483,1
8.58404636383057,1
13.2646389007568,1
21.4980316162109,1
28.5857372283936,1
30.4799365997314,1
28.3899211883545,1
27.1168785095215,1
29.5338764190674,1
34.1771697998047,1
38.0403175354004,1
39.9314002990723,1
40.3874816894531,1
39.7836380004883,1
37.9791412353516,1
35.2686195373535,1
32.4113311767578,1
29.829568862915,1
27.6756591796875,1
26.5547637939453,1
27.3234786987305,1
30.171215057373,1
34.4678802490234,1
39.2291564941406,1
43.096019744873,1
44.5217056274414,1
43.2995529174805,1
41.6633796691895,1
42.3820610046387,1
45.6167449951172,1
49.0477180480957,1
51.2056045532227,1
52.7928771972656,1
54.0403366088867,1
53.0007095336914,1
48.4284591674805,1
42.9199104309082,1
40.5802040100098,1
41.8551940917969,1
43.2021408081055,1
42.4002685546875,1
41.7421951293945,1
44.350025177002,1
49.029369354248,1
51.2275581359863,1
48.8339920043945,1
44.8031806945801,1
43.2508277893066,1
44.5452842712402,1
45.6744346618652,1
44.6495361328125,1
42.7176322937012,1
41.8505744934082,1
41.4618988037109,1
38.8942565917969,1
32.9300842285156,1
25.7778015136719,1
21.1105556488037,1
20.4678211212158,1
21.9675369262695,1
22.5237808227539,1
21.0278415679932,1
19.044469833374,1
18.3467922210693,1
18.2910575866699,1
16.3902683258057,1
11.4787149429321,1
5.29417753219604,1
0.339945405721664,1
-2.81817626953125,1
-4.94474172592163,1
-5.71397829055786,1
-4.07805252075195,1
-1.32576322555542,1
-1.41383862495422,1
-6.53966665267944,1
-13.694432258606,1
-17.6633548736572,1
-16.9613475799561,1
-14.7723426818848,1
-13.9886741638184,1
-13.5952005386353,1
-11.1810111999512,1
-7.49435663223267,1
-6.4767165184021,1
-10.7163934707642,1
-18.1928176879883,1
-24.2637157440186,1
-26.4045276641846,1
-26.0964832305908,1
-25.7760276794434,1
-24.9183330535889,1
-20.7369384765625,1
-12.9655179977417,1
-5.94489479064941,1
-4.16555070877075,1
-6.79034376144409,1
-8.92582416534424,1
-8.02044486999512,1
-6.23989534378052,1
-5.82287263870239,1
-5.09882354736328,1
-1.44335639476776,1
3.72870922088623,1
6.0988073348999,1
4.33225202560425,1
2.087965965271,1
3.33241534233093,1
7.60843181610107,1
11.382851600647,1
13.0645189285278,1
14.9581060409546,1
19.9275074005127,1
27.1868209838867,1
32.6129875183105,1
33.4819297790527,1
31.7957324981689,1
31.6681385040283,1
34.0166473388672,1
35.9269065856934,1
35.6567039489746,1
35.7710571289062,1
39.430721282959,1
45.2929344177246,1
48.7829551696777,1
47.8977546691895,1
45.1804847717285,1
43.7613792419434,1
43.8412971496582,1
43.9996757507324,1
44.0546112060547,1
45.0374641418457,1
47.1156539916992,1
48.8991889953613,1
48.9411392211914,1
47.4483032226562,1
46.2056884765625,1
46.525634765625,1
47.4278259277344,1
46.8491821289062,1
44.996509552002,1
44.9083938598633,1
48.3249816894531,1
52.4416580200195,1
52.9747200012207,1
49.6539306640625,1
46.1846733093262,1
45.0944747924805,1
45.3618698120117,1
45.4039764404297,1
45.5507125854492,1
46.4619140625,1
47.361515045166,1
47.1197357177734,1
45.3169593811035,1
41.2814559936523,1
34.0728797912598,1
24.6289253234863,1
16.0237407684326,1
10.3232498168945,1
7.11804819107056,1
6.37034511566162,1
9.98751544952393,1
18.1000480651855,1
26.0853576660156,1
28.8471050262451,1
27.1008491516113,1
25.9735546112061,1
27.6419696807861,1
28.9168510437012,1
26.7845783233643,1
22.8436241149902,1
20.1852245330811,1
18.2962589263916,1
13.9814805984497,1
6.66624641418457,1
0.161367908120155,1
-1.62926590442657,1
0.599099338054657,1
2.25974249839783,1
-0.0456097163259983,1
-5.11345148086548,1
-9.23948955535889,1
-11.0748071670532,1
-13.122049331665,1
-18.046968460083,1
-24.9073638916016,1
-30.5735778808594,1
-34.2043876647949,1
-38.0502662658691,1
-43.2485160827637,1
-47.0946159362793,1
-46.5587997436523,1
-43.4164352416992,1
-43.1492958068848,1
-48.2106971740723,1
-54.582820892334,1
-56.5375556945801,1
-53.4268112182617,1
-49.6931762695312,1
-48.6542091369629,1
-48.7030715942383,1
-46.4926452636719,1
-41.9314079284668,1
-38.0659217834473,1
-36.6110076904297,1
-35.6185188293457,1
-32.204044342041,1
-26.2729759216309,1
-20.3078708648682,1
-15.8894596099854,1
-11.8557052612305,1
-6.53992414474487,1
-0.862823009490967,1
2.28955626487732,1
1.95976102352142,1
0.986788392066956,1
2.8247652053833,1
7.20977449417114,1
10.5729761123657,1
10.8498458862305,1
10.2677307128906,1
12.3875999450684,1
17.4485855102539,1
22.1997699737549,1
24.2422542572021,1
24.992036819458,1
27.4027576446533,1
31.6253852844238,1
34.6431007385254,1
34.7128829956055,1
34.5682983398438,1
38.1874771118164,1
44.599781036377,1
47.4208755493164,1
42.1088638305664,1
32.1279029846191,1
25.6025657653809,1
26.3416957855225,1
30.5895671844482,1
32.9470901489258,1
32.8553504943848,1
33.504566192627,1
36.1421546936035,1
38.2439155578613,1
37.3706893920898,1
34.5791206359863,1
32.8112258911133,1
33.1045837402344,1
33.9541549682617,1
34.1387596130371,1
34.5061149597168,1
36.1572341918945,1
38.0192413330078,1
37.8482856750488,1
35.5993499755859,1
34.2089042663574,1
36.1797332763672,1
40.4712944030762,1
44.1419830322266,1
46.6861114501953,1
51.1604423522949,1
60.4076156616211,1
73.1351852416992,1
84.7489013671875,1
91.8711166381836,1
95.2402420043945,1
98.1254119873047,1
102.863639831543,1
109.653839111328,1
117.904266357422,1
127.002655029297,1
135.256195068359,1
139.65983581543,1
138.368362426758,1
132.969772338867,1
126.772148132324,1
120.772491455078,1
112.794883728027,1
101.142120361328,1
87.6979217529297,1
76.0832366943359,1
67.1972885131836,1
57.9026374816895,1
44.5856437683105,1
27.4349746704102,1
10.5094022750854,1
-2.49860715866089,1
-11.929518699646,1
-20.9797248840332,1
-31.3526878356934,1
-41.5195198059082,1
-49.7632064819336,1
-57.3844985961914,1
-67.2950286865234,1
-80.1002883911133,1
-93.3147277832031,1
-104.446250915527,1
-113.300750732422,1
-120.80152130127,1
-126.76594543457,1
-129.694137573242,1
-128.430282592773,1
-123.832870483398,1
-118.990272521973,1
-117.263153076172,1
-119.28719329834,1
-122.291511535645,1
-123.276161193848,1
-122.261108398438,1
-121.154197692871,1
-120.306846618652,1
-118.508422851562,1
-116.263023376465,1
-116.178619384766,1
-118.857650756836,1
-120.688629150391,1
-117.646545410156,1
-109.829116821289,1
-100.261779785156,1
-90.3214416503906,1
-78.686882019043,1
-64.519660949707,1
-49.3657646179199,1
-35.1987228393555,1
-22.0027694702148,1
-8.13871192932129,1
7.62279891967773,1
24.9834175109863,1
42.4999389648438,1
58.5787811279297,1
72.1952667236328,1
82.7138595581055,1
89.0971374511719,1
90.0700836181641,1
85.8881912231445,1
79.4425964355469,1
74.3017272949219,1
71.4954071044922,1
69.3131561279297,1
66.4397201538086,1
63.7865371704102,1
62.3002738952637,1
60.3350105285645,1
55.0975952148438,1
46.433422088623,1
37.2888793945312,1
29.8915863037109,1
23.2039909362793,1
15.5519552230835,1
8.52975082397461,1
5.87127161026001,1
8.0909252166748,1
10.4020013809204,1
7.61784648895264,1
0.147187039256096,1
-6.68386220932007,1
-8.92862701416016,1
-7.63489294052124,1
-5.82790184020996,1
-4.13330841064453,1
-1.12971246242523,1
3.24917697906494,1
7.0261402130127,1
8.91163444519043,1
9.83912563323975,1
11.2204647064209,1
13.1454982757568,1
15.1596794128418,1
17.6698799133301,1
21.3901424407959,1
25.8366146087646,1
29.1950550079346,1
29.4907608032227,1
25.7125225067139,1
18.6462249755859,1
11.1048002243042,1
6.21773481369019,1
4.43583250045776,1
3.06722617149353,1
-0.132434293627739,1
-3.98556113243103,1
-6.17019176483154,1
-7.47552299499512,1
-11.1510925292969,1
-17.9363803863525,1
-24.5235290527344,1
-28.0897903442383,1
-29.8950958251953,1
-32.3883285522461,1
-34.6389579772949,1
-33.5285911560059,1
-28.8997802734375,1
-24.5633144378662,1
-23.3420639038086,1
-23.0787715911865,1
-18.8961715698242,1
-8.50296688079834,1
5.7602162361145,1
19.6075744628906,1
30.6604824066162,1
39.7617416381836,1
49.0086288452148,1
58.7572059631348,1
66.9865646362305,1
72.0128555297852,1
75.1220245361328,1
79.1338958740234,1
84.4083633422852,1
88.0059432983398,1
87.5184478759766,1
84.0149917602539,1
79.6915435791016,1
73.9956741333008,1
64.4803619384766,1
51.1806526184082,1
37.5442314147949,1
26.1786499023438,1
15.8573408126831,1
4.46173095703125,1
-6.63819074630737,1
-13.7595663070679,1
-16.4362888336182,1
-19.2741851806641,1
-26.7825107574463,1
-37.5764427185059,1
-45.589916229248,1
-46.9385566711426,1
-43.8944053649902,1
-41.3978042602539,1
-41.0757141113281,1
-40.3497047424316,1
-37.0573310852051,1
-33.003963470459,1
-31.8982791900635,1
-34.6539611816406,1
-38.0047302246094,1
-37.8224983215332,1
-33.0447425842285,1
-26.046802520752,1
-19.640022277832,1
-14.3723983764648,1
-9.0872106552124,1
-3.71790480613708,1
-0.386057198047638,1
-0.917272329330444,1
-4.01740598678589,1
-6.45055770874023,1
-7.00953197479248,1
-7.53943586349487,1
-9.35667419433594,1
-10.6317625045776,1
-9.11864376068115,1
-6.10630130767822,1
-5.07480573654175,1
-6.66475248336792,1
-7.56674337387085,1
-5.07109546661377,1
-0.44802513718605,1
3.53106760978699,1
6.55988025665283,1
10.2294397354126,1
14.498194694519,1
17.1187705993652,1
16.8276309967041,1
15.3244743347168,1
15.2349452972412,1
17.1136436462402,1
19.3704605102539,1
20.7002563476562,1
21.7436389923096,1
24.235818862915,1
28.8706111907959,1
34.2729377746582,1
38.3070373535156,1
40.5490493774414,1
43.1846160888672,1
48.9586715698242,1
58.2753257751465,1
68.9092636108398,1
78.7277603149414,1
87.9865188598633,1
98.3444213867188,1
110.06957244873,1
121.163246154785,1
129.45783996582,1
134.983261108398,1
139.882873535156,1
146.331649780273,1
154.897430419922,1
164.625885009766,1
174.050582885742,1
181.883026123047,1
187.122711181641,1
189.094223022461,1
187.744110107422,1
183.866012573242,1
178.599487304688,1
172.252944946289,1
163.784454345703,1
152.154174804688,1
138.34814453125,1
125.142074584961,1
114.137176513672,1
103.811721801758,1
91.6891555786133,1
77.8972778320312,1
64.8871002197266,1
53.6399421691895,1
42.3147850036621,1
29.6864852905273,1
17.923942565918,1
9.8414363861084,1
4.49742984771729,1
-1.85194861888885,1
-10.4158296585083,1
-18.0318851470947,1
-21.6643600463867,1
-22.6594734191895,1
-24.59938621521,1
-27.9598827362061,1
-29.2371635437012,1
-25.809965133667,1
-19.9889621734619,1
-16.8736228942871,1
-18.6273975372314,1
-22.2192192077637,1
-23.3078804016113,1
-21.314302444458,1
-19.3439159393311,1
-19.4632740020752,1
-20.0862789154053,1
-19.1113548278809,1
-17.9612655639648,1
-20.173641204834,1
-26.3233222961426,1
-32.7694129943848,1
-36.1640548706055,1
-37.2203788757324,1
-38.7123069763184,1
-41.344295501709,1
-43.5447120666504,1
-44.5763053894043,1
-45.7194328308105,1
-48.1615829467773,1
-51.3282661437988,1
-53.9557914733887,1
-55.7938995361328,1
-57.5493049621582,1
-59.7290992736816,1
-62.0953636169434,1
-63.9688453674316,1
-64.8215866088867,1
-64.8681259155273,1
-65.0818176269531,1
-66.0746841430664,1
-66.8838424682617,1
-65.6006927490234,1
-61.5385780334473,1
-56.1292037963867,1
-51.2717971801758,1
-47.5292091369629,1
-44.6444702148438,1
-43.1397247314453,1
-44.1354103088379,1
-47.4869842529297,1
-51.1356010437012,1
-52.9301376342773,1
-52.7008361816406,1
-52.0629196166992,1
-52.425106048584,1
-53.7821273803711,1
-55.5837326049805,1
-58.1781997680664,1
-62.5515937805176,1
-68.4157867431641,1
-73.3299407958984,1
-74.7046737670898,1
-72.6557769775391,1
-69.922492980957,1
-68.5840759277344,1
-67.7742919921875,1
-65.5195465087891,1
-62.199535369873,1
-60.7035675048828,1
-62.724437713623,1
-65.9915313720703,1
-66.3657073974609,1
-62.5887641906738,1
-57.8591156005859,1
-56.0667304992676,1
-57.2635688781738,1
-58.1904144287109,1
-57.121753692627,1
-56.2114028930664,1
-57.8628005981445,1
-60.5194816589355,1
-60.5522270202637,1
-57.7262649536133,1
-55.7836036682129,1
-56.9539642333984,1
-58.9082221984863,1
-59.0650367736816,1
-59.384578704834,1
-63.7011756896973,1
-71.384895324707,1
-77.0898590087891,1
-77.1521835327148,1
-73.4772872924805,1
-70.1222076416016,1
-68.3354263305664,1
-66.6257171630859,1
-64.3104705810547,1
-63.0372009277344,1
-64.8563385009766,1
-69.7172927856445,1
-74.9925003051758,1
-77.4815139770508,1
-76.4266357421875,1
-74.4814605712891,1
-74.8011627197266,1
-77.3132781982422,1
-79.3374176025391,1
-79.984245300293,1
-81.6354370117188,1
-85.733772277832,1
-89.2492370605469,1
-87.8750839233398,1
-81.6943435668945,1
-74.8409042358398,1
-69.7186508178711,1
-64.5893783569336,1
-57.8033027648926,1
-51.5415916442871,1
-49.002067565918,1
-49.3716354370117,1
-48.3108520507812,1
-43.3319435119629,1
-36.4975471496582,1
-31.1765823364258,1
-27.9216785430908,1
-24.9554805755615,1
-21.7375202178955,1
-19.9904956817627,1
-20.5952606201172,1
-20.9202060699463,1
-16.9277629852295,1
-7.84816646575928,1
2.84044504165649,1
11.7203941345215,1
19.090446472168,1
26.7281227111816,1
33.3302993774414,1
35.0937042236328,1
31.1439990997314,1
25.5827293395996,1
22.617639541626,1
21.7891654968262,1
20.1125087738037,1
17.2596817016602,1
15.6979827880859,1
16.2187328338623,1
16.3405094146729,1
13.7981195449829,1
9.27725887298584,1
4.59448528289795,1
0.0302757751196623,1
-5.01929616928101,1
-9.90180110931396,1
-12.775936126709,1
-12.424168586731,1
-9.14997291564941,1
-4.55057191848755,1
-1.2830399274826,1
-2.10926723480225,1
-7.56189393997192,1
-14.727783203125,1
-19.7771224975586,1
-21.8688678741455,1
-23.3366298675537,1
-25.8697147369385,1
-28.1751804351807,1
-28.3867950439453,1
-27.2927093505859,1
-27.2448196411133,1
-28.3788795471191,1
-28.0931987762451,1
-24.7824172973633,1
-20.2337245941162,1
-17.2006816864014,1
-16.104175567627,1
-15.74560546875,1
-16.1520729064941,1
-18.5146522521973,1
-22.5905151367188,1
-26.3411045074463,1
-28.4639358520508,1
-29.3657379150391,1
-29.1321544647217,1
-26.5989379882812,1
-21.5441665649414,1
-16.0930938720703,1
-12.5991888046265,1
-11.447021484375,1
-12.0197792053223,1
-14.0886754989624,1
-16.72487449646,1
-17.7909297943115,1
-16.7952461242676,1
-16.5421352386475,1
-19.0863437652588,1
-21.5929260253906,1
-20.0664081573486,1
-16.4032459259033,1
-16.8864421844482,1
-22.7915325164795,1
-27.3686828613281,1
-24.7005729675293,1
-17.4357128143311,1
-12.0433149337769,1
-9.65256118774414,1
-6.48131847381592,1
-1.69279515743256,1
0.655676543712616,1
-1.92158782482147,1
-6.34054136276245,1
-8.12495231628418,1
-6.57972717285156,1
-4.09870338439941,1
-2.6851110458374,1
-2.9495096206665,1
-4.78366231918335,1
-7.25294017791748,1
-8.93739032745361,1
-9.59982967376709,1
-10.4232158660889,1
-11.8576469421387,1
-12.959906578064,1
-13.918511390686,1
-17.0302715301514,1
-23.1938571929932,1
-29.4017105102539,1
-32.5318412780762,1
-34.3508796691895,1
-39.3330307006836,1
-47.7714309692383,1
-54.7136726379395,1
-56.7283134460449,1
-56.3817825317383,1
-57.8365478515625,1
-60.5986251831055,1
-60.8534393310547,1
-57.8398895263672,1
-55.3074226379395,1
-56.1008758544922,1
-58.2443084716797,1
-58.0970687866211,1
-55.4792823791504,1
-53.327808380127,1
-52.9681129455566,1
-52.1955299377441,1
-48.6981086730957,1
-43.6399307250977,1
-40.4177856445312,1
-40.4417457580566,1
-41.396785736084,1
-39.8071174621582,1
-34.5873222351074,1
-27.7800140380859,1
-22.2259082794189,1
-18.9779186248779,1
-17.1158847808838,1
-15.8054351806641,1
-15.8007402420044,1
-18.2373428344727,1
-22.2832164764404,1
-25.242712020874,1
-25.5696086883545,1
-24.8622665405273,1
-25.9054660797119,1
-29.2430553436279,1
-32.7878913879395,1
-34.7000312805176,1
-35.5375823974609,1
-37.1722068786621,1
-40.2639465332031,1
-43.3791923522949,1
-44.5196151733398,1
-43.2690162658691,1
-41.1665840148926,1
-39.6548805236816,1
-37.9359512329102,1
-33.8116073608398,1
-26.8099422454834,1
-19.1238059997559,1
-12.5970401763916,1
-6.171058177948,1
2.12924122810364,1
11.8288698196411,1
20.8108520507812,1
28.8026504516602,1
37.2110404968262,1
45.1395721435547,1
48.5682754516602,1
45.2151031494141,1
38.2116012573242,1
32.8330268859863,1
30.6650619506836,1
28.996280670166,1
25.3941135406494,1
20.8246555328369,1
17.9065990447998,1
17.4357128143311,1
17.458158493042,1
15.5776948928833,1
11.8272399902344,1
8.76602268218994,1
8.22318172454834,1
8.61303043365479,1
7.02995109558105,1
3.8250527381897,1
2.68213582038879,1
5.1131534576416,1
7.31140851974487,1
4.74157428741455,1
-1.74349892139435,1
-7.15076923370361,1
-8.99208068847656,1
-9.80241107940674,1
-12.9168853759766,1
-18.4682102203369,1
-24.550594329834,1
-30.279203414917,1
-36.2603378295898,1
-43.1557922363281,1
-50.9324531555176,1
-58.9356422424316,1
-66.0768890380859,1
-71.4635620117188,1
-75.0274887084961,1
-76.8891983032227,1
-76.4717254638672,1
-73.7438507080078,1
-71.2350845336914,1
-72.5217132568359,1
-77.6579742431641,1
-82.0744552612305,1
-81.7433166503906,1
-78.0625915527344,1
-75.6362991333008,1
-76.2258605957031,1
-77.4068450927734,1
-77.1153869628906,1
-76.8846664428711,1
-79.3391799926758,1
-84.1531829833984,1
-88.3091430664062,1
-89.9264526367188,1
-90.213134765625,1
-91.0992660522461,1
-92.0351943969727,1
-90.5812835693359,1
-86.3779678344727,1
-83.0341644287109,1
-84.4116516113281,1
-89.4163131713867,1
-92.5938262939453,1
-90.641975402832,1
-86.3729553222656,1
-84.6396789550781,1
-86.0304565429688,1
-87.1818695068359,1
-86.5779495239258,1
-86.867317199707,1
-90.6612396240234,1
-96.5693588256836,1
-101.003089904785,1
-102.391624450684,1
-102.028945922852,1
-101.685012817383,1
-101.878135681152,1
-102.145492553711,1
-101.922943115234,1
-101.142051696777,1
-100.247459411621,1
-99.242057800293,1
-96.8377304077148,1
-91.6889724731445,1
-84.6305313110352,1
-78.1763305664062,1
-73.2676467895508,1
-68.2728042602539,1
-62.1966781616211,1
-56.9483108520508,1
-54.646900177002,1
-54.14794921875,1
-52.3772850036621,1
-48.1878852844238,1
-42.7958297729492,1
-37.1325454711914,1
-31.1168785095215,1
-25.34840965271,1
-21.2461700439453,1
-19.1654853820801,1
-18.1134967803955,1
-17.6018676757812,1
-18.1948223114014,1
-19.9270038604736,1
-21.6015605926514,1
-21.9350261688232,1
-20.2615051269531,1
-16.3493251800537,1
-11.1397066116333,1
-7.4065260887146,1
-7.37335395812988,1
-9.12527751922607,1
-7.57652473449707,1
-0.129285678267479,1
10.3778123855591,1
19.5690803527832,1
26.5989532470703,1
33.4728164672852,1
40.5584526062012,1
45.2796363830566,1
45.4815711975098,1
42.2931251525879,1
38.7922821044922,1
36.7393836975098,1
35.4964294433594,1
33.7855339050293,1
31.5078144073486,1
29.314079284668,1
26.8469295501709,1
22.5228977203369,1
15.7303304672241,1
8.58657360076904,1
4.21077013015747,1
3.01219391822815,1
1.87357997894287,1
-2.05957937240601,1
-7.48203611373901,1
-10.1808156967163,1
-8.28983974456787,1
-4.95185518264771,1
-4.74343299865723,1
-8.14361476898193,1
-10.9156541824341,1
-8.96506595611572,1
-2.43297243118286,1
5.45611953735352,1
12.0165424346924,1
16.2351207733154,1
17.5368900299072,1
15.7538166046143,1
12.5464477539062,1
11.031644821167,1
13.0825853347778,1
17.8588085174561,1
23.394323348999,1
28.5549354553223,1
32.8730392456055,1
35.6036834716797,1
36.0249176025391,1
34.2430458068848,1
31.0383777618408,1
27.2606582641602,1
23.6946239471436,1
20.8949375152588,1
18.749568939209,1
16.8541297912598,1
15.6265926361084,1
16.0588874816895,1
17.678014755249,1
17.7952823638916,1
14.0718126296997,1
7.42824745178223,1
1.17005503177643,1
-2.76962804794312,1
-5.58538866043091,1
-9.21227741241455,1
-13.1435947418213,1
-14.7665424346924,1
-12.9774799346924,1
-10.4001979827881,1
-10.7541599273682,1
-14.0771894454956,1
-16.149938583374,1
-13.6124334335327,1
-8.1416072845459,1
-3.61490678787231,1
-0.284294724464417,1
4.9926061630249,1
12.3864345550537,1
16.6449432373047,1
13.4763565063477,1
6.06678009033203,1
1.93985652923584,1
4.11614418029785,1
8.51384353637695,1
10.2114591598511,1
9.18458080291748,1
8.50293922424316,1
9.21537590026855,1
9.43816184997559,1
7.8834342956543,1
6.20724630355835,1
7.18010759353638,1
11.41282081604,1
16.7877197265625,1
21.1814079284668,1
25.0060768127441,1
30.1428928375244,1
36.4759674072266,1
40.9827919006348,1
41.3530464172363,1
39.478702545166,1
39.6314239501953,1
43.5001106262207,1
48.8776664733887,1
53.413818359375,1
57.5400733947754,1
62.4623870849609,1
66.7832489013672,1
67.0769195556641,1
61.7345886230469,1
53.0604209899902,1
45.2825126647949,1
40.9135475158691,1
39.0320053100586,1
36.8267135620117,1
32.7932968139648,1
28.1988201141357,1
24.943115234375,1
22.4608287811279,1
18.2430839538574,1
11.8108882904053,1
6.43440771102905,1
5.51214599609375,1
8.4497709274292,1
11.9968090057373,1
14.9115924835205,1
18.8088779449463,1
24.108226776123,1
27.7911911010742,1
26.9288291931152,1
22.8529148101807,1
19.5553569793701,1
18.4802589416504,1
17.2439708709717,1
13.903904914856,1
10.2008323669434,1
8.9154224395752,1
9.31453800201416,1
7.47502422332764,1
1.21422803401947,1
-7.02217483520508,1
-12.8223934173584,1
-14.1616668701172,1
-12.3846292495728,1
-10.0021553039551,1
-8.84457874298096,1
-10.0014982223511,1
-14.1670217514038,1
-21.3826465606689,1
-30.6790790557861,1
-40.198486328125,1
-47.8675956726074,1
-52.4968070983887,1
-54.5467567443848,1
-55.4344062805176,1
-55.8726005554199,1
-55.5366706848145,1
-54.6913070678711,1
-55.0336112976074,1
-57.7204132080078,1
-61.1520919799805,1
-62.2710571289062,1
-60.269100189209,1
-57.8188362121582,1
-58.0869789123535,1
-61.2888145446777,1
-64.8350524902344,1
-66.5194778442383,1
-66.8806686401367,1
-68.1090698242188,1
-70.7744293212891,1
-72.3726501464844,1
-70.0505065917969,1
-64.5747756958008,1
-60.0674743652344,1
-59.1567802429199,1
-60.0199699401855,1
-59.6641731262207,1
-58.5493278503418,1
-59.3825950622559,1
-62.0169906616211,1
-62.8144111633301,1
-59.8641319274902,1
-55.9219627380371,1
-54.3701171875,1
-54.5575408935547,1
-53.7346878051758,1
-52.1720161437988,1
-53.1351280212402,1
-57.7803001403809,1
-62.9821662902832,1
-65.286491394043,1
-64.8844528198242,1
-64.1650695800781,1
-63.869457244873,1
-62.5909156799316,1
-59.4031944274902,1
-55.1783294677734,1
-51.3464317321777,1
-48.7336730957031,1
-47.7195510864258,1
-48.3425064086914,1
-50.0342140197754,1
-52.1667289733887,1
-54.7541809082031,1
-57.4169502258301,1
-57.9368743896484,1
-53.906364440918,1
-46.3962707519531,1
-39.8432655334473,1
-36.9310531616211,1
-35.4366035461426,1
-31.9725208282471,1
-27.0433731079102,1
-23.6144752502441,1
-21.7623405456543,1
-18.3215560913086,1
-12.2260856628418,1
-6.861572265625,1
-5.49381542205811,1
-6.7491135597229,1
-6.68573045730591,1
-3.77523851394653,1
0.317629873752594,1
3.86477041244507,1
6.58343553543091,1
8.18537902832031,1
7.6899938583374,1
5.08912038803101,1
2.41676688194275,1
1.99253594875336,1
3.86178994178772,1
5.68452215194702,1
5.31594038009644,1
3.23430824279785,1
2.05415678024292,1
3.37487745285034,1
5.37298631668091,1
4.28466033935547,1
-1.40215814113617,1
-8.87801456451416,1
-13.7139053344727,1
-14.1332530975342,1
-11.7917537689209,1
-8.69338798522949,1
-4.7076678276062,1
1.21600806713104,1
8.29006385803223,1
13.703516960144,1
15.5704669952393,1
15.3783264160156,1
16.7065677642822,1
21.4505729675293,1
27.9880065917969,1
33.6075897216797,1
38.1605262756348,1
43.9348564147949,1
51.5337295532227,1
57.4789962768555,1
57.7389869689941,1
53.1459350585938,1
49.0369110107422,1
48.8713607788086,1
50.3836898803711,1
49.684196472168,1
47.245418548584,1
46.8912887573242,1
49.508472442627,1
51.2482528686523,1
48.9374732971191,1
44.2283935546875,1
40.2759895324707,1
36.6909790039062,1
31.029878616333,1
24.2444534301758,1
20.7603092193604,1
22.0596885681152,1
23.10888671875,1
17.5418510437012,1
5.19034147262573,1
-7.77080488204956,1
-15.8324794769287,1
-19.1569290161133,1
-21.1880378723145,1
-23.5347709655762,1
-25.2093563079834,1
-25.997200012207,1
-28.0050525665283,1
-33.0346183776855,1
-39.9805755615234,1
-45.9810943603516,1
-49.1744117736816,1
-49.2545204162598,1
-46.2915840148926,1
-40.5503807067871,1
-33.1516914367676,1
-25.6857032775879,1
-19.3469085693359,1
-15.1218490600586,1
-13.7712287902832,1
-14.2550849914551,1
-13.4392251968384,1
-9.63452911376953,1
-5.56645393371582,1
-4.9732608795166,1
-6.68390703201294,1
-5.70217704772949,1
-0.777811229228973,1
3.10881376266479,1
1.85172355175018,1
-1.76493036746979,1
-2.39931035041809,1
0.102424249053001,1
1.32365584373474,1
-0.697520315647125,1
-3.41635394096375,1
-4.92374086380005,1
-7.22034454345703,1
-12.8762636184692,1
-21.0697269439697,1
-28.6522178649902,1
-33.469310760498,1
-35.2675666809082,1
-34.7876167297363,1
-33.4453887939453,1
-32.950855255127,1
-33.9857215881348,1
-35.9005928039551,1
-38.3943557739258,1
-42.2344360351562,1
-47.2242088317871,1
-50.9224891662598,1
-51.2319068908691,1
-49.2126731872559,1
-47.0620346069336,1
-44.0656890869141,1
-37.6925010681152,1
-29.0570411682129,1
-23.685188293457,1
-24.6444644927979,1
-27.5793075561523,1
-25.8090496063232,1
-18.8694248199463,1
-12.2411050796509,1
-8.96514797210693,1
-5.80915069580078,1
0.708852052688599,1
8.1059513092041,1
10.8763608932495,1
7.89555501937866,1
3.7228217124939,1
2.94130063056946,1
5.83750343322754,1
9.9678783416748,1
13.7123050689697,1
17.0493469238281,1
19.8945198059082,1
20.9485950469971,1
18.4585971832275,1
12.1434946060181,1
4.3030743598938,1
-1.64630734920502,1
-4.19373178482056,1
-4.57360553741455,1
-3.99241971969604,1
-1.26795184612274,1
5.02584552764893,1
12.6185264587402,1
16.1614379882812,1
12.8083419799805,1
5.77373218536377,1
0.960099756717682,1
0.630900144577026,1
1.74194943904877,1
0.451000034809113,1
-3.28299880027771,1
-6.71311330795288,1
-9.00574779510498,1
-12.6735486984253,1
-19.3149356842041,1
-25.7402973175049,1
-26.8054313659668,1
-21.713062286377,1
-14.8488025665283,1
-9.85707569122314,1
-5.78802394866943,1
-0.872063755989075,1
2.54237055778503,1
0.168030202388763,1
-8.00015926361084,1
-16.9470024108887,1
-22.4975662231445,1
-25.2859039306641,1
-28.0044174194336,1
-31.0363864898682,1
-32.6099739074707,1
-32.1540260314941,1
-31.7269401550293,1
-34.0669860839844,1
-39.904182434082,1
-47.1072998046875,1
-52.2604446411133,1
-53.4770050048828,1
-51.8527069091797,1
-49.7496147155762,1
-47.8477020263672,1
-44.9717254638672,1
-41.0036544799805,1
-38.3738441467285,1
-39.357120513916,1
-42.7769165039062,1
-45.0840606689453,1
-44.6311340332031,1
-43.3310890197754,1
-43.6884689331055,1
-45.7243728637695,1
-47.9804649353027,1
-50.4301910400391,1
-54.431396484375,1
-59.6929588317871,1
-63.0844268798828,1
-61.601505279541,1
-55.690185546875,1
-48.5031700134277,1
-42.3078308105469,1
-36.9071998596191,1
-31.7147102355957,1
-28.0905017852783,1
-28.5098648071289,1
-33.4557189941406,1
-39.836353302002,1
-43.1261711120605,1
-41.3280754089355,1
-36.5433540344238,1
-32.2913475036621,1
-29.8340396881104,1
-28.2416286468506,1
-27.7503395080566,1
-30.8451881408691,1
-38.7217102050781,1
-48.3293952941895,1
-55.0574722290039,1
-57.6170997619629,1
-58.1585578918457,1
-58.125057220459,1
-56.7486419677734,1
-54.0223999023438,1
-52.2471046447754,1
-52.9390640258789,1
-54.1350517272949,1
-52.7750282287598,1
-48.6254196166992,1
-43.9018974304199,1
-39.6787261962891,1
-34.7079620361328,1
-27.9407787322998,1
-20.6869297027588,1
-15.5808181762695,1
-13.8781490325928,1
-13.9461908340454,1
-12.2600812911987,1
-6.27056789398193,1
3.29843091964722,1
13.3191175460815,1
21.5287685394287,1
28.0620574951172,1
33.4372291564941,1
36.6050071716309,1
36.4719581604004,1
34.3219108581543,1
32.716926574707,1
32.2429885864258,1
31.3080425262451,1
29.4162006378174,1
28.6466369628906,1
30.7600250244141,1
34.0816612243652,1
34.6658363342285,1
30.2651138305664,1
22.3155498504639,1
14.1712379455566,1
8.04787921905518,1
3.80126094818115,1
0.353658884763718,1
-2.12055492401123,1
-2.07806396484375,1
0.89865243434906,1
4.20661163330078,1
4.22803544998169,1
0.501340210437775,1
-3.34209275245667,1
-3.58102512359619,1
-0.444111377000809,1
2.85607671737671,1
4.40294790267944,1
5.30637836456299,1
6.983811378479,1
8.2876148223877,1
6.70317935943604,1
1.98136913776398,1
-2.95542860031128,1
-5.41803169250488,1
-6.28224897384644,1
-8.65073299407959,1
-13.5284309387207,1
-18.5031490325928,1
-21.2892990112305,1
-22.9248523712158,1
-25.9053764343262,1
-30.2082195281982,1
-33.3511734008789,1
-34.2394714355469,1
-34.6065979003906,1
-35.8431358337402,1
-36.4622230529785,1
-34.3385429382324,1
-30.1880283355713,1
-26.9794616699219,1
-26.4551906585693,1
-27.8618087768555,1
-29.802848815918,1
-31.6883239746094,1
-33.2596893310547,1
-34.0950393676758,1
-33.8610954284668,1
-32.0421524047852,1
-27.6504516601562,1
-20.7713222503662,1
-14.2834453582764,1
-11.7731533050537,1
-12.9503927230835,1
-13.3471212387085,1
-9.95634651184082,1
-4.99382972717285,1
-1.99867916107178,1
-0.427701741456985,1
2.45111298561096,1
5.56383752822876,1
4.41184997558594,1
-1.96199607849121,1
-8.62794303894043,1
-11.3870143890381,1
-12.1583185195923,1
-14.7345457077026,1
-18.010498046875,1
-17.6905364990234,1
-13.6308670043945,1
-11.1123008728027,1
-14.1509494781494,1
-20.764705657959,1
-25.9570026397705,1
-26.8746662139893,1
-23.8234596252441,1
-18.4149875640869,1
-12.4211692810059,1
-7.29443645477295,1
-3.69426822662354,1
-2.20590376853943,1
-4.37091207504272,1
-10.8650178909302,1
-18.2393379211426,1
-20.4568367004395,1
-15.5721912384033,1
-8.54565906524658,1
-5.05358600616455,1
-4.61365413665771,1
-2.94150996208191,1
0.609398484230042,1
2.29075622558594,1
0.574954688549042,1
-0.829913198947906,1
1.78658199310303,1
7.19506168365479,1
11.8222274780273,1
14.7693681716919,1
17.3244781494141,1
19.0054836273193,1
17.4785480499268,1
12.4514093399048,1
6.95857048034668,1
3.94764113426208,1
3.3702220916748,1
3.51402306556702,1
3.722332239151,1
4.52489376068115,1
5.81664657592773,1
6.09534168243408,1
3.52144885063171,1
-2.60146307945251,1
-11.0680637359619,1
-19.2841625213623,1
-25.1903514862061,1
-29.1217823028564,1
-33.1185188293457,1
-37.9041290283203,1
-41.5031967163086,1
-42.0037879943848,1
-41.0049667358398,1
-42.4849739074707,1
-47.9056777954102,1
-54.1036834716797,1
-57.1539077758789,1
-57.1146659851074,1
-57.1431045532227,1
-58.2696647644043,1
-57.3354301452637,1
-51.3509178161621,1
-42.4645004272461,1
-36.4131088256836,1
-35.9651260375977,1
-37.8708419799805,1
-37.3875694274902,1
-34.2709465026855,1
-32.218090057373,1
-32.9662284851074,1
-33.6956481933594,1
-31.385648727417,1
-27.5440235137939,1
-26.2667465209961,1
-28.5332698822021,1
-31.1404190063477,1
-31.6093883514404,1
-31.5897331237793,1
-33.8882904052734,1
-37.9058570861816,1
-40.3341789245605,1
-39.9042167663574,1
-39.2231483459473,1
-41.2502822875977,1
-45.3545761108398,1
-47.9390068054199,1
-46.5264320373535,1
-42.4697380065918,1
-39.5458335876465,1
-40.0814933776855,1
-42.6654167175293,1
-44.043155670166,1
-43.2267074584961,1
-42.690803527832,1
-44.7163200378418,1
-47.659496307373,1
-47.5833511352539,1
-43.0958709716797,1
-36.3825225830078,1
-29.3115882873535,1
-21.1413478851318,1
-11.3161706924438,1
-2.09366083145142,1
3.97106242179871,1
7.78037691116333,1
12.4421987533569,1
18.9384212493896,1
25.4528007507324,1
30.784574508667,1
35.93994140625,1
41.7663345336914,1
46.9492492675781,1
49.3258323669434,1
48.1904754638672,1
44.9377021789551,1
42.2649078369141,1
42.4527778625488,1
45.0690650939941,1
46.703441619873,1
44.7030830383301,1
40.813289642334,1
38.8514442443848,1
38.9522743225098,1
37.1781578063965,1
31.5906181335449,1
25.4714641571045,1
22.742395401001,1
23.0432872772217,1
23.7926139831543,1
24.649829864502,1
26.7059497833252,1
28.8439025878906,1
28.5141410827637,1
25.725118637085,1
23.1886863708496,1
22.4846954345703,1
22.7648277282715,1
23.369047164917,1
25.0337734222412,1
27.9899044036865,1
31.2631568908691,1
34.5042457580566,1
38.2865676879883,1
41.9506912231445,1
43.5335426330566,1
42.8146591186523,1
42.1040725708008,1
42.7601051330566,1
43.302547454834,1
42.6590538024902,1
42.793888092041,1
45.4489898681641,1
48.1111526489258,1
46.5909576416016,1
40.924560546875,1
35.3796081542969,1
32.5039558410645,1
30.5274696350098,1
27.7123794555664,1
25.9920845031738,1
27.6699924468994,1
30.3796367645264,1
28.5839023590088,1
20.0903778076172,1
8.6629753112793,1
-0.529383599758148,1
-6.22104549407959,1
-10.6874723434448,1
-15.5923461914062,1
-20.2487277984619,1
-23.8284606933594,1
-27.2576942443848,1
-31.7817306518555,1
-36.680736541748,1
-39.8106346130371,1
-40.0931358337402,1
-38.1557426452637,1
-34.5474395751953,1
-28.9180355072021,1
-21.6695137023926,1
-15.0077705383301,1
-10.9220809936523,1
-8.75353813171387,1
-6.14843845367432,1
-2.12067174911499,1
2.18750929832458,1
5.63863039016724,1
8.41801929473877,1
10.9093971252441,1
12.7553682327271,1
13.7251710891724,1
14.1860065460205,1
13.8002319335938,1
11.1143636703491,1
5.94135522842407,1
1.2213191986084,1
0.646216452121735,1
4.69034576416016,1
10.6841802597046,1
16.6218032836914,1
22.7246646881104,1
28.7545776367188,1
32.2629776000977,1
31.3429698944092,1
27.5373649597168,1
23.7265186309814,1
19.9748859405518,1
14.0557374954224,1
5.99586153030396,1
-0.801077425479889,1
-4.12371969223022,1
-6.30887174606323,1
-11.0470304489136,1
-18.2283554077148,1
-24.0996112823486,1
-25.8049163818359,1
-23.6530170440674,1
-19.1853656768799,1
-13.2409677505493,1
-6.41221952438354,1
0.308455407619476,1
6.08783435821533,1
10.4249496459961,1
12.6562938690186,1
12.7641696929932,1
12.9017772674561,1
16.26145362854,1
23.6242866516113,1
32.6179580688477,1
41.1434326171875,1
49.5323524475098,1
57.8944816589355,1
63.4054946899414,1
62.8756256103516,1
57.3040199279785,1
51.4813270568848,1
49.0097351074219,1
49.4800796508789,1
50.6168518066406,1
51.3626403808594,1
52.1494941711426,1
53.3835792541504,1
54.7247352600098,1
55.7134132385254,1
56.6777572631836,1
58.6428527832031,1
61.849235534668,1
64.6291427612305,1
65.0184707641602,1
63.7494621276855,1
63.9252662658691,1
66.6818923950195,1
68.9033813476562,1
67.0695495605469,1
62.0972213745117,1
58.0518531799316,1
56.6272506713867,1
55.3094177246094,1
51.2330894470215,1
44.8593063354492,1
39.0112533569336,1
35.311637878418,1
32.2311058044434,1
26.4636116027832,1
16.4235897064209,1
4.48215246200562,1
-5.08985376358032,1
-10.4768524169922,1
-13.0281801223755,1
-13.4707937240601,1
-10.4817981719971,1
-4.78218126296997,1
-1.23232567310333,1
-3.15657806396484,1
-6.93815326690674,1
-6.79574489593506,1
-3.4268741607666,1
-2.52834439277649,1
-5.069739818573,1
-5.20565032958984,1
0.365280032157898,1
6.5211181640625,1
6.58453178405762,1
0.99852842092514,1
-4.74759769439697,1
-7.89782571792603,1
-9.88611125946045,1
-11.7219944000244,1
-12.1851720809937,1
-10.5472974777222,1
-8.10867595672607,1
-6.65037155151367,1
-6.98429536819458,1
-8.67600536346436,1
-9.82551002502441,1
-8.05083656311035,1
-3.36910891532898,1
0.836374223232269,1
1.46611595153809,1
-0.660429954528809,1
-2.597496509552,1
-3.46695733070374,1
-4.57949066162109,1
-6.36676692962646,0
-7.82885885238647,0
-8.53286933898926,0
-8.57993602752686,0
-6.91597270965576,0
-2.42436146736145,0
3.25991821289062,0
6.80385112762451,0
7.46575355529785,0
7.66799259185791,0
8.65929222106934,0
8.45693302154541,0
5.41817426681519,0
1.25283110141754,0
-1.47535014152527,0
-2.87404656410217,0
-4.54252147674561,0
-6.26937532424927,0
-6.3237133026123,0
-4.46780776977539,0
-2.53988432884216,0
-2.03473806381226,0
-2.74928593635559,0
-3.98660373687744,0
-5.65148735046387,0
-7.64241552352905,0
-9.17778968811035,0
-9.41707420349121,0
-8.28865909576416,0
-6.23290920257568,0
-3.44981479644775,0
0.0972159877419472,0
4.04070663452148,0
7.58395719528198,0
10.4449090957642,0
13.3545913696289,0
16.9552097320557,0
20.5333366394043,0
22.903491973877,0
24.483455657959,0
27.0156307220459,0
30.8189353942871,0
34.1219787597656,0
36.2259635925293,0
39.4185600280762,0
45.7488822937012,0
53.3774566650391,0
58.6774291992188,0
61.0382423400879,0
62.7853088378906,0
64.8628997802734,0
65.7358932495117,0
64.6351623535156,0
62.6178665161133,0
59.7678031921387,0
54.6765785217285,0
48.0104637145996,0
43.3810958862305,0
42.6135864257812,0
42.798454284668,0
40.4088249206543,0
36.0862236022949,0
32.6607093811035,0
30.2925128936768,0
26.7258586883545,0
21.3351764678955,0
15.7712774276733,0
10.8019256591797,0
5.27935314178467,0
-1.39425611495972,0
-7.98474073410034,0
-13.2674007415771,0
-17.6086673736572,0
-22.1124534606934,0
-27.2133274078369,0
-32.4294624328613,0
-36.7588958740234,0
-39.3752899169922,0
-40.6846961975098,0
-42.3409957885742,0
-45.2220306396484,0
-47.7847595214844,0
-47.6755905151367,0
-44.7673377990723,0
-41.2628135681152,0
-38.8112487792969,0
-37.0026817321777,0
-35.1254997253418,0
-33.9822082519531,0
-34.8472938537598,0
-37.2683792114258,0
-39.1052589416504,0
-38.9338645935059,0
-37.6611328125,0
-37.1643867492676,0
-37.6265563964844,0
-37.1350364685059,0
-34.2903594970703,0
-30.3131942749023,0
-27.5405693054199,0
-26.3562145233154,0
-25.0259017944336,0
-22.5445957183838,0
-20.0053672790527,0
-18.399055480957,0
-16.2993850708008,0
-10.9979286193848,0
-1.68267118930817,0
9.23093509674072,0
17.9554195404053,0
22.3920421600342,0
23.5270881652832,0
23.773344039917,0
24.0157737731934,0
23.1868629455566,0
21.1921730041504,0
20.6222724914551,0
23.756929397583,0
28.9760246276855,0
32.5523071289062,0
33.3666191101074,0
33.0090637207031,0
31.5090579986572,0
26.6120834350586,0
18.1499557495117,0
9.4653148651123,0
2.59527492523193,0
-4.7726035118103,0
-15.0704441070557,0
-26.4060459136963,0
-35.4225044250488,0
-42.309513092041,0
-49.3381195068359,0
-55.9362640380859,0
-59.2570114135742,0
-59.1807899475098,0
-58.8174705505371,0
-59.5085525512695,0
-58.7500915527344,0
-54.3132743835449,0
-47.7495231628418,0
-42.2091598510742,0
-38.6236724853516,0
-35.5736770629883,0
-31.6893653869629,0
-26.8287773132324,0
-21.6117553710938,0
-16.7979755401611,0
-12.7942371368408,0
-9.34504318237305,0
-5.97900438308716,0
-2.55933403968811,0
1.25259006023407,0
6.49138212203979,0
13.4817066192627,0
20.2601070404053,0
24.1149559020996,0
24.7586669921875,0
24.2110481262207,0
23.38157081604,0
20.9361095428467,0
16.287467956543,0
11.44211769104,0
8.36551570892334,0
6.33980417251587,0
3.86775302886963,0
1.81744515895844,0
2.30518674850464,0
4.99423217773438,0
6.79129600524902,0
5.45561647415161,0
1.83989500999451,0
-1.75615215301514,0
-3.96117663383484,0
-4.53198575973511,0
-3.46998071670532,0
-0.886497974395752,0
2.71376538276672,0
6.49673795700073,0
9.42283248901367,0
10.4848136901855,0
9.6459436416626,0
8.55991172790527,0
9.2469367980957,0
11.5997095108032,0
13.2371397018433,0
12.5815439224243,0
11.1310863494873,0
11.5256156921387,0
13.9898862838745,0
16.1800746917725,0
16.4310836791992,0
15.482889175415,0
14.4461755752563,0
12.7121658325195,0
9.31403350830078,0
5.32116937637329,0
2.89218282699585,0
2.0765974521637,0
0.575527489185333,0
-2.67864656448364,0
-5.54362154006958,0
-5.60631132125854,0
-3.71115684509277,0
-2.71398830413818,0
-3.53561782836914,0
-4.59723472595215,0
-4.92905712127686,0
-5.40145874023438,0
-6.26775455474854,0
-5.85564088821411,0
-3.22477698326111,0
-0.367380857467651,0
0.22042278945446,0
-0.976869940757751,0
-1.63429307937622,0
-1.57687497138977,0
-3.1196460723877,0
-7.18377447128296,0
-11.4402093887329,0
-13.3883399963379,0
-13.5451231002808,0
-14.2278184890747,0
-16.4429740905762,0
-19.4869594573975,0
-22.7262191772461,0
-26.0715560913086,0
-29.0439949035645,0
-30.9497985839844,0
-31.9715137481689,0
-32.7301063537598,0
-32.7851867675781,0
-31.1591243743896,0
-28.7025947570801,0
-28.1925392150879,0
-30.9832954406738,0
-34.8634033203125,0
-36.7217864990234,0
-36.5847396850586,0
-37.4003562927246,0
-41.0510101318359,0
-46.1046676635742,0
-49.7263221740723,0
-50.5602645874023,0
-49.2963371276855,0
-47.4197845458984,0
-46.0316200256348,0
-45.2772445678711,0
-44.4456176757812,0
-43.0111770629883,0
-41.6657981872559,0
-41.6343383789062,0
-42.8448143005371,0
-43.7408866882324,0
-43.4103469848633,0
-43.046573638916,0
-44.5234031677246,0
-48.0419883728027,0
-51.9640350341797,0
-54.7307891845703,0
-56.2969627380371,0
-57.6633186340332,0
-59.3616409301758,0
-60.585563659668,0
-60.014347076416,0
-57.5796508789062,0
-54.7848930358887,0
-52.5994453430176,0
-49.7666091918945,0
-44.5575065612793,0
-37.7209396362305,0
-31.7050838470459,0
-26.816499710083,0
-20.4889259338379,0
-11.36927318573,0
-1.9776086807251,0
4.34809970855713,0
7.4577898979187,0
9.44629859924316,0
11.1841554641724,0
12.1210908889771,0
12.5747680664062,0
13.5910844802856,0
14.7441368103027,0
14.4966239929199,0
13.0154123306274,0
12.5307712554932,0
14.3231105804443,0
17.0148658752441,0
18.4321880340576,0
17.819149017334,0
15.8629875183105,0
13.9395933151245,0
13.698881149292,0
15.9511423110962,0
19.4868354797363,0
22.2897834777832,0
24.1651554107666,0
26.5757312774658,0
29.577392578125,0
31.0042610168457,0
29.6501445770264,0
27.2098770141602,0
25.5152893066406,0
23.6280746459961,0
19.7756042480469,0
14.8891773223877,0
11.6370868682861,0
10.3400363922119,0
8.47180461883545,0
4.79894924163818,0
1.8671886920929,0
3.02168655395508,0
8.14298915863037,0
13.761266708374,0
16.8927574157715,0
17.3740844726562,0
16.2871494293213,0
13.4990196228027,0
8.08249664306641,0
0.870251715183258,0
-5.07642698287964,0
-7.6298713684082,0
-8.37889003753662,0
-10.7572317123413,0
-15.5723896026611,0
-19.9827060699463,0
-21.2404727935791,0
-19.8052234649658,0
-17.8105564117432,0
-15.8949308395386,0
-13.1397714614868,0
-9.38794994354248,0
-5.82238626480103,0
-3.12830948829651,0
-0.406593263149261,0
3.58924174308777,0
8.87085723876953,0
14.3059988021851,0
18.8943157196045,0
22.6241874694824,0
26.2026195526123,0
30.1238994598389,0
34.072151184082,0
37.2315902709961,0
38.9238395690918,0
38.6894302368164,0
36.1807174682617,0
31.7233753204346,0
26.7447681427002,0
22.6004962921143,0
18.9112796783447,0
14.1742172241211,0
8.21667289733887,0
2.727543592453,0
-1.10872769355774,0
-4.00981521606445,0
-6.75046348571777,0
-8.4689769744873,0
-8.30990028381348,0
-7.57277727127075,0
-8.31575012207031,0
-10.3896903991699,0
-11.7538356781006,0
-11.5824699401855,0
-11.2494201660156,0
-12.0218048095703,0
-13.3762264251709,0
-14.0173978805542,0
-13.1524887084961,0
-10.2006769180298,0
-4.56558752059937,0
3.3659131526947,0
11.7319145202637,0
18.458194732666,0
22.7178993225098,0
25.0176258087158,0
26.4587211608887,0
27.9440155029297,0
29.2878589630127,0
29.0761852264404,0
26.3435192108154,0
22.2830085754395,0
18.9762763977051,0
16.4337482452393,0
12.6288957595825,0
6.78065347671509,0
0.492760539054871,0
-5.21015214920044,0
-11.5396547317505,0
-18.8020343780518,0
-23.7337760925293,0
-22.7854766845703,0
-17.0552291870117,0
-11.1872529983521,0
-7.7394905090332,0
-5.27379989624023,0
-2.06922149658203,0
0.962490320205688,0
1.96132338047028,0
0.799812078475952,0
-0.984513580799103,0
-1.85474014282227,0
-1.36230444908142,0
-0.488576620817184,0
-0.905108213424683,0
-2.74574732780457,0
-3.38063097000122,0
0.0183835718780756,0
6.86173295974731,0
13.8659467697144,0
19.187629699707,0
23.5959396362305,0
27.4725341796875,0
29.5005550384521,0
29.4343376159668,0
29.6678562164307,0
32.3308982849121,0
36.5914192199707,0
40.3717994689941,0
42.9969673156738,0
44.401180267334,0
43.4303588867188,0
39.3356246948242,0
34.039665222168,0
30.4728755950928,0
28.7589778900146,0
26.0578002929688,0
20.5139007568359,0
13.7664318084717,0
8.83228206634521,0
6.48372411727905,0
4.61387634277344,0
0.958134591579437,0
-4.2719030380249,0
-8.84817409515381,0
-11.204176902771,0
-11.6098804473877,0
-10.4436283111572,0
-6.94886922836304,0
-1.27947354316711,0
3.53783297538757,0
4.37975883483887,0
2.57115745544434,0
2.81033849716187,0
6.9314603805542,0
11.4409227371216,0
12.4076652526855,0
10.1597700119019,0
7.35414028167725,0
4.75582122802734,0
1.333988904953,0
-3.1127815246582,0
-7.8931736946106,0
-12.8401699066162,0
-17.606143951416,0
-20.7093620300293,0
-21.5636711120605,0
-22.2451133728027,0
-24.5293598175049,0
-26.1497821807861,0
-23.2748279571533,0
-16.4843425750732,0
-10.865062713623,0
-9.53610420227051,0
-10.2040386199951,0
-9.31595039367676,0
-6.69948053359985,0
-4.17824125289917,0
-1.98307430744171,0
0.87070244550705,0
3.99981093406677,0
6.11662626266479,0
7.69034099578857,0
10.8109931945801,0
15.9822044372559,0
20.7240734100342,0
22.2881050109863,0
21.0580406188965,0
20.4988307952881,0
23.7201175689697,0
30.2791481018066,0
36.5661010742188,0
39.5216789245605,0
39.6035308837891,0
39.3850975036621,0
39.6849555969238,0
38.7967185974121,0
36.0025329589844,0
33.7085800170898,0
34.1785278320312,0
35.4906425476074,0
33.4649925231934,0
27.5273323059082,0
21.9636077880859,0
20.3435535430908,0
20.8375835418701,0
18.7817058563232,0
12.5932369232178,0
5.25960636138916,0
0.548874497413635,0
-0.475756824016571,0
0.722417235374451,0
2.09671473503113,0
2.21693468093872,0
0.654640376567841,0
-1.97135305404663,0
-4.55250978469849,0
-6.26932907104492,0
-6.60118913650513,0
-4.94990301132202,0
-1.18198454380035,0
3.43034482002258,0
6.87487030029297,0
8.49386215209961,0
9.6341028213501,0
11.6507558822632,0
13.9892950057983,0
15.0426177978516,0
14.3830060958862,0
13.1056909561157,0
12.0600481033325,0
10.796856880188,0
8.66127586364746,0
6.1514687538147,0
4.45027875900269,0
3.8718466758728,0
3.49287986755371,0
2.46182203292847,0
1.15073478221893,0
0.57841557264328,0
0.791850864887238,0
0.183889701962471,0
-3.30646634101868,0
-10.1686487197876,0
-18.521800994873,0
-25.6578884124756,0
-30.649133682251,0
-35.0519256591797,0
-40.399730682373,0
-45.36181640625,0
-46.6994895935059,0
-43.384693145752,0
-38.3200454711914,0
-34.9252471923828,0
-33.3096122741699,0
-31.4775581359863,0
-29.2760448455811,0
-28.6644973754883,0
-30.1238765716553,0
-31.3341579437256,0
-30.2109889984131,0
-27.189769744873,0
-23.557243347168,0
-19.6216506958008,0
-15.9058179855347,0
-14.0899848937988,0
-14.7724533081055,0
-15.8993005752563,0
-15.667160987854,0
-15.6521100997925,0
-18.4325370788574,0
-23.0431385040283,0
-25.8568572998047,0
-25.8047256469727,0
-25.5455322265625,0
-26.7785835266113,0
-27.3196907043457,0
-24.320255279541,0
-18.2334365844727,0
-11.8879041671753,0
-7.15264177322388,0
-4.11596298217773,0
-2.33049845695496,0
-1.18488812446594,0
0.230255722999573,0
2.21412181854248,0
3.90196299552917,0
4.64432525634766,0
5.27296352386475,0
6.92724227905273,0
9.24419975280762,0
10.7502155303955,0
10.4327964782715,0
7.95429086685181,0
3.14754438400269,0
-3.38222908973694,0
-9.81038761138916,0
-14.6748027801514,0
-18.3562526702881,0
-21.4460277557373,0
-22.262113571167,0
-18.2080135345459,0
-9.76780986785889,0
-0.888766229152679,0
5.5773983001709,0
10.9868078231812,0
18.0747241973877,0
26.4831504821777,0
33.0877990722656,0
36.1929473876953,0
37.3332977294922,0
38.6128730773926,0
40.0362892150879,0
40.5057716369629,0
40.1956367492676,0
40.2548294067383,0
40.466480255127,0
38.9980087280273,0
35.104190826416,0
30.6296443939209,0
27.5738868713379,0
25.1774387359619,0
21.1547012329102,0
15.325511932373,0
9.91055202484131,0
6.03478384017944,0
2.23774194717407,0
-2.52925395965576,0
-6.55168914794922,0
-7.76088190078735,0
-6.94611024856567,0
-6.51398468017578,0
-7.14632940292358,0
-7.8566427230835,0
-8.4666051864624,0
-9.49569034576416,0
-10.0401706695557,0
-8.52458477020264,0
-5.66947937011719,0
-3.93685269355774,0
-3.49268507957458,0
-1.59843063354492,0
2.83620715141296,0
6.89727115631104,0
7.71035385131836,0
6.48606586456299,0
6.24189949035645,0
7.37695455551147,0
8.13502502441406,0
8.06109428405762,0
8.0469970703125,0
7.67062044143677,0
5.51303911209106,0
2.08868956565857,0
-0.339268296957016,0
-1.26870512962341,0
-2.67032170295715,0
-5.39884376525879,0
-7.35756778717041,0
-6.5715217590332,0
-4.04774045944214,0
-1.92038071155548,0
-0.373093515634537,0
1.65350222587585,0
3.79793000221252,0
4.44482851028442,0
3.14277648925781,0
0.973546981811523,0
-1.42864847183228,0
-4.43103218078613,0
-7.61356639862061,0
-9.1142635345459,0
-7.84087800979614,0
-5.41622257232666,0
-4.72369241714478,0
-6.72207689285278,0
-9.56846523284912,0
-10.9452314376831,0
-10.5344038009644,0
-9.83152389526367,0
-9.98403358459473,0
-10.4682016372681,0
-9.9356803894043,0
-7.77507543563843,0
-4.40078783035278,0
-0.31149834394455,0
4.48565626144409,0
9.98264598846436,0
15.5339937210083,0
19.9830665588379,0
22.3356857299805,0
22.4080410003662,0
21.1731815338135,0
20.4026031494141,0
21.32177734375,0
23.3016052246094,0
24.35719871521,0
23.3382663726807,0
21.1762847900391,0
19.4100608825684,0
17.8794727325439,0
14.7597217559814,0
8.88821601867676,0
1.17437505722046,0
-6.62015438079834,0
-13.599440574646,0
-19.4209480285645,0
-22.9788208007812,0
-22.9479923248291,0
-19.9818592071533,0
-16.9963264465332,0
-16.1124572753906,0
-15.9912662506104,0
-13.5021572113037,0
-7.76372623443604,0
-1.13138437271118,0
3.8547351360321,0
6.92180585861206,0
9.04442405700684,0
10.7521591186523,0
12.5750923156738,0
15.6036415100098,0
19.8998413085938,0
23.4239444732666,0
24.3598213195801,0
23.5544986724854,0
22.5421352386475,0
20.1664981842041,0
14.2318544387817,0
6.26302671432495,0
0.905157446861267,0
-0.470373779535294,0
-1.96034371852875,0
-6.82893800735474,0
-12.2981119155884,0
-13.8830261230469,0
-12.4727849960327,0
-12.8911638259888,0
-16.4106311798096,0
-19.0009651184082,0
-17.3714847564697,0
-13.0575695037842,0
-9.44636058807373,0
-7.83224582672119,0
-7.86655807495117,0
-9.32441329956055,0
-11.6230964660645,0
-13.4441823959351,0
-14.4680233001709,0
-16.0557079315186,0
-19.0012855529785,0
-22.2185401916504,0
-24.9030818939209,0
-28.2269058227539,0
-33.294116973877,0
-38.9829750061035,0
-43.5667419433594,0
-47.1407852172852,0
-50.7108955383301,0
-54.1980171203613,0
-57.2543640136719,0
-60.8463516235352,0
-65.8656311035156,0
-70.9795074462891,0
-73.9027938842773,0
-74.2028884887695,0
-73.1130676269531,0
-71.4677963256836,0
-69.728401184082,0
-68.9399185180664,0
-69.2253952026367,0
-68.1817474365234,0
-63.5227890014648,0
-56.8368606567383,0
-51.8472175598145,0
-49.1678848266602,0
-45.9220314025879,0
-40.823314666748,0
-36.3473358154297,0
-34.8541107177734,0
-35.4892807006836,0
-36.3802337646484,0
-37.4294357299805,0
-39.2576904296875,0
-41.3517456054688,0
-42.894603729248,0
-43.8746490478516,0
-44.0712966918945,0
-42.5299224853516,0
-39.2382659912109,0
-35.6281890869141,0
-32.1733818054199,0
-27.3074531555176,0
-20.2028179168701,0
-12.8758497238159,0
-7.88169288635254,0
-5.50666046142578,0
-4.82783842086792,0
-5.66680097579956,0
-7.36159944534302,0
-7.34498405456543,0
-3.72678136825562,0
1.63996767997742,0
5.30170965194702,0
6.79676151275635,0
8.47143173217773,0
11.022424697876,0
12.1213502883911,0
10.1423711776733,0
6.96251630783081,0
5.81975317001343,0
7.60415410995483,0
10.1440591812134,0
10.4677991867065,0
7.40041208267212,0
2.53055453300476,0
-1.27422571182251,0
-2.7184636592865,0
-3.09768748283386,0
-4.06461095809937,0
-5.43824052810669,0
-6.37728691101074,0
