-1.12474536895752,1
0.592863142490387,1
3.32257103919983,1
5.04109287261963,1
4.02642965316772,1
1.97874522209167,1
2.03565168380737,1
3.97470164299011,1
3.85591888427734,1
-0.565027356147766,1
-6.23558282852173,1
-8.65747356414795,1
-7.92146968841553,1
-8.07963562011719,1
-10.8039150238037,1
-12.934515953064,1
-11.6231851577759,1
-9.09033012390137,1
-9.5262336730957,1
-12.7182512283325,1
-14.0191221237183,1
-10.6040916442871,1
-4.66272354125977,1
0.655228316783905,1
5.68242502212524,1
12.4073343276978,1
19.9697570800781,1
24.9269409179688,1
25.8903274536133,1
25.5005340576172,1
27.0303401947021,1
30.606502532959,1
33.8302230834961,1
35.1990699768066,1
35.7582893371582,1
37.5025062561035,1
40.8535194396973,1
44.0230178833008,1
44.9288940429688,1
43.7137641906738,1
42.9791221618652,1
45.1973190307617,1
50.3541946411133,1
56.7587013244629,1
63.5952911376953,1
71.3986053466797,1
80.0243072509766,1
87.6736145019531,1
92.8093185424805,1
96.154182434082,1
99.7190475463867,1
104.208206176758,1
108.446807861328,1
111.536895751953,1
114.695182800293,1
120.084754943848,1
127.747406005859,1
134.448516845703,1
136.553588867188,1
134.235504150391,1
131.872634887695,1
133.475433349609,1
138.382446289062,1
142.588012695312,1
143.765701293945,1
143.176055908203,1
142.398773193359,1
140.402221679688,1
135.630935668945,1
129.855590820312,1
127.451843261719,1
130.256912231445,1
134.840423583984,1
136.257568359375,1
133.73551940918,1
130.962875366211,1
130.674880981445,1
130.903121948242,1
128.078262329102,1
122.599670410156,1
118.729644775391,1
118.681396484375,1
119.477973937988,1
117.404312133789,1
113.59455871582,1
112.405471801758,1
114.942405700684,1
117.30850982666,1
116.037208557129,1
112.782646179199,1
111.953712463379,1
115.085639953613,1
119.33031463623,1
121.032821655273,1
119.351219177246,1
116.220756530762,1
113.681205749512,1
111.837364196777,1
109.542129516602,1
106.869575500488,1
106.086540222168,1
109.334251403809,1
115.857475280762,1
122.916244506836,1
129.441741943359,1
137.167266845703,1
147.550369262695,1
159.190246582031,1
169.62158203125,1
178.659255981445,1
188.353775024414,1
199.826522827148,1
211.367462158203,1
219.758544921875,1
222.589599609375,1
219.083953857422,1
209.47590637207,1
194.414154052734,1
175.274719238281,1
154.749542236328,1
136.100631713867,1
120.791999816895,1
107.12663269043,1
92.4801864624023,1
76.9932556152344,1
63.543399810791,1
53.4131736755371,1
43.6505966186523,1
30.34255027771,1
13.5649337768555,1
-2.8982195854187,1
-16.6572074890137,1
-29.601734161377,1
-44.8665466308594,1
-62.1985740661621,1
-77.8204116821289,1
-88.8909149169922,1
-96.9481811523438,1
-105.959434509277,1
-117.237800598145,1
-127.754692077637,1
-134.366592407227,1
-138.297698974609,1
-143.247924804688,1
-149.638687133789,1
-153.878845214844,1
-154.26237487793,1
-154.389343261719,1
-158.310577392578,1
-164.718215942383,1
-169.275619506836,1
-171.177795410156,1
-173.451156616211,1
-177.113555908203,1
-179.197387695312,1
-177.636795043945,1
-174.721054077148,1
-173.920761108398,1
-175.676040649414,1
-177.959228515625,1
-179.038116455078,1
-178.23371887207,1
-175.745819091797,1
-172.977264404297,1
-171.210571289062,1
-169.063934326172,1
-163.754501342773,1
-156.076965332031,1
-150.873809814453,1
-150.27897644043,1
-149.825103759766,1
-144.732879638672,1
-137.144989013672,1
-132.452423095703,1
-130.430999755859,1
-125.771797180176,1
-117.155296325684,1
-109.845726013184,1
-107.618705749512,1
-107.221969604492,1
-103.762916564941,1
-97.6698684692383,1
-92.7076873779297,1
-89.7573852539062,1
-86.445930480957,1
-81.6935653686523,1
-77.2604141235352,1
-75.119514465332,1
-75.7206192016602,1
-78.5320281982422,1
-82.3027191162109,1
-85.1904449462891,1
-86.4281234741211,1
-87.3813247680664,1
-89.3467254638672,1
-91.2308120727539,1
-91.5048522949219,1
-91.5047225952148,1
-93.9122543334961,1
-98.1489868164062,1
-100.361106872559,1
-98.6434707641602,1
-95.4578475952148,1
-93.6527938842773,1
-92.7166900634766,1
-90.951774597168,1
-89.3209838867188,1
-90.4537963867188,1
-94.585090637207,1
-98.8953018188477,1
-101.071449279785,1
-101.839363098145,1
-103.381072998047,1
-106.217315673828,1
-108.459106445312,1
-108.194648742676,1
-106.329704284668,1
-106.284774780273,1
-110.039932250977,1
-115.099098205566,1
-117.087303161621,1
-115.295074462891,1
-113.291931152344,1
-113.231178283691,1
-112.341781616211,1
-107.411697387695,1
-100.652114868164,1
-97.6479263305664,1
-100.048561096191,1
-103.630195617676,1
-104.076164245605,1
-101.776756286621,1
-99.6998977661133,1
-98.7995071411133,1
-97.3340072631836,1
-93.6000061035156,1
-87.9214477539062,1
-82.3998336791992,1
-79.2728576660156,1
-78.8242263793945,1
-78.7208023071289,1
-76.5448684692383,1
-73.1263961791992,1
-71.7158508300781,1
-73.385124206543,1
-75.3542938232422,1
-75.1257476806641,1
-74.1617126464844,1
-75.2648086547852,1
-77.8271026611328,1
-78.6072616577148,1
-76.8991394042969,1
-76.0728530883789,1
-79.2214965820312,1
-85.3718032836914,1
-91.1433792114258,1
-94.6800231933594,1
-96.6414184570312,1
-98.2429504394531,1
-99.7480697631836,1
-100.829032897949,1
-101.53443145752,1
-102.487869262695,1
-104.052848815918,1
-105.408241271973,1
-105.223022460938,1
-103.92652130127,1
-104.319686889648,1
-108.213981628418,1
-112.96940612793,1
-113.873710632324,1
-110.376480102539,1
-107.092193603516,1
-107.108535766602,1
-107.287940979004,1
-103.31078338623,1
-97.2824325561523,1
-95.8963165283203,1
-101.157035827637,1
-107.257446289062,1
-108.14924621582,1
-104.68822479248,1
-101.802734375,1
-101.221328735352,1
-100.417587280273,1
-97.7657623291016,1
-95.3994598388672,1
-96.2868118286133,1
-100.438743591309,1
-104.953193664551,1
-106.89151763916,1
-105.529640197754,1
-102.296104431152,1
-98.9723281860352,1
-96.0611877441406,1
-93.0584259033203,1
-89.9540863037109,1
-87.3720779418945,1
-84.9416580200195,1
-80.8629913330078,1
-74.0757064819336,1
-65.8928680419922,1
-58.3592338562012,1
-51.8373527526855,1
-45.56591796875,1
-39.9426345825195,1
-36.599006652832,1
-36.2769470214844,1
-37.9584770202637,1
-40.1529922485352,1
-41.9473724365234,1
-42.8073196411133,1
-42.478385925293,1
-41.2545509338379,1
-39.5885391235352,1
-37.699161529541,1
-36.4911003112793,1
-38.1494216918945,1
-43.9463157653809,1
-51.535831451416,1
-56.6033897399902,1
-57.8580741882324,1
-58.3627014160156,1
-60.8689842224121,1
-64.0376510620117,1
-65.3405303955078,1
-66.005729675293,1
-69.9483184814453,1
-77.9006652832031,1
-85.5370712280273,1
-88.5903930664062,1
-87.7898406982422,1
-86.9883422851562,1
-87.5898590087891,1
-87.0373458862305,1
-83.0204010009766,1
-77.4698181152344,1
-75.0680694580078,1
-78.107421875,1
-83.9605331420898,1
-88.1442413330078,1
-89.0771636962891,1
-88.626091003418,1
-88.2433090209961,1
-86.5797271728516,1
-82.2035369873047,1
-77.2276000976562,1
-75.8506164550781,1
-79.2565155029297,1
-83.9751205444336,1
-86.0060043334961,1
-85.0035247802734,1
-83.3666229248047,1
-82.456184387207,1
-81.2366561889648,1
-78.327766418457,1
-74.1554183959961,1
-70.6287536621094,1
-68.9207611083984,1
-67.8560943603516,1
-65.0240936279297,1
-59.8071022033691,1
-54.3907814025879,1
-50.6428642272949,1
-46.9380722045898,1
-40.2100296020508,1
-30.8249282836914,1
-22.6163959503174,1
-17.4241313934326,1
-12.5870313644409,1
-5.59755802154541,1
1.47410070896149,1
4.99584770202637,1
5.39192247390747,1
6.41635274887085,1
9.4388256072998,1
11.5659351348877,1
9.69412136077881,1
3.95508551597595,1
-3.35207867622375,1
-10.1756935119629,1
-15.4068193435669,1
-18.8012619018555,1
-20.8797874450684,1
-21.9668121337891,1
-21.5762348175049,1
-20.1140174865723,1
-20.3609371185303,1
-24.644063949585,1
-30.6298980712891,1
-33.1061058044434,1
-30.8319473266602,1
-28.380392074585,1
-29.3601188659668,1
-30.980640411377,1
-28.4886932373047,1
-22.7186069488525,1
-19.0353126525879,1
-19.38037109375,1
-19.6598243713379,1
-16.138578414917,1
-10.9273309707642,1
-8.76407241821289,1
-10.4882955551147,1
-12.6024780273438,1
-12.7365531921387,1
-12.9339570999146,1
-16.7382068634033,1
-24.5854148864746,1
-33.3938102722168,1
-40.231071472168,1
-45.1457977294922,1
-50.0626678466797,1
-55.8317031860352,1
-61.3880729675293,1
-65.6537780761719,1
-69.1950836181641,1
-73.4905471801758,1
-79.0714111328125,1
-84.7800598144531,1
-88.5714797973633,1
-89.0413665771484,1
-86.8032379150391,1
-84.3716812133789,1
-83.7967987060547,1
-84.4214401245117,1
-84.2531585693359,1
-83.491455078125,1
-84.4198379516602,1
-86.9400405883789,1
-87.021858215332,1
-81.9481964111328,1
-74.791633605957,1
-70.2950820922852,1
-67.9382858276367,1
-63.4825019836426,1
-56.8846092224121,1
-53.3701400756836,1
-55.0620422363281,1
-56.4458885192871,1
-51.6000785827637,1
-42.5164985656738,1
-36.0425796508789,1
-34.5951499938965,1
-34.42236328125,1
-32.455924987793,1
-30.4839744567871,1
-31.5849189758301,1
-35.6709442138672,1
-40.1020240783691,1
-42.7147636413574,1
-43.052360534668,1
-42.1084365844727,1
-41.7703971862793,1
-43.3353691101074,1
-46.148193359375,1
-48.9936447143555,1
-52.7173500061035,1
-59.1790008544922,1
-67.1333847045898,1
-72.054084777832,1
-71.7937774658203,1
-69.8963088989258,1
-70.6634750366211,1
-72.9206771850586,1
-72.2733154296875,1
-68.6721649169922,1
-67.3680725097656,1
-71.1989593505859,1
-75.7039413452148,1
-74.7072601318359,1
-68.4794082641602,1
-62.8215293884277,1
-60.7426452636719,1
-58.8012657165527,1
-52.8814392089844,1
-44.5764923095703,1
-39.046199798584,1
-37.7656364440918,1
-36.5856285095215,1
-31.514669418335,1
-23.7332649230957,1
-17.050651550293,1
-12.1675510406494,1
-6.26793241500854,1
1.95524168014526,1
9.77457046508789,1
14.20729637146,1
16.3428020477295,1
19.8943634033203,1
26.3282890319824,1
33.4997329711914,1
39.0752067565918,1
43.4321250915527,1
48.4371604919434,1
54.5625419616699,1
60.2303848266602,1
63.6133689880371,1
64.4888610839844,1
64.5280609130859,1
66.0542144775391,1
70.3108825683594,1
76.876823425293,1
85.0105361938477,1
95.1562042236328,1
108.096656799316,1
122.654777526855,1
135.851165771484,1
146.383087158203,1
156.722229003906,1
170.035537719727,1
185.524810791016,1
198.802444458008,1
207.073165893555,1
211.753921508789,1
214.76171875,1
214.20426940918,1
206.318695068359,1
191.128952026367,1
173.394027709961,1
157.139877319336,1
141.541549682617,1
123.917083740234,1
105.07160949707,1
88.8852081298828,1
76.6791229248047,1
64.6067047119141,1
48.0563201904297,1
27.3634872436523,1
7.53970909118652,1
-7.37436151504517,1
-18.2961673736572,1
-29.0423736572266,1
-41.317268371582,1
-53.0222854614258,1
-61.694408416748,1
-68.2659225463867,1
-75.8642196655273,1
-85.2158966064453,1
-93.4093551635742,1
-98.2113494873047,1
-101.560371398926,1
-106.503349304199,1
-111.953742980957,1
-113.804298400879,1
-111.499588012695,1
-110.124038696289,1
-114.129371643066,1
-121.420783996582,1
-126.258171081543,1
-126.61328125,1
-125.713134765625,1
-126.626266479492,1
-128.291625976562,1
-127.925407409668,1
-125.331825256348,1
-123.199409484863,1
-123.890640258789,1
-127.145309448242,1
-130.734939575195,1
-132.637405395508,1
-132.581634521484,1
-131.792404174805,1
-131.277450561523,1
-130.636444091797,1
-129.070053100586,1
-127.221496582031,1
-126.769393920898,1
-127.865203857422,1
-128.378479003906,1
-126.793632507324,1
-124.782814025879,1
-125.161781311035,1
-127.626251220703,1
-128.500457763672,1
-125.331581115723,1
-120.129348754883,1
-116.796989440918,1
-116.297386169434,1
-115.890830993652,1
-112.961730957031,1
-108.127433776855,1
-103.918312072754,1
-101.193840026855,1
-97.9355621337891,1
-91.8058547973633,1
-83.1614761352539,1
-74.5170440673828,1
-66.9161605834961,1
-58.1685562133789,1
-45.9404830932617,1
-31.6927394866943,1
-19.3550262451172,1
-9.8903636932373,1
0.439828038215637,1
15.0677175521851,1
32.268627166748,1
47.337329864502,1
58.4607582092285,1
68.0957336425781,1
78.8164138793945,1
89.9789047241211,1
98.8892440795898,1
103.644798278809,1
104.198097229004,1
101.666046142578,1
97.1510925292969,1
90.8763809204102,1
82.7329864501953,1
74.1279525756836,1
68.1781387329102,1
66.6030807495117,1
67.3279418945312,1
67.1473693847656,1
65.9764862060547,1
65.7374496459961,1
65.3993682861328,1
60.9605407714844,1
51.7705307006836,1
43.371524810791,1
41.1540489196777,1
43.4331703186035,1
44.2680397033691,1
41.9824714660645,1
40.9552268981934,1
44.5105857849121,1
49.6607818603516,1
51.0859489440918,1
48.2543449401855,1
45.7939720153809,1
47.2163314819336,1
50.8320617675781,1
52.8112373352051,1
52.4181442260742,1
52.1746826171875,1
53.4098739624023,1
54.1145248413086,1
52.2027397155762,1
49.0261917114258,1
47.6858673095703,1
48.7346687316895,1
49.7461547851562,1
49.0264129638672,1
47.5680274963379,1
46.756175994873,1
46.0345458984375,1
43.9400901794434,1
40.2198638916016,1
35.9689064025879,1
32.58251953125,1
31.1124572753906,1
31.4695301055908,1
31.7342510223389,1
29.7443332672119,1
26.0646934509277,1
23.5924701690674,1
23.1968059539795,1
21.9633293151855,1
17.6215553283691,1
12.4766607284546,1
9.97931003570557,1
9.00009822845459,1
5.4455418586731,1
-0.795139014720917,1
-4.90100526809692,1
-4.40934896469116,1
-3.52569460868835,1
-7.34398221969604,1
-14.3901586532593,1
-18.4572906494141,1
-16.7344760894775,1
-12.575291633606,1
-10.007926940918,1
-8.59603023529053,1
-5.11356973648071,1
1.66769635677338,1
9.6806058883667,1
16.3785762786865,1
21.6298809051514,1
27.9205017089844,1
38.0576515197754,1
52.2328605651855,1
67.2622756958008,1
79.6840591430664,1
89.8960266113281,1
101.867340087891,1
117.933303833008,1
135.357070922852,1
149.482498168945,1
158.836044311523,1
164.831634521484,1
167.516937255859,1
165.050598144531,1
157.830200195312,1
149.626190185547,1
142.650466918945,1
134.16064453125,1
120.727912902832,1
104.081771850586,1
89.3461837768555,1
78.1432495117188,1
67.0348510742188,1
53.4355697631836,1
39.8474044799805,1
30.4010009765625,1
25.3780384063721,1
21.5179634094238,1
16.7175006866455,1
12.0999298095703,1
9.46151542663574,1
8.53745937347412,1
7.4930682182312,1
5.09288263320923,1
1.57810354232788,1
-2.2737877368927,1
-6.41392660140991,1
-11.7041006088257,1
-18.7157802581787,1
-26.2380599975586,1
-31.4385452270508,1
-32.2994422912598,1
-29.9195232391357,1
-27.468578338623,1
-26.3928451538086,1
-24.6853103637695,1
-20.1376724243164,1
-14.583327293396,1
-12.6813049316406,1
-15.7975063323975,1
-19.2472076416016,1
-17.6595249176025,1
-11.8588647842407,1
-7.69580793380737,1
-8.22546768188477,1
-10.1784553527832,1
-9.4411735534668,1
-7.2055869102478,1
-7.93958234786987,1
-12.6806354522705,1
-17.5281276702881,1
-18.8538455963135,1
-17.2981872558594,1
-15.6443405151367,1
-14.8150033950806,1
-13.6106052398682,1
-11.303240776062,1
-8.66040992736816,1
-6.32438278198242,1
-3.30739045143127,1
2.26214504241943,1
10.9573888778687,1
20.8796672821045,1
29.1516132354736,1
34.9752159118652,1
40.6818313598633,1
48.7918281555176,1
58.3859519958496,1
65.9998168945312,1
70.4499435424805,1
74.8090515136719,1
82.1281433105469,1
90.7674789428711,1
96.4439010620117,1
98.3844757080078,1
100.481292724609,1
105.455345153809,1
110.602111816406,1
111.627700805664,1
109.094932556152,1
108.012634277344,1
111.154487609863,1
115.719093322754,1
117.67456817627,1
116.915313720703,1
115.90941619873,1
114.682968139648,1
110.04711151123,1
100.012153625488,1
86.6711502075195,1
73.6297988891602,1
62.0394325256348,1
50.5092544555664,1
38.1256446838379,1
26.0935401916504,1
16.3500804901123,1
9.37375831604004,1
3.50838994979858,1
-3.7957079410553,1
-13.7136116027832,1
-24.6363563537598,1
-33.5795631408691,1
-39.4837608337402,1
-44.218864440918,1
-49.4302062988281,1
-53.7017021179199,1
-54.8931770324707,1
-54.4842185974121,1
-56.5031547546387,1
-61.5669593811035,1
-65.2221527099609,1
-64.1686096191406,1
-61.3649826049805,1
-61.7824211120605,1
-64.883544921875,1
-65.4187927246094,1
-61.4552536010742,1
-57.3491630554199,1
-57.2648429870605,1
-59.2070465087891,1
-58.1354560852051,1
-52.8292846679688,1
-46.5940589904785,1
-42.0775604248047,1
-38.4471206665039,1
-34.1363182067871,1
-30.0895233154297,1
-28.9084491729736,1
-31.5760173797607,1
-35.9892578125,1
-38.6852035522461,1
-37.7314338684082,1
-33.8915214538574,1
-28.9771976470947,1
-23.4851398468018,1
-16.8144702911377,1
-9.93947410583496,1
-6.19489288330078,1
-7.75038433074951,1
-12.0733461380005,1
-14.1049871444702,1
-12.2404432296753,1
-9.97842121124268,1
-10.4619884490967,1
-11.4141149520874,1
-7.96453189849854,1
0.362616151571274,1
8.55813312530518,1
12.6899166107178,1
14.7998170852661,1
19.3251094818115,1
26.5616207122803,1
32.5103759765625,1
34.6345443725586,1
34.8466949462891,1
36.0863227844238,1
38.2238922119141,1
38.849983215332,1
36.912525177002,1
34.1211700439453,1
33.0718994140625,1
34.7207183837891,1
37.5457801818848,1
39.1131744384766,1
38.8402519226074,1
38.6250457763672,1
39.5206832885742,1
38.5874328613281,1
31.7036094665527,1
19.8716526031494,1
9.57864093780518,1
5.08278322219849,1
3.11938381195068,1
-1.86136984825134,1
-9.43010902404785,1
-14.2658262252808,1
-14.7286348342896,1
-15.6051836013794,1
-20.8734455108643,1
-27.5493221282959,1
-29.6068496704102,1
-25.8366508483887,1
-20.6337203979492,1
-17.8387546539307,1
-16.9165515899658,1
-15.7172832489014,1
-14.5395154953003,1
-15.8131675720215,1
-20.6640663146973,1
-27.2379016876221,1
-32.5781440734863,1
-35.5231742858887,1
-37.3641014099121,1
-39.702995300293,1
-42.1214981079102,1
-42.6851692199707,1
-40.9298973083496,1
-39.4168739318848,1
-41.3383331298828,1
-46.965892791748,1
-53.5645866394043,1
-58.6348114013672,1
-61.8313369750977,1
-63.4437484741211,1
-62.7866363525391,1
-59.5336227416992,1
-55.6582717895508,1
-54.1626739501953,1
-55.7302665710449,1
-57.938533782959,1
-58.2095909118652,1
-56.6141662597656,1
-55.2647476196289,1
-55.7105255126953,1
-57.7017631530762,1
-60.2397651672363,1
-63.1208229064941,1
-67.1802825927734,1
-73.1335220336914,1
-80.3013534545898,1
-86.6317138671875,1
-90.1501235961914,1
-90.3732833862305,1
-88.2442932128906,1
-84.9747619628906,1
-81.3960113525391,1
-78.3726119995117,1
-77.129264831543,1
-78.4407272338867,1
-81.4026031494141,1
-83.5889511108398,1
-83.1294021606445,1
-80.6206665039062,1
-78.1695327758789,1
-76.2276000976562,1
-72.6114959716797,1
-66.0087203979492,1
-59.4931640625,1
-58.0781707763672,1
-62.4399032592773,1
-67.596549987793,1
-69.0962066650391,1
-68.089729309082,1
-67.9960403442383,1
-68.2496948242188,1
-65.0500335693359,1
-57.8628234863281,1
-51.3605995178223,1
-49.770881652832,1
-52.1381607055664,1
-54.7750854492188,1
-56.1336059570312,1
-57.2228584289551,1
-58.7368927001953,1
-59.9539985656738,1
-59.8954277038574,1
-58.0757904052734,1
-54.6517562866211,1
-50.9718284606934,0
-49.1882286071777,0
-50.0797996520996,0
-52.0192642211914,0
-53.2962951660156,0
-54.5027084350586,0
-57.1321563720703,0
-60.7892379760742,0
-63.6841812133789,0
-65.2234115600586,0
-66.010856628418,0
-65.7024841308594,0
-63.2807693481445,0
-59.5988616943359,0
-57.1783065795898,0
-56.6965408325195,0
-55.8472671508789,0
-52.8542976379395,0
-49.2130279541016,0
-47.3512992858887,0
-46.9736328125,0
-45.5396537780762,0
-41.5643081665039,0
-35.7158470153809,0
-29.0202598571777,0
-21.6000823974609,0
-13.3286285400391,0
-4.58249187469482,0
3.95105075836182,0
11.6226501464844,0
18.087043762207,0
23.8625621795654,0
30.322660446167,0
38.2008438110352,0
46.2245635986328,0
52.2731018066406,0
56.0064964294434,0
59.2704429626465,0
63.4842224121094,0
67.6757202148438,0
69.9742889404297,0
70.3844528198242,0
70.9637680053711,0
73.3864822387695,0
77.3805084228516,0
81.8360824584961,0
86.5101699829102,0
91.8717956542969,0
97.7600860595703,0
103.191268920898,0
107.597938537598,0
111.468887329102,0
115.374412536621,0
119.008781433105,0
121.917839050293,0
124.836235046387,0
129.317794799805,0
135.775741577148,0
142.643325805664,0
148.03205871582,0
151.686996459961,0
154.514251708984,0
156.498779296875,0
156.290130615234,0
153.259231567383,0
148.913330078125,0
145.205612182617,0
141.867553710938,0
136.608551025391,0
128.034088134766,0
117.23876953125,0
106.090438842773,0
95.0516052246094,0
83.6278686523438,0
72.1451644897461,0
61.6831207275391,0
52.3981513977051,0
43.296257019043,0
34.0820159912109,0
26.0995750427246,0
20.5632095336914,0
16.4459648132324,0
11.0988092422485,0
2.93483400344849,0
-7.16835880279541,0
-17.2477798461914,0
-26.4513359069824,0
-35.4269981384277,0
-44.7613792419434,0
-53.684154510498,0
-60.7502593994141,0
-65.5260543823242,0
-68.9081954956055,0
-71.6897201538086,0
-73.672119140625,0
-74.7627792358398,0
-76.119743347168,0
-79.0768432617188,0
-83.3095169067383,0
-87.3000564575195,0
-90.4111633300781,0
-92.96435546875,0
-94.1887588500977,0
-92.1746139526367,0
-86.9970397949219,0
-82.1359100341797,0
-80.8717041015625,0
-82.1706695556641,0
-82.0833358764648,0
-78.7381286621094,0
-73.971435546875,0
-70.2510147094727,0
-68.287841796875,0
-68.0911865234375,0
-69.9846343994141,0
-73.2335815429688,0
-75.4161911010742,0
-74.8618469238281,0
-72.7216110229492,0
-71.2412490844727,0
-70.9644546508789,0
-71.0839538574219,0
-71.4995422363281,0
-72.6015090942383,0
-73.6499710083008,0
-73.4967041015625,0
-72.7470932006836,0
-73.0655288696289,0
-74.1418304443359,0
-73.5408248901367,0
-70.2253570556641,0
-66.1103897094727,0
-62.9772720336914,0
-59.8053588867188,0
-54.9067916870117,0
-49.2198257446289,0
-45.2273292541504,0
-43.1944465637207,0
-40.6561851501465,0
-35.7913475036621,0
-29.5464992523193,0
-23.8554706573486,0
-19.0884418487549,0
-14.1159677505493,0
-8.08076095581055,0
-1.11101603507996,0
6.5638542175293,0
15.393500328064,0
25.8667602539062,0
37.0865745544434,0
46.5090942382812,0
51.873851776123,0
53.5967445373535,0
54.6000633239746,0
57.2681312561035,0
60.9912528991699,0
63.2431297302246,0
62.7060585021973,0
60.6568489074707,0
59.4122161865234,0
60.0424957275391,0
61.6789054870605,0
62.6088638305664,0
61.881649017334,0
60.0427284240723,0
58.4175682067871,0
57.7490768432617,0
57.7242965698242,0
57.7815055847168,0
57.9272346496582,0
58.5300216674805,0
59.6520614624023,0
60.8686027526855,0
61.5500030517578,0
61.2158241271973,0
59.9435501098633,0
58.5522804260254,0
57.9684410095215,0
58.2239570617676,0
58.510555267334,0
58.3883361816406,0
58.3301315307617,0
58.6871109008789,0
58.7609100341797,0
57.6308860778809,0
55.5721855163574,0
53.8662452697754,0
53.2248764038086,0
53.0240249633789,0
52.1553649902344,0
50.0705413818359,0
46.8630981445312,0
42.9326858520508,0
38.9353637695312,0
35.6025924682617,0
33.1035614013672,0
30.8478393554688,0
28.3640022277832,0
26.003589630127,0
24.0591621398926,0
21.5077266693115,0
16.8073272705078,0
10.1042461395264,0
3.36209273338318,0
-2.24799919128418,0
-7.62727737426758,0
-13.2849235534668,0
-17.0932674407959,0
-16.6143836975098,0
-12.9161281585693,0
-9.54183387756348,0
-7.61346912384033,0
-4.57579374313354,0
1.33188223838806,0
7.85009574890137,0
11.6719760894775,0
12.7879600524902,0
13.628978729248,0
14.8867015838623,0
14.5398473739624,0
10.9892301559448,0
5.37497806549072,0
0.444122076034546,0
-1.77821743488312,0
-1.13319933414459,0
0.752353250980377,0
1.52646398544312,0
0.00904890708625317,0
-2.73535680770874,0
-4.76297855377197,0
-5.51805400848389,0
-6.01640748977661,0
-7.08019876480103,0
-8.49667835235596,0
-9.97279071807861,0
-11.8364849090576,0
-14.4607677459717,0
-17.80930519104,0
-21.8056335449219,0
-26.3306694030762,0
-30.6014766693115,0
-33.5092239379883,0
-35.0695304870605,0
-36.6528968811035,0
-39.12255859375,0
-41.5730781555176,0
-42.73388671875,0
-42.7763442993164,0
-42.521598815918,0
-41.5174980163574,0
-38.6298065185547,0
-34.5520172119141,0
-31.8849945068359,0
-31.9628257751465,0
-33.117805480957,0
-33.2648429870605,0
-32.9307060241699,0
-34.095085144043,0
-36.9226608276367,0
-39.6995964050293,0
-41.7145805358887,0
-43.9192733764648,0
-46.3469123840332,0
-47.2163505554199,0
-45.782054901123,0
-44.0551147460938,0
-43.946403503418,0
-44.3302536010742,0
-43.1300888061523,0
-41.0255508422852,0
-40.2725486755371,0
-40.3801689147949,0
-38.1206665039062,0
-32.2475280761719,0
-25.1745300292969,0
-18.9186668395996,0
-12.3768692016602,0
-4.44754695892334,0
3.02792859077454,0
8.2852783203125,0
13.3895082473755,0
21.3845520019531,0
30.9500865936279,0
37.8430290222168,0
41.3507995605469,0
45.2247200012207,0
51.5611572265625,0
57.7778930664062,0
61.235782623291,0
63.1120223999023,0
65.2032928466797,0
66.0557479858398,0
63.478443145752,0
58.6098480224609,0
54.0746574401855,0
49.7310371398926,0
43.6833648681641,0
36.2613906860352,0
29.3633861541748,0
22.6819953918457,0
14.473949432373,0
5.83613252639771,0
0.175805196166039,0
-2.04038786888123,0
-4.09402322769165,0
-7.60847043991089,0
-10.2110824584961,0
-10.1796855926514,0
-9.62338638305664,0
-10.5813598632812,0
-11.256311416626,0
-9.30786609649658,0
-6.40047979354858,0
-5.90631580352783,0
-7.66904211044312,0
-8.66387176513672,0
-8.09788990020752,0
-8.42356586456299,0
-11.3535804748535,0
-15.9311790466309,0
-20.9436435699463,0
-26.4891510009766,0
-32.2850341796875,0
-36.7839241027832,0
-39.3369140625,0
-41.6139640808105,0
-45.4189071655273,0
-50.0688362121582,0
-53.3051605224609,0
-54.3710060119629,0
-54.9712371826172,0
-56.9933052062988,0
-60.0326118469238,0
-61.8351821899414,0
-61.1886711120605,0
-59.6483840942383,0
-59.6109008789062,0
-61.027717590332,0
-61.3546600341797,0
-59.0486793518066,0
-55.6676712036133,0
-53.6589202880859,0
-53.4279098510742,0
-53.8933486938477,0
-54.7686462402344,0
-56.5728912353516,0
-59.1457481384277,0
-62.0029449462891,0
-65.7012100219727,0
-70.9314498901367,0
-76.5089797973633,0
-80.3510971069336,0
-82.5897674560547,0
-85.6552505493164,0
-90.7775268554688,0
-96.2551116943359,0
-99.7722091674805,0
-100.614631652832,0
-98.9263153076172,0
-94.7289657592773,0
-88.7142333984375,0
-82.2276611328125,0
-75.3168334960938,0
-66.4956436157227,0
-55.5514793395996,0
-44.5391883850098,0
-34.4605102539062,0
-23.2394218444824,0
-9.30211925506592,0
4.93769884109497,0
16.2817554473877,0
25.908260345459,0
37.5801277160645,0
51.2644920349121,0
62.4815292358398,0
68.4718322753906,0
71.3966064453125,0
74.3172988891602,0
77.3009796142578,0
79.1644287109375,0
80.200798034668,0
81.0602569580078,0
81.1317367553711,0
80.1050186157227,0
79.2247314453125,0
78.9378280639648,0
77.1325988769531,0
72.030632019043,0
65.3212738037109,0
60.0577049255371,0
56.755054473877,0
54.0010528564453,0
51.6244316101074,0
50.3729782104492,0
49.3326377868652,0
46.880012512207,0
44.066463470459,0
44.0340156555176,0
47.7070350646973,0
52.7127456665039,0
57.0215873718262,0
61.0237007141113,0
65.2932281494141,0
68.9455490112305,0
71.4331130981445,0
73.7200393676758,0
76.2745971679688,0
77.8056411743164,0
77.4055252075195,0
76.2301559448242,0
75.6566162109375,0
75.4562530517578,0
75.2502822875977,0
75.9613265991211,0
77.9488067626953,0
79.3844985961914,0
78.8200073242188,0
78.0870056152344,0
79.956672668457,0
83.6313781738281,0
85.4215087890625,0
83.8478546142578,0
81.3006744384766,0
80.1591110229492,0
79.9609603881836,0
79.5437927246094,0
79.5448455810547,0
80.8710174560547,0
82.353401184082,0
82.14892578125,0
80.6605377197266,0
79.9460983276367,0
80.4530029296875,0
80.3054122924805,0
78.118293762207,0
74.7517623901367,0
71.445068359375,0
67.595329284668,0
61.7545928955078,0
54.2646865844727,0
47.5501708984375,0
43.6118850708008,0
42.0274085998535,0
40.7206954956055,0
38.1822662353516,0
34.5882987976074,0
31.0633411407471,0
28.2806663513184,0
25.8804702758789,0
23.2281513214111,0
20.6913433074951,0
19.7811260223389,0
21.4263515472412,0
24.1099014282227,0
24.5807056427002,0
21.0637111663818,0
15.2602453231812,0
10.3624925613403,0
7.4571681022644,0
5.00755786895752,0
1.79753148555756,0
-1.17370653152466,0
-2.48936605453491,0
-2.71371507644653,0
-3.6617546081543,0
-6.01733779907227,0
-9.16749000549316,0
-13.0088338851929,0
-18.180778503418,0
-24.2818756103516,0
-29.4136238098145,0
-32.1169395446777,0
-32.5944175720215,0
-31.4963722229004,0
-28.8020820617676,0
-24.7404651641846,0
-20.6650447845459,0
-17.9362754821777,0
-16.690185546875,0
-16.4924335479736,0
-17.2389259338379,0
-18.5304565429688,0
-19.322244644165,0
-19.4209136962891,0
-20.2309131622314,0
-22.5516452789307,0
-24.6995162963867,0
-24.6189823150635,0
-22.9473438262939,0
-21.8455390930176,0
-21.4939079284668,0
-20.3770542144775,0
-18.8859577178955,0
-19.6057033538818,0
-23.1315116882324,0
-26.2538051605225,0
-25.91552734375,0
-23.0584335327148,0
-20.807918548584,0
-20.3537063598633,0
-20.5666198730469,0
-20.6648197174072,0
-21.1212253570557,0
-22.1412906646729,0
-22.9948806762695,0
-23.1390933990479,0
-22.8426322937012,0
-22.337516784668,0
-21.0956001281738,0
-18.3366184234619,0
-14.0187530517578,0
-9.22666454315186,0
-5.52442169189453,0
-3.58337068557739,0
-2.44272875785828,0
-0.686378717422485,0
1.62885594367981,0
3.05369114875793,0
2.89974856376648,0
2.2086021900177,0
2.14417815208435,0
2.70812034606934,0
3.90276885032654,0
6.85333728790283,0
12.3516149520874,0
19.1782932281494,0
25.4962787628174,0
31.4392375946045,0
38.7515106201172,0
48.1478042602539,0
58.657039642334,0
69.555290222168,0
81.3013305664062,0
94.2149505615234,0
107.600914001465,0
120.582237243652,0
132.589141845703,0
142.702133178711,0
149.836227416992,0
154.081985473633,0
156.622573852539,0
157.790725708008,0
156.544052124023,0
152.595672607422,0
147.66845703125,0
143.47428894043,0
139.445648193359,0
133.61882019043,0
124.963188171387,0
113.776214599609,0
100.63744354248,0
86.2985992431641,0
72.0991668701172,0
59.2601585388184,0
47.9924774169922,0
38.036319732666,0
29.3646373748779,0
21.3746223449707,0
12.3394355773926,0
1.28173387050629,0
-10.0382089614868,0
-18.6308727264404,0
-23.7099514007568,0
-27.25514793396,0
-31.284553527832,0
-36.0722312927246,0
-41.1104621887207,0
-46.1315650939941,0
-50.5669174194336,0
-53.3723831176758,0
-54.3367958068848,0
-54.7774696350098,0
-56.1173248291016,0
-58.1472320556641,0
-59.1817283630371,0
-57.7128982543945,0
-53.8061752319336,0
-49.2333755493164,0
-46.2206687927246,0
-45.6250038146973,0
-46.4256706237793,0
-47.3981742858887,0
-48.7955780029297,0
-51.4577026367188,0
-54.6379852294922,0
-56.1706352233887,0
-55.1764106750488,0
-53.4472160339355,0
-53.4290390014648,0
-55.5521697998047,0
-58.2632064819336,0
-60.1989593505859,0
-61.5325317382812,0
-63.2621154785156,0
-65.8306655883789,0
-68.746826171875,0
-71.2766571044922,0
-73.0265045166016,0
-73.7472152709961,0
-73.1763000488281,0
-71.7587051391602,0
-71.1409759521484,0
-72.7828216552734,0
-75.9011688232422,0
-77.9849700927734,0
-77.8814086914062,0
-77.1989974975586,0
-77.8106689453125,0
-79.1014404296875,0
-78.9389038085938,0
-76.5680694580078,0
-73.1821517944336,0
-70.1662445068359,0
-68.0925827026367,0
-66.9201889038086,0
-65.6502838134766,0
-62.0876731872559,0
-54.622932434082,0
-44.335033416748,0
-33.8708305358887,0
-24.1960144042969,0
-14.007568359375,0
-2.4082989692688,0
9.80000495910645,0
21.9972267150879,0
34.7870483398438,0
48.0122451782227,0
59.7176551818848,0
68.8389892578125,0
77.2578125,0
86.8890380859375,0
95.9249572753906,0
100.79972076416,0
101.449287414551,0
101.530128479004,0
102.996894836426,0
103.606384277344,0
101.202278137207,0
97.638298034668,0
96.0705261230469,0
96.339485168457,0
95.8507461547852,0
93.9094619750977,0
92.2804183959961,0
91.8363647460938,0
91.4211273193359,0
90.2556304931641,0
89.0169296264648,0
87.927619934082,0
85.8640823364258,0
82.1600036621094,0
77.5809783935547,0
72.7530288696289,0
67.1637344360352,0
60.4460258483887,0
53.2394409179688,0
46.1296157836914,0
39.0784378051758,0
32.3822402954102,0
26.6841621398926,0
21.5571804046631,0
15.7593002319336,0
9.46284484863281,0
4.38581562042236,0
1.01447141170502,0
-2.25828623771667,0
-6.31283235549927,0
-9.90802097320557,0
-12.4457788467407,0
-15.7084522247314,0
-20.8068923950195,0
-25.537446975708,0
-27.3769359588623,0
-27.5135746002197,0
-29.0022659301758,0
-31.92014503479,0
-33.4040336608887,0
-32.1971969604492,0
-30.2685832977295,0
-29.5891742706299,0
-29.7232971191406,0
-29.26708984375,0
-27.7975826263428,0
-25.7814502716064,0
-24.0988426208496,0
-24.1097640991211,0
-26.6905822753906,0
-30.6982116699219,0
-33.7047462463379,0
-34.6501083374023,0
-34.495777130127,0
-34.0624046325684,0
-32.9201774597168,0
-31.0654315948486,0
-29.9689445495605,0
-30.6719722747803,0
-31.9674777984619,0
-31.8724517822266,0
-30.3230857849121,0
-29.1512508392334,0
-29.5848255157471,0
-30.8282833099365,0
-31.2856960296631,0
-30.481689453125,0
-29.3061428070068,0
-28.4417629241943,0
-26.9456844329834,0
-22.9848403930664,0
-16.2305297851562,0
-8.81793022155762,0
-3.04181003570557,0
1.56530773639679,0
7.81275033950806,0
17.6303405761719,0
30.393669128418,0
44.4344482421875,0
58.7450065612793,0
72.6250762939453,0
84.9203720092773,0
94.5823287963867,0
101.327682495117,0
105.236930847168,0
106.596076965332,0
106.641387939453,0
107.240615844727,0
108.869163513184,0
109.905715942383,0
108.956840515137,0
106.823455810547,0
104.893737792969,0
102.654991149902,0
98.5412445068359,0
92.5789642333984,0
86.2858734130859,0
80.2494659423828,0
73.7612075805664,0
66.8556518554688,0
60.7034339904785,0
55.6011047363281,0
50.5072326660156,0
45.2688026428223,0
41.4374923706055,0
39.7900886535645,0
38.7267990112305,0
36.6468696594238,0
34.6384353637695,0
35.0243530273438,0
37.9779472351074,0
41.3758544921875,0
43.673999786377,0
45.1247596740723,0
46.0198669433594,0
45.5076675415039,0
43.0214462280273,0
39.781120300293,0
37.8448638916016,0
38.130199432373,0
40.1224060058594,0
43.1979866027832,0
47.4049263000488,0
52.8465309143066,0
58.8740615844727,0
64.2720031738281,0
68.2131576538086,0
70.961051940918,0
73.6135406494141,0
77.0571060180664,0
81.1437911987305,0
85.0971832275391,0
88.823600769043,0
93.4479904174805,0
100.134567260742,0
108.632743835449,0
117.618125915527,0
126.344909667969,0
134.999252319336,0
143.100357055664,0
148.684036254883,0
150.209991455078,0
148.816223144531,0
147.490509033203,0
148.057464599609,0
150.015502929688,0
152.322357177734,0
155.041000366211,0
158.76579284668,0
163.535202026367,0
169.098068237305,0
175.575958251953,0
183.206420898438,0
191.94596862793,0
201.727737426758,0
212.399261474609,0
223.004821777344,0
232.089630126953,0
239.341293334961,0
245.859451293945,0
251.933563232422,0
255.833953857422,0
256.363861083984,0
255.749420166016,0
258.029266357422,0
264.620483398438,0
272.998291015625,0
279.707550048828,0
283.106567382812,0
283.057189941406,0
279.764221191406,0
273.827972412109,0
266.310455322266,0
257.832305908203,0
248.133026123047,0
236.87907409668,0
224.272247314453,0
210.895706176758,0
198.493423461914,0
192.162658691406,0
201.188613891602,0
235.704803466797,0
299.892852783203,0
385.82177734375,0
473.150726318359,0
537.573486328125,0
564.078552246094,0
554.71875,0
523.846984863281,0
485.991638183594,0
448.281158447266,0
411.9130859375,0
376.582794189453,0
342.057891845703,0
308.152160644531,0
275.488861083984,0
245.319229125977,0
217.367950439453,0
189.300476074219,0
159.893402099609,0
131.364990234375,0
106.526496887207,0
84.5728378295898,0
62.089900970459,0
37.9500732421875,0
14.7223262786865,0
-5.22487497329712,0
-22.6898040771484,0
-39.5421714782715,0
-55.5801696777344,0
-69.3320541381836,0
-80.896484375,0
-91.9043426513672,0
-102.968048095703,0
-113.171318054199,0
-122.351943969727,0
-131.982543945312,0
-142.918853759766,0
-153.845123291016,0
-163.165435791016,0
-171.111419677734,0
-178.428863525391,0
-184.107299804688,0
-186.518020629883,0
-186.343353271484,0
-186.179412841797,0
-187.143646240234,0
-187.926818847656,0
-187.506332397461,0
-186.591781616211,0
-185.613906860352,0
-183.526351928711,0
-180.019119262695,0
-176.994079589844,0
-175.944564819336,0
-175.326950073242,0
-172.743179321289,0
-168.793014526367,0
-166.311233520508,0
-166.041946411133,0
-165.53678894043,0
-162.865478515625,0
-159.283081054688,0
-157.027847290039,0
-155.998626708984,0
-154.264373779297,0
-151.214721679688,0
-148.519744873047,0
-147.746826171875,0
-148.300338745117,0
-148.471649169922,0
-147.736831665039,0
-146.914016723633,0
-146.283386230469,0
-144.820083618164,0
-141.68571472168,0
-137.393692016602,0
-132.769271850586,0
-127.779891967773,0
-122.555435180664,0
-118.722312927246,0
-118.011001586914,0
-119.686553955078,0
-120.998596191406,0
-120.413330078125,0
-118.892799377441,0
-117.542205810547,0
-115.575828552246,0
-111.625358581543,0
-105.977447509766,0
-100.338989257812,0
-95.8603363037109,0
-92.2011642456055,0
-88.2290802001953,0
-83.1233596801758,0
-77.1122512817383,0
-71.4034957885742,0
-66.9862213134766,0
-63.4827766418457,0
-59.894718170166,0
-56.4378776550293,0
-54.4980697631836,0
-54.4893493652344,0
-55.0221176147461,0
-54.8330879211426,0
-54.3830451965332,0
-54.6496162414551,0
-55.2494659423828,0
-54.7557563781738,0
-52.3319511413574,0
-48.334098815918,0
-43.843433380127,0
-40.1681327819824,0
-38.1910209655762,0
-37.7035102844238,0
-37.9426383972168,0
-38.9116592407227,0
-41.1633071899414,0
-44.181079864502,0
-46.54052734375,0
-48.1612434387207,0
-50.5262107849121,0
-53.6798667907715,0
-55.0855331420898,0
-53.2550621032715,0
-50.7625465393066,0
-51.2392692565918,0
-54.4320640563965,0
-56.7832565307617,0
-56.3542442321777,0
-54.5100059509277,0
-52.6870613098145,0
-50.2168655395508,0
-46.3762054443359,0
-42.6048583984375,0
-41.1522026062012,0
-42.3560638427734,0
-44.3250465393066,0
-44.9460334777832,0
-43.6155204772949,0
-41.2560691833496,0
-39.0470390319824,0
-37.2362518310547,0
-35.3351860046387,0
-33.3441162109375,0
-31.9725685119629,0
-31.2880859375,0
-30.1795845031738,0
-28.0678596496582,0
-26.2780303955078,0
-26.4727401733398,0
-28.2279529571533,0
-29.3539562225342,0
-28.3085060119629,0
-25.3479957580566,0
-21.8008995056152,0
-19.1924476623535,0
-18.4207897186279,0
-18.6691207885742,0
-17.9062080383301,0
-15.6804027557373,0
-14.2463607788086,0
-15.0986337661743,0
-15.7013645172119,0
-12.5610790252686,0
-6.99641561508179,0
-4.32190322875977,0
-6.6597204208374,0
-10.0447292327881,0
-10.3767433166504,0
-9.13609981536865,0
-10.37473487854,0
-14.1814804077148,0
-16.7298107147217,0
-16.2259387969971,0
-15.4067506790161,0
-17.4261894226074,0
-21.8804531097412,0
-26.3499755859375,0
-30.1082401275635,0
-34.3699798583984,0
-39.5588989257812,0
-44.2667427062988,0
-47.2912445068359,0
-49.3539543151855,0
-51.9163055419922,0
-55.1276435852051,0
-58.1824531555176,0
-61.3865776062012,0
-66.2785873413086,0
-73.1999740600586,0
-80.2080078125,0
-85.5547714233398,0
-90.1429672241211,0
-95.9657135009766,0
-102.859992980957,0
-108.712348937988,0
-112.583198547363,0
-115.486907958984,0
-117.866432189941,0
-118.585014343262,0
-117.295883178711,0
-115.692031860352,0
-114.999603271484,0
-114.019927978516,0
-111.384284973145,0
-108.18824005127,0
-106.205795288086,0
-104.581512451172,0
-100.830787658691,0
-94.7721481323242,0
-89.0038757324219,0
-85.2276229858398,0
-82.2748031616211,0
-78.4485549926758,0
-74.0547790527344,0
-70.7346115112305,0
-69.5655899047852,0
-70.5018615722656,0
-72.526123046875,0
-73.8145751953125,0
-73.0257797241211,0
-71.0687713623047,0
-70.3282241821289,0
-71.4542999267578,0
-72.3216247558594,0
-71.0962295532227,0
-68.842658996582,0
-67.6628723144531,0
-67.4584503173828,0
-66.3867645263672,0
-63.984489440918,0
-62.0781326293945,0
-62.5825119018555,0
-65.6148452758789,0
-69.7158660888672,0
-72.92578125,0
-73.9524612426758,0
-73.4959564208984,0
-74.2330627441406,0
-78.2414321899414,0
-84.5394897460938,0
-90.3997497558594,0
-94.8465423583984,0
-99.1846389770508,0
-103.963066101074,0
-107.426513671875,0
-107.96647644043,0
-106.640289306641,0
-105.994438171387,0
-107.296653747559,0
-110.010261535645,0
-113.167877197266,0
-116.040161132812,0
-117.975471496582,0
-118.749214172363,0
-118.83805847168,0
-118.556594848633,0
-117.440574645996,0
-115.393020629883,0
-113.72925567627,0
-113.745826721191,0
-114.770500183105,0
-115.244102478027,0
-115.395835876465,0
-116.772048950195,0
-118.910415649414,0
-118.914306640625,0
-115.525054931641,0
-111.481636047363,0
-109.873374938965,0
-109.71174621582,0
-107.610794067383,0
-103.01806640625,0
-98.9987945556641,0
-97.8604507446289,0
-98.7457962036133,0
-100.196784973145,0
-102.444297790527,0
-105.794784545898,0
-109.058853149414,0
-111.558723449707,0
-115.008659362793,0
-121.221946716309,0
-129.158584594727,0
-136.421813964844,0
-142.589416503906,0
-148.586853027344,0
-153.663146972656,0
-156.035842895508,0
-156.325393676758,0
-157.112930297852,0
-158.630554199219,0
-158.173599243164,0
-154.864440917969,0
-151.609771728516,0
-150.35807800293,0
-148.6298828125,0
-143.804351806641,0
-138.370391845703,0
-137.027069091797,0
-139.805099487305,0
-142.075836181641,0
-141.186706542969,0
-139.270477294922,0
-138.886154174805,0
-139.483474731445,0
-139.64582824707,0
-139.789138793945,0
-140.534561157227,0
-140.640487670898,0
-138.854690551758,0
-136.285659790039,0
-134.690032958984,0
-133.477111816406,0
-130.635620117188,0
-126.04158782959,0
-121.77197265625,0
-119.278991699219,0
-117.936706542969,0
-116.358154296875,0
-113.773406982422,0
-110.24430847168,0
-106.832069396973,0
-105.286079406738,0
-106.093467712402,0
-107.090484619141,0
-105.745178222656,0
-102.800193786621,0
-101.738540649414,0
-104.327514648438,0
-108.696617126465,0
-112.476600646973,0
-115.671569824219,0
-119.154914855957,0
-122.430702209473,0
-125.00129699707,0
-128.494003295898,0
-134.799423217773,0
-142.58430480957,0
-148.175842285156,0
-150.130844116211,0
-150.748504638672,0
-152.468307495117,0
-154.783279418945,0
-155.797424316406,0
-155.173736572266,0
-154.010559082031,0
-152.850173950195,0
-151.497863769531,0
-150.440551757812,0
-150.928009033203,0
-153.424224853516,0
-156.887756347656,0
-159.794769287109,0
-161.322341918945,0
-161.602478027344,0
-161.522811889648,0
-162.296722412109,0
-164.443939208984,0
-166.915756225586,0
-167.857818603516,0
-166.6845703125,0
-165.030059814453,0
-165.205551147461,0
-167.875427246094,0
-171.580947875977,0
-174.439010620117,0
-175.954437255859,0
-177.114135742188,0
-179.004333496094,0
-181.598205566406,0
-183.848541259766,0
-184.692489624023,0
-183.807357788086,0
-181.599334716797,0
-178.834838867188,0
-176.30680847168,0
-174.457382202148,0
-173.102020263672,0
-171.799606323242,0
-170.660278320312,0
-170.318466186523,0
-170.69905090332,0
-170.406097412109,0
-168.32243347168,0
-165.642501831055,0
-165.025863647461,0
-167.226455688477,0
-169.671295166016,0
-169.362869262695,0
-166.448303222656,0
-163.702102661133,0
-162.886047363281,0
-163.005157470703,0
-162.133483886719,0
-159.468627929688,0
-155.094711303711,0
-149.076019287109,0
-141.822448730469,0
-134.596038818359,0
-128.623840332031,0
-124.009567260742,0
-120.222969055176,0
-117.359451293945,0
-116.209465026855,0
-117.119338989258,0
-119.185409545898,0
-120.654472351074,0
-120.285285949707,0
-118.673896789551,0
-117.890167236328,0
-118.978034973145,0
-120.165115356445,0
-118.893211364746,0
-115.473457336426,0
-112.83740234375,0
-112.270942687988,0
-111.581443786621,0
-108.61686706543,0
-104.532485961914,0
-101.850715637207,0
-100.916847229004,0
-100.125442504883,0
-98.2192459106445,0
-94.4797058105469,0
-88.2256164550781,0
-80.4878845214844,0
-74.8059158325195,0
-73.6057510375977,0
-74.7612686157227,0
-74.5893402099609,0
-73.3628234863281,0
-74.5718994140625,0
-79.2378997802734,0
-84.6996917724609,0
-89.2477416992188,0
-94.0414962768555,0
-99.3211135864258,0
-102.432929992676,0
-101.632614135742,0
-98.8990478515625,0
-96.6695327758789,0
-94.1936492919922,0
-89.6687545776367,0
-84.1276931762695,0
-80.4662704467773,0
-79.71044921875,0
-80.6593322753906,0
-82.3545227050781,0
-84.4989624023438,0
-86.000862121582,0
-85.6349258422852,0
-84.2268905639648,0
-83.9622192382812,0
-85.0868301391602,0
-85.2778396606445,0
-83.1078109741211,0
-80.396598815918,0
-79.7485809326172,0
-80.8004150390625,0
-80.4296417236328,0
-76.2893829345703,0
-68.7589797973633,0
-59.449275970459,0
-49.3062553405762,0
-38.9543228149414,0
-29.8340454101562,0
-23.6439723968506,0
-20.7402172088623,0
-19.9672031402588,0
-20.0538101196289,0
-20.4139976501465,0
-20.692310333252,0
-20.6371841430664,0
-20.7567558288574,0
-22.0807151794434,0
-24.6321697235107,0
-26.8907566070557,0
-27.4701843261719,0
-26.7298030853271,0
-26.0131721496582,0
-25.8439998626709,0
-25.7581195831299,0
-25.6112766265869,0
-26.0778961181641,0
-27.6796836853027,0
-29.8982086181641,0
-31.5488719940186,0
-31.9219779968262,0
-31.5307140350342,0
-31.7513561248779,0
-33.5924949645996,0
-36.7881050109863,0
-40.176082611084,0
-42.7405166625977,0
-44.0360870361328,0
-44.0627555847168,0
-43.4266014099121,0
-43.3001823425293,0
-44.2650680541992,0
-45.248477935791,0
-44.5248565673828,0
-41.729736328125,0
-37.897159576416,0
-33.6012115478516,0
-28.3476867675781,0
-21.9524822235107,0
-15.1206312179565,0
-8.24462699890137,0
-1.00130534172058,0
6.28253412246704,0
12.2510938644409,0
16.3063774108887,0
19.5022525787354,0
22.7453479766846,0
25.3376178741455,0
26.3912410736084,0
26.5170478820801,0
26.7217216491699,0
26.4361801147461,0
24.0317325592041,0
18.8561534881592,0
11.7498960494995,0
4.17242956161499,0
-2.19457507133484,0
-5.88784170150757,0
-7.1853175163269,0
-8.61593723297119,0
-12.3639793395996,0
-17.4056301116943,0
-20.7143077850342,0
-21.165355682373,0
-20.6188430786133,0
-20.9314479827881,0
-21.5540008544922,0
-20.8762454986572,0
-18.7483596801758,0
-16.5935134887695,0
-15.5984439849854,0
-15.7685251235962,0
-16.671745300293,0
-18.3817310333252,0
-21.3662528991699,0
-25.6593761444092,0
-30.510009765625,0
-35.0473327636719,0
-39.0384941101074,0
-42.535572052002,0
-45.0320739746094,0
-45.9554061889648,0
-46.1916542053223,0
-47.880054473877,0
-51.8333358764648,0
-56.1486053466797,0
-58.5346298217773,0
-59.2189979553223,0
-60.1546211242676,0
-62.0403861999512,0
-63.9867324829102,0
-65.8778991699219,0
-68.8181838989258,0
-72.5983047485352,0
-74.701530456543,0
-73.1688461303711,0
-69.2519607543945,0
-65.8993225097656,0
-64.3177108764648,0
-63.0758171081543,0
-59.998592376709,0
-54.0498733520508,0
-45.9811210632324,0
-37.9813804626465,0
-31.9609355926514,0
-27.2237033843994,0
-20.6143188476562,0
-10.088210105896,0
2.6656641960144,0
14.4653291702271,0
24.5590267181396,0
34.3959999084473,0
44.0749969482422,0
51.5563583374023,0
55.8189659118652,0
58.4186592102051,0
60.6870193481445,0
61.1713714599609,0
57.4977951049805,0
49.8036041259766,0
40.8984870910645,0
33.5432472229004,0
28.5039367675781,0
24.5888290405273,0
19.6412792205811,0
12.2081480026245,0
3.26268196105957,0
-4.32577896118164,0
-8.95940780639648,0
-12.2361879348755,0
-16.761323928833,0
-22.9749660491943,0
-29.4362487792969,0
-35.2585563659668,0
-40.4140357971191,0
-44.2177085876465,0
-45.7085876464844,0
-45.6527252197266,0
-46.192024230957,0
-47.9847221374512,0
-49.2810821533203,0
-48.3800430297852,0
-45.6000938415527,0
-42.3275718688965,0
-39.5143852233887,0
-37.6202163696289,0
-36.5600700378418,0
-35.0809707641602,0
-31.7200450897217,0
-27.1532306671143,0
-23.9841575622559,0
-23.2086582183838,0
-22.6232166290283,0
-20.1935653686523,0
-17.3178367614746,0
-16.6255626678467,0
-17.6756381988525,0
-17.3806629180908,0
-14.4391765594482,0
-10.9462556838989,0
-9.19938373565674,0
-8.94674682617188,0
-8.69805431365967,0
-8.20766830444336,0
-8.39182949066162,0
-9.58517551422119,0
-11.0059156417847,0
-11.6130905151367,0
-10.5785665512085,0
-6.97615003585815,0
0.069256491959095,0
10.2468061447144,0
21.2360057830811,0
29.8193607330322,0
34.5162773132324,0
36.9563789367676,0
39.9867935180664,0
44.529727935791,0
49.2014274597168,0
53.013614654541,0
57.0310363769531,0
62.6369285583496,0
69.4157409667969,0
75.9094390869141,0
81.4768524169922,0
85.981315612793,0
88.4384689331055,0
87.8710556030273,0
85.4397888183594,0
83.9681625366211,0
84.8361434936523,0
86.4978256225586,0
86.4830627441406,0
83.8983917236328,0
79.646354675293,0
75.144905090332,0
71.1930618286133,0
67.2611389160156,0
61.6740989685059,0
53.4413719177246,0
44.1202850341797,0
36.7221755981445,0
32.3486137390137,0
29.1255378723145,0
25.1225299835205,0
21.0074825286865,0
18.621545791626,0
17.9197216033936,0
16.9189853668213,0
14.3928050994873,0
11.1924467086792,0
8.75016307830811,0
7.40607976913452,0
6.60501861572266,0
5.86290836334229,0
4.84804439544678,0
2.88107848167419,0
-0.899268746376038,0
-6.55284738540649,0
-12.693058013916,0
-17.2765464782715,0
-19.4007225036621,0
-20.1513671875,0
-21.2310352325439,0
-22.8810329437256,0
-23.7607803344727,0
-22.8028793334961,0
-20.3544521331787,0
-17.3575229644775,0
-14.3609199523926,0
-11.7263097763062,0
-9.85861873626709,0
-8.61892414093018,0
-7.24202013015747,0
-5.2565655708313,0
-2.56102991104126,0
1.70136702060699,0
8.72096729278564,0
17.4943065643311,0
24.4623336791992,0
27.422342300415,0
28.435131072998,0
30.7775707244873,0
34.2820777893066,0
36.3656120300293,0
36.7427940368652,0
37.7164611816406,0
39.8247756958008,0
40.8448677062988,0
40.0650100708008,0
40.1170654296875,0
42.9249610900879,0
46.9848403930664,0
50.8593635559082,0
56.3856468200684,0
65.3919143676758,0
75.5865859985352,0
83.2683868408203,0
88.4824066162109,0
93.6035995483398,0
97.8562698364258,0
97.8267288208008,0
93.8648223876953,0
91.6241226196289,0
95.2832336425781,0
102.213706970215,0
106.525077819824,0
105.732360839844,0
101.731163024902,0
96.8590621948242,0
91.6233215332031,0
85.9542541503906,0
80.6915435791016,0
77.2640914916992,0
76.3761596679688,0
76.8688735961914,0
75.8390655517578,0
70.8664093017578,0
62.6935768127441,0
54.8023986816406,0
49.6670532226562,0
46.3233757019043,0
42.4071350097656,0
37.5888824462891,0
33.7439804077148,0
32.2433586120605,0
32.420295715332,0
32.8413925170898,0
33.1555061340332,0
34.2031173706055,0
36.6048431396484,0
39.660758972168,0
41.8456001281738,0
42.2978286743164,0
41.4367828369141,0
40.0552558898926,0
38.5007095336914,0
37.1435089111328,0
36.7184753417969,0
37.2502403259277,0
37.3954277038574,0
36.0561447143555,0
34.0082359313965,0
32.5633964538574,0
31.2999801635742,0
28.8561725616455,0
25.3872852325439,0
22.0745105743408,0
18.5366535186768,0
13.385796546936,0
7.61124849319458,0
4.54032754898071,0
5.42943286895752,0
7.71056747436523,0
8.96113586425781,0
10.0344324111938,0
12.4524908065796,0
15.2786836624146,0
17.2041130065918,0
19.7012557983398,0
24.8817863464355,0
31.4011821746826,0
35.8967361450195,0
38.1541709899902,0
41.5431251525879,0
47.9586524963379,0
55.4165802001953,0
61.6435317993164,0
67.1804275512695,0
73.1755905151367,0
78.4253997802734,0
81.0567016601562,0
81.8059768676758,0
83.0482330322266,0
85.1394805908203,0
86.3314666748047,0
86.4415435791016,0
87.8838729858398,0
91.8693542480469,0
95.9213562011719,0
97.3512496948242,0
97.7203369140625,0
101.041007995605,0
107.935035705566,0
114.526229858398,0
117.762733459473,0
119.051887512207,0
121.062057495117,0
123.314331054688,0
123.420310974121,0
121.219337463379,0
118.81502532959,0
116.901062011719,0
113.66674041748,0
107.707862854004,0
100.07332611084,0
92.9572067260742,0
87.7822952270508,0
84.6053009033203,0
81.782096862793,0
76.2908401489258,0
66.5012969970703,0
55.058536529541,0
46.9413108825684,0
43.9154014587402,0
42.8974685668945,0
40.6592712402344,0
37.8211326599121,0
36.5713844299316,0
36.5896987915039,0
35.7837600708008,0
33.9254150390625,0
32.8639373779297,0
33.3349685668945,0
33.8900756835938,0
33.3322105407715,0
32.2550582885742,0
31.3863391876221,0
29.8790798187256,0
26.372350692749,0
21.0412673950195,0
15.6619062423706,0
11.8646287918091,0
9.86460399627686,0
8.78072834014893,0
7.77777099609375,0
6.79167032241821,0
6.2771954536438,0
6.48388528823853,0
7.26950597763062,0
8.56949138641357,0
10.4840869903564,0
12.5942316055298,0
13.7243785858154,0
12.9356861114502,0
10.4115037918091,0
6.87008047103882,0
2.6165235042572,0
-2.03664112091064,0
-5.91496562957764,0
-7.84141063690186,0
-8.40451812744141,0
-9.56111526489258,0
-11.9413156509399,0
-13.674732208252,0
-12.8368339538574,0
-10.3049230575562,0
-9.00258541107178,0
-10.5635232925415,0
-13.8636512756348,0
-16.9073600769043,0
-18.9820919036865,0
-20.2944927215576,0
-20.3351554870605,0
-17.893533706665,0
-12.9320592880249,0
-7.59301280975342,0
-4.54684114456177,0
-4.41511964797974,0
-5.40325975418091,0
-5.57589244842529,0
-4.88115072250366,0
-4.55587100982666,0
-5.12774705886841,0
-5.77221059799194,0
-5.42302227020264,0
-3.80141019821167,0
-1.52317440509796,0
0.0137541815638542,0
-0.930118978023529,0
-4.91015005111694,0
-10.0398645401001,0
-13.5093860626221,0
-14.816445350647,0
-16.2074012756348,0
-19.2241325378418,0
-22.3067741394043,0
-23.135612487793,0
-22.0166778564453,0
-20.9207458496094,0
-19.8073844909668,0
-16.2574138641357,0
-9.09693622589111,0
-0.432667791843414,0
6.80578279495239,0
11.9895725250244,0
16.4703826904297,0
21.1189136505127,0
25.3101463317871,0
28.0043067932129,0
29.056468963623,0
29.5023765563965,0
30.780834197998,0
33.4179229736328,0
36.455810546875,0
38.6650848388672,0
40.2358856201172,0
42.4497108459473,0
45.6593322753906,0
48.7475128173828,0
50.9468612670898,0
52.8345489501953,0
54.5769195556641,0
54.3823890686035,0
50.2158889770508,0
42.5338821411133,0
33.9394721984863,0
26.4745178222656,0
20.6710948944092,0
16.9452457427979,0
15.9206714630127,0
16.7955722808838,0
17.1160945892334,0
15.3433294296265,0
12.5785484313965,0
10.6809148788452,0
9.69783878326416,0
8.50264739990234,0
7.165207862854,0
6.91101264953613,0
7.82853698730469,0
8.31228160858154,0
7.31024217605591,0
5.87010812759399,0
5.61061906814575,0
6.3960337638855,0
6.45229959487915,0
4.59440898895264,0
1.59636223316193,0
-0.879325449466705,0
-2.3037326335907,0
-3.65880799293518,0
-5.63970613479614,0
-7.16764545440674,0
-6.63302707672119,0
-4.41212224960327,0
-2.82912015914917,0
-3.19937324523926,0
-4.14521789550781,0
-3.54333472251892,0
-0.909616053104401,0
3.03730177879333,0
7.72950744628906,0
12.244758605957,0
14.8401308059692,0
14.993127822876,0
14.9506893157959,0
17.0350151062012,0
20.1187705993652,0
21.2674407958984,0
20.4297008514404,0
20.5340232849121,0
22.692455291748,0
24.4197883605957,0
23.6732597351074,0
21.8120288848877,0
20.8363552093506,0
20.0735702514648,0
17.8052082061768,0
14.4393005371094,0
11.6183490753174,0
9.19576740264893,0
5.48886203765869,0
0.154717370867729,0
-5.29578685760498,0
-9.93148231506348,0
-14.6316223144531,0
-20.489294052124,0
-27.1792430877686,0
-33.359432220459,0
-38.0091972351074,0
-41.219783782959,0
-44.1643943786621,0
-48.0633850097656,0
-52.461986541748,0
-54.8847045898438,0
-53.3541793823242,0
-49.3047409057617,0
-46.7666969299316,0
-48.1245574951172,0
-51.605842590332,0
-53.6122932434082,0
-52.6270751953125,0
-49.7791061401367,0
-46.2778167724609,0
-42.0421371459961,0
-37.1908645629883,0
-33.3223648071289,0
-32.1210098266602,0
-33.399715423584,0
-35.6144256591797,0
-37.8023071289062,0
-39.769401550293,0
-40.6823425292969,0
-39.1029281616211,0
-34.8736000061035,0
-29.7369956970215,0
-25.3883190155029,0
-21.7437496185303,0
-17.7000389099121,0
-12.8122615814209,0
-7.60954856872559,0
-2.88322281837463,0
0.886661052703857,0
4.0396523475647,0
7.88634061813354,0
13.4141597747803,0
19.7054615020752,0
25.0938587188721,0
30.296293258667,0
38.3748779296875,0
50.3262634277344,0
62.6940422058105,0
71.6355361938477,0
77.8627777099609,0
85.0613784790039,0
94.4995880126953,0
104.124656677246,0
112.471260070801,0
120.129058837891,0
126.900581359863,0
130.714218139648,0
130.694412231445,0
128.77490234375,0
126.647918701172,0
123.142822265625,0
116.284317016602,0
106.159530639648,0
94.0119400024414,0
80.2130508422852,0
65.2323226928711,0
51.2255592346191,0
40.1633605957031,0
30.9844303131104,0
20.8382873535156,0
8.95389175415039,0
-2.5928328037262,0
-11.7832107543945,0
-18.5205345153809,0
-23.6539001464844,0
-27.9441204071045,0
-32.2488174438477,0
-37.1718215942383,0
-42.108642578125,0
-45.8221969604492,0
-48.1707649230957,0
-50.101432800293,0
-51.849609375,0
-52.4852676391602,0
-51.4952278137207,0
-49.5068511962891,0
-47.0981826782227,0
-44.1893005371094,0
-41.0942878723145,0
-38.9210433959961,0
-38.2271347045898,0
-38.2279052734375,0
-37.9007759094238,0
-36.9879035949707,0
-35.5189361572266,0
-33.4756317138672,0
-31.4836616516113,0
-30.563720703125,0
-30.2992744445801,0
-28.4436340332031,0
-23.6064014434814,0
-17.4847183227539,0
-13.0557813644409,0
-11.0954122543335,0
-9.86672878265381,0
-7.9010181427002,0
-5.53194999694824,0
-3.55577754974365,0
-1.83277547359467,0
0.115296363830566,0
1.9955837726593,0
2.89221239089966,0
2.08133292198181,0
-0.608940064907074,0
-4.71604681015015,0
-9.09563159942627,0
-12.4737977981567,0
-14.4370708465576,0
-15.5365800857544,0
-16.2581348419189,0
-16.4573402404785,0
-16.0503234863281,0
-15.4869298934937,0
-14.9439249038696,0
-13.7073965072632,0
-11.2066459655762,0
-8.27541637420654,0
-6.47676229476929,0
-6.31129932403564,0
-6.90874004364014,0
-7.44546365737915,0
-8.11418437957764,0
-9.73051738739014,0
-13.1161470413208,0
-18.7171592712402,0
-25.8378219604492,0
-32.275951385498,0
-35.9543075561523,0
-37.2356338500977,0
-38.4249877929688,0
-40.5819435119629,0
-42.3462295532227,0
-42.8311462402344,0
-43.9706382751465,0
-48.0273780822754,0
-53.67822265625,0
-56.9539413452148,0
-56.1522445678711,0
-53.6884994506836,0
-52.4392700195312,0
-52.2270660400391,0
-51.2383079528809,0
-49.3864631652832,0
-48.3160743713379,0
-48.6759910583496,0
-49.3484725952148,0
-49.517204284668,0
-49.7825622558594,0
-50.5688819885254,0
-50.8458976745605,0
-49.5420150756836,0
-47.2743072509766,0
-45.3984298706055,0
-44.0022735595703,0
-42.3573532104492,0
-41.0397415161133,0
-41.7614479064941,0
-44.706184387207,0
-47.6965789794922,0
-48.8324890136719,0
-48.5790748596191,0
-48.3211860656738,0
-48.3346862792969,0
-48.551097869873,0
-49.8909873962402,0
-52.8068923950195,0
-55.3720550537109,0
-55.123420715332,0
-52.5922355651855,0
-50.852123260498,0
-51.4870300292969,0
-53.1305999755859,0
-54.320182800293,0
-55.5214347839355,0
-57.382080078125,0
-58.9477043151855,0
-59.0150184631348,0
-57.9513282775879,0
-56.903564453125,0
-56.1957244873047,0
-55.5692176818848,0
-55.0612449645996,0
-54.6194801330566,0
-53.7293395996094,0
-52.4345588684082,0
-51.901554107666,0
-52.9351081848145,0
-54.6469879150391,0
-55.5934867858887,0
-55.5823707580566,0
-55.3963508605957,0
-55.4052276611328,0
-55.5444526672363,0
-56.1376152038574,0
-57.5207977294922,0
-58.9790115356445,0
-59.0321159362793,0
-56.9228973388672,0
-53.4065780639648,0
-50.2040061950684,0
-48.8713989257812,0
-49.664436340332,0
-51.1166915893555,0
-51.3029632568359,0
-49.8923187255859,0
-48.2481231689453,0
-47.1833343505859,0
-45.8043556213379,0
-43.4224815368652,0
-41.3338088989258,0
-41.1156463623047,0
-41.8671684265137,0
-41.0143241882324,0
-37.8604278564453,0
-34.6687393188477,0
-33.7842597961426,0
-35.0827026367188,0
-37.0256385803223,0
-39.129508972168,0
-42.2634620666504,0
-46.961296081543,0
-52.4371299743652,0
-57.2492866516113,0
-60.2757301330566,0
-61.0299530029297,0
-59.7159156799316,0
-57.3250770568848,0
-55.2303466796875,0
-54.1255645751953,0
-53.4261131286621,0
-52.114200592041,0
-50.0798187255859,0
-48.0476303100586,0
-46.1537055969238,0
-43.4748077392578,0
-39.4535484313965,0
-34.9049911499023,0
-30.6886157989502,0
-26.1440715789795,0
-20.2152690887451,0
-13.6810846328735,0
-8.54888820648193,0
-5.2035608291626,0
-2.00589537620544,0
1.83483839035034,0
4.94235515594482,0
6.25978231430054,0
6.94457387924194,0
8.33224773406982,0
9.71297454833984,0
10.0230531692505,0
10.3018856048584,0
12.08323097229,0
14.274697303772,0
14.3506784439087,0
12.4483804702759,0
11.6274499893188,0
13.6275949478149,0
16.672119140625,0
18.2783203125,0
18.3735275268555,0
18.7455902099609,0
20.9351673126221,0
25.4125709533691,0
31.377326965332,0
36.7000045776367,0
39.5786552429199,0
40.9411125183105,0
43.5663070678711,0
48.0403289794922,0
51.5154876708984,0
51.7879409790039,0
50.7138557434082,0
51.6315879821777,0
54.8000450134277,0
57.684986114502,0
58.9252014160156,0
59.5232429504395,0
60.2608451843262,0
60.4030265808105,0
59.5959091186523,0
59.0239562988281,0
59.5348968505859,0
60.0512084960938,0
59.2437400817871,0
57.9014015197754,0
58.0452690124512,0
59.8252906799316,0
60.7117195129395,0
58.2777709960938,0
52.9112777709961,0
47.1070251464844,0
42.661075592041,0
39.4036636352539,0
36.3768997192383,0
33.1281471252441,0
29.5764102935791,0
25.6596164703369,0
21.9151916503906,0
19.7479038238525,0
20.0938949584961,0
22.0294780731201,0
23.6135272979736,0
24.0239658355713,0
23.9400367736816,0
23.8326053619385,0
23.0550708770752,0
21.0514659881592,0
18.3476505279541,0
15.5122547149658,0
12.0236959457397,0
7.34596586227417,0
2.62010216712952,0
-0.125087454915047,0
-0.496290892362595,0
-0.18844547867775,0
-0.550547242164612,0
-0.890431463718414,0
0.131974056363106,0
2.55350255966187,0
5.59733152389526,0
9.13688468933105,0
13.1470336914062,0
16.2719249725342,0
16.9119987487793,0
15.9673900604248,0
16.6382389068604,0
20.6756324768066,0
26.3342037200928,0
31.0394325256348,0
34.5921287536621,0
38.3018951416016,0
42.2982139587402,0
45.7332344055176,0
48.9083862304688,0
52.9964256286621,0
57.8550033569336,0
62.2350158691406,0
66.1766204833984,0
70.9459991455078,0
76.3124313354492,0
80.4586410522461,0
83.4302444458008,0
87.8220443725586,0
94.2673034667969,0
99.0081176757812,0
98.8398742675781,0
96.3823928833008,0
96.6566314697266,0
99.4573822021484,0
99.4651947021484,0
94.2688751220703,0
87.92138671875,0
84.7551727294922,0
83.3787612915039,0
79.6588821411133,0
72.9528656005859,0
65.9241714477539,0
59.7390556335449,0
53.0345916748047,0
45.1893577575684,0
37.4324073791504,0
30.5194034576416,0
23.9528675079346,0
17.8489646911621,0
13.1325092315674,0
9.36017322540283,0
4.70161294937134,0
-1.15106165409088,0
-6.27836465835571,0
-9.67730045318604,0
-12.895806312561,0
-17.2605094909668,0
-21.6707344055176,0
-24.9588108062744,0
-28.4750366210938,0
-33.8447074890137,0
-39.4495658874512,0
-42.0482330322266,0
-41.5886878967285,0
-41.5998497009277,0
-44.2715072631836,0
-47.6295700073242,0
-48.8445472717285,0
-48.3192863464355,0
-48.4814796447754,0
-49.6544380187988,0
-49.6103286743164,0
-47.3424415588379,0
-44.9765815734863,0
-44.6697273254395,0
-45.2072410583496,0
-43.7171745300293,0
-40.1519470214844,0
-37.7005729675293,0
-38.2889595031738,0
-39.9008445739746,0
-39.7508392333984,0
-38.3278846740723,0
-38.1463470458984,0
-39.5164489746094,0
-40.1153182983398,0
-38.6655235290527,0
-36.573802947998,0
-35.2612228393555,0
-33.9277191162109,0
-31.006196975708,0
-26.1568355560303,0
-19.6422157287598,0
-11.2975263595581,0
-1.70681405067444,0
6.79045534133911,0
12.1543703079224,0
15.1468152999878,0
18.0844249725342,0
21.4341793060303,0
23.3743457794189,0
22.7300033569336,0
20.6679248809814,0
19.1300773620605,0
19.0154800415039,0
20.3197975158691,0
22.5941925048828,0
24.5573348999023,0
24.6423759460449,0
22.9445114135742,0
21.4534358978271,0
21.1838283538818,0
20.2013149261475,0
16.0663833618164,0
9.41496181488037,0
3.19732189178467,0
-1.33887350559235,0
-5.90877151489258,0
-12.2639799118042,0
-19.9394969940186,0
-27.5054779052734,0
-34.2519454956055,0
-39.645133972168,0
-42.7128601074219,0
-43.3645782470703,0
-43.2316284179688,0
-43.847095489502,0
-44.847339630127,0
-45.2344818115234,0
-45.5210151672363,0
-47.0874862670898,0
-49.9442863464355,0
-52.5561714172363,0
-53.5460510253906,0
-52.4483604431152,0
-49.4256210327148,0
-45.568977355957,0
-42.7276458740234,0
-41.413257598877,0
-39.5942726135254,0
-35.4905319213867,0
-30.8432941436768,0
-28.9117641448975,0
-29.546106338501,0
-29.2252197265625,0
-26.3356513977051,0
-23.1747989654541,0
-21.5214252471924,0
-19.5140075683594,0
-15.2756853103638,0
-10.9711217880249,0
-10.028769493103,0
-11.8534049987793,0
-12.6829776763916,0
-11.0967054367065,0
-9.34514236450195,0
-8.97540473937988,0
-8.26287746429443,0
-5.14569616317749,0
-0.26933079957962,0
4.55449199676514,0
9.23314952850342,0
14.8440256118774,0
21.1247806549072,0
26.3996467590332,0
29.8928337097168,0
32.6943893432617,0
36.2191276550293,0
40.7930755615234,0
46.1474075317383,0
52.334831237793,0
59.2777671813965,0
65.8112869262695,0
70.2336730957031,0
72.1817321777344,0
73.3670501708984,0
75.8724060058594,0
79.959716796875,0
84.0897979736328,0
86.8611068725586,0
88.1147537231445,0
88.0792388916016,0
86.4308853149414,0
82.8343811035156,0
77.7941207885742,0
72.2191848754883,0
66.4360275268555,0
60.2066879272461,0
53.3968505859375,0
46.0042610168457,0
37.8633575439453,0
29.1260929107666,0
20.9232749938965,0
14.7739658355713,0
11.2366275787354,0
9.57559490203857,0
8.50154304504395,0
6.60787582397461,0
2.55364847183228,0
-3.94569230079651,0
-11.2972040176392,0
-17.4502716064453,0
-22.4077739715576,0
-28.1007308959961,0
-35.3770141601562,0
-42.5141487121582,0
-47.4911499023438,0
-50.3725852966309,0
-52.3346214294434,0
-53.6190757751465,0
-53.974853515625,0
-54.1004981994629,0
-54.7737808227539,0
-55.1126556396484,0
-53.6572418212891,0
-51.0010261535645,0
-49.3972625732422,0
-49.5519218444824,0
-49.5660820007324,0
-47.4273986816406,0
-42.9683380126953,0
-37.0621337890625,0
-30.6643714904785,0
-25.1998653411865,0
-22.0087947845459,0
-20.3977375030518,0
-17.8362712860107,0
-13.2132940292358,0
-8.46355056762695,0
-5.79397964477539,0
-4.76530027389526,0
-3.58250212669373,0
-1.95884692668915,0
-0.936064302921295,0
-0.815984308719635,0
-1.09785282611847,0
-1.77640652656555,0
-2.78550505638123,0
-2.53501009941101,0
0.972458720207214,0
7.36413240432739,0
13.8900632858276,0
18.6294231414795,0
22.4149513244629,0
27.0934085845947,0
33.014476776123,0
38.9823760986328,0
44.0215377807617,0
48.3996543884277,0
52.888126373291,0
57.2570915222168,0
59.7818565368652,0
58.7331085205078,0
54.4626884460449,0
49.3383445739746,0
45.3026237487793,0
42.2973251342773,0
39.4632759094238,0
36.6175231933594,0
33.5554008483887,0
29.1922817230225,0
23.0575466156006,0
16.7691287994385,0
12.0519123077393,0
7.72379016876221,0
0.800857543945312,0
-9.3485221862793,0
-20.1038837432861,0
-29.280876159668,0
-37.5049057006836,0
-45.820426940918,0
-52.9021377563477,0
-56.4812164306641,0
-56.5273132324219,0
-55.2775001525879,0
-54.5421180725098,0
-54.3954315185547,0
-54.2503929138184,0
-53.7897682189941,0
-52.6515350341797,0
-50.3105659484863,0
-46.727165222168,0
-42.4820404052734,0
-37.9462699890137,0
-32.7790870666504,0
-26.4973697662354,0
-19.1647434234619,0
-11.2955188751221,0
-3.42289185523987,0
3.95451426506042,0
10.2609767913818,0
15.0660800933838,0
18.420129776001,0
20.8014965057373,0
22.8473300933838,0
25.3413105010986,0
29.1470317840576,0
34.4153900146484,0
39.7249298095703,0
42.8929328918457,0
43.3642616271973,0
43.2578620910645,0
45.1963348388672,0
49.5190620422363,0
54.6193733215332,0
59.5403099060059,0
64.7415161132812,0
70.4503326416016,0
76.1105422973633,0
81.8577346801758,0
88.6051788330078,0
95.8065414428711,0
101.103912353516,0
103.629829406738,0
105.932006835938,0
110.814430236816,0
117.723937988281,0
124.279090881348,0
129.940170288086,0
135.554412841797,0
140.259231567383,0
141.935516357422,0
140.592712402344,0
138.358764648438,0
135.795867919922,0
131.081207275391,0
123.613067626953,0
115.772834777832,0
109.94709777832,0
106.074203491211,0
103.263763427734,0
101.397331237793,0
99.487663269043,0
94.7432479858398,0
85.5755920410156,0
74.1337966918945,0
63.8165473937988,0
55.440731048584,0
47.7267150878906,0
40.2206993103027,0
33.4102325439453,0
26.8954963684082,0
19.9800262451172,0
13.6702442169189,0
9.69325637817383,0
7.63840198516846,0
5.3588285446167,0
2.27949476242065,0
-0.0387546196579933,0
-1.02601385116577,0
-2.42627787590027,0
-5.58430051803589,0
-9.46601867675781,0
-12.5953588485718,0
-15.2158145904541,0
-18.0849151611328,0
-20.5581245422363,0
-21.5689716339111,0
-21.6122665405273,0
-22.1183242797852,0
-23.3173294067383,0
-24.0835742950439,0
-23.6312637329102,0
-22.2665004730225,0
-20.6853790283203,0
-19.4601402282715,0
-19.0525379180908,0
-19.6646766662598,0
-21.3261604309082,0
-24.4285221099854,0
-29.3437442779541,0
-35.0362586975098,0
-39.354118347168,0
-41.7350273132324,0
-44.2792625427246,0
-48.643627166748,0
-53.1750183105469,0
-55.1252937316895,0
-54.6031646728516,0
-53.8016929626465,0
-53.0142822265625,0
-50.4818992614746,0
-46.2907371520996,0
-43.2185897827148,0
-42.6682510375977,0
-42.4711990356445,0
-40.1666297912598,0
-36.1429481506348,0
-31.9083995819092,0
-27.4469242095947,0
-22.3947505950928,0
-18.0917873382568,0
-16.002571105957,0
-15.0951061248779,0
-13.0566959381104,0
-9.52179718017578,0
-6.08490467071533,0
-3.61527180671692,0
-1.63068091869354,0
-0.138320922851562,0
-0.00781737640500069,0
-1.16575527191162,0
-2.05764031410217,0
-1.4489358663559,0
0.333191215991974,0
2.20004487037659,0
3.28716349601746,0
3.01127529144287,0
1.33425533771515,0
-0.657100737094879,0
-1.44610142707825,0
-0.865481793880463,0
-0.517276346683502,0
-2.12019443511963,0
-6.01920127868652,0
-11.3639259338379,0
-16.8511810302734,0
-21.021240234375,0
-22.8425559997559,0
-22.7870025634766,0
-22.7904949188232,0
-24.3442268371582,0
-26.7785015106201,0
-28.0967674255371,0
-27.594539642334,0
-27.0829334259033,0
-29.0473289489746,0
-33.7748565673828,0
-38.9383850097656,0
-42.2452812194824,0
-43.7471160888672,0
-44.7192192077637,0
-44.8929824829102,0
-42.4194526672363,0
-36.8119125366211,0
-30.1869659423828,0
-24.4803829193115,0
-18.7185478210449,0
-10.5593461990356,0
0.310354113578796,0
12.0539588928223,0
23.54443359375,0
35.449333190918,0
48.2525596618652,0
60.8969841003418,0
72.1549301147461,0
82.2464294433594,0
92.3331604003906,0
103.099670410156,0
114.37223815918,0
125.496055603027,0
135.486129760742,0
143.136947631836,0
147.435470581055,0
147.931030273438,0
144.924957275391,0
139.515701293945,0
132.874954223633,0
124.78816986084,0
113.504211425781,0
98.1000823974609,0
80.5607223510742,0
64.2316207885742,0
50.491886138916,0
38.3597564697266,0
27.0498752593994,0
16.950963973999,0
7.85161590576172,0
-1.64728593826294,0
-11.9597768783569,0
-21.4165382385254,0
-28.5113182067871,0
-33.9548835754395,0
-39.3830108642578,0
-45.2711372375488,0
-51.3999214172363,0
-58.2115325927734,0
-66.0313949584961,0
-73.5565185546875,0
-78.7581253051758,0
-81.2607421875,0
-82.7412567138672,0
-85.0510635375977,0
-88.809700012207,0
-93.6343612670898,0
-98.746826171875,0
-103.228309631348,0
-106.354537963867,0
-107.90941619873,0
-108.063110351562,0
-107.283340454102,0
-106.567642211914,0
-107.020057678223,0
-108.508445739746,0
-109.322158813477,0
-108.021690368652,0
-105.19458770752,0
-102.436859130859,0
-99.9985504150391,0
-96.6890411376953,0
-92.0401992797852,0
-87.1210403442383,0
-82.7642440795898,0
-78.3789978027344,0
-73.5216674804688,0
-69.5004348754883,0
-67.7946014404297,0
-67.2960052490234,0
-64.9246520996094,0
-59.3379440307617,0
-52.4850082397461,0
-46.7547760009766,0
-42.0396041870117,0
-36.8347396850586,0
-30.9793910980225,0
-25.4928131103516,0
-20.3430557250977,0
-14.3862066268921,0
-7.45460367202759,0
-0.590934574604034,0
6.07059955596924,0
13.8309106826782,0
23.3402404785156,0
33.7831993103027,0
44.8002586364746,0
57.2591285705566,0
71.1179962158203,0
84.8205642700195,0
98.884162902832,0
118.39094543457,0
149.099563598633,0
191.374008178711,0
239.85334777832,0
288.384918212891,0
332.789215087891,0
369.122039794922,0
392.684143066406,0
400.720977783203,0
394.828094482422,0
379.523040771484,0
359.311981201172,0
337.4619140625,0
315.655395507812,0
293.228759765625,0
267.857025146484,0
238.631225585938,0
207.885528564453,0
178.752044677734,0
151.808624267578,0
125.850410461426,0
101.227867126465,0
80.0048141479492,0
62.5884094238281,0
46.5317420959473,0
29.6873397827148,0
12.7403659820557,0
-2.60941767692566,0
-16.3271465301514,0
-29.2849445343018,0
-41.2013931274414,0
-51.3786659240723,0
-60.6268119812012,0
-70.2218017578125,0
-79.3727798461914,0
-86.1550521850586,0
-91.1233367919922,0
-97.5157165527344,0
-106.923080444336,0
-116.760200500488,0
-123.362442016602,0
-126.146217346191,0
-127.371543884277,0
-128.955703735352,0
-130.959716796875,0
-132.455261230469,0
-132.522903442383,0
-130.783218383789,0
-127.998435974121,0
-125.893829345703,0
-125.638305664062,0
-126.770164489746,0
-128.025543212891,0
-128.606491088867,0
-128.187545776367,0
-126.542198181152,0
-123.895172119141,0
-120.903678894043,0
-117.572723388672,0
-112.97257232666,0
-106.839195251465,0
-100.657936096191,0
-96.1447067260742,0
-93.2133560180664,0
-90.4497833251953,0
-87.2183685302734,0
-84.3330078125,0
-82.7240905761719,0
-82.0639724731445,0
-80.7092132568359,0
-76.8845520019531,0
-70.3279724121094,0
-62.8029289245605,0
-56.3038330078125,0
-50.7678070068359,0
-44.5824584960938,0
-37.3872680664062,0
-30.8197593688965,0
-25.8673686981201,0
-21.0604820251465,0
-14.5260028839111,0
-6.78355932235718,0
-0.239166527986526,0
3.4641900062561,0
4.69129991531372,0
5.19336700439453,0
7.16598892211914,0
12.1450824737549,0
19.8126659393311,0
28.3748683929443,0
36.7114219665527,0
45.3651504516602,0
54.9306716918945,0
64.7552642822266,0
74.1296081542969,0
83.3792419433594,0
92.4567794799805,0
99.6714019775391,0
103.419189453125,0
104.274513244629,0
103.793258666992,0
102.12508392334,0
98.5852890014648,0
93.8542861938477,0
89.5664291381836,0
86.0261535644531,0
82.2816696166992,0
78.3107452392578,0
75.0950927734375,0
72.3714141845703,0
68.3747711181641,0
62.4446029663086,0
56.1656684875488,0
51.1773376464844,0
47.4013633728027,0
44.3060989379883,0
42.4234657287598,0
42.3471717834473,0
43.26171875,0
43.7904319763184,0
43.7487411499023,0
44.0595397949219,0
45.5124588012695,0
48.6066398620605,0
53.9915046691895,0
61.6621551513672,0
69.7740783691406,0
75.5716857910156,0
78.0493392944336,0
79.0580215454102,0
81.3582458496094,0
85.9823989868164,0
91.8337936401367,0
97.4700927734375,0
102.64185333252,0
107.913536071777,0
113.211730957031,0
117.433303833008,0
119.763801574707,0
120.833526611328,0
121.833442687988,0
122.736022949219,0
122.446022033691,0
120.911125183105,0
119.87760925293,0
120.723403930664,0
122.426467895508,0
122.794738769531,0
121.119384765625,0
118.350219726562,0
115.11190032959,0
111.273414611816,0
107.623199462891,0
106.058052062988,0
107.052207946777,0
108.315818786621,0
107.445625305176,0
105.131805419922,0
104.149711608887,0
105.47566986084,0
107.07054901123,0
106.820037841797,0
105.24813079834,0
104.538024902344,0
105.826667785645,0
108.367095947266,0
110.741172790527,0
111.969223022461,0
111.821350097656,0
111.067459106445,0
111.355911254883,0
113.818016052246,0
117.483253479004,0
119.90837097168,0
119.898262023926,0
118.906837463379,0
118.946929931641,0
119.614669799805,0
118.417137145996,0
114.198577880859,0
108.948120117188,0
105.262306213379,0
102.821937561035,0
98.7770309448242,0
91.4522323608398,0
82.1484069824219,0
72.8737335205078,0
63.8508682250977,0
54.3348808288574,0
44.5248794555664,0
34.902416229248,0
24.5147476196289,0
12.1491889953613,0
-0.904230833053589,0
-11.6485157012939,0
-19.5099048614502,0
-27.3647499084473,0
-37.3507957458496,0
-47.986988067627,0
-57.2526245117188,0
-66.2621383666992,0
-77.0256271362305,0
-88.0528945922852,0
-95.7421722412109,0
-99.8203811645508,0
-103.823348999023,0
-109.54541015625,0
-114.395332336426,0
-115.722473144531,0
-114.761688232422,0
-114.047882080078,0
-113.244888305664,0
-110.315574645996,0
-105.428497314453,0
-100.872917175293,0
-97.6956405639648,0
-94.9692230224609,0
-92.2469024658203,0
-90.3927536010742,0
-89.65185546875,0
-88.8406219482422,0
-87.009521484375,0
-84.4306488037109,0
-81.5450973510742,0
-78.3949279785156,0
-75.5183029174805,0
-73.8096618652344,0
-72.6864547729492,0
-69.8269882202148,0
-63.9064521789551,0
-56.6036224365234,0
-50.675422668457,0
-46.7920951843262,0
-43.6236114501953,0
-40.540153503418,0
-38.5067710876465,0
-38.022289276123,0
-37.6984977722168,0
-35.8947105407715,0
-32.9043426513672,0
-30.2745361328125,0
-28.2297344207764,0
-25.1105766296387,0
-19.7526702880859,0
-13.2568244934082,0
-7.37934637069702,0
-1.76375782489777,0
5.94350719451904,0
17.1260108947754,0
30.3750877380371,0
43.0538902282715,0
53.9844017028809,0
64.1119384765625,0
75.0239562988281,0
87.3322982788086,0
100.236061096191,0
112.256652832031,0
122.449264526367,0
130.902282714844,0
137.836044311523,0
142.579833984375,0
144.31071472168,0
143.713027954102,0
142.639526367188,0
141.661590576172,0
139.154739379883,0
133.60612487793,0
125.740135192871,0
117.348960876465,0
109.083869934082,0
100.75902557373,0
92.906852722168,0
86.1888275146484,0
79.6004028320312,0
71.0863952636719,0
60.0461921691895,0
47.6955909729004,0
34.8752632141113,0
21.2118358612061,0
6.84537792205811,0
-6.72481489181519,0
-18.3588333129883,0
-28.5647411346436,0
-38.3284873962402,0
-47.8902053833008,0
-57.4515533447266,0
-67.7434310913086,0
-78.7125396728516,0
-88.6783828735352,0
-96.1365509033203,0
-101.813934326172,0
-107.809509277344,0
-115.137832641602,0
-123.053764343262,0
-130.312850952148,0
-136.127319335938,0
-140.255966186523,0
-143.103485107422,0
-145.593704223633,0
-148.350280761719,0
-151.281265258789,0
-154.322311401367,0
-157.861755371094,0
-161.766693115234,0
-164.717971801758,0
-165.408966064453,0
-163.974197387695,0
-161.57080078125,0
-159.058151245117,0
-156.645431518555,0
-154.195602416992,0
-151.380798339844,0
-148.338775634766,0
-146.497482299805,0
-147.375595092773,0
-149.896026611328,0
-150.662658691406,0
-148.284606933594,0
-145.811233520508,0
-147.038925170898,0
-151.707946777344,0
-156.368804931641,0
-158.836090087891,0
-159.533889770508,0
-159.4453125,0
-159.283767700195,0
-160.018264770508,0
-161.573913574219,0
-161.466400146484,0
-157.432495117188,0
-151.036605834961,0
-145.720520019531,0
-141.556976318359,0
-135.406631469727,0
-126.496467590332,0
-117.934051513672,0
-111.561424255371,0
-105.128730773926,0
-96.4280776977539,0
-86.6107864379883,0
-76.8759841918945,0
-65.2816925048828,0
-50.3251266479492,0
-35.0557098388672,0
-23.5176334381104,0
-14.6897983551025,0
-4.25106525421143,0
8.26267147064209,0
18.3970890045166,0
23.3326168060303,0
25.5617542266846,0
28.5642490386963,0
31.9660949707031,0
33.1521530151367,0
31.594705581665,0
29.2178115844727,0
27.4759483337402,0
26.1139049530029,0
24.5751152038574,0
23.1529636383057,0
22.5526313781738,0
23.0692386627197,0
24.2996082305908,0
25.3482627868652,0
25.5403156280518,0
25.2330741882324,0
25.5592231750488,0
26.962984085083,0
28.3319244384766,0
28.0693302154541,0
25.8085422515869,0
22.5788764953613,0
19.4314060211182,0
16.5128192901611,0
13.6366758346558,0
11.212869644165,0
10.0764217376709,0
10.4887981414795,0
11.7848529815674,0
13.1679410934448,0
14.4886140823364,0
15.9454717636108,0
17.3450832366943,0
18.1749134063721,0
18.2855434417725,0
17.8961601257324,0
16.8353500366211,0
14.4112033843994,0
10.4260520935059,0
5.89990186691284,0
2.2413182258606,0
-0.246451050043106,0
-2.69236874580383,0
-6.46713018417358,0
-11.8687620162964,0
-18.017879486084,0
-23.8364791870117,0
-28.8607654571533,0
-33.0328330993652,0
-36.0821266174316,0
-37.6934356689453,0
-38.2951431274414,0
-39.0193519592285,0
-40.5880699157715,0
-42.7966842651367,0
-45.3331031799316,0
-48.2616500854492,0
-51.2486228942871,0
-53.5003089904785,0
-55.486499786377,0
-59.4351348876953,0
-66.3063735961914,0
-73.1963882446289,0
-76.2238845825195,0
-75.8373413085938,0
-76.5466613769531,0
-80.8428421020508,0
-86.2487182617188,0
-89.847038269043,0
-92.9822387695312,0
-98.8112106323242,0
-106.86792755127,0
-113.165512084961,0
-115.282829284668,0
-114.679611206055,0
-113.766387939453,0
-112.97371673584,0
-111.453071594238,0
-108.994293212891,0
-106.308853149414,0
-104.37377166748,0
-104.054252624512,0
-105.560592651367,0
-107.900726318359,0
-109.626419067383,0
-110.409843444824,0
-111.222465515137,0
-112.872703552246,0
-115.171577453613,0
-117.624504089355,0
-119.985626220703,0
-121.827987670898,0
-122.479118347168,0
-121.931900024414,0
-121.211227416992,0
-121.255424499512,0
-121.681053161621,0
-121.028427124023,0
-118.227783203125,0
-113.822937011719,0
-109.749588012695,0
-107.584487915039,0
-106.87287902832,0
-105.72681427002,0
-103.371688842773,0
-101.302856445312,0
-101.267478942871,0
-102.940650939941,0
-104.610656738281,0
-105.44539642334,0
-105.801071166992,0
-105.841697692871,0
-105.42887878418,0
-105.232116699219,0
-106.365394592285,0
-108.710693359375,0
-110.934242248535,0
-112.359275817871,0
-113.449249267578,0
-114.175445556641,0
-113.516143798828,0
-111.332168579102,0
-109.30061340332,0
-108.779998779297,0
-108.661270141602,0
-106.579109191895,0
-101.736846923828,0
-95.386833190918,0
-88.7998504638672,0
-81.9170608520508,0
-74.12841796875,0
-65.4537887573242,0
-56.5395889282227,0
-48.0296325683594,0
-40.3661155700684,0
-33.8793029785156,0
-28.5797939300537,0
-23.9181213378906,0
-19.2001190185547,0
-14.4450607299805,0
-10.588996887207,0
-8.60714054107666,0
-8.61303806304932,0
-10.0757093429565,0
-12.6884822845459,0
-16.5235157012939,0
-21.3080749511719,0
-26.0130767822266,0
-29.402645111084,0
-30.9135971069336,0
-31.1477012634277,0
-31.7589378356934,0
-34.5043258666992,0
-39.7248611450195,0
-45.8423004150391,0
-51.0037231445312,0
-55.0668563842773,0
-59.0810012817383,0
-62.9526672363281,0
-65.0291061401367,0
-64.5323181152344,0
-63.1695442199707,0
-63.3597564697266,0
-65.6607666015625,0
-68.878303527832,0
-71.9897155761719,0
-74.8382186889648,0
-77.398193359375,0
-79.5898895263672,0
-81.7915802001953,0
-84.5917663574219,0
-87.9550933837891,0
-91.2965850830078,0
-94.3205337524414,0
-97.1693420410156,0
-99.9264678955078,0
-102.691734313965,0
-105.958885192871,0
-110.055206298828,0
-114.244049072266,0
-117.245025634766,0
-118.728324890137,0
-119.545761108398,0
-120.528518676758,0
-122.013214111328,0
-124.585441589355,0
-129.001190185547,0
-134.809616088867,0
-140.154724121094,0
-143.751129150391,0
-146.133529663086,0
-148.009567260742,0
-148.311477661133,0
-145.270278930664,0
-138.831085205078,0
-130.329849243164,0
-119.986434936523,0
-106.773109436035,0
-91.3385696411133,0
-76.9307098388672,0
-65.7509841918945,0
-55.7901382446289,0
-43.4751510620117,0
-28.8606491088867,0
-15.7943553924561,0
-6.790198802948,0
-0.255063414573669,0
6.19060325622559,0
12.0618982315063,0
15.7155961990356,0
17.9006862640381,0
20.6868419647217,0
23.4480743408203,0
22.9956092834473,0
18.2704010009766,0
12.2301607131958,0
7.79555320739746,0
4.14658117294312,0
-1.09798669815063,0
-7.70313262939453,0
-13.2210941314697,0
-16.8423366546631,0
-20.4648628234863,0
-25.777099609375,0
-32.1754570007324,0
-38.1693077087402,0
-43.4375686645508,0
-48.655834197998,0
-54.1949920654297,0
-59.9193458557129,0
-65.9267425537109,0
-72.6967544555664,0
-80.2674789428711,0
-87.5067520141602,0
-92.6398849487305,0
-94.8968048095703,0
-95.434944152832,0
-95.9474105834961,0
-96.430549621582,0
-95.3871078491211,0
-92.4477920532227,0
-89.3365478515625,0
-87.4230499267578,0
-85.8533020019531,0
-83.5620498657227,0
-81.7082672119141,0
-81.8538818359375,0
-82.5246658325195,0
-80.3745193481445,0
-75.0081558227539,0
-69.9885635375977,0
-67.9589920043945,0
-66.9218444824219,0
-63.0292663574219,0
-55.6420783996582,0
-47.7837219238281,0
-42.3165969848633,0
-39.4002914428711,0
-37.5380744934082,0
-35.5959663391113,0
-33.3689422607422,0
-31.0633144378662,0
-28.8663349151611,0
-26.9597549438477,0
-25.7964553833008,0
-26.0922908782959,0
-28.0160942077637,0
-30.3161315917969,0
-30.939245223999,0
-28.8937702178955,0
-24.9371356964111,0
-20.0298748016357,0
-13.721905708313,0
-4.61229181289673,0
8.03522682189941,0
23.5021591186523,0
39.8233909606934,0
54.4404640197754,0
65.5951843261719,0
73.7919235229492,0
80.9764862060547,0
87.4527587890625,0
90.8146362304688,0
89.3172760009766,0
85.0920028686523,0
81.8037033081055,0
79.7218704223633,0
75.7814788818359,0
68.6514205932617,0
60.739372253418,0
53.9932746887207,0
46.6155319213867,0
36.3737144470215,0
25.1979141235352,0
17.3338832855225,0
13.5387754440308,0
10.0774660110474,0
3.84346723556519,0
-3.95790028572083,0
-10.1431922912598,0
-13.7091884613037,0
-16.3905582427979,0
-20.1289615631104,0
-25.1045322418213,0
-29.8079471588135,0
-32.4992256164551,0
-33.0782470703125,0
-33.69921875,0
-36.7023086547852,0
-41.7284469604492,0
-46.0256004333496,0
-48.0934562683105,0
-49.6917533874512,0
-53.2551116943359,0
-58.5149040222168,0
-63.1507263183594,0
-66.0543975830078,0
-68.2864990234375,0
-71.0411071777344,0
-74.3186187744141,0
-77.8179092407227,0
-81.6195220947266,0
-85.3587875366211,0
-87.9001007080078,0
-88.6493530273438,0
-88.3937377929688,0
-88.1314239501953,0
-87.8124160766602,0
-86.9894027709961,0
-85.9499969482422,0
-85.1750793457031,0
-84.1792831420898,0
-81.9985504150391,0
-78.5583038330078,0
-74.5050506591797,0
-69.9667816162109,0
-64.7766799926758,0
-59.8224143981934,0
-56.5394973754883,0
-54.5900382995605,0
-51.6083145141602,0
-46.2097702026367,0
-39.9686393737793,0
-35.2033843994141,0
-31.9109592437744,0
-28.408971786499,0
-24.1406707763672,0
-19.9759693145752,0
-16.1900177001953,0
-12.264533996582,0
-8.78804683685303,0
-7.34215068817139,0
-7.7486686706543,0
-7.40869188308716,0
-4.57322454452515,0
-0.53577995300293,0
2.97210931777954,0
6.89734125137329,0
13.0353155136108,0
20.055383682251,0
24.2702941894531,0
24.6943893432617,0
24.8485050201416,0
28.5289402008057,0
35.7770195007324,0
44.3674812316895,0
53.4403495788574,0
63.5402603149414,0
74.0804138183594,0
83.2253265380859,0
90.3502502441406,0
96.5890350341797,0
102.377708435059,0
106.11311340332,0
106.181053161621,0
103.095840454102,0
98.562629699707,0
93.3453826904297,0
87.2879867553711,0
80.8188323974609,0
74.9644088745117,0
69.8771591186523,0
64.6244049072266,0
58.8258781433105,0
53.4825668334961,0
49.5012893676758,0
46.1789245605469,0
42.2651710510254,0
38.358814239502,0
36.9394035339355,0
39.2612571716309,0
43.03564453125,0
44.5014686584473,0
42.6791763305664,0
40.1328582763672,0
39.1420555114746,0
38.8926620483398,0
37.8419036865234,0
37.2687911987305,0
39.8774490356445,0
45.2945327758789,0
49.8564643859863,0
51.5893363952637,0
52.7720565795898,0
56.0592041015625,0
60.3133201599121,0
62.4962692260742,0
62.1515693664551,0
61.4757804870605,0
61.7769165039062,0
62.4474868774414,0
63.2188301086426,0
64.8743667602539,0
67.2154846191406,0
68.3484649658203,0
66.8043899536133,0
63.0067138671875,0
58.2256469726562,0
53.5636291503906,0
50.3793678283691,0
49.9339637756348,0
51.6299705505371,0
52.9701499938965,0
52.3025588989258,0
50.4659385681152,0
48.7857322692871,0
46.8320922851562,0
43.6928291320801,0
40.5114860534668,0
39.8763771057129,0
42.7645683288574,0
47.4404640197754,0
51.4340209960938,0
53.5626335144043,0
54.0438919067383,0
53.7241897583008,0
53.3861885070801,0
53.0022201538086,0
51.713249206543,0
49.4796867370605,0
48.486686706543,0
51.249137878418,0
56.8479118347168,0
60.7571907043457,0
59.6468162536621,0
55.126163482666,0
51.2250289916992,0
49.18603515625,0
46.7652130126953,0
42.1965980529785,0
36.4032402038574,0
30.8171062469482,0
25.2511501312256,0
19.1068286895752,0
12.9705724716187,0
7.59218978881836,0
2.63678526878357,0
-2.0668420791626,0
-5.32722330093384,0
-6.42180585861206,0
-7.0427098274231,0
-9.29898929595947,0
-12.4389991760254,0
-13.740252494812,0
-12.2654075622559,0
-9.53176021575928,0
-6.81222152709961,0
-4.35624170303345,0
-3.23830723762512,0
-4.93079805374146,0
-8.29902267456055,0
-9.99693775177002,0
-9.17850589752197,0
-9.0252513885498,0
-11.8393173217773,0
-15.3802499771118,0
-16.5317096710205,0
-16.1576099395752,0
-17.0822563171387,0
-18.9357929229736,0
-18.7488250732422,0
-16.0548267364502,0
-13.6738243103027,0
-13.0167722702026,0
-11.9019527435303,0
-8.2310848236084,0
-3.27012777328491,0
0.337914437055588,0
2.08608078956604,0
3.55818724632263,0
6.09831523895264,0
10.0948028564453,0
15.8713188171387,0
23.6790447235107,0
32.6659660339355,0
40.8659057617188,0
46.7709274291992,0
50.7199211120605,0
54.4192848205566,0
59.0658302307129,0
64.2662887573242,0
69.0534057617188,0
73.4089889526367,0
77.8259353637695,0
81.5772857666016,0
82.8434906005859,0
80.976318359375,0
77.2669525146484,0
72.7507629394531,0
66.674690246582,0
58.2745132446289,0
48.7835006713867,0
40.1800193786621,0
32.8502464294434,0
25.9496097564697,0
19.2224407196045,0
12.8875322341919,0
6.5284948348999,0
-0.0770329385995865,0
-5.59627914428711,0
-8.58648490905762,0
-10.0631647109985,0
-12.6666393280029,0
-17.2096328735352,0
-21.8684196472168,0
-24.968620300293,0
-26.7369766235352,0
-27.8944683074951,0
-28.3507041931152,0
-28.1227436065674,0
-28.1037445068359,0
-28.9656600952148,0
-30.3048038482666,0
-31.5905303955078,0
-33.0030250549316,0
-34.6738967895508,0
-36.0418319702148,0
-36.6789398193359,0
-36.93896484375,0
-37.1209907531738,0
-36.8098754882812,0
-35.7771186828613,0
-34.7284088134766,0
-34.1998977661133,0
-33.2461128234863,0
-30.2742023468018,0
-25.0878486633301,0
-19.3049983978271,0
-14.6123332977295,0
-11.0997695922852,0
-7.55997562408447,0
-3.21962070465088,0
1.21844792366028,0
4.59069347381592,0
7.08981513977051,0
10.069037437439,0
13.5495910644531,0
15.1609182357788,0
13.0090703964233,0
8.76379203796387,0
5.80472898483276,0
4.51198816299438,0
1.86075222492218,0
-3.81818389892578,0
-10.36110496521,0
-15.3913345336914,0
-19.7870693206787,0
-25.1713600158691,0
-29.9880809783936,0
-31.311559677124,0
-29.7068328857422,0
-28.9928874969482,0
-31.0197620391846,0
-33.5544471740723,0
-34.0285339355469,0
-32.8425636291504,0
-31.8074226379395,0
-31.4112586975098,0
-31.1532516479492,0
-31.1293773651123,0
-31.7339153289795,0
-32.646842956543,0
-33.3542785644531,0
-34.0288925170898,0
-34.8573799133301,0
-35.029052734375,0
-33.3979530334473,0
-29.9791297912598,0
-26.1891803741455,0
-23.7118320465088,0
-23.2815456390381,0
-24.1861133575439,0
-24.8832473754883,0
-24.6210422515869,0
-24.3895969390869,0
-25.5627899169922,0
-27.8280544281006,0
-29.6453113555908,0
-30.7303733825684,0
-32.4781608581543,0
-35.3639945983887,0
-37.5571899414062,0
-37.3661270141602,0
-35.9547958374023,0
-36.0948753356934,0
-38.6521453857422,0
-41.6730804443359,0
-42.925910949707,0
-42.1661605834961,0
-40.4980964660645,0
-38.3643913269043,0
-35.0793876647949,0
-30.3507175445557,0
-25.4222469329834,0
-21.8436450958252,0
-19.2933692932129,0
-15.8693342208862,0
-11.086067199707,0
-7.26267051696777,0
-6.59457683563232,0
-7.79800128936768,0
-7.49735116958618,0
-4.47706604003906,0
-0.454453706741333,0
3.3484001159668,0
8.02475452423096,0
14.6879405975342,0
22.5488872528076,0
30.4533042907715,0
38.436222076416,0
46.3501052856445,0
52.7907409667969,0
57.2718887329102,0
61.961612701416,0
68.9972457885742,0
77.0801162719727,0
83.1176834106445,0
86.6000366210938,0
89.750732421875,0
93.4453125,0
95.6628799438477,0
94.5957260131836,0
90.9655456542969,0
86.2346496582031,0
80.447395324707,0
73.1036376953125,0
64.6801986694336,0
55.9965324401855,0
47.173282623291,0
38.260066986084,0
29.8030738830566,0
21.8493709564209,0
13.6168909072876,0
5.18402910232544,0
-1.88071584701538,0
-6.90785264968872,0
-11.7437887191772,0
-18.2268962860107,0
-25.2084465026855,0
-30.1792755126953,0
-33.1022300720215,0
-36.3560752868652,0
-41.1527214050293,0
-46.2317199707031,0
-50.1938362121582,0
-53.0271644592285,0
-54.9404907226562,0
-55.6251449584961,0
-55.3323631286621,0
-55.0801429748535,0
-55.1435661315918,0
-54.7414054870605,0
-53.6870536804199,0
-52.7761154174805,0
-51.9418869018555,0
-49.7428283691406,0
-45.6414375305176,0
-41.2237243652344,0
-37.9499244689941,0
-35.0628471374512,0
-31.1184463500977,0
-26.4062728881836,0
-22.1747798919678,0
-18.2293949127197,0
-13.1526727676392,0
-6.81909799575806,0
-1.17615640163422,0
1.79251730442047,0
1.94354474544525,0
0.622609317302704,0
-0.792526066303253,0
-1.76812815666199,0
-2.59939479827881,0
-3.82096314430237,0
-5.49283123016357,0
-7.127685546875,0
-8.41676330566406,0
-9.64205741882324,0
-11.0111360549927,0
-11.9542169570923,0
-11.6272268295288,0
-9.95287895202637,0
-7.69725656509399,0
-5.6314811706543,0
-4.05503797531128,0
-3.05183744430542,0
-2.70485520362854,0
-2.92872214317322,0
-3.4321608543396,0
-4.0385046005249,0
-4.84577131271362,0
-5.85726022720337,0
-6.56912517547607,0
-6.29415512084961,0
-5.11823606491089,0
-4.24066543579102,0
-4.77491760253906,0
-6.12184810638428,0
-6.19428777694702,0
-3.74964666366577,0
-0.0496281199157238,0
2.48333024978638,0
3.08593845367432,0
3.46612405776978,0
5.83691453933716,0
10.8601245880127,0
17.7736911773682,0
25.8332500457764,0
34.7698783874512,0
43.7572364807129,0
50.7761306762695,0
54.0840682983398,0
54.5334625244141,0
55.3775520324707,0
58.7418251037598,0
62.8720474243164,0
64.2709808349609,0
62.3220558166504,0
59.997615814209,0
59.6548309326172,0
60.1792259216309,0
59.444766998291,0
57.7347030639648,0
56.7837028503418,0
56.6320762634277,0
55.7370986938477,0
53.8386154174805,0
52.5788803100586,0
53.0648880004883,0
54.5477981567383,0
56.0215377807617,0
57.8446235656738,0
61.211238861084,0
66.8398895263672,0
74.4787902832031,0
82.9945297241211,0
90.8116989135742,0
96.9233093261719,0
101.555549621582,0
105.468330383301,0
109.029266357422,0
112.561614990234,0
116.815635681152,0
121.971900939941,0
126.834144592285,0
130.384170532227,0
133.571990966797,0
137.936431884766,0
142.91455078125,0
146.531295776367,0
148.66520690918,0
151.376480102539,0
155.576995849609,0
159.67951965332,0
162.542877197266,0
165.626190185547,0
170.658554077148,0
176.804763793945,0
181.964813232422,0
185.802520751953,0
189.75634765625,0
194.908187866211,0
201.568832397461,0
210.180313110352,0
220.553100585938,0
230.529403686523,0
237.609741210938,0
242.232345581055,0
247.563705444336,0
255.507095336914,0
264.718231201172,0
273.378356933594,0
282.035614013672,0
292.087371826172,0
302.715759277344,0
311.402252197266,0
317.278167724609,0
322.327972412109,0
328.94921875,0
337.252136230469,0
344.818725585938,0
348.18115234375,0
344.487762451172,0
332.906707763672,0
315.178466796875,0
294.496215820312,0
273.493377685547,0
253.3115234375,0
234.158279418945,0
215.898345947266,0
198.029281616211,0
179.941268920898,0
161.625869750977,0
143.604431152344,0
125.844703674316,0
107.342491149902,0
87.3585815429688,0
66.8078002929688,0
47.8791122436523,0
32.2685317993164,0
20.0768756866455,0
10.3426218032837,0
2.12649154663086,0
-5.19229698181152,0
-12.1356325149536,0
-18.72536277771,0
-23.814868927002,0
-25.9643039703369,0
-25.7862987518311,0
-26.5114231109619,0
-30.8849182128906,0
-37.9557113647461,0
-44.3927192687988,0
-48.6110992431641,0
-51.7448844909668,0
-54.7354888916016,0
-57.0822639465332,0
-59.2353210449219,0
-63.4088706970215,0
-70.0969924926758,0
-76.0312728881836,0
-78.1964340209961,0
-78.3609008789062,0
-80.7377700805664,0
-86.0399475097656,0
-90.9735717773438,0
-93.4781646728516,0
-95.2446136474609,0
-98.1456832885742,0
-100.904724121094,0
-101.089912414551,0
-98.8377075195312,0
-96.791862487793,0
-96.9890670776367,0
-99.1681213378906,0
-101.963401794434,0
-104.665924072266,0
-107.362945556641,0
-109.700614929199,0
-110.237945556641,0
-107.771797180176,0
-103.252281188965,0
-99.3179702758789,0
-97.4150314331055,0
-96.4645462036133,0
-95.2162094116211,0
-94.5791778564453,0
-95.9582138061523,0
-98.2051849365234,0
-98.462043762207,0
-95.9804077148438,0
-93.027702331543,0
-91.5817565917969,0
-91.0264511108398,0
-89.9146194458008,0
-88.2216491699219,0
-86.4480514526367,0
-83.7583160400391,0
-78.8880767822266,0
-72.6047821044922,0
-67.5955581665039,0
-65.445442199707,0
-64.7786102294922,0
-63.0590705871582,0
-59.541446685791,0
-55.5883941650391,0
-52.451587677002,0
-49.8848724365234,0
-47.138988494873,0
-44.1354942321777,0
-40.8565063476562,0
-36.535572052002,0
-30.7152938842773,0
-24.4837379455566,0
-19.0582847595215,0
-13.3743991851807,0
-5.01394605636597,0
6.04618453979492,0
16.5299682617188,0
23.7668952941895,0
28.9604873657227,0
35.1943702697754,0
43.4337692260742,0
52.1956024169922,0
60.3394165039062,0
68.1954803466797,0
76.0187149047852,0
83.0630874633789,0
88.6057739257812,0
92.6794967651367,0
95.3453979492188,0
96.2138824462891,0
95.247688293457,0
93.3918838500977,0
91.8097686767578,0
90.6491394042969,0
88.7284698486328,0
84.3528213500977,0
76.7201995849609,0
66.9978256225586,0
57.772029876709,0
50.7528038024902,0
45.1027145385742,0
38.7355804443359,0
31.1573104858398,0
24.0244827270508,0
18.6764545440674,0
14.2243747711182,0
8.81195640563965,0
1.96092653274536,0
-5.29536867141724,0
-12.110297203064,0
-18.5596408843994,0
-24.7996711730957,0
-30.5000514984131,0
-35.2739944458008,0
-38.9354400634766,0
-41.3104705810547,0
-42.6506156921387,0
-44.2086868286133,0
-47.1459159851074,0
-50.490161895752,0
-51.6072807312012,0
-49.6262168884277,0
-47.0728034973145,0
-46.6862678527832,0
-47.7105178833008,0
-47.289363861084,0
-44.9515800476074,0
-43.3973350524902,0
-44.6597938537598,0
-47.7340087890625,0
-50.7860450744629,0
-53.6451721191406,0
-56.7423477172852,0
-59.2467155456543,0
-60.1257934570312,0
-60.1347007751465,0
-60.8920936584473,0
-62.3411560058594,0
-62.7599754333496,0
-61.2315101623535,0
-58.6857872009277,0
-56.4206085205078,0
-54.9385986328125,0
-54.4804649353027,0
-55.2859992980957,0
-56.5816955566406,0
-56.3469505310059,0
-53.0933036804199,0
-47.4419555664062,0
-41.2512893676758,0
-35.6237602233887,0
-30.5033149719238,0
-25.8277072906494,0
-22.0295391082764,0
-19.2514743804932,0
-16.8275051116943,0
-13.8553056716919,0
-9.82230567932129,0
-4.56944608688354,0
1.63336408138275,0
7.54727602005005,0
11.1678237915039,0
11.2670545578003,0
8.57462787628174,0
4.92888689041138,0
1.53194379806519,0
-1.4387880563736,0
-4.03399610519409,0
-6.5165548324585,0
-10.1894073486328,0
-17.0197296142578,0
-27.6927070617676,0
-40.5756797790527,0
-53.1880645751953,0
-64.3174209594727,0
-74.184440612793,0
-82.926643371582,0
-89.7481002807617,0
-93.7914047241211,0
-95.4547500610352,0
-96.4824981689453,0
-98.6864547729492,0
-102.639503479004,0
-107.598663330078,0
-112.453071594238,0
-116.488868713379,0
-119.503257751465,0
-121.859298706055,0
-124.506248474121,0
-128.120697021484,0
-131.784332275391,0
-133.261184692383,0
-131.294860839844,0
-127.136283874512,0
-123.166625976562,0
-120.53865814209,0
-118.806678771973,0
-117.136413574219,0
-114.874328613281,0
-111.477561950684,0
-107.032508850098,0
-102.554786682129,0
-98.807502746582,0
-95.2298355102539,0
-91.0428314208984,0
-86.8171310424805,0
-83.6042709350586,0
-81.0541152954102,0
-78.091796875,0
-75.2081527709961,0
-74.1314697265625,0
-75.0011978149414,0
-75.7656707763672,0
-75.0072708129883,0
-73.6775665283203,0
-73.1697082519531,0
-73.1614532470703,0
-72.4648056030273,0
-70.8167190551758,0
-68.579231262207,0
-65.4829635620117,0
-60.9596061706543,0
-55.4407691955566,0
-50.4242744445801,0
-47.2835083007812,0
-46.3187370300293,0
-46.6428604125977,0
-46.8411331176758,0
-46.2996826171875,0
-45.9716339111328,0
-47.0854644775391,0
-49.1488418579102,0
-50.4552421569824,0
-50.7337875366211,0
-51.6302680969238,0
-53.7994918823242,0
-55.2855072021484,0
-54.2767448425293,0
-52.0693740844727,0
-51.327693939209,0
-52.2746505737305,0
-52.8554534912109,0
-52.4330978393555,0
-52.9557800292969,0
-55.8801193237305,0
-59.942512512207,0
-63.1631469726562,0
-65.6363067626953,0
-68.7601852416992,0
-72.3457641601562,0
-74.1919860839844,0
-72.9676132202148,0
-70.5071868896484,0
-70.244140625,0
-73.3447341918945,0
-77.206428527832,0
-78.4662399291992,0
-77.0313415527344,0
-75.9220657348633,0
-77.036376953125,0
-78.6694259643555,0
-78.2468109130859,0
-76.1412124633789,0
-74.977180480957,0
-75.7953338623047,0
-76.9400939941406,0
-76.8278503417969,0
-75.9248123168945,0
-75.3373031616211,0
-74.9363555908203,0
-73.8537979125977,0
-71.9548645019531,0
-70.0310287475586,0
-69.0913314819336,0
-69.8336029052734,0
-72.0351486206055,0
-74.0715103149414,0
-73.9665145874023,0
-71.5766677856445,0
-68.9941177368164,0
-68.0943069458008,0
-68.329475402832,0
-67.7127151489258,0
-65.4533309936523,0
-62.695743560791,0
-60.8378677368164,0
-59.9860191345215,0
-59.2382011413574,0
-57.8540306091309,0
-55.6569938659668,0
-52.4388618469238,0
-47.5084114074707,0
-40.283618927002,0
-31.3043956756592,0
-22.1954250335693,0
-14.3456077575684,0
-7.85608053207397,0
-1.93782126903534,0
4.07434129714966,0
10.4484481811523,0
17.391092300415,0
25.0740280151367,0
33.3179512023926,0
41.4902496337891,0
48.7349700927734,0
54.4470748901367,0
58.8440170288086,0
62.7914924621582,0
66.3032836914062,0
67.3943328857422,0
63.6400489807129,0
55.174488067627,0
44.9538116455078,0
35.5844955444336,0
27.1800670623779,0
18.9729995727539,0
11.3806982040405,0
5.05646657943726,0
-0.833942413330078,0
-7.53313112258911,0
-14.4706001281738,0
-19.7730312347412,0
-22.703332901001,0
-24.1703414916992,0
-25.077465057373,0
-25.5724601745605,0
-25.7589378356934,0
-25.6993846893311,0
-24.6451969146729,0
-21.5615577697754,0
-16.626989364624,0
-11.1955242156982,0
-6.23729848861694,0
-1.88576304912567,0
1.45491874217987,0
2.77977800369263,0
1.57499158382416,0
-1.69732666015625,0
-6.3990159034729,0
-12.0686798095703,0
-17.8656749725342,0
-22.8348617553711,0
-27.1970233917236,0
-32.3794631958008,0
-39.0959358215332,0
-46.100513458252,0
-51.5143661499023,0
-54.9055595397949,0
-57.4311866760254,0
-60.192253112793,0
-62.9976005554199,0
-64.8062057495117,0
-65.235954284668,0
-65.5201644897461,0
-67.5837783813477,0
-71.8315582275391,0
-76.3546676635742,0
-79.1577911376953,0
-80.8970718383789,0
-84.2964019775391,0
-90.7693557739258,0
-98.7961883544922,0
-106.027839660645,0
-111.798309326172,0
-116.796966552734,0
-121.327209472656,0
-125.096221923828,0
-128.187133789062,0
-131.038986206055,0
-133.614471435547,0
-135.578796386719,0
-137.269119262695,0
-139.548614501953,0
-142.525695800781,0
-145.179611206055,0
-146.557769775391,0
-146.852035522461,0
-147.081848144531,0
-148.091644287109,0
-149.940704345703,0
-151.870178222656,0
-152.804748535156,0
-152.299133300781,0
-151.056289672852,0
-150.152389526367,0
-149.807540893555,0
-149.384719848633,0
-148.466400146484,0
-147.183807373047,0
-145.364135742188,0
-142.14030456543,0
-136.81672668457,0
-129.603454589844,0
-121.19051361084,0
-112.166488647461,0
-103.201545715332,0
-95.1205749511719,0
-88.1553497314453,0
-81.614990234375,0
-75.0785827636719,0
-69.6866683959961,0
-67.4172897338867,0
-68.8925323486328,0
-72.3881072998047,0
-75.2690353393555,0
-76.2026596069336,0
-75.8058929443359,0
-75.2514724731445,0
-74.5453567504883,0
-72.5331192016602,0
-68.6697845458984,0
-64.2170562744141,0
-61.0437850952148,0
-59.5057029724121,0
-58.3605880737305,0
-56.7570533752441,0
-55.2968215942383,0
-54.7917556762695,0
-54.8833198547363,0
-54.4351806640625,0
-52.5691070556641,0
-48.8573532104492,0
-43.4006538391113,0
-37.4506340026855,0
-33.0958557128906,0
-31.2944488525391,0
-30.7150650024414,0
-29.4091987609863,0
-27.1005992889404,0
-24.8982429504395,0
-23.3707504272461,0
-22.1471633911133,0
-21.0505771636963,0
-20.2479305267334,0
-19.2748165130615,0
-17.1218204498291,0
-13.4885578155518,0
-9.08881950378418,0
-4.75575160980225,0
-1.12660849094391,0
1.09188902378082,0
1.83812952041626,0
2.55311608314514,0
4.83638477325439,0
8.14976787567139,0
10.4478197097778,0
11.2978887557983,0
12.4506921768188,0
14.6927795410156,0
16.3167858123779,0
16.0532474517822,0
15.4240951538086,0
16.0866241455078,0
16.5063209533691,0
14.0195541381836,0
9.30381774902344,0
5.75427198410034,0
4.52371120452881,0
3.32046246528625,0
0.898930907249451,0
-0.206368282437325,0
2.9347550868988,0
9.82674694061279,0
18.147216796875,0
27.4330005645752,0
38.8238410949707,0
52.2203216552734,0
66.1581726074219,0
80.0847930908203,0
94.487907409668,0
108.826293945312,0
121.549583435059,0
132.549392700195,0
143.528060913086,0
155.09033203125,0
165.156661987305,0
171.375701904297,0
173.857360839844,0
174.392654418945,0
174.04638671875,0
172.834701538086,0
170.962387084961,0
168.713851928711,0
165.155029296875,0
158.327438354492,0
147.261688232422,0
133.111297607422,0
117.880813598633,0
102.495536804199,0
86.5480804443359,0
69.6838760375977,0
52.7297668457031,0
37.2945098876953,0
24.4114894866943,0
13.675048828125,0
3.60490274429321,0
-7.17172002792358,0
-18.7378616333008,0
-29.4912204742432,0
-37.2727012634277,0
-41.701057434082,0
-45.3177223205566,0
-51.2754211425781,0
-59.4691200256348,0
-66.1705474853516,0
-68.4124450683594,0
-67.6131134033203,0
-67.470832824707,0
-69.1809844970703,0
-70.6694488525391,0
-70.2235717773438,0
-68.6699829101562,0
-67.4838104248047,0
-66.6826782226562,0
-65.5900039672852,0
-64.2497863769531,0
-62.993335723877,0
-61.6938629150391,0
-60.4635810852051,0
-60.1025085449219,0
-60.8396873474121,0
-61.5773735046387,0
-61.4710388183594,0
-61.3252868652344,0
-62.1769485473633,0
-63.3867340087891,0
-63.6492347717285,0
-63.1941719055176,0
-63.2354965209961,0
-63.6572074890137,0
-63.207160949707,0
-61.9559097290039,0
-61.4335136413574,0
-61.7642974853516,0
-60.6830558776855,0
-56.536792755127,0
-50.6686515808105,0
-45.4522552490234,0
-41.3187026977539,0
-37.4180068969727,0
-34.0989227294922,0
-32.3941040039062,0
-31.1867446899414,0
-27.1578216552734,0
-18.3778419494629,0
-6.55229759216309,0
5.08144378662109,0
14.9588136672974,0
23.5318489074707,0
31.5980491638184,0
39.5456161499023,0
47.6071510314941,0
55.4633331298828,0
61.6206703186035,0
64.3225021362305,0
63.4468269348145,0
60.7888336181641,0
58.0266647338867,0
54.874870300293,0
49.8097991943359,0
42.4858779907227,0
34.7901649475098,0
29.0730400085449,0
25.6042976379395,0
22.4494819641113,0
17.9404544830322,0
12.4125776290894,0
6.9812650680542,0
1.58650207519531,0
-4.49209928512573,0
-10.7409048080444,0
-15.7235202789307,0
-19.3767623901367,0
-23.3440914154053,0
-28.4998016357422,0
-33.6611061096191,0
-37.5531005859375,0
-40.6177291870117,0
-43.7956047058105,0
-46.8085021972656,0
-49.0114974975586,0
-50.916576385498,0
-53.3402061462402,0
-55.7569236755371,0
-57.0443687438965,0
-57.409481048584,0
-58.1294403076172,0
-59.6794967651367,0
-61.391918182373,0
-62.5960006713867,0
-62.8035659790039,0
-61.2619171142578,0
-57.9390678405762,0
-54.7228813171387,0
-53.9239387512207,0
-55.4449348449707,0
-56.8867416381836,0
-56.5547370910645,0
-54.9092674255371,0
-53.0084953308105,0
-51.2654418945312,0
-50.1575050354004,0
-50.4471282958984,0
-51.9056587219238,0
-53.179515838623,0
-53.6732368469238,0
-54.2751007080078,0
-55.4314231872559,0
-55.815315246582,0
-53.9221076965332,0
-49.8972244262695,0
-44.7644081115723,0
-38.8776092529297,0
-32.291431427002,0
-25.7938842773438,0
-20.2993240356445,0
-15.728461265564,0
-11.45068359375,0
-7.1915225982666,0
-2.55479073524475,0
3.51106142997742,0
11.4718055725098,0
20.0478954315186,0
27.6754169464111,0
34.6858406066895,0
42.5884399414062,0
51.4354209899902,0
59.3758888244629,0
64.7816696166992,0
67.3598403930664,0
67.0212326049805,0
63.1317520141602,0
55.4283485412598,0
44.6026077270508,0
31.4669761657715,0
16.3781032562256,0
-0.176159620285034,0
-17.2709884643555,0
-34.2050857543945,0
-50.8122673034668,0
-66.9792633056641,0
-82.5780181884766,0
-97.8258056640625,0
-112.724052429199,0
-126.150688171387,0
-136.728149414062,0
-144.781539916992,0
-152.151809692383,0
-159.705337524414,0
-166.28547668457,0
-170.529891967773,0
-172.375518798828,0
-172.294174194336,0
-170.613189697266,0
-168.371444702148,0
-167.173263549805,0
-166.964599609375,0
-165.44352722168,0
-161.197357177734,0
-156.140106201172,0
-153.045333862305,0
-151.661071777344,0
-149.316207885742,0
-144.827224731445,0
-139.692245483398,0
-135.472625732422,0
-131.94401550293,0
-128.168609619141,0
-123.762321472168,0
-118.622787475586,0
-112.825065612793,0
-107.392883300781,0
-103.913696289062,0
-102.546981811523,0
-101.305641174316,0
-98.2276229858398,0
-93.7849426269531,0
-90.3344573974609,0
-89.3274307250977,0
-89.7295837402344,0
-89.4558868408203,0
-88.0489120483398,0
-87.3223342895508,0
-88.9687805175781,0
-92.0447998046875,0
-93.8525924682617,0
-93.2777786254883,0
-91.9248962402344,0
-91.4776992797852,0
-91.427864074707,0
-90.5266189575195,0
-89.1230316162109,0
-88.300407409668,0
-87.4952621459961,0
-84.9976425170898,0
-80.6367034912109,0
-76.047492980957,0
-72.089225769043,0
-67.9206008911133,0
-63.3496131896973,0
-60.379035949707,0
-61.0145606994629,0
-64.3840713500977,0
-67.4104690551758,0
-68.2065582275391,0
-67.8251113891602,0
-68.4597320556641,0
-70.5886154174805,0
-72.4575881958008,0
-72.2996673583984,0
-70.4575653076172,0
-68.783576965332,0
-68.2523422241211,0
-68.1184158325195,0
-67.6227645874023,0
-67.414924621582,0
-68.4401779174805,0
-70.1759033203125,0
-71.0889205932617,0
-70.5409393310547,0
-69.2517700195312,0
-68.0398025512695,0
-67.0732040405273,0
-66.3476867675781,0
-65.9355926513672,0
-65.5227966308594,0
-64.4431304931641,0
-62.4714546203613,0
-60.0255355834961,0
-57.3102722167969,0
-53.7370338439941,0
-48.537914276123,0
-41.7340278625488,0
-34.3159446716309,0
-27.6244983673096,0
-22.5771369934082,0
-19.2242221832275,0
-16.8869018554688,0
-14.7822961807251,0
-12.5499124526978,0
-10.1999435424805,0
-7.71528053283691,0
-4.78351211547852,0
-0.769891977310181,0
5.00662612915039,0
12.5400552749634,0
20.4907245635986,0
26.776237487793,0
30.3503284454346,0
32.2542572021484,0
34.5439605712891,0
38.3641128540039,0
43.4204711914062,0
48.963680267334,0
54.5046539306641,0
59.5278663635254,0
63.3031234741211,0
65.4677352905273,0
66.4492340087891,0
66.9622192382812,0
67.337516784668,0
67.5475006103516,0
67.4367904663086,0
66.5424118041992,0
64.2466812133789,0
60.8751983642578,0
58.2418937683105,0
57.962516784668,0
59.1731185913086,0
59.1251068115234,0
56.4698104858398,0
52.7682342529297,0
50.0077323913574,0
47.868480682373,0
44.751106262207,0
40.5228004455566,0
36.4162864685059,0
32.5952491760254,0
27.8296184539795,0
21.84450340271,0
16.1419067382812,0
11.8023176193237,0
8.09456157684326,0
4.25149536132812,0
1.17162704467773,0
-0.0420871265232563,0
-0.246016278862953,0
-1.39618277549744,0
-3.94794774055481,0
-6.47014045715332,0
-7.76603174209595,0
-8.34808826446533,0
-9.81853485107422,0
-13.5330982208252,0
-19.6455974578857,0
-26.5803775787354,0
-31.5820560455322,0
-32.7562713623047,0
-30.7273750305176,0
-27.6540794372559,0
-24.7055206298828,0
-21.2950973510742,0
-16.6518325805664,0
-10.9176425933838,0
-4.26233243942261,0
3.92529726028442,0
13.8859748840332,0
24.0371913909912,0
31.8769130706787,0
36.5405464172363,0
39.6695327758789,0
43.4152030944824,0
48.2825164794922,0
53.4525032043457,0
58.4164772033691,0
63.0973129272461,0
66.6658172607422,0
67.8318099975586,0
66.7907485961914,0
65.4427032470703,0
64.7638092041016,0
63.3315696716309,0
59.8379974365234,0
55.7404479980469,0
53.2988700866699,0
51.8142890930176,0
48.4971351623535,0
43.0097885131836,0
38.2213096618652,0
35.6506729125977,0
33.0295181274414,0
28.0747680664062,0
22.2609806060791,0
18.5179100036621,0
16.9439125061035,0
15.4408006668091,0
13.4109106063843,0
11.8915166854858,0
10.4466104507446,0
6.92665433883667,0
0.870622038841248,0
-5.25651025772095,0
-9.21869468688965,0
-11.6202201843262,0
-14.2502374649048,0
-17.1840267181396,0
-18.8821811676025,0
-18.5114574432373,0
-16.9343662261963,0
-15.3372945785522,0
-13.5536518096924,0
-10.2272863388062,0
-4.79689788818359,0
1.07463347911835,0
4.98322010040283,0
6.87968063354492,0
9.4126615524292,0
14.3791399002075,0
20.2346324920654,0
24.6638870239258,0
28.404203414917,0
34.2116966247559,0
42.5124931335449,0
50.597412109375,0
56.3153915405273,0
60.0906372070312,0
62.595703125,0
62.9257202148438,0
60.5644035339355,0
57.2116165161133,0
54.7876472473145,0
52.9269828796387,0
50.2724571228027,0
47.1606140136719,0
44.9158744812012,0
43.0861511230469,0
39.6821136474609,0
34.3135070800781,0
29.0413265228271,0
25.4297924041748,0
22.4388236999512,0
18.3574123382568,0
13.6203088760376,0
10.2752180099487,0
9.1757116317749,0
9.03328990936279,0
8.20643901824951,0
6.34360313415527,0
4.10447883605957,0
2.27934622764587,0
1.62131917476654,0
2.62912654876709,0
4.70121955871582,0
6.12805509567261,0
5.90754270553589,0
5.20504760742188,0
5.82560682296753,0
7.27385234832764,0
6.76116418838501,0
2.73739814758301,0
-2.85380005836487,0
-6.92937803268433,0
-8.86854362487793,0
-10.2027473449707,0
-11.2818984985352,0
-10.3637809753418,0
-6.55418539047241,0
-1.8659245967865,0
0.953442096710205,0
1.65963554382324,0
2.22391843795776,0
3.80457472801208,0
5.30891609191895,0
4.91002035140991,0
1.95482516288757,0
-2.70973420143127,0
-7.39336729049683,0
-10.2967844009399,0
-10.3183116912842,0
-7.61851358413696,0
-3.36922836303711,0
0.830815494060516,0
3.15875792503357,0
2.09565019607544,0
-2.1269199848175,0
-6.97610664367676,0
-9.77091979980469,0
-10.3708848953247,0
-10.6449756622314,0
-11.5119295120239,0
-12.093523979187,0
-11.9129161834717,0
-12.0027647018433,0
-13.0162487030029,0
-13.9521255493164,0
-13.9565801620483,0
-13.9167766571045,0
-14.8164100646973,0
-15.8378534317017,0
-15.8926019668579,0
-15.9413957595825,0
-17.5604724884033,0
-19.7980842590332,0
-20.0236873626709,0
-18.0833301544189,0
-17.0560626983643,0
-18.8676567077637,0
-21.3099822998047,0
-21.0858211517334,0
-18.3072891235352,0
-15.9120111465454,0
-15.3421697616577,0
-14.9518842697144,0
-12.7475318908691,0
-8.75347232818604,0
-3.99473571777344,0
1.21062445640564,0
6.6937575340271,0
11.3007755279541,0
13.968186378479,0
15.5536270141602,0
17.9993419647217,0
21.5874481201172,0
24.5849342346191,0
26.1343803405762,0
27.972339630127,0
32.169734954834,0
38.3239059448242,0
44.4547157287598,0
49.9219512939453,0
55.7043418884277,0
62.0324211120605,0
67.6393508911133,0
71.7960357666016,0
75.4617614746094,0
79.5365219116211,0
83.2371139526367,0
85.4181289672852,0
86.7710113525391,0
89.4103698730469,0
94.3566513061523,0
100.302139282227,0
104.970268249512,0
107.163017272949,0
107.395530700684,0
106.954719543457,0
106.640472412109,0
106.448425292969,0
106.243072509766,0
106.148963928223,0
105.911651611328,0
104.532264709473,0
101.486190795898,0
97.9129333496094,0
95.2799453735352,0
92.9009475708008,0
88.3406295776367,0
80.6848983764648,0
71.7641906738281,0
63.3288536071777,0
54.775218963623,0
45.1104393005371,0
35.5561103820801,0
28.0245704650879,0
21.9653816223145,0
15.1885776519775,0
7.50493717193604,0
1.02701902389526,0
-3.35803914070129,0
-7.25661897659302,0
-11.7494926452637,0
-15.6461696624756,0
-18.2251796722412,0
-21.400562286377,0
-26.8211326599121,0
-32.3481864929199,0
-34.2473602294922,0
-32.4138221740723,0
-30.7474193572998,0
-32.0713005065918,0
-35.0526733398438,0
-36.9799842834473,0
-37.5085296630859,0
-38.145622253418,0
-39.312873840332,0
-39.676326751709,0
-38.1333198547363,0
-35.2859191894531,0
-32.7773551940918,0
-31.5798034667969,0
-30.8705425262451,0
-28.6021823883057,0
-23.7297458648682,0
-17.8572235107422,0
-13.6934928894043,0
-11.6474351882935,0
-9.27445793151855,0
-4.79230690002441,0
0.336348026990891,0
3.7019100189209,0
5.60541582107544,0
8.42245388031006,0
12.8112392425537,0
16.720178604126,0
18.5046215057373,0
19.2670078277588,0
21.3608016967773,0
25.8466205596924,0
32.2293548583984,0
39.7049026489258,0
47.697135925293,0
55.650951385498,0
63.0787315368652,0
69.7750701904297,0
75.8250045776367,0
81.6119613647461,0
87.6523895263672,0
93.8377380371094,0
98.940315246582,0
101.621307373047,0
101.98201751709,0
101.443542480469,0
101.105079650879,0
100.919853210449,0
100.399513244629,0
99.3395538330078,0
97.9238967895508,0
96.7804412841797,0
96.467903137207,0
95.9613494873047,0
92.4916458129883,0
84.6056137084961,0
74.7251434326172,0
66.296501159668,0
58.6468849182129,0
47.7275848388672,0
32.6311264038086,0
18.012716293335,0
8.09939575195312,0
1.12953972816467,0
-7.46776485443115,0
-18.4192199707031,0
-28.4427852630615,0
-35.6650848388672,0
-41.7739715576172,0
-48.7012138366699,0
-56.0265998840332,0
-62.4137001037598,0
-67.6009063720703,0
-72.2055511474609,0
-76.9622955322266,0
-82.5693511962891,0
-88.9982070922852,0
-94.7698211669922,0
-98.3468704223633,0
-100.485206604004,0
-103.653450012207,0
-108.600219726562,0
-112.954460144043,0
-114.058120727539,0
-112.06046295166,0
-109.265174865723,0
-107.216255187988,0
-105.465347290039,0
-102.905982971191,0
-99.4143753051758,0
-95.903678894043,0
-93.0686416625977,0
-90.5169830322266,0
-87.5199279785156,0
-84.4447402954102,0
-82.5953521728516,0
-82.302001953125,0
-82.1118087768555,0
-80.606071472168,0
-78.1005477905273,0
-75.4650115966797,0
-72.1475524902344,0
-67.0032501220703,0
-60.670768737793,0
-55.2160415649414,0
-51.1303672790527,0
-46.3991165161133,0
-39.3477554321289,0
-31.097131729126,0
-24.0924453735352,0
-19.0037689208984,0
-14.2642269134521,0
-8.3551607131958,0
-1.41224992275238,0
5.6285662651062,0
12.5875272750854,0
20.0495109558105,0
28.120792388916,0
35.9882392883301,0
42.995044708252,0
49.5826988220215,0
56.6865463256836,0
64.7078094482422,0
73.7496719360352,0
84.2217559814453,0
95.9018096923828,0
106.60432434082,0
113.41975402832,0
115.763687133789,0
115.911674499512,0
116.084594726562,0
116.528717041016,0
117.157089233398,0
119.161231994629,0
123.29515838623,0
127.776313781738,0
129.787170410156,0
128.497116088867,0
125.092330932617,0
120.501472473145,0
114.80256652832,0
108.37336730957,0
101.736167907715,0
94.3828811645508,0
85.5085983276367,0
75.8883666992188,0
67.178596496582,0
59.0837173461914,0
49.0821800231934,0
35.7390823364258,0
20.8581008911133,0
7.46891403198242,0
-3.23461174964905,0
-12.1447858810425,0
-20.3893337249756,0
-28.1815624237061,0
-35.0721435546875,0
-40.7318649291992,0
-45.6390380859375,0
-50.9160194396973,0
-56.9110260009766,0
-62.2443923950195,0
-65.3651733398438,0
-66.9078140258789,0
-69.0193023681641,0
-72.1704406738281,0
-74.3869476318359,0
-74.3363494873047,0
-73.4365005493164,0
-73.7181243896484,0
-75.1011199951172,0
-76.2856216430664,0
-77.0596694946289,0
-77.910530090332,0
-78.3101806640625,0
-77.4596862792969,0
-76.2049942016602,0
-76.0654220581055,0
-76.5741729736328,0
-75.8682708740234,0
-74.040901184082,0
-73.332389831543,0
-74.1973419189453,0
-73.8826065063477,1
-70.7168426513672,1
-67.5426788330078,1
-68.1640853881836,1
-71.6682052612305,1
-73.3074264526367,1
-70.6200637817383,1
-65.5972671508789,1
-60.5300216674805,1
-55.146800994873,1
-49.4220962524414,1
-46.0180015563965,1
-46.7528076171875,1
-48.3059310913086,1
-45.0877876281738,1
-36.277156829834,1
-26.7454433441162,1
-20.1800804138184,1
-14.2682685852051,1
-4.59217739105225,1
8.90909290313721,1
22.1396656036377,1
32.6778945922852,1
42.5937156677246,1
54.9243392944336,1
69.4524688720703,1
83.2966918945312,1
94.5005645751953,1
103.371139526367,1
110.379447937012,1
114.201499938965,1
112.781425476074,1
105.970077514648,1
96.2156448364258,1
86.3282470703125,1
77.0893096923828,1
67.594596862793,1
57.4952774047852,1
47.7516250610352,1
38.8275718688965,1
29.2355899810791,1
17.0469570159912,1
2.60017609596252,1
-11.3480100631714,1
-22.282678604126,1
-29.851131439209,1
-34.973388671875,1
-38.2540817260742,1
-40.2021331787109,1
-42.2398910522461,1
-46.0756874084473,1
-51.9035453796387,1
-58.0907440185547,1
-62.9039611816406,1
-65.9843597412109,1
-68.0848999023438,1
-70.094841003418,1
-72.5231781005859,1
-75.280891418457,1
-77.8058776855469,1
-80.0918579101562,1
-83.5898895263672,1
-89.9318542480469,1
-98.355224609375,1
-105.622451782227,1
-109.258346557617,1
-109.794052124023,1
-109.082061767578,1
-107.915580749512,1
-106.754875183105,1
-107.343322753906,1
-111.222679138184,1
-117.080513000488,1
-121.769874572754,1
-123.932731628418,1
-124.584205627441,1
-124.086524963379,1
-121.016448974609,1
-115.005264282227,1
-108.783889770508,1
-106.003723144531,1
-108.000617980957,1
-113.430809020996,1
-119.829902648926,1
-124.651893615723,1
-126.081314086914,1
-124.1591796875,1
-120.558074951172,1
-116.591743469238,1
-112.386039733887,1
-108.684951782227,1
-107.99959564209,1
-112.245178222656,1
-119.802978515625,1
-126.645736694336,1
-130.558700561523,1
-133.018295288086,1
-136.510299682617,1
-141.088531494141,1
-144.585266113281,1
-145.818756103516,1
-146.257080078125,1
-147.840515136719,1
-150.138900756836,1
-151.14616394043,1
-150.555435180664,1
-150.160583496094,1
-150.405868530273,1
-148.916870117188,1
-144.346694946289,1
-139.826919555664,1
-139.818267822266,1
-144.401733398438,1
-149.542953491211,1
-152.587158203125,1
-154.312240600586,1
-155.32292175293,1
-153.959686279297,1
-149.354583740234,1
-143.913650512695,1
-140.866958618164,1
-141.200256347656,1
-144.437271118164,1
-150.21533203125,1
-157.038925170898,1
-161.488861083984,1
-161.40217590332,1
-158.760955810547,1
-156.979751586914,1
-156.295425415039,1
-154.548858642578,1
-151.825607299805,1
-150.89631652832,1
-152.442306518555,1
-152.958450317383,1
-149.128936767578,1
-142.135299682617,1
-135.480117797852,1
-129.965972900391,1
-123.527381896973,1
-115.879325866699,1
-110.642166137695,1
-111.401237487793,1
-116.975570678711,1
-122.312614440918,1
-123.755027770996,1
-121.905479431152,1
-119.192535400391,1
-116.454818725586,1
-113.228118896484,1
-110.179588317871,1
-109.083854675293,1
-110.244651794434,1
-111.743858337402,1
-112.006240844727,1
-111.654243469238,1
-111.652572631836,1
-110.842414855957,1
-107.215950012207,1
-101.38191986084,1
-96.8489303588867,1
-96.1784362792969,1
-98.1537170410156,1
-99.7537155151367,1
-99.9882354736328,1
-100.328239440918,1
-101.589721679688,1
-102.124420166016,1
-100.081573486328,1
-96.5495147705078,1
-94.9682312011719,1
-97.2116394042969,1
-101.244209289551,1
-103.245742797852,1
-101.498146057129,1
-97.5377960205078,1
-93.8490905761719,1
-91.2829742431641,1
-88.8955230712891,1
-85.6929550170898,1
-82.0040740966797,1
-79.1217727661133,1
-77.8224334716797,1
-77.5232238769531,1
-77.1224060058594,1
-76.4486389160156,1
-76.2534942626953,1
-76.6662292480469,1
-76.5072402954102,1
-74.7645416259766,1
-72.0712051391602,1
-69.7613830566406,1
-67.9010925292969,1
-65.4610900878906,1
-62.2914047241211,1
-59.4315490722656,1
-57.0262413024902,1
-53.4142379760742,1
-47.4260025024414,1
-40.6231079101562,1
-35.8172607421875,1
-33.7836837768555,1
-32.9031295776367,1
-31.9510803222656,1
-31.5163707733154,1
-32.0668678283691,1
-32.2822380065918,1
-30.7848281860352,1
-28.6018619537354,1
-28.1886520385742,1
-30.3199863433838,1
-33.6459312438965,1
-37.2850494384766,1
-41.8448104858398,1
-47.267204284668,1
-51.7629699707031,1
-54.2932472229004,1
-56.2942123413086,1
-58.8974494934082,1
-59.9668998718262,1
-56.8789443969727,1
-51.7333793640137,1
-50.3263053894043,1
-54.9185600280762,1
-60.8261108398438,1
-61.9667625427246,1
-57.7213134765625,1
-52.2149887084961,1
-48.470947265625,1
-46.0400466918945,1
-43.8313484191895,1
-42.3916549682617,1
-42.5469207763672,1
-43.6089668273926,1
-44.0930366516113,1
-43.3236351013184,1
-41.4742393493652,1
-38.6392936706543,1
-34.7526359558105,1
-30.2693252563477,1
-26.2176170349121,1
-23.2605400085449,1
-20.8678455352783,1
-17.6963939666748,1
-12.9023132324219,1
-6.8476300239563,1
-0.24791494011879,1
7.00505828857422,1
15.3939838409424,1
24.2259254455566,1
31.6747207641602,1
36.961597442627,1
41.5959510803223,1
47.612850189209,1
55.3345794677734,1
63.8902168273926,1
73.1266860961914,1
83.3311538696289,1
93.3122253417969,1
100.771362304688,1
105.205833435059,1
108.694091796875,1
112.613105773926,1
114.988227844238,1
112.80241394043,1
106.118156433105,1
98.0176849365234,1
90.7385864257812,1
83.8075180053711,1
76.1764297485352,1
68.2074432373047,1
60.7228775024414,1
53.742748260498,1
47.2799682617188,1
42.0361404418945,1
38.1021614074707,1
34.2668571472168,1
30.0397281646729,1
26.9990215301514,1
26.1055641174316,1
24.705493927002,1
18.8635101318359,1
8.59289932250977,1
-1.74743461608887,1
-8.68798160552979,1
-12.9070987701416,1
-16.4955596923828,1
-19.4892063140869,1
-20.8855514526367,1
-21.3399276733398,1
-22.6421337127686,1
-25.2240333557129,1
-27.9335803985596,1
-29.8978691101074,1
-31.2064456939697,1
-32.0647773742676,1
-32.515796661377,1
-32.7574195861816,1
-32.7169952392578,1
-31.7703628540039,1
-30.0283527374268,1
-29.3267765045166,1
-31.3942279815674,1
-35.2924194335938,1
-38.3464736938477,1
-39.6518020629883,1
-40.8767166137695,1
-43.1793785095215,1
-45.225040435791,1
-45.376148223877,1
-44.3742179870605,1
-44.2707366943359,1
-45.4220008850098,1
-45.9898986816406,1
-44.1335029602051,1
-39.521240234375,1
-32.8282279968262,1
-24.8252372741699,1
-16.0795631408691,1
-6.82707738876343,1
2.94328093528748,1
12.9384965896606,1
22.5411319732666,1
31.895336151123,1
42.2553558349609,1
54.2316436767578,1
66.4662017822266,1
77.5431518554688,1
88.5541229248047,1
101.676078796387,1
116.375434875488,1
129.518295288086,1
139.731735229492,1
148.926452636719,1
158.200119018555,1
165.030990600586,1
166.991409301758,1
166.110626220703,1
166.281814575195,1
167.378753662109,1
165.358917236328,1
158.057113647461,1
147.570526123047,1
136.358215332031,1
124.247665405273,1
110.842002868652,1
98.2380142211914,1
89.0727920532227,1
83.3176651000977,1
78.9223098754883,1
74.5656204223633,1
70.0849227905273,1
65.2471694946289,1
60.0475616455078,1
55.5993270874023,1
52.8246726989746,1
50.6100425720215,1
47.1082344055176,1
42.6648902893066,1
39.4243125915527,1
37.8790664672852,1
36.0184288024902,1
32.6621742248535,1
29.4614810943604,1
28.0927906036377,1
27.3413848876953,1
25.2747364044189,1
23.1766586303711,1
24.4152889251709,1
29.3475799560547,1
34.2026252746582,1
36.144702911377,1
37.0520095825195,1
40.3630142211914,1
45.9499473571777,1
50.7108116149902,1
53.4557075500488,1
56.3893547058105,1
61.4139862060547,1
67.3186340332031,1
71.6175308227539,1
73.497314453125,1
73.8876495361328,1
73.9662704467773,1
74.7394485473633,1
77.0341720581055,1
80.6857604980469,1
84.3738021850586,1
87.0866394042969,1
88.9274597167969,1
89.7185516357422,1
88.0715637207031,1
83.2925796508789,1
77.3532791137695,1
73.2722473144531,1
71.8760147094727,1
71.6791610717773,1
71.7166137695312,1
72.7868728637695,1
75.6746520996094,1
79.705436706543,1
83.7267456054688,1
87.5285186767578,1
91.847412109375,1
97.9454116821289,1
107.601753234863,1
122.317695617676,1
141.566253662109,1
162.624786376953,1
183.352127075195,1
204.99462890625,1
231.331024169922,1
264.780517578125,1
303.498443603516,1
341.828948974609,1
372.998992919922,1
392.003326416016,1
397.55419921875,1
392.196411132812,1
380.016479492188,1
363.514038085938,1
342.806854248047,1
317.902923583984,1
290.651184082031,1
263.457397460938,1
236.933364868164,1
210.462142944336,1
184.761184692383,1
161.76985168457,1
141.511642456055,1
121.289367675781,1
99.3928604125977,1
77.7843627929688,1
59.2003555297852,1
43.1550750732422,1
27.4050426483154,1
12.3774480819702,1
0.925693392753601,1
-6.35158348083496,1
-12.2906637191772,1
-18.7493152618408,1
-24.0635356903076,1
-26.5947666168213,1
-28.0059967041016,1
-30.2782249450684,1
-31.3755836486816,1
-27.3216896057129,1
-18.1919269561768,1
-8.98109531402588,1
-3.92417192459106,1
-2.24417662620544,1
-0.460589617490768,1
2.90786743164062,1
6.31551837921143,1
7.86573934555054,1
7.67083358764648,1
7.66235542297363,1
9.68289184570312,1
13.7595129013062,1
18.1036891937256,1
20.8918342590332,1
21.8297271728516,1
21.6523246765137,1
20.65185546875,1
18.7156352996826,1
16.6338882446289,1
16.0399055480957,1
17.5476951599121,1
19.8440704345703,1
21.1808567047119,1
21.098316192627,1
20.2582759857178,1
19.388744354248,1
19.0420818328857,1
19.6912937164307,1
21.2672729492188,1
23.1248798370361,1
25.2344970703125,1
28.7630882263184,1
34.3136940002441,1
39.9873542785645,1
42.7468948364258,1
41.9984703063965,1
40.4404640197754,1
40.6935997009277,1
42.3704872131348,1
43.5868339538574,1
44.2126846313477,1
45.7690773010254,1
48.4951210021973,1
50.6709518432617,1
51.4136505126953,1
52.2784042358398,1
54.9183921813965,1
58.6815605163574,1
62.2348823547363,1
66.5695648193359,1
74.2611923217773,1
85.8736877441406,1
99.0202026367188,1
111.400131225586,1
123.240997314453,1
136.141998291016,1
150.745864868164,1
166.24267578125,1
181.261947631836,1
194.743515014648,1
206.710800170898,1
218.34538269043,1
230.20671081543,1
240.312469482422,1
245.599746704102,1
245.738296508789,1
243.621597290039,1
241.157806396484,1
236.637542724609,1
227.960205078125,1
216.641464233398,1
206.134536743164,1
197.127136230469,1
187.087387084961,1
174.225509643555,1
159.502288818359,1
144.478103637695,1
129.363784790039,1
113.958023071289,1
98.9077072143555,1
85.1503143310547,1
72.9765853881836,1
61.9054985046387,1
50.6139945983887,1
37.3286285400391,1
21.8779335021973,1
7.24469614028931,1
-2.88492321968079,1
-8.36845874786377,1
-12.3381118774414,1
-16.3796062469482,1
-18.7605781555176,1
-18.719841003418,1
-19.485143661499,1
-24.1969699859619,1
-30.7377433776855,1
-34.0278167724609,1
-32.8158340454102,1
-30.9303035736084,1
-31.5870800018311,1
-33.4872360229492,1
-33.64404296875,1
-31.6540584564209,1
-29.4008769989014,1
-27.9194049835205,1
-26.4158840179443,1
-24.0760288238525,1
-21.5260772705078,1
-20.1147270202637,1
-20.1036052703857,1
-20.0208988189697,1
-18.3994178771973,1
-16.2230606079102,1
-16.4456462860107,1
-20.0830421447754,1
-23.9173183441162,1
-23.8070583343506,1
-19.5410232543945,1
-14.2932415008545,1
-9.74439430236816,1
-4.56941318511963,1
1.74005270004272,1
6.48728847503662,1
6.89019536972046,1
3.59313607215881,1
-0.769639134407043,1
-5.0227108001709,1
-9.53812122344971,1
-13.9717645645142,1
-16.9873466491699,1
-17.8444538116455,1
-16.6381149291992,1
-13.2619953155518,1
-7.5930233001709,1
-0.412474900484085,1
7.43488931655884,1
16.7989273071289,1
29.5423622131348,1
45.6058959960938,1
62.022289276123,1
75.6833953857422,1
86.3280334472656,1
95.9869918823242,1
106.055198669434,1
115.970832824707,1
124.64811706543,1
131.969085693359,1
138.228805541992,1
142.998306274414,1
145.631896972656,1
146.486511230469,1
146.371185302734,1
144.877029418945,1
140.72900390625,1
134.120132446289,1
127.140533447266,1
121.192893981934,1
115.599212646484,1
109.853485107422,1
105.488761901855,1
103.798416137695,1
102.908821105957,1
99.395881652832,1
92.4023895263672,1
84.2547302246094,1
77.2869262695312,1
71.7944793701172,1
66.8411102294922,1
61.3582000732422,1
54.6481018066406,1
47.2903366088867,1
40.9424705505371,1
35.5195960998535,1
27.6393966674805,1
14.5734214782715,1
-0.84352058172226,1
-12.5042057037354,1
-18.3538112640381,1
-22.0258960723877,1
-26.5438747406006,1
-30.2998371124268,1
-31.2655754089355,1
-31.6469688415527,1
-35.0076713562012,1
-40.8502426147461,1
-45.5687713623047,1
-47.8682746887207,1
-49.9968338012695,1
-53.6344375610352,1
-57.3249931335449,1
-58.7037124633789,1
-57.4318542480469,1
-55.1422271728516,1
-53.632453918457,1
-53.651538848877,1
-54.6506118774414,1
-55.3682708740234,1
-55.1257171630859,1
-54.4141235351562,1
-53.6702308654785,1
-52.0965805053711,1
-48.8982276916504,1
-45.2558555603027,1
-43.2869682312012,1
-42.7208786010742,1
-40.392707824707,1
-34.1340675354004,1
-25.8381366729736,1
-19.1355113983154,1
-14.8856430053711,1
-10.9312858581543,1
-6.20739459991455,1
-2.90167117118835,1
-3.54947280883789,1
-7.61159801483154,1
-12.4609203338623,1
-16.7056636810303,1
-20.7094192504883,1
-24.3714962005615,1
-26.5281372070312,1
-26.8533897399902,1
-26.598804473877,1
-26.8656597137451,1
-27.5775318145752,1
-28.6441841125488,1
-30.5260810852051,1
-32.9042167663574,1
-34.4168739318848,1
-34.6655883789062,1
-34.8548736572266,1
-35.3865966796875,1
-34.7131156921387,1
-32.0672950744629,1
-29.2804126739502,1
-27.727108001709,1
-25.3636646270752,1
-19.6330909729004,1
-11.8178539276123,1
-5.12571477890015,1
0.564760625362396,1
8.10858058929443,1
17.4374542236328,1
24.822452545166,1
28.7951354980469,1
32.7296524047852,1
39.4793434143066,1
46.8111114501953,1
50.807445526123,1
51.2666816711426,1
51.0004692077637,1
51.7894287109375,1
53.7881889343262,1
57.2452354431152,1
61.8439636230469,1
65.4207992553711,1
66.0851898193359,1
64.8119964599609,1
63.5005645751953,1
61.5568161010742,1
57.2798805236816,1
51.7462310791016,1
47.919807434082,1
46.0690689086914,1
43.4203758239746,1
38.6697120666504,1
33.537109375,1
29.1430377960205,1
24.2507019042969,1
18.5513687133789,1
14.5794401168823,1
14.1938714981079,1
15.4299411773682,1
14.9908361434937,1
12.0674734115601,1
7.81729602813721,1
3.02216410636902,1
-1.50373840332031,1
-3.96978187561035,1
-3.68343925476074,1
-2.76052737236023,1
-3.2282702922821,1
-3.73490834236145,1
-2.05227446556091,1
0.310453981161118,1
-0.375878483057022,1
-4.2426609992981,1
-7.3264536857605,1
-7.37691402435303,1
-6.34313154220581,1
-5.77708578109741,1
-3.64003300666809,1
1.67667973041534,1
7.22322225570679,1
9.00928020477295,1
8.00815582275391,1
8.99023056030273,1
13.9853258132935,1
20.4390468597412,1
26.112585067749,1
32.3375968933105,1
40.8298797607422,1
49.7314109802246,1
55.1472854614258,1
55.8025436401367,1
54.5443115234375,1
55.4030570983887,1
59.954761505127,1
66.2429504394531,1
70.791130065918,1
72.1170959472656,1
72.3940124511719,1
74.7378692626953,1
78.8470993041992,1
81.1055297851562,1
79.7001724243164,1
77.3343811035156,1
76.9976043701172,1
77.3020248413086,1
75.3406219482422,1
72.8741149902344,1
75.223274230957,1
83.484245300293,1
92.2466888427734,1
97.1429824829102,1
100.977264404297,1
109.285400390625,1
122.832946777344,1
138.61344909668,1
156.328002929688,1
178.850799560547,1
206.230880737305,1
233.681854248047,1
256.740509033203,1
274.922058105469,1
288.755706787109,1
296.421569824219,1
295.684967041016,1
287.110076904297,1
273.251190185547,1
256.262359619141,1
238.134460449219,1
221.510116577148,1
207.702682495117,1
194.68717956543,1
179.289352416992,1
161.104995727539,1
142.556137084961,1
125.445343017578,1
109.31763458252,1
93.3294067382812,1
78.0100173950195,1
64.3399353027344,1
51.8862686157227,1
38.721076965332,1
23.4088764190674,1
7.01802206039429,1
-7.28219509124756,1
-17.2456302642822,1
-23.8729000091553,1
-29.755578994751,1
-35.4971389770508,1
-39.5443878173828,1
-41.7049713134766,1
-44.4307670593262,1
-49.3015518188477,1
-54.3157691955566,1
-56.761890411377,1
-57.3292198181152,1
-58.8347206115723,1
-61.5654106140137,1
-62.6499481201172,1
-60.4190521240234,1
-57.0829124450684,1
-55.9476699829102,1
-57.3670310974121,1
-58.7101516723633,1
-57.7218933105469,1
-54.8127670288086,1
-51.9696846008301,1
-50.1411895751953,1
-48.4592971801758,1
-46.2749633789062,1
-45.1254730224609,1
-47.3268623352051,1
-52.584285736084,1
-57.6203308105469,1
-59.9383659362793,1
-60.4338455200195,1
-61.0336265563965,1
-61.3144836425781,1
-59.6169662475586,1
-56.6729850769043,1
-55.5341682434082,1
-57.6493797302246,1
-61.1172370910645,1
-63.4262924194336,1
-64.1158218383789,1
-63.8860244750977,1
-62.7107582092285,1
-60.1003265380859,1
-56.2160034179688,1
-51.5791435241699,1
-46.3607406616211,1
-40.8268508911133,1
-35.7510185241699,1
-31.5016765594482,1
-27.4218254089355,1
-22.9947605133057,1
-18.8414077758789,1
-15.4744215011597,1
-11.8448610305786,1
-6.65616703033447,1
-0.798981249332428,1
3.20981240272522,1
4.52322673797607,1
5.30440139770508,1
8.07774353027344,1
12.6685333251953,1
16.5484600067139,1
17.6514701843262,1
16.0889797210693,1
13.3345470428467,1
10.4441804885864,1
7.31105947494507,1
3.39546775817871,1
-1.19285571575165,1
-5.60721445083618,1
-9.15229606628418,1
-11.8030157089233,1
-13.7539253234863,1
-15.1063585281372,1
-16.3836975097656,1
-18.5979175567627,1
-21.9778652191162,1
-25.1338920593262,1
-26.4689178466797,1
-26.1519565582275,1
-25.7167987823486,1
-25.9283256530762,1
-26.200101852417,1
-26.1276416778564,1
-26.3207473754883,1
-27.2712326049805,1
-28.4281196594238,1
-29.1211471557617,1
-29.8371753692627,1
-31.900598526001,1
-35.9693069458008,1
-41.0764045715332,1
-45.1975021362305,1
-47.0463218688965,1
-47.5047302246094,1
-48.6864738464355,1
-51.0668869018555,1
-52.3933563232422,1
-50.5882911682129,1
-47.0706520080566,1
-45.5312919616699,1
-47.5157356262207,1
-50.9685516357422,1
-53.5029602050781,1
-55.3759880065918,1
-58.3184852600098,1
-62.7884254455566,1
-67.671272277832,1
-71.9921798706055,1
-75.7160186767578,1
-78.9839324951172,1
-81.3473129272461,1
-81.9828948974609,1
-80.6515350341797,1
-78.5525970458984,1
-77.8096694946289,1
-79.3170852661133,1
-81.261848449707,1
-80.8391571044922,1
-77.5599517822266,1
-73.7129287719727,1
-71.1354293823242,1
-68.7020950317383,1
-63.9385185241699,1
-56.4660835266113,1
-48.8317413330078,1
-43.8743209838867,1
-41.6328201293945,1
-38.924877166748,1
-32.1392440795898,1
-20.7298412322998,1
-7.69025325775146,1
3.77125692367554,1
13.2835445404053,1
22.1092700958252,1
29.8702259063721,1
34.6306686401367,1
36.3535385131836,1
37.9466094970703,1
41.6723709106445,1
46.1605644226074,1
48.4584350585938,1
47.842456817627,1
45.9300117492676,1
43.770824432373,1
40.6707572937012,1
35.8882179260254,1
30.0255012512207,1
24.2451438903809,1
18.8386421203613,1
13.0026531219482,1
5.93096542358398,1
-1.84179866313934,1
-8.42908191680908,1
-12.7253866195679,1
-16.5292263031006,1
-23.0806560516357,1
-32.8143882751465,1
-42.2463226318359,1
-48.5204086303711,1
-53.4029121398926,1
-60.3183517456055,1
-68.4730682373047,1
-73.300422668457,1
-73.1483688354492,1
-72.2277526855469,1
-75.1798706054688,1
-81.1549835205078,1
-85.6192474365234,1
-86.3700561523438,1
-85.0259017944336,1
-83.4207763671875,1
-81.6154556274414,1
-79.8727111816406,1
-79.9015350341797,1
-82.6864395141602,1
-86.6479034423828,1
-89.4368362426758,1
-90.6495590209961,1
-91.4747161865234,1
-92.3213348388672,1
-92.217643737793,1
-90.4272842407227,1
-87.4656982421875,1
-84.3226013183594,1
-81.5706558227539,1
-79.542350769043,1
-78.6425018310547,1
-78.9475021362305,1
-79.8076553344727,1
-80.1961822509766,1
-79.2499084472656,1
-76.3119277954102,1
-70.9212036132812,1
-63.3888854980469,1
-55.3668403625488,1
-49.2337760925293,1
-46.4252777099609,1
-46.3608703613281,1
-47.1609268188477,1
-47.3050308227539,1
-46.4090042114258,1
-44.7107582092285,1
-42.6122055053711,1
-41.0620536804199,1
-41.5794525146484,1
-44.8188095092773,1
-49.1865348815918,1
-51.9373817443848,1
-52.030345916748,1
-51.0900726318359,1
-51.0995254516602,1
-52.1413993835449,1
-53.3861999511719,1
-55.413200378418,1
-59.7784118652344,1
-66.1806945800781,1
-71.7275009155273,1
-73.9172210693359,1
-73.3563461303711,1
-72.5681228637695,1
-72.8586959838867,1
-73.5130615234375,1
-73.7267990112305,1
-74.0819778442383,1
-75.8575439453125,1
-79.5916290283203,1
-84.509880065918,1
-88.8887634277344,1
-91.0237731933594,1
-90.4752960205078,1
-88.4308776855469,1
-86.3153991699219,1
-84.1844024658203,1
-81.3264312744141,1
-78.3991012573242,1
-77.6380157470703,1
-80.1820526123047,1
-84.1365509033203,1
-86.4048233032227,1
-85.9448089599609,1
-84.0268020629883,1
-81.6028518676758,1
-78.1866226196289,1
-74.020866394043,1
-71.702522277832,1
-73.7154388427734,1
-78.6982574462891,1
-82.1636428833008,1
-81.5241851806641,1
-78.6978454589844,1
-76.5653610229492,1
-74.5249557495117,1
-69.8611373901367,1
-62.8067626953125,1
-57.3529396057129,1
-56.2682228088379,1
-57.610481262207,1
-57.6243019104004,1
-55.4185256958008,1
-52.9449501037598,1
-51.3656921386719,1
-49.4932174682617,1
-45.8210983276367,1
-40.7314376831055,1
-36.3743934631348,1
-34.8640365600586,1
-36.3773384094238,1
-38.602710723877,1
-38.4883041381836,1
-34.8876457214355,1
-28.9426002502441,1
-21.9405746459961,1
-14.2750129699707,1
-6.97922086715698,1
-2.23207473754883,1
-0.685007870197296,1
0.324897855520248,1
3.94491720199585,1
9.97269439697266,1
15.5817060470581,1
19.1689281463623,1
21.6422519683838,1
24.3042602539062,1
27.252347946167,1
29.7485103607178,1
30.6572494506836,1
28.6501445770264,1
23.3946914672852,1
16.5224838256836,1
10.3529796600342,1
5.90365266799927,1
2.93634676933289,1
0.958115637302399,1
-1.22946715354919,1
-5.82288122177124,1
-13.6764392852783,1
-22.2070655822754,1
-27.8755359649658,1
-30.5701808929443,1
-33.2944641113281,1
-37.4783058166504,1
-41.0208740234375,1
-41.6343040466309,1
-40.0760345458984,1
-39.1042213439941,1
-40.7011985778809,1
-45.019172668457,1
-50.610294342041,1
-54.9337768554688,1
-55.8996467590332,1
-53.6909980773926,1
-50.2601165771484,1
-47.0111923217773,1
-44.3655395507812,1
-43.4801750183105,1
-46.0397262573242,1
-51.3942451477051,1
-55.9591217041016,1
-56.9553375244141,1
-55.2637634277344,1
-53.1449432373047,1
-50.6642150878906,1
-46.3679885864258,1
-40.5565071105957,1
-35.5986595153809,1
-32.8725166320801,1
-30.9784927368164,1
-27.4946689605713,1
-21.7334041595459,1
-15.4142532348633,1
-10.8026208877563,1
-8.18511486053467,1
-5.56068897247314,1
-1.68252539634705,1
1.05072593688965,1
-1.25825166702271,1
-8.50545406341553,1
-15.625732421875,1
-18.586368560791,1
-19.0072154998779,1
-20.4810161590576,1
-22.5157718658447,1
-21.8576221466064,1
-18.8732967376709,1
-18.2390632629395,1
-22.4329013824463,1
-28.2095966339111,1
-31.3150863647461,1
-31.8341045379639,1
-32.5692443847656,1
-34.2145004272461,1
-34.8425903320312,1
-33.2464408874512,1
-30.5134391784668,1
-28.5885734558105,1
-28.8648319244385,1
-31.7775325775146,1
-36.2256851196289,1
-39.5394020080566,1
-39.3522605895996,1
-35.648494720459,1
-30.3442974090576,1
-25.3606395721436,1
-21.9331455230713,1
-20.9312515258789,1
-22.2221717834473,1
-23.8834114074707,1
-23.5668716430664,1
-20.9346733093262,1
-17.6777667999268,1
-14.9679765701294,1
-12.0768003463745,1
-8.0361156463623,1
-3.72064185142517,1
-1.36701929569244,1
-2.14981698989868,1
-4.7002124786377,1
-6.17959070205688,1
-4.80596303939819,1
-1.16444373130798,1
3.19633102416992,1
8.01669502258301,1
14.0854024887085,1
20.6903381347656,1
25.0470161437988,1
25.5763912200928,1
24.5517253875732,1
25.6535873413086,1
29.5128974914551,1
33.674388885498,1
36.6989669799805,1
39.9002685546875,1
44.4610786437988,1
49.0994567871094,1
51.9023551940918,1
52.8053436279297,1
52.7584800720215,1
51.7555923461914,1
49.4050025939941,1
46.5655059814453,1
44.6079483032227,1
43.3870429992676,1
41.3889961242676,1
37.6362571716309,1
32.2864227294922,1
25.9156837463379,1
19.6106376647949,1
15.0781717300415,1
12.7655668258667,1
10.2862300872803,1
4.92740201950073,1
-2.3943932056427,1
-8.25712966918945,1
-12.0815582275391,1
-17.1507053375244,1
-24.8673152923584,1
-31.2553787231445,1
-32.1277694702148,1
-29.5286121368408,1
-29.3250408172607,1
-33.3045539855957,1
-37.4655303955078,1
-38.3640518188477,1
-37.6123886108398,1
-38.8767242431641,1
-43.2600746154785,1
-49.3567695617676,1
-55.7027435302734,1
-61.2229499816895,1
-64.7275772094727,1
-65.8270568847656,1
-65.5007629394531,1
-64.5922241210938,1
-62.9289665222168,1
-60.9635353088379,1
-60.4208831787109,1
-61.5047340393066,1
-61.3007926940918,1
-57.5401153564453,1
-52.5029373168945,1
-49.9452285766602,1
-49.0344772338867,1
-45.3617706298828,1
-38.2876014709473,1
-32.9088020324707,1
-32.683235168457,1
-33.6793251037598,1
-29.3872604370117,1
-19.0519104003906,1
-7.771559715271,1
0.487692892551422,1
6.45718002319336,1
12.4409084320068,1
19.0760440826416,1
26.0662078857422,1
33.4641036987305,1
40.738208770752,1
46.1814002990723,1
48.5708503723145,1
48.4812049865723,1
47.2487831115723,1
45.7109298706055,1
44.498462677002,1
44.1414108276367,1
43.9525413513184,1
42.1175308227539,1
38.0817413330078,1
33.7670021057129,1
31.1359596252441,1
29.5355625152588,1
26.9884147644043,1
23.3498058319092,1
20.3218002319336,1
18.5638084411621,1
16.7005634307861,1
13.5800380706787,1
9.8615608215332,1
6.495521068573,1
2.86414217948914,1
-2.25725555419922,1
-8.32553482055664,1
-12.9093647003174,1
-14.429181098938,1
-14.4797105789185,1
-16.6453685760498,1
-22.7305297851562,1
-30.6934852600098,1
-36.9822654724121,1
-40.4524307250977,1
-42.6410789489746,1
-44.225269317627,1
-43.4158058166504,1
-39.2628364562988,1
-34.6798324584961,1
-33.5727081298828,1
-35.6054801940918,1
-36.496955871582,1
-33.6234359741211,1
-28.7212409973145,1
-24.3963985443115,1
-20.6435394287109,1
-16.3834629058838,1
-12.3525552749634,1
-10.4118099212646,1
-11.1849727630615,1
-14.0166215896606,1
-18.0576820373535,1
-21.7227344512939,1
-22.4126243591309,1
-18.9910087585449,1
-13.7447080612183,1
-9.75509834289551,1
-7.04084873199463,1
-3.66076326370239,1
-0.027894651517272,1
0.913491070270538,1
-1.75600624084473,1
-4.93860197067261,1
-5.17289066314697,1
-2.20420503616333,1
2.11084222793579,1
6.37329292297363,1
9.67879486083984,1
10.9004230499268,1
9.87877750396729,1
8.42569541931152,1
8.58838272094727,1
10.4547805786133,1
12.6492023468018,1
14.0853509902954,1
14.1571578979492,1
12.3131818771362,1
8.97709369659424,1
6.13567876815796,1
5.38932275772095,1
5.80356168746948,1
5.14088296890259,1
2.91338539123535,1
0.764128863811493,1
0.0236344784498215,1
0.461289077997208,1
1.56616735458374,1
3.40765523910522,1
5.46403121948242,1
5.79709148406982,1
2.64097023010254,1
-3.36963796615601,1
-9.3703441619873,1
-12.931342124939,1
-14.2456979751587,1
-15.3472480773926,1
-17.3840293884277,1
-19.5566806793213,1
-21.2331943511963,1
-23.9312019348145,1
-29.4643955230713,1
-36.4816436767578,1
-41.0995788574219,1
-41.5943756103516,1
-40.3384666442871,1
-39.9071922302246,1
-39.4519195556641,1
-37.0325584411621,1
-33.8347206115723,1
-33.107292175293,1
-35.3858184814453,1
-37.6176414489746,1
-37.4665298461914,1
-36.1189842224121,1
-35.8117599487305,1
-36.3987503051758,1
-35.9456214904785,1
-33.9981994628906,1
-32.824779510498,1
-35.0532722473145,1
-40.5149345397949,1
-46.023754119873,1
-48.7405281066895,1
-49.3648338317871,1
-50.8629188537598,1
-54.0921516418457,1
-56.6075096130371,1
-56.7449531555176,1
-56.7915344238281,1
-59.9547157287598,1
-65.554069519043,1
-69.900032043457,1
-71.3610076904297,1
-71.6802291870117,1
-72.0401611328125,1
-70.7025451660156,1
-65.9396209716797,1
-59.4375305175781,1
-55.0830383300781,1
-55.0732383728027,1
-58.2921180725098,1
-62.0905570983887,1
-64.791748046875,1
-66.3168792724609,1
-66.6318283081055,1
-64.2907791137695,1
-57.8527069091797,1
-49.1213417053223,1
-43.0919647216797,1
-42.8539848327637,1
-45.688045501709,1
-46.3754844665527,1
-43.5335960388184,1
-40.0665817260742,1
-37.7815055847168,1
-34.7924575805664,1
-28.999418258667,1
-21.3162059783936,1
-14.0885391235352,1
-8.49204921722412,1
-4.84799909591675,1
-3.46692967414856,1
-3.56215977668762,1
-3.01393866539001,1
-0.809586942195892,1
1.77495241165161,1
3.7770676612854,1
6.31264686584473,1
9.69759082794189,1
10.7949295043945,1
6.30127620697021,1
-2.26612710952759,1
-9.98980712890625,1
-14.6888675689697,1
-18.5778732299805,1
-23.6032028198242,1
-28.4388618469238,1
-31.4432563781738,1
-33.8395233154297,1
-37.845458984375,1
-43.4201240539551,1
-49.0587348937988,1
-54.6664161682129,1
-61.3052291870117,1
-68.3635406494141,1
-73.0366058349609,1
-73.2853012084961,1
-70.4657440185547,1
-68.6021347045898,1
-71.0896530151367,1
-77.6290893554688,1
-84.1669921875,1
-86.6533737182617,1
-85.1843414306641,1
-83.2768402099609,1
-82.6897354125977,1
-81.0659332275391,1
-76.2206726074219,1
-70.5443115234375,1
-68.1659851074219,1
-68.9132537841797,1
-68.6592102050781,1
-65.6239318847656,1
-62.6035346984863,1
-61.7813034057617,1
-60.7317161560059,1
-55.9824905395508,1
-48.3736572265625,1
-42.2032356262207,1
-40.0477981567383,1
-40.5666007995605,1
-40.818000793457,1
-38.939079284668,1
-34.9305534362793,1
-30.3236827850342,1
-26.8091487884521,1
-24.0677337646484,1
-19.6128330230713,1
-12.18687915802,1
-4.61825895309448,1
-1.33350670337677,1
-2.98704051971436,1
-5.38094043731689,1
-4.28414058685303,1
0.153339609503746,1
4.68698930740356,1
7.45695114135742,1
9.59886169433594,1
12.5339326858521,1
15.3037414550781,1
15.8582286834717,1
14.4072170257568,1
13.6289443969727,1
14.8221158981323,1
15.6390266418457,1
13.5994033813477,1
10.6076717376709,1
10.7980442047119,1
13.8196935653687,1
14.0947380065918,1
8.67858409881592,1
2.38874626159668,1
1.45884001255035,1
4.33883190155029,1
3.69908571243286,1
-2.78432607650757,1
-8.95043182373047,1
-9.26459503173828,1
-6.825843334198,1
-8.6367712020874,1
-15.8767213821411,1
-23.4580841064453,1
-27.9986686706543,1
-31.3104476928711,1
-35.324390411377,1
-38.0208969116211,1
-36.8216590881348,1
-33.1116676330566,1
-30.511266708374,1
-30.3333530426025,1
-31.4387493133545,1
-33.3236961364746,1
-36.2404518127441,1
-38.5887107849121,1
-37.3876190185547,1
-32.2749633789062,1
-26.7542018890381,1
-24.2273368835449,1
-24.4478588104248,1
-25.1685237884521,1
-25.8105449676514,1
-27.6580333709717,1
-31.0006217956543,1
-33.9158515930176,1
-34.3486824035645,1
-32.4128875732422,1
-29.8904037475586,1
-27.7162189483643,1
-24.7469863891602,1
-19.5177822113037,1
-12.7428588867188,1
-6.96295785903931,1
-3.55212593078613,1
-1.35366702079773,1
1.12718391418457,1
3.72088479995728,1
5.99649095535278,1
8.97512722015381,1
13.2663812637329,1
16.727424621582,1
16.8807601928711,1
15.2414808273315,1
16.0455055236816,1
20.2785053253174,1
24.1857280731201,1
24.8901824951172,1
24.4094181060791,1
26.0126934051514,1
29.0842666625977,1
30.4413356781006,1
29.4022598266602,1
28.6747264862061,1
30.4565105438232,1
33.8964996337891,1
36.7550621032715,1
38.1306381225586,1
39.0735511779785,1
41.1345291137695,1
44.3760147094727,1
46.6444320678711,1
45.4459953308105,1
40.944450378418,1
36.2043037414551,1
33.8611640930176,1
33.6298141479492,1
33.9119987487793,1
34.3693809509277,1
35.1078643798828,1
34.2651329040527,1
28.9517078399658,1
19.1205558776855,1
8.69765758514404,1
1.769606590271,1
-1.36893582344055,1
-3.29718613624573,1
-5.29361486434937,1
-5.66929817199707,1
-2.76104283332825,1
1.65367782115936,1
3.58893489837646,1
1.67606341838837,1
-0.798994421958923,1
0.148792997002602,1
4.3548059463501,1
8.59418487548828,1
12.0364093780518,1
17.6975612640381,1
27.1863899230957,1
36.5548477172852,1
40.2353401184082,1
38.1078033447266,1
35.5079917907715,1
36.0092544555664,1
37.3910446166992,1
36.3002738952637,1
34.0805740356445,1
34.827507019043,1
38.8206825256348,1
41.4775276184082,1
39.5057678222656,1
35.2693176269531,1
33.3759918212891,1
34.8129005432129,1
36.6539878845215,1
36.7177581787109,1
36.1522026062012,1
37.0104141235352,1
38.9420471191406,1
39.4051628112793,1
36.6203193664551,1
31.444637298584,1
26.2756404876709,1
22.6237773895264,1
20.1419143676758,1
17.8708438873291,1
15.7900304794312,1
14.7229051589966,1
15.1114768981934,1
16.4545612335205,1
17.7068176269531,1
17.6983032226562,1
15.5612344741821,1
11.5545196533203,1
7.24128103256226,1
4.12228584289551,1
2.45031666755676,1
2.06658363342285,1
3.48522019386292,1
6.79192686080933,1
10.3478450775146,1
12.4226579666138,1
13.3321084976196,1
13.7660303115845,1
12.0919418334961,1
6.80700588226318,1
1.26631987094879,1
1.27730345726013,1
6.60858058929443,1
9.57298564910889,1
5.06342124938965,1
-1.93017387390137,1
-2.96533560752869,1
2.56828498840332,1
7.79739952087402,1
8.60685539245605,1
8.21884155273438,1
11.0083379745483,1
16.1783142089844,1
19.5250663757324,1
18.9202880859375,1
16.2304553985596,1
15.0358781814575,1
17.4057464599609,1
22.20285987854,1
26.4572372436523,1
29.0240478515625,1
32.0193061828613,1
37.3603134155273,1
43.1543998718262,1
45.7771224975586,1
44.7897300720215,1
43.2859077453613,1
43.7151832580566,1
45.9492607116699,1
49.4018707275391,1
54.2522277832031,1
59.895378112793,1
64.4133758544922,1
66.4374542236328,1
66.0902481079102,1
64.0011978149414,1
61.1025543212891,1
59.2211303710938,1
59.7569313049316,1
61.7934379577637,1
63.550464630127,1
65.1991195678711,1
67.4674224853516,1
68.0348587036133,1
63.426097869873,1
55.2549247741699,1
50.2099304199219,1
51.5846405029297,1
54.5188827514648,1
52.7357330322266,1
47.005931854248,1
43.0892333984375,1
43.2414283752441,1
44.0564270019531,1
42.1467208862305,1
37.905101776123,1
33.0200347900391,1
27.6395378112793,1
21.6184272766113,1
16.5611476898193,1
14.9107027053833,1
17.5901222229004,1
23.0290374755859,1
27.850715637207,1
28.7465076446533,1
25.1001815795898,1
19.9026069641113,1
16.6869354248047,1
15.5180521011353,1
13.6550445556641,1
10.073091506958,1
6.74705457687378,1
4.68442249298096,1
1.68753111362457,1
-3.81940340995789,1
-9.22297859191895,1
-11.023024559021,1
-10.1136522293091,1
-10.3719921112061,1
-12.8185834884644,1
-14.7245426177979,1
-14.3005990982056,1
-12.6934509277344,1
-11.090934753418,1
-9.39919948577881,1
-8.15999794006348,1
-7.86162376403809,1
-5.74896907806396,1
2.01762461662292,1
13.6679668426514,1
22.5081768035889,1
26.5242214202881,1
31.2603797912598,1
39.282642364502,1
43.5189437866211,1
37.8867645263672,1
28.921049118042,1
27.4496879577637,1
31.8887062072754,1
30.6441555023193,1
20.7627601623535,1
12.6550884246826,1
13.1856422424316,1
14.9078702926636,1
8.59033870697021,1
-2.09157681465149,1
-7.08165407180786,1
-5.69805860519409,1
-6.24369144439697,1
-12.0123014450073,1
-16.9337139129639,1
-16.1170444488525,1
-13.1768312454224,1
-14.0700626373291,1
-18.8250064849854,1
-23.0907154083252,1
-24.8501491546631,1
-25.9781665802002,1
-28.3787517547607,1
-31.4456825256348,1
-33.3706207275391,1
-33.3336563110352,1
-32.0506858825684,1
-30.7639904022217,1
-29.7756156921387,1
-27.9768753051758,1
-24.4303016662598,1
-20.551965713501,1
-19.488525390625,1
-22.1489906311035,1
-24.6838874816895,1
-22.0261363983154,1
-14.4807891845703,1
-8.78541851043701,1
-10.8080520629883,1
-18.2981491088867,1
-23.2183856964111,1
-20.9661293029785,1
-14.6966876983643,1
-10.184419631958,1
-9.50304317474365,1
-11.4007186889648,1
-14.9160785675049,1
-19.3773441314697,1
-22.394344329834,1
-21.5605316162109,1
-18.1051292419434,1
-15.7721223831177,1
-15.5208320617676,1
-14.0256671905518,1
-8.51262664794922,1
-0.871243894100189,1
4.61529016494751,1
6.27768087387085,1
6.32855749130249,1
7.87292671203613,1
11.8052577972412,1
16.325309753418,1
18.8426704406738,1
18.6664524078369,1
18.0962715148926,1
20.1967220306396,1
25.0733661651611,1
29.1250553131104,1
28.7671794891357,1
24.4766178131104,1
20.3591632843018,1
19.8670215606689,1
22.6812133789062,1
25.8419876098633,1
27.0350952148438,1
26.0676364898682,1
23.6790294647217,1
20.2793979644775,1
16.4111080169678,1
13.4042663574219,1
12.3130693435669,1
12.4604864120483,1
12.200101852417,1
11.1464004516602,1
10.4957180023193,1
10.922384262085,1
11.5140581130981,1
11.6066312789917,1
12.5066137313843,1
15.8574209213257,1
20.5665321350098,1
23.0058288574219,1
21.1014251708984,1
17.2895851135254,1
16.0172958374023,1
18.3218536376953,1
20.3390293121338,1
17.9570617675781,1
11.6795177459717,1
5.48550033569336,1
1.92670881748199,1
0.411614686250687,1
-0.264284521341324,1
-0.339017271995544,1
-0.212050184607506,1
-0.507522523403168,1
-0.402566581964493,1
1.58126580715179,1
4.56463623046875,1
6.06285905838013,1
6.56028413772583,1
9.82529926300049,1
17.28639793396,1
25.9548816680908,1
33.8703804016113,1
43.2281112670898,1
55.148983001709,1
65.8271179199219,1
71.8823623657227,1
75.4494781494141,1
79.5117111206055,1
82.4804840087891,1
82.7259292602539,1
83.9401779174805,1
89.1522598266602,1
93.5038833618164,1
91.2316284179688,1
86.4131011962891,1
86.8448867797852,1
89.3856430053711,1
83.216194152832,1
68.1916046142578,1
57.3510818481445,1
57.4920539855957,1
59.2053680419922,1
52.5364227294922,1
41.7820625305176,1
35.9800567626953,1
33.5528564453125,1
27.2142353057861,1
18.1693572998047,1
13.7929592132568,1
14.1563539505005,1
12.1555051803589,1
6.40980911254883,1
3.41166949272156,1
5.37566661834717,1
5.50009393692017,1
-1.29214024543762,1
-10.6092119216919,1
-15.8564167022705,1
-17.2046279907227,1
-18.6439476013184,1
-20.7639064788818,1
-21.5002670288086,1
-21.0412616729736,1
-21.2881355285645,1
-22.1613483428955,1
-22.2974643707275,1
-22.1414375305176,1
-22.9200458526611,1
-23.4738445281982,1
-21.3760223388672,1
-16.8968486785889,1
-13.087381362915,1
-11.8370866775513,1
-12.0527448654175,1
-11.9692916870117,1
-11.4465227127075,1
-11.5121822357178,1
-12.8336400985718,1
-15.1079540252686,1
-17.463960647583,1
-19.3615608215332,1
-21.0355834960938,1
-22.551643371582,1
-22.9282817840576,1
-21.769552230835,1
-21.4202499389648,1
-24.7366638183594,1
-30.0493488311768,1
-31.636323928833,1
-27.0963497161865,1
-21.0431728363037,1
-18.5813655853271,1
-18.1508083343506,1
-15.0429563522339,1
-9.85680103302002,1
-8.14247226715088,1
-12.0064487457275,1
-17.2188606262207,1
-19.6180801391602,1
-19.873046875,1
-20.153995513916,1
-20.1042385101318,1
-18.8311653137207,1
-18.0546741485596,1
-20.2671718597412,1
-25.2394962310791,1
-30.6230602264404,1
-34.9079208374023,1
-37.9389152526855,1
-39.4750137329102,1
-39.0327224731445,1
-36.8544692993164,1
-34.105899810791,1
-32.4476165771484,1
-33.3759765625,1
-36.6576461791992,1
-39.3597564697266,1
-38.4094848632812,1
-34.5979232788086,1
-31.846378326416,1
-31.8375396728516,1
-32.0910987854004,1
-30.6392154693604,1
-29.4855995178223,1
-30.9480247497559,1
-33.2031021118164,1
-32.7910537719727,1
-29.8924045562744,1
-27.6758060455322,1
-27.3371429443359,1
-27.090030670166,1
-25.603328704834,1
-23.3082599639893,1
-20.5096492767334,1
-17.2207736968994,1
-14.7702035903931,1
-14.4476928710938,1
-14.4443187713623,1
-11.4446296691895,1
-5.7104058265686,1
-1.07184278964996,1
1.08405089378357,1
4.09427165985107,1
10.5062484741211,1
17.7720813751221,1
22.0217304229736,1
23.2095813751221,1
23.4813861846924,1
22.9544067382812,1
20.8667964935303,1
19.2773494720459,1
21.4369945526123,1
26.7547454833984,1
30.9107322692871,1
31.1402473449707,1
28.3795566558838,1
24.181303024292,1
19.0372352600098,1
14.4576635360718,1
12.9777841567993,1
14.2552623748779,1
14.2908916473389,1
10.9140386581421,1
7.25334215164185,1
6.64986801147461,1
6.59048080444336,1
2.19843459129333,1
-5.23528814315796,1
-8.57533359527588,1
-5.01007652282715,1
-0.952548682689667,1
-3.30430030822754,1
-9.3692626953125,1
-10.6259174346924,1
-5.32249402999878,1
-1.61019682884216,1
-6.66604375839233,1
-17.3168907165527,1
-24.5505485534668,1
-24.1346778869629,1
-18.9087677001953,1
-12.6911153793335,1
-6.84230756759644,1
-2.79287981987,1
-3.11660861968994,1
-7.95239019393921,1
-13.4387559890747,1
-16.183349609375,1
-17.3197002410889,1
-19.7632617950439,1
-23.0177536010742,1
-23.6083850860596,1
-20.2964782714844,1
-16.1931419372559,1
-14.9188566207886,1
-16.3140296936035,1
-17.1123390197754,1
-15.2713508605957,1
-12.6340780258179,1
-12.8929443359375,1
-17.0324287414551,1
-21.4382915496826,1
-21.3561954498291,1
-16.1567344665527,1
-10.1829767227173,1
-8.03267669677734,1
-9.79875087738037,1
-11.36487865448,1
-8.6645622253418,1
-1.21598958969116,1
7.92448711395264,1
15.2409086227417,1
19.9459095001221,1
23.8492546081543,1
27.8290100097656,1
29.8936004638672,1
28.4970169067383,1
26.3900718688965,1
27.8743858337402,1
32.4271049499512,1
35.0326118469238,1
33.9373359680176,1
33.7762069702148,1
38.2610778808594,1
43.6028060913086,1
43.5303230285645,1
38.415111541748,1
34.3406944274902,1
34.0390853881836,1
34.0793876647949,1
31.7526378631592,1
29.6843738555908,1
31.1006946563721,1
34.1958389282227,1
34.6435508728027,1
31.695779800415,1
28.2988529205322,1
25.8167476654053,1
21.9290962219238,1
14.6042470932007,1
5.94992733001709,1
0.439661175012589,1
-0.04408198595047,1
1.8894339799881,1
2.29413771629333,1
0.121186994016171,1
-2.16658782958984,1
-1.73489117622375,1
1.67286694049835,1
6.03889036178589,1
9.62602424621582,1
12.631236076355,1
16.3376350402832,1
20.907018661499,1
24.310173034668,1
24.0405902862549,1
20.3107738494873,1
16.805700302124,1
17.0669994354248,1
20.5006217956543,1
23.5815963745117,1
24.8949279785156,1
26.6018447875977,1
30.0544986724854,1
32.6980476379395,1
31.7708110809326,1
29.2264938354492,1
29.5907955169678,1
33.3661231994629,1
36.0055847167969,1
34.2491302490234,1
30.508415222168,1
29.1402549743652,1
30.4082927703857,1
30.5517311096191,1
27.1541290283203,1
22.3733940124512,1
20.5290927886963,1
23.5267581939697,1
28.987283706665,1
32.4814109802246,1
31.5498008728027,1
27.6393527984619,1
23.9714698791504,1
21.8880443572998,1
20.212610244751,1
18.0060634613037,1
16.2189807891846,1
15.821081161499,1
15.9355411529541,1
15.3763751983643,1
14.7472381591797,1
14.7790002822876,1
13.2390270233154,1
6.5011887550354,1
-4.82818508148193,1
-14.3075199127197,1
-15.8665943145752,1
-10.5896034240723,1
-5.23488426208496,1
-4.4199423789978,1
-6.48552274703979,1
-7.3689169883728,1
-6.05898523330688,1
-4.49917936325073,1
-3.80113697052002,1
-3.28751540184021,1
-3.0710780620575,1
-4.7986102104187,1
-8.59082698822021,1
-11.1738538742065,1
-9.10914897918701,1
-3.29115152359009,1
1.50879645347595,1
1.70483386516571,1
-1.58242928981781,1
-4.15237474441528,1
-2.92031812667847,1
1.78490364551544,1
7.40243053436279,1
12.0296974182129,1
15.9919366836548,1
20.5294170379639,1
25.4608001708984,1
29.1972255706787,1
31.1419162750244,1
32.6946907043457,1
35.2276496887207,1
38.4434700012207,1
41.7639923095703,1
45.9274444580078,1
51.6227951049805,1
57.538013458252,1
61.4561233520508,1
62.6494255065918,1
61.8120956420898,1
59.5246925354004,1
56.2845764160156,1
53.0265846252441,1
50.0777282714844,1
46.9861488342285,1
45.0168724060059,1
47.3777122497559,1
53.8904342651367,1
57.9447402954102,1
53.5452156066895,1
43.9039878845215,1
37.2375144958496,1
34.6142654418945,1
29.2561988830566,1
19.3561229705811,1
13.2423992156982,1
16.7865810394287,1
22.677303314209,1
19.9750652313232,1
10.0540437698364,1
4.1096830368042,1
6.3339638710022,1
8.78593635559082,1
4.30179929733276,1
-3.92787456512451,1
-9.28390407562256,1
-11.254825592041,1
-12.8347768783569,1
-13.6880264282227,1
-12.3677864074707,1
-12.0950860977173,1
-17.277889251709,1
-25.3470630645752,1
-28.7698192596436,1
-25.6001396179199,1
-21.6704502105713,1
-20.8196964263916,1
-19.6426849365234,1
-15.5404348373413,1
-13.6699323654175,1
-19.4344749450684,1
-27.9725933074951,1
-29.0546073913574,1
-21.5443458557129,1
-15.1517333984375,1
-16.364086151123,1
-20.035099029541,1
-18.6716365814209,1
-13.6805171966553,1
-11.4238004684448,1
-12.4813995361328,1
-12.2444429397583,1
-10.3095054626465,1
-11.3394079208374,1
-15.7811841964722,1
-17.2353401184082,1
-12.3475875854492,1
-7.2336597442627,1
-9.06443500518799,1
-15.5246562957764,1
-18.5904331207275,1
-16.3045501708984,1
-14.2121391296387,1
-15.489598274231,1
-16.2005996704102,1
-12.2631387710571,1
-5.92733812332153,1
-2.24463200569153,1
-2.73658037185669,1
-5.71455860137939,1
-9.92579555511475,1
-14.3871936798096,1
-16.7296371459961,1
-15.2638378143311,1
-11.3223295211792,1
-6.52013778686523,1
0.483698964118958,1
10.6421737670898,1
19.4767456054688,1
20.4342155456543,1
13.4779481887817,1
5.68101596832275,1
2.30088090896606,1
1.71701431274414,1
0.743744373321533,1
0.100357308983803,1
1.35169088840485,1
2.29132795333862,1
-0.212368905544281,1
-4.84245634078979,1
-7.40954160690308,1
-6.66714954376221,1
-4.9320240020752,1
-3.73774719238281,1
-2.52255988121033,1
-1.37991142272949,1
-1.5823392868042,1
-3.0207724571228,1
-4.20086526870728,1
-5.30396127700806,1
-8.36564540863037,1
-13.7095146179199,1
-18.9801807403564,1
-22.6415157318115,1
-25.7498607635498,1
-29.1537742614746,1
-31.7801170349121,1
-33.4146308898926,1
-36.4371070861816,1
-42.1322784423828,1
-47.1134719848633,1
-46.4814109802246,1
-39.937068939209,1
-32.1998710632324,1
-27.4670715332031,1
-25.7619915008545,1
-25.1792678833008,1
-25.5516681671143,1
-28.2694091796875,1
-33.2573928833008,1
-37.954647064209,1
-40.084587097168,1
-40.5181083679199,1
-41.8627395629883,1
-44.2715301513672,1
-44.7973976135254,1
-42.1418762207031,1
-39.8935546875,1
-42.4276466369629,1
-48.8582077026367,1
-54.1984672546387,1
-55.8395500183105,1
-55.2856941223145,1
-53.6661643981934,1
-49.8819732666016,1
-44.1492652893066,1
-38.9339027404785,1
-34.5565757751465,1
-28.4828433990479,1
-21.8355865478516,1
-21.7169723510742,1
-32.0612297058105,1
-45.6160507202148,1
-51.1559829711914,1
-47.2478408813477,1
-42.8897514343262,1
-44.721622467041,1
-49.6782417297363,1
-51.7704620361328,1
-50.6266021728516,1
-49.9877815246582,1
-51.2909774780273,1
-52.5776214599609,1
-52.2734603881836,1
-50.9902725219727,1
-49.9402122497559,1
-49.6655960083008,1
-50.5578918457031,1
-53.4648780822754,1
-59.2246398925781,1
-67.5161590576172,1
-76.1890029907227,1
-82.4931030273438,1
-85.7559661865234,1
-88.0503387451172,1
-91.0410690307617,1
-93.2246246337891,1
-92.3003921508789,1
-89.5193862915039,1
-88.8949508666992,1
-91.9165344238281,1
-95.8227233886719,1
-97.8952789306641,1
-98.6593627929688,1
-99.2732772827148,1
-98.384033203125,1
-94.2850799560547,1
-88.7564086914062,1
-85.7196044921875,1
-86.1581344604492,1
-86.8979644775391,1
-85.0813522338867,1
-81.7023391723633,1
-79.1712036132812,1
-76.8052062988281,1
-71.2973861694336,1
-62.0611000061035,1
-53.845947265625,1
-52.016357421875,1
-56.0220680236816,1
-59.7973403930664,1
-58.7529907226562,1
-54.1013336181641,1
-49.495906829834,1
-45.9620094299316,1
-42.3006477355957,1
-38.7627563476562,1
-37.3755722045898,1
-38.9103889465332,1
-41.8617668151855,1
-44.5385589599609,1
-46.266242980957,1
-46.4220504760742,1
-44.1899223327637,1
-39.7293701171875,1
-34.1455268859863,1
-28.0796318054199,1
-21.7546081542969,1
-16.4430446624756,1
-14.0758714675903,1
-14.8953380584717,1
-16.9780330657959,1
-18.4356079101562,1
-18.5300579071045,1
-16.4130783081055,1
-11.0238590240479,1
-3.44903898239136,1
2.40774321556091,1
3.26458430290222,1
-0.189027473330498,1
-4.44556283950806,1
-6.74738645553589,1
-6.45046043395996,1
-3.9522066116333,1
0.070789098739624,1
4.62722826004028,1
8.79773998260498,1
12.0621395111084,1
13.6611480712891,1
12.4072036743164,1
8.22680187225342,1
3.21266937255859,1
-0.314710408449173,1
-2.45980429649353,1
-4.92047452926636,1
-7.69758319854736,1
-8.69598007202148,1
-7.28849077224731,1
-6.25316429138184,1
-8.40123748779297,1
-12.414083480835,1
-14.172327041626,1
-11.9627456665039,1
-8.21807193756104,1
-5.63159132003784,1
-3.63173508644104,1
-0.0152768744155765,1
5.54072904586792,1
11.5236797332764,1
17.2352256774902,1
23.228157043457,1
29.2715606689453,1
33.957145690918,1
36.717456817627,1
38.527286529541,1
40.1435737609863,1
41.2427139282227,1
41.6572875976562,1
41.5996627807617,1
40.211986541748,1
36.2310333251953,1
30.9463882446289,1
27.6797962188721,1
26.7037143707275,1
23.7636585235596,1
16.2696914672852,1
7.89055681228638,1
3.26116371154785,1
0.892949879169464,1
-3.66750121116638,1
-9.66665077209473,1
-12.3649797439575,1
-11.7018442153931,1
-12.6506233215332,1
-15.9718627929688,1
-16.1335620880127,1
-11.3654909133911,1
-8.46707916259766,1
-12.6926803588867,1
-19.204740524292,1
-20.9637241363525,1
-19.8700580596924,1
-22.3588428497314,1
-27.6717128753662,1
-29.2099266052246,1
-25.7420425415039,1
-22.4379787445068,1
-20.9835586547852,1
-17.3533172607422,1
-10.5185079574585,1
-4.91097831726074,1
-1.89444279670715,1
3.10553860664368,1
11.6524133682251,1
18.5390720367432,1
21.6424770355225,1
27.5633773803711,1
40.5142250061035,1
52.2225036621094,1
51.8799667358398,1
42.1932983398438,1
36.0509033203125,1
38.7233657836914,1
42.6360740661621,1
40.5147247314453,1
35.0301094055176,1
32.1708602905273,1
31.7100563049316,1
28.9974365234375,1
22.4854393005371,1
15.1691331863403,1
10.1854791641235,1
7.92431545257568,1
6.7960090637207,1
5.21331882476807,1
3.09619331359863,1
1.58701968193054,1
0.636667191982269,1
-1.92902100086212,1
-6.95425796508789,1
-11.2037496566772,1
-11.6385698318481,1
-11.2210674285889,1
-15.3129167556763,1
-22.1273345947266,1
-23.0459976196289,1
-15.1136932373047,1
-7.45123481750488,1
-10.2724533081055,1
-21.3152046203613,1
-29.0621356964111,1
-27.6899757385254,1
-22.7980766296387,1
-21.927827835083,1
-24.7502307891846,1
-25.2516460418701,1
-20.670970916748,1
-15.1539325714111,1
-14.8874063491821,1
-21.2396469116211,1
-29.4119644165039,1
-33.8959083557129,1
-34.5551376342773,1
-35.884635925293,1
-40.304443359375,1
-44.7916412353516,1
-45.7565956115723,1
-44.739086151123,1
-46.1105804443359,1
-50.429874420166,1
-53.7767372131348,1
-53.6484107971191,1
-51.9096221923828,1
-50.7842330932617,1
-48.9770011901855,1
-43.8722763061523,1
-35.7943649291992,1
-27.940034866333,1
-22.7275123596191,1
-19.5312976837158,1
-15.4305763244629,1
-7.12288618087769,1
7.30735635757446,1
27.2546730041504,1
50.0211563110352,1
72.6907806396484,1
93.5107955932617,1
111.778610229492,1
127.528564453125,1
141.718765258789,1
155.535430908203,1
168.463653564453,1
177.537902832031,1
179.461059570312,1
173.647689819336,1
163.03825378418,1
151.851364135742,1
142.015289306641,1
131.352920532227,1
116.121849060059,1
96.3137283325195,1
77.1756286621094,1
63.4856185913086,1
53.5320701599121,1
41.9341278076172,1
27.7129898071289,1
15.1054172515869,1
5.90427112579346,1
-3.44631743431091,1
-14.6311702728271,1
-23.0673999786377,1
-25.4463272094727,1
-26.788631439209,1
-33.3503799438477,1
-41.8208999633789,1
-43.5264129638672,1
-38.054500579834,1
-34.2276344299316,1
-36.9099960327148,1
-41.3229484558105,1
-42.8620796203613,1
-44.1935005187988,1
-47.9294281005859,1
-49.3946876525879,1
-43.2450218200684,1
-32.6246795654297,1
-25.1654834747314,1
-22.8643207550049,1
-21.875789642334,1
-19.9451923370361,1
-18.0576210021973,1
-16.2135353088379,1
-13.2851905822754,1
-10.3139543533325,1
-8.8539400100708,1
-6.84661149978638,1
-1.43327105045319,1
4.63037109375,1
5.16988611221313,1
-0.182603016495705,1
-4.4792218208313,1
-2.64533257484436,1
2.900071144104,1
7.92456436157227,1
12.7844982147217,1
19.6689357757568,1
26.9824619293213,1
30.5999450683594,1
29.1525211334229,1
24.929594039917,1
20.5507621765137,1
17.3187999725342,1
16.1220989227295,1
17.5786113739014,1
21.2628612518311,1
26.0059261322021,1
30.5002994537354,1
32.9296607971191,1
31.5466842651367,1
27.2073631286621,1
23.9514408111572,1
24.9455451965332,1
28.7349395751953,1
31.6842670440674,1
33.3089256286621,1
36.4343223571777,1
42.1840553283691,1
47.7956352233887,1
50.334774017334,1
50.1928558349609,1
49.6365432739258,1
49.8258361816406,1
50.6296310424805,1
51.6947021484375,1
52.244571685791,1
51.312370300293,1
49.5075263977051,1
48.8641929626465,1
49.5204963684082,1
48.7562561035156,1
45.4431571960449,1
42.9349365234375,1
44.2071571350098,1
46.2995414733887,1
44.1703681945801,1
38.839168548584,1
36.0463027954102,1
36.5313301086426,1
33.97021484375,1
25.0805606842041,1
15.8988618850708,1
13.3800430297852,1
15.1035175323486,1
13.298282623291,1
6.73268938064575,1
2.02216386795044,1
3.14049386978149,1
5.73349714279175,1
3.9886474609375,1
-1.29066383838654,1
-4.5840106010437,1
-2.99103236198425,1
1.45147442817688,1
5.57374382019043,1
8.47015953063965,1
11.1254196166992,1
14.4349069595337,1
18.1409149169922,1
21.1491374969482,1
22.7811527252197,1
23.8503322601318,1
26.0713119506836,1
30.0655860900879,1
34.4220123291016,1
37.1720390319824,1
37.7556304931641,1
37.0182914733887,1
35.7631378173828,1
34.233528137207,1
32.9713821411133,1
33.0666923522949,1
34.8223762512207,1
36.8149871826172,1
37.3932914733887,1
37.0390167236328,1
38.0215072631836,1
41.2423400878906,1
44.6031951904297,1
45.5426864624023,1
44.3231391906738,1
43.3598403930664,1
43.718864440918,1
43.9965171813965,1
42.9082221984863,1
41.3895149230957,1
41.253044128418,1
42.7554397583008,1
44.4979972839355,1
45.308895111084,1
45.4128189086914,1
45.7967948913574,1
46.9603691101074,1
48.6044006347656,1
50.615062713623,1
54.0265083312988,1
60.207950592041,1
68.7821884155273,1
77.2726745605469,1
83.7101745605469,1
88.9802169799805,1
95.5885543823242,1
104.643417358398,1
115.276802062988,1
126.703880310059,1
139.426864624023,1
154.183456420898,1
170.609817504883,1
187.040969848633,1
201.041351318359,1
210.460021972656,1
214.737411499023,1
214.886596679688,1
211.796401977539,1
205.627197265625,1
197.645523071289,1
190.778228759766,1
186.158294677734,1
180.388534545898,1
169.142715454102,1
153.172439575195,1
137.863861083984,1
126.595512390137,1
117.409187316895,1
107.115585327148,1
95.9288864135742,1
86.2439270019531,1
78.6251831054688,1
71.052116394043,1
61.6045455932617,1
50.7134628295898,1
40.8896980285645,1
34.4234657287598,1
30.8857803344727,1
27.2985935211182,1
21.8090152740479,1
16.4542274475098,1
14.3616666793823,1
14.6945486068726,1
13.0971965789795,1
7.55226516723633,1
0.991983890533447,1
-3.02146458625793,1
-4.60044050216675,1
-5.87838363647461,1
-7.4050931930542,1
-8.45412731170654,1
-9.28853702545166,1
-10.6588888168335,1
-11.8574419021606,1
-11.3511743545532,1
-8.93300247192383,1
-5.72717332839966,1
-2.66601753234863,1
-0.316680252552032,1
0.701238751411438,1
0.744039416313171,1
1.61145615577698,1
4.0322151184082,1
5.57678127288818,1
3.50439310073853,1
-0.80729067325592,1
-3.04105687141418,1
-1.55739033222198,1
1.22421026229858,1
3.7215051651001,1
7.96507740020752,1
15.339581489563,1
22.5252208709717,1
25.2495403289795,1
24.7146911621094,1
26.4794807434082,1
32.9421234130859,1
40.4477424621582,1
44.8399353027344,1
46.6617393493652,1
48.6936950683594,1
50.5958786010742,1
48.9369125366211,1
41.9343566894531,1
31.8968963623047,1
22.9506492614746,1
17.8339157104492,1
16.6912059783936,1
17.4275245666504,1
17.1392574310303,1
14.3709020614624,1
9.94530010223389,1
4.8305287361145,1
-1.76035165786743,1
-10.3690366744995,1
-18.4217796325684,1
-22.3301620483398,1
-22.6003532409668,1
-23.7465305328369,1
-28.1204204559326,1
-32.954948425293,1
-35.4951095581055,1
-38.0965805053711,1
-44.8590660095215,1
-54.8068809509277,1
-62.2389793395996,1
-63.831111907959,1
-62.239086151123,1
-61.9907035827637,1
-64.4273834228516,1
-67.9450149536133,1
-71.2880249023438,1
-74.8962936401367,1
-79.6743469238281,1
-85.4525680541992,1
-90.4995574951172,1
-92.5521926879883,1
-91.0381546020508,1
-88.1029281616211,1
-86.3535461425781,1
-85.7923355102539,1
-84.4371795654297,1
-81.8049774169922,1
-79.6894607543945,1
-79.0074768066406,1
-78.1638031005859,1
-75.8322601318359,1
-73.3567199707031,1
-72.4883728027344,1
-72.21044921875,1
-70.1476440429688,1
-66.4861602783203,1
-64.1993789672852,1
-65.2103805541992,1
-68.0054397583008,1
-69.4329681396484,1
-67.7155532836914,1
-63.4246482849121,1
-58.4291305541992,1
-54.2012023925781,1
-50.7189636230469,1
-47.1801528930664,1
-44.0173683166504,1
-43.1383628845215,1
-45.0784034729004,1
-46.9966278076172,1
-45.3995819091797,1
-40.3651580810547,1
-34.9034996032715,1
-30.2085266113281,1
-24.2241115570068,1
-15.9621210098267,1
-8.73127937316895,1
-6.66474533081055,1
-9.0938777923584,1
-10.8864326477051,1
-8.55966663360596,1
-4.10486364364624,1
-1.88759028911591,1
-3.1912944316864,1
-5.40623092651367,1
-6.19458389282227,1
-6.6437873840332,1
-9.41593837738037,1
-14.8610305786133,1
-20.4535350799561,1
-23.8859691619873,1
-25.2184047698975,1
-25.5777568817139,1
-25.2533531188965,1
-24.2919960021973,1
-24.0431671142578,1
-26.4440898895264,1
-31.6531677246094,1
-37.4548263549805,1
-41.3381881713867,1
-42.5863761901855,1
-42.1784248352051,1
-41.2320022583008,1
-39.9673767089844,1
-38.1240768432617,1
-36.1225357055664,1
-35.304500579834,1
-36.4790115356445,1
-38.5811157226562,1
-39.9455833435059,1
-41.0418968200684,1
-44.2807350158691,1
-50.0132064819336,1
-54.2994956970215,1
-52.9228477478027,1
-47.2120094299316,1
-43.3844223022461,1
-45.3011512756348,1
-49.824535369873,1
-50.8883666992188,1
-46.8627624511719,1
-41.6948127746582,1
-38.9396667480469,1
-37.0941696166992,1
-32.3195838928223,1
-24.4266357421875,1
-17.7765846252441,1
-15.8521547317505,1
-16.7905750274658,1
-15.6776332855225,1
-10.2804584503174,1
-2.76516270637512,1
4.03714323043823,1
10.0715103149414,1
16.8137874603271,1
23.887544631958,1
28.6368770599365,1
29.2489986419678,1
27.2924461364746,1
26.4351253509521,1
28.8249626159668,1
33.3560981750488,1
37.7198829650879,1
41.3751525878906,1
45.3125686645508,1
49.0293045043945,1
49.6262512207031,1
45.2599792480469,1
38.3585205078125,1
33.5145606994629,1
32.4999732971191,1
33.1766510009766,1
33.2862319946289,1
33.1342544555664,1
33.6974563598633,1
33.979305267334,1
31.8611450195312,1
26.6965217590332,1
19.7594547271729,1
12.7185230255127,1
6.77208566665649,1
2.73266696929932,1
0.729776859283447,1
-0.0560240000486374,1
-0.583602726459503,1
-1.18820095062256,1
-2.3008759021759,1
-5.21116781234741,1
-10.8084917068481,1
-17.8146705627441,1
-23.6358337402344,1
-27.0880451202393,1
-29.042818069458,1
-30.2028064727783,1
-29.8585109710693,1
-27.85227394104,1
-26.4522304534912,1
-28.3844318389893,1
-33.0990982055664,1
-36.6885566711426,1
-36.2658576965332,1
-33.3120422363281,1
-31.5990600585938,1
-32.5702743530273,1
-34.4009437561035,1
-35.5841178894043,1
-37.4162216186523,1
-41.5956268310547,1
-46.684211730957,1
-49.1827850341797,1
-48.1817474365234,1
-46.9596557617188,1
-49.0054664611816,1
-53.8523788452148,1
-58.3009948730469,1
-60.9875717163086,1
-63.8735847473145,1
-68.909538269043,1
-74.7740249633789,1
-78.1653594970703,1
-77.8414459228516,1
-76.0858001708984,1
-75.7826461791992,1
-76.9497909545898,1
-77.1463088989258,1
-75.0202255249023,1
-72.1302261352539,1
-70.6083374023438,1
-70.0247650146484,1
-67.9467315673828,1
-63.4453811645508,1
-58.5689659118652,1
-55.6276321411133,1
-54.0451583862305,1
-51.238582611084,1
-46.5327682495117,1
-42.8722152709961,1
-43.6792144775391,1
-48.4538307189941,1
-52.7703590393066,1
-53.169849395752,1
-51.0236587524414,1
-50.2504196166992,1
-51.7552070617676,1
-52.2791481018066,1
-49.5346145629883,1
-46.3589363098145,1
-47.5001792907715,1
-53.1692581176758,1
-58.546989440918,1
-60.1508483886719,1
-60.1554260253906,1
-62.7578392028809,1
-68.0044860839844,1
-71.740608215332,1
-71.3748321533203,1
-69.2591552734375,1
-69.3938980102539,1
-72.4576110839844,1
-75.8019638061523,1
-77.6773452758789,1
-79.387092590332,1
-82.593864440918,1
-86.0249633789062,1
-86.4967346191406,1
-82.9793243408203,1
-78.2000885009766,1
-75.6287460327148,1
-75.6620407104492,1
-75.5237121582031,1
-72.5710525512695,1
-66.8988800048828,1
-60.5428771972656,1
-54.7814254760742,1
-49.0311622619629,1
-42.5308303833008,1
-36.1339111328125,1
-31.1676826477051,1
-26.7253036499023,1
-19.9593467712402,1
-10.0479326248169,1
-0.209820955991745,1
6.08671188354492,1
9.70854663848877,1
14.040488243103,1
19.1153545379639,1
20.9820232391357,1
17.9443950653076,1
14.2497148513794,1
15.1633281707764,1
20.4018955230713,1
25.2462749481201,1
27.0137004852295,1
27.3889865875244,1
28.4803810119629,1
29.4954242706299,1
28.3870010375977,1
24.9240970611572,1
20.8192176818848,1
17.7369384765625,1
16.1312561035156,1
15.5351438522339,1
15.3341913223267,1
15.3986539840698,1
15.9743270874023,1
16.5925960540771,1
15.5229358673096,1
11.4174251556396,1
5.49122047424316,1
0.732270359992981,1
-1.5843517780304,1
-3.44266176223755,1
-7.34670448303223,1
-13.0520257949829,1
-18.2713108062744,1
-22.1148872375488,1
-26.3486633300781,1
-32.9364128112793,1
-41.3808403015137,1
-49.2106018066406,1
-54.6881904602051,1
-58.4059600830078,1
-62.2238960266113,1
-67.0822677612305,1
-72.1979598999023,1
-76.4361953735352,1
-80.1091766357422,1
-84.7671737670898,1
-90.9098281860352,1
-96.5715942382812,1
-99.2109298706055,1
-98.9705352783203,1
-98.8363952636719,1
-100.965789794922,1
-104.06746673584,1
-105.733612060547,1
-106.433441162109,1
-108.959129333496,1
-113.734603881836,1
-117.11009979248,1
-115.764617919922,1
-110.984100341797,1
-106.404579162598,1
-102.685684204102,1
-97.320686340332,1
-89.7477340698242,1
-83.5422668457031,1
-81.8866577148438,1
-82.8512115478516,1
-81.4200897216797,1
-75.4688186645508,1
-67.7617263793945,1
-62.0805778503418,1
-59.0594291687012,1
-56.4706001281738,1
-52.6337966918945,1
-48.5513229370117,1
-46.5052070617676,1
-46.8828086853027,1
-47.1850395202637,1
-45.0004272460938,1
-41.4558448791504,1
-40.0192222595215,1
-41.6584434509277,1
-43.4786834716797,1
-43.5140533447266,1
-44.4482688903809,1
-49.7102127075195,1
-57.3913536071777,1
-61.8869285583496,1
-61.5000877380371,1
-60.4413948059082,1
-62.1264381408691,1
-64.3254623413086,1
-63.4852561950684,1
-60.8396682739258,1
-60.652099609375,1
-63.943717956543,1
-67.6024398803711,1
-69.3275909423828,1
-70.1913299560547,1
-71.8364105224609,1
-73.7750701904297,1
-74.4603805541992,1
-73.3087158203125,1
-70.8426742553711,1
-68.0205001831055,1
-65.779541015625,1
-64.1036529541016,1
-61.5706024169922,1
-57.2298698425293,1
-52.6776962280273,1
-50.2582855224609,1
-49.1904411315918,1
-46.0873870849609,1
-40.1728057861328,1
-35.282154083252,1
-34.8437690734863,1
-37.0677261352539,1
-37.6467094421387,1
-35.7552375793457,1
-34.3109169006348,1
-34.6950492858887,1
-34.3908729553223,1
-30.8212146759033,1
-25.2073745727539,1
-20.9713134765625,1
-19.5150451660156,1
-19.1430072784424,1
-17.6348609924316,1
-14.4789266586304,1
-10.484203338623,1
-6.2735424041748,1
-1.8794093132019,1
2.34145474433899,1
5.02924776077271,1
4.81122207641602,1
2.38893866539001,1
1.09508061408997,1
4.24346399307251,1
11.665828704834,1
19.8926086425781,1
26.4141216278076,1
32.7730674743652,1
42.1789932250977,1
54.6342811584473,1
66.2427673339844,1
73.8031005859375,1
78.5622787475586,1
84.318244934082,1
92.8250961303711,1
102.54084777832,1
111.401321411133,1
118.93212890625,1
125.074394226074,1
128.537368774414,1
127.909049987793,1
124.042198181152,1
119.84107208252,1
117.100189208984,1
114.418380737305,1
109.220176696777,1
101.613586425781,1
95.0237350463867,1
92.2240524291992,1
91.4289627075195,1
87.7721405029297,1
79.0525054931641,1
68.7491149902344,1
62.1353530883789,1
60.1122283935547,1
58.6441955566406,1
54.4313163757324,1
49.0958976745605,1
46.2789764404297,1
45.9194526672363,1
43.860408782959,1
37.3632278442383,1
28.8544940948486,1
22.8443908691406,1
20.4148120880127,1
18.5729274749756,1
14.6110420227051,1
9.09214401245117,1
3.99446392059326,1
-0.327837467193604,1
-4.83078718185425,1
-9.26432323455811,1
-11.7809276580811,1
-11.335901260376,1
-9.19707298278809,1
-7.35560178756714,1
-6.26338052749634,1
-5.09616708755493,1
-3.86582612991333,1
-4.10869216918945,1
-7.11039733886719,1
-12.1556262969971,1
-17.143627166748,1
-20.6190013885498,1
-22.5654945373535,1
-23.3325424194336,1
-22.6910228729248,1
-20.5267963409424,1
-17.962459564209,1
-16.8327522277832,1
-17.773983001709,1
-19.3496761322021,1
-19.4324722290039,1
-17.1459465026855,1
-13.0936489105225,1
-8.0067253112793,1
-1.90930914878845,1
5.06892204284668,1
11.4975900650024,1
15.0525674819946,1
14.6498994827271,1
12.0495796203613,1
10.6821346282959,1
12.4796028137207,1
16.2560405731201,1
19.656644821167,1
22.108419418335,1
24.8570938110352,1
28.4996948242188,1
32.1216201782227,1
35.2896423339844,1
39.2778739929199,1
45.2915115356445,1
52.9534606933594,1
62.2139701843262,1
75.6473617553711,1
96.4337997436523,1
123.915260314941,1
152.973861694336,1
178.179779052734,1
197.133544921875,1
209.813507080078,1
217.024398803711,1
220.637222290039,1
223.459671020508,1
227.035568237305,1
230.33366394043,1
231.656036376953,1
230.644973754883,1
227.160690307617,1
219.808822631836,1
207.944580078125,1
194.29719543457,1
182.824295043945,1
173.863983154297,1
164.088928222656,1
151.971099853516,1
140.514053344727,1
132.758087158203,1
126.791938781738,1
118.015182495117,1
105.411392211914,1
92.6613693237305,1
82.8875427246094,1
74.9911346435547,1
66.3363952636719,1
56.9456596374512,1
49.0477676391602,1
43.4396858215332,1
38.3611869812012,1
32.058464050293,1
24.9453086853027,1
18.6324634552002,1
13.7008819580078,1
9.19428253173828,1
4.13444805145264,1
-0.889771819114685,1
-3.8817195892334,1
-3.47613620758057,1
-0.928298652172089,1
0.474281877279282,1
-1.43162441253662,1
-5.44713449478149,1
-8.61328601837158,1
-9.73684406280518,1
-10.3181791305542,1
-11.9921894073486,1
-14.3364372253418,1
-15.9516086578369,1
-16.8400287628174,1
-18.5283222198486,1
-21.8749828338623,1
-25.6681842803955,1
-27.8722171783447,1
-27.9331855773926,1
-27.3375797271729,1
-27.8143329620361,1
-29.4720287322998,1
-31.2506542205811,1
-32.9417152404785,1
-35.6666564941406,1
-39.8210601806641,1
-43.5428123474121,1
-44.5121536254883,1
-43.0288314819336,1
-42.0130958557129,1
-43.6919631958008,1
-47.3141326904297,1
-50.5849876403809,1
-52.4174156188965,1
-53.4460716247559,1
-54.3100357055664,1
-54.3564147949219,1
-52.2609519958496,1
-47.6140022277832,1
-41.6104354858398,1
-35.9877777099609,1
-31.365177154541,1
-27.1648693084717,1
-23.3698463439941,1
-21.363655090332,1
-21.9191398620605,1
-22.9740257263184,1
-21.1001300811768,1
-15.4002742767334,1
-8.47584533691406,1
-3.06197118759155,1
0.770215451717377,1
4.16681623458862,1
6.78763628005981,1
7.31472444534302,1
6.10980987548828,1
5.62354707717896,1
7.79778575897217,1
11.9962015151978,1
15.8697814941406,1
17.7438659667969,1
17.8547821044922,1
17.4121055603027,1
16.6256942749023,1
14.025354385376,1
8.32082653045654,1
0.754843890666962,1
-5.54863977432251,1
-8.98726081848145,1
-11.0186214447021,1
-13.5135822296143,1
-15.9427442550659,1
-16.7436389923096,1
-16.4737129211426,1
-17.3408718109131,1
-19.5925521850586,1
-20.5812435150146,1
-18.3604373931885,1
-14.6363658905029,1
-12.7271299362183,1
-13.314772605896,1
-13.6378164291382,1
-11.0017290115356,1
-6.16836309432983,1
-2.62519884109497,1
-2.55134129524231,1
-4.07549381256104,1
-3.23495316505432,1
1.39833354949951,1
7.16110038757324,1
10.966362953186,1
13.2074003219604,1
16.4238548278809,1
20.9896869659424,1
24.5871963500977,1
26.1561412811279,1
27.7652072906494,1
31.212553024292,1
34.8122482299805,1
35.6735877990723,1
34.0707397460938,1
33.2748985290527,1
35.2730293273926,1
38.6179618835449,1
40.8117141723633,1
41.2409973144531,1
41.1540031433105,1
41.854793548584,1
43.6020660400391,1
45.6498107910156,1
46.9676055908203,1
47.3577041625977,1
47.7947044372559,1
48.9162864685059,1
49.5107154846191,1
48.0317306518555,1
45.8144035339355,1
46.7952079772949,1
52.844165802002,1
61.1444320678711,1
68.1954498291016,1
75.0346298217773,1
85.4913787841797,1
99.5226364135742,1
111.951950073242,1
119.596130371094,1
126.933616638184,1
141.806564331055,1
166.785675048828,1
197.687683105469,1
229.845916748047,1
262.050354003906,1
293.250823974609,1
318.833648681641,1
333.270782470703,1
335.525024414062,1
329.567169189453,1
319.784515380859,1
307.526916503906,1
292.027435302734,1
273.056335449219,1
252.032897949219,1
231.066040039062,1
210.984176635742,1
190.185150146484,1
166.273147583008,1
139.498123168945,1
113.429901123047,1
90.9808502197266,1
70.9959259033203,1
50.7262115478516,1
30.5515441894531,1
13.2581014633179,1
-1.21350693702698,1
-16.7602348327637,1
-35.515022277832,1
-54.1908950805664,1
-68.210334777832,1
-77.3218994140625,1
-84.5341567993164,1
-91.1100311279297,1
-95.8752517700195,1
-99.0545120239258,1
-103.500961303711,1
-111.105346679688,1
-120.092063903809,1
-127.1279296875,1
-130.898498535156,1
-132.6201171875,1
-133.886779785156,1
-134.955444335938,1
-134.885360717773,1
-132.989242553711,1
-130.241607666016,1
-128.793960571289,1
-129.253662109375,1
-128.933700561523,1
-124.393524169922,1
-115.864852905273,1
-107.385536193848,1
-101.757995605469,1
-97.1095962524414,1
-90.05029296875,1
-81.0496368408203,1
-74.3559265136719,1
-72.4509811401367,1
-72.5893020629883,1
-69.9405212402344,1
-62.9645767211914,1
-54.1185607910156,1
-45.6758041381836,1
-36.9384422302246,1
-26.7554759979248,1
-17.3550071716309,1
-13.1439352035522,1
-15.1978464126587,1
-18.9860916137695,1
-19.0695419311523,1
-14.7935552597046,1
-9.57071590423584,1
-5.58956050872803,1
-1.871542096138,1
2.36736845970154,1
5.25819873809814,1
4.71826553344727,1
1.67617630958557,1
-0.92173558473587,1
-1.58167254924774,1
-1.31193935871124,1
-1.62474465370178,1
-2.746178150177,1
-3.7875599861145,1
-3.89319157600403,1
-3.17704391479492,1
-2.79762268066406,1
-3.70243287086487,1
-5.07862281799316,1
-4.90633535385132,1
-2.59483098983765,1
-0.0263066254556179,1
0.93536239862442,1
0.769331693649292,1
0.519906222820282,1
-1.33521497249603,1
-7.68927907943726,1
-18.1990413665771,1
-28.3494606018066,1
-34.5140800476074,1
-38.183177947998,1
-43.2002143859863,1
-49.9041404724121,1
-54.5989723205566,1
-55.0046882629395,1
-53.7879638671875,1
-55.2461090087891,1
-59.924617767334,1
-64.3926467895508,1
-65.8768005371094,1
-65.2205581665039,1
-64.8086471557617,1
-65.063232421875,1
-64.229850769043,1
-61.1348648071289,1
-56.9168128967285,1
-53.5761413574219,1
-51.3072357177734,1
-47.9731330871582,1
-41.535717010498,1
-32.6273231506348,1
-23.914083480835,1
-16.7596607208252,1
-9.59555625915527,1
-0.55475240945816,1
9.14470291137695,1
16.2008190155029,1
19.5943565368652,1
22.0278873443604,1
26.1648139953613,1
31.1364650726318,1
34.387092590332,1
35.8310394287109,1
37.9464797973633,1
41.8324279785156,1
45.314754486084,1
45.801082611084,1
43.4697799682617,1
40.3530311584473,1
37.2399253845215,1
33.1140403747559,1
27.5018577575684,1
21.8175258636475,1
17.6541271209717,1
14.5457878112793,1
10.3209600448608,1
3.55055069923401,1
-4.89746236801147,1
-12.7143440246582,1
-18.1104030609131,1
-20.8207225799561,1
-21.5579433441162,1
-20.9505214691162,1
-19.3407039642334,1
-17.6476135253906,1
-17.8820209503174,1
-21.9070739746094,1
-29.3877983093262,1
-37.6412010192871,1
-44.0347061157227,1
-47.9535675048828,1
-49.8725471496582,1
-49.5784683227539,1
-46.9498405456543,1
-44.1360969543457,1
-44.7989692687988,1
-50.1947212219238,1
-57.2236747741699,1
-61.3838920593262,1
-60.9408874511719,1
-57.5636215209961,1
-53.9023475646973,1
-51.5946006774902,1
-50.9203262329102,1
-51.2372703552246,1
-51.9250297546387,1
-53.3930778503418,1
-56.5656204223633,1
-61.0019340515137,1
-64.6835021972656,1
-66.4567565917969,1
-67.3573760986328,1
-68.3287582397461,1
-68.1627655029297,1
-65.6838912963867,1
-62.7959327697754,1
-62.6706657409668,1
-65.1071090698242,1
-66.2742691040039,1
-63.5627365112305,1
-58.5207710266113,1
-54.1730728149414,1
-51.3506927490234,1
-48.9691390991211,1
-46.7137718200684,1
-46.0077972412109,1
-48.4387893676758,1
-53.6752662658691,1
-58.9525718688965,1
-61.1638298034668,1
-60.1224594116211,1
-58.9795036315918,1
-60.3498649597168,1
-63.1798400878906,1
-65.2792053222656,1
-67.6436614990234,1
-73.1541976928711,1
-81.4028167724609,1
-88.549919128418,1
-93.0531311035156,1
-97.7365417480469,1
-104.372619628906,1
-109.808692932129,1
-110.532875061035,1
-108.537734985352,1
-109.026779174805,1
-113.603843688965,1
-119.127899169922,1
-122.680107116699,1
-124.404693603516,1
-125.387870788574,1
-125.682540893555,1
-125.147430419922,1
-124.058494567871,1
-122.225379943848,1
-119.349243164062,1
-116.783187866211,1
-116.994956970215,1
-120.372009277344,1
-124.10319519043,1
-125.118072509766,1
-122.82430267334,1
-118.361778259277,1
-113.059661865234,1
-108.952339172363,1
-108.938316345215,1
-114.010818481445,1
-121.000129699707,1
-125.346977233887,1
-126.106002807617,1
-126.193305969238,1
-127.479835510254,1
-127.951766967773,1
-124.907470703125,1
-119.127105712891,1
-113.966377258301,1
-111.181205749512,1
-109.547142028809,1
-107.447700500488,1
-105.12915802002,1
-103.880981445312,1
-103.97444152832,1
-104.025238037109,1
-102.210266113281,1
-98.230339050293,1
-94.2881393432617,1
-93.4190826416016,1
-96.0832901000977,1
-99.1476135253906,1
-99.388557434082,1
-97.2642822265625,1
-95.5996398925781,1
-95.1708221435547,1
-94.022819519043,1
-91.4623641967773,1
-90.113410949707,1
-92.4759292602539,1
-97.1733016967773,1
-100.480262756348,1
-100.623413085938,1
-98.7764892578125,1
-96.2975463867188,1
-92.9387741088867,1
-88.3127746582031,1
-83.8725204467773,1
-82.2750701904297,1
-84.635612487793,1
-88.876091003418,1
-91.4641647338867,1
-91.111083984375,1
-90.08642578125,1
-91.0001449584961,1
-92.8995132446289,1
-92.2320861816406,1
-87.8000183105469,1
-82.7783966064453,1
-80.6944580078125,1
-80.9544906616211,1
-80.0960998535156,1
-76.579475402832,1
-72.2428970336914,1
-69.0022201538086,1
-66.1121597290039,1
-61.721809387207,1
-56.0143737792969,1
-51.4261016845703,1
-49.7919387817383,1
-50.1149024963379,1
-49.5160484313965,1
-46.0919151306152,1
-40.5066833496094,1
-34.870735168457,1
-30.5836410522461,1
-27.7200317382812,1
-26.1572895050049,1
-26.2056522369385,1
-27.5628528594971,1
-28.4701900482178,1
-27.0876560211182,1
-23.6380863189697,1
-20.1154937744141,1
-17.5863265991211,1
-14.8077373504639,1
-10.2171688079834,1
-4.47515630722046,1
0.0745048224925995,1
2.2014000415802,1
2.9558892250061,1
3.91067981719971,1
5.14823246002197,1
5.45130205154419,1
3.99715232849121,1
1.44789683818817,1
-0.523528873920441,1
-0.857877850532532,1
-0.567052185535431,1
-2.20783948898315,1
-7.09499931335449,1
-13.2589082717896,1
-17.3258018493652,1
-18.4359607696533,1
-18.7981719970703,1
-19.9800510406494,1
-20.6248893737793,1
-19.2510471343994,1
-17.5952396392822,1
-18.8013572692871,1
-22.9937705993652,1
-27.1084289550781,1
-29.0786018371582,1
-29.7452869415283,1
-30.0939559936523,1
-29.1065196990967,1
-25.9050769805908,1
-22.3635845184326,1
-21.7245807647705,1
-25.2490367889404,1
-31.403995513916,1
-37.7225379943848,1
-42.5581245422363,1
-45.8125495910645,1
-48.8653831481934,1
-53.006908416748,1
-57.3036422729492,1
-59.3507957458496,1
-59.0094337463379,1
-59.4323120117188,1
-62.5848159790039,1
-65.7007522583008,1
-64.924560546875,1
-60.9560356140137,1
-57.4985084533691,1
-54.8523292541504,1
-49.4574699401855,1
-40.6137580871582,1
-33.3617286682129,1
-32.2771339416504,1
-35.4884605407715,1
-37.7759857177734,1
-37.4809494018555,1
-37.1386375427246,1
-38.4070625305176,1
-39.6647071838379,1
-38.8138885498047,1
-36.0104446411133,1
-32.7715225219727,1
-29.7371959686279,1
-26.1358337402344,1
-20.9974822998047,1
-14.4971227645874,1
-7.95755290985107,1
-2.22573518753052,1
3.59753036499023,1
10.7035846710205,1
17.914005279541,1
22.1777477264404,1
22.3983421325684,1
21.1183052062988,1
21.2862033843994,1
22.832612991333,1
23.8724975585938,1
24.0105457305908,1
24.6370716094971,1
26.5797233581543,1
29.0418186187744,1
30.6118049621582,1
30.2641372680664,1
27.7452716827393,1
23.7642841339111,1
19.2623977661133,1
14.0632305145264,1
7.38376188278198,1
0.144103914499283,1
-5.20025444030762,1
-8.45464515686035,1
-13.2227916717529,1
-22.4069290161133,1
-33.7891082763672,1
-42.8594284057617,1
-48.9485054016113,1
-55.3355331420898,1
-63.5722770690918,1
-71.1164779663086,1
-75.4284591674805,1
-77.6512451171875,1
-80.8359909057617,1
-86.4019546508789,1
-93.5966033935547,1
-100.942459106445,1
-107.003936767578,1
-110.81436920166,1
-112.493476867676,1
-112.650016784668,1
-110.917526245117,1
-106.530044555664,1
-100.760040283203,1
-96.7424850463867,1
-95.547721862793,1
-94.152214050293,1
-89.2088470458984,1
-81.6413040161133,1
-75.2423095703125,1
-71.2929000854492,1
-67.1924896240234,1
-60.9509468078613,1
-54.6493072509766,1
-51.6974983215332,1
-51.8729820251465,1
-51.1624755859375,1
-46.4817276000977,1
-38.7783699035645,1
-30.8050537109375,1
-23.3588275909424,1
-15.2510633468628,1
-6.22918939590454,1
2.13458442687988,1
8.9214973449707,1
15.6475696563721,1
24.5262489318848,1
35.8416862487793,1
47.9664916992188,1
59.1940422058105,1
68.5042037963867,1
75.157829284668,1
78.7776947021484,1
79.6331253051758,1
78.0043640136719,1
73.7462310791016,1
67.4301528930664,1
61.1648330688477,1
56.7373695373535,1
53.2866554260254,1
48.4564018249512,1
41.6661148071289,1
34.3868026733398,1
27.2045497894287,1
19.0064430236816,1
9.84418678283691,1
2.12468719482422,1
-2.77510643005371,1
-7.06661224365234,1
-13.2951107025146,1
-19.8392066955566,1
-22.6655349731445,1
-21.3780403137207,1
-20.4542026519775,1
-23.4301624298096,1
-28.3182983398438,1
-30.6792621612549,1
-29.6971435546875,1
-28.8733921051025,1
-31.0901832580566,1
-35.1753540039062,1
-38.0134239196777,1
-38.5819549560547,1
-38.6314888000488,1
-39.7854919433594,1
-41.1432304382324,1
-40.2866821289062,1
-36.2319641113281,1
-30.5455589294434,1
-25.2026023864746,1
-20.1244888305664,1
-13.9717445373535,1
-7.12341070175171,1
-2.12730193138123,1
-0.323292046785355,1
0.536842167377472,1
3.66299223899841,1
8.94000816345215,1
13.1083383560181,1
14.1600122451782,1
13.7824249267578,1
14.8699712753296,1
17.8896751403809,1
20.4964866638184,1
20.1175651550293,1
16.5049915313721,1
12.0738973617554,1
9.53029346466064,1
8.74131965637207,1
6.89870452880859,1
2.89387631416321,1
-0.0117066465318203,1
1.51875245571136,1
4.99138593673706,1
4.44337272644043,1
-0.85204553604126,1
-4.43951177597046,1
-1.49551165103912,1
4.46310710906982,1
7.07844400405884,1
6.03577613830566,1
5.82178974151611,1
7.55529880523682,1
7.40020656585693,1
3.14656591415405,1
-2.38222670555115,1
-5.81109523773193,1
-7.45273685455322,1
-9.30032920837402,1
-11.5470447540283,1
-13.1021919250488,1
-13.7590103149414,1
-14.0790233612061,1
-14.1924839019775,1
-13.8101968765259,1
-12.4420890808105,1
-9.00445938110352,1
-2.54644584655762,1
5.89712524414062,1
13.4327306747437,1
17.9959526062012,1
19.7948036193848,1
19.7022495269775,1
17.8543453216553,1
14.7242393493652,1
11.9944534301758,1
10.8774375915527,1
10.4159030914307,1
8.82690525054932,1
6.25131273269653,1
5.1672191619873,1
7.90548038482666,1
13.9666290283203,1
19.8183078765869,1
21.7793922424316,1
19.6842193603516,1
17.1926078796387,1
17.5967960357666,1
20.0984916687012,1
21.8210926055908,1
22.7739658355713,1
26.0594367980957,1
32.5071792602539,1
37.8470764160156,1
37.3525390625,1
31.9250621795654,1
27.2380714416504,1
27.0188541412354,1
29.0696315765381,1
28.5631237030029,1
23.9937534332275,1
18.515115737915,1
15.5641269683838,1
14.7821264266968,1
13.5771551132202,1
11.7431030273438,1
11.9846286773682,1
15.3341283798218,1
18.8000316619873,1
19.5613460540771,1
19.3354225158691,1
21.6146297454834,1
25.8196926116943,1
