2.90482497215271,1
2.66711139678955,1
0.724447906017303,1
-1.73147034645081,1
-2.57708358764648,1
-1.99918651580811,1
-2.14061737060547,1
-4.46619606018066,1
-8.19518852233887,1
-10.7437973022461,1
-9.74015617370605,1
-5.68843555450439,1
-2.40878295898438,1
-3.11790657043457,1
-6.15613126754761,1
-7.02252006530762,1
-5.09543323516846,1
-5.12469863891602,1
-10.1785573959351,1
-16.1812381744385,1
-16.868745803833,1
-12.3072700500488,1
-8.36383152008057,1
-8.18706607818604,1
-8.5159158706665,1
-5.53830766677856,1
-0.673419058322906,1
1.96409571170807,1
1.56449437141418,1
1.16548955440521,1
2.96260547637939,1
5.58037185668945,1
6.38647890090942,1
4.96253681182861,1
3.41985750198364,1
3.76136326789856,1
5.62084007263184,1
6.93570756912231,1
6.74120712280273,1
6.58367252349854,1
8.5597562789917,1
12.6152486801147,1
16.9701175689697,1
20.7849140167236,1
24.6021194458008,1
27.9303684234619,1
28.5850505828857,1
25.8223457336426,1
22.544979095459,1
22.3835582733154,1
25.2428207397461,1
27.6340484619141,1
27.2085380554199,1
25.048828125,1
23.1201362609863,1
21.2496776580811,1
17.7665786743164,1
12.1682424545288,1
5.91726779937744,1
0.758194267749786,1
-3.01880478858948,1
-6.55219745635986,1
-10.8907842636108,1
-15.4943056106567,1
-18.4087982177734,1
-18.3988170623779,1
-16.7997989654541,1
-16.3883571624756,1
-18.09987449646,1
-19.7764644622803,1
-18.8864879608154,1
-15.6870212554932,1
-12.5291175842285,1
-10.4765748977661,1
-8.21961688995361,1
-4.71966409683228,1
-1.4151862859726,1
-0.562206506729126,1
-2.19689726829529,1
-4.30948781967163,1
-5.90787744522095,1
-8.18828392028809,1
-11.9103021621704,1
-15.0634984970093,1
-14.8188409805298,1
-11.3783903121948,1
-8.13704872131348,1
-7.59311866760254,1
-8.52538871765137,1
-8.22713470458984,1
-6.55256843566895,1
-6.17613887786865,1
-8.78691577911377,1
-12.365047454834,1
-13.2087297439575,1
-10.3587894439697,1
-7.01085138320923,1
-6.89303350448608,1
-9.65875816345215,1
-11.0805425643921,1
-8.28256893157959,1
-3.38247060775757,1
-0.27023845911026,1
1.34849107265472,1
5.84499406814575,1
14.9245910644531,1
23.9217128753662,1
27.1797065734863,1
25.254919052124,1
23.6175670623779,1
24.8415489196777,1
25.5221405029297,1
21.7035140991211,1
14.4050884246826,1
7.84544229507446,1
3.90954422950745,1
0.555521607398987,1
-4.75413608551025,1
-11.6464385986328,1
-17.1136779785156,1
-18.5707397460938,1
-16.4283790588379,1
-13.4901885986328,1
-11.6499967575073,1
-10.0202627182007,1
-7.38681411743164,1
-5.41902351379395,1
-6.89212465286255,1
-10.7058572769165,1
-11.8072328567505,1
-7.58052587509155,1
-1.70419406890869,1
0.667967319488525,1
-0.50053071975708,1
-1.38786256313324,1
-0.873237729072571,1
-2.04176306724548,1
-6.76237154006958,1
-12.1787548065186,1
-14.4464616775513,1
-13.9160690307617,1
-14.3431053161621,1
-17.694543838501,1
-21.8074760437012,1
-23.5633354187012,1
-23.0060501098633,1
-23.2169570922852,1
-26.4017505645752,1
-31.228120803833,1
-34.6883277893066,1
-35.9048004150391,1
-36.7881546020508,1
-38.8551406860352,1
-40.9366760253906,1
-41.1421546936035,1
-40.1728210449219,1
-41.0908317565918,1
-45.6806983947754,1
-52.0959396362305,1
-56.5275993347168,1
-56.6747169494629,1
-53.3026390075684,1
-48.8372688293457,1
-44.9390907287598,1
-41.5675659179688,1
-38.1276245117188,1
-34.8390235900879,1
-32.3548851013184,1
-30.348180770874,1
-27.5092010498047,1
-23.2118186950684,1
-18.2920513153076,1
-13.7262630462646,1
-9.46801471710205,1
-5.38568019866943,1
-2.53407406806946,1
-2.23953151702881,1
-4.10644578933716,1
-6.03050804138184,1
-6.36631774902344,1
-5.33168172836304,1
-4.1389799118042,1
-3.51113677024841,1
-3.41665124893188,1
-3.69129252433777,1
-4.38854074478149,1
-5.69946432113647,1
-7.85676097869873,1
-11.0286521911621,1
-15.0779037475586,1
-19.3839340209961,1
-22.868257522583,1
-24.1389541625977,1
-21.9522285461426,1
-16.2680225372314,1
-9.14065837860107,1
-3.86356353759766,1
-2.29921746253967,1
-3.04431772232056,1
-2.98858523368835,1
-0.880910515785217,1
1.44498229026794,1
1.82546699047089,1
0.744216322898865,1
0.339886963367462,1
0.988982379436493,1
0.740706861019135,1
-1.35326600074768,1
-3.16823554039001,1
-2.29046440124512,1
0.252100676298141,1
1.13874781131744,1
-0.551374912261963,1
-1.93541443347931,1
-0.237822487950325,1
3.7943103313446,1
7.64887046813965,1
10.6887683868408,1
14.1597528457642,1
18.4108753204346,1
22.3362102508545,1
25.6937007904053,1
29.9773960113525,1
36.0936012268066,1
42.4165153503418,1
46.1104049682617,1
45.6974411010742,1
41.7487144470215,1
35.8608016967773,1
29.6961078643799,1
24.4432029724121,1
20.5070648193359,1
17.9428730010986,1
17.1580619812012,1
18.2161750793457,1
19.3600063323975,1
17.9916667938232,1
14.2409744262695,1
11.9843816757202,1
14.4472665786743,1
19.8095569610596,1
23.4399185180664,1
24.0472354888916,1
24.9780197143555,1
28.8862895965576,1
33.6186637878418,1
34.9755859375,1
32.0042991638184,1
27.6956405639648,1
25.1179294586182,1
24.5768699645996,1
24.5873012542725,1
24.290210723877,1
24.3258991241455,1
25.7782974243164,1
28.5521984100342,1
30.7809200286865,1
30.1903667449951,1
26.4623107910156,1
21.9591445922852,1
19.5596389770508,1
19.950626373291,1
21.5927658081055,1
23.000675201416,1
23.9056549072266,1
23.9242668151855,1
21.5250606536865,1
15.7998504638672,1
8.7807502746582,1
4.18474006652832,1
3.34442377090454,1
3.93432307243347,1
3.75673294067383,1
4.20812368392944,1
7.95138883590698,1
14.0802602767944,1
18.4499187469482,1
19.1863460540771,1
19.1231842041016,1
21.4212036132812,1
25.1250991821289,1
27.2110862731934,1
27.3621120452881,1
28.0244140625,1
30.3893451690674,1
32.8554534912109,1
33.5463066101074,1
32.3845748901367,1
30.5057029724121,1
29.2828502655029,1
30.0337181091309,1
33.125919342041,1
37.2973785400391,1
41.2156677246094,1
45.2376174926758,1
49.6953239440918,1
52.0708923339844,1
48.935302734375,1
41.1354484558105,1
33.8565139770508,1
30.1913013458252,1
27.6776180267334,1
23.2804489135742,1
18.8182830810547,1
18.0038261413574,1
19.9022464752197,1
19.4743022918701,1
14.5502872467041,1
8.64474296569824,1
5.90126323699951,1
6.22029447555542,1
7.12772750854492,1
8.32680320739746,1
12.0078372955322,1
19.3194389343262,1
28.4455242156982,1
36.3533363342285,1
41.3683967590332,1
43.7794952392578,1
44.6203384399414,1
44.3346862792969,1
42.6150360107422,1
39.4213027954102,1
35.8301773071289,1
33.3487091064453,1
32.3080406188965,1
31.5102653503418,1
29.8019237518311,1
27.5308971405029,1
25.9836292266846,1
25.7457599639893,1
26.2067413330078,1
26.485876083374,1
26.1713848114014,1
25.0901546478271,1
22.983039855957,1
19.7308330535889,1
15.5355348587036,1
10.6162109375,1
5.11939811706543,1
-0.228708848357201,1
-3.64804363250732,1
-3.19502949714661,1
1.45406401157379,1
8.13325786590576,1
13.2925252914429,1
14.3620433807373,1
11.6426286697388,1
8.18006992340088,1
7.35619497299194,1
10.0162181854248,1
14.0086107254028,1
16.8237476348877,1
18.2437877655029,1
19.6649703979492,1
21.2113628387451,1
20.9533405303955,1
17.5239849090576,1
12.3554754257202,1
8.23430156707764,1
6.26363611221313,1
5.52124214172363,1
5.51168346405029,1
7.35755300521851,1
11.6989183425903,1
16.366081237793,1
17.6404151916504,1
14.1793785095215,1
8.82530117034912,1
5.75228071212769,1
6.10398817062378,1
7.25577306747437,1
6.37231969833374,1
3.57830929756165,1
0.839700877666473,1
-1.43566048145294,1
-5.12413167953491,1
-11.5050029754639,1
-18.9794368743896,1
-24.6400985717773,1
-27.5533809661865,1
-29.410924911499,1
-31.8353404998779,1
-33.9336471557617,1
-33.3126640319824,1
-29.4500427246094,1
-25.2087879180908,1
-24.1770362854004,1
-26.673770904541,1
-29.4554309844971,1
-29.7559070587158,1
-28.4011764526367,1
-27.8359508514404,1
-28.2137641906738,1
-27.5992126464844,1
-25.9320373535156,1
-26.2318496704102,1
-30.4954166412354,1
-36.1528587341309,1
-38.7117462158203,1
-37.2957038879395,1
-35.4743804931641,1
-36.3792152404785,1
-38.8283004760742,1
-39.3294944763184,1
-36.7882690429688,1
-33.6848030090332,1
-32.6107635498047,1
-32.9158897399902,1
-31.6241912841797,1
-27.190710067749,1
-21.227424621582,1
-16.136905670166,1
-12.0147457122803,1
-7.11420154571533,1
-1.12995779514313,1
3.62147378921509,1
5.15001583099365,1
4.70112895965576,1
5.14768123626709,1
6.94363927841187,1
7.58683490753174,1
5.54490661621094,1
2.82533693313599,1
2.12377548217773,1
2.58507680892944,1
0.641555309295654,1
-4.84140300750732,1
-10.3854007720947,1
-12.0695009231567,1
-10.5298547744751,1
-10.0029602050781,1
-12.7328939437866,1
-16.2039241790771,1
-16.6609973907471,1
-14.0657272338867,1
-12.0545072555542,1
-13.1766662597656,1
-15.6787223815918,1
-15.8800230026245,1
-12.8709077835083,1
-9.302490234375,1
-7.34215593338013,1
-5.51897716522217,1
-0.970633924007416,1
6.16370105743408,1
12.6939363479614,1
16.7066822052002,1
19.5979022979736,1
22.7131805419922,1
24.1442985534668,1
21.21901512146,1
15.1443872451782,1
10.4480962753296,1
9.61263751983643,1
10.514349937439,1
9.85927963256836,1
7.16887903213501,1
4.2088942527771,1
2.10722208023071,1
0.69511479139328,1
-0.15430648624897,1
-0.13163785636425,1
0.741840124130249,1
1.87903034687042,1
2.36113047599792,1
0.870474338531494,1
-3.64549469947815,1
-10.0882730484009,1
-14.8306102752686,1
-14.8638801574707,1
-11.0310192108154,1
-6.60775852203369,1
-2.99112868309021,1
1.19191586971283,1
6.4913649559021,1
10.6298227310181,1
11.6238880157471,1
11.175802230835,1
12.6675930023193,1
16.3912372589111,1
19.174446105957,1
19.166898727417,1
18.7537593841553,1
21.0295658111572,1
24.5996875762939,1
24.3227577209473,1
17.6732997894287,1
8.45113277435303,1
2.66908240318298,1
1.75417900085449,1
1.78666985034943,1
-0.665600597858429,1
-4.33305788040161,1
-6.13969707489014,1
-6.51745748519897,1
-9.30337905883789,1
-16.4140911102295,1
-24.8854522705078,1
-30.3237152099609,1
-31.9546012878418,1
-32.7426795959473,1
-35.0803871154785,1
-38.1071472167969,1
-39.7440071105957,1
-39.9011840820312,1
-40.1540260314941,1
-40.633861541748,1
-39.0918769836426,1
-33.9642677307129,1
-27.091344833374,1
-21.7386722564697,1
-18.3975658416748,1
-14.508903503418,1
-8.66052436828613,1
-2.99655961990356,1
-0.155229762196541,1
0.662130951881409,1
2.64693999290466,1
7.08892154693604,1
12.0987215042114,1
15.6702079772949,1
18.2845058441162,1
21.7648620605469,1
26.555212020874,1
30.9076862335205,1
32.4980239868164,1
30.6753559112549,1
27.3159351348877,1
25.1401023864746,1
24.7732524871826,1
24.1483268737793,1
21.6290054321289,1
18.7060623168945,1
17.8417720794678,1
18.2699851989746,1
16.5461463928223,1
11.7790441513062,1
7.64916658401489,1
7.56623649597168,1
9.8986120223999,1
10.4647693634033,1
8.58432483673096,1
7.76207733154297,1
10.3541822433472,1
14.252142906189,1
15.914834022522,1
14.7202835083008,1
12.7350702285767,1
11.4300870895386,1
10.5957345962524,1
10.2369651794434,1
11.6186246871948,1
15.554328918457,1
20.5709075927734,1
23.8060359954834,1
23.6583652496338,1
21.0295734405518,1
18.0310230255127,1
15.9971446990967,1
14.8412656784058,1
13.7937488555908,1
12.3556394577026,1
10.7289838790894,1
9.55798435211182,1
9.06832885742188,1
8.48056125640869,1
6.96500444412231,1
5.45150423049927,1
6.31734800338745,1
10.1140823364258,1
13.6450061798096,1
13.3768329620361,1
10.3836679458618,1
9.14260482788086,1
10.7929925918579,1
10.8220319747925,1
5.69516611099243,1
-0.974353134632111,1
-2.63636374473572,1
1.16248512268066,1
4.37189531326294,1
3.25507950782776,1
1.01995599269867,1
1.68008363246918,1
3.3130829334259,1
1.22589576244354,1
-4.33465337753296,1
-8.02880477905273,1
-6.84685468673706,1
-3.89540481567383,1
-3.53167819976807,1
-5.55878973007202,1
-6.51001071929932,1
-5.25584983825684,1
-4.68101024627686,1
-7.49291944503784,1
-12.2361640930176,1
-14.7644824981689,1
-12.9648199081421,1
-8.57256317138672,1
-4.21264696121216,1
-0.226761534810066,1
4.35446882247925,1
8.65040969848633,1
9.71077823638916,1
5.84761190414429,1
-1.1144357919693,1
-7.5968713760376,1
-11.4808149337769,1
-13.0381269454956,1
-13.4149589538574,1
-12.9541578292847,1
-10.8873119354248,1
-6.51563930511475,1
-0.85343211889267,1
3.38957357406616,1
4.41250038146973,1
3.62202143669128,1
3.96154499053955,1
5.97103977203369,1
7.30499267578125,1
6.64889287948608,1
5.90091514587402,1
6.85152339935303,1
7.49842405319214,1
4.30303192138672,1
-2.39956021308899,1
-7.90449714660645,1
-8.6550989151001,1
-6.19913721084595,1
-4.47468852996826,1
-4.72665405273438,1
-4.92932367324829,1
-3.59488844871521,1
-2.02932596206665,1
-2.0853009223938,1
-2.98197317123413,1
-1.68118536472321,1
3.78178119659424,1
12.3057775497437,1
21.2030506134033,1
28.8760833740234,1
35.4484252929688,1
41.0735397338867,1
44.4868392944336,1
43.9597129821777,1
39.7877502441406,1
35.0673332214355,1
32.9682083129883,1
33.3063545227051,1
33.1555213928223,1
31.3334312438965,1
30.526195526123,1
33.3429069519043,1
37.7308197021484,1
39.1031875610352,1
36.7580642700195,1
35.1297187805176,1
37.7932510375977,1
43.0000076293945,1
46.876651763916,1
48.7461967468262,1
50.7524452209473,1
53.5007286071777,1
54.8519477844238,1
53.0889663696289,1
49.3942527770996,1
46.7047500610352,1
46.9358291625977,1
49.3809394836426,1
51.5063056945801,1
51.8056488037109,1
51.894115447998,1
54.3804664611816,1
58.3232536315918,1
59.085277557373,1
54.2031898498535,1
47.1979560852051,1
43.1634368896484,1
42.3656005859375,1
41.3069381713867,1
38.9106597900391,1
37.7540473937988,1
39.0061492919922,1
39.8947906494141,1
37.7244453430176,1
33.8452835083008,1
31.849308013916,1
33.4026107788086,1
37.3344917297363,1
41.7240447998047,1
45.5486793518066,1
48.7283554077148,1
51.2191886901855,1
51.9599494934082,1
49.2851066589355,1
43.4354782104492,1
37.8130149841309,1
35.6118545532227,1
35.4649887084961,1
33.0250701904297,1
27.1898517608643,1
21.819543838501,1
20.0996437072754,1
20.1495151519775,1
18.4713478088379,1
15.4982652664185,1
14.7793254852295,1
17.7759017944336,1
22.3234901428223,1
26.0154209136963,1
28.6863880157471,1
31.2141857147217,1
33.7219276428223,1
35.6776275634766,1
36.7796211242676,1
37.2730369567871,1
37.7619171142578,1
38.5294532775879,1
38.753662109375,1
37.1710548400879,1
34.0930137634277,1
31.6045227050781,1
30.6944255828857,1
29.4535694122314,1
25.7249984741211,1
20.411958694458,1
16.0531787872314,1
12.9083080291748,1
8.99969673156738,1
3.87125444412231,1
-0.380836635828018,1
-2.40053915977478,1
-3.53836822509766,1
-5.50517749786377,1
-7.93291521072388,1
-9.41394710540771,1
-9.45167255401611,1
-8.21747398376465,1
-5.60926485061646,1
-1.72388255596161,1
2.54761910438538,1
6.14313650131226,1
8.26065063476562,1
7.98110342025757,1
4.98720598220825,1
1.18571805953979,1
-0.251183956861496,1
1.45090961456299,1
3.75151777267456,1
4.93193864822388,1
7.17924928665161,1
13.228666305542,1
21.3221645355225,1
26.5555267333984,1
27.122091293335,1
26.3871059417725,1
27.9420871734619,1
30.9377899169922,1
31.9591617584229,1
30.0773849487305,1
27.8799266815186,1
27.5780715942383,1
27.901554107666,1
25.8626575469971,1
20.8155517578125,1
15.4762811660767,1
12.7759981155396,1
12.761118888855,1
13.3285493850708,1
13.3486032485962,1
13.9178667068481,1
16.4131088256836,1
20.0680313110352,1
22.0084018707275,1
19.9608211517334,1
15.2790479660034,1
12.8569459915161,1
16.533784866333,1
24.1411094665527,1
29.0454406738281,1
27.9766139984131,1
25.1783294677734,1
26.2024726867676,1
29.536678314209,1
28.6701240539551,1
22.0516262054443,1
15.8668298721313,1
15.1491546630859,1
16.775218963623,1
14.9023141860962,1
10.0520009994507,1
7.89756202697754,1
10.2052478790283,1
11.9262475967407,1
8.26120853424072,1
1.00589871406555,1
-4.031418800354,1
-3.7517352104187,1
0.0766779184341431,1
4.2011079788208,1
7.43308448791504,1
10.7023773193359,1
14.6489963531494,1
17.8909721374512,1
17.9876594543457,1
14.1188983917236,1
8.22242259979248,1
2.94697618484497,1
-1.00350224971771,1
-4.67508316040039,1
-8.50151538848877,1
-11.4371347427368,1
-12.5984449386597,1
-12.6416854858398,1
-12.9826440811157,1
-14.3707313537598,1
-16.6985645294189,1
-19.5233173370361,1
-22.0242156982422,1
-22.7594547271729,1
-20.3989181518555,1
-15.279278755188,1
-10.1302337646484,1
-8.53283977508545,1
-11.6925287246704,1
-16.4964370727539,1
-17.7071266174316,1
-12.9887552261353,1
-5.27866172790527,1
0.774156033992767,1
4.1570291519165,1
7.71186923980713,1
13.103141784668,1
17.7844409942627,1
18.3295745849609,1
15.2685575485229,1
12.4989671707153,1
12.3343067169189,1
13.323616027832,1
13.4507303237915,1
13.4213027954102,1
15.0890808105469,1
17.5960502624512,1
17.2903671264648,1
12.1574792861938,1
5.02851104736328,1
1.03945326805115,1
2.09584140777588,1
5.08821058273315,1
6.10895347595215,1
5.32557153701782,1
6.13939237594604,1
9.68047428131104,1
12.2145557403564,1
9.47916126251221,1
2.41072082519531,1
-3.6146833896637,1
-5.12340402603149,1
-3.83304738998413,1
-2.8197808265686,1
-1.74469316005707,1
1.83208560943604,1
7.50368404388428,1
11.2424421310425,1
10.1212024688721,1
5.75723886489868,1
1.85071992874146,1
-0.407843142747879,1
-2.96269464492798,1
-7.43996000289917,1
-12.6295347213745,1
-15.9659051895142,1
-16.8176364898682,1
-17.414571762085,1
-20.1691417694092,1
-24.5494194030762,1
-27.6366653442383,1
-28.1259593963623,1
-28.4871273040771,1
-31.7080955505371,1
-36.6937866210938,1
-39.2232818603516,1
-37.8161277770996,1
-36.2382164001465,1
-38.7502098083496,1
-44.7669410705566,1
-50.3314323425293,1
-53.5706329345703,1
-55.9499664306641,1
-58.3797836303711,1
-58.9674873352051,1
-55.7766456604004,1
-49.9899253845215,1
-44.8498954772949,1
-42.2561645507812,1
-41.4098281860352,1
-40.2455978393555,1
-37.3643417358398,1
-32.8416290283203,1
-27.6394863128662,1
-22.1294269561768,1
-15.4536094665527,1
-7.18426036834717,1
0.658041477203369,1
4.95626878738403,1
5.46941614151001,1
5.6716833114624,1
8.26733016967773,1
11.483790397644,1
12.0120792388916,1
10.533727645874,1
11.228066444397,1
15.5380868911743,1
19.605899810791,1
19.5845813751221,1
17.066198348999,1
16.665433883667,1
19.6659812927246,1
23.1299095153809,1
24.9840526580811,1
26.8231887817383,1
30.6953754425049,1
35.5303688049316,1
38.3522300720215,1
37.5685691833496,1
33.7228927612305,1
28.2827949523926,1
23.0308666229248,1
19.4561443328857,1
17.2525615692139,1
14.3300704956055,1
9.53925037384033,1
4.17357349395752,1
-0.544709622859955,1
-5.68112182617188,1
-12.1354141235352,1
-17.8015174865723,1
-20.4291839599609,1
-22.1496772766113,1
-27.0719909667969,1
-34.4581604003906,1
-38.7677383422852,1
-37.716438293457,1
-35.958065032959,1
-38.2633514404297,1
-42.7386283874512,1
-44.3495216369629,1
-42.5075263977051,1
-40.9493293762207,1
-41.3817481994629,1
-41.4865837097168,1
-39.3178901672363,1
-36.206615447998,1
-34.5289649963379,1
-35.1416015625,1
-37.7608337402344,1
-41.7416076660156,1
-45.785758972168,1
-48.7678756713867,1
-51.4246826171875,1
-55.3184394836426,1
-59.5820808410645,1
-60.9790306091309,1
-58.3992576599121,1
-55.2098693847656,0
-55.3301811218262,0
-58.4234199523926,0
-60.8759460449219,0
-60.4200439453125,0
-57.6464996337891,0
-53.5744171142578,0
-48.0911598205566,0
-41.0398826599121,0
-32.9645729064941,0
-24.1930198669434,0
-14.5453414916992,0
-4.34734153747559,0
5.68883228302002,0
16.0361576080322,0
28.1318283081055,0
41.6800689697266,0
53.7914810180664,0
62.1595115661621,0
67.6686706542969,0
72.1895980834961,0
75.2687835693359,0
75.5311050415039,0
74.4848403930664,0
75.7127914428711,0
79.9647445678711,0
84.0428771972656,0
85.4578628540039,0
85.2307891845703,0
84.6161270141602,0
82.2851486206055,0
77.5629272460938,0
73.815544128418,0
74.616455078125,0
77.7955627441406,0
77.6195373535156,0
72.9178085327148,0
68.8177871704102,0
69.2132034301758,0
71.3451385498047,0
70.2089233398438,0
65.4594573974609,0
60.9176406860352,0
58.8930053710938,0
58.0833168029785,0
56.5347938537598,0
54.0135955810547,0
51.2236709594727,0
48.5624542236328,0
46.0396461486816,0
43.1699333190918,0
38.8279113769531,0
32.4114151000977,0
25.308895111084,0
20.0893383026123,0
17.8705921173096,0
17.2287921905518,0
15.8990774154663,0
12.8745069503784,0
8.66510486602783,0
4.14658546447754,0
-0.468281745910645,0
-5.70388126373291,0
-11.9494495391846,0
-18.5423355102539,0
-24.1332893371582,0
-28.1430072784424,0
-31.2199554443359,0
-33.8475189208984,0
-35.3061256408691,0
-34.8002815246582,0
-32.8746299743652,0
-30.6226005554199,0
-28.0633144378662,0
-24.6754722595215,0
-21.259838104248,0
-19.6187171936035,0
-20.0205135345459,0
-20.3869876861572,0
-18.7304668426514,0
-15.3580369949341,0
-11.8402729034424,0
-8.70595741271973,0
-5.31766033172607,0
-1.60767877101898,0
1.31201481819153,0
2.50194811820984,0
2.38327121734619,0
2.2153594493866,0
2.85596466064453,0
4.44192934036255,0
7.05352735519409,0
11.2027702331543,0
17.5115547180176,0
26.2077789306641,0
37.3938217163086,0
51.907112121582,0
71.2923126220703,0
95.9773101806641,0
123.219543457031,0
147.671920776367,0
164.919021606445,0
174.453094482422,0
178.641876220703,0
179.059387207031,0
174.995971679688,0
165.937301635742,0
154.080703735352,0
142.724746704102,0
132.398895263672,0
120.30248260498,0
104.209800720215,0
85.5727462768555,0
67.6495971679688,0
51.6554756164551,0
36.4420509338379,0
21.413646697998,0
7.56338167190552,0
-4.73617887496948,0
-16.7154769897461,0
-28.6471538543701,0
-38.1638526916504,0
-43.3300018310547,0
-46.3827514648438,0
-51.8034629821777,0
-60.6591796875,0
-69.2739486694336,0
-74.1107635498047,0
-75.7023391723633,0
-76.5979614257812,0
-77.5358963012695,0
-77.5770645141602,0
-76.6175079345703,0
-75.489616394043,0
-74.102294921875,0
-71.5014419555664,0
-67.7167434692383,0
-63.884391784668,0
-60.4472274780273,0
-56.6933822631836,0
-52.2684059143066,0
-47.8471832275391,0
-44.0890007019043,0
-41.1584777832031,0
-39.5562934875488,0
-40.171070098877,0
-42.9419631958008,0
-46.3927764892578,0
-49.0611801147461,0
-50.7815170288086,0
-52.2341651916504,0
-53.8250389099121,0
-55.2658157348633,0
-55.7983283996582,0
-54.8349761962891,0
-52.903678894043,0
-51.7109298706055,0
-52.445930480957,0
-54.2200126647949,0
-55.1286468505859,0
-54.6289329528809,0
-53.7010383605957,0
-52.8488655090332,0
-51.4703140258789,0
-49.4085502624512,0
-47.5300521850586,0
-46.174201965332,0
-44.5103378295898,0
-42.3105506896973,0
-40.9845848083496,0
-41.5014762878418,0
-42.0977973937988,0
-39.5153160095215,0
-32.4429359436035,0
-22.8633460998535,0
-14.0647077560425,0
-7.93036985397339,0
-4.00284004211426,0
-0.495093137025833,0
3.9775755405426,0
9.36898040771484,0
14.665828704834,0
19.2236633300781,0
23.5475673675537,0
28.96435546875,0
36.6816177368164,0
46.6781311035156,0
57.0941886901855,0
65.452522277832,0
71.4054718017578,0
77.5282592773438,0
85.9021911621094,0
94.4279022216797,0
98.6521911621094,0
97.4926147460938,0
94.9011459350586,0
94.8530044555664,0
96.7040176391602,0
97.1170043945312,0
94.9974899291992,0
92.3806533813477,0
91.1606903076172,0
91.0196685791016,0
90.5903625488281,0
89.0653915405273,0
86.3201217651367,0
82.4958801269531,0
77.8501205444336,0
72.5702285766602,0
66.7666702270508,0
60.9028244018555,0
55.6984977722168,0
51.0856857299805,0
45.8646087646484,0
39.0481605529785,0
31.0010261535645,0
22.7478275299072,0
14.9795589447021,0
8.30258655548096,0
3.2627899646759,0
-0.879040479660034,0
-6.1946496963501,0
-13.6107273101807,0
-21.4419937133789,0
-27.7151260375977,0
-32.6794967651367,0
-37.3438568115234,0
-40.9619903564453,0
-42.3646850585938,0
-42.7958183288574,0
-44.7261848449707,0
-48.3894157409668,0
-52.2115020751953,0
-56.2207946777344,0
-61.8692665100098,0
-68.400634765625,0
-72.7697906494141,0
-73.9429702758789,0
-74.1649017333984,0
-74.9190292358398,0
-74.7540588378906,0
-72.5957946777344,0
-70.1731719970703,0
-69.1504592895508,0
-68.543083190918,0
-67.2681427001953,0
-66.8077087402344,0
-68.6860504150391,0
-71.3340682983398,0
-72.2670135498047,0
-71.6612014770508,0
-70.8516006469727,0
-68.9043045043945,0
-64.1875076293945,0
-58.4309844970703,0
-55.4801597595215,0
-55.9767723083496,0
-56.6179885864258,0
-55.1741065979004,0
-53.105525970459,0
-52.1871871948242,0
-51.3361968994141,0
-48.4125061035156,0
-43.166130065918,0
-36.7240257263184,0
-29.5815010070801,0
-21.7085456848145,0
-13.6667852401733,0
-6.07628345489502,0
1.59035670757294,0
10.4881238937378,0
20.7706642150879,0
31.1842136383057,0
40.2314987182617,0
47.4249725341797,0
53.5730247497559,0
59.9300689697266,0
66.7435836791992,0
72.7060241699219,0
76.3697204589844,0
77.9499206542969,0
78.8772506713867,0
79.5453872680664,0
78.5652770996094,0
74.6524353027344,0
68.3111190795898,0
61.0119132995605,0
53.4212493896484,0
45.187629699707,0
36.0098991394043,0
26.2022476196289,0
16.501708984375,0
7.97428274154663,0
1.89012145996094,0
-1.07297790050507,0
-1.66815447807312,0
-1.69842493534088,0
-2.65451860427856,0
-4.97620153427124,0
-8.56233024597168,0
-13.3245887756348,0
-18.7349185943604,0
-23.2566146850586,0
-25.2202854156494,0
-24.6792659759521,0
-23.7718944549561,0
-24.5017681121826,0
-26.3465423583984,0
-26.783296585083,0
-24.2180557250977,0
-19.7407875061035,0
-15.8295316696167,0
-13.9224662780762,0
-13.4443740844727,0
-12.5122413635254,0
-9.19530487060547,0
-2.7663197517395,0
5.53536224365234,0
13.1718740463257,0
18.2406711578369,0
20.711597442627,0
21.6604766845703,0
21.7636032104492,0
20.9463214874268,0
19.1164360046387,0
16.7138996124268,0
14.6769390106201,0
14.1044874191284,0
15.5365810394287,0
18.1022720336914,0
19.695348739624,0
18.5808029174805,0
14.8441743850708,0
10.0524129867554,0
5.71785974502563,0
2.32870292663574,0
-0.496057093143463,0
-3.41221332550049,0
-6.87703990936279,0
-11.02721118927,0
-15.9739475250244,0
-21.8573169708252,0
-27.9115219116211,0
-31.6946926116943,0
-30.7407894134521,0
-25.824556350708,0
-21.3535118103027,0
-20.9514484405518,0
-23.1685428619385,0
-23.2437648773193,0
-19.0745162963867,0
-13.6522216796875,0
-11.0256147384644,0
-11.5681943893433,0
-12.5284233093262,0
-12.0202035903931,0
-10.6051797866821,0
-9.30648326873779,0
-7.99729299545288,0
-6.26254034042358,0
-4.40253019332886,0
-2.71798610687256,0
-0.854701399803162,0
1.1178103685379,0
1.79013919830322,0
-0.163335755467415,0
-4.05491590499878,0
-7.91878366470337,0
-10.9514150619507,0
-13.9048662185669,0
-17.1274604797363,0
-19.819164276123,0
-21.6874046325684,0
-23.8092193603516,0
-26.9498558044434,0
-30.2616233825684,0
-32.6996726989746,0
-34.6354217529297,0
-36.8725090026855,0
-39.1030693054199,0
-40.8006439208984,0
-42.720760345459,0
-45.678768157959,0
-48.4150161743164,0
-48.7832679748535,0
-46.9963912963867,0
-45.5640182495117,0
-45.6444854736328,0
-45.5652656555176,0
-43.8069877624512,0
-41.5141983032227,0
-40.6927757263184,0
-41.3858833312988,0
-42.1839599609375,0
-42.4940376281738,0
-42.7112731933594,0
-42.8166580200195,0
-42.3721618652344,0
-41.5975761413574,0
-41.0924110412598,0
-40.6458625793457,0
-39.5569648742676,0
-38.111988067627,0
-37.5980453491211,0
-38.6329803466797,0
-40.2800140380859,0
-41.0016784667969,0
-40.032096862793,0
-37.99853515625,0
-36.7312507629395,0
-38.0661964416504,0
-42.0881118774414,0
-46.9269676208496,0
-50.9941825866699,0
-54.7189674377441,0
-59.0126953125,0
-62.9534339904785,0
-64.8801193237305,0
-65.3564300537109,0
-66.7411880493164,0
-69.5623321533203,0
-71.7028579711914,0
-72.0482635498047,0
-72.5603790283203,0
-75.1195526123047,0
-78.3546371459961,0
-79.8827133178711,0
-80.2774810791016,0
-82.0935363769531,0
-85.4977951049805,0
-87.6116714477539,0
-86.4854736328125,0
-83.3985061645508,0
-80.4893951416016,0
-78.0673446655273,0
-75.3179626464844,0
-72.1306076049805,0
-69.0357131958008,0
-66.4503555297852,0
-65.0175170898438,0
-65.5715408325195,0
-67.5704193115234,0
-68.5660095214844,0
-66.6702041625977,0
-62.8648300170898,0
-59.3965148925781,0
-56.4222984313965,0
-51.9526557922363,0
-44.9799118041992,0
-36.8996353149414,0
-29.5224227905273,0
-23.2923984527588,0
-18.064905166626,0
-14.0829629898071,0
-11.135142326355,0
-7.97302913665771,0
-3.86702752113342,0
0.102406665682793,0
2.64784288406372,0
4.48978853225708,0
7.36921739578247,0
11.115701675415,0
13.4323997497559,0
12.8678941726685,0
10.3855762481689,0
7.32357549667358,0
3.39062261581421,0
-1.97297096252441,0
-7.39995908737183,0
-10.7327871322632,0
-12.2042808532715,0
-14.5813417434692,0
-19.424467086792,0
-24.6304969787598,0
-26.9233322143555,0
-25.9339866638184,0
-24.3348407745361,0
-24.2641944885254,0
-25.275276184082,0
-26.1005535125732,0
-26.7571144104004,0
-27.871129989624,0
-29.1828556060791,0
-30.1904048919678,0
-31.5306987762451,0
-34.0972099304199,0
-37.0951156616211,0
-38.6368598937988,0
-38.3671951293945,0
-37.9451675415039,0
-38.5616188049316,0
-39.4078674316406,0
-39.152702331543,0
-37.6262512207031,0
-35.3301315307617,0
-32.419261932373,0
-28.9791870117188,0
-25.4682579040527,0
-22.3279438018799,0
-20.0207004547119,0
-19.693338394165,0
-22.4051055908203,0
-27.1434783935547,0
-31.1928024291992,0
-33.4102096557617,0
-35.6243019104004,0
-39.6926002502441,0
-44.8020362854004,0
-49.1582412719727,0
-52.7473754882812,0
-56.4531059265137,0
-59.7091865539551,0
-61.3504180908203,0
-62.0373725891113,0
-63.4603385925293,0
-65.4710845947266,0
-66.3393936157227,0
-65.8533630371094,0
-65.7991790771484,0
-66.8221282958984,0
-66.9162826538086,0
-64.0920257568359,0
-59.1134300231934,0
-54.5340156555176,0
-51.9296798706055,0
-50.8387222290039,0
-49.6409072875977,0
-46.8431015014648,0
-42.2154312133789,0
-37.2938232421875,0
-34.2408027648926,0
-33.7178039550781,0
-34.2854614257812,0
-34.1559143066406,0
-32.9620742797852,0
-31.4664134979248,0
-30.1268978118896,0
-28.5068950653076,0
-25.8584671020508,0
-21.9567909240723,0
-17.5164985656738,0
-13.8566598892212,0
-11.8141241073608,0
-10.8997182846069,0
-9.91780567169189,0
-8.46948719024658,0
-7.30490255355835,0
-7.07908391952515,0
-7.5329213142395,0
-8.36301898956299,0
-10.0949649810791,0
-13.1324005126953,0
-16.3974304199219,0
-18.1833553314209,0
-18.4040660858154,0
-18.6447830200195,0
-19.4367179870605,0
-18.8618545532227,0
-15.1201143264771,0
-9.52523803710938,0
-5.25843334197998,0
-3.57532429695129,0
-3.13720083236694,0
-3.05969166755676,0
-4.33115386962891,0
-7.39139699935913,0
-10.5011463165283,0
-12.1304740905762,0
-13.267557144165,0
-15.3474807739258,0
-17.2257843017578,0
-16.7193698883057,0
-14.4956474304199,0
-13.7036638259888,0
-15.5971555709839,0
-18.0542640686035,0
-19.1593856811523,0
-19.9995880126953,0
-22.6280879974365,0
-26.9147891998291,0
-30.9217948913574,0
-33.4366683959961,0
-34.8910980224609,0
-36.4156265258789,0
-38.9251441955566,0
-42.5657920837402,0
-46.3412208557129,0
-48.925708770752,0
-50.4658126831055,0
-52.7401885986328,0
-56.736701965332,0
-60.956356048584,0
-63.2788696289062,0
-63.9532852172852,0
-65.4225692749023,0
-69.2235870361328,0
-74.1176452636719,0
-77.4872817993164,0
-77.8099975585938,0
-75.5349426269531,0
-72.2763061523438,0
-69.6896514892578,0
-68.6862258911133,0
-68.9058303833008,0
-68.7412872314453,0
-66.4705505371094,0
-61.9425506591797,0
-56.8975067138672,0
-52.9950790405273,0
-49.7790985107422,0
-45.62646484375,0
-40.7285270690918,0
-37.6144065856934,0
-37.8949432373047,0
-39.8646926879883,0
-40.7456398010254,0
-40.2929191589355,0
-40.4098587036133,0
-41.8495063781738,0
-43.4166946411133,0
-44.3760528564453,0
-45.4806175231934,0
-47.0794219970703,0
-48.1337966918945,0
-48.0277442932129,0
-47.749080657959,0
-48.189136505127,0
-48.6839790344238,0
-48.5498695373535,0
-48.8702201843262,0
-51.1144866943359,0
-54.6093215942383,0
-56.9619026184082,0
-56.8243598937988,0
-54.968936920166,0
-52.7027854919434,0
-50.4513397216797,0
-48.1247863769531,0
-45.8804473876953,0
-44.0536880493164,0
-42.8207092285156,0
-42.1462440490723,0
-41.7667617797852,0
-41.3566780090332,0
-41.1667098999023,0
-42.2067680358887,0
-45.0307846069336,0
-48.5069465637207,0
-50.7644386291504,0
-51.4252014160156,0
-51.8050842285156,0
-52.5539283752441,0
-52.3560600280762,0
-50.0204391479492,0
-47.0496139526367,0
-46.6199913024902,0
-49.8821487426758,0
-54.3956413269043,0
-56.777156829834,0
-56.2203826904297,0
-54.6926422119141,0
-53.9795722961426,0
-53.4792594909668,0
-51.3659400939941,0
-47.397346496582,0
-43.6311454772949,0
-42.1199226379395,0
-42.7153587341309,0
-43.9288177490234,0
-45.3880958557129,0
-48.1035842895508,0
-52.2267227172852,0
-56.1048622131348,0
-58.5127029418945,0
-60.6414375305176,0
-64.3523559570312,0
-69.054069519043,0
-72.1758804321289,0
-72.9169235229492,0
-73.6526412963867,0
-76.5572509765625,0
-80.1698608398438,0
-80.9361114501953,0
-77.6353759765625,0
-72.5981597900391,0
-68.3933410644531,0
-64.9079055786133,0
-60.5743827819824,0
-55.3208656311035,0
-50.8086433410645,0
-47.931827545166,0
-45.3782768249512,0
-41.1120300292969,0
-34.5433235168457,0
-26.795804977417,0
-19.4214267730713,0
-13.3993511199951,0
-8.96059131622314,0
-5.67233085632324,0
-2.75020742416382,0
0.177259802818298,0
2.57859539985657,0
3.71005511283875,0
3.83410787582397,0
4.30130481719971,0
6.18272066116333,0
9.02813053131104,0
11.1324090957642,0
10.9150228500366,0
8.04461765289307,0
3.51204490661621,0
-1.16514384746552,0
-4.90645170211792,0
-7.51503610610962,0
-9.43085384368896,0
-11.2414331436157,0
-13.382417678833,0
-15.9011554718018,0
-18.1804885864258,0
-19.1917591094971,0
-18.6127223968506,0
-17.6874294281006,0
-18.3471508026123,0
-21.2307662963867,0
-25.1164665222168,0
-28.6606140136719,0
-32.0664138793945,0
-36.3140335083008,0
-41.232234954834,0
-45.509105682373,0
-48.7040863037109,0
-52.0348052978516,0
-56.4951095581055,0
-61.0986480712891,0
-63.9847640991211,0
-64.741455078125,0
-64.5543518066406,0
-64.3684539794922,0
-64.177360534668,0
-64.1831512451172,0
-65.2649383544922,0
-67.6700439453125,0
-70.307731628418,0
-72.1926727294922,0
-73.7976684570312,0
-76.0154800415039,0
-78.3746795654297,0
-79.4122772216797,0
-78.5948028564453,0
-76.8432312011719,0
-75.1720962524414,0
-73.7347030639648,0
-72.3598480224609,0
-71.2357788085938,0
-70.7477645874023,0
-71.0708084106445,0
-71.9511413574219,0
-72.4127883911133,0
-70.8677139282227,0
-66.3607788085938,0
-59.810302734375,0
-53.2321624755859,0
-47.5475959777832,0
-41.8732833862305,0
-35.0780143737793,0
-27.1394748687744,0
-18.7710018157959,0
-10.8384990692139,0
-4.65419721603394,0
-1.61130893230438,0
-1.48495173454285,0
-1.94687962532043,0
-0.907436609268188,0
1.27948355674744,0
3.04446363449097,0
4.27218818664551,0
6.10331535339355,0
8.35102367401123,0
9.06628608703613,0
7.29338455200195,0
4.75986433029175,0
3.7682056427002,0
4.29226398468018,0
4.24672508239746,0
2.2037034034729,0
-1.12780046463013,0
-4.06646823883057,0
-5.90039253234863,0
-7.48691511154175,0
-10.1878652572632,0
-14.3241624832153,0
-18.7491817474365,0
-22.1115226745605,0
-24.3696346282959,0
-26.5887451171875,0
-29.3217449188232,0
-31.9211864471436,0
-33.6530952453613,0
-34.700252532959,0
-35.5414047241211,0
-35.9697036743164,0
-35.4626579284668,0
-34.236011505127,0
-33.3127403259277,0
-33.6451454162598,0
-35.4373054504395,0
-37.9263343811035,0
-39.481502532959,0
-38.572940826416,0
-35.3650360107422,0
-31.837818145752,0
-29.5040874481201,0
-27.5406761169434,0
-24.2400856018066,0
-19.7533264160156,0
-15.8221683502197,0
-12.9698305130005,0
-9.89685249328613,0
-6.1320652961731,0
-3.31295299530029,0
-2.75264978408813,0
-3.52564120292664,0
-4.51081228256226,0
-6.62653493881226,0
-10.7461004257202,0
-14.6374282836914,0
-15.0445108413696,0
-12.6784086227417,0
-12.0230255126953,0
-15.3804483413696,0
-19.9573879241943,0
-22.3012199401855,0
-22.8917350769043,0
-23.93017578125,0
-24.7441062927246,0
-22.7958526611328,0
-18.484676361084,0
-15.4729423522949,0
-15.7115564346313,0
-16.9556121826172,0
-16.3817329406738,0
-14.4854955673218,0
-13.8696775436401,0
-15.7263536453247,0
-19.0893974304199,0
-22.3788032531738,0
-24.0276470184326,0
-22.5153636932373,0
-17.770206451416,0
-12.3006353378296,0
-9.10786533355713,0
-8.2660665512085,0
-7.13305568695068,0
-4.28015041351318,0
-1.46488082408905,0
-0.715779066085815,0
-0.989045560359955,0
0.531741321086884,0
4.5183687210083,0
8.79955768585205,0
11.6147985458374,0
13.753490447998,0
16.7724094390869,0
20.5931930541992,0
24.0172271728516,0
26.5053043365479,0
27.9941654205322,0
27.7055683135986,0
24.9306354522705,0
20.8713188171387,0
17.9365653991699,0
16.7945575714111,0
15.5847434997559,0
12.6315574645996,0
8.54661083221436,0
4.79802370071411,0
1.4942741394043,0
-2.17347860336304,0
-6.17271852493286,0
-9.66738891601562,0
-12.4045934677124,0
-14.9925880432129,0
-18.0834083557129,0
-22.0467967987061,0
-26.8948173522949,0
-31.6418380737305,0
-34.484561920166,0
-34.9269180297852,0
-35.2230033874512,0
-38.189380645752,0
-43.7409553527832,0
-49.0926818847656,0
-52.3914566040039,0
-54.4760551452637,0
-56.6077613830566,0
-58.1173248291016,0
-57.3881149291992,0
-54.1606979370117,0
-49.7388381958008,0
-45.4580039978027,0
-41.9140281677246,0
-39.4034729003906,0
-38.2092933654785,0
-38.2823677062988,0
-38.9878005981445,0
-39.2454032897949,0
-38.0328826904297,0
-35.287971496582,0
-32.5515594482422,0
-32.061767578125,0
-34.5094299316406,0
-37.9538803100586,0
-39.6668968200684,0
-38.9997253417969,0
-37.6992340087891,0
-37.2359237670898,0
-36.7361946105957,0
-34.4145660400391,0
-30.5551700592041,0
-27.6765098571777,0
-27.3151931762695,0
-27.909646987915,0
-27.0309772491455,0
-24.8727607727051,0
-23.7949542999268,0
-24.5123672485352,0
-24.6921997070312,0
-22.1466007232666,0
-17.8752613067627,0
-14.6630458831787,0
-13.7113876342773,0
-14.094259262085,0
-14.8563251495361,0
-16.0517520904541,0
-17.8463935852051,0
-19.9282379150391,0
-21.9314384460449,0
-23.5310802459717,0
-24.2287445068359,0
-23.9659328460693,0
-23.6894149780273,0
-24.214376449585,0
-24.8426456451416,0
-24.5141448974609,0
-24.1434783935547,0
-26.0151824951172,0
-30.5414657592773,0
-35.4616889953613,0
-39.0058135986328,0
-42.03759765625,0
-45.8584022521973,0
-49.6229705810547,0
-51.8016700744629,0
-52.9925003051758,0
-54.9901809692383,0
-57.5074844360352,0
-58.1047286987305,0
-55.5992813110352,0
-51.5588722229004,0
-47.8036804199219,0
-44.1335716247559,0
-39.4231872558594,0
-33.5407676696777,0
-27.0391387939453,0
-20.0045528411865,0
-12.4775981903076,0
-5.3927116394043,0
0.0505829937756062,0
3.70722818374634,0
6.53660106658936,0
9.83585262298584,0
14.9023771286011,0
22.39333152771,0
30.9037055969238,0
37.0856437683105,0
38.7392501831055,0
37.4094619750977,0
36.5734252929688,0
37.7765998840332,0
40.1767501831055,0
43.2430801391602,0
47.3107719421387,0
51.1185150146484,0
51.5671234130859,0
47.4727783203125,0
41.6149368286133,0
37.2845726013184,0
34.3272323608398,0
30.5130195617676,0
25.3973979949951,0
20.3295936584473,0
15.4741954803467,0
9.71104717254639,0
3.54470562934875,0
-0.708439886569977,0
-2.53964400291443,0
-4.75029993057251,0
-9.98856353759766,0
-17.5209445953369,0
-24.8711109161377,0
-31.1143074035645,0
-36.7664566040039,0
-41.5832061767578,0
-44.6718482971191,0
-46.4504470825195,0
-48.4641990661621,0
-50.9711380004883,0
-52.2929496765137,0
-51.098461151123,0
-48.1310539245605,0
-45.104606628418,0
-42.9376754760742,0
-41.742359161377,0
-41.4998512268066,0
-41.6034889221191,0
-40.3577995300293,0
-36.413688659668,0
-30.8812198638916,0
-26.7779216766357,0
-25.6801471710205,0
-25.794527053833,0
-24.3603839874268,0
-21.3741073608398,0
-19.4957275390625,0
-20.3207244873047,0
-22.502950668335,0
-24.3374900817871,0
-26.4900569915771,0
-30.4694385528564,0
-35.4755859375,0
-38.9574508666992,0
-40.0195121765137,0
-40.0985260009766,0
-40.0881385803223,0
-39.0620651245117,0
-36.5927619934082,0
-34.1363220214844,0
-32.7860107421875,0
-31.5393447875977,0
-29.4703216552734,0
-27.9025745391846,0
-28.1921539306641,0
-28.5981559753418,0
-26.0853576660156,0
-20.8735466003418,0
-16.5357208251953,0
-15.2668037414551,0
-15.4735174179077,0
-14.8883113861084,0
-13.9082880020142,0
-14.3591251373291,0
-16.3713569641113,0
-18.1671276092529,0
-18.3508186340332,0
-17.1005954742432,0
-15.3429574966431,0
-13.7588663101196,0
-12.5939416885376,0
-11.7906818389893,0
-11.1856679916382,0
-10.7097816467285,0
-10.2021636962891,0
-9.12888717651367,0
-7.16886854171753,0
-5.16288900375366,0
-4.50323343276978,0
-5.13975620269775,0
-5.23740816116333,0
-3.60705304145813,0
-1.44818961620331,0
-0.41925260424614,0
0.25896480679512,0
3.03207087516785,0
8.37562942504883,0
13.5932550430298,0
15.8259878158569,0
15.0303201675415,0
13.2446002960205,0
12.0110769271851,0
11.5931673049927,0
11.9156265258789,0
12.8000335693359,0
13.3824634552002,0
12.6020040512085,0
10.5310964584351,0
8.14332389831543,0
5.42226839065552,0
0.995600759983063,0
-5.42244815826416,0
-11.3980093002319,0
-14.2675199508667,0
-14.8154191970825,0
-16.5205764770508,0
-20.852710723877,0
-25.3084888458252,0
-27.1472129821777,0
-27.2032203674316,0
-28.0637149810791,0
-29.7147045135498,0
-29.5979690551758,0
-26.8319263458252,0
-23.8284454345703,0
-23.0224323272705,0
-24.1179141998291,0
-25.6720809936523,0
-27.5142135620117,0
-29.9692459106445,0
-32.0563812255859,0
-32.3465309143066,0
-30.8662014007568,0
-28.4859848022461,0
-25.0824165344238,0
-20.1401596069336,0
-14.7825422286987,0
-11.1494045257568,0
-9.55310249328613,0
-8.0507116317749,0
-5.3204550743103,0
-2.38208866119385,0
-0.814011752605438,0
-0.695166349411011,0
-1.15211343765259,0
-1.69174921512604,0
-1.95725131034851,0
-1.15357494354248,0
1.08272933959961,0
3.75248026847839,0
5.40189743041992,0
5.70122528076172,0
5.54473781585693,0
5.99487638473511,0
7.60099649429321,0
10.216365814209,0
12.9987802505493,0
15.1731767654419,0
17.1804885864258,0
20.2451286315918,0
24.3290061950684,0
27.6175861358643,0
28.845287322998,0
28.939208984375,0
29.1635398864746,0
28.8276901245117,0
26.5929889678955,0
23.238489151001,0
20.9607925415039,0
20.0677700042725,0
18.5180740356445,0
15.1610250473022,0
11.4744462966919,0
9.18070888519287,0
7.71932792663574,0
5.34258460998535,0
1.68216788768768,0
-2.1422872543335,0
-5.53714609146118,0
-9.35027980804443,0
-14.5959548950195,0
-20.8544578552246,0
-26.2923202514648,0
-29.3674163818359,0
-30.455192565918,0
-31.3476963043213,0
-32.9272193908691,0
-34.1312065124512,0
-33.9506874084473,0
-33.4925765991211,0
-34.5814743041992,0
-36.9012641906738,0
-38.3937377929688,0
-38.327320098877,0
-37.901481628418,0
-37.6534614562988,0
-36.6449203491211,0
-34.9524803161621,0
-34.4910354614258,0
-35.9502372741699,0
-37.1444435119629,0
-36.3113555908203,0
-35.1730651855469,0
-36.5044822692871,0
-40.1762733459473,0
-43.9274063110352,0
-46.6081733703613,0
-47.9599494934082,0
-46.5336761474609,0
-41.3404922485352,0
-35.1217498779297,0
-32.2872161865234,0
-33.142147064209,0
-33.5176620483398,0
-30.9389934539795,0
-27.7281379699707,0
-26.5116481781006,0
-26.019287109375,0
-23.7920589447021,0
-20.4304351806641,0
-18.2078342437744,0
-17.2575206756592,0
-16.1748371124268,0
-15.2415113449097,0
-15.9285488128662,0
-17.6385478973389,0
-17.9203948974609,0
-16.1886806488037,0
-14.7419137954712,0
-15.4565591812134,0
-17.4475517272949,0
-18.7040481567383,0
-18.3607006072998,0
-16.6003971099854,0
-13.8327302932739,0
-10.9339199066162,0
-9.11912155151367,0
-8.49125480651855,0
-7.38451147079468,0
-3.96619415283203,0
1.91749680042267,0
8.83837985992432,0
14.9997358322144,0
18.9704189300537,0
20.2184524536133,0
19.7939949035645,0
19.7692222595215,0
20.9368476867676,0
21.4844779968262,0
19.1394500732422,0
14.5357933044434,0
11.1127328872681,0
11.1596612930298,0
13.0859966278076,0
13.6103410720825,0
11.8735961914062,0
9.89619255065918,0
9.10745143890381,0
8.23017692565918,0
5.50530672073364,0
1.64460933208466,0
-1.01157748699188,0
-1.72079801559448,0
-2.1048047542572,0
-3.70571637153625,0
-6.28424739837646,0
-8.95220851898193,0
-11.6692590713501,0
-14.8172798156738,0
-18.1795635223389,0
-21.2123184204102,0
-23.8474597930908,0
-26.3513507843018,0
-28.6785125732422,0
-30.405158996582,0
-31.0742568969727,0
-30.4498500823975,0
-28.8137187957764,0
-27.0434265136719,0
-25.8509998321533,0
-24.9682121276855,0
-23.744535446167,0
-22.3388671875,0
-21.2597827911377,0
-19.8663425445557,0
-16.8027038574219,0
-12.1160020828247,0
-7.27370309829712,0
-2.60078573226929,0
3.37487864494324,0
11.0649261474609,0
18.3475723266602,0
23.5567760467529,0
28.1347713470459,0
34.1753044128418,0
40.7587432861328,0
45.3093338012695,0
47.760814666748,0
50.6466484069824,0
55.3262748718262,0
60.7885360717773,0
66.2924652099609,0
72.4780197143555,0
79.271598815918,0
85.3836212158203,0
91.1777725219727,0
99.8188705444336,0
113.777503967285,0
131.530792236328,0
149.268356323242,0
164.961364746094,0
179.643630981445,0
195.701919555664,0
214.988815307617,0
237.504211425781,0
260.549926757812,0
279.864837646484,0
292.719451904297,0
299.354736328125,0
300.845001220703,0
297.019653320312,0
287.821533203125,0
275.253204345703,0
261.821685791016,0
247.660186767578,0
231.167449951172,0
212.09895324707,0
191.98649597168,0
171.712799072266,0
150.994491577148,0
130.543762207031,0
112.207313537598,0
95.8167877197266,0
78.1382293701172,0
56.928050994873,0
34.6298980712891,0
15.7364349365234,0
1.02637028694153,0
-13.2454614639282,0
-30.1791572570801,0
-48.4490356445312,0
-64.7975921630859,0
-78.5902633666992,0
-91.911018371582,0
-105.776794433594,0
-118.526702880859,0
-128.547622680664,0
-136.740982055664,0
-144.8662109375,0
-152.589416503906,0
-158.01708984375,0
-160.747680664062,0
-162.484069824219,0
-164.456130981445,0
-166.087387084961,0
-166.804306030273,0
-167.308715820312,0
-167.90380859375,0
-167.178939819336,0
-163.970626831055,0
-159.416793823242,0
-155.246841430664,0
-150.99089050293,0
-145.029083251953,0
-137.892837524414,0
-132.145965576172,0
-128.845153808594,0
-126.309860229492,0
-122.930763244629,0
-119.180351257324,0
-115.991577148438,0
-112.97582244873,0
-109.434181213379,0
-105.657424926758,0
-101.912300109863,0
-97.3460998535156,0
-91.3027572631836,0
-84.7873458862305,0
-79.189567565918,0
-74.2773666381836,0
-68.9319763183594,0
-63.343692779541,0
-58.8566246032715,0
-55.7183799743652,0
-52.4724540710449,0
-47.8761711120605,0
-42.2703895568848,0
-36.6572113037109,0
-31.3984642028809,0
-26.3856563568115,0
-21.7363567352295,0
-17.5404682159424,0
-13.2322912216187,0
-7.95870065689087,0
-1.63971698284149,0
4.90111637115479,0
11.1523952484131,0
17.7461166381836,0
25.3596057891846,0
33.0356903076172,0
38.8160743713379,0
42.5311317443848,0
46.6944198608398,0
53.4084434509277,0
61.3424491882324,0
67.5400619506836,0
71.7266693115234,0
76.6508941650391,0
83.963249206543,0
91.9998168945312,0
98.5368499755859,0
103.78547668457,0
109.323783874512,0
115.574417114258,0
121.787223815918,0
127.341415405273,0
131.677124023438,0
133.984741210938,0
134.327697753906,0
134.114791870117,0
134.188507080078,0
133.529922485352,0
131.210189819336,0
128.344116210938,0
126.381690979004,0
124.684799194336,0
121.898216247559,0
118.717254638672,0
116.839874267578,0
115.742790222168,0
113.108879089355,0
108.442642211914,0
103.898574829102,0
101.333763122559,0
100.721054077148,0
101.678123474121,0
104.278472900391,0
107.892021179199,0
111.437767028809,0
115.383239746094,0
121.283973693848,0
128.614959716797,0
134.439224243164,0
137.399795532227,0
139.761535644531,0
143.877944946289,0
148.678161621094,0
151.708053588867,0
153.02214050293,0
154.632736206055,0
157.100601196289,0
159.210784912109,0
160.709594726562,0
162.907302856445,0
166.140808105469,0
168.630905151367,0
168.810165405273,0
167.54833984375,0
167.111404418945,0
168.600997924805,0
171.127517700195,0
172.973190307617,0
172.874130249023,0
170.49137878418,0
166.406997680664,0
161.863494873047,0
158.196807861328,0
156.24787902832,0
156.121139526367,0
157.252624511719,0
158.670425415039,0
159.575714111328,0
160.032073974609,0
160.851486206055,0
162.277725219727,0
162.881683349609,0
160.571350097656,0
155.091094970703,0
148.808563232422,0
144.253295898438,0
141.326126098633,0
137.916351318359,0
133.045471191406,0
128.152862548828,0
125.011016845703,0
123.554092407227,0
122.441101074219,0
120.861503601074,0
118.921173095703,0
116.851348876953,0
114.73706817627,0
112.704483032227,0
110.64640045166,0
108.062637329102,0
104.85969543457,0
101.996765136719,0
100.568298339844,0
100.413444519043,0
100.323440551758,0
99.4589309692383,0
97.8986740112305,0
96.0748748779297,0
94.6022644042969,0
94.5551223754883,0
96.7439346313477,0
100.345726013184,0
103.222312927246,0
104.208213806152,0
104.357887268066,0
105.290687561035,0
107.057319641113,0
108.606384277344,0
109.778480529785,0
111.444534301758,0
113.674468994141,0
115.245079040527,0
115.572952270508,0
115.865287780762,0
117.258163452148,0
118.734329223633,0
118.363143920898,0
116.203155517578,0
114.366676330566,0
114.094718933105,0
114.293510437012,0
113.458839416504,0
111.673713684082,0
109.933502197266,0
108.697654724121,0
108.080825805664,0
108.443511962891,0
109.644599914551,0
110.487579345703,0
110.010620117188,0
108.600234985352,0
106.806655883789,0
104.114761352539,0
100.414344787598,0
97.7216796875,0
98.3837966918945,0
102.02547454834,0
106.355171203613,0
110.636299133301,0
115.894180297852,0
121.729949951172,0
125.982933044434,0
128.497467041016,0
132.278137207031,0
139.159027099609,0
146.903839111328,0
152.891784667969,0
158.297760009766,0
165.342987060547,0
171.836242675781,0
172.298599243164,0
164.551895141602,0
151.907745361328,0
138.197280883789,0
123.658218383789,0
107.051307678223,0
89.2056579589844,0
72.2884979248047,0
56.996883392334,0
42.4789352416992,0
28.3112125396729,0
14.9347658157349,0
2.54268550872803,0
-9.16414642333984,0
-20.3891563415527,0
-31.4328384399414,0
-43.118782043457,0
-55.9791870117188,0
-69.2168273925781,0
-81.3865661621094,0
-91.936279296875,0
-101.308639526367,0
-109.896217346191,0
-117.899444580078,0
-125.908432006836,0
-134.338897705078,0
-142.219467163086,0
-147.807815551758,0
-150.830856323242,0
-153.08039855957,0
-156.275482177734,0
-160.260681152344,0
-163.899719238281,0
-166.782363891602,0
-169.143905639648,0
-170.825561523438,0
-171.396286010742,0
-170.92317199707,0
-169.648284912109,0
-167.215042114258,0
-163.227203369141,0
-158.348251342773,0
-153.750854492188,0
-149.588958740234,0
-145.21794128418,0
-140.932098388672,0
-138.01171875,0
-136.584884643555,0
-134.874206542969,0
-131.453094482422,0
-127.07160949707,0
-123.134857177734,0
-119.374336242676,0
-114.459808349609,0
-108.336700439453,0
-102.446128845215,0
-97.8082275390625,0
-94.2964859008789,0
-91.8496932983398,0
-90.9335708618164,0
-91.2453231811523,0
-91.0629348754883,0
-88.7222671508789,0
-84.2413177490234,0
-78.9102249145508,0
-73.6535797119141,0
-68.318489074707,0
-62.3807640075684,0
-55.8894653320312,0
-49.5972290039062,0
-44.221996307373,0
-39.6348609924316,0
-34.9578819274902,0
-29.5735187530518,0
-23.7661457061768,0
-18.1265964508057,0
-12.6406803131104,0
-6.76230812072754,0
-0.181060522794724,0
6.82674217224121,0
13.5971326828003,0
19.412992477417,0
24.0782318115234,0
28.4069366455078,0
33.4064331054688,0
38.4545593261719,0
41.2012329101562,0
40.2378273010254,0
37.0805892944336,0
34.3143615722656,0
32.4969673156738,0
30.3858528137207,0
27.5624122619629,0
24.8187580108643,0
22.0991897583008,0
18.2720336914062,0
13.3699808120728,0
8.94885158538818,0
5.40178489685059,0
0.922185838222504,0
-5.59885835647583,0
-12.3520107269287,0
-16.8747863769531,0
-19.300178527832,0
-21.7364368438721,0
-25.3244819641113,0
-29.4832401275635,0
-33.3949699401855,0
-36.6860961914062,0
-39.027042388916,0
-40.4223136901855,0
-41.6897735595703,0
-43.6545143127441,0
-46.2938842773438,0
-49.5887603759766,0
-54.4207878112793,0
-61.2605514526367,0
-68.5446853637695,0
-73.8743667602539,0
-76.5714874267578,0
-77.7691497802734,0
-78.4035491943359,0
-78.5971527099609,0
-78.6310958862305,0
-78.7360687255859,0
-77.9320831298828,0
-74.8183517456055,0
-69.7228393554688,0
-64.4375991821289,0
-59.5983238220215,0
-54.1264381408691,0
-47.7692985534668,0
-42.3006172180176,0
-39.2165946960449,0
-37.8559188842773,0
-36.9932708740234,0
-36.8457145690918,0
-38.005313873291,0
-39.4957313537598,0
-39.6068840026855,0
-38.1127700805664,0
-36.2044792175293,0
-34.6626358032227,0
-33.5255661010742,0
-33.223560333252,0
-34.4043807983398,0
-36.4280433654785,0
-37.330265045166,0
-35.7271537780762,0
-32.0198745727539,0
-27.6873512268066,0
-24.2543716430664,0
-22.8406238555908,0
-23.4746360778809,0
-24.5414657592773,0
-23.9880523681641,0
-21.4871864318848,0
-18.4764289855957,0
-15.8134479522705,0
-12.7007818222046,0
-8.58017730712891,0
-4.68851852416992,0
-2.45130515098572,0
-1.30395472049713,0
0.308544248342514,0
2.22710251808167,0
2.52981281280518,0
0.244781300425529,0
-3.38312697410583,0
-6.76874256134033,0
-9.83917236328125,0
-13.2276782989502,0
-16.5577564239502,0
-18.5947952270508,0
-18.8488521575928,0
-18.3653507232666,0
-19.0662250518799,0
-22.5799617767334,0
-29.1421661376953,0
-37.0053939819336,0
-43.3984413146973,0
-46.9149398803711,0
-48.7294845581055,0
-50.6682395935059,0
-52.4149284362793,0
-51.7954788208008,0
-47.7775230407715,0
-41.734375,0
-35.2581596374512,0
-28.1841564178467,0
-19.8123874664307,0
-10.8325042724609,0
-2.48396873474121,0
5.44960165023804,0
14.0596485137939,0
22.9859943389893,0
30.3829669952393,0
35.2589683532715,0
38.1577415466309,0
39.2489242553711,0
37.6176300048828,0
33.2791481018066,0
28.2303161621094,0
24.273136138916,0
21.0887718200684,0
17.7451629638672,0
14.7959108352661,0
13.1051721572876,0
11.4962244033813,0
7.71378421783447,0
1.56079065799713,0
-4.90868377685547,0
-10.588303565979,0
-16.806173324585,0
-24.7627696990967,0
-33.0062637329102,0
-38.849365234375,0
-41.608325958252,0
-43.1598815917969,0
-45.4724044799805,0
-48.6711654663086,0
-51.7414131164551,0
-54.2756233215332,0
-56.8983459472656,0
-60.2610931396484,0
-64.211181640625,0
-68.043815612793,0
-71.2054901123047,0
-73.5671615600586,0
-75.2921905517578,0
-76.7085113525391,0
-78.1029357910156,0
-79.3131484985352,0
-79.6602630615234,0
-78.6209182739258,0
-76.4530181884766,0
-73.8226470947266,0
-70.9590072631836,0
-67.5568771362305,0
-63.3033142089844,0
-57.9443473815918,0
-50.9306526184082,0
-41.6685066223145,0
-30.3353233337402,0
-18.1163177490234,0
-6.57398796081543,0
3.0595064163208,0
10.3168983459473,0
15.7296199798584,0
20.3638191223145,0
24.6069831848145,0
27.7573661804199,0
29.3189105987549,0
29.9462413787842,0
30.0059719085693,0
27.8558330535889,0
21.2844181060791,0
10.7270412445068,0
-0.613138854503632,0
-10.3693151473999,0
-19.308069229126,0
-29.2395687103271,0
-39.8555335998535,0
-48.8550262451172,0
-54.7293663024902,0
-58.4499092102051,0
-62.3808975219727,0
-67.9136962890625,0
-74.2015914916992,0
-79.2650146484375,0
-82.4271469116211,0
-85.1589889526367,0
-88.983283996582,0
-93.2177124023438,0
-95.9415664672852,0
-96.8454895019531,0
-97.6864700317383,0
-99.8074035644531,0
-102.565307617188,0
-104.621467590332,0
-105.596092224121,0
-105.784805297852,0
-105.056137084961,0
-102.758743286133,0
-98.5076065063477,0
-92.8843078613281,0
-87.445182800293,0
-83.5839385986328,0
-80.9738922119141,0
-77.9104080200195,0
-73.9437026977539,0
-71.0764694213867,0
-70.9784851074219,0
-72.0546493530273,0
-71.1981964111328,0
-67.7123794555664,0
-63.286922454834,0
-58.7011184692383,0
-53.3459358215332,0
-48.0209999084473,0
-45.132152557373,0
-45.2165946960449,0
-45.8965377807617,0
-45.4187278747559,0
-44.8131904602051,0
-45.2379989624023,0
-45.5979156494141,0
-44.544605255127,0
-42.7584419250488,0
-41.287525177002,0
-39.4019584655762,0
-36.2092933654785,0
-32.9436721801758,0
-31.4484367370605,0
-31.4320678710938,0
-31.211389541626,0
-30.1569938659668,0
-28.4029693603516,0
-25.1663112640381,0
-19.7066860198975,0
-13.4512004852295,0
-9.00193691253662,0
-7.24084663391113,0
-7.150465965271,0
-7.97476863861084,0
-9.59878253936768,0
-11.2708864212036,0
-12.1409282684326,0
-12.8458013534546,0
-14.3645057678223,0
-15.4438934326172,0
-13.5927677154541,0
-8.84536170959473,0
-4.07925415039062,0
-1.07291877269745,0
1.31297504901886,0
4.28582191467285,0
7.10617303848267,0
9.34616184234619,0
12.8021326065063,0
19.1623821258545,0
27.4583759307861,0
35.8258743286133,0
44.3720016479492,0
54.0753326416016,0
63.7543067932129,0
70.3172836303711,0
71.6538314819336,0
67.6425399780273,0
58.9713592529297,0
46.8589935302734,0
33.433967590332,0
20.2993774414062,0
6.84330177307129,0
-8.11911678314209,0
-23.214168548584,0
-35.2586555480957,0
-43.3530120849609,0
-49.8747787475586,0
-56.6862716674805,0
-62.7346343994141,0
-66.8134231567383,0
-70.5776443481445,0
-76.572021484375,0
-84.3787536621094,0
-91.0269546508789,0
-94.9866409301758,0
-97.8760223388672,0
-102.08617401123,0
-108.315422058105,0
-115.852195739746,0
-123.886993408203,0
-131.737548828125,0
-138.710998535156,0
-144.716583251953,0
-150.637847900391,0
-157.336715698242,0
-164.45295715332,0
-170.851501464844,0
-176.242614746094,0
-181.651336669922,0
-187.904388427734,0
-194.133712768555,0
-198.490447998047,0
-200.3603515625,0
-201.187347412109,0
-202.681182861328,0
-204.712142944336,0
-205.745376586914,0
-205.234848022461,0
-204.6337890625,0
-205.547500610352,0
-207.538970947266,0
-208.621566772461,0
-207.792388916016,0
-206.178634643555,0
-205.290267944336,0
-204.850006103516,0
-203.277374267578,0
-200.222778320312,0
-197.547286987305,0
-197.135559082031,0
-198.419006347656,0
-199.096740722656,0
-198.08805847168,0
-196.587982177734,0
-195.992156982422,0
-196.038635253906,0
-195.766036987305,0
-195.26692199707,0
-195.26774597168,0
-195.513275146484,0
-194.907012939453,0
-193.209350585938,0
-191.468185424805,0
-190.601455688477,0
-190.481094360352,0
-190.617889404297,0
-190.835845947266,0
-190.850326538086,0
-189.855209350586,0
-187.016815185547,0
-182.10400390625,0
-175.602798461914,0
-168.720321655273,0
-163.201965332031,0
-160.22917175293,0
-159.061370849609,0
-157.355972290039,0
-153.33171081543,0
-147.435028076172,0
-141.837280273438,0
-138.685211181641,0
-138.708190917969,0
-140.707672119141,0
-142.12971496582,0
-140.857269287109,0
-137.002395629883,0
-132.721572875977,0
-130.086547851562,0
-129.345657348633,0
-129.144515991211,0
-127.978286743164,0
-125.557083129883,0
-123.291519165039,0
-123.177917480469,0
-125.467361450195,0
-127.801239013672,0
-127.720817565918,0
-125.703002929688,0
-124.268295288086,0
-124.258193969727,0
-123.925277709961,0
-122.034187316895,0
-119.609550476074,0
-117.498352050781,0
-114.386764526367,0
-109.201370239258,0
-103.859748840332,0
-101.126365661621,0
-100.497024536133,0
-98.7177124023438,0
-94.2641677856445,0
-88.9922561645508,0
-85.0457153320312,0
-82.2516250610352,0
-79.2432327270508,0
-75.2797622680664,0
-70.0190353393555,0
-63.162525177002,0
-55.6097030639648,0
-49.7390747070312,0
-47.1747856140137,0
-47.0421485900879,0
-47.5208168029785,0
-48.2757263183594,0
-50.094554901123,0
-52.8214340209961,0
-55.1232948303223,0
-56.0789108276367,0
-55.8108291625977,0
-54.6994476318359,0
-52.9648056030273,0
-50.7331695556641,0
-47.512451171875,0
-42.1108627319336,0
-34.4256782531738,0
-26.840799331665,0
-22.0634384155273,0
-19.7020626068115,0
-17.0519313812256,0
-13.5625896453857,0
-12.1584510803223,0
-15.0000743865967,0
-19.9945163726807,0
-23.1705017089844,0
-22.9666309356689,0
-20.4489402770996,0
-16.8041343688965,0
-12.8674144744873,0
-10.0881862640381,0
-9.40037822723389,0
-9.47612380981445,0
-8.41640949249268,0
-6.99105930328369,0
-7.83385896682739,0
-11.4250621795654,0
-15.4771347045898,0
-18.7485523223877,0
-22.7493762969971,0
-28.653865814209,0
-35.1802444458008,0
-41.1768188476562,0
-47.9458770751953,0
-56.7273406982422,0
-65.5662155151367,0
-71.2205581665039,0
-73.3259735107422,0
-74.505973815918,0
-76.9824295043945,0
-81.0155944824219,0
-86.0083236694336,0
-90.9501953125,0
-94.0373992919922,0
-93.9832992553711,0
-91.8270492553711,0
-89.7228240966797,0
-87.9840240478516,0
-85.161979675293,0
-81.1052093505859,0
-77.8831176757812,0
-77.0525741577148,0
-77.6627731323242,0
-77.7691802978516,0
-76.7520141601562,0
-75.5586547851562,0
-75.6132278442383,0
-77.6988067626953,0
-80.7816543579102,0
-81.8973617553711,0
-78.7384262084961,0
-72.7151489257812,0
-67.9194946289062,0
-66.5472869873047,0
-66.8910980224609,0
-66.4617538452148,0
-65.2918090820312,0
-64.9310836791992,0
-65.6207962036133,0
-66.0371170043945,0
-65.050895690918,0
-62.4355621337891,0
-58.4382400512695,0
-53.8696670532227,0
-50.2597503662109,0
-48.9356842041016,0
-50.1657981872559,0
-53.7489395141602,0
-59.7134170532227,0
-67.5349044799805,0
-75.3982772827148,0
-81.5466003417969,0
-86.1049041748047,0
-90.3523254394531,0
-94.287841796875,0
-96.301025390625,0
-95.7035140991211,0
-94.415283203125,0
-95.1435394287109,0
-98.3622436523438,0
-102.005584716797,0
-103.969741821289,0
-103.938110351562,0
-102.554313659668,0
-99.8859252929688,0
-95.5861892700195,0
-89.9483337402344,0
-83.690803527832,0
-76.9726486206055,0
-69.8284606933594,0
-63.5007820129395,0
-59.8596458435059,0
-59.0799713134766,0
-59.2662467956543,0
-59.014331817627,0
-58.981014251709,0
-60.1174812316895,0
-61.8878555297852,0
-63.4788627624512,0
-65.2663116455078,0
-67.386100769043,0
-68.2468643188477,0
-66.7915649414062,0
-65.3960723876953,0
-67.8093948364258,0
-74.1958541870117,0
-80.6792755126953,0
-84.2291259765625,0
-85.6963424682617,0
-87.2424926757812,0
-89.0574645996094,0
-90.1562881469727,0
-90.8280639648438,0
-92.4603652954102,0
-95.6101226806641,0
-99.6399536132812,0
-103.899993896484,0
-108.195526123047,0
-112.287696838379,0
-115.763206481934,0
-118.374732971191,0
-120.104286193848,0
-121.082023620605,0
-121.670783996582,0
-122.262168884277,0
-122.794532775879,0
-122.902519226074,0
-122.59423828125,0
-122.11083984375,0
-121.071723937988,0
-118.776885986328,0
-115.74048614502,0
-113.858810424805,0
-114.337142944336,0
-116.314758300781,0
-118.324737548828,0
-120.265533447266,0
-122.958389282227,0
-126.508079528809,0
-130.292587280273,0
-134.070999145508,0
-137.853317260742,0
-141.028030395508,0
-143.042114257812,0
-144.943450927734,0
-148.786361694336,0
-154.967483520508,0
-161.138107299805,0
-164.347030639648,0
-163.639633178711,0
-160.189468383789,0
-155.570877075195,0
-150.459884643555,0
-144.692642211914,0
-138.217864990234,0
-132.017044067383,0
-127.81958770752,0
-126.421859741211,0
-126.604789733887,0
-126.489067077637,0
-125.653343200684,0
-124.864608764648,0
-124.028175354004,0
-121.994888305664,0
-118.618286132812,0
-115.345878601074,0
-113.108657836914,0
-111.092506408691,0
-108.377166748047,0
-105.296394348145,0
-102.21102142334,0
-98.5188369750977,0
-94.1808395385742,0
-90.6648864746094,0
-88.6915817260742,0
-86.4606246948242,0
-82.1503829956055,0
-76.9772567749023,0
-73.3820648193359,0
-71.0439147949219,0
-67.4025115966797,0
-61.7797203063965,0
-56.1774215698242,0
-51.8828353881836,0
-48.1096458435059,0
-44.5504112243652,0
-42.4156608581543,0
-41.7425994873047,0
-40.2043380737305,0
-36.3073310852051,0
-31.8725471496582,0
-29.5608196258545,0
-29.3728103637695,0
-29.2975158691406,0
-28.2806186676025,0
-26.9334659576416,0
-26.1984443664551,0
-26.7851505279541,0
-29.1846694946289,0
-32.8936347961426,0
-36.2114410400391,0
-37.9145774841309,0
-38.5444984436035,0
-39.2216491699219,0
-40.1462020874023,0
-41.271800994873,0
-43.3434600830078,0
-46.8980865478516,0
-51.1003875732422,0
-54.9591407775879,0
-58.9500579833984,0
-64.0596237182617,0
-69.9712295532227,0
-75.6759796142578,0
-81.1438522338867,0
-86.6597442626953,0
-91.0205993652344,0
-92.3763809204102,0
-90.9144897460938,0
-88.9791107177734,0
-88.2248992919922,0
-88.1621322631836,0
-87.9732437133789,0
-88.315673828125,0
-90.3361129760742,0
-93.6474151611328,0
-96.3008728027344,0
-96.850456237793,0
-96.0946884155273,0
-96.4721527099609,0
-99.4851303100586,0
-103.966728210449,0
-107.587303161621,0
-109.859977722168,0
-112.276992797852,0
-115.203834533691,0
-116.579040527344,0
-114.952339172363,0
-111.991638183594,0
-109.88680267334,0
-107.630096435547,0
-102.629013061523,0
-95.4487380981445,0
-89.9103469848633,0
-88.0771484375,0
-87.9069213867188,0
-86.8691101074219,0
-85.3779373168945,0
-84.9979782104492,0
-85.2154235839844,0
-84.1405410766602,0
-81.3898391723633,0
-78.3023681640625,0
-75.7477645874023,0
-73.3747177124023,0
-70.8847274780273,0
-68.6288223266602,0
-66.7877883911133,0
-64.9851989746094,0
-62.8832969665527,0
-60.4064064025879,0
-57.3554801940918,0
-53.6239891052246,0
-49.9206237792969,0
-47.4129104614258,0
-46.2324905395508,0
-45.0241355895996,0
-42.657600402832,0
-39.9931297302246,0
-39.0398063659668,0
-40.2373237609863,0
-41.420825958252,0
-40.0716400146484,0
-36.0137405395508,0
-31.0704345703125,0
-26.5692882537842,0
-22.5077304840088,0
-19.0556411743164,0
-17.0391330718994,0
-16.1340351104736,0
-14.2414140701294,0
-10.1012392044067,0
-5.25372886657715,0
-1.61166000366211,0
1.85703122615814,0
7.6053786277771,0
15.0196008682251,0
20.2060165405273,0
21.0046977996826,0
19.9409065246582,0
20.8402996063232,0
24.1764888763428,0
27.4208927154541,0
28.9985771179199,0
30.1877937316895,0
33.2657127380371,0
38.8282737731934,0
44.9600296020508,0
48.6379852294922,0
48.2807731628418,0
45.1574821472168,0
41.7516136169434,0
38.7949028015137,0
35.1600456237793,0
30.963451385498,0
28.8994979858398,0
31.0788288116455,0
35.8711090087891,0
39.7351455688477,0
41.4261665344238,0
42.4489097595215,0
43.7677116394043,0
44.3648452758789,0
43.5411605834961,0
42.7067451477051,0
43.758171081543,0
46.788272857666,0
50.3955879211426,0
53.4748687744141,0
55.7666130065918,0
57.1783332824707,0
57.5132713317871,0
56.7629852294922,0
55.0825042724609,0
52.4933471679688,0
48.8943977355957,0
44.3033981323242,0
39.0692024230957,0
34.0941123962402,0
30.6581859588623,0
29.3368263244629,0
29.0527687072754,0
28.0377006530762,0
25.9755878448486,0
24.2450084686279,0
23.5121746063232,0
22.0548400878906,0
17.449951171875,0
9.40555763244629,0
0.000843264744617045,0
-8.57296466827393,0
-15.6896171569824,0
-21.9265022277832,0
-27.7938194274902,0
-32.8448219299316,0
-35.8039512634277,0
-36.0429878234863,0
-35.1934013366699,0
-36.254020690918,0
-40.1757583618164,0
-44.3044624328613,0
-45.6046371459961,0
-44.6748237609863,0
-44.7618217468262,0
-47.1484336853027,0
-49.6439056396484,0
-49.9756355285645,0
-48.688793182373,0
-47.8414916992188,0
-48.4278678894043,0
-50.109748840332,0
-52.1940879821777,0
-53.81591796875,0
-54.2520599365234,0
-54.064395904541,0
-54.8672523498535,0
-56.9249420166016,0
-58.1144943237305,0
-56.5488929748535,0
-53.2051963806152,0
-50.5002822875977,0
-49.2325325012207,0
-48.7293891906738,0
-49.2442016601562,0
-51.8261108398438,0
-55.7214965820312,0
-58.2407035827637,0
-58.1581115722656,0
-57.5029563903809,0
-58.6695365905762,0
-61.0264472961426,0
-62.0528221130371,0
-61.1764297485352,0
-60.5205154418945,0
-61.4845848083496,0
-62.255687713623,0
-60.0079765319824,0
-54.8096580505371,0
-49.7848854064941,0
-47.332706451416,0
-46.6573257446289,0
-45.7316055297852,0
-44.3862762451172,0
-44.0620956420898,0
-45.2212829589844,0
-46.6555976867676,0
-47.2273025512695,0
-46.7244453430176,0
-44.8419914245605,0
-40.9547576904297,0
-35.5027198791504,0
-30.1811943054199,0
-25.9286270141602,0
-21.9224414825439,0
-17.421703338623,0
-13.3377695083618,0
-10.7632255554199,0
-8.96854496002197,0
-6.30121421813965,0
-2.40229368209839,0
1.91131675243378,0
6.443603515625,0
11.6362552642822,0
16.878396987915,0
20.5016746520996,0
22.0263442993164,0
23.1873035430908,0
25.8718662261963,0
29.6828536987305,0
32.3512687683105,0
32.3779716491699,0
30.6787357330322,0
29.4608001708984,0
29.7448711395264,0
30.4367389678955,0
30.1188983917236,0
29.2945785522461,0
29.8880062103271,0
32.4809341430664,0
35.3679351806641,0
37.0836753845215,0
38.5660705566406,0
41.4239540100098,0
45.0311660766602,0
47.1855316162109,0
47.1187629699707,0
45.7331428527832,0
43.0526390075684,0
38.1158409118652,0
32.1516990661621,0
29.1802043914795,0
31.6221771240234,0
37.1331596374512,0
41.6868553161621,0
44.1655654907227,0
45.7213745117188,0
46.2289505004883,0
44.5119781494141,0
41.4990615844727,0
39.9182167053223,0
40.4856147766113,0
41.0565757751465,0
40.0222091674805,0
37.9006271362305,0
34.8867340087891,0
29.757640838623,0
22.7422103881836,0
17.0181579589844,0
15.3697490692139,0
17.0651779174805,0
19.6858215332031,0
22.2041835784912,0
24.3867797851562,0
25.0558662414551,0
23.4408149719238,0
20.9894218444824,0
19.3658027648926,0
17.5953769683838,0
13.6208992004395,0
7.88832950592041,0
2.87272262573242,0
-0.308361947536469,0
-2.14227366447449,0
-2.1431188583374,0
0.803887724876404,0
5.41121196746826,0
8.63502788543701,0
10.3105125427246,0
14.0888652801514,0
22.0905685424805,0
31.1232013702393,0
36.2867126464844,0
36.4354820251465,0
33.8526000976562,0
30.0986633300781,0
24.9784603118896,0
19.1179103851318,0
14.9137983322144,0
14.2631378173828,0
16.7246112823486,0
20.2762145996094,0
22.9071998596191,0
23.4698085784912,0
22.1450099945068,0
20.3688831329346,0
19.4883518218994,0
19.3439426422119,0
18.8362903594971,0
17.7053680419922,0
16.7507057189941,0
16.3177719116211,0
15.7257947921753,0
14.5168142318726,0
13.3112640380859,0
13.0216064453125,0
13.9889192581177,0
16.1248397827148,0
18.9071922302246,0
20.808801651001,0
19.8685703277588,0
15.7885103225708,0
10.8525390625,0
7.91516447067261,0
7.81266498565674,0
9.23249530792236,0
10.4804201126099,0
10.6883249282837,0
9.91567230224609,0
8.9381799697876,0
8.59335136413574,0
8.78102397918701,0
8.75066184997559,0
8.93690395355225,0
11.3383750915527,0
16.770076751709,0
22.6829624176025,0
25.4860248565674,0
24.59836769104,0
22.494441986084,0
21.2087020874023,0
20.9219455718994,0
21.7960243225098,0
24.5184383392334,0
28.3674182891846,0
31.3242435455322,0
33.3917961120605,0
37.4790306091309,0
45.2534980773926,0
54.128532409668,0
60.4099006652832,0
63.6290092468262,0
65.3500518798828,0
65.3419342041016,0
62.1292457580566,0
56.6247367858887,0
51.9638786315918,0
49.659740447998,0
48.771427154541,0
49.0502815246582,0
51.7693634033203,0
56.5354423522949,0
60.2309799194336,0
60.696590423584,0
59.1477661132812,0
57.3628349304199,0
54.7842674255371,0
50.4891014099121,0
46.0332183837891,0
43.6338272094727,0
42.6087265014648,0
40.2501449584961,0
35.8109741210938,0
31.297025680542,0
28.3812675476074,0
26.6595878601074,0
25.220178604126,0
24.0111694335938,0
22.963306427002,0
21.1927261352539,0
17.9625072479248,0
13.6796417236328,0
9.39912509918213,0
5.84796762466431,0
3.10426187515259,0
0.655090570449829,0
-2.23958778381348,0
-5.54939699172974,0
-7.92210721969604,0
-8.06426048278809,0
-6.7946138381958,0
-6.75529432296753,0
-9.727858543396,0
-15.0453948974609,0
-21.0369720458984,0
-27.1692943572998,0
-34.0439796447754,0
-41.8222389221191,0
-49.4960060119629,0
-55.7113456726074,0
-59.896110534668,0
-62.5439186096191,0
-64.5017013549805,0
-65.8702850341797,0
-65.6760940551758,0
-63.0302810668945,0
-58.6350288391113,0
-54.5480155944824,0
-52.2011070251465,0
-51.2463340759277,0
-50.7449417114258,0
-50.7777099609375,0
-52.0178070068359,0
-54.0203628540039,0
-54.8974609375,0
-52.9405555725098,0
-48.2277946472168,0
-42.7323760986328,0
-39.1387596130371,0
-39.0234642028809,0
-41.3757400512695,0
-43.2050933837891,0
-42.5337066650391,0
-40.529224395752,0
-39.6041870117188,0
-39.822582244873,0
-38.9665946960449,0
-36.2607154846191,0
-33.7855415344238,0
-33.1578140258789,0
-32.8969497680664,0
-30.9101753234863,0
-27.9704570770264,0
-26.3047752380371,0
-25.6121807098389,0
-23.1883506774902,0
-18.0228786468506,0
-12.291482925415,0
-8.13258934020996,0
-5.07231044769287,0
-1.80442070960999,0
1.10061895847321,0
1.81818544864655,0
-0.174216285347939,0
-3.45231103897095,0
-6.20747327804565,0
-7.46528053283691,0
-6.97278642654419,0
-4.91769409179688,0
-2.0961606502533,0
0.232465207576752,0
1.27049970626831,0
1.5369678735733,0
2.48638963699341,0
5.0204930305481,0
8.51549053192139,0
11.6089849472046,0
13.8194990158081,0
16.030309677124,0
19.5424728393555,0
25.0756034851074,0
32.2921676635742,0
39.4188613891602,0
43.6466941833496,0
43.2741470336914,0
39.6763801574707,0
35.8827133178711,0
32.9021759033203,0
28.911340713501,0
22.6140422821045,0
15.6696405410767,0
10.5471801757812,0
7.31837368011475,0
4.13319969177246,0
0.0180858243256807,0
-4.34157562255859,0
-8.08368110656738,0
-10.9504327774048,0
-12.7065982818604,0
-12.915789604187,0
-11.3935279846191,0
-8.30856323242188,0
-4.05815124511719,0
0.521446168422699,0
4.35031318664551,0
7.1244912147522,0
9.71179485321045,0
13.0654363632202,0
17.2454299926758,0
21.7987117767334,0
26.2805957794189,0
30.0026378631592,0
32.3182067871094,0
33.8511962890625,0
36.4430847167969,0
41.0159492492676,0
46.3094253540039,0
50.5173721313477,0
53.2820701599121,0
55.2091827392578,0
56.3619155883789,0
56.3593711853027,0
55.3213653564453,0
53.736026763916,0
51.9980735778809,0
50.9457550048828,0
52.0798072814941,0
56.1023559570312,0
61.6977424621582,0
66.7588729858398,0
70.4682998657227,0
73.4073104858398,0
76.182014465332,0
78.8682708740234,0
81.3499603271484,0
83.2910842895508,0
84.1447296142578,0
83.973258972168,0
83.7807998657227,0
84.1710510253906,0
84.1196746826172,0
81.9993743896484,0
77.5483245849609,0
72.1117172241211,0
67.3476409912109,0
64.3624267578125,0
63.4410247802734,0
63.6074066162109,0
62.9736175537109,0
60.6712837219238,0
58.0972900390625,0
57.1614875793457,0
57.7280426025391,0
58.102165222168,0
57.680980682373,0
57.4399642944336,0
57.7952766418457,0
57.9459228515625,0
57.9864768981934,0
59.7306289672852,0
63.9697265625,0
68.2934265136719,0
69.6001205444336,0
68.1862182617188,0
67.2847518920898,0
68.4331665039062,0
69.3535690307617,0
67.4329605102539,0
63.7342262268066,0
61.8113822937012,0
63.106819152832,0
65.2678298950195,0
65.2233963012695,0
62.4429740905762,0
58.4410095214844,0
54.3052673339844,0
50.0703125,0
45.984504699707,0
42.7658576965332,0
40.2353286743164,0
36.9541893005371,0
32.1051864624023,0
27.0344581604004,0
23.9363307952881,0
23.3181571960449,0
23.729700088501,0
23.8825244903564,0
23.9306774139404,0
24.3874034881592,0
24.9003467559814,0
24.9235420227051,0
24.9184093475342,0
25.9023113250732,0
28.0394420623779,0
30.4534702301025,0
32.2446060180664,0
32.9566230773926,0
32.3126220703125,0
30.5164928436279,0
28.8019275665283,0
28.470006942749,0
28.8656787872314,0
27.2444286346436,0
21.4635753631592,0
12.4074983596802,0
3.20831871032715,0
-3.58140420913696,0
-7.64444780349731,0
-10.2584753036499,0
-12.6913223266602,0
-15.1344614028931,0
-16.83274269104,0
-17.2260646820068,0
-16.8142127990723,0
-16.4470310211182,0
-15.9814825057983,0
-14.6867618560791,0
-13.2017402648926,0
-13.7647171020508,0
-17.5679988861084,0
-22.877420425415,0
-26.9914684295654,0
-29.3642902374268,0
-31.4240589141846,0
-33.8362236022949,0
-35.6829833984375,0
-36.3693618774414,0
-36.5479621887207,0
-36.5474319458008,0
-35.499382019043,0
-33.1949234008789,0
-31.5835781097412,0
-32.6835784912109,0
-35.333812713623,0
-35.7784385681152,0
-32.0511436462402,0
-26.5734519958496,0
-23.3875980377197,0
-23.4221591949463,0
-23.7179050445557,0
-21.3621482849121,0
-16.9664916992188,0
-13.4981031417847,0
-12.4481410980225,0
-12.3792839050293,0
-11.2173099517822,0
-8.77493762969971,0
-6.40527296066284,0
-4.96898412704468,0
-4.10879564285278,0
-3.30149745941162,0
-2.68618893623352,0
-2.56029677391052,0
-2.58263254165649,0
-1.85751903057098,0
0.366778641939163,0
4.21538019180298,0
9.07950496673584,0
13.710825920105,0
16.739278793335,0
17.6989135742188,0
17.6610450744629,0
18.396125793457,0
20.628137588501,0
23.4708690643311,0
25.946533203125,0
28.6361274719238,0
33.0633239746094,0
39.4779624938965,0
46.0384368896484,0
50.4577674865723,0
51.8351669311523,0
50.6200942993164,0
47.6573677062988,0
44.0124588012695,0
41.0203399658203,0
39.242862701416,0
37.361499786377,0
33.1771545410156,0
26.1701507568359,0
18.4621124267578,0
12.8294115066528,0
10.2078199386597,0
9.4846248626709,0
9.14358901977539,0
8.34541702270508,0
6.61826467514038,0
3.47763633728027,0
-1.14768028259277,0
-6.54881715774536,0
-11.7687044143677,0
-16.2807273864746,0
-19.8180179595947,0
-21.9647312164307,0
-22.6007843017578,0
-22.4788780212402,0
-22.4240818023682,0
-21.984733581543,0
-20.002368927002,0
-16.7992382049561,0
-14.4974174499512,0
-14.4055852890015,0
-15.324273109436,0
-15.5832691192627,0
-15.5549192428589,0
-16.4164218902588,0
-17.2846813201904,0
-15.9404535293579,0
-12.4632844924927,0
-9.83603286743164,0
-10.0699062347412,0
-11.5629930496216,0
-11.5942153930664,0
-10.126540184021,0
-9.62504196166992,0
-11.8014535903931,0
-15.9240636825562,0
-20.0464344024658,0
-22.6950721740723,0
-23.3483848571777,0
-22.3003387451172,0
-20.4652767181396,0
-18.8331165313721,0
-17.7602844238281,0
-16.8535118103027,0
-15.5306224822998,0
-13.5610675811768,0
-11.10191822052,0
-8.33861255645752,0
-5.15217208862305,0
-1.24264788627625,0
3.3624005317688,0
8.16658020019531,0
12.8006248474121,0
17.4804153442383,0
22.5362777709961,0
27.8744888305664,0
33.4554901123047,0
39.7943801879883,0
46.8851890563965,0
52.7250671386719,0
54.294490814209,0
50.6883544921875,0
44.4062767028809,0
38.7618751525879,0
34.6125106811523,0
30.4528503417969,0
25.2439804077148,0
20.0091972351074,0
16.4236106872559,0
14.5829191207886,0
12.7108774185181,0
8.9281177520752,0
2.98509979248047,0
-3.80030870437622,0
-10.0345239639282,0
-15.2643871307373,0
-19.491096496582,0
-22.3847560882568,0
-23.7216968536377,0
-24.2974338531494,0
-25.4191150665283,0
-27.3526420593262,0
-29.1588382720947,0
-30.3431129455566,0
-31.7256774902344,0
-34.1843070983887,0
-37.4739418029785,0
-40.9724044799805,0
-44.6054954528809,0
-48.0531196594238,0
-50.0143775939941,0
-49.6511154174805,0
-48.0288162231445,0
-46.5110397338867,0
-44.3697166442871,0
-40.0871238708496,0
-34.7211151123047,0
-31.2829704284668,0
-30.2157535552979,0
-28.3314914703369,0
-23.7459144592285,0
-19.2530326843262,0
-18.4082813262939,0
-20.3517169952393,0
-21.6646060943604,0
-22.0546436309814,0
-24.426721572876,0
-29.4079360961914,0
-33.6594505310059,0
-34.8710517883301,0
-35.2660827636719,0
-38.1357116699219,0
-43.257869720459,0
-48.1603889465332,0
-52.2887229919434,0
-57.1882057189941,0
-63.2114410400391,0
-68.6232528686523,0
-72.1833801269531,0
-74.6413345336914,0
-77.0837173461914,0
-79.2537612915039,0
-80.3095855712891,0
-80.3139190673828,0
-80.0869369506836,0
-79.9391860961914,0
-79.3007736206055,0
-77.8300247192383,0
-76.5826721191406,0
-77.417839050293,0
-80.6854782104492,0
-83.9421615600586,0
-84.1666107177734,0
-81.4389877319336,0
-79.0801086425781,0
-79.4578323364258,0
-81.0249481201172,0
-80.7306518554688,0
-78.1484603881836,0
-75.4154739379883,0
-73.7892074584961,0
-72.3834609985352,0
-70.3092880249023,0
-68.0509796142578,0
-66.1783676147461,0
-64.361083984375,0
-62.4466743469238,0
-61.1626510620117,0
-60.8565864562988,0
-60.6106605529785,0
-59.4157066345215,0
-57.176685333252,0
-53.7176551818848,0
-48.0013771057129,0
-39.6987228393555,0
-30.7933883666992,0
-24.1907901763916,0
-21.0049571990967,0
-20.3021507263184,0
-21.0693264007568,0
-23.0524024963379,0
-25.7851295471191,0
-28.2514476776123,0
-29.8683624267578,0
-30.7937526702881,0
-31.0608100891113,0
-30.4648551940918,0
-29.5244808197021,0
-29.2941017150879,0
-29.6471176147461,0
-28.9057312011719,0
-26.0018463134766,0
-21.9962997436523,0
-18.4531784057617,0
-15.2442541122437,0
-11.2991418838501,0
-6.8653450012207,0
-3.39347338676453,0
-1.3629058599472,0
0.116697497665882,0
1.33460330963135,0
1.30716288089752,0
-0.176476031541824,0
-1.29903745651245,0
-0.268622219562531,0
2.23160219192505,0
3.95698404312134,0
4.03765106201172,0
3.78834438323975,0
4.75362205505371,0
7.14079999923706,0
10.3927240371704,0
14.2810115814209,0
18.8362407684326,0
23.7444324493408,0
28.4687232971191,0
32.9303665161133,0
37.7225799560547,0
43.4951934814453,0
50.1430892944336,0
56.7015380859375,0
62.1739501953125,0
66.4389190673828,0
70.2240142822266,0
74.3238220214844,0
79.0622711181641,0
84.2230682373047,0
88.9792709350586,0
92.1322937011719,0
93.1941757202148,0
93.1686935424805,0
93.4677124023438,0
94.2009963989258,0
94.5421524047852,0
94.4757766723633,0
94.5115661621094,0
93.6151657104492,0
89.684211730957,0
83.025749206543,0
77.1869354248047,0
74.7579498291016,0
74.2580642700195,0
73.0888519287109,0
71.6219177246094,0
71.6476669311523,0
72.2163238525391,0
70.3884506225586,0
65.7184448242188,0
60.8175430297852,0
57.3176498413086,0
54.2299575805664,0
50.7584075927734,0
47.8438987731934,0
46.0466842651367,0
44.559383392334,0
43.4319496154785,0
44.2612419128418,0
47.2901496887207,0
50.1385078430176,0
51.0121040344238,0
51.0360565185547,0
51.620361328125,0
51.6136054992676,0
49.3976860046387,0
46.1854782104492,0
44.5445175170898,0
44.479190826416,0
43.5408401489258,0
40.5674209594727,0
37.0135231018066,0
34.372730255127,0
32.2310562133789,0
29.5034332275391,0
26.2936115264893,0
23.8459720611572,0
23.2921314239502,0
24.7108001708984,0
27.0116558074951,0
28.8480987548828,0
30.0033397674561,0
31.394905090332,0
33.2215270996094,0
34.0220565795898,0
32.6990966796875,0
30.7380294799805,0
30.8160839080811,0
33.3807220458984,0
36.1579856872559,0
37.199146270752,0
36.9444923400879,0
36.8818550109863,0
37.5994262695312,0
38.9201049804688,0
40.7412872314453,0
42.6487731933594,0
43.4745941162109,0
42.4228706359863,0
40.3695640563965,0
39.1363754272461,0
39.5430145263672,0
40.7810897827148,0
41.5432319641113,0
41.193172454834,0
40.009635925293,0
38.8812255859375,0
38.6373100280762,0
39.1429176330566,0
39.2451438903809,0
38.1949653625488,0
36.8539123535156,0
36.7299919128418,0
38.0327072143555,0
39.6202201843262,0
40.7621002197266,0
41.7943344116211,0
42.9019622802734,0
43.6226692199707,0
44.1304016113281,0
45.6502571105957,0
48.5165710449219,0
50.8617210388184,0
50.6096458435059,0
48.1296195983887,0
45.4776916503906,0
43.4406852722168,0
41.0258483886719,0
37.9583473205566,0
35.9495239257812,0
36.6849250793457,0
39.680118560791,0
43.0216331481934,0
45.4986228942871,0
47.1863861083984,0
48.5041122436523,0
49.621955871582,0
50.5940170288086,0
51.3314628601074,0
51.4615173339844,0
50.7373504638672,0
49.5937805175781,0
48.9109420776367,0
49.247859954834,0
50.6010704040527,0
52.7552719116211,0
55.379451751709,0
57.7638626098633,0
59.0171966552734,0
58.8779754638672,0
58.0905838012695,0
57.6359367370605,0
57.6857681274414,0
57.6848258972168,0
57.5251235961914,0
58.1697540283203,0
60.575756072998,0
64.0406188964844,0
66.274528503418,0
65.656867980957,0
63.2283897399902,0
61.8384819030762,0
63.126033782959,0
65.7349472045898,0
66.8059921264648,0
64.9409332275391,0
61.2456932067871,0
57.5384902954102,0
54.1399345397949,0
49.8443298339844,0
43.7804756164551,0
36.6667022705078,0
30.0835762023926,0
25.0698566436768,0
21.8714866638184,0
20.5513744354248,0
20.8939437866211,0
21.71653175354,0
21.3997821807861,0
19.7510643005371,0
18.5351734161377,0
19.2286415100098,0
20.8614139556885,0
21.4018688201904,0
21.0729999542236,0
22.6000823974609,0
27.5140838623047,0
33.6594161987305,0
37.7051582336426,0
39.3037338256836,0
41.1674957275391,0
45.2563018798828,0
50.5703773498535,0
55.1114540100098,0
58.4047622680664,0
60.8813095092773,0
61.8333015441895,0
59.8194808959961,0
55.1984634399414,0
50.7224540710449,0
48.7022476196289,0
48.3282051086426,0
46.8058929443359,0
42.8972511291504,0
38.3657989501953,0
35.7790870666504,0
35.7457656860352,0
36.7782859802246,0
37.1550178527832,0
36.1103477478027,0
33.616382598877,0
30.1249732971191,0
26.7661876678467,0
24.9168949127197,0
24.9385185241699,0
25.6700458526611,0
25.5337791442871,0
23.8112182617188,0
20.5856876373291,0
16.0530681610107,0
10.5826921463013,0
5.14010190963745,0
0.865748703479767,0
-1.81254029273987,0
-3.21523928642273,0
-3.73305559158325,0
-3.62059211730957,0
-3.15628981590271,0
-2.19197416305542,0
0.296818137168884,0
5.15764331817627,0
11.3899526596069,0
16.6157455444336,0
19.7367496490479,0
22.2299060821533,0
26.1778621673584,0
31.814302444458,0
37.7056198120117,0
42.5374794006348,0
45.856575012207,0
47.8325042724609,0
49.3536491394043,0
51.6989669799805,0
54.9911651611328,0
57.7412109375,0
59.3629455566406,0
62.2801322937012,0
69.3277740478516,0
79.2809143066406,0
87.4911117553711,0
91.4828033447266,0
93.4166107177734,0
95.9231033325195,0
98.0980453491211,0
97.6851348876953,0
95.1027679443359,0
92.4050216674805,0
89.3789443969727,0
83.8500900268555,0
75.7533721923828,0
67.8832702636719,0
61.8537673950195,0
55.9034805297852,0
48.1386108398438,0
40.0538177490234,0
35.0657653808594,0
34.636360168457,0
37.389965057373,0
41.2521629333496,0
44.8644409179688,0
47.3160934448242,0
48.1256637573242,0
47.7389831542969,0
47.0331192016602,0
46.1460571289062,0
44.5295104980469,0
42.0801963806152,0
39.2915573120117,0
36.2501945495605,0
32.5196266174316,0
28.3117027282715,0
24.8028030395508,0
22.801513671875,0
21.9506607055664,0
21.8297214508057,0
22.9808731079102,0
25.9124698638916,0
29.6095561981201,0
32.0591926574707,0
32.1839141845703,0
30.6087875366211,0
28.669900894165,0
27.2383995056152,0
26.3316230773926,0
25.3442630767822,0
23.8325729370117,0
22.3830070495605,0
22.1961765289307,0
23.423469543457,0
24.7781543731689,0
25.502857208252,0
26.6080379486084,0
28.8966197967529,0
30.8274536132812,0
30.1806392669678,0
27.1788749694824,0
23.88694190979,0
20.9251613616943,0
17.1529541015625,0
12.5741100311279,0
8.88482284545898,0
6.55430555343628,0
4.00550317764282,0
0.818549573421478,0
-0.749446272850037,0
0.866021811962128,0
3.65657687187195,0
4.47695875167847,0
2.937180519104,0
1.08374118804932,0
0.385299503803253,0
0.689932763576508,0
1.13268065452576,0
0.557940363883972,0
-1.95388531684875,0
-5.62148523330688,0
-8.18764781951904,0
-8.93393707275391,0
-10.001335144043,0
-13.1079273223877,0
-16.6632900238037,0
-18.3323631286621,0
-18.8315486907959,0
-20.2887706756592,0
-21.9742107391357,0
-21.1411914825439,0
-17.9184665679932,0
-15.8079862594604,0
-16.5155372619629,0
-17.4548358917236,0
-15.9427623748779,0
-13.2462406158447,0
-12.1900625228882,0
-12.440354347229,0
-10.8190288543701,0
-5.84309434890747,0
0.408629536628723,0
5.43330669403076,0
9.50382518768311,0
14.4829139709473,0
20.3925590515137,0
24.9610252380371,0
26.9254341125488,0
28.226842880249,0
31.53196144104,0
36.373706817627,0
39.65478515625,0
39.994514465332,0
39.4876136779785,0
40.2894897460938,0
41.4023628234863,0
40.5803565979004,0
38.169506072998,0
36.888298034668,0
38.0795021057129,0
40.073112487793,0
40.5739440917969,0
39.249340057373,0
37.3663139343262,0
35.8503608703613,0
34.5328712463379,0
33.0550956726074,0
31.886890411377,0
32.0516166687012,0
33.7693099975586,0
35.8602523803711,0
37.1455612182617,0
38.1078186035156,0
40.0745544433594,0
42.8044128417969,0
44.3264198303223,0
43.6435585021973,0
42.1925659179688,0
41.8414001464844,0
42.749626159668,0
44.1859283447266,0
46.1727104187012,0
49.040340423584,0
52.4075164794922,0
55.9802894592285,0
60.4828338623047,0
66.401741027832,0
72.604377746582,0
77.6358108520508,0
81.611572265625,0
85.2650527954102,0
87.8685684204102,0
87.9834671020508,0
85.9239501953125,0
83.6286468505859,0
82.1830673217773,0
81.2004013061523,0
80.5926895141602,0
80.9943771362305,0
82.0040054321289,0
81.8023834228516,0
79.3952178955078,0
75.9783020019531,0
73.2033081054688,0
70.9998321533203,0
67.924934387207,0
63.0570793151855,0
56.8553695678711,0
50.4463806152344,0
44.4618949890137,0
38.4922981262207,0
31.7676773071289,0
24.5874767303467,0
18.6097602844238,0
15.1368722915649,0
13.6301622390747,0
12.7487440109253,0
12.2823181152344,0
12.8977518081665,0
14.4594373703003,0
16.1142024993896,0
17.9019794464111,0
20.6615753173828,0
24.131046295166,0
26.7212829589844,0
27.7024173736572,0
28.2330627441406,0
29.5092716217041,0
31.05202293396,0
31.6587753295898,0
31.1770820617676,0
30.5138092041016,0
30.4599132537842,0
31.1321678161621,0
32.1579704284668,0
33.0003051757812,0
33.4176902770996,0
33.7076377868652,0
34.1368637084961,0
34.393482208252,0
34.2798042297363,0
34.5094032287598,0
35.6946105957031,0
36.8643836975098,0
36.4363250732422,0
34.608757019043,0
33.2336578369141,0
33.2158966064453,0
33.7466316223145,0
34.3891792297363,0
35.9512176513672,0
38.5266494750977,0
40.5739707946777,0
41.1208801269531,0
41.3163681030273,0
42.5490837097168,0
44.4762001037598,0
46.2680015563965,0
48.4107704162598,0
51.705738067627,0
55.678638458252,0
59.6347045898438,0
64.1592559814453,0
69.6777954101562,0
74.4679946899414,0
76.314582824707,0
75.7392578125,0
75.4799346923828,0
76.8278579711914,0
78.3895263671875,0
78.5219268798828,0
77.0936660766602,0
74.580696105957,0
71.2954940795898,0
68.093635559082,0
66.2289886474609,0
65.7738037109375,0
65.4001312255859,0
64.1358413696289,0
61.993350982666,0
58.6572685241699,0
53.4910087585449,0
47.5824737548828,0
43.6848106384277,0
42.7047958374023,0
42.0220260620117,0
39.0208206176758,0
34.6907501220703,0
31.6059379577637,0
29.7225933074951,0
26.8810577392578,0
22.7119026184082,0
19.0537166595459,0
16.5487518310547,0
13.8389873504639,0
10.6963930130005,0
8.96624279022217,0
9.2013635635376,0
9.1546573638916,0
7.3666729927063,0
5.6287055015564,0
5.47789192199707,0
4.60719108581543,0
0.0920888036489487,0
-6.28829622268677,0
-9.80737400054932,0
-9.52570819854736,0
-9.46718597412109,0
-12.5156784057617,0
-16.770040512085,0
-19.3685684204102,0
-20.6193027496338,0
-22.0990028381348,0
-23.3447113037109,0
-23.2377891540527,0
-22.7283935546875,0
-23.1295299530029,0
-23.0351181030273,0
-20.1687641143799,0
-15.5373296737671,0
-12.3779373168945,0
-11.2064638137817,0
-9.48736000061035,0
-6.64929008483887,0
-5.58816528320312,0
-7.62987613677979,0
-9.50739765167236,0
-7.9183144569397,0
-4.40287590026855,0
-2.63748025894165,0
-2.87347173690796,0
-2.54194402694702,0
-1.19006276130676,0
-1.03352391719818,0
-2.7251410484314,0
-4.10673332214355,0
-3.82767081260681,0
-3.10362029075623,0
-2.70877599716187,0
-0.943902969360352,0
3.68273329734802,0
9.78632259368896,0
14.985408782959,0
19.0469436645508,0
23.4303283691406,0
28.7256946563721,0
34.132381439209,0
38.7581443786621,0
42.0871734619141,0
43.7836418151855,0
44.2365913391113,0
44.7380752563477,0
46.0337028503418,0
47.2420539855957,0
47.2174034118652,0
46.4089698791504,0
46.3255729675293,0
47.5983009338379,0
49.4768867492676,0
50.8526229858398,0
51.1506156921387,0
50.8443603515625,0
51.5911598205566,0
54.7722778320312,0
59.151309967041,0
61.3992958068848,0
60.1630706787109,0
58.0725440979004,0
57.936107635498,0
58.5037727355957,0
56.6596565246582,0
52.8388290405273,0
50.906909942627,0
52.4869728088379,0
54.7329559326172,0
54.8964805603027,0
54.109546661377,0
54.5363998413086,0
55.0412673950195,0
52.5515098571777,0
46.7725448608398,0
40.826099395752,0
37.1796379089355,0
35.1075286865234,0
32.6554985046387,0
29.3524551391602,0
26.1015148162842,0
23.579381942749,0
21.675630569458,0
19.7406539916992,0
16.5999031066895,0
11.070068359375,0
3.4829375743866,0
-3.73742341995239,0
-8.13113880157471,0
-9.8046760559082,0
-11.0680837631226,0
-13.486213684082,0
-16.3742752075195,0
-18.5208435058594,0
-20.1940956115723,0
-22.5387306213379,0
-25.8570613861084,0
-29.7439670562744,0
-34.5004844665527,0
-40.9815330505371,0
-48.9403305053711,0
-56.8557739257812,0
-63.8499870300293,0
-70.5503387451172,0
-77.3090057373047,0
-82.7649230957031,0
-85.4276275634766,0
-85.8631896972656,0
-85.7701721191406,0
-85.3870315551758,0
-83.6922454833984,0
-81.1018676757812,0
-79.579833984375,0
-79.1238479614258,0
-76.5393981933594,0
-69.9096908569336,0
-62.6705741882324,0
-60.1994705200195,0
-62.7402954101562,0
-64.8601455688477,0
-62.5076370239258,0
-57.5314750671387,0
-53.7363014221191,0
-51.4646453857422,0
-48.8343734741211,0
-46.1768035888672,0
-45.5255584716797,0
-46.3910102844238,0
-45.7875289916992,0
-42.9921875,0
-41.0150451660156,0
-42.0663108825684,0
-44.3221282958984,0
-44.9942016601562,0
-44.3117256164551,0
-44.1275596618652,0
-44.2532958984375,0
-42.9570236206055,0
-40.3479881286621,0
-38.4930763244629,0
-38.0458946228027,0
-37.1380996704102,0
-34.3395538330078,0
-30.9185256958008,0
-29.1591758728027,0
-29.5871124267578,0
-30.6971893310547,0
-30.5645427703857,0
-28.0882377624512,0
-23.502420425415,0
-18.3700523376465,0
-14.4290380477905,0
-11.8795595169067,0
-9.39339351654053,0
-6.16340160369873,0
-3.13311767578125,0
-1.79494392871857,0
-2.72541856765747,0
-5.74952983856201,0
-10.2532691955566,0
-14.487135887146,0
-16.017406463623,0
-14.3818864822388,0
-12.2629880905151,0
-12.3530025482178,0
-13.8919286727905,0
-14.1488971710205,0
-12.5656518936157,0
-11.1597490310669,0
-11.1818981170654,0
-11.8860940933228,0
-12.721492767334,0
-14.1428937911987,0
-15.7196607589722,0
-16.1231307983398,0
-16.0043869018555,0
-18.1699314117432,0
-23.2543239593506,0
-27.7309436798096,0
-28.4909420013428,0
-27.3291530609131,0
-28.1225605010986,0
-31.0381679534912,0
-32.7202072143555,0
-31.6664524078369,0
-30.2924213409424,0
-31.2994079589844,0
-34.526912689209,0
-38.1852722167969,0
-41.2392997741699,0
-43.563117980957,0
-45.0887718200684,0
-45.8285980224609,0
-46.1336517333984,0
-46.489990234375,0
-47.4648246765137,0
-49.6362648010254,0
-52.7839965820312,0
-55.5229835510254,0
-56.880485534668,0
-57.9514999389648,0
-60.6545867919922,0
-65.0317764282227,0
-69.3266983032227,0
-72.745979309082,0
-76.3630142211914,0
-80.8185806274414,0
-84.8581008911133,0
-87.1126403808594,0
-88.0196914672852,0
-88.8773880004883,0
-89.9542465209961,0
-90.6447906494141,0
-90.8051147460938,0
-90.8191680908203,0
-90.6998748779297,0
-90.0620803833008,0
-88.8266220092773,0
-87.2433242797852,0
-85.3580322265625,0
-83.1037673950195,0
-80.9099731445312,0
-79.7040634155273,0
-80.1437683105469,0
-81.9819488525391,0
-84.1071548461914,0
-85.0672225952148,0
-83.7427520751953,0
-79.8820266723633,0
-74.2445907592773,0
-68.3467178344727,0
-63.9059944152832,0
-61.9642105102539,0
-62.0622749328613,0
-62.4233627319336,0
-61.3554611206055,0
-58.4740524291992,0
-54.4485015869141,0
-49.9430923461914,0
-45.2057762145996,0
-40.4052124023438,0
-35.9690399169922,0
-32.7766532897949,0
-32.0138092041016,0
-33.9872398376465,0
-36.7409934997559,0
-37.0951881408691,0
-34.0757369995117,0
-30.192138671875,0
-27.9207096099854,0
-26.0737972259521,0
-21.7889537811279,0
-15.4813871383667,0
-11.1576013565063,0
-11.4499616622925,0
-14.7007675170898,0
-17.7965030670166,0
-19.7464084625244,0
-21.1582660675049,0
-21.9782085418701,0
-21.6200714111328,0
-20.5453815460205,0
-20.1947460174561,0
-21.4928951263428,0
-24.0638256072998,0
-26.5352535247803,0
-27.3826885223389,0
-26.3040046691895,0
-25.0177211761475,0
-25.6528873443604,0
-28.1000862121582,0
-30.2785263061523,0
-31.3074073791504,0
-32.5830841064453,0
-34.894905090332,0
-36.4842643737793,0
-35.5751800537109,0
-33.274341583252,0
-31.9523582458496,0
-31.708532333374,0
-30.5365734100342,0
-27.6412448883057,0
-24.6870498657227,0
-23.5657825469971,0
-24.2488136291504,0
-25.1098403930664,0
-24.5155258178711,0
-22.022777557373,0
-18.6755294799805,0
-16.144962310791,0
-15.2368383407593,0
-15.4940633773804,0
-16.3239326477051,0
-17.6062889099121,0
-18.8076229095459,0
-18.7695980072021,0
-17.3618602752686,0
-16.2419624328613,0
-16.6866550445557,0
-17.5700550079346,0
-17.0000686645508,0
-15.2745189666748,0
-14.4344043731689,0
-15.0994873046875,0
-15.543363571167,0
-14.1859836578369,0
-11.413272857666,0
-8.25959396362305,0
-4.62463188171387,0
0.0170983243733644,0
4.76979970932007,0
7.50925016403198,0
7.18172264099121,0
5.07259178161621,0
3.10446858406067,0
1.25950932502747,0
-2.28675699234009,0
-8.24315071105957,0
-14.5486993789673,0
-18.5981311798096,0
-20.3544330596924,0
-21.9570465087891,0
-24.7570610046387,0
-28.3957614898682,0
-32.6408615112305,0
-38.0392684936523,0
-44.1205596923828,0
-48.8987998962402,0
-51.420654296875,0
-53.3631782531738,0
-56.6328811645508,0
-60.4477119445801,0
-62.4167213439941,0
-61.8847885131836,0
-60.622875213623,0
-60.4176216125488,0
-61.3338241577148,0
-62.393856048584,0
-62.8585624694824,0
-62.570873260498,0
-61.7061576843262,0
-60.4451293945312,0
-58.8166236877441,0
-57.1906356811523,0
-56.8631324768066,0
-58.9874382019043,0
-62.324047088623,0
-63.4652938842773,0
-60.7080116271973,0
-56.6249351501465,0
-54.9516372680664,0
-55.6935081481934,0
-55.5934982299805,0
-53.0952949523926,0
-50.0267448425293,0
-47.8350448608398,0
-45.1659622192383,0
-40.8751220703125,0
-36.8585433959961,0
-35.1950263977051,0
-34.1312408447266,0
-30.1193809509277,0
-23.2369556427002,0
-17.2933406829834,0
-14.2650918960571,0
-11.8418397903442,0
-7.65865182876587,0
-2.94121527671814,0
0.27339693903923,0
3.24648475646973,0
8.85141086578369,0
16.8644466400146,0
24.0239658355713,0
28.710578918457,0
32.7709159851074,0
38.0779762268066,0
43.7994499206543,0
48.4097023010254,0
52.4870185852051,0
57.7274551391602,0
64.3108367919922,0
70.9933166503906,0
77.2142105102539,0
83.5266571044922,0
90.2230758666992,0
96.9731903076172,0
103.731628417969,0
110.63973236084,0
117.002738952637,0
121.844612121582,0
125.842796325684,0
131.212387084961,0
138.799377441406,0
146.468551635742,0
151.502029418945,0
153.720626831055,0
154.964736938477,0
156.226745605469,0
157.000991821289,0
157.319915771484,0
158.618301391602,0
162.004730224609,0
167.027618408203,0
172.831253051758,0
179.26481628418,0
185.927764892578,0
191.329742431641,0
194.358642578125,0
195.769073486328,0
196.712417602539,0
196.355697631836,0
192.721069335938,0
185.760330200195,0
177.662841796875,0
169.607040405273,0
160.028869628906,0
147.321395874023,0
132.980758666992,0
120.44123840332,0
111.185478210449,0
103.389862060547,0
94.4762268066406,0
83.8751983642578,0
72.8669128417969,0
62.5685691833496,0
52.9595489501953,0
43.7175788879395,0
35.0719604492188,0
27.1883811950684,0
19.1771564483643,0
9.88023090362549,0
0.0139446882531047,0
-7.56314373016357,0
-10.7849054336548,0
-11.0496053695679,0
-11.8593454360962,0
-15.1567420959473,0
-20.2449226379395,0
-26.009916305542,0
-32.3848037719727,0
-39.0947685241699,0
-44.5900764465332,0
-47.4371643066406,0
-47.9687728881836,0
-47.6189956665039,0
-47.2849349975586,0
-47.252758026123,0
-48.1416015625,0
-50.6823043823242,0
-54.423454284668,0
-57.4609336853027,0
-58.0033836364746,0
-56.1936798095703,0
-54.077938079834,0
-53.4173393249512,0
-53.6867752075195,0
-53.0605087280273,0
-51.5263061523438,0
-51.5680732727051,0
-54.6228828430176,0
-58.2004585266113,0
-58.4950981140137,0
-55.1280975341797,0
-51.0774230957031,0
-48.3208198547363,0
-46.1642913818359,0
-43.9825286865234,0
-42.656909942627,0
-42.3014907836914,0
-41.195858001709,0
-38.4505195617676,0
-35.5185279846191,0
-33.4774703979492,0
-30.9282245635986,0
-26.4896030426025,0
-21.5016422271729,0
-18.0879993438721,0
-16.073169708252,0
-14.083776473999,0
-12.3481483459473,0
-11.8336849212646,0
-11.4991569519043,0
-9.1220645904541,0
-4.68066692352295,0
-0.647437155246735,0
1.13178336620331,0
1.07382023334503,0
0.658390820026398,0
1.52859008312225,0
5.47999000549316,0
13.0205612182617,0
21.6833000183105,0
27.8847541809082,0
30.9319019317627,0
33.2552604675293,0
36.2796096801758,0
38.4337501525879,0
38.3559417724609,0
37.7998733520508,0
39.4216842651367,0
43.1777305603027,0
47.0011291503906,0
49.9805450439453,0
52.4695472717285,0
53.535572052002,0
51.1322937011719,0
45.587043762207,0
40.6064109802246,0
39.1962890625,0
39.9894371032715,0
39.3898086547852,0
36.4376029968262,0
33.4790725708008,0
32.2789497375488,0
31.7416038513184,0
30.1782760620117,0
27.9386558532715,0
26.42795753479,0
25.7453289031982,0
24.906177520752,0
23.8000965118408,0
23.4076118469238,0
24.3329944610596,0
26.5532207489014,0
30.5532169342041,0
37.1540794372559,0
45.7720375061035,0
54.1353988647461,0
60.4618148803711,0
65.0261611938477,0
68.9344940185547,0
72.2770309448242,0
74.4075012207031,0
75.3212051391602,0
75.592658996582,0
75.2848434448242,0
74.118278503418,0
72.7105331420898,0
72.4072570800781,0
73.4025955200195,0
73.9971694946289,0
72.4939041137695,0
69.2084045410156,0
65.7785186767578,0
62.993236541748,0
60.3749008178711,0
57.6468200683594,0
55.23779296875,0
53.0574150085449,0
50.1854438781738,0
46.6378326416016,0
44.2558212280273,0
44.4827537536621,0
45.9779281616211,0
46.0300445556641,0
44.0888786315918,0
42.2381553649902,0
42.015941619873,0
42.4595756530762,0
41.9233779907227,0
40.2560844421387,0
38.0852699279785,0
35.2286186218262,0
31.3345260620117,0
27.4121227264404,0
25.188009262085,0
25.1172771453857,0
26.2357196807861,0
27.7964496612549,0
29.7650203704834,0
31.7094917297363,0
32.6493759155273,0
32.474925994873,0
32.2999000549316,0
32.6902084350586,0
32.5475234985352,0
30.6686134338379,0
27.6278343200684,0
24.9891586303711,0
23.1280670166016,0
21.0847358703613,0
18.4432621002197,0
16.0385456085205,0
14.5098476409912,0
13.370569229126,0
12.1823148727417,0
11.6510725021362,0
12.5603733062744,0
14.2416896820068,0
15.2354669570923,0
15.249098777771,0
15.4231405258179,0
16.6454391479492,0
18.5228977203369,0
20.1880321502686,0
21.343111038208,0
22.275260925293,0
23.4721622467041,0
25.3925952911377,0
28.0149269104004,0
30.4915447235107,0
31.8291320800781,0
31.8879127502441,0
31.0113468170166,0
28.8942813873291,0
25.0476493835449,0
20.5401401519775,0
17.8635959625244,0
18.3885612487793,0
21.0488376617432,0
24.2011070251465,0
27.5578460693359,0
31.291374206543,0
34.3983154296875,0
35.4968719482422,0
34.846492767334,0
34.3345527648926,0
35.5060958862305,0
38.2859306335449,0
41.3151626586914,0
42.9031944274902,0
42.0742073059082,0
39.3108863830566,0
35.8631973266602,0
31.9813861846924,0
26.7298774719238,0
20.1511631011963,0
14.4310836791992,0
11.7461175918579,0
11.8186569213867,0
12.8292331695557,0
13.8876934051514,0
15.0687055587769,0
15.6299257278442,0
14.0765933990479,0
10.1364049911499,0
5.277428150177,0
0.930246531963348,0
-2.91574478149414,0
-7.22012329101562,0
-12.6869220733643,0
-18.9853363037109,0
-24.662992477417,0
-28.2876529693604,0
-30.3037185668945,0
-32.9656600952148,0
-37.3935699462891,0
-41.5412101745605,0
-42.6028861999512,0
-40.8669967651367,0
-39.363109588623,0
-39.826416015625,0
-40.9096794128418,0
-40.6856651306152,0
-39.0699157714844,0
-36.9919929504395,0
-34.7301063537598,0
-32.2287483215332,0
-30.0721244812012,0
-29.021203994751,0
-29.1626720428467,0
-30.3026561737061,0
-32.506046295166,0
-35.3417701721191,0
-37.2517280578613,0
-36.8356399536133,0
-34.4659271240234,0
-31.5399971008301,0
-28.3784999847412,0
-24.2051010131836,0
-19.312463760376,0
-15.7214412689209,0
-14.9473085403442,0
-16.3543643951416,0
-18.7413940429688,0
-22.3258991241455,0
-27.4921951293945,0
-32.4000473022461,0
-34.1748123168945,0
-32.7016296386719,0
-31.06005859375,0
-31.3031024932861,0
-31.7561798095703,0
-29.9859180450439,0
-26.8307304382324,0
-25.3202171325684,0
-26.3421535491943,0
-27.6549606323242,0
-27.2768440246582,0
-25.8763256072998,0
-25.1347923278809,0
-25.1988410949707,0
-24.713996887207,0
-22.5196723937988,0
-18.4287700653076,0
-12.8704986572266,0
-6.67850732803345,0
-1.20795297622681,0
1.98345673084259,0
2.04802680015564,0
-0.315304636955261,0
-2.92216205596924,0
-3.45143151283264,0
-1.32472121715546,0
1.74752938747406,0
3.5429835319519,0
3.69125628471375,0
3.76469659805298,0
4.862717628479,0
5.80518341064453,0
4.50683403015137,0
0.939853310585022,0
-2.32126665115356,0
-3.02127385139465,0
-1.85712623596191,0
-1.20832431316376,0
-1.85335373878479,0
-2.53692698478699,0
-2.72992324829102,0
-3.69740724563599,0
-5.88975954055786,0
-7.34076404571533,0
-6.50400447845459,0
-5.02952480316162,0
-5.21471500396729,0
-5.86395788192749,0
-3.88750767707825,0
0.263114899396896,0
2.31456732749939,0
0.154316559433937,0
-3.21384525299072,0
-4.34483766555786,0
-4.08026170730591,0
-5.28947925567627,0
-8.25416278839111,0
-11.2050981521606,0
-13.9134702682495,0
-17.6296234130859,0
-22.1410179138184,0
-25.8519878387451,0
-28.7387084960938,0
-32.5915946960449,0
-37.9410629272461,0
-42.964973449707,0
-46.0003547668457,0
-47.2392272949219,0
-47.4245109558105,0
-46.8259162902832,0
-46.3257637023926,0
-47.6507911682129,0
-51.2433319091797,0
-55.2707557678223,0
-58.0921630859375,0
-60.620174407959,0
-64.697265625,0
-69.7707061767578,0
-72.8944091796875,0
-72.2621841430664,0
-69.5740585327148,0
-68.2148361206055,0
-69.4665679931641,0
-71.1554870605469,0
-70.3212432861328,0
-66.9338073730469,0
-64.1921691894531,0
-64.7709808349609,0
-67.6242904663086,0
-69.544563293457,0
-69.3139114379883,0
-68.7589645385742,0
-69.7003631591797,0
-71.620979309082,0
-73.0770492553711,0
-73.9319610595703,0
-74.9948425292969,0
-76.4283905029297,0
-77.814338684082,0
-79.211540222168,0
-80.883415222168,0
-82.2499465942383,0
-82.2937698364258,0
-81.0577163696289,0
-79.8106155395508,0
-79.4812469482422,0
-79.4929962158203,0
-78.3630218505859,0
-75.1963500976562,0
-70.5772018432617,0
-66.0960540771484,0
-62.7929649353027,0
-60.0691375732422,0
-56.679557800293,0
-52.8276786804199,0
-50.2228698730469,0
-49.5279426574707,0
-48.9701690673828,0
-46.6678771972656,0
-43.3552436828613,0
-41.1540222167969,0
-40.2750091552734,0
-39.0079116821289,0
-36.8793182373047,0
-35.3655700683594,0
-34.680248260498,0
-32.3259887695312,0
-26.7608299255371,0
-20.7333011627197,0
-18.3052711486816,0
-19.2629947662354,0
-19.3157005310059,0
-16.0893936157227,0
-12.13401222229,0
-10.6787519454956,0
-10.6928310394287,0
-8.43791389465332,0
-2.84554362297058,0
3.00911784172058,0
5.76030921936035,0
5.29021739959717,0
4.06172704696655,0
4.17654705047607,0
5.52424383163452,0
6.06785678863525,0
3.86303448677063,0
-0.486319124698639,0
-3.68151497840881,0
-3.20841813087463,0
-0.742738544940948,0
-0.51311731338501,0
-4.17304134368896,0
-9.1292085647583,0
-12.4670209884644,0
-14.4513559341431,0
-16.8929100036621,0
-19.9618186950684,0
-22.568042755127,0
-24.5479431152344,0
-26.1873970031738,0
-26.3755283355713,0
-23.7494945526123,0
-19.5762214660645,0
-17.0936298370361,0
-17.5327911376953,0
-18.8736667633057,0
-19.168529510498,0
-18.9395847320557,0
-19.1054420471191,0
-18.5321941375732,0
-15.5940237045288,0
-11.0658254623413,0
-7.56078863143921,0
-6.61421251296997,0
-7.85937023162842,0
-10.4905347824097,0
-13.748646736145,0
-16.282564163208,0
-17.0841865539551,0
-17.3570117950439,0
-19.6340408325195,0
-24.4924602508545,0
-29.8813667297363,0
-34.4380798339844,0
-39.5012588500977,0
-46.3733024597168,0
-53.3011322021484,0
-57.3931427001953,0
-58.6836547851562,0
-60.0187873840332,0
-63.1490287780762,0
-67.0766906738281,0
-70.3755798339844,0
-72.9661254882812,0
-74.9443054199219,0
-75.5693359375,0
-74.4418792724609,0
-72.2288208007812,0
-69.2688751220703,0
-64.8764953613281,0
-59.0755271911621,0
-53.564453125,0
-49.5718269348145,0
-45.9824333190918,0
-41.1732063293457,0
-35.7263107299805,0
-31.6156158447266,0
-29.4222507476807,0
-28.0922946929932,0
-26.9332275390625,0
-26.0962352752686,0
-25.4318237304688,0
-24.6368541717529,0
-24.3525638580322,0
-25.4033584594727,0
-27.1254577636719,0
-28.2909030914307,0
-29.5598106384277,0
-32.8216209411621,0
-37.7552909851074,0
-41.2569007873535,0
-41.1370162963867,0
-38.5383186340332,0
-35.8256492614746,0
-33.9857559204102,0
-33.231559753418,0
-34.1655693054199,0
-36.5216636657715,0
-38.1878776550293,0
-37.5347671508789,0
-35.9339256286621,0
-36.1211395263672,0
-38.5653915405273,0
-41.2015342712402,0
-42.4995574951172,0
-43.1248664855957,0
-44.4797019958496,0
-47.0034980773926,0
-50.1882934570312,0
-53.2178001403809,0
-55.3156433105469,0
-56.212947845459,0
-56.4006309509277,0
-56.4178276062012,0
-56.1752471923828,0
-55.6495208740234,0
-55.6777877807617,0
-56.8813209533691,0
-58.1309242248535,0
-57.5668029785156,0
-55.2801666259766,0
-53.4977073669434,0
-53.4881935119629,0
-53.5182113647461,0
-50.9098052978516,0
-45.4807395935059,0
-39.9249839782715,0
-36.9496955871582,0
-36.8165550231934,0
-37.7747535705566,0
-38.2114868164062,0
-37.809440612793,0
-36.7974166870117,0
-34.9519081115723,0
-32.0611038208008,0
-28.9570140838623,0
-26.9018020629883,0
-25.736328125,0
-23.909782409668,0
-21.1288757324219,0
-19.8144111633301,0
-22.5577182769775,0
-28.7381286621094,0
-35.0595092773438,0
-39.1053771972656,0
-40.9963684082031,0
-41.8408813476562,0
-42.2673454284668,0
-42.7141609191895,0
-43.5770416259766,0
-44.4751853942871,0
-44.5757102966309,0
-44.0886154174805,0
-44.1595497131348,0
-44.8189582824707,0
-44.6170425415039,0
-43.2416839599609,0
-42.9662666320801,0
-45.9680938720703,0
-51.2533340454102,0
-56.0146560668945,0
-59.5034637451172,0
-63.689697265625,0
-70.0387573242188,0
-77.3871078491211,0
-83.6900634765625,0
-88.6295623779297,0
-93.4671249389648,0
-98.8650817871094,0
-103.817192077637,0
-106.833236694336,0
-107.718849182129,0
-107.885757446289,0
-108.872344970703,0
-110.758750915527,0
-112.4013671875,0
-113.20240020752,0
-113.962631225586,0
-115.568328857422,0
-117.535125732422,0
-118.725143432617,0
-119.093803405762,0
-119.619560241699,0
-120.549560546875,0
-120.849212646484,0
-119.647529602051,0
-117.173332214355,0
-113.842834472656,0
-109.559906005859,0
-104.763900756836,0
-101.212669372559,0
-100.421920776367,0
-101.619598388672,0
-102.333122253418,0
-100.933128356934,0
-97.7229843139648,0
-93.7139053344727,0
-89.5298538208008,0
-85.7700576782227,0
-83.2919006347656,0
-82.3574523925781,0
-82.0612182617188,0
-81.219612121582,0
-79.4481353759766,0
-76.889533996582,0
-73.3304824829102,0
-68.2884826660156,0
-61.899227142334,0
-55.238410949707,0
-49.7010650634766,0
-46.1568603515625,0
-44.3848342895508,0
-43.0004997253418,0
-40.2538642883301,0
-35.4194030761719,0
-29.3490810394287,0
-23.428201675415,0
-18.3898639678955,0
-14.6355791091919,0
-13.0568971633911,0
-14.2092800140381,0
-16.5993328094482,0
-17.2771816253662,0
-15.0397310256958,0
-12.0663547515869,0
-11.2287034988403,0
-12.4756774902344,0
-13.2708253860474,0
-12.150071144104,0
-10.0313348770142,0
-7.83936405181885,0
-4.8010311126709,0
-0.0693638399243355,0
5.53468704223633,0
10.7688302993774,0
15.7702779769897,0
21.0658988952637,0
25.7448806762695,0
28.4477920532227,0
29.5624866485596,0
30.4084777832031,0
30.508321762085,0
27.9610939025879,0
22.8609867095947,0
18.0580215454102,0
15.5299463272095,0
13.9169616699219,0
11.0141763687134,0
7.14016246795654,0
4.35225057601929,0
3.39706873893738,0
3.24788188934326,0
3.11611461639404,0
3.19621658325195,0
3.5120484828949,0
3.52165102958679,0
3.15052700042725,0
3.16414952278137,0
4.16785478591919,0
5.9448127746582,0
8.05427551269531,0
10.5639390945435,0
13.91064453125,0
18.2092704772949,0
22.6934490203857,0
25.8246326446533,0
26.4335155487061,0
25.1075763702393,0
23.9153499603271,0
24.1208801269531,0
24.5576152801514,0
23.0294761657715,0
19.0857563018799,0
14.4972505569458,0
10.8728265762329,0
7.64245891571045,0
2.93188047409058,0
-3.91521048545837,0
-11.225772857666,0
-16.5081729888916,0
-18.8764591217041,0
-19.7880821228027,0
-21.4018478393555,0
-24.5063037872314,0
-28.2748908996582,0
-31.6685848236084,0
-34.4167442321777,0
-36.6236915588379,0
-38.1099739074707,0
-38.5318756103516,0
-37.8980674743652,0
-36.7926139831543,0
-36.1616973876953,0
-36.5767860412598,0
-37.2792320251465,0
-36.4078826904297,0
-33.0435981750488,0
-28.663646697998,0
-25.294885635376,0
-22.3757152557373,0
-17.2065086364746,0
-8.96416091918945,0
-0.350409120321274,0
5.88763380050659,0
10.2729997634888,0
14.629487991333,0
18.2521800994873,0
18.5897464752197,0
15.2662773132324,0
10.8508253097534,0
7.32744836807251,0
4.08682489395142,0
0.177387803792953,0
-3.54552698135376,0
-5.8484148979187,0
-7.16219568252563,0
-8.66312885284424,0
-10.3226089477539,0
-11.4051141738892,0
-12.2906084060669,0
-14.2661657333374,0
-17.5885314941406,0
-20.8950843811035,0
-22.6480083465576,0
-22.4787654876709,0
-21.2167663574219,0
-20.2334766387939,0
-20.6198043823242,0
-22.4273376464844,0
-24.7606945037842,0
-26.7556552886963,0
-27.9038639068604,0
-27.2793674468994,0
-23.7739067077637,0
-18.139497756958,0
-13.6238660812378,0
-12.8602828979492,0
-14.6234455108643,0
-15.3207397460938,0
-13.3832225799561,0
-10.4031190872192,0
-8.05466270446777,0
-6.01638603210449,0
-3.50284695625305,0
-0.906672537326813,0
1.21856510639191,0
3.45076942443848,0
6.56895542144775,0
10.1956243515015,0
13.3168525695801,0
15.4614868164062,0
16.6961536407471,0
17.2844848632812,0
17.9943675994873,0
19.7588977813721,0
22.2128849029541,0
23.4911613464355,0
22.3661212921143,0
19.7167682647705,0
17.0341243743896,0
14.5310716629028,0
11.8463516235352,0
9.53235816955566,0
8.31505393981934,0
7.6232385635376,0
6.46231365203857,0
5.20858716964722,0
4.85213041305542,0
4.8592963218689,0
3.69629573822021,0
1.44895327091217,0
-0.0256471168249846,0
0.120543204247952,0
0.718070507049561,0
1.01232743263245,0
2.17042779922485,0
5.08850431442261,0
8.22357559204102,0
9.3109130859375,0
8.40429401397705,0
7.58763790130615,0
8.12528419494629,0
9.45511245727539,0
10.8156213760376,0
12.2248258590698,0
13.504035949707,0
13.7641954421997,0
12.6869144439697,0
11.4093360900879,0
11.2163772583008,0
11.8551044464111,0
12.037036895752,0
11.3960046768188,0
11.024097442627,0
11.8147439956665,0
12.926248550415,0
12.5103693008423,0
9.92837238311768,0
6.77376842498779,0
5.32423877716064,0
6.07633590698242,0
7.3172755241394,0
7.39000749588013,0
6.81785249710083,0
7.4270076751709,0
9.66375350952148,0
11.9555253982544,0
12.9918899536133,0
13.3742847442627,0
14.1563081741333,0
14.8537120819092,0
14.3061590194702,0
12.859281539917,0
11.9719791412354,0
11.7427654266357,0
10.5756483078003,0
7.70476007461548,0
4.41338300704956,0
1.94072437286377,0
-0.348743349313736,0
-3.44860410690308,0
-6.39145851135254,0
-6.97031307220459,0
-4.50834608078003,0
-0.825505018234253,0
1.49008548259735,0
1.13976681232452,0
-1.23950791358948,0
-3.83026719093323,0
-5.31135368347168,0
-6.24469041824341,0
-8.31798553466797,0
-11.8124837875366,0
-14.6919164657593,0
-14.9926643371582,0
-13.2347373962402,0
-11.3371829986572,0
-9.90529823303223,0
-8.06774139404297,0
-5.59714031219482,0
-3.52371406555176,0
-2.47948575019836,0
-1.81922614574432,0
-0.769633173942566,0
0.670394361019135,0
2.38881206512451,0
4.68331813812256,0
7.58427762985229,0
10.5504636764526,0
13.5074472427368,0
17.4620304107666,0
23.2612018585205,0
30.1595401763916,0
36.4336433410645,0
41.2487678527832,0
45.1474227905273,0
48.669017791748,0
51.3476028442383,0
52.6141357421875,0
53.1350936889648,0
54.3110275268555,0
56.3493537902832,0
57.6941757202148,0
56.9533996582031,0
54.8451995849609,0
53.4078407287598,0
53.4794082641602,0
53.8304977416992,0
52.8583106994629,0
50.2761878967285,0
46.785514831543,0
42.8302536010742,0
38.338623046875,0
33.407413482666,0
28.7066593170166,0
25.1528396606445,0
23.2001495361328,0
22.1974811553955,0
20.4587688446045,0
16.4913940429688,0
10.4563903808594,0
4.11611461639404,0
-0.877674996852875,0
-4.3571195602417,0
-7.15589761734009,0
-9.70286464691162,0
-11.5892286300659,0
-12.4789123535156,0
-13.004711151123,0
-14.3732290267944,0
-17.0278835296631,0
-20.092601776123,0
-22.55295753479,0
-24.6219139099121,0
-27.0515689849854,0
-29.2566108703613,0
-29.6144351959229,0
-28.2058773040771,0
-27.6213836669922,0
-29.644021987915,0
-32.439769744873,0
-32.9402275085449,0
-31.041223526001,0
-29.1069946289062,0
-27.9312305450439,0
-26.0755882263184,0
-23.2862358093262,0
-21.2965297698975,0
-20.1563758850098,0
-16.9681968688965,0
-10.4064064025879,0
-3.90359425544739,0
-1.5620926618576,0
-2.74334859848022,0
-3.76323986053467,0
-3.60658168792725,0
-4.44979381561279,0
-7.03709554672241,0
-9.2788667678833,0
-10.0143489837646,0
-10.836820602417,0
-12.9210987091064,0
-14.8478374481201,0
-15.2376232147217,0
-15.1960763931274,0
-16.2279987335205,0
-17.7063694000244,0
-18.5625076293945,0
-19.8128452301025,0
-22.8978366851807,0
-26.6583576202393,0
-28.6631202697754,0
-28.9888553619385,0
-29.9908847808838,0
-32.3516540527344,0
-33.9577560424805,0
-33.1555252075195,0
-30.7339267730713,0
-27.8889694213867,0
-24.4964332580566,0
-20.6371097564697,0
-17.7899799346924,0
-16.7800521850586,0
-16.0581283569336,0
-13.9096117019653,0
-11.2174053192139,0
-9.9138126373291,0
-9.37960529327393,0
-6.72096538543701,0
-0.719084441661835,0
6.53686714172363,0
12.5579652786255,0
17.4360866546631,0
23.1157703399658,0
30.7924213409424,0
39.8255157470703,0
48.4968757629395,0
55.2669448852539,0
59.9393348693848,0
64.0332870483398,0
69.3174209594727,0
75.5739593505859,0
80.6088714599609,0
82.9708633422852,0
83.7839660644531,0
85.1598510742188,0
87.6203308105469,0
90.1138305664062,0
91.9932403564453,0
93.6354064941406,0
95.0389175415039,0
94.9745941162109,0
92.2335968017578,0
87.3331527709961,0
82.3015365600586,0
78.4958343505859,0
74.9294281005859,0
69.4517288208008,0
61.8305168151855,0
54.7219696044922,0
50.5102233886719,0
47.8557777404785,0
43.1425437927246,0
35.3681106567383,0
27.6105155944824,0
22.9647903442383,0
20.9680557250977,0
19.2531471252441,0
16.9058818817139,0
14.4521160125732,0
12.1089906692505,0
10.295428276062,0
10.778263092041,0
14.7920932769775,0
20.556604385376,0
25.1079368591309,0
28.2588596343994,0
32.1443824768066,0
36.9803276062012,0
40.3611297607422,0
41.4288368225098,0
42.6425704956055,0
45.9168014526367,0
49.7157936096191,0
52.0439567565918,0
54.0169906616211,0
57.8050498962402,0
62.6356163024902,0
65.8645858764648,0
67.2829132080078,0
69.3203506469727,0
72.882698059082,0
75.7885437011719,0
76.1845321655273,0
75.2721176147461,0
75.3808364868164,0
76.9867172241211,0
79.0676879882812,0
81.2002029418945,0
83.6337661743164,0
85.7948303222656,0
86.2440032958984,0
84.2712631225586,0
80.6850814819336,0
76.9787368774414,0
74.3505859375,0
73.4268493652344,0
74.1365509033203,0
75.6346969604492,0
76.8190002441406,0
77.0719680786133,0
76.2625274658203,0
74.2702865600586,0
71.1040954589844,0
67.3621673583984,0
63.8403205871582,0
60.6536712646484,0
57.5032196044922,0
54.8465309143066,0
53.7151985168457,0
53.8644599914551,0
53.1583023071289,0
49.8186416625977,0
44.6998023986816,0
40.2237091064453,0
37.3166885375977,0
34.5217819213867,0
30.2160205841064,0
24.6798725128174,0
19.5474300384521,0
15.8556842803955,0
13.0945844650269,0
9.88134956359863,0
5.33387136459351,0
-0.0360886752605438,0
-4.80132579803467,0
-8.22021007537842,0
-11.089524269104,0
-14.4313564300537,0
-17.5517063140869,0
-18.3229904174805,0
-15.6438236236572,0
-10.9256067276001,0
-6.80486345291138,0
-4.89499521255493,0
-5.02214479446411,0
-6.00520944595337,0
-6.65829420089722,0
-6.36764049530029,0
-5.1890230178833,0
-3.4475371837616,0
-1.28816068172455,0
1.23268675804138,0
3.91197037696838,0
6.73853349685669,0
10.1803855895996,0
14.4664640426636,0
18.8671646118164,0
22.5149745941162,0
25.5542125701904,0
28.2983779907227,0
29.6690349578857,0
28.3493576049805,0
25.6681213378906,0
25.1322135925293,0
28.0230541229248,0
31.3227024078369,1
31.5624313354492,1
29.3062000274658,1
28.1044635772705,1
30.1773204803467,1
35.0879287719727,1
41.8491706848145,1
50.0733261108398,1
59.0333290100098,1
67.343132019043,1
73.8973617553711,1
78.2378387451172,1
80.4320678710938,1
81.7053527832031,1
84.3953475952148,1
89.6588363647461,1
95.8807067871094,1
101.088043212891,1
105.994758605957,1
112.194953918457,1
118.119400024414,1
120.232551574707,1
118.578224182129,1
117.588027954102,1
120.123374938965,1
124.033737182617,1
126.479232788086,1
128.267715454102,1
130.856307983398,1
131.825302124023,1
127.519104003906,1
118.950965881348,1
110.934280395508,1
105.57292175293,1
100.55933380127,1
94.3773651123047,1
89.0935745239258,1
86.2180252075195,1
83.214225769043,1
76.8936157226562,1
68.1033172607422,1
60.1365013122559,1
53.8425636291504,1
47.345386505127,1
40.1357803344727,1
34.463436126709,1
32.0668792724609,1
31.6750659942627,1
30.6199493408203,1
27.3788146972656,1
21.7953014373779,1
14.3792133331299,1
6.58168125152588,1
0.60637229681015,1
-2.47906708717346,1
-3.90931558609009,1
-5.43884229660034,1
-7.07021284103394,1
-7.93984699249268,1
-8.99049091339111,1
-12.8501863479614,1
-20.5799694061279,1
-30.1029930114746,1
-38.7614898681641,1
-46.1228790283203,1
-52.948974609375,1
-58.4934959411621,1
-60.928825378418,1
-60.4609718322754,1
-60.0580101013184,1
-62.2345848083496,1
-66.4111099243164,1
-70.378059387207,1
-73.1730880737305,1
-75.1746978759766,1
-76.2389297485352,1
-75.602180480957,1
-73.6824111938477,1
-72.4716720581055,1
-73.657112121582,1
-77.3155975341797,1
-82.720085144043,1
-89.2947387695312,1
-96.2290267944336,1
-102.187942504883,1
-106.234550476074,1
-108.437202453613,1
-109.111000061035,1
-108.429290771484,1
-107.465217590332,1
-108.339805603027,1
-111.906356811523,1
-116.117568969727,1
-118.331527709961,1
-118.618324279785,1
-118.784828186035,1
-118.487495422363,1
-115.07780456543,1
-108.17497253418,1
-101.810523986816,1
-100.044830322266,1
-102.104606628418,1
-104.144096374512,1
-104.780120849609,1
-106.23876953125,1
-110.129440307617,1
-114.636245727539,1
-116.759521484375,1
-115.594169616699,1
-112.391242980957,1
-108.723281860352,1
-105.771041870117,1
-104.5166015625,1
-105.279861450195,1
-107.137191772461,1
-108.509437561035,1
-108.359222412109,1
-106.709594726562,1
-104.527122497559,1
-103.481109619141,1
-105.214981079102,1
-110.039222717285,1
-116.320930480957,1
-121.572784423828,1
-124.235778808594,1
-124.339324951172,1
-122.689552307129,1
-119.892227172852,1
-116.458717346191,1
-113.698234558105,1
-113.747467041016,1
-117.873268127441,1
-124.882347106934,1
-132.275344848633,1
-139.176406860352,1
-146.71435546875,1
-154.745697021484,1
-160.00422668457,1
-159.672744750977,1
-156.019149780273,1
-154.880081176758,1
-159.088241577148,1
-165.467391967773,1
-169.231918334961,1
-169.626220703125,1
-169.814163208008,1
-172.309341430664,1
-176.25048828125,1
-179.17268371582,1
-180.27864074707,1
-181.275955200195,1
-184.098037719727,1
-188.339874267578,1
-191.660354614258,1
-192.753143310547,1
-192.766220092773,1
-193.028442382812,1
-192.662948608398,1
-190.084838867188,1
-186.022003173828,1
-182.929260253906,1
-181.618865966797,1
-180.597183227539,1
-178.788757324219,1
-176.58821105957,1
-173.762130737305,1
-168.871765136719,1
-162.046264648438,1
-156.207946777344,1
-153.894653320312,1
-154.419418334961,1
-155.685684204102,1
-157.25846862793,1
-159.82356262207,1
-162.827987670898,1
-164.628662109375,1
-164.328094482422,1
-162.00471496582,1
-158.059722900391,1
-153.90641784668,1
-152.185943603516,1
-154.216796875,1
-157.945434570312,1
-160.53288269043,1
-162.270599365234,1
-165.337951660156,1
-168.980834960938,1
-169.219055175781,1
-164.492630004883,1
-158.857040405273,1
-157.365249633789,1
-159.750823974609,1
-160.992141723633,1
-157.639739990234,1
-151.451934814453,1
-146.340026855469,1
-143.336151123047,1
-139.883834838867,1
-133.71142578125,1
-126.120903015137,1
-120.700897216797,1
-119.219871520996,1
-119.766830444336,1
-119.113487243652,1
-115.922546386719,1
-110.973304748535,1
-105.15731048584,1
-98.6293411254883,1
-91.8573303222656,1
-86.3023452758789,1
-83.5002975463867,1
-83.7578964233398,1
-85.6960144042969,1
-86.7089691162109,1
-84.2683334350586,1
-77.6433334350586,1
-68.4334030151367,1
-59.0253219604492,1
-50.8742065429688,1
-44.7645416259766,1
-41.7935752868652,1
-42.5563888549805,1
-45.592227935791,1
-48.2516098022461,1
-49.3572235107422,1
-49.6789245605469,1
-49.6577339172363,1
-48.4151420593262,1
-45.6900901794434,1
-43.0082130432129,1
-41.6475372314453,1
-40.7865028381348,1
-39.237979888916,1
-38.0204010009766,1
-39.2945594787598,1
-43.1185417175293,1
-47.213508605957,1
-50.2522468566895,1
-53.693904876709,1
-59.510368347168,1
-67.2815475463867,1
-74.7060317993164,1
-80.4141006469727,1
-85.0759582519531,1
-89.7406539916992,1
-94.175422668457,1
-97.4730758666992,1
-99.7287979125977,1
-102.182693481445,1
-105.571105957031,1
-109.039199829102,1
-111.158706665039,1
-111.621551513672,1
-111.406181335449,1
-111.564071655273,1
-112.416877746582,1
-113.664070129395,1
-114.544822692871,1
-114.126274108887,1
-112.36848449707,1
-110.766334533691,1
-110.756629943848,1
-111.479545593262,1
-110.654312133789,1
-108.029136657715,1
-106.017730712891,1
-105.830673217773,1
-105.09391784668,1
-101.476341247559,1
-97.0269393920898,1
-95.7979431152344,1
-97.8254470825195,1
-99.0081634521484,1
-97.2911758422852,1
-95.1343765258789,1
-94.225830078125,1
-91.5459976196289,1
-84.1190948486328,1
-75.2365264892578,1
-71.5221252441406,1
-74.2507019042969,1
-77.6352005004883,1
-76.6059341430664,1
-72.9256820678711,1
-71.6945724487305,1
-74.0377960205078,1
-75.7106781005859,1
-72.3611602783203,1
-64.5106964111328,1
-57.119010925293,1
-54.7287063598633,1
-57.132381439209,1
-60.1277313232422,1
-60.8019638061523,1
-60.8563766479492,1
-63.2046127319336,1
-66.588264465332,1
-66.7052841186523,1
-62.7513275146484,1
-59.2285614013672,1
-59.646053314209,1
-61.5107917785645,1
-60.1377372741699,1
-55.0994071960449,1
-49.7353439331055,1
-45.7287521362305,1
-41.6833114624023,1
-36.7305946350098,1
-32.2630424499512,1
-29.4475994110107,1
-27.4541435241699,1
-25.0303916931152,1
-22.1062488555908,1
-19.1450290679932,1
-16.3413467407227,1
-14.0297183990479,1
-12.6326341629028,1
-11.7243537902832,1
-10.2146806716919,1
-7.73694133758545,1
-4.83274507522583,1
-1.76064884662628,1
1.56972074508667,1
4.43715524673462,1
5.71970891952515,1
5.98868846893311,1
7.69688129425049,1
12.2874946594238,1
17.962646484375,1
21.1912784576416,1
20.0676231384277,1
15.7392721176147,1
10.7772617340088,1
6.38115119934082,1
1.34650135040283,1
-5.6936149597168,1
-13.1744775772095,1
-17.3924674987793,1
-17.2930793762207,1
-16.5755710601807,1
-19.0709056854248,1
-23.6982173919678,1
-26.88037109375,1
-28.7182331085205,1
-32.7395362854004,1
-39.3132553100586,1
-43.5930709838867,1
-41.9859504699707,1
-37.499340057373,1
-35.944034576416,1
-38.7138748168945,1
-41.9889907836914,1
-42.1358604431152,1
-39.5457305908203,1
-37.2337837219238,1
-37.1781806945801,1
-38.3304328918457,1
-37.8561134338379,1
-34.5422592163086,1
-30.6361064910889,1
-29.1477737426758,1
-29.7274322509766,1
-29.3514060974121,1
-27.2248783111572,1
-26.1257801055908,1
-27.6865406036377,1
-29.339973449707,1
-28.4054660797119,1
-26.9632663726807,1
-29.4982204437256,1
-36.791748046875,1
-45.1713523864746,1
-51.3771018981934,1
-55.3098373413086,1
-57.838924407959,1
-58.6148643493652,1
-57.1113014221191,1
-54.2511749267578,1
-52.1102294921875,1
-52.7242851257324,1
-57.0337219238281,1
-63.7631378173828,1
-69.5715484619141,1
-71.9001235961914,1
-71.6292572021484,1
-71.2547378540039,1
-70.636344909668,1
-67.020149230957,1
-59.8978271484375,1
-53.0985260009766,1
-50.147891998291,1
-49.5448265075684,1
-47.2207221984863,1
-42.5687789916992,1
-38.9996681213379,1
-38.3914070129395,1
-37.9095077514648,1
-33.8485107421875,1
-26.8189563751221,1
-21.1050319671631,1
-19.5169925689697,1
-20.7297286987305,1
-21.8766784667969,1
-22.2208061218262,1
-23.2639141082764,1
-25.8797988891602,1
-28.5965824127197,1
-29.2947940826416,1
-28.2633056640625,1
-28.7201080322266,1
-33.5840911865234,1
-41.8234481811523,1
-48.8491516113281,1
-50.9962120056152,1
-48.9864387512207,1
-46.2965850830078,1
-44.8204612731934,1
-43.4894943237305,1
-41.0084037780762,1
-38.1446304321289,1
-36.341552734375,1
-35.3391342163086,1
-33.7690963745117,1
-31.6770000457764,1
-30.7242412567139,1
-31.4359226226807,1
-31.6402149200439,1
-28.8602447509766,1
-23.7841033935547,1
-20.0725879669189,1
-20.354175567627,1
-23.2684936523438,1
-25.2684593200684,1
-24.8800563812256,1
-23.9088954925537,1
-24.0917510986328,1
-23.9161319732666,1
-20.2580108642578,1
-12.8100109100342,1
-5.1886043548584,1
-1.08075344562531,1
-0.523186206817627,1
-0.849899053573608,1
-0.275714606046677,1
0.809020221233368,1
1.65719199180603,1
2.7448878288269,1
5.04231548309326,1
8.42937278747559,1
11.3697137832642,1
12.1264305114746,1
10.3816928863525,1
7.7788987159729,1
6.53638744354248,1
7.30265140533447,1
8.91083812713623,1
10.5220060348511,1
12.9145879745483,1
16.5810070037842,1
19.5775032043457,1
19.2724666595459,1
16.1614646911621,1
13.919527053833,1
15.0572738647461,1
18.2723293304443,1
20.9760456085205,1
22.6283073425293,1
24.0272655487061,1
24.7539844512939,1
23.4890956878662,1
20.2993717193604,1
16.5428218841553,1
12.4973220825195,1
6.89565849304199,1
-0.766323208808899,1
-8.82049179077148,1
-14.8026924133301,1
-17.3470211029053,1
-16.7159404754639,1
-14.6164178848267,1
-13.4442119598389,1
-14.2053813934326,1
-14.9249439239502,1
-12.6105442047119,1
-7.10232067108154,1
-1.25970089435577,1
3.13363766670227,1
7.43322610855103,1
12.8378849029541,1
17.221809387207,1
17.5938777923584,1
14.521541595459,1
11.6024713516235,1
10.9286041259766,1
11.3935899734497,1
11.600040435791,1
12.1620512008667,1
14.1367902755737,1
16.6367568969727,1
17.3058433532715,1
14.8303422927856,1
10.3713140487671,1
6.57461166381836,1
5.2099723815918,1
5.688316822052,1
6.21414375305176,1
6.40408897399902,1
7.61359596252441,1
9.89656639099121,1
10.1353330612183,1
5.27477931976318,1
-3.11610412597656,1
-9.84510326385498,1
-11.9153337478638,1
-11.1837491989136,1
-10.5759334564209,1
-10.0179643630981,1
-7.83084154129028,1
-4.4668083190918,1
-2.44241166114807,1
-2.92038369178772,1
-4.29005813598633,1
-4.36819458007812,1
-2.65107226371765,1
-0.0237430278211832,1
2.74978160858154,1
5.73541831970215,1
9.48918533325195,1
14.1499061584473,1
18.5784187316895,1
20.8047065734863,1
20.1295433044434,1
18.4807548522949,1
18.6090259552002,1
21.0409870147705,1
24.0607089996338,1
26.7140426635742,1
30.0713539123535,1
34.705379486084,1
38.6070709228516,1
39.3053207397461,1
37.1864013671875,1
34.8695983886719,1
33.5772323608398,1
32.0022277832031,1
29.0787105560303,1
26.0646381378174,1
24.7269649505615,1
24.4764289855957,1
22.6946430206299,1
17.8280010223389,1
11.2490758895874,1
5.7431526184082,1
2.58534717559814,1
0.656344473361969,1
-1.37870478630066,1
-2.62193083763123,1
-0.843153059482574,1
3.87066507339478,1
7.85595321655273,1
7.80015897750854,1
5.16791439056396,1
4.73579835891724,1
8.83835315704346,1
15.2766628265381,1
21.4246444702148,1
27.8463726043701,1
36.0410270690918,1
44.4709663391113,1
49.5193405151367,1
49.9488906860352,1
48.1143760681152,1
46.5972290039062,1
45.6805419921875,1
44.8661155700684,1
45.1381759643555,1
48.1457176208496,1
53.5698585510254,1
58.5021324157715,1
59.8657531738281,1
57.2749862670898,1
53.2570648193359,1
50.4265213012695,1
48.6369476318359,1
45.7618560791016,1
41.5922927856445,1
39.6037902832031,1
43.2247581481934,1
50.8049812316895,1
56.3360023498535,1
55.8765907287598,1
51.786449432373,1
49.4333686828613,1
50.7204322814941,1
52.5098152160645,1
51.3315124511719,1
47.9406471252441,1
46.02685546875,1
47.0157470703125,1
47.8171539306641,1
44.6850700378418,1
38.4674415588379,1
34.3227157592773,1
35.8939781188965,1
41.3320960998535,1
46.156982421875,1
48.6430587768555,1
50.3566932678223,1
51.9802932739258,1
51.3202857971191,1
46.5513877868652,1
39.6841125488281,1
35.0941123962402,1
35.1734657287598,1
38.7566566467285,1
43.6110382080078,1
49.0889892578125,1
55.7275123596191,1
63.036808013916,1
68.8553466796875,1
71.3000564575195,1
70.7532043457031,1
69.1452560424805,1
67.5764312744141,1
65.8774261474609,1
64.6715774536133,1
66.0259323120117,1
70.5728302001953,1
75.2244644165039,1
75.9427185058594,1
72.5544128417969,1
68.8147811889648,1
67.5361633300781,1
67.6379089355469,1
66.5964279174805,1
63.8797874450684,1
60.7662200927734,1
58.1400489807129,1
55.8355178833008,1
53.4243049621582,1
50.6169204711914,1
47.3691596984863,1
44.1892776489258,1
41.739086151123,1
39.824535369873,1
37.6933517456055,1
35.4993705749512,1
34.0012283325195,1
32.3302001953125,1
27.9996852874756,1
20.448486328125,1
12.8945112228394,1
8.86688709259033,1
8.20194530487061,1
8.55188751220703,1
9.76835823059082,1
14.0137662887573,1
21.504810333252,1
28.7089214324951,1
31.7508869171143,1
30.0526695251465,1
25.7471580505371,1
20.7799301147461,1
15.6340751647949,1
10.1087617874146,1
4.23351526260376,1
-1.57809889316559,1
-6.91032028198242,1
-11.9745712280273,1
-17.8292636871338,1
-25.4835357666016,1
-34.6053581237793,1
-43.5575828552246,1
-50.9826126098633,1
-57.0326766967773,1
-62.7244453430176,1
-68.3246383666992,1
-72.9855499267578,1
-76.3426742553711,1
-79.9929580688477,1
-86.2115478515625,1
-94.709358215332,1
-101.848342895508,1
-104.392585754395,1
-103.23412322998,1
-101.618957519531,1
-100.33536529541,1
-97.4275512695312,1
-93.0403823852539,1
-91.2336349487305,1
-94.8815994262695,1
-101.120307922363,1
-104.618240356445,1
-103.939979553223,1
-101.746726989746,1
-99.5293579101562,1
-95.5218658447266,1
-88.3776321411133,1
-80.2365646362305,1
-74.8074264526367,1
-73.7746810913086,1
-75.9263381958008,1
-78.777961730957,1
-80.4760894775391,1
-80.9251403808594,1
-81.3990783691406,1
-82.5753631591797,1
-83.3886184692383,1
-82.7848739624023,1
-81.8398818969727,1
-82.3912887573242,1
-83.9784240722656,1
-84.2547988891602,1
-82.4422988891602,1
-80.0694198608398,1
-77.9151229858398,1
-74.8553314208984,1
-70.9261779785156,1
-69.0374069213867,1
-71.5238037109375,1
-76.5042495727539,1
-79.7215423583984,1
-78.9721527099609,1
-74.8563995361328,1
-68.2229385375977,1
-59.3343238830566,1
-49.4247093200684,1
-40.876781463623,1
-35.1879615783691,1
-31.8722019195557,1
-29.5075950622559,1
-26.8420486450195,1
-23.043773651123,1
-18.1724224090576,1
-13.3628244400024,1
-9.23239421844482,1
-4.2696681022644,1
3.45756387710571,1
12.7925987243652,1
19.6851482391357,1
21.8227996826172,1
21.4814109802246,1
22.6272983551025,1
26.5589408874512,1
31.7499561309814,1
36.7263603210449,1
41.2497100830078,1
45.2612075805664,1
48.5006637573242,1
51.2481956481934,1
54.233024597168,1
57.7902793884277,1
61.9167747497559,1
66.7090454101562,1
71.7295913696289,1
75.5615997314453,1
77.295166015625,1
77.8426284790039,1
78.3244781494141,1
78.0084915161133,1
75.9226303100586,1
73.7500381469727,1
74.2433166503906,1
76.8641662597656,1
78.3647155761719,1
78.440055847168,1
81.0821838378906,1
88.2632904052734,1
95.590934753418,1
97.4500503540039,1
94.2557754516602,1
91.1211547851562,1
90.8345336914062,1
91.9980316162109,1
93.4961471557617,1
96.6573028564453,1
102.093856811523,1
107.635391235352,1
110.981674194336,1
112.393501281738,1
113.568756103516,1
115.571548461914,1
118.91788482666,1
124.066764831543,1
130.597290039062,1
137.121658325195,1
142.985977172852,1
148.774810791016,1
154.124664306641,1
156.55419921875,1
154.213348388672,1
148.99641418457,1
145.091506958008,1
144.553955078125,1
145.831329345703,1
146.764678955078,1
147.349258422852,1
148.523193359375,1
149.380187988281,1
147.379730224609,1
141.543518066406,1
134.084350585938,1
127.978942871094,1
123.813453674316,1
120.31477355957,1
117.419967651367,1
116.728675842285,1
118.228691101074,1
118.510688781738,1
114.19450378418,1
106.424034118652,1
99.8457183837891,1
96.8342971801758,1
94.6046829223633,1
89.1928253173828,1
80.9599609375,1
74.1597442626953,1
71.1660232543945,1
69.2851257324219,1
64.6246032714844,1
57.6964950561523,1
52.7911186218262,1
51.8906745910645,1
51.9685592651367,1
49.8106956481934,1
47.2334442138672,1
48.6278762817383,1
54.1792602539062,1
58.7638816833496,1
58.1170997619629,1
53.3496894836426,1
48.1452751159668,1
43.9504508972168,1
39.9787673950195,1
36.2678489685059,1
34.1902465820312,1
34.4380416870117,1
36.4472503662109,1
39.5763931274414,1
43.3024978637695,1
46.6661796569824,1
49.2348556518555,1
52.2956047058105,1
57.1759033203125,1
62.500358581543,1
65.3348236083984,1
65.4010543823242,1
65.7313613891602,1
68.0874328613281,1
70.1006546020508,1
68.8784637451172,1
65.6048965454102,1
63.9679870605469,1
64.9970779418945,1
66.3586044311523,1
66.7979049682617,1
68.4077453613281,1
73.2133636474609,1
79.4293823242188,1
82.9677505493164,1
82.1011199951172,1
79.3392105102539,1
78.7129058837891,1
81.9506454467773,1
87.5403289794922,1
93.2481231689453,1
98.9889831542969,1
106.443473815918,1
115.841026306152,1
124.603172302246,1
130.381927490234,1
134.332214355469,1
139.587066650391,1
147.214569091797,1
155.839492797852,1
164.7939453125,1
174.759140014648,1
184.717330932617,1
191.139923095703,1
191.926223754883,1
189.387298583984,1
187.723770141602,1
188.760238647461,1
191.346466064453,1
193.658325195312,1
194.800567626953,1
195.08854675293,1
195.601867675781,1
196.459579467773,1
195.288131713867,1
189.274978637695,1
179.324935913086,1
169.863922119141,1
163.524230957031,1
158.672805786133,1
153.685333251953,1
150.493698120117,1
151.074844360352,1
152.997314453125,1
152.140350341797,1
148.402465820312,1
145.101135253906,1
143.547912597656,1
141.84602355957,1
138.895614624023,1
136.130416870117,1
134.7119140625,1
133.74690246582,1
131.977172851562,1
129.071807861328,1
124.86515045166,1
119.457588195801,1
114.423477172852,1
111.783317565918,1
111.347679138184,1
111.080459594727,1
110.313613891602,1
110.189826965332,1
110.353355407715,1
107.951538085938,1
101.476585388184,1
93.4922790527344,1
87.599235534668,1
84.089241027832,1
80.5864105224609,1
76.0901794433594,1
72.1926193237305,1
70.2146682739258,1
68.8839874267578,1
65.7502975463867,1
60.2448081970215,1
54.4894790649414,1
50.9528465270996,1
49.8064384460449,1
49.2424163818359,1
48.3399429321289,1
48.4453582763672,1
50.7647933959961,1
53.5108947753906,1
53.2929763793945,1
49.4699401855469,1
45.3235359191895,1
44.0212745666504,1
44.8380432128906,1
44.7452087402344,1
42.6853942871094,1
40.2551918029785,1
38.2358856201172,1
34.6035003662109,1
27.1840400695801,1
17.021635055542,1
7.46695041656494,1
0.360876590013504,1
-5.1689281463623,1
-10.0012769699097,1
-13.0999784469604,1
-13.5352420806885,1
-12.9935445785522,1
-14.3056993484497,1
-17.9915866851807,1
-22.2785339355469,1
-26.4764823913574,1
-31.9651756286621,1
-39.0114631652832,1
-44.9215888977051,1
-47.2055969238281,1
-47.0433883666992,1
-47.4618988037109,1
-49.1382751464844,1
-50.5064849853516,1
-51.4693565368652,1
-54.0198364257812,1
-58.6532287597656,1
-62.894645690918,1
-64.6743316650391,1
-64.9455261230469,1
-65.3488845825195,1
-65.2788162231445,1
-63.4104194641113,1
-60.6454010009766,1
-59.0561943054199,1
-58.7945556640625,1
-58.5919418334961,1
-58.7813491821289,1
-60.9547920227051,1
-64.4393768310547,1
-65.9895706176758,1
-64.0293426513672,1
-60.941535949707,1
-59.8574981689453,1
-60.9892692565918,1
-62.3952407836914,1
-62.6106300354004,1
-61.018196105957,1
-57.2155685424805,1
-51.849308013916,1
-46.98828125,1
-44.0141639709473,1
-42.0745277404785,1
-40.015941619873,1
-38.5241775512695,1
-38.5513648986816,1
-38.9491157531738,1
-37.880989074707,1
-35.4579925537109,1
-32.5251922607422,1
-28.0639839172363,1
-21.0951385498047,1
-14.5124530792236,1
-13.0374441146851,1
-16.8222560882568,1
-20.8780460357666,1
-22.0018997192383,1
-22.3357334136963,1
-23.9078235626221,1
-23.5243339538574,1
-16.8956680297852,1
-5.53632593154907,1
4.65255260467529,1
10.9356937408447,1
16.1895084381104,1
23.6502990722656,1
32.3694114685059,1
38.9698181152344,1
41.9872436523438,1
43.2969284057617,1
45.9009971618652,1
50.5852928161621,1
54.5634765625,1
54.2981109619141,1
50.3061180114746,1
47.537769317627,1
49.3957061767578,1
53.1607208251953,1
54.0602989196777,1
52.5969009399414,1
54.0803833007812,1
60.6979522705078,1
67.7409973144531,1
69.2677536010742,1
64.8727722167969,1
58.9569396972656,1
55.2653656005859,1
54.3987693786621,1
55.678638458252,1
59.0472450256348,1
64.5342864990234,1
70.7983016967773,1
75.0837631225586,1
75.3351821899414,1
72.6901168823242,1
70.9754257202148,1
72.6374053955078,1
75.9974136352539,1
78.1320190429688,1
79.5155487060547,1
83.1016998291016,1
88.9147720336914,1
92.855712890625,1
92.1090469360352,1
88.8453598022461,1
86.5478668212891,1
85.1044464111328,1
82.357551574707,1
78.9726333618164,1
78.3706359863281,1
81.7226791381836,1
85.5246276855469,1
84.9364776611328,1
78.2390975952148,1
67.7387237548828,1
57.4922142028809,1
50.4030265808105,1
46.531909942627,1
43.8997917175293,1
41.2795600891113,1
39.5658416748047,1
39.4949951171875,1
39.1183624267578,1
35.7399559020996,1
30.2382755279541,1
26.9665145874023,1
28.477653503418,1
32.5781517028809,1
36.1826477050781,1
40.0409774780273,1
46.9180641174316,1
56.0082740783691,1
62.4805068969727,1
63.3718566894531,1
61.3318710327148,1
60.8818283081055,1
62.8702392578125,1
64.8876800537109,1
66.0044403076172,1
68.1381454467773,1
72.3191528320312,1
76.0391006469727,1
75.7917709350586,1
71.0796051025391,1
64.626594543457,1
59.3088188171387,1
55.9744682312012,1
53.8239555358887,1
51.7718124389648,1
49.3135757446289,1
46.6380233764648,1
44.0085220336914,1
41.0219879150391,1
37.0098419189453,1
32.4300765991211,1
29.0697078704834,1
28.1845760345459,1
29.0872802734375,1
30.4288177490234,1
32.2531661987305,1
35.5182685852051,1
39.7777976989746,1
42.810474395752,1
43.1132507324219,1
41.7729415893555,1
41.0685691833496,1
41.852840423584,1
43.3212547302246,1
45.1218948364258,1
48.3132171630859,1
53.4127388000488,1
58.3496131896973,1
59.9226112365723,1
57.5698318481445,1
54.284595489502,1
52.757251739502,1
51.6655616760254,1
47.5189437866211,1
39.9015579223633,1
32.8670196533203,1
30.3576679229736,1
31.7258110046387,1
32.9857521057129,1
31.4511642456055,1
27.6304988861084,1
23.1434669494629,1
18.7289237976074,1
14.8336153030396,1
12.6518793106079,1
13.2047500610352,1
15.6907596588135,1
17.7633399963379,1
17.668004989624,1
15.6830987930298,1
13.4379644393921,1
12.2964973449707,1
12.5457983016968,1
13.7656412124634,1
15.7849092483521,1
19.4184646606445,1
25.9360733032227,1
34.9982872009277,1
43.2523078918457,1
46.4504623413086,1
43.8059310913086,1
39.1511535644531,1
36.7508811950684,1
37.1440505981445,1
38.5663604736328,1
41.0016212463379,1
45.9413528442383,1
52.328498840332,1
55.9308280944824,1
54.0334930419922,1
48.5920448303223,1
43.3706855773926,1
39.842098236084,1
37.4645767211914,1
36.2020988464355,1
36.5562477111816,1
37.9887428283691,1
39.2399559020996,1
39.7840194702148,1
39.6484642028809,1
38.5860977172852,1
36.8918647766113,1
36.1893692016602,1
37.6945266723633,1
40.3142166137695,1
42.0566635131836,1
42.4812507629395,1
41.8124046325684,1
38.5923042297363,1
31.0877342224121,1
21.0372200012207,1
13.1005458831787,1
9.77028179168701,1
9.32923030853271,1
9.93777561187744,1
13.0877647399902,1
20.7899742126465,1
31.0182247161865,1
38.5789451599121,1
40.1928634643555,1
36.9865646362305,1
32.2869644165039,1
28.6267566680908,1
26.8981914520264,1
26.8848323822021,1
28.0187797546387,1
30.1444358825684,1
33.4349822998047,1
37.0711898803711,1
38.8098564147949,1
37.194263458252,1
33.7423667907715,1
31.3514537811279,1
30.7567119598389,1
30.4686584472656,1
30.2293109893799,1
31.8920707702637,1
35.6274223327637,1
37.701343536377,1
34.4965133666992,1
27.4345722198486,1
21.2569332122803,1
18.0743732452393,1
16.0482215881348,1
14.0952167510986,1
14.6142635345459,1
19.786190032959,1
27.3383350372314,1
32.3705673217773,1
32.6124267578125,1
30.0341396331787,1
27.6551723480225,1
26.4419364929199,1
25.4256496429443,1
23.4847297668457,1
20.3818950653076,1
16.5239028930664,1
12.0459299087524,1
6.2730016708374,1
-1.44780147075653,1
-10.3185625076294,1
-18.3469867706299,1
-24.3613758087158,1
-28.6620998382568,1
-31.0756416320801,1
-29.9508323669434,1
-24.6887397766113,1
-18.1468524932861,1
-14.371527671814,1
-14.2553882598877,1
-15.4149208068848,1
-16.2125587463379,1
-17.603910446167,1
-20.5080871582031,1
-23.6414089202881,1
-25.3022136688232,1
-25.7041854858398,1
-25.9861888885498,1
-25.9814567565918,1
-24.5799350738525,1
-21.6966762542725,1
-18.3416290283203,1
-14.954626083374,1
-11.020565032959,1
-6.32386493682861,1
-1.33624279499054,1
3.81118965148926,1
9.49172782897949,1
15.2075347900391,1
19.189624786377,1
20.3631324768066,1
20.0540771484375,1
20.5936698913574,1
22.4537887573242,1
23.9318790435791,1
23.7486095428467,1
22.6352214813232,1
21.7248229980469,1
20.6565647125244,1
18.6058464050293,1
16.3860111236572,1
15.7310209274292,1
16.6215038299561,1
17.2812938690186,1
17.368106842041,1
19.1388816833496,1
23.952428817749,1
29.1145973205566,1
30.3968486785889,1
27.1984024047852,1
23.0893268585205,1
21.1836853027344,1
21.1347885131836,1
21.4013538360596,1
22.318546295166,1
25.1589374542236,1
29.4246292114258,1
33.2057647705078,1
35.8951263427734,1
38.6023330688477,1
41.6932334899902,1
43.7899627685547,1
44.032844543457,1
43.8541946411133,1
45.2595481872559,1
48.1862831115723,1
50.5935974121094,1
50.3528327941895,1
46.0696258544922,1
37.3065071105957,1
25.8969287872314,1
16.2836608886719,1
12.1244554519653,1
12.4595584869385,1
13.4146203994751,1
13.749942779541,1
15.849570274353,1
20.4319839477539,1
23.8278827667236,1
23.0424289703369,1
20.6860809326172,1
21.1901683807373,1
23.8527603149414,1
24.0585269927979,1
21.061767578125,1
19.8184719085693,1
23.5553302764893,1
28.3397598266602,1
27.7326965332031,1
20.5140590667725,1
11.0857648849487,1
3.69020318984985,1
-0.995382785797119,1
-4.03443479537964,1
-5.56613254547119,1
-4.71497297286987,1
-1.20992851257324,1
3.27818059921265,1
5.46365547180176,1
3.03778123855591,1
-2.50959801673889,1
-6.76864814758301,1
-6.99552869796753,1
-4.67284250259399,1
-2.477370262146,1
-0.368282377719879,1
3.12569999694824,1
6.80234622955322,1
7.06458902359009,1
2.82005476951599,1
-2.45704698562622,1
-4.94955205917358,1
-4.96710300445557,1
-5.34820461273193,1
-6.57631969451904,1
-6.04182910919189,1
-2.54052305221558,1
0.678837954998016,1
-0.83198606967926,1
-7.08816337585449,1
-13.215386390686,1
-15.1110916137695,1
-13.9638452529907,1
-13.7438344955444,1
-15.2455987930298,1
-14.9869918823242,1
-10.4895792007446,1
-4.49989223480225,1
-2.17324161529541,1
-4.98406028747559,1
-9.38864994049072,1
-11.5012636184692,1
-11.2010097503662,1
-10.6789493560791,1
-10.3056049346924,1
-7.87536430358887,1
-2.20940113067627,1
3.91743659973145,1
5.78349208831787,1
1.59248173236847,1
-5.667555809021,1
-11.6390285491943,1
-14.9518127441406,1
-17.2219715118408,1
-19.4840564727783,1
-20.6491641998291,1
-20.2057590484619,1
-20.6814193725586,1
-25.404296875,1
-34.1293449401855,1
-42.7425880432129,1
-47.8244743347168,1
-50.0499305725098,1
-52.072696685791,1
-54.2250633239746,1
-54.094654083252,1
-50.270378112793,1
-44.7605400085449,1
-40.7355499267578,1
-38.8289108276367,1
-36.9524574279785,1
-33.496955871582,1
-29.3446636199951,1
-26.2603721618652,1
-24.4024677276611,1
-22.5145244598389,1
-20.1523551940918,1
-18.506742477417,1
-18.7901153564453,1
-20.7018871307373,1
-22.9443893432617,1
-24.5649337768555,1
-25.1726913452148,1
-24.3581066131592,1
-21.7712688446045,1
-17.7909336090088,1
-13.6332378387451,1
-10.7821168899536,1
-10.4315052032471,1
-12.9148044586182,1
-17.0161094665527,1
-20.23708152771,1
-20.6058692932129,1
-18.0732860565186,1
-13.4699583053589,1
-6.77359199523926,1
2.02460670471191,1
10.5522594451904,1
14.8285760879517,1
13.5284175872803,1
9.8717212677002,1
7.79257535934448,1
7.48854637145996,1
6.56207227706909,1
4.51045942306519,1
3.49761724472046,1
4.59823131561279,1
5.73287582397461,1
4.34607267379761,1
0.399439603090286,1
-4.5024356842041,1
-9.54968357086182,1
-14.7197885513306,1
-19.1542453765869,1
-21.2592754364014,1
-20.5290660858154,1
-18.3614673614502,1
-17.0168895721436,1
-18.1163711547852,1
-21.526460647583,1
-24.9997100830078,1
-25.66969871521,1
-22.9381275177002,1
-19.1348972320557,1
-16.0749816894531,1
-12.0089025497437,1
-4.16166210174561,1
6.276611328125,1
14.6612720489502,1
18.9223499298096,1
22.0283050537109,1
26.8772869110107,1
31.6412811279297,1
32.964412689209,1
31.6924591064453,1
31.7594966888428,1
34.1133422851562,1
35.438159942627,1
33.284725189209,1
29.1628723144531,1
25.4623794555664,1
22.2700004577637,1
19.0699310302734,1
17.2953300476074,1
18.793342590332,1
22.8982429504395,1
26.9667091369629,1
29.0773468017578,1
28.7791290283203,1
26.2538261413574,1
22.5514106750488,1
19.8663902282715,1
19.6496334075928,1
20.9330463409424,1
22.3716678619385,1
25.2523670196533,1
31.7560787200928,1
39.9977226257324,1
43.8647880554199,1
39.6513977050781,1
30.9562854766846,1
24.7216148376465,1
23.4191932678223,1
23.5810317993164,1
21.7198848724365,1
18.762601852417,1
17.3309459686279,1
16.9040222167969,1
14.3628578186035,1
8.88941383361816,1
3.76377034187317,1
2.42342972755432,1
4.56833982467651,1
7.68121147155762,1
11.1688852310181,1
16.750280380249,1
24.6869010925293,1
31.7309608459473,1
34.1575584411621,1
32.0672988891602,1
29.5341186523438,1
30.6597270965576,1
36.2915954589844,1
44.5711555480957,1
53.6516914367676,1
62.9097595214844,1
71.5712051391602,1
77.370002746582,1
77.9332427978516,1
73.5685882568359,1
67.3681488037109,1
61.7342185974121,1
55.8041038513184,1
47.5400657653809,1
37.5575180053711,1
28.9791412353516,1
23.419849395752,1
18.9798412322998,1
13.0859622955322,1
6.06081056594849,1
0.761315226554871,1
-0.711887836456299,1
0.927333176136017,1
3.12495446205139,1
4.1073522567749,1
4.74376010894775,1
7.63330078125,1
13.6347408294678,1
19.7285785675049,1
21.8993473052979,1
20.2085208892822,1
18.9421157836914,1
20.9265060424805,1
23.9515762329102,1
24.5122165679932,1
22.9400177001953,1
21.9415397644043,1
21.1800117492676,1
16.8416748046875,1
7.11275672912598,1
-4.67518711090088,1
-13.5328989028931,1
-17.4938812255859,1
-17.719841003418,1
-15.874927520752,1
-13.2070465087891,1
-11.1930360794067,1
-11.2193803787231,1
-13.6326637268066,1
-17.9911079406738,1
-23.9333667755127,1
-30.9796276092529,1
-37.8153686523438,1
-42.6669502258301,1
-44.4769401550293,1
-43.5241470336914,1
-41.3199005126953,1
-40.0316696166992,1
-41.0089874267578,1
-43.1416778564453,1
-43.485969543457,1
-40.3842430114746,1
-35.1741180419922,1
-29.7861633300781,1
-23.6068210601807,1
-14.4691467285156,1
-2.46606588363647,1
9.10521507263184,1
17.0757484436035,1
21.3333339691162,1
23.8816833496094,1
26.1707992553711,1
28.1536598205566,1
29.1656799316406,1
28.8616123199463,1
27.543342590332,1
25.8697471618652,1
23.8532447814941,1
20.2652568817139,1
14.1493911743164,1
7.21338653564453,1
3.21356320381165,1
3.81177544593811,1
6.20587968826294,1
6.55734300613403,1
5.05684471130371,1
5.33486032485962,1
8.67957878112793,1
11.4409427642822,1
9.86118984222412,1
5.64054393768311,1
3.92263555526733,1
6.18922138214111,1
8.28293132781982,1
6.6129150390625,1
3.56621766090393,1
4.14801549911499,1
8.82096195220947,1
13.1163549423218,1
14.2878160476685,1
14.7567806243896,1
17.4329166412354,1
20.6494750976562,1
20.6861305236816,1
17.7285213470459,1
15.9128952026367,1
17.5113220214844,1
20.0742206573486,1
20.3264770507812,1
18.6360549926758,1
18.0187911987305,1
20.0485057830811,1
23.4764347076416,1
26.4243049621582,1
28.4730854034424,1
30.326530456543,1
32.1460800170898,1
32.6786346435547,1
30.2649593353271,1
25.0930995941162,1
20.2708797454834,1
19.5884780883789,1
23.5760841369629,1
28.5617523193359,1
30.5718994140625,1
29.6500415802002,1
29.1576290130615,1
31.0385704040527,1
33.3409652709961,1
33.1022872924805,1
30.4775295257568,1
28.6639575958252,1
30.1496753692627,1
34.454906463623,1
39.724723815918,1
44.9684982299805,1
49.5865669250488,1
51.7634391784668,1
49.3768730163574,1
42.9169616699219,1
36.0638656616211,1
32.4283103942871,1
32.5204582214355,1
34.7227363586426,1
38.1924667358398,1
43.1691513061523,1
48.7271499633789,1
52.1949920654297,1
51.6985282897949,1
48.1966514587402,1
44.0562744140625,1
40.3512763977051,1
36.6204833984375,1
32.893310546875,1
30.7284526824951,1
31.8302726745605,1
36.0655136108398,1
41.1593627929688,1
44.4610023498535,1
45.2266159057617,1
45.0334892272949,1
45.3847885131836,1
45.1591339111328,1
41.8637084960938,1
35.8998413085938,1
31.6492614746094,1
32.4076881408691,1
35.4363441467285,1
34.7508926391602,1
28.7648887634277,1
22.3921737670898,1
20.6712970733643,1
22.90749168396,1
25.068115234375,1
26.0505638122559,1
28.6593475341797,1
34.6528625488281,1
41.4123153686523,1
44.568229675293,1
42.6574668884277,1
38.0948677062988,1
34.0371932983398,1
31.3070869445801,1
28.6882152557373,1
25.5572147369385,1
23.0223560333252,1
21.9013385772705,1
20.642915725708,1
16.8813381195068,1
10.8826627731323,1
5.60690307617188,1
2.85207962989807,1
1.20717060565948,1
-1.03836250305176,1
-2.73502588272095,1
-1.59506607055664,1
1.92671382427216,1
4.71196603775024,1
4.83537101745605,1
3.4594624042511,1
2.54197144508362,1
2.21086716651917,1
1.20324003696442,1
-0.971959888935089,1
-3.13796234130859,1
-3.64484524726868,1
-2.3461389541626,1
-1.34615433216095,1
-3.24364280700684,1
-8.31626415252686,1
-14.2321739196777,1
-19.131477355957,1
-23.8226642608643,1
-29.5833301544189,1
-34.8240242004395,1
-36.2305679321289,1
-33.381103515625,1
-30.1627635955811,1
-30.5547485351562,1
-34.1669044494629,1
-37.0489730834961,1
-36.4071502685547,1
-33.5799293518066,1
-32.1625595092773,1
-33.554012298584,1
-35.1450996398926,1
-33.872386932373,1
-31.1670513153076,1
-32.1578826904297,1
-38.8939590454102,1
-46.7209663391113,1
-49.796443939209,1
-48.2337188720703,1
-46.1855354309082,1
-44.1387557983398,1
-38.2150917053223,1
-27.9383811950684,1
-19.5086059570312,1
-18.3580551147461,1
-22.224100112915,1
-25.3401050567627,1
-26.6627216339111,1
-29.4503555297852,1
-34.2701759338379,1
-37.4531326293945,1
-36.8947257995605,1
-35.374267578125,1
-36.7625770568848,1
-41.5928382873535,1
-47.5157890319824,1
-52.0197715759277,1
-53.7654495239258,1
-53.0207786560059,1
-51.4326362609863,1
-49.7834854125977,1
-46.0751647949219,1
-38.3608360290527,1
-29.6070709228516,1
-26.1781768798828,1
-29.9532279968262,1
-35.3136787414551,1
-36.4562034606934,1
-34.6152610778809,1
-34.3995323181152,1
-35.3604888916016,1
-32.3020401000977,1
-23.7759475708008,1
-15.3466176986694,1
-12.687557220459,1
-15.0341129302979,1
-17.8599147796631,1
-19.2902679443359,1
-20.7416248321533,1
-22.7071228027344,1
-23.3810596466064,1
-21.692403793335,1
-19.1740570068359,1
-17.8505077362061,1
-17.7473793029785,1
-17.4396858215332,1
-16.1285552978516,1
-14.2361917495728,1
-12.3767690658569,1
-10.5184135437012,1
-8.24332618713379,1
-5.69134187698364,1
-4.30548667907715,1
-6.3366322517395,1
-12.8490524291992,1
-22.0424098968506,1
-30.3009662628174,1
-35.3356857299805,1
-37.6757888793945,1
-38.7064666748047,1
-38.3401718139648,1
-35.8493614196777,1
-32.2969131469727,1
-30.2505874633789,1
-30.6807289123535,1
-31.6006717681885,1
-30.6023101806641,1
-27.6896057128906,1
-24.6914577484131,1
-22.7814025878906,1
-21.7804050445557,1
-21.4236927032471,1
-22.0830593109131,1
-24.1974258422852,1
-27.6617736816406,1
-31.6390552520752,1
-34.6047706604004,1
-35.2619934082031,1
-34.085807800293,1
-33.067440032959,1
-32.9803581237793,1
-32.137508392334,1
-29.5219478607178,1
-27.8696556091309,1
-30.8366146087646,1
-37.4032402038574,1
-42.2732696533203,1
-42.5223159790039,1
-40.6608390808105,1
-39.4808044433594,1
-37.0065002441406,1
-29.6850509643555,1
-18.7957744598389,1
-10.0587863922119,1
-7.03623342514038,1
-7.76310634613037,1
-8.22517585754395,1
-6.69948625564575,1
-3.88714027404785,1
-0.829255640506744,1
1.9685275554657,1
4.33703136444092,1
6.20457744598389,1
7.02817583084106,1
5.60575675964355,1
1.72316813468933,1
-2.20006394386292,1
-3.14838814735413,1
-1.63798093795776,1
-1.47766947746277,1
-4.25644683837891,1
-6.58994960784912,1
-5.13841915130615,1
-2.27809476852417,1
-3.34711575508118,1
-9.0495662689209,1
-14.3576354980469,1
-15.4451560974121,1
-14.1012325286865,1
-13.5883369445801,1
-13.2558059692383,1
-10.258451461792,1
-4.95046138763428,1
-1.21354460716248,1
-1.43216919898987,1
-3.62127661705017,1
-4.12000799179077,1
-1.38596653938293,1
3.63733315467834,1
9.60996341705322,1
16.1190204620361,1
23.2051010131836,1
30.1806812286377,1
35.227954864502,1
36.6500854492188,1
34.8190727233887,1
32.2527465820312,1
31.0590896606445,1
30.8002758026123,1
29.689380645752,1
27.3309059143066,1
25.0650100708008,1
23.7612609863281,1
22.5081768035889,1
19.7860660552979,1
15.163480758667,1
9.61071300506592,1
4.66760063171387,1
1.35705184936523,1
-0.50383460521698,1
-1.87459480762482,1
-3.26783633232117,1
-4.59436416625977,1
-6.52614498138428,1
-10.721962928772,1
-17.4282474517822,1
-23.8049297332764,1
-26.3849563598633,1
-24.8059692382812,1
-21.4219207763672,1
-17.5729656219482,1
-12.3793392181396,1
-5.52362012863159,1
0.934723854064941,1
4.63047742843628,1
5.38271570205688,1
4.53944492340088,1
2.89015197753906,1
0.380448222160339,1
-2.65613865852356,1
-5.01583909988403,1
-5.56366729736328,1
-4.69619131088257,1
-4.98480272293091,1
-9.48390674591064,1
-18.1751403808594,1
-26.7631702423096,1
-30.9193801879883,1
-31.4498157501221,1
-32.7958526611328,1
-36.2235984802246,1
-37.818115234375,1
-34.8946228027344,1
-31.1866683959961,1
-32.3796615600586,1
-38.3848609924316,1
-43.9077224731445,1
-46.0480575561523,1
-47.2952651977539,1
-50.2759857177734,1
-53.3246574401855,1
-53.5671577453613,1
-52.0597343444824,1
-53.0130348205566,1
-58.4990501403809,1
-65.9714813232422,1
-71.1456604003906,1
-72.0847015380859,1
-70.1040802001953,1
-67.2835388183594,1
-63.7046966552734,1
-57.7369728088379,1
-49.2889823913574,1
-41.5786247253418,1
-37.9927520751953,1
-37.7430229187012,1
-37.0392723083496,1
-34.7231369018555,1
-33.6479415893555,1
-35.057861328125,1
-34.922550201416,1
-29.2184104919434,1
-20.9194316864014,1
-17.5130348205566,1
-21.6845989227295,1
-28.282829284668,1
-31.4052028656006,1
-30.9981231689453,1
-30.5033931732178,1
-30.8276691436768,1
-29.791036605835,1
-26.5011310577393,1
-23.3725090026855,1
-23.4703731536865,1
-27.563684463501,1
-34.173957824707,1
-41.2004852294922,1
-46.868839263916,1
-49.9531135559082,1
-50.0229034423828,1
-47.7052001953125,1
-44.6698265075684,1
-43.1672439575195,1
-44.9247665405273,1
-49.8172073364258,1
-55.6778869628906,1
-59.9820861816406,1
-61.962474822998,1
-62.8654479980469,1
-64.0180053710938,1
-64.9126892089844,1
-63.6389579772949,1
-59.4172859191895,1
-54.3343200683594,1
-51.8051414489746,1
-53.0982704162598,1
-56.1255187988281,1
-58.1382179260254,1
-58.6159019470215,1
-58.3249626159668,1
-56.4954643249512,1
-51.2841644287109,1
-43.3868637084961,1
-36.8280067443848,1
-34.595458984375,1
-34.9795265197754,1
-34.0718688964844,1
-30.8526992797852,1
-27.5875701904297,1
-25.6041965484619,1
-23.290355682373,1
-19.1364517211914,1
-14.7976856231689,1
-13.5007467269897,1
-16.148021697998,1
-20.3181400299072,1
-22.9883670806885,1
-23.3563385009766,1
-22.8187141418457,1
-22.7243041992188,1
-22.775505065918,1
-22.0983982086182,1
-21.6245880126953,1
-24.0404815673828,1
-30.2952880859375,1
-37.177864074707,1
-40.31103515625,1
-39.3877029418945,1
-38.2828941345215,1
-39.4366073608398,1
-40.3762741088867,1
-37.3590965270996,1
-30.8914413452148,1
-25.5564441680908,1
-24.85791015625,1
-27.8886165618896,1
-31.019193649292,1
-31.5738086700439,1
-29.6154193878174,1
-26.9413871765137,1
-24.7592258453369,1
-22.4862060546875,1
-19.2154006958008,1
-15.9990272521973,1
-15.2089557647705,1
-17.1623477935791,1
-19.0473327636719,1
-18.4315700531006,1
-16.4639072418213,1
-15.958776473999,1
-17.3631896972656,1
-18.5717449188232,1
-18.12428855896,1
-16.5108470916748,1
-14.4290952682495,1
-11.742091178894,1
-8.5298433303833,1
-5.57526063919067,1
-3.2382915019989,1
-0.950596749782562,1
1.7826167345047,1
4.68662691116333,1
7.00757122039795,1
7.61805248260498,1
5.19409656524658,1
-0.381711602210999,1
-6.99009275436401,1
-12.1014633178711,1
-15.4745149612427,1
-18.4402313232422,1
-20.8239727020264,1
-20.9320583343506,1
-18.9328765869141,1
-17.5943698883057,1
-18.4054279327393,1
-19.3118438720703,1
-18.1598663330078,1
-16.4250583648682,1
-17.0455875396729,1
-19.6929206848145,1
-20.8007144927979,1
-18.0194873809814,1
-12.5346908569336,1
-7.04534578323364,1
-3.32478165626526,1
-1.76403844356537,1
-1.39310348033905,1
0.00504311546683311,1
4.1646032333374,1
10.2687892913818,1
15.8838291168213,1
19.9496059417725,1
23.1067752838135,1
25.0182228088379,1
23.8950290679932,1
19.7872180938721,1
15.9652290344238,1
14.982382774353,1
14.9975519180298,1
12.4499788284302,1
7.46367025375366,1
3.90920281410217,1
4.10799026489258,1
5.94144105911255,1
5.94520854949951,1
3.28912401199341,1
-0.531734049320221,1
-4.52032566070557,1
-8.97845935821533,1
-13.8379716873169,1
-17.6201591491699,1
-18.6725082397461,1
-17.1302127838135,1
-15.1748781204224,1
-15.0206060409546,1
-16.7395458221436,1
-18.6549701690674,1
-19.9065189361572,1
-21.3812255859375,1
-23.2674770355225,1
-23.2305965423584,1
-19.2944869995117,1
-14.0073089599609,1
-12.845892906189,1
-17.5744152069092,1
-23.5800094604492,1
-25.3900985717773,1
-22.9248600006104,1
-20.2247257232666,1
-19.4942226409912,1
-19.1685390472412,1
-17.4292736053467,1
-14.8130970001221,1
-12.6444520950317,1
-10.9827013015747,1
-9.30408000946045,1
-7.91706466674805,1
-7.51414442062378,1
-7.997971534729,1
-8.63982486724854,1
-9.0217399597168,1
-9.25219917297363,1
-9.52437019348145,1
-9.74028778076172,1
-9.29340553283691,1
-7.3344874382019,1
-3.98019504547119,1
-1.2130047082901,1
-1.41208112239838,1
-4.45145177841187,1
-7.25614643096924,1
-7.15496683120728,1
-5.11179065704346,1
-4.70326662063599,1
-8.12809562683105,1
-14.0776605606079,1
-19.6257305145264,1
-23.4997329711914,1
-26.9044246673584,1
-31.1591815948486,1
-35.2204208374023,1
-36.5763473510742,1
-34.8541984558105,1
-33.2373886108398,1
-34.8847007751465,1
-38.6201705932617,1
-40.1483688354492,1
-37.5962753295898,1
-33.592945098877,1
-30.9154510498047,1
-28.2940006256104,1
-22.6350021362305,1
-14.175404548645,1
-6.92620325088501,1
-3.96857070922852,1
-4.16152381896973,1
-3.97227144241333,1
-1.35938918590546,1
2.57943916320801,1
4.99340152740479,1
4.0372257232666,1
0.731292843818665,1
-2.11665368080139,1
-3.30550312995911,1
-4.72835969924927,1
-8.37266635894775,1
-12.8534860610962,1
-14.95787525177,1
-14.1293468475342,1
-12.8011875152588,1
-12.0582456588745,1
-10.0598850250244,1
-6.20647954940796,1
-3.91814541816711,1
-6.43900632858276,1
-11.6680364608765,1
-14.4893665313721,1
-13.5708045959473,1
-12.4648189544678,1
-13.7127618789673,1
-15.3234968185425,1
-14.7342653274536,1
-13.5758581161499,1
-15.7967386245728,1
-22.1345882415771,1
-28.9723892211914,1
-32.701057434082,1
-33.2948989868164,1
-32.9136734008789,1
-32.2410354614258,1
-29.4503650665283,1
-22.8870372772217,1
-14.163106918335,1
-7.72483491897583,1
-6.6383228302002,1
-9.08788394927979,1
-10.1757335662842,1
-7.36683654785156,1
-2.69061160087585,1
1.27902293205261,1
5.84623289108276,1
14.2493009567261,1
25.7957077026367,1
34.7625694274902,1
36.4122352600098,1
32.3630599975586,1
28.2296009063721,1
26.8787708282471,1
26.1138076782227,1
23.0445137023926,1
18.57546043396,1
16.1525478363037,1
17.090633392334,1
18.9109745025635,1
18.4081611633301,1
14.9909868240356,1
10.3899955749512,1
6.20664072036743,1
2.98645520210266,1
1.22352921962738,1
1.71213257312775,1
4.30882740020752,1
7.18833637237549,1
8.16069412231445,1
6.66941928863525,1
4.23167896270752,1
3.02858114242554,1
4.06657934188843,1
6.34625577926636,1
7.71618175506592,1
6.88254165649414,1
4.63476896286011,1
2.74903869628906,1
1.87199354171753,1
1.19285404682159,1
0.0107982102781534,1
-1.60840129852295,1
-3.93284225463867,1
-7.67797946929932,1
-12.02428150177,1
-14.068943977356,1
-12.0751886367798,1
-8.378737449646,1
-6.94931840896606,1
-8.38895225524902,1
-9.59081363677979,1
-8.48515033721924,1
-6.60766744613647,1
-5.98613166809082,1
-5.84997320175171,1
-4.34669637680054,1
-1.95703089237213,1
-0.898238241672516,1
-1.73246788978577,1
-2.60010409355164,1
-1.80705285072327,1
0.314554005861282,1
2.15340638160706,1
2.28831744194031,1
0.391863912343979,1
-2.25926947593689,1
-3.57924246788025,1
-3.20800161361694,1
-3.67673897743225,1
-7.41269540786743,1
-13.0961656570435,1
-17.1583080291748,1
-18.8198051452637,1
-21.052360534668,1
-25.7636394500732,1
-30.5454692840576,1
-31.917516708374,1
-30.0597324371338,1
-28.2756900787354,1
-28.633451461792,1
-29.9960060119629,1
-30.1261100769043,1
-28.3495464324951,1
-25.9919719696045,1
-24.769832611084,1
-24.6226177215576,1
-23.1717147827148,1
-18.3524169921875,1
-11.7496776580811,1
-7.55266427993774,1
-7.24120235443115,1
-7.26488447189331,1
-3.80567789077759,1
1.96311497688293,1
6.10081195831299,1
8.12327194213867,1
11.2548637390137,1
16.236385345459,1
18.8205471038818,1
15.4893264770508,1
8.84987449645996,1
4.47633695602417,1
4.0160870552063,1
4.53868627548218,1
4.02096176147461,1
4.05173492431641,1
6.32226848602295,1
9.23063659667969,1
9.84598159790039,1
7.83562803268433,1
5.6808876991272,1
5.58496904373169,1
7.48967361450195,1
9.85708904266357,1
11.3835096359253,1
12.0109272003174,1
12.793384552002,1
14.5063381195068,1
16.1962299346924,1
16.0024280548096,1
13.9166889190674,1
12.4612464904785,1
13.5400457382202,1
15.8669300079346,1
17.1338500976562,1
17.6186084747314,1
19.3399066925049,1
22.1063938140869,1
23.085470199585,1
20.8175487518311,1
17.3771381378174,1
15.5379323959351,1
15.6077919006348,1
16.2602844238281,1
16.955904006958,1
17.9815673828125,1
18.9021511077881,1
18.3605670928955,1
15.3482265472412,1
10.3030395507812,1
5.41894626617432,1
3.81183934211731,1
7.17294073104858,1
13.8535995483398,1
20.3231830596924,1
24.6411819458008,1
27.0530128479004,1
27.253059387207,1
23.6924629211426,1
16.7293720245361,1
9.76410579681396,1
4.93500423431396,1
-0.236771360039711,1
-8.85776615142822,1
-18.5868320465088,1
-23.2189712524414,1
-20.5309295654297,1
-15.2987365722656,1
-13.3457412719727,1
-15.0858850479126,1
-16.6188011169434,1
-15.4835586547852,1
-13.377459526062,1
-13.811918258667,1
-18.3879833221436,1
-25.1177921295166,1
-29.8969764709473,1
-30.3669834136963,1
-28.7301025390625,1
-29.5079078674316,1
-33.7760391235352,1
-37.2157554626465,1
-35.3693237304688,1
-29.3734683990479,1
-24.221435546875,1
-22.2167568206787,1
-21.0266304016113,1
-18.3513832092285,1
-15.420051574707,1
-14.3194026947021,1
-14.2061901092529,1
-12.6218452453613,1
-9.50175380706787,1
-7.34364938735962,1
-7.27565145492554,1
-6.9896388053894,1
-3.61375832557678,1
2.30837202072144,1
6.88324069976807,1
7.0345287322998,1
3.9546172618866,1
1.66389799118042,1
2.12230181694031,1
2.96386337280273,1
1.14749264717102,1
-2.30456733703613,1
-3.63142681121826,1
-2.343266248703,1
-2.83220458030701,1
-8.37475299835205,1
-16.0646820068359,1
-20.4147663116455,1
-20.4240322113037,1
-19.8616008758545,1
-21.1508922576904,1
-22.4942512512207,1
-21.7936191558838,1
-20.4274463653564,1
-21.3748741149902,1
-25.3080253601074,1
-30.1672782897949,1
-33.582893371582,1
-34.4068069458008,1
-32.5128135681152,1
-28.1648616790771,1
-21.4921321868896,1
-12.5804834365845,1
-2.81980061531067,1
4.28259229660034,1
5.62918949127197,1
2.43716669082642,1
-0.353894412517548,1
0.385255396366119,1
2.98489665985107,1
4.82630157470703,1
6.65439891815186,1
10.2428312301636,1
13.5478067398071,1
12.2356863021851,1
6.18329191207886,1
0.848650813102722,1
0.87554395198822,1
5.09013605117798,1
9.50546932220459,1
12.877272605896,1
16.8395385742188,1
21.8982353210449,1
25.8849582672119,1
26.2777462005615,1
22.4833183288574,1
15.9913835525513,1
9.45556926727295,1
5.29355621337891,1
4.13075017929077,1
4.95504474639893,1
7.35743951797485,1
12.2755117416382,1
19.179744720459,1
24.212366104126,1
23.827205657959,1
19.677303314209,1
17.0839004516602,1
18.6826362609863,1
22.454963684082,1
26.3588027954102,1
31.3964653015137,1
38.320426940918,1
44.2137641906738,1
45.2284812927246,1
41.3745269775391,1
36.1914482116699,1
32.5835990905762,1
31.1544570922852,1
31.87522315979,1
34.9038200378418,1
39.6132202148438,1
44.6024551391602,1
48.9114761352539,1
52.0119018554688,1
52.8853912353516,1
50.7504768371582,1
46.8200607299805,1
43.9099502563477,1
43.9876937866211,1
46.9934692382812,1
51.7451934814453,1
56.5659370422363,1
59.1708106994629,1
57.7695274353027,1
52.9072608947754,1
47.0372428894043,1
41.881534576416,1
37.3350067138672,1
33.2066383361816,1
30.606725692749,1
30.864408493042,1
33.9871864318848,1
38.697925567627,1
43.2274017333984,1
45.9741287231445,1
46.5726432800293,1
46.6116371154785,1
48.1089096069336,1
51.0312271118164,1
53.644889831543,1
55.3504447937012,1
57.0838851928711,1
58.2820854187012,1
56.0275573730469,1
49.1245384216309,1
41.1650924682617,1
37.0962104797363,1
37.7359657287598,1
40.0244102478027,1
42.0082931518555,1
44.9290542602539,1
50.2192077636719,1
56.8050575256348,1
62.2905426025391,1
65.3191909790039,1
65.9630279541016,1
64.8893356323242,1
62.9383201599121,1
60.8692054748535,1
58.9410743713379,1
56.9518280029297,1
54.6450614929199,1
51.7878837585449,1
48.3871879577637,1
45.4850158691406,1
44.8864479064941,1
46.7876167297363,1
48.3564491271973,1
46.5388488769531,1
42.1964263916016,1
39.5382194519043,1
41.0550270080566,1
44.8258857727051,1
47.6142272949219,1
48.9790077209473,1
51.0404319763184,1
55.2208709716797,1
60.6127738952637,1
65.2825546264648,1
68.2734298706055,1
70.2510452270508,1
72.3988342285156,1
74.6481857299805,1
75.4376220703125,1
73.8554229736328,1
71.3334503173828,1
69.7922286987305,1
68.5686264038086,1
65.3654632568359,1
60.5185508728027,1
57.7030181884766,1
58.9396324157715,1
61.101692199707,1
59.7082214355469,1
54.8382987976074,1
50.6116561889648,1
49.2954063415527,1
48.7021331787109,1
45.9679222106934,1
41.569580078125,1
38.1802597045898,1
36.8082618713379,1
35.53955078125,1
31.7898559570312,1
24.9473438262939,1
16.8957977294922,1
10.4083442687988,1
7.04283905029297,1
6.54763889312744,1
8.27850914001465,1
12.4651517868042,1
19.1499366760254,1
26.4036521911621,1
31.365161895752,1
33.5360832214355,1
35.4429244995117,1
39.0761756896973,1
43.2689666748047,1
46.2281112670898,1
49.1949806213379,1
54.8051147460938,1
62.0019950866699,1
65.6259689331055,1
62.3780136108398,1
55.0590934753418,1
49.1266860961914,1
46.6148223876953,1
45.5982894897461,1
44.599048614502,1
44.7198295593262,1
47.0398941040039,1
50.0491790771484,1
50.8191871643066,1
47.8232955932617,1
42.071216583252,1
36.2692031860352,1
33.1371955871582,1
33.5972290039062,1
36.2084884643555,1
39.0328063964844,1
41.908821105957,1
45.6768417358398,1
49.3062934875488,1
49.8372573852539,1
46.0849151611328,1
40.6937141418457,1
37.1244201660156,1
35.9171562194824,1
35.550952911377,1
35.8611831665039,1
38.3086128234863,1
42.8940200805664,1
46.8027610778809,1
47.0034980773926,1
43.3882522583008,1
38.7818374633789,1
36.1310234069824,1
35.7816200256348,1
35.4313545227051,1
33.0974655151367,1
30.0639801025391,1
29.6921367645264,1
32.7083206176758,1
35.3034133911133,1
33.6534156799316,1
29.1778755187988,1
26.8171806335449,1
28.3690414428711,1
30.3101081848145,1
28.9280376434326,1
24.9675159454346,1
21.527172088623,1
19.4747829437256,1
17.4504661560059,1
15.2484502792358,1
14.1818790435791,1
13.8905830383301,1
11.5742874145508,1
5.88456869125366,1
-0.251576513051987,1
-2.80888676643372,1
-1.93148279190063,1
-1.85160434246063,1
-5.43769454956055,1
-10.9610776901245,1
-15.2485036849976,1
-18.0277271270752,1
-20.938648223877,1
-23.2372093200684,1
-21.4836730957031,1
-14.3398151397705,1
-5.47485017776489,1
0.0222784653306007,1
1.07283079624176,1
0.858306467533112,1
2.21583461761475,1
4.48173904418945,1
5.18665361404419,1
3.70163631439209,1
2.3650951385498,1
4.04944705963135,1
8.8982048034668,1
13.8747053146362,1
15.9651041030884,1
15.4152183532715,1
14.7110815048218,1
14.5427589416504,1
12.7191753387451,1
8.0054759979248,1
3.11892533302307,1
1.85090279579163,1
4.13060235977173,1
6.11373376846313,1
4.93100261688232,1
1.39642810821533,1
-2.02848172187805,1
-3.98253273963928,1
-4.35408401489258,1
-3.31384682655334,1
-1.19778871536255,1
1.36838066577911,1
3.67752885818481,1
4.79094362258911,1
3.51538324356079,1
-0.27193009853363,1
-4.43616676330566,1
-6.23426532745361,1
-5.31908702850342,1
-3.65098667144775,1
-2.35021591186523,1
-0.574685633182526,1
1.90452325344086,1
3.18999862670898,1
1.83043968677521,1
-0.582251906394958,1
-1.13582253456116,1
0.930130362510681,1
4.08528423309326,1
7.31878566741943,1
11.4066781997681,1
17.1158714294434,1
23.1620826721191,1
26.5926361083984,1
25.3835182189941,1
20.8718032836914,1
17.1800441741943,1
17.2040100097656,1
19.3265819549561,1
19.577169418335,1
17.0610275268555,1
14.9682397842407,1
15.2523441314697,1
14.9660911560059,1
10.3707685470581,1
2.89117431640625,1
-2.37386417388916,1
-3.52350425720215,1
-3.68197226524353,1
-5.31353044509888,1
-6.17725563049316,1
-3.13529992103577,1
2.32657790184021,1
5.37442302703857,1
3.88000535964966,1
0.504580736160278,1
-1.46747934818268,1
-2.06059885025024,1
-3.37688565254211,1
-6.10744571685791,1
-8.8221378326416,1
-10.0721549987793,1
-9.89704513549805,1
-9.4000186920166,1
-9.68853664398193,1
-11.0501594543457,1
-12.4713582992554,1
-12.3036394119263,1
-10.1531677246094,1
-7.58753490447998,1
-6.00458574295044,1
-4.61237144470215,1
-2.2165379524231,1
-0.368232280015945,1
-2.08424735069275,1
-6.99548101425171,1
-10.5247249603271,1
-9.30949401855469,1
-5.07062530517578,1
-1.1696902513504,1
2.40657138824463,1
7.78723669052124,1
14.4849557876587,1
19.3719921112061,1
21.1183948516846,1
21.6273746490479,1
22.7728633880615,1
24.3880996704102,1
26.0840663909912,1
28.634786605835,1
32.6404037475586,1
37.7272186279297,1
43.7288970947266,1
50.6751441955566,1
57.011043548584,1
60.1797561645508,1
60.0467910766602,1
59.4264678955078,1
59.787971496582,1
58.8071098327637,1
54.1790962219238,1
47.6156692504883,1
42.2346153259277,1
37.5596923828125,1
30.5266036987305,1
20.9205837249756,1
12.293604850769,1
6.92080926895142,1
3.02289175987244,1
-1.53687345981598,1
-5.41527843475342,1
-5.99603986740112,1
-3.95517563819885,1
-3.01906037330627,1
-5.40206003189087,1
-9.56257247924805,1
-12.7663507461548,1
-14.0498380661011,1
-13.8100090026855,1
-11.985933303833,1
-8.29555892944336,1
-3.88216018676758,1
-1.24083399772644,1
-2.05099177360535,1
-5.66504669189453,1
-9.83427333831787,1
-12.3446846008301,1
-12.0288286209106,1
-9.13591194152832,1
-5.04771518707275,1
-0.920533835887909,1
3.5257580280304,1
8.88134860992432,1
13.6590852737427,1
14.8920879364014,1
12.2455949783325,1
9.77473831176758,1
11.5160007476807,1
16.4198780059814,1
20.0868549346924,1
20.8263111114502,1
20.9055156707764,1
21.5596294403076,1
20.2423858642578,1
14.661904335022,1
7.00213956832886,1
1.5461630821228,1
-0.609017312526703,1
-2.05082607269287,1
-4.79374837875366,1
-7.57749176025391,1
-7.52786779403687,1
-3.30504584312439,1
3.38855075836182,1
8.82096195220947,1
10.3513412475586,1
9.1631555557251,1
8.87832927703857,1
10.7803964614868,1
12.111367225647,1
10.4523620605469,1
7.68097114562988,1
6.99947738647461,1
7.63189220428467,1
5.9539270401001,1
1.30022644996643,1
-3.16480278968811,1
-5.78928279876709,1
-8.81314849853516,1
-13.8550510406494,1
-18.3674449920654,1
-19.1636047363281,1
-17.2540702819824,1
-16.376823425293,1
-18.0028247833252,1
-20.4411373138428,1
-22.2196063995361,1
-23.7970771789551,1
-25.8363456726074,1
-27.813512802124,1
-28.9042148590088,1
-29.0345516204834,1
-28.6723003387451,1
-28.3262977600098,1
-28.2059020996094,1
-27.6566352844238,1
-25.3714294433594,1
-21.2629222869873,1
-17.6208610534668,1
-16.707145690918,1
-17.2340869903564,1
-15.3759689331055,1
-10.2157182693481,1
-6.15248918533325,1
-7.81182670593262,1
-13.6780567169189,1
-17.5142383575439,1
-16.2224636077881,1
-13.4068603515625,1
-13.6431322097778,1
-15.7946729660034,1
-15.1640729904175,1
-11.1601858139038,1
-8.81090545654297,1
-11.7358112335205,1
-17.2572059631348,1
-21.0111885070801,1
-23.6717739105225,1
-29.217601776123,1
-37.5995063781738,1
-43.5906372070312,1
-44.0388259887695,1
-42.7583847045898,1
-45.8327407836914,1
-54.0864486694336,1
-62.7815971374512,1
-67.8003540039062,1
-69.6446533203125,1
-71.3112869262695,1
-74.1728668212891,1
-76.7085342407227,1
-76.506103515625,1
-73.1658706665039,1
-69.4293060302734,1
-68.8379516601562,1
-71.5508041381836,1
-73.3661346435547,1
-70.3150177001953,1
-63.5534858703613,1
-57.726734161377,1
-54.807861328125,1
-52.2788391113281,1
-48.1346397399902,1
-44.6730422973633,1
-45.0200347900391,1
-47.9775238037109,1
-49.3944892883301,1
-47.6763954162598,1
-44.6957702636719,1
-41.4646263122559,1
-36.5468215942383,1
-29.9118328094482,1
-25.140604019165,1
-25.4589576721191,1
-29.5614986419678,1
-33.770336151123,1
-36.956729888916,1
-40.7865371704102,1
-45.8787307739258,1
-50.3864898681641,1
-52.5065116882324,1
-52.4121170043945,1
-51.5593032836914,1
-51.7840995788574,1
-54.9799652099609,1
-61.5367965698242,1
-68.720588684082,1
-72.7018508911133,1
-72.9717483520508,1
-72.8630142211914,1
-74.8565292358398,1
-77.5715179443359,1
-78.9605941772461,1
-80.3517456054688,1
-84.6646499633789,1
-91.6512298583984,1
-97.796875,1
-100.983894348145,1
-102.68376159668,1
-104.786605834961,1
-106.47932434082,1
-105.798484802246,1
-102.98713684082,1
-100.615684509277,1
-100.707893371582,1
-102.919937133789,1
-105.496810913086,1
-107.105293273926,1
-107.43327331543,1
-106.429161071777,1
-103.463180541992,1
-97.7197875976562,1
-89.6907501220703,1
-81.7534027099609,1
-76.3755798339844,1
-73.8497543334961,1
-72.7158966064453,1
-72.2372665405273,1
-72.9754638671875,1
-74.5786895751953,1
-74.757080078125,1
-71.7048873901367,1
-66.4629821777344,1
-61.6630821228027,1
-58.8155937194824,1
-57.9656791687012,1
-58.8891525268555,1
-60.9402389526367,1
-62.4762153625488,1
-62.3019752502441,1
-61.3448295593262,1
-61.2790145874023,1
-62.0700149536133,1
-62.8709945678711,1
-64.7257843017578,1
-69.5207366943359,1
-75.9956970214844,1
-79.9020004272461,1
-79.4361801147461,1
-77.8073272705078,1
-78.4599990844727,1
-80.1115341186523,1
-79.2341156005859,1
-75.811637878418,1
-73.3272018432617,1
-73.5295486450195,1
-74.4931488037109,1
-74.4164733886719,1
-74.4261703491211,1
-76.108772277832,1
-78.3506088256836,1
-78.7132797241211,1
-77.0486373901367,1
-75.8910522460938,1
-77.3340606689453,1
-80.7627563476562,1
-83.8834991455078,1
-85.2557601928711,1
-85.5257415771484,1
-86.3686828613281,1
-88.2342681884766,1
-89.3207092285156,1
-87.4313430786133,1
-82.9196853637695,1
-78.7459564208984,1
-77.0600357055664,1
-76.8899154663086,1
-76.2519378662109,1
-75.2988586425781,1
-75.4584808349609,1
-76.1147537231445,1
-74.7012405395508,1
-70.6065216064453,1
-66.6838684082031,1
-65.5053405761719,1
-65.7426147460938,1
-63.9802932739258,1
-59.0873718261719,1
-52.9045486450195,1
-47.0260353088379,1
-40.8622398376465,1
-33.3668174743652,1
-25.3675384521484,1
-19.2982635498047,1
-16.968111038208,1
-17.9686985015869,1
-20.0982933044434,1
-21.2026653289795,1
-20.6732158660889,1
-19.2182025909424,1
-17.5576362609863,1
-16.0692462921143,1
-15.6925611495972,1
-17.9558429718018,1
-23.2122631072998,1
-29.5334815979004,1
-34.3821907043457,1
-37.1057205200195,1
-38.9542541503906,1
-40.9660568237305,1
-42.9003982543945,1
-44.3371620178223,1
-45.8384246826172,1
-48.3765144348145,1
-51.8614463806152,1
-54.7703971862793,1
-55.6218910217285,1
-54.8312149047852,1
-54.4756889343262,1
-55.581958770752,1
-56.2410202026367,1
-53.7171325683594,1
-48.248161315918,1
-43.0441207885742,1
-40.1698417663574,1
-38.3939743041992,1
-36.1297912597656,1
-34.4747200012207,1
-35.3973999023438,1
-38.3168830871582,1
-40.8309669494629,1
-42.170711517334,1
-43.6395263671875,1
-45.8369369506836,1
-47.6559448242188,1
-48.273006439209,1
-48.2415046691895,1
-48.2134780883789,1
-48.2144241333008,1
-48.5572967529297,1
-49.8523063659668,1
-51.6357002258301,1
-52.602222442627,1
-52.846076965332,1
-54.3018341064453,1
-58.0615768432617,1
-62.6273307800293,1
-65.8653869628906,1
-67.4691390991211,1
-68.2263488769531,1
-67.844108581543,1
-65.1611022949219,1
-60.3696479797363,1
-55.7266159057617,1
-53.645580291748,1
-54.5843048095703,1
-57.0073699951172,1
-59.1168556213379,1
-60.3115997314453,1
-60.8206787109375,1
-60.2565307617188,1
-57.5949630737305,1
-53.2854766845703,1
-50.3839073181152,1
-51.9510955810547,1
-57.4572372436523,1
-63.3723449707031,1
-67.492057800293,1
-70.8363037109375,1
-74.5241546630859,1
-76.8193283081055,1
-75.3105697631836,1
-71.1163482666016,1
-68.5748519897461,1
-70.3129425048828,1
-74.2303314208984,1
-76.3489303588867,1
-75.6959838867188,1
-74.9890823364258,1
-76.5463104248047,1
-78.9871673583984,1
-79.1990966796875,1
-77.0575790405273,1
-76.3979263305664,1
-80.3927459716797,1
-87.1580505371094,1
-91.5495223999023,1
-90.9342193603516,1
-87.419563293457,1
-84.1297912597656,1
-81.2549362182617,1
-77.1758651733398,1
-72.2028045654297,1
-68.9639892578125,1
-68.8360977172852,1
-69.6665344238281,1
-68.1217956542969,1
-63.5436058044434,1
-58.2878761291504,1
-54.3569831848145,1
-50.9042510986328,1
-45.7218742370605,1
-38.4339981079102,1
-31.0729503631592,1
-25.5195846557617,1
-21.4883785247803,1
-17.5787334442139,1
-13.3909559249878,1
-9.5144681930542,1
-5.83210039138794,1
-1.2815500497818,1
4.17754983901978,1
8.39020442962646,1
8.88951396942139,1
5.76668167114258,1
1.78307843208313,1
-0.54666805267334,1
-1.27805328369141,1
-2.03337240219116,1
-3.26754641532898,1
-3.4203052520752,1
-0.902277529239655,1
3.73519277572632,1
8.09032821655273,1
10.1682367324829,1
10.0140285491943,1
9.24231243133545,1
9.37696266174316,1
10.802152633667,1
13.0455617904663,1
15.5870065689087,1
18.0070400238037,1
19.4493103027344,1
18.6860828399658,1
15.4874467849731,1
11.7647199630737,1
10.397045135498,1
12.4996099472046,1
16.5063934326172,1
20.3981189727783,1
23.9856662750244,1
27.9950180053711,1
31.5078563690186,1
31.9646282196045,1
28.2126636505127,1
22.4707660675049,1
18.4501800537109,1
18.0485134124756,1
20.5410060882568,1
24.4950790405273,1
29.3966522216797,1
35.1166038513184,1
40.4617500305176,1
43.1234550476074,1
41.5747947692871,1
36.9315490722656,1
32.2338256835938,1
29.3771839141846,1
27.376895904541,1
24.5873508453369,1
21.8769054412842,1
21.5399761199951,1
22.8599662780762,1
21.4661502838135,1
15.0366506576538,1
7.64731550216675,1
5.4019718170166,1
8.50630950927734,1
11.1415538787842,1
9.61903762817383,1
6.98746395111084,1
7.52812480926514,1
9.69842720031738,1
8.0658540725708,1
1.0452481508255,1
-6.93491983413696,1
-11.2638673782349,1
-12.0423202514648,1
-11.8912649154663,1
-11.3349266052246,1
-8.64972877502441,1
-3.31443953514099,1
2.62170195579529,1
6.80821466445923,1
8.7876033782959,1
9.46500396728516,1
9.49516773223877,1
9.06402492523193,1
8.71592807769775,1
9.27670192718506,1
10.6320562362671,1
11.1818361282349,1
9.13937473297119,1
4.44490909576416,1
-0.881992936134338,1
-4.4891619682312,1
-5.82222509384155,1
-6.41872835159302,1
-7.90629148483276,1
-9.82451057434082,1
-10.1175165176392,1
-8.24958896636963,1
-6.95166254043579,1
-9.40181446075439,1
-14.8478879928589,1
-18.9430980682373,1
-19.0787601470947,1
-17.3600063323975,1
-16.7593536376953,1
-16.2441749572754,1
-12.5218906402588,1
-5.90297555923462,1
-1.24843943119049,1
-2.29227805137634,1
-7.2576379776001,1
-11.2521085739136,1
-11.5270929336548,1
-9.3817081451416,1
-7.98910093307495,1
-9.16662979125977,1
-11.5857543945312,1
-12.0080671310425,1
-9.17717170715332,1
-5.96795415878296,1
-5.86430644989014,1
-7.80823135375977,1
-7.4280743598938,1
-3.65723848342896,1
-0.562366485595703,1
-1.0417343378067,1
-2.26498961448669,1
-0.244255766272545,1
3.91739916801453,1
6.10298633575439,1
5.6490797996521,1
5.49169540405273,1
6.53388166427612,1
6.20021820068359,1
3.24678468704224,1
0.318500548601151,1
0.214714512228966,1
2.26985192298889,1
4.00099325180054,1
4.30599784851074,1
3.61258125305176,1
2.67681360244751,1
2.71711587905884,1
5.17951917648315,1
9.85938739776611,1
14.623101234436,1
18.4497394561768,1
23.1289329528809,1
29.7804927825928,1
35.0291786193848,1
33.8594779968262,1
26.4666347503662,1
19.228572845459,1
17.4666919708252,1
19.643123626709,1
20.9213027954102,1
20.5264587402344,1
22.0268726348877,1
26.5685768127441,1
29.7818260192871,1
27.3138580322266,1
20.7278614044189,1
15.2184257507324,1
13.1329040527344,1
12.7118844985962,1
12.2613124847412,1
12.2051181793213,1
12.9469757080078,1
13.8572673797607,1
15.1398067474365,1
17.9608497619629,1
21.685733795166,1
23.5356483459473,1
22.3554000854492,1
20.5055408477783,1
20.6044273376465,1
22.5020523071289,1
24.8974895477295,1
27.6319618225098,1
30.5240058898926,1
32.1404762268066,1
31.9369850158691,1
31.6755104064941,1
32.4556579589844,1
32.4633445739746,1
30.4677066802979,1
29.4177799224854,1
32.7373733520508,1
38.2915077209473,1
40.3727722167969,1
37.6571884155273,1
35.0065155029297,1
36.3575973510742,1
39.525318145752,1
40.0554161071777,1
37.5652084350586,1
35.7648277282715,1
37.425163269043,1
41.3591995239258,1
44.1372451782227,1
43.7036819458008,1
41.199348449707,1
39.2683639526367,1
38.4768562316895,1
36.3818130493164,1
31.2698459625244,1
25.6233940124512,1
23.5161762237549,1
24.9242324829102,1
25.3804931640625,1
21.824728012085,1
16.2105102539062,1
12.1476459503174,1
10.2835340499878,1
8.8444242477417,1
7.18233489990234,1
6.65569543838501,1
8.46291160583496,1
12.1132030487061,1
16.0621471405029,1
19.1557197570801,1
21.488748550415,1
23.9068641662598,1
26.2884502410889,1
26.8320446014404,1
24.3098373413086,1
20.6228065490723,1
18.9855480194092,1
19.1813926696777,1
17.0594596862793,1
10.1880664825439,1
2.00883412361145,1
-1.78478062152863,1
0.162503123283386,1
4.19369268417358,1
7.03648948669434,1
9.35267353057861,1
13.1928014755249,1
17.8215713500977,1
19.9005966186523,1
17.651330947876,1
13.4433937072754,1
11.3934545516968,1
12.9910755157471,1
16.3720474243164,1
19.8374404907227,1
24.0510425567627,1
29.4057998657227,1
33.0156097412109,1
31.0399742126465,1
23.6014175415039,1
14.8389549255371,1
8.01779174804688,1
3.20982527732849,1
0.148846685886383,1
0.0688604488968849,1
2.92998123168945,1
5.48180484771729,1
4.71101093292236,1
1.77134895324707,1
0.179646074771881,1
1.19052457809448,1
3.14647793769836,1
4.49924087524414,1
5.18271160125732,1
5.56800222396851,1
6.28603219985962,1
8.66042613983154,1
12.9907398223877,1
16.6468200683594,1
16.5075073242188,1
13.6557312011719,1
13.0014963150024,1
17.2006015777588,1
23.336971282959,1
27.2825164794922,1
29.3035907745361,1
32.8501663208008,1
38.7421646118164,1
43.3487205505371,1
43.1097717285156,1
39.0117378234863,1
35.3741340637207,1
34.9580726623535,1
36.4040374755859,1
36.5223388671875,1
34.237476348877,1
31.4506320953369,1
30.0794563293457,1
29.4415035247803,1
27.6789627075195,1
25.0030822753906,1
23.3820056915283,1
22.594352722168,1
19.1072902679443,1
10.9267168045044,1
1.84082591533661,1
-2.32473230361938,1
-1.42586231231689,1
-1.68911409378052,1
-7.67171144485474,1
-16.5172271728516,1
-22.4095249176025,1
-24.4575023651123,1
-26.8429660797119,1
-31.9459476470947,1
-37.0287857055664,1
-38.8667984008789,1
-38.8685493469238,1
-41.118839263916,1
-46.338062286377,1
-50.3827896118164,1
-49.4912910461426,1
-45.3449516296387,1
-43.0988845825195,1
-44.6742210388184,1
-46.2356872558594,1
-43.6848449707031,1
-38.8193397521973,1
-37.054988861084,1
-39.4618110656738,1
-40.9088592529297,1
-37.5826873779297,1
-32.6217346191406,1
-30.98410987854,1
-31.4312477111816,1
-28.2898063659668,1
-20.2574634552002,1
-12.457311630249,1
-8.88163566589355,1
-7.18923568725586,1
-3.0459680557251,1
3.85393166542053,1
10.8191432952881,1
16.7502841949463,1
22.7296104431152,1
29.3339443206787,1
35.8388328552246,1
41.3682632446289,1
45.0766372680664,1
46.1495819091797,1
45.3056678771973,1
45.17431640625,1
47.2606964111328,1
49.5271186828613,1
49.0619316101074,1
46.2185325622559,1
43.5823020935059,1
41.344123840332,1
36.8080558776855,1
29.2508563995361,1
22.5038433074951,1
20.6884708404541,1
22.7900466918945,1
23.7015762329102,1
20.4835414886475,1
15.6672391891479,1
13.5568408966064,1
14.6469278335571,1
15.4666633605957,1
13.709716796875,1
11.3089113235474,1
11.1365852355957,1
12.3990516662598,1
11.9106664657593,1
9.50760078430176,1
9.09149742126465,1
13.0724620819092,1
18.2136459350586,1
19.2508201599121,1
15.428150177002,1
11.1495037078857,1
10.5606708526611,1
13.6561622619629,1
18.0156593322754,1
22.4140281677246,1
27.4842567443848,1
33.6831932067871,1
39.9069747924805,1
44.4105224609375,1
46.7818031311035,1
48.7077522277832,1
52.4918251037598,1
58.754280090332,1
66.0489349365234,1
72.9745101928711,1
79.819450378418,1
87.134651184082,1
93.2902069091797,1
95.2572860717773,1
92.3603363037109,1
87.6846160888672,1
84.4565963745117,1
82.1423873901367,1
78.043701171875,1
72.2419509887695,1
68.2970733642578,1
68.0900955200195,1
68.3695602416992,1
64.7138977050781,1
57.6413230895996,1
51.9362564086914,1
50.0100173950195,1
48.8558692932129,1
44.6997299194336,1
38.1932563781738,1
32.8224143981934,1
29.571252822876,1
25.7532920837402,1
19.0033512115479,1
10.2756900787354,1
2.31171774864197,1
-3.29114031791687,1
-6.59507417678833,1
-8.03417205810547,1
-7.86409664154053,1
-6.6879768371582,1
-5.67904376983643,1
-5.97076368331909,1
-7.83644151687622,1
-10.3429288864136,1
-11.9202842712402,1
-11.7396287918091,1
-10.5912036895752,1
-9.85345649719238,1
-9.51390361785889,1
-8.09550380706787,1
-5.02670669555664,1
-2.02890276908875,1
-0.931199014186859,1
-0.771052360534668,1
1.15288996696472,1
5.22327184677124,1
8.39393520355225,1
8.11569786071777,1
5.84703016281128,1
5.06806373596191,1
6.76437950134277,1
8.84859371185303,1
9.79430294036865,1
10.7196235656738,1
13.2252902984619,1
16.8459453582764,1
19.8703289031982,1
21.7882862091064,1
23.6898250579834,1
26.4990062713623,1
29.6984195709229,1
31.8994026184082,1
32.3561706542969,1
31.9436550140381,1
32.592700958252,1
35.3759841918945,1
39.2501258850098,1
42.3757705688477,1
44.6322059631348,1
47.7314758300781,1
52.4508476257324,1
56.9479522705078,1
58.837085723877,1
58.2505760192871,1
57.7378540039062,1
59.3907279968262,1
63.0134696960449,1
67.1252975463867,1
70.9947509765625,1
75.3314666748047,1
81.0734710693359,1
87.6062545776367,1
92.6984634399414,1
95.0442810058594,1
96.6223602294922,1
100.987030029297,1
108.756767272949,1
116.64794921875,1
122.302604675293,1
128.147552490234,1
137.815200805664,1
149.702529907227,1
157.553649902344,1
158.118515014648,1
155.128707885742,1
153.839233398438,1
154.029998779297,1
151.155502319336,1
143.069274902344,1
132.230331420898,1
121.004135131836,1
107.936325073242,1
90.6181869506836,1
70.5480651855469,1
52.598991394043,1
39.5813446044922,1
29.2028942108154,1
17.4483318328857,1
3.99295139312744,1
-7.31930351257324,1
-13.6440267562866,1
-17.4178562164307,1
-24.0743389129639,1
-35.7631454467773,1
-48.9600448608398,1
-58.9503784179688,1
-65.1550216674805,1
-70.44970703125,1
-76.2544250488281,1
-80.8569793701172,1
-83.0069808959961,1
-84.6959686279297,1
-88.5395660400391,1
-93.6610641479492,1
-96.2912521362305,1
-94.3027496337891,1
-89.5397415161133,1
-85.4548492431641,1
-83.7112274169922,1
-83.499885559082,1
-83.2037658691406,1
-82.1693267822266,1
-81.3056335449219,1
-82.1086730957031,1
-84.7362823486328,1
-87.4154663085938,1
-88.5618438720703,1
-88.9196319580078,1
-90.0990371704102,1
-91.3135299682617,1
-89.8406372070312,1
-85.3725357055664,1
-81.5442428588867,1
-81.4322128295898,1
-83.2852935791016,1
-82.9166946411133,1
-79.136833190918,1
-74.2558898925781,1
-69.7840957641602,1
-64.5466918945312,1
-57.5049667358398,1
-49.8399353027344,1
-43.0490036010742,1
-36.9336547851562,1
-30.8721199035645,1
-25.5325832366943,1
-21.7476997375488,1
-18.8370208740234,1
-15.6767473220825,1
-12.6402683258057,1
-10.9123373031616,1
-10.4647798538208,1
-10.1916875839233,1
-9.469801902771,1
-7.98172569274902,1
-4.57078981399536,1
1.71074664592743,1
9.54981327056885,1
16.4140644073486,1
21.7028579711914,1
26.6399154663086,1
30.8656539916992,1
32.1569900512695,1
30.849925994873,1
31.4844722747803,1
37.407470703125,1
45.9241561889648,1
52.0131072998047,1
55.303337097168,1
59.4805068969727,1
65.3506622314453,1
68.9614410400391,1
67.710578918457,1
64.4047317504883,1
62.976146697998,1
63.0538291931152,1
61.5553588867188,1
57.7091827392578,1
53.4770927429199,1
49.8643226623535,1
45.4751968383789,1
38.6599922180176,1
29.3226070404053,1
18.7509689331055,1
8.92037677764893,1
1.41118371486664,1
-4.22745323181152,1
-10.2503890991211,1
-17.623405456543,1
-24.3890857696533,1
-28.7675189971924,1
-32.3601913452148,1
-37.7966232299805,1
-44.4478912353516,1
-49.6502990722656,1
-53.5335311889648,1
-58.920482635498,1
-66.0920028686523,1
-71.3684158325195,1
-72.223991394043,1
-70.6883544921875,1
-69.9753341674805,1
-70.5046005249023,1
-71.2916946411133,1
-72.792594909668,1
-75.8065414428711,1
-79.2322998046875,1
-81.3047790527344,1
-81.808219909668,1
-81.1112899780273,1
-78.6279296875,1
-74.5513305664062,1
-71.3645629882812,1
-70.4554824829102,1
-68.3225708007812,1
-59.8158378601074,1
-45.033332824707,1
-29.3393173217773,1
-15.8574485778809,1
-1.64014649391174,1
16.8556385040283,1
37.7000122070312,1
56.0954399108887,1
71.4470825195312,1
88.307487487793,1
110.059921264648,1
134.37077331543,1
156.168365478516,1
173.462326049805,1
188.384033203125,1
202.938705444336,1
215.720458984375,1
223.861053466797,1
227.09309387207,1
227.976150512695,1
227.918090820312,1
224.904373168945,1
216.558502197266,1
204.202301025391,1
191.841842651367,1
181.458694458008,1
171.387969970703,1
159.700454711914,1
147.184844970703,1
135.906509399414,1
126.295639038086,1
117.114311218262,1
107.529823303223,1
97.8932571411133,1
88.7565612792969,1
80.061164855957,1
71.19482421875,1
61.4651031494141,1
51.0121574401855,1
41.5164260864258,1
35.0275001525879,1
31.5572166442871,1
29.0362529754639,1
26.4080638885498,1
25.1099147796631,1
25.9991359710693,1
26.6181697845459,1
24.1950550079346,1
20.3597259521484,1
19.535717010498,1
22.5148162841797,1
25.0552845001221,1
24.0894603729248,1
22.2100391387939,1
23.7244396209717,1
28.5510158538818,1
32.9661445617676,1
35.2468948364258,1
37.5239334106445,1
42.00732421875,1
47.8656005859375,1
52.6666679382324,1
55.4103927612305,1
57.2749137878418,1
60.0602760314941,1
64.3089370727539,1
68.6380996704102,1
71.141716003418,1
71.9081573486328,1
73.4327850341797,1
77.5126342773438,1
82.4945983886719,1
85.2697830200195,1
85.6549530029297,1
86.6929168701172,1
90.1766052246094,1
93.9779434204102,1
95.1369934082031,1
94.116828918457,1
94.2022933959961,1
97.3425598144531,1
102.423309326172,1
107.726272583008,1
113.35816192627,1
120.190246582031,1
127.314598083496,1
132.152542114258,1
133.511627197266,1
133.5419921875,1
135.690612792969,1
141.094207763672,1
148.100006103516,1
155.26496887207,1
163.293197631836,1
173.274780273438,1
184.400177001953,1
194.871047973633,1
204.323257446289,1
213.764526367188,1
223.347198486328,1
231.590423583984,1
236.809524536133,1
238.32014465332,1
236.609619140625,1
233.51025390625,1
231.551406860352,1
231.354919433594,1
230.079620361328,1
224.550277709961,1
215.662750244141,1
207.065811157227,1
199.412200927734,1
189.353118896484,1
175.452911376953,1
161.438125610352,1
150.83430480957,1
141.322784423828,1
128.31950378418,1
112.541969299316,1
99.6613159179688,1
92.4933166503906,1
87.4535522460938,1
79.7688903808594,1
69.0512390136719,1
58.1293830871582,1
48.776309967041,1
40.5781097412109,1
32.6162071228027,1
24.485279083252,1
16.3022136688232,1
8.81695938110352,1
2.9406566619873,1
-1.44437062740326,1
-5.32904100418091,1
-8.79411125183105,1
-10.7733964920044,1
-11.4523735046387,1
-13.284481048584,1
-17.9660053253174,1
-23.5397090911865,1
-26.5703182220459,1
-26.6552600860596,1
-26.5154037475586,1
-27.5546817779541,1
-27.8537635803223,1
-25.7283191680908,1
-23.1168003082275,1
-23.1463851928711,1
-25.3282890319824,1
-25.8670501708984,1
-23.0398483276367,1
-19.7730827331543,1
-19.4450607299805,1
-20.9810676574707,1
-20.4556617736816,1
-16.8715763092041,1
-13.7431421279907,1
-14.3531217575073,1
-17.514368057251,1
-19.4067039489746,1
-18.3286876678467,1
-15.8984870910645,1
-13.9029674530029,1
-11.588568687439,1
-6.75096893310547,1
1.12489664554596,1
9.6484546661377,1
15.8250741958618,1
19.3571529388428,1
22.8861885070801,1
28.583703994751,1
35.5031585693359,1
41.4496002197266,1
46.5302925109863,1
52.7115516662598,1
59.9690742492676,1
65.5283737182617,1
68.0369033813477,1
70.1586532592773,1
74.9944458007812,1
81.5176162719727,1
86.1211166381836,1
88.0395660400391,1
90.498405456543,1
95.9436187744141,1
102.323745727539,1
105.601448059082,1
105.00318145752,1
104.202369689941,1
107.077995300293,1
113.287490844727,1
118.959457397461,1
121.558959960938,1
122.705223083496,1
125.26927947998,1
128.891479492188,1
130.468032836914,1
128.94841003418,1
127.202423095703,1
128.017807006836,1
130.133453369141,1
129.994400024414,1
126.364868164062,1
121.421913146973,1
117.769386291504,1
115.981506347656,1
115.105041503906,1
114.399482727051,1
114.267272949219,1
115.87580871582,1
119.734321594238,1
124.518844604492,1
128.00244140625,1
129.431106567383,1
129.898239135742,1
129.760360717773,1
127.086227416992,1
120.032218933105,1
109.736335754395,1
99.1197891235352,1
89.2790908813477,1
78.8159332275391,1
66.7411804199219,1
54.3454818725586,1
43.5080528259277,1
34.1785888671875,1
24.4245357513428,1
12.7955694198608,1
0.186832889914513,1
-10.904935836792,1
-19.0773258209229,1
