-17.8639030456543,1
-19.1090145111084,1
-25.3481636047363,1
-35.0120620727539,1
-42.9773254394531,1
-45.8042411804199,1
-44.9226722717285,1
-43.8540534973145,1
-43.4956321716309,1
-41.7812156677246,1
-37.8514366149902,1
-34.6637191772461,1
-35.9909324645996,1
-41.4280014038086,1
-46.1981925964355,1
-46.5528602600098,1
-43.9455299377441,1
-42.4452323913574,1
-42.9145126342773,1
-41.9694786071777,1
-37.0597724914551,1
-30.4007797241211,1
-26.2660388946533,1
-25.645809173584,1
-25.687894821167,1
-24.1157341003418,1
-21.9676208496094,1
-21.1794261932373,1
-21.217716217041,1
-19.8158779144287,1
-16.4816112518311,1
-13.5882911682129,1
-13.5421152114868,1
-15.8880281448364,1
-18.0396461486816,1
-18.4812793731689,1
-18.3259239196777,1
-19.4370422363281,1
-21.689338684082,1
-22.9142532348633,1
-21.5443992614746,1
-18.5011596679688,1
-16.0082550048828,1
-15.1727390289307,1
-15.5675449371338,1
-16.8558826446533,1
-19.5645217895508,1
-23.7306804656982,1
-27.6678199768066,1
-29.1493854522705,1
-27.8745136260986,1
-26.1346111297607,1
-26.7264251708984,1
-30.4182319641113,1
-35.6832656860352,1
-40.711051940918,1
-45.1128311157227,1
-49.3164367675781,1
-52.8678550720215,1
-54.5456619262695,1
-54.5145950317383,1
-55.11962890625,1
-58.2715759277344,1
-62.6506080627441,1
-65.0729598999023,1
-64.5745162963867,1
-63.4454193115234,1
-63.7270469665527,1
-64.414421081543,1
-63.4083709716797,1
-61.05908203125,1
-60.062816619873,1
-62.1082572937012,1
-65.9119720458984,1
-68.6059341430664,1
-68.2310104370117,1
-64.9687194824219,1
-60.6519203186035,1
-56.9395904541016,1
-53.5240592956543,1
-48.7527618408203,1
-42.6665267944336,1
-38.231990814209,1
-37.8972358703613,1
-39.7209091186523,1
-39.3040351867676,1
-35.6330261230469,1
-32.4274520874023,1
-32.7448501586914,1
-34.774055480957,1
-35.0031204223633,1
-33.7092933654785,1
-34.4472351074219,1
-38.6732788085938,1
-43.7539253234863,1
-46.8297500610352,1
-48.2463607788086,1
-49.8971328735352,1
-52.0136032104492,1
-53.5408020019531,1
-54.8532180786133,1
-57.9913940429688,1
-63.8393440246582,1
-70.4011993408203,1
-74.6482238769531,1
-75.5685958862305,1
-74.8911285400391,1
-75.0214309692383,1
-76.579704284668,1
-77.9799652099609,1
-77.4653701782227,1
-75.5113220214844,1
-74.6317672729492,1
-76.2664566040039,1
-78.5115737915039,1
-78.1908721923828,1
-74.9522705078125,1
-71.5123596191406,1
-69.31298828125,1
-66.1497955322266,1
-60.0757598876953,1
-54.0472183227539,1
-53.426815032959,1
-58.7445030212402,1
-64.1391067504883,1
-64.4833908081055,1
-61.4689064025879,1
-60.1743850708008,1
-61.439510345459,1
-61.0920486450195,1
-56.479736328125,1
-50.286491394043,1
-46.5170745849609,1
-45.163745880127,1
-42.9479560852051,1
-38.0665588378906,1
-32.0759963989258,1
-27.3768692016602,1
-24.5454502105713,1
-22.5554084777832,1
-20.7685031890869,1
-20.1792850494385,1
-22.5279731750488,1
-27.8365745544434,1
-33.1829986572266,1
-35.2685928344727,1
-34.4624443054199,1
-34.5117530822754,1
-37.3343048095703,1
-40.2750473022461,1
-40.5198097229004,1
-40.1554794311523,1
-43.5004463195801,1
-50.4070243835449,1
-56.2529449462891,1
-58.9367790222168,1
-61.7191543579102,1
-67.3004760742188,1
-72.7033843994141,1
-73.2131652832031,1
-69.2789993286133,1
-66.1554870605469,1
-67.568962097168,1
-72.4995040893555,1
-77.6952285766602,1
-80.7427978515625,1
-80.741943359375,1
-78.3667297363281,1
-75.7177505493164,1
-74.4436874389648,1
-73.8470764160156,1
-72.3266220092773,1
-70.3739242553711,1
-70.0058288574219,1
-71.1017913818359,1
-70.7319488525391,1
-67.0800247192383,1
-62.0514869689941,1
-58.6690254211426,1
-57.446647644043,1
-56.9336853027344,1
-56.7583427429199,1
-58.2520446777344,1
-62.1927299499512,1
-67.3047409057617,1
-71.3970336914062,1
-73.4666290283203,1
-74.4474868774414,1
-75.9438247680664,1
-78.2966690063477,1
-80.4504318237305,1
-82.3021697998047,1
-86.2602462768555,1
-94.6326675415039,1
-105.58715057373,1
-114.107414245605,1
-117.927719116211,1
-120.258766174316,1
-124.901817321777,1
-130.742980957031,1
-133.791107177734,1
-133.363830566406,1
-132.904830932617,1
-134.783813476562,1
-137.566390991211,1
-139.273651123047,1
-140.376754760742,1
-141.827880859375,1
-142.366607666016,1
-140.090927124023,1
-135.556182861328,1
-131.226043701172,1
-128.33137512207,1
-125.905853271484,1
-122.624664306641,1
-118.133003234863,1
-112.57640838623,1
-105.974166870117,1
-98.2924575805664,1
-89.6768035888672,1
-80.849250793457,1
-73.5303268432617,1
-69.5437240600586,1
-68.7058715820312,1
-68.5478439331055,1
-67.2567672729492,1
-65.9864501953125,1
-66.7909393310547,1
-69.1120452880859,1
-70.3922348022461,1
-70.0027236938477,1
-70.3417892456055,1
-73.3987045288086,1
-78.0317840576172,1
-81.6863327026367,1
-83.4344177246094,1
-83.9929580688477,1
-83.5436630249023,1
-80.9752731323242,1
-75.3644943237305,1
-67.5478897094727,1
-60.1093292236328,1
-55.8042144775391,1
-55.480583190918,1
-57.3363227844238,1
-58.772029876709,1
-59.1223754882812,1
-59.7636795043945,1
-61.3594245910645,1
-62.3990745544434,1
-61.4981384277344,1
-59.9769134521484,1
-60.4459075927734,1
-63.2929039001465,1
-66.3973617553711,1
-68.3795776367188,1
-70.1997833251953,1
-72.7925491333008,1
-74.869987487793,1
-74.6103820800781,1
-72.6338043212891,1
-71.716438293457,1
-73.7175750732422,1
-77.8533935546875,1
-81.8503646850586,1
-83.9022064208984,1
-83.6791839599609,1
-82.2853622436523,1
-81.1388931274414,1
-80.3761520385742,1
-78.9567108154297,1
-77.0574798583984,1
-77.1914443969727,1
-81.275993347168,1
-87.4224319458008,1
-91.8635330200195,1
-93.6696701049805,1
-94.8749771118164,1
-95.8298950195312,1
-93.7780456542969,1
-87.4701232910156,1
-80.1567916870117,1
-75.5653762817383,1
-73.1194305419922,1
-69.9089736938477,1
-65.6336288452148,1
-62.2654800415039,1
-59.720874786377,1
-55.4448661804199,1
-48.5296173095703,1
-41.2511520385742,1
-35.8015747070312,1
-31.8852443695068,1
-28.194465637207,1
-23.9178066253662,1
-17.9901714324951,1
-9.27291107177734,1
1.24163770675659,1
10.5064544677734,1
17.0950336456299,1
22.7649154663086,1
28.7579288482666,1
32.8374710083008,1
32.6281814575195,1
30.2849864959717,1
30.5808410644531,1
34.8547859191895,1
39.9662628173828,1
43.3220024108887,1
45.7108383178711,1
48.236644744873,1
49.5833320617676,1
48.3793869018555,1
46.0140075683594,1
44.5729713439941,1
43.3942527770996,1
40.3528213500977,1
35.8663177490234,1
32.9028167724609,1
32.8755111694336,1
33.7669906616211,1
32.7716903686523,1
29.0057907104492,1
23.2874870300293,1
17.1034488677979,1
12.2411823272705,1
9.51898097991943,1
7.26260805130005,1
3.0277578830719,1
-2.48342704772949,1
-5.66806602478027,1
-5.47214937210083,1
-5.88443326950073,1
-10.5974454879761,1
-17.4397945404053,1
-21.4333896636963,1
-22.0022258758545,1
-23.1737174987793,1
-26.7071380615234,1
-29.1268157958984,1
-27.0935821533203,1
-22.473108291626,1
-19.47926902771,1
-18.65407371521,1
-16.5771865844727,1
-11.0611257553101,1
-4.00771379470825,1
1.67361319065094,1
6.20908880233765,1
12.2916841506958,1
20.5002002716064,1
27.0796394348145,1
27.6141681671143,1
22.4270820617676,1
16.6650123596191,1
14.5882596969604,1
15.4208793640137,1
15.9421339035034,1
15.4184656143188,1
15.6353454589844,1
16.8942432403564,1
16.9683952331543,1
14.650731086731,1
11.9125242233276,1
11.2206754684448,1
12.4577951431274,1
14.0480012893677,1
15.8190317153931,1
18.8516006469727,1
23.010290145874,1
26.3777961730957,1
27.3674640655518,1
26.4202899932861,1
25.4824275970459,1
26.4105625152588,1
29.7070255279541,1
34.1242256164551,1
37.6850700378418,1
39.7360610961914,1
41.6732978820801,1
44.8486557006836,1
48.195915222168,1
49.2056770324707,1
47.2546463012695,1
44.5762672424316,1
43.4304237365723,1
43.5532608032227,1
43.3144493103027,1
42.4141426086426,1
42.0873947143555,1
42.9642066955566,1
44.0246315002441,1
43.8766212463379,1
42.1302070617676,1
39.1898040771484,1
35.5096626281738,1
31.6009502410889,1
28.1969890594482,1
25.7290000915527,1
23.8549289703369,1
21.9617347717285,1
19.8389015197754,1
17.3452053070068,1
13.8217210769653,1
8.78269386291504,1
3.21647095680237,1
-0.759627342224121,1
-1.96601295471191,1
-1.27335226535797,1
-0.407357841730118,1
-0.46589720249176,1
-2.00729441642761,1
-5.45360946655273,1
-10.3237266540527,1
-14.863543510437,1
-17.7838706970215,1
-19.8873348236084,1
-22.5300979614258,1
-24.8538074493408,1
-24.428955078125,1
-20.8683261871338,1
-16.8941078186035,1
-14.9734392166138,1
-14.388391494751,1
-12.6397523880005,1
-8.48058605194092,1
-2.42228651046753,1
4.70102834701538,1
12.3857374191284,1
20.334285736084,1
28.6760005950928,1
37.7331657409668,1
46.9676170349121,1
55.1896362304688,1
62.4558067321777,1
70.1736602783203,1
78.1606750488281,1
83.5804061889648,1
84.9980163574219,1
85.8012237548828,1
90.3769836425781,1
97.58251953125,1
101.620399475098,1
99.7536163330078,1
95.4979476928711,1
92.7507019042969,1
90.301383972168,1
85.0409164428711,1
78.0860366821289,1
73.6875305175781,1
72.6106033325195,1
70.4102249145508,1
63.3109855651855,1
52.9512977600098,1
43.4642448425293,1
35.8729019165039,1
28.0343894958496,1
19.4958362579346,1
13.4397754669189,1
12.4823293685913,1
14.1792669296265,1
12.7591047286987,1
5.25931882858276,1
-5.5515604019165,1
-14.8104953765869,1
-20.8412189483643,1
-25.7025699615479,1
-31.1670951843262,1
-35.8452301025391,1
-37.0340156555176,1
-34.6462059020996,1
-32.2036895751953,1
-33.5721473693848,1
-39.0210342407227,1
-44.930850982666,1
-47.5015449523926,1
-46.3888168334961,1
-44.2447891235352,1
-43.0176544189453,1
-41.8697547912598,1
-39.2570114135742,1
-35.8388137817383,1
-33.7763290405273,1
-33.4910926818848,1
-32.8707160949707,1
-30.1282176971436,1
-25.9305953979492,1
-21.8066005706787,1
-17.7747383117676,1
-12.9826679229736,1
-7.93870115280151,1
-4.46595239639282,1
-3.4402174949646,1
-3.72006559371948,1
-3.39727115631104,1
-1.24816644191742,1
2.9638831615448,1
8.66786479949951,1
14.8343086242676,1
20.7100868225098,1
26.0215435028076,1
30.126781463623,1
32.0989837646484,1
32.8826026916504,1
36.0559005737305,1
44.0419654846191,1
54.085319519043,1
60.8611640930176,1
63.2957382202148,1
65.6205596923828,1
70.5728073120117,1
74.9213027954102,1
74.1897964477539,1
69.1699295043945,1
64.3845596313477,1
61.6469383239746,1
58.9575119018555,1
55.5028076171875,1
53.8890495300293,1
56.0309982299805,1
59.4321746826172,1
59.5810699462891,1
54.9455070495605,1
48.0658149719238,1
42.1740341186523,1
37.8954315185547,1
33.365348815918,1
27.0092525482178,1
19.7677021026611,1
14.1548357009888,1
10.9339466094971,1
7.44252777099609,1
0.200544908642769,1
-11.0015020370483,1
-22.709867477417,1
-31.7155094146729,1
-38.2742042541504,1
-44.6952285766602,1
-51.5643997192383,1
-56.88916015625,1
-59.3529052734375,1
-61.0223579406738,1
-65.1784973144531,1
-71.7050323486328,1
-76.7013092041016,1
-77.6691818237305,1
-77.1345291137695,1
-78.8814010620117,1
-81.8418350219727,1
-81.0613174438477,1
-75.0241241455078,1
-68.6036987304688,1
-66.9507598876953,1
-69.0789337158203,1
-70.1164474487305,1
-68.157470703125,1
-65.6653671264648,1
-64.5985260009766,1
-63.4100799560547,1
-59.8562545776367,1
-54.6053276062012,1
-50.5436134338379,1
-49.4023056030273,1
-50.1358070373535,1
-50.2713813781738,1
-48.2543182373047,1
-44.591552734375,1
-40.8734970092773,1
-37.6945991516113,1
-34.0609550476074,1
-29.3233528137207,1
-24.8045997619629,1
-22.0833225250244,1
-20.0553703308105,1
-15.6882009506226,1
-8.19080448150635,1
-0.454071879386902,1
4.95369338989258,1
9.4967679977417,1
16.2167091369629,1
24.5793151855469,1
30.6716823577881,1
32.9136657714844,1
34.8136749267578,1
40.4171371459961,1
48.9903182983398,1
56.5845527648926,1
61.8788719177246,1
67.7348785400391,1
76.7046661376953,1
87.3302993774414,1
96.0019378662109,1
100.944564819336,1
103.036911010742,1
103.659156799316,1
103.242111206055,1
101.76651763916,1
99.5126037597656,1
96.854606628418,1
93.5664291381836,1
88.5124969482422,1
80.3174743652344,1
68.9176712036133,1
56.4976272583008,1
46.1618804931641,1
39.3497009277344,1
35.166088104248,1
32.4806747436523,1
31.625675201416,1
33.0482749938965,1
34.93701171875,1
33.7149200439453,1
27.4897899627686,1
18.3516788482666,1
10.4328727722168,1
5.64259719848633,1
1.98679828643799,1
-3.41995286941528,1
-10.396092414856,1
-16.1382522583008,1
-19.6143894195557,1
-23.4647407531738,1
-30.1425800323486,1
-37.8412017822266,1
-42.6913757324219,1
-44.2474670410156,1
-45.899845123291,1
-49.6095962524414,1
-53.2026138305664,1
-54.2073402404785,1
-53.9387474060059,1
-55.6914825439453,1
-60.3134841918945,1
-65.5876617431641,1
-69.1774139404297,1
-70.4306106567383,1
-69.793098449707,1
-68.0162963867188,1
-65.8172454833984,1
-63.3959655761719,1
-60.7262916564941,1
-58.912223815918,1
-60.0085945129395,1
-64.2218475341797,1
-68.5333251953125,1
-69.9258651733398,1
-69.0685729980469,1
-68.747428894043,1
-69.4063568115234,1
-68.8512496948242,1
-66.2629699707031,1
-63.6038780212402,1
-62.138126373291,1
-60.071403503418,1
-55.3049850463867,1
-48.7915725708008,1
-43.2344627380371,1
-39.4505844116211,1
-35.9035301208496,1
-31.4918613433838,1
-27.1706523895264,1
-24.5812320709229,1
-24.0550365447998,1
-24.2303619384766,1
-23.1303291320801,1
-19.5907459259033,1
-13.9821500778198,1
-7.46041917800903,1
-0.466840773820877,1
7.45379734039307,1
16.188060760498,1
24.5536842346191,1
32.237419128418,1
41.3498725891113,1
54.5727500915527,1
72.0888366699219,1
91.8567352294922,1
112.758613586426,1
135.390899658203,1
158.820343017578,1
178.358840942383,1
188.644439697266,1
188.769378662109,1
183.005340576172,1
176.370529174805,1
170.553207397461,1
164.336685180664,1
156.664276123047,1
148.086013793945,1
139.454040527344,1
130.303451538086,1
119.244888305664,1
105.913032531738,1
92.0474014282227,1
80.1941604614258,1
71.3337326049805,1
64.2275161743164,1
57.284595489502,1
50.4579048156738,1
44.5873374938965,1
39.2392349243164,1
32.4337387084961,1
23.0684337615967,1
12.8132190704346,1
4.64786148071289,1
-0.342936813831329,1
-3.98528695106506,1
-8.75948429107666,1
-15.14391040802,1
-21.5511245727539,1
-26.6516227722168,1
-31.3853015899658,1
-38.3420333862305,1
-48.7422370910645,1
-60.0251884460449,1
-67.3267974853516,1
-68.2205276489258,1
-65.4498596191406,1
-63.7738075256348,1
-64.5603256225586,1
-65.3803787231445,1
-64.9962692260742,1
-65.9278945922852,1
-70.2841262817383,1
-75.3914031982422,1
-76.7404861450195,1
-74.2766265869141,1
-72.1658477783203,1
-72.151481628418,1
-70.9760513305664,1
-66.083366394043,1
-60.6143569946289,1
-59.7274055480957,1
-63.7363586425781,1
-68.0251312255859,1
-69.0299682617188,1
-67.4208297729492,1
-65.4809494018555,1
-64.1648254394531,1
-63.5592613220215,1
-64.1348342895508,1
-66.239990234375,1
-69.3842468261719,1
-72.7770309448242,1
-75.7860488891602,1
-77.5648498535156,1
-77.3131790161133,1
-75.3863372802734,1
-73.1984558105469,1
-71.6050338745117,1
-70.3046112060547,1
-69.1222152709961,1
-68.6023635864258,1
-68.5998840332031,1
-67.4478759765625,1
-63.6461181640625,1
-57.6944847106934,1
-51.2508430480957,1
-45.0859870910645,1
-39.0409164428711,1
-33.6014671325684,1
-29.9918327331543,1
-28.2541065216064,1
-26.2640533447266,1
-21.5150604248047,1
-13.6221647262573,1
-4.52178907394409,1
3.64422011375427,1
10.2395238876343,1
15.6558561325073,1
19.8980979919434,1
22.5125827789307,1
23.8739433288574,1
25.5738258361816,1
28.8352470397949,1
32.9626312255859,1
36.1367454528809,1
37.6138725280762,1
38.325439453125,1
39.1596183776855,1
39.4865684509277,1
37.9951133728027,1
34.5912780761719,1
30.8126983642578,1
28.3784465789795,1
27.7326240539551,1
28.0397663116455,1
28.2873039245605,1
28.2794036865234,1
28.6643581390381,1
29.9344539642334,1
31.3477916717529,1
31.3074321746826,1
29.4048347473145,1
27.6851139068604,1
28.6290588378906,1
31.6146984100342,1
32.8495559692383,1
29.8667125701904,1
24.7991142272949,1
21.4865436553955,1
20.3460807800293,1
18.621826171875,1
15.4519004821777,1
13.5322875976562,1
14.6828985214233,1
16.6863651275635,1
16.6629123687744,1
15.346305847168,1
15.262752532959,1
16.1212577819824,1
15.0551052093506,1
10.841495513916,1
5.04058742523193,1
-0.874930083751678,1
-6.75400114059448,1
-11.9020042419434,1
-14.6636953353882,1
-14.7617740631104,1
-14.1713705062866,1
-15.0049686431885,1
-18.0423603057861,1
-23.3877029418945,1
-30.4479656219482,1
-36.9069976806641,1
-40.0068283081055,1
-39.6171531677246,1
-38.1052017211914,1
-36.7268905639648,1
-34.5639343261719,1
-31.7724628448486,1
-30.9901084899902,1
-33.7121772766113,1
-37.4713096618652,1
-38.6482810974121,1
-36.497631072998,1
-32.644214630127,1
-28.2201194763184,1
-23.5069484710693,1
-19.217004776001,1
-16.2248687744141,1
-14.7526016235352,1
-14.9373216629028,1
-16.8924312591553,1
-19.1218109130859,1
-18.8219661712646,1
-15.4428691864014,1
-11.9508457183838,1
-10.5018081665039,1
-9.08229732513428,1
-5.27609252929688,1
-1.21891307830811,1
-0.806668400764465,1
-3.03952598571777,1
-2.5571231842041,1
3.05224561691284,1
10.6127805709839,1
16.8241024017334,1
22.2026519775391,1
27.6620559692383,1
30.8574504852295,1
29.1357803344727,1
24.0268821716309,1
19.6191501617432,1
17.4479866027832,1
15.743878364563,1
13.3378973007202,1
11.6893463134766,1
12.4884548187256,1
14.9899730682373,1
16.6045570373535,1
15.3962306976318,1
11.5789966583252,1
7.02910280227661,1
3.51984548568726,1
1.1437292098999,1
-1.50675225257874,1
-5.43560695648193,1
-9.90723037719727,1
-13.4852046966553,1
-16.1228847503662,1
-19.5667419433594,1
-25.5430278778076,1
-33.8077659606934,1
-42.0872955322266,1
-47.953369140625,1
-50.8923988342285,1
-52.5373115539551,1
-54.771598815918,1
-57.8743438720703,1
-60.8672866821289,1
-63.2051162719727,1
-65.1991195678711,1
-66.8645629882812,1
-67.3919067382812,1
-65.9931335449219,1
-62.4037971496582,1
-56.4585952758789,1
-48.4202194213867,1
-40.1977195739746,1
-34.8442573547363,1
-33.7177772521973,1
-34.9691429138184,1
-35.8579063415527,1
-35.7388153076172,1
-35.5515060424805,1
-35.1576309204102,1
-33.0057907104492,1
-28.5788383483887,1
-23.7693042755127,1
-21.2371616363525,1
-22.0301475524902,1
-24.9588203430176,1
-27.641529083252,1
-28.1380882263184,1
-26.3654117584229,1
-24.0847549438477,1
-22.8503952026367,1
-22.0322265625,1
-19.8584232330322,1
-16.5368309020996,1
-14.9503030776978,1
-17.2807769775391,1
-21.8374710083008,1
-24.5762634277344,1
-23.5181331634521,1
-20.3372917175293,1
-17.3435554504395,1
-14.2894859313965,1
-9.3460807800293,1
-2.60315418243408,1
3.09053015708923,1
5.44427251815796,1
5.84382915496826,1
7.91283655166626,1
13.1699190139771,1
19.3705921173096,1
23.5283699035645,1
25.3305282592773,1
26.3708152770996,1
26.6872882843018,1
23.9417266845703,1
16.7566604614258,1
7.63531017303467,1
1.13974404335022,1
-0.674103081226349,1
0.141092047095299,1
0.550755739212036,1
0.0191810596734285,1
-0.0642261356115341,1
0.458309978246689,1
-0.271386176347733,1
-3.328697681427,1
-6.90954875946045,1
-8.3700590133667,1
-7.69017505645752,1
-7.26953840255737,1
-8.22595310211182,1
-8.70500469207764,1
-6.90912628173828,1
-4.38172340393066,1
-4.33563804626465,1
-7.08549213409424,1
-9.25115013122559,1
-8.18595504760742,1
-5.53697156906128,1
-5.07989358901978,1
-8.01737976074219,1
-11.9952878952026,1
-14.4303541183472,1
-15.2964057922363,1
-16.3948860168457,1
-18.9877815246582,1
-22.5794620513916,1
-25.3941745758057,1
-25.898120880127,1
-24.4159049987793,1
-23.11692237854,1
-23.6418209075928,1
-25.0403575897217,1
-25.2234878540039,1
-24.2269458770752,1
-24.3718528747559,1
-26.9629001617432,1
-30.7134170532227,1
-34.1903610229492,1
-37.8358268737793,1
-42.1222457885742,1
-45.4447479248047,1
-45.9975204467773,1
-44.8166770935059,1
-44.7629241943359,1
-46.763614654541,1
-48.9561424255371,1
-49.5105247497559,1
-48.5371589660645,1
-46.9548034667969,1
-45.0263519287109,1
-42.6384201049805,1
-40.1608810424805,1
-38.6611251831055,1
-39.6378898620605,1
-44.1058578491211,1
-51.1654472351074,1
-58.0872840881348,1
-62.8476371765137,1
-65.8741302490234,1
-68.1230010986328,1
-68.6636810302734,1
-66.3857879638672,1
-63.3735771179199,1
-63.6348762512207,1
-67.9397201538086,1
-72.3399429321289,1
-72.8070068359375,1
-69.4626922607422,1
-65.1657867431641,1
-61.5243873596191,1
-57.640510559082,1
-52.0375633239746,1
-45.1067504882812,1
-40.0045776367188,1
-40.573802947998,1
-46.9173622131348,1
-53.5728569030762,1
-54.3133773803711,1
-48.7083969116211,1
-41.5863304138184,1
-36.3077239990234,1
-32.0788040161133,1
-28.4635848999023,1
-28.0782699584961,1
-32.1849555969238,1
-37.1854286193848,1
-39.1500549316406,1
-39.4277458190918,1
-41.8348731994629,1
-45.9270553588867,1
-47.4637260437012,1
-45.1758651733398,1
-42.8494186401367,1
-43.8343238830566,1
-46.8276290893555,1
-48.5282936096191,1
-48.020694732666,1
-46.8647766113281,1
-46.3396148681641,1
-46.0515213012695,1
-44.645679473877,1
-41.2931861877441,1
-37.0185737609863,1
-34.4188613891602,1
-34.9578819274902,1
-36.6899719238281,1
-36.1382598876953,1
-32.5135345458984,1
-28.4651565551758,1
-26.322696685791,1
-25.3378887176514,1
-23.5330028533936,1
-20.8611679077148,1
-19.1920070648193,1
-19.7240047454834,1
-21.4435768127441,1
-22.1291790008545,1
-20.4562435150146,1
-16.9813022613525,1
-12.8886528015137,1
-8.00046443939209,1
-1.34715127944946,1
5.49338817596436,1
7.49149131774902,1
1.26592218875885,1
-9.46951293945312,1
-16.7358226776123,1
-17.291431427002,1
-15.870023727417,1
-17.957914352417,1
-22.3589820861816,1
-23.9433288574219,1
-21.8501815795898,1
-20.8549098968506,1
-24.3859252929688,1
-29.7488613128662,1
-31.9917526245117,1
-30.2230625152588,1
-27.799732208252,1
-27.3224773406982,1
-27.9349155426025,1
-27.8558216094971,1
-27.5112762451172,1
-28.5843238830566,1
-30.6712779998779,1
-30.7639141082764,1
-26.8337249755859,1
-20.8401851654053,1
-16.7716064453125,1
-15.9472560882568,1
-15.8593978881836,1
-14.2019481658936,1
-12.4267406463623,1
-13.6883916854858,1
-18.0274906158447,1
-21.660551071167,1
-21.4039573669434,1
-18.1013736724854,1
-14.7184963226318,1
-12.3996124267578,1
-10.0161476135254,1
-7.07112598419189,1
-5.18947076797485,1
-6.11839818954468,1
-9.33261394500732,1
-12.5206527709961,1
-14.0666379928589,1
-14.3550090789795,1
-14.6857767105103,1
-15.446925163269,1
-15.6701059341431,1
-14.3788375854492,1
-12.1597909927368,1
-10.951699256897,1
-11.972562789917,1
-14.2642917633057,1
-15.9409132003784,1
-16.5554904937744,1
-17.1448669433594,1
-17.9352550506592,1
-17.5933094024658,1
-15.6847848892212,1
-14.5245418548584,1
-16.8669128417969,1
-22.2878570556641,1
-27.6193523406982,1
-30.9104022979736,1
-33.1162452697754,1
-35.4012794494629,1
-36.6974143981934,1
-35.4019470214844,1
-32.4215698242188,1
-30.746280670166,1
-31.9963455200195,1
-34.5864944458008,1
-35.6628952026367,1
-34.1589965820312,1
-31.4509410858154,1
-29.2239933013916,1
-27.2805709838867,1
-24.1143627166748,1
-19.8256187438965,1
-17.4712829589844,1
-20.1531639099121,1
-26.9700794219971,1
-33.554759979248,1
-37.1091651916504,1
-39.1587333679199,1
-42.2344970703125,1
-45.6256980895996,1
-46.5077209472656,1
-44.2704963684082,1
-41.2550582885742,1
-39.2791786193848,1
-37.662727355957,1
-35.128833770752,1
-31.7576427459717,1
-28.3236083984375,1
-25.151330947876,1
-22.2064552307129,1
-18.9635429382324,1
-13.8873176574707,1
-5.84980821609497,1
3.4011754989624,1
10.316388130188,1
14.0656175613403,1
17.6758728027344,1
23.1519832611084,1
28.0002422332764,1
29.1243228912354,1
27.9833736419678,1
28.3519649505615,1
30.1950492858887,1
29.8588275909424,1
26.3546371459961,1
23.3549041748047,1
23.6264152526855,1
24.8849201202393,1
23.3647327423096,1
19.1400508880615,1
15.4204902648926,1
13.8654794692993,1
12.8575572967529,1
10.0193357467651,1
4.94251298904419,1
-0.456868350505829,1
-3.59819793701172,1
-3.67912435531616,1
-2.74044680595398,1
-3.41175270080566,1
-5.51172828674316,1
-6.45327520370483,1
-5.40792083740234,1
-4.88503694534302,1
-6.88440608978271,1
-9.60997295379639,1
-10.212607383728,1
-9.31503391265869,1
-10.059760093689,1
-13.2183332443237,1
-16.1576099395752,1
-17.2628631591797,1
-18.9578857421875,1
-24.673152923584,1
-33.912467956543,1
-42.0402374267578,1
-45.0357093811035,1
-43.3461456298828,1
-40.389965057373,1
-37.908805847168,1
-34.2447395324707,1
-27.8029975891113,1
-20.8025798797607,1
-17.6137866973877,1
-19.4986705780029,1
-22.9823379516602,1
-24.0867881774902,1
-22.5003719329834,1
-20.5528469085693,1
-19.6073036193848,1
-19.047399520874,1
-17.9946804046631,1
-16.4670143127441,1
-15.0148143768311,1
-14.132532119751,1
-13.7903156280518,1
-13.0252895355225,1
-10.5564937591553,1
-6.24011564254761,1
-1.14919304847717,1
3.98615050315857,1
8.99871921539307,1
12.5356092453003,1
12.289270401001,1
8.46020984649658,1
4.96218061447144,1
4.98581981658936,1
7.02401828765869,1
7.91288089752197,1
8.24329853057861,1
11.1470317840576,1
16.3381671905518,1
19.5009498596191,1
18.3937225341797,1
15.8971996307373,1
15.4022521972656,1
16.2946376800537,1
16.1860485076904,1
15.0957403182983,1
14.7824039459229,1
15.5675792694092,1
16.3065299987793,1
16.3344345092773,1
15.1783437728882,1
11.4663591384888,1
4.65639495849609,1
-2.78847670555115,1
-7.4112982749939,1
-8.67638874053955,1
-8.68455028533936,1
-8.41411590576172,1
-6.98166179656982,1
-4.86400175094604,1
-4.87945747375488,1
-8.50937652587891,1
-13.2337207794189,1
-15.1664428710938,1
-13.096999168396,1
-8.55114269256592,1
-3.00198173522949,1
3.29681468009949,1
10.24635887146,1
17.2774105072021,1
23.8850841522217,1
29.7578258514404,1
34.2594299316406,1
36.6579132080078,1
37.1889533996582,1
37.2727317810059,1
38.1547508239746,1
39.4800224304199,1
39.5548820495605,1
37.0595588684082,1
32.3752288818359,1
27.3268718719482,1
23.9358100891113,1
23.35036277771,1
25.252269744873,1
27.78102684021,1
28.6363487243652,1
27.0665760040283,1
24.303279876709,1
21.2005023956299,1
16.4221210479736,1
8.77899360656738,1
0.627511918544769,1
-3.91401147842407,1
-4.43974590301514,1
-4.78841590881348,1
-6.93535995483398,1
-7.85919141769409,1
-5.05024814605713,1
-1.92509341239929,1
-3.67488884925842,1
-9.58697891235352,1
-14.1351070404053,1
-15.128586769104,1
-15.9784679412842,1
-19.1476764678955,1
-21.9963283538818,1
-21.4043731689453,1
-19.0178756713867,1
-18.7936191558838,1
-21.3014335632324,1
-23.4416599273682,1
-22.9819374084473,1
-20.9581565856934,1
-19.7504768371582,1
-20.5380897521973,1
-22.8151092529297,1
-25.3633518218994,1
-27.5648612976074,1
-30.1636753082275,1
-34.3335876464844,1
-39.6176414489746,1
-43.6405372619629,1
-44.7082633972168,1
-43.9378509521484,1
-43.5739135742188,1
-43.5776481628418,1
-41.4577751159668,1
-35.955135345459,1
-29.6044960021973,1
-26.3745594024658,1
-27.1348991394043,1
-28.7859573364258,1
-28.1768569946289,1
-25.6037273406982,1
-23.4263954162598,1
-22.2368049621582,1
-20.2230281829834,1
-16.3039226531982,1
-12.0417566299438,1
-9.58210468292236,1
-8.92348003387451,1
-8.27939510345459,1
-6.35823726654053,1
-3.22242045402527,1
0.689313411712646,1
5.37352800369263,1
10.9209442138672,1
16.6514739990234,1
20.7622375488281,1
21.4413642883301,1
19.095495223999,1
16.9437961578369,1
18.027530670166,1
21.8298034667969,1
25.5108795166016,1
28.3553218841553,1
32.5672035217285,1
38.9500007629395,1
44.4963645935059,1
46.146900177002,1
44.9097900390625,1
43.9461669921875,1
44.1169815063477,1
44.1039962768555,1
43.934253692627,1
45.2606964111328,1
48.0221672058105,1
49.4752883911133,1
47.2942695617676,1
41.8103179931641,1
34.7269134521484,1
27.4756202697754,1
21.3765182495117,1
17.4057903289795,1
14.7672481536865,1
11.3758087158203,1
6.83473873138428,1
3.16796708106995,1
1.18302583694458,1
-1.92619562149048,1
-8.90829849243164,1
-17.6674365997314,1
-23.237060546875,1
-24.2833385467529,1
-24.3557071685791,1
-25.9675674438477,1
-26.9708404541016,1
-25.0980319976807,1
-23.2668132781982,1
-26.6575393676758,1
-35.5550994873047,1
-44.767765045166,1
-50.2748069763184,1
-53.057315826416,1
-55.4101676940918,1
-56.7372550964355,1
-55.2392158508301,1
-51.7247428894043,1
-49.2303276062012,1
-49.6572532653809,1
-52.5428199768066,1
-56.4699211120605,1
-60.1934547424316,1
-63.0015144348145,1
-65.2780685424805,1
-68.1085815429688,1
-71.3829116821289,1
-73.4861297607422,1
-74.1924438476562,1
-76.3220138549805,1
-82.3275375366211,1
-90.3042526245117,1
-95.9894561767578,1
-98.2000885009766,1
-99.5264434814453,1
-101.71475982666,1
-103.448097229004,1
-103.574668884277,1
-103.712875366211,1
-105.842140197754,1
-109.131797790527,1
-111.095512390137,1
-110.901054382324,1
-109.876831054688,1
-109.191207885742,1
-108.302467346191,1
-105.720802307129,1
-100.864616394043,1
-95.3520278930664,1
-92.1565551757812,1
-92.3052368164062,1
-92.4423294067383,1
-87.5092849731445,1
-76.5913467407227,1
-64.2825164794922,1
-55.0293807983398,1
-48.0582656860352,1
-39.9942359924316,1
-30.8725280761719,1
-24.2730102539062,1
-21.5670738220215,1
-19.2777252197266,1
-13.557373046875,1
-5.07100677490234,1
2.51420712471008,1
7.5461254119873,1
11.5834054946899,1
15.8359117507935,1
18.6887817382812,1
17.941276550293,1
14.4625072479248,1
12.0816516876221,1
13.5695056915283,1
17.6638011932373,1
20.9174861907959,1
22.0676689147949,1
23.1345767974854,1
25.5836238861084,1
26.9325942993164,1
23.2765579223633,1
14.9851026535034,1
7.51575660705566,1
5.4730281829834,1
7.64430284500122,1
9.5552339553833,1
9.45160675048828,1
9.2430419921875,1
10.0193271636963,1
9.58933067321777,1
5.63639211654663,1
-0.532584011554718,1
-4.98779678344727,1
-5.16491937637329,1
-1.67705273628235,1
3.38563013076782,1
8.76255989074707,1
14.3225517272949,1
19.5685253143311,1
22.5982189178467,1
21.4818496704102,1
17.0090293884277,1
12.9339179992676,1
12.2390584945679,1
13.9149560928345,1
15.0228052139282,1
15.1342554092407,1
16.2233695983887,1
18.2835464477539,1
18.2502899169922,1
14.576587677002,1
10.1711645126343,1
8.67286968231201,1
9.7119312286377,1
10.1947832107544,1
8.94723510742188,1
7.61077499389648,1
7.57500648498535,1
8.21139717102051,1
7.98540782928467,1
5.77462434768677,1
1.45867252349854,1
-3.48460912704468,1
-6.65993499755859,1
-7.40129709243774,1
-7.80152320861816,1
-9.58730220794678,1
-11.3602533340454,1
-11.2598323822021,1
-11.0766859054565,1
-14.3667364120483,1
-20.6856918334961,1
-25.247184753418,1
-25.2254409790039,1
-23.3084774017334,1
-23.384256362915,1
-25.2485275268555,1
-25.8451118469238,1
-24.1788311004639,1
-22.6121807098389,1
-23.7282619476318,1
-27.5284996032715,1
-31.5751132965088,1
-32.8834114074707,1
-29.9563846588135,1
-23.8090114593506,1
-16.8901920318604,1
-10.7695007324219,1
-5.50179576873779,1
-1.32432639598846,1
0.528759360313416,1
-0.280630260705948,1
-1.73638653755188,1
-1.48510634899139,1
0.28724330663681,1
1.56434631347656,1
1.8249192237854,1
2.94506859779358,1
6.34563016891479,1
10.6196670532227,1
13.0143690109253,1
12.6996002197266,1
11.6051111221313,1
11.9950075149536,1
13.9261131286621,1
15.6316385269165,1
16.1466751098633,1
16.5340595245361,1
17.7752857208252,1
18.270622253418,1
15.2342538833618,1
8.88435554504395,1
3.30306768417358,1
1.7668696641922,1
2.80158305168152,1
3.02088379859924,1
2.73151087760925,1
5.44747638702393,1
11.4753675460815,1
15.4595460891724,1
12.5450677871704,1
4.77924013137817,1
-1.50468444824219,1
-3.61810898780823,1
-4.73548364639282,1
-8.18446826934814,1
-12.6635007858276,1
-14.6941022872925,1
-13.8571491241455,1
-13.4175729751587,1
-16.2124919891357,1
-21.5148162841797,1
-26.1915016174316,1
-28.057149887085,1
-27.6236209869385,1
-26.8256816864014,1
-26.5676212310791,1
-26.1651439666748,1
-25.3931655883789,1
-26.0487613677979,1
-30.0961380004883,1
-36.5155754089355,1
-41.6955032348633,1
-43.452522277832,1
-43.1477813720703,1
-42.9809951782227,1
-42.7659568786621,1
-40.9654731750488,1
-37.840461730957,1
-35.4559669494629,1
-34.631649017334,1
-33.7100257873535,1
-30.9167499542236,1
-26.7085189819336,1
-23.0100879669189,1
-20.7868309020996,1
-19.0985164642334,1
-16.5102214813232,1
-13.2223844528198,1
-11.5571203231812,1
-13.6943674087524,1
-18.6530380249023,1
-22.4616184234619,1
-22.2022972106934,1
-19.0616073608398,1
-16.2254753112793,1
-14.7585163116455,1
-13.5217428207397,1
-12.5858268737793,1
-14.0125913619995,1
-18.6010913848877,1
-24.1412963867188,1
-28.0255832672119,1
-29.7210884094238,1
-29.5015811920166,1
-26.8344192504883,1
-21.9621028900146,1
-17.4883155822754,1
-16.0276908874512,1
-17.0768489837646,1
-18.2971115112305,1
-19.2203598022461,1
-21.455696105957,1
-25.5107612609863,1
-29.5812149047852,1
-31.5966873168945,1
-30.7255115509033,1
-27.0625324249268,1
-21.8946285247803,1
-18.1954288482666,1
-18.3842124938965,1
-21.0339031219482,1
-22.0294914245605,1
-19.6314849853516,1
-15.9733629226685,1
-12.603630065918,1
-7.46892261505127,1
1.44020068645477,1
11.6733264923096,1
18.575984954834,1
21.038969039917,1
22.2961597442627,1
25.3105659484863,1
29.7809448242188,1
33.8225631713867,1
36.4534492492676,1
37.8671875,1
38.7588729858398,1
39.7705345153809,1
40.4724655151367,1
39.1000862121582,1
34.871021270752,1
30.2679271697998,1
28.8305473327637,1
30.5138244628906,1
31.7073669433594,1
30.455638885498,1
28.7348918914795,1
28.0227012634277,1
25.7102108001709,1
18.9817276000977,1
10.1689424514771,1
4.31436967849731,1
2.07526826858521,1
-0.9744011759758,1
-7.51891899108887,1
-14.7859573364258,1
-19.2260437011719,1
-21.6586170196533,1
-25.147481918335,1
-29.8459796905518,1
-32.911506652832,1
-32.6544418334961,1
-30.1972045898438,1
-27.2706050872803,1
-24.4973278045654,1
-21.9236621856689,1
-19.5334854125977,1
-17.0652523040771,1
-14.5986309051514,1
-13.1171226501465,1
-13.0464973449707,1
-12.5975704193115,1
-9.47463321685791,1
-4.20225620269775,1
0.38714861869812,1
3.28885865211487,1
6.44728231430054,1
10.6400480270386,1
12.7929210662842,1
9.78384208679199,1
3.47296404838562,1
-0.791187584400177,1
-0.294358104467392,1
2.90888571739197,1
6.12454986572266,1
9.62843322753906,1
14.7911586761475,1
20.5255393981934,1
23.8706855773926,1
23.6916370391846,1
21.8966941833496,1
20.6491813659668,1
19.8630466461182,1
18.299560546875,1
16.0549373626709,1
14.5609483718872,1
14.3026466369629,1
13.8031816482544,1
11.3972930908203,1
7.38550424575806,1
3.86454629898071,1
2.58556127548218,1
3.24033331871033,1
3.80268669128418,1
2.60359048843384,1
0.23942819237709,1
-0.889040052890778,1
0.546752274036407,1
2.81638026237488,1
3.13896155357361,1
1.59453558921814,1
1.38578402996063,1
4.39599704742432,1
8.03422451019287,1
8.23341751098633,1
4.84388446807861,1
1.93059861660004,1
2.38651585578918,1
4.07396030426025,1
2.54774212837219,1
-3.31185865402222,1
-9.85617446899414,1
-12.7972793579102,1
-11.4676551818848,1
-8.3223876953125,1
-5.30425691604614,1
-2.39285135269165,1
0.19116847217083,1
0.389155507087708,1
-3.38700675964355,1
-9.22603702545166,1
-13.0736665725708,1
-13.2936153411865,1
-12.1652221679688,1
-12.3185720443726,1
-13.373459815979,1
-13.299201965332,1
-11.8813343048096,1
-11.126895904541,1
-12.3962173461914,1
-14.4257879257202,1
-14.6157789230347,1
-11.6762228012085,1
-6.4863805770874,1
-0.459293752908707,1
6.18047904968262,1
13.5600280761719,1
19.8302268981934,1
21.5468940734863,1
17.6958656311035,1
11.9705419540405,1
8.99064826965332,1
9.02256011962891,1
8.79794311523438,1
7.04739332199097,1
6.06418228149414,1
7.13130140304565,1
7.5267014503479,1
3.95359253883362,1
-3.09814476966858,1
-10.3305320739746,1
-15.4957571029663,1
-18.4617366790771,1
-19.5667591094971,1
-18.7957439422607,1
-16.251537322998,1
-12.4517374038696,1
-8.66179847717285,1
-7.17144870758057,1
-9.64697265625,1
-14.398754119873,1
-17.1437549591064,1
-15.8333911895752,1
-12.9407358169556,1
-11.3571128845215,1
-10.114429473877,1
-6.79309701919556,1
-2.61196541786194,1
-1.60775685310364,1
-4.84326314926147,1
-8.59750556945801,1
-9.17429161071777,1
-7.04109573364258,1
-4.87517786026001,1
-3.43613719940186,1
-1.35476684570312,1
1.69603669643402,1
3.50217437744141,1
1.56099927425385,1
-3.82545256614685,1
-9.35147762298584,1
-11.7649450302124,1
-10.8961992263794,1
-9.28702259063721,1
-8.98548698425293,1
-9.57578277587891,1
-9.78815174102783,1
-10.0938920974731,1
-12.436713218689,1
-17.4367160797119,1
-22.9370155334473,1
-25.8606433868408,1
-25.067834854126,1
-21.9413738250732,1
-18.4617767333984,1
-15.465184211731,1
-13.1645421981812,1
-12.70680809021,1
-15.844256401062,1
-22.5037727355957,1
-29.7686023712158,1
-34.5243148803711,1
-36.6218070983887,1
-38.0702209472656,1
-39.4634666442871,1
-39.1393013000488,1
-36.3688125610352,1
-33.5185356140137,1
-33.6914291381836,1
-37.2122611999512,1
-41.6336669921875,1
-44.4052543640137,1
-44.294002532959,1
-40.8969268798828,1
-34.4608039855957,1
-26.3798866271973,1
-18.7796783447266,1
-13.2201194763184,1
-10.1233081817627,1
-9.03724193572998,1
-8.67512226104736,1
-7.24361753463745,1
-4.08301782608032,1
-0.873590707778931,1
0.266971558332443,1
0.102426953613758,1
1.98689472675323,1
7.35462427139282,1
13.0722379684448,1
14.9995918273926,1
13.3384132385254,1
12.373987197876,1
14.964427947998,1
19.4970283508301,1
23.2153701782227,1
26.5263042449951,1
31.7916774749756,1
38.579704284668,1
42.7455749511719,1
41.1694526672363,1
35.7219619750977,1
31.0177707672119,1
29.1568965911865,1
28.5088043212891,1
27.478401184082,1
27.21755027771,1
29.303243637085,1
32.1165008544922,1
31.720458984375,1
26.578182220459,1
19.8207092285156,1
15.9501934051514,1
16.2855567932129,1
18.8197269439697,1
21.8820190429688,1
26.0436668395996,1
31.7907562255859,1
36.9249954223633,1
38.1732177734375,1
35.2788238525391,1
31.7676773071289,1
30.7984275817871,1
31.4847927093506,1
30.8040924072266,1
28.4637413024902,1
27.6370525360107,1
30.1214084625244,1
32.6599769592285,1
30.0510959625244,1
21.3549137115479,1
11.0752077102661,1
3.94568848609924,1
0.286603033542633,1
-2.6023542881012,1
-5.9728364944458,1
-8.40627002716064,1
-8.79862308502197,1
-8.80159091949463,1
-11.3084897994995,1
-17.0754146575928,1
-23.7856998443604,1
-28.6206035614014,1
-31.1362819671631,1
-33.02978515625,1
-35.3613243103027,1
-37.0723190307617,1
-36.8300399780273,1
-35.5200538635254,1
-35.6842155456543,1
-38.5356063842773,1
-42.5896530151367,1
-45.4832038879395,1
-46.2241020202637,1
-45.3046073913574,1
-43.6019134521484,1
-41.9778823852539,1
-41.4013977050781,1
-42.5445098876953,1
-45.1622581481934,1
-48.152229309082,1
-50.226634979248,1
-50.6338272094727,1
-49.5606994628906,1
-47.7113723754883,1
-45.1180953979492,1
-40.8497581481934,1
-34.7549781799316,1
-28.8932018280029,1
-25.6045112609863,1
-24.2218399047852,1
-21.6438903808594,1
-16.6661262512207,1
-11.6756134033203,1
-8.93984031677246,1
-7.1754903793335,1
-3.54611086845398,1
2.35748767852783,1
8.39527320861816,1
12.644998550415,1
14.5076370239258,1
14.2015419006348,1
13.2936115264893,1
14.8236522674561,1
20.4386749267578,1
27.8091506958008,1
33.220085144043,1
36.2995910644531,1
39.4748992919922,1
42.9410438537598,1
43.6266899108887,1
40.1987190246582,1
35.8999214172363,1
34.35595703125,1
34.9255790710449,1
34.6504440307617,1
33.0626487731934,1
32.1028175354004,1
31.9335269927979,1
29.8044605255127,1
23.7533016204834,1
15.5201444625854,1
8.74760246276855,1
5.24423360824585,1
3.86852073669434,1
2.64575004577637,1
1.20466303825378,1
0.835301578044891,1
2.29734563827515,1
4.25943517684937,1
4.80161905288696,1
4.29790449142456,1
5.40723133087158,1
9.60941123962402,1
15.1467561721802,1
19.6397857666016,1
23.5508632659912,1
29.0706939697266,1
35.9784812927246,1
40.9045372009277,1
41.4398918151855,1
39.2985954284668,1
38.180736541748,1
39.5397491455078,1
41.8488121032715,1
43.4821090698242,1
44.601619720459,1
45.7470359802246,1
45.9135055541992,1
43.4129371643066,1
38.4917144775391,1
33.8314666748047,1
31.7666320800781,1
31.727029800415,1
31.4057292938232,1
29.9950866699219,1
28.7457599639893,1
28.0052032470703,1
25.3760204315186,1
18.2541027069092,1
7.42896270751953,1
-3.41260766983032,1
-11.6346006393433,1
-17.7363510131836,1
-23.4098491668701,1
-28.9745712280273,1
-33.470401763916,1
-36.3839302062988,1
-38.3991584777832,1
-40.6941070556641,1
-43.8742370605469,1
-47.353630065918,1
-49.7328147888184,1
-50.2127494812012,1
-49.4833564758301,1
-48.4805908203125,1
-46.5718727111816,1
-42.3974533081055,1
-36.6912879943848,1
-32.4354858398438,1
-31.1256103515625,1
-30.3734607696533,1
-26.797981262207,1
-20.236421585083,1
-13.2521276473999,1
-7.23172760009766,1
-1.31674480438232,1
4.71420907974243,1
8.91089153289795,1
9.68294525146484,1
8.37722110748291,1
7.91884469985962,1
9.59124565124512,1
12.3628206253052,1
15.0686130523682,1
18.0620994567871,1
22.2929573059082,1
27.2410755157471,1
30.4495716094971,1
29.6940631866455,1
25.7272281646729,1
22.0769157409668,1
21.26611328125,1
21.7746963500977,1
20.1074237823486,1
15.7208309173584,1
11.9911108016968,1
11.4527282714844,1
11.8572149276733,1
8.85379695892334,1
1.75115358829498,1
-5.60498523712158,1
-9.80562305450439,1
-11.5716934204102,1
-13.4636688232422,1
-15.7128171920776,1
-16.3842735290527,1
-15.0460958480835,1
-13.9880399703979,1
-15.2019987106323,1
-17.8464851379395,1
-19.8005676269531,1
-20.4590492248535,1
-20.4427223205566,1
-19.270320892334,1
-15.2572317123413,1
-8.03100109100342,1
0.180067107081413,1
6.25824165344238,1
8.41468048095703,1
6.79355478286743,1
3.26280736923218,1
0.895608723163605,1
1.98288786411285,1
5.5387544631958,1
8.00966548919678,1
7.46950578689575,1
5.7391357421875,1
5.02114152908325,1
4.14970350265503,1
0.679253816604614,1
-4.36345529556274,1
-7.2227897644043,1
-7.18632507324219,1
-8.08472442626953,1
-12.4321737289429,1
-17.3138160705566,1
-19.1089134216309,1
-19.9930591583252,1
-25.5373191833496,1
-36.3937110900879,1
-46.7359352111816,1
-52.0446701049805,1
-54.5280799865723,1
-58.3630714416504,1
-62.6525001525879,1
-62.917293548584,1
-58.3391265869141,1
-53.5899391174316,1
-52.9454078674316,1
-55.5348129272461,1
-57.7043800354004,1
-57.9950828552246,1
-57.951171875,1
-58.8868560791016,1
-59.6139907836914,1
-57.8652877807617,1
-53.5148735046387,1
-49.7440452575684,1
-50.1855010986328,1
-54.5931282043457,1
-58.329216003418,1
-57.1157569885254,1
-51.4261856079102,1
-44.7698822021484,1
-38.5145034790039,1
-30.8118381500244,1
-20.8589820861816,1
-11.6513843536377,1
-6.85062456130981,1
-6.26172161102295,1
-6.28506088256836,1
-4.53894805908203,1
-2.41727495193481,1
-2.5194103717804,1
-4.59881782531738,1
-5.44760465621948,1
-3.08572697639465,1
0.210527077317238,1
0.493935972452164,1
-2.80004239082336,1
-6.44428491592407,1
-8.2251148223877,1
-9.48339748382568,1
-11.4899015426636,1
-12.0779428482056,1
-8.8836669921875,1
-4.32249689102173,1
-3.70541930198669,1
-8.56712341308594,1
-14.9447240829468,1
-18.580322265625,1
-19.0917663574219,1
-18.4815769195557,1
-18.2000255584717,1
-18.7309455871582,1
-20.0353755950928,1
-21.4542598724365,1
-22.7349681854248,1
-25.3817024230957,1
-30.8815021514893,1
-37.422981262207,1
-41.1835746765137,1
-41.6590576171875,1
-42.671501159668,1
-46.5971908569336,1
-50.6411476135254,1
-51.2077674865723,1
-49.407600402832,1
-49.1679267883301,1
-51.5682373046875,1
-54.2988395690918,1
-55.8052368164062,1
-56.6391716003418,1
-56.7433967590332,1
-54.5108184814453,1
-49.5385818481445,1
-44.2494506835938,1
-41.5802116394043,1
-42.1199226379395,1
-44.1659507751465,1
-45.7070388793945,1
-45.9286994934082,1
-45.5462265014648,1
-45.967357635498,1
-47.6082801818848,1
-49.2379608154297,1
-49.8173828125,1
-50.527099609375,1
-53.4203491210938,1
-58.0163383483887,1
-61.0790596008301,1
-60.5401077270508,1
-57.8668365478516,1
-55.0748329162598,1
-50.9645843505859,1
-42.9225463867188,1
-32.1691513061523,1
-24.2894802093506,1
-23.1758556365967,1
-26.399133682251,1
-28.5083675384521,1
-27.5641918182373,1
-25.9103260040283,1
-25.1188545227051,1
-23.4116191864014,1
-19.1341018676758,1
-14.1937656402588,1
-12.0193901062012,1
-13.4908437728882,1
-16.6884632110596,1
-19.5818691253662,1
-21.1417980194092,1
-20.7353687286377,1
-18.5711784362793,1
-16.416296005249,1
-16.0211277008057,1
-17.0503387451172,1
-18.2010192871094,1
-19.8278408050537,1
-23.3325099945068,1
-28.1939716339111,1
-32.0134582519531,1
-33.7695007324219,1
-34.7181167602539,1
-35.6241035461426,1
-35.630428314209,1
-34.8937950134277,1
-35.891773223877,1
-40.3425483703613,1
-46.4926109313965,1
-51.2191467285156,1
-53.6512069702148,1
-55.1874809265137,1
-56.9606895446777,1
-58.7717437744141,1
-59.8068351745605,1
-59.2875862121582,1
-57.1926803588867,1
-55.088493347168,1
-54.9136428833008,1
-55.994312286377,1
-55.0781326293945,1
-50.9017486572266,1
-46.7451782226562,1
-46.0010032653809,1
-46.9269599914551,1
-45.2800369262695,1
-41.4179763793945,1
-40.5985488891602,1
-45.2737007141113,1
-50.857608795166,1
-51.4936485290527,1
-47.4013710021973,1
-43.5325813293457,1
-42.4670486450195,1
-42.0339736938477,1
-39.8995246887207,1
-37.3708000183105,1
-37.2365112304688,1
-39.6480903625488,1
-41.9211959838867,1
-41.8257331848145,1
-39.6814727783203,1
-37.1846466064453,1
-35.1415710449219,1
-32.8236312866211,1
-29.311559677124,1
-25.172155380249,1
-22.4871215820312,1
-22.7686424255371,1
-24.8550853729248,1
-25.6336250305176,1
-23.2954978942871,1
-19.1627902984619,1
-15.6410083770752,1
-13.3127727508545,1
-11.4355525970459,1
-10.6010293960571,1
-12.605541229248,1
-17.1902046203613,1
-21.0745162963867,1
-21.6367206573486,1
-20.0201358795166,1
-18.8994197845459,1
-18.4347076416016,1
-16.7291736602783,1
-13.8256483078003,1
-12.7554368972778,1
-15.9642219543457,1
-22.3552188873291,1
-28.659839630127,1
-32.5750274658203,1
-33.8510055541992,1
-33.2408409118652,1
-31.2390537261963,1
-27.6490650177002,1
-22.3236770629883,1
-16.603443145752,1
-13.2465867996216,1
-13.6107025146484,1
-15.3617544174194,1
-14.7914199829102,1
-11.3263959884644,1
-7.59455585479736,1
-4.80188179016113,1
-0.942728102207184,1
4.91029691696167,1
9.3303804397583,1
8.4833288192749,1
3.86413240432739,1
0.794934570789337,1
1.50071477890015,1
2.88255190849304,1
1.89672243595123,1
0.20194399356842,1
1.43206977844238,1
5.52796840667725,1
8.31215953826904,1
6.65259695053101,1
2.23418140411377,1
-0.535373389720917,1
0.634231209754944,1
4.22427988052368,1
7.74555253982544,1
10.8687534332275,1
14.7244567871094,1
18.8040332794189,1
20.490234375,1
18.5505714416504,1
15.7273330688477,1
16.1269226074219,1
20.4384956359863,1
25.5485858917236,1
29.1169166564941,1
32.5507278442383,1
38.1192436218262,1
44.4969215393066,1
47.3886108398438,1
44.67431640625,1
39.1142845153809,1
35.0177192687988,1
33.3941192626953,1
31.7534618377686,1
28.2225074768066,1
24.2725963592529,1
22.8317108154297,1
24.5971641540527,1
27.0128517150879,1
26.7070693969727,1
22.5750751495361,1
16.5964870452881,1
11.7992105484009,1
9.36235809326172,1
7.91578245162964,1
5.92905282974243,1
4.05979108810425,1
3.93330407142639,1
4.98203802108765,1
4.5011682510376,1
1.49480080604553,1
-1.49473285675049,1
-1.81644904613495,1
-0.311913132667542,1
0.513517379760742,1
0.64886337518692,1
2.26075434684753,1
5.63863801956177,1
8.31497573852539,1
8.86096382141113,1
9.16215324401855,1
11.632851600647,1
15.8556327819824,1
19.5296096801758,1
21.8383255004883,1
24.4116363525391,1
28.9822521209717,1
34.749382019043,1
38.3187446594238,1
36.728401184082,1
31.0609245300293,1
26.3102722167969,1
26.42502784729,1
30.0965614318848,1
33.0878562927246,1
33.9233207702637,1
34.5079765319824,1
35.1909561157227,1
32.9691925048828,1
26.3606033325195,1
18.8514881134033,1
14.4781904220581,1
12.087836265564,1
7.6012167930603,1
1.01764380931854,1
-2.75528597831726,1
-0.623835861682892,1
4.37759447097778,1
7.01457262039185,1
5.94518280029297,1
4.18708992004395,1
4.88219785690308,1
8.32141399383545,1
12.577751159668,1
15.7450695037842,1
17.6859836578369,1
20.2218341827393,1
25.1670684814453,1
31.6968402862549,1
36.5511207580566,1
37.7602615356445,1
37.2527694702148,1
38.3689842224121,1
41.4781379699707,1
43.980827331543,1
44.5139617919922,1
44.8018608093262,1
46.4773750305176,1
48.2675399780273,1
48.1733512878418,1
46.9697036743164,1
47.2323875427246,1
49.5927047729492,1
52.3965339660645,1
54.983642578125,1
58.6905517578125,1
63.7654876708984,1
67.508544921875,1
67.0222015380859,1
62.5354804992676,1
56.7205924987793,1
51.7493553161621,1
48.1673812866211,1
45.6700973510742,1
43.716682434082,1
41.9817314147949,1
40.9455223083496,1
41.0803489685059,1
40.9556884765625,1
38.0223426818848,1
32.5647010803223,1
28.7655544281006,1
29.6626834869385,1
32.9365081787109,1
34.5851249694824,1
35.0876274108887,1
37.9420318603516,1
42.8268013000488,1
44.9900436401367,1
42.32958984375,1
38.585880279541,1
37.4355506896973,1
37.4134101867676,1
35.814868927002,1
34.4350357055664,1
37.3098754882812,1
44.3056297302246,1
50.7793960571289,1
53.1109199523926,1
51.6103744506836,1
48.535816192627,1
46.1985893249512,1
46.5858268737793,1
49.6863212585449,1
52.1081657409668,1
50.2751388549805,1
45.1137237548828,1
40.5063629150391,1
36.9110984802246,1
30.3277168273926,1
18.9042491912842,1
6.81965637207031,1
-0.893653035163879,1
-4.4679651260376,1
-7.38286447525024,1
-10.5858478546143,1
-12.3811302185059,1
-12.8886804580688,1
-14.8079977035522,1
-19.5283489227295,1
-25.3362312316895,1
-30.0092086791992,1
-32.9514579772949,1
-34.2938499450684,1
-33.9853057861328,1
-32.5092964172363,1
-30.8463859558105,1
-29.1549644470215,1
-27.007905960083,1
-25.2417583465576,1
-25.649299621582,1
-28.1691188812256,1
-30.3527736663818,1
-30.626220703125,1
-30.1018466949463,1
-29.7879447937012,1
-28.1304626464844,1
-23.6360378265381,1
-18.417896270752,1
-16.1577701568604,1
-16.9699153900146,1
-17.2212619781494,1
-14.8166399002075,1
-11.8249464035034,1
-10.6189270019531,1
-9.93905830383301,1
-7.14452219009399,1
-3.00607800483704,1
-1.48843240737915,1
-4.67996597290039,1
-10.1181449890137,1
-14.0267724990845,1
-15.7839851379395,1
-17.8965110778809,1
-22.0868663787842,1
-26.6915435791016,1
-28.4258937835693,1
-26.3325824737549,1
-23.2601852416992,1
-22.8045387268066,1
-24.9179725646973,1
-25.6856632232666,1
-22.1994781494141,1
-16.4871578216553,1
-12.8570499420166,1
-11.9872150421143,1
-10.3783283233643,1
-6.39346742630005,1
-3.90224981307983,1
-7.44805431365967,1
-15.5997400283813,1
-22.3705806732178,1
-24.7311668395996,1
-25.2958183288574,1
-26.9260902404785,1
-28.0795955657959,1
-25.7315063476562,1
-20.7372398376465,1
-17.3918151855469,1
-18.1746864318848,1
-21.1413803100586,1
-22.6401519775391,1
-21.0407180786133,1
-17.4816741943359,1
-14.1221179962158,1
-12.2158279418945,1
-11.458833694458,1
-11.0112733840942,1
-11.1261167526245,1
-13.1219348907471,1
-17.2551212310791,1
-21.3967399597168,1
-22.8431720733643,1
-21.1380100250244,1
-18.2516307830811,1
-16.2669410705566,1
-15.8094444274902,1
-16.6096630096436,1
-18.5880832672119,1
-21.9487285614014,1
-26.4705581665039,1
-30.9203033447266,1
-33.4867744445801,1
-33.3543815612793,1
-31.6765060424805,1
-30.1076622009277,1
-28.6221656799316,1
-26.2996730804443,1
-24.1464385986328,1
-24.5879497528076,1
-27.1503849029541,1
-27.4210319519043,1
-22.546422958374,1
-15.4836549758911,1
-10.8034524917603,1
-8.10545825958252,1
-3.47965455055237,1
3.36845970153809,1
7.96453332901001,1
7.72850942611694,1
5.7590970993042,1
6.1806697845459,1
8.82719326019287,1
10.7926921844482,1
10.9736614227295,1
10.6096448898315,1
10.6393013000488,1
10.6105213165283,1
9.50856685638428,1
6.35265207290649,1
0.878061413764954,1
-5.34535551071167,1
-9.70694732666016,1
-11.5780162811279,1
-13.144965171814,1
-16.0053253173828,1
-18.7062797546387,1
-19.6269512176514,1
-20.7420234680176,1
-25.707426071167,1
-34.659351348877,1
-43.6075057983398,1
-49.3796539306641,1
-53.0205993652344,1
-57.5302810668945,1
-63.9493522644043,1
-70.841194152832,1
-76.6769027709961,1
-81.5487823486328,1
-86.6182174682617,1
-92.3961563110352,1
-97.7783966064453,1
-101.001136779785,1
-101.546005249023,1
-100.397895812988,1
-98.0925598144531,1
-93.7057495117188,1
-86.9641342163086,1
-80.319465637207,1
-76.9284057617188,1
-76.7823486328125,1
-76.8831253051758,1
-75.5469207763672,1
-74.3974685668945,1
-75.1203842163086,1
-76.2520294189453,1
-75.111457824707,1
-71.8951873779297,1
-69.7425765991211,1
-70.7231674194336,1
-73.3564910888672,1
-74.6186904907227,1
-73.3641204833984,1
-70.9974594116211,1
-69.2134628295898,1
-67.9723358154297,1
-66.180534362793,1
-64.0741958618164,1
-63.923267364502,1
-67.5624542236328,1
-73.7213363647461,1
-79.0013961791992,1
-81.4776000976562,1
-82.0637054443359,1
-82.1238632202148,1
-81.3347625732422,1
-78.8245010375977,1
-75.1875610351562,1
-72.1642150878906,1
-70.9972152709961,1
-71.8367538452148,1
-73.7758178710938,1
-74.701530456543,1
-72.4976272583008,1
-67.6698837280273,1
-63.4911270141602,1
-62.0992317199707,1
-61.8998184204102,1
-60.6067924499512,1
-58.9932098388672,1
-58.7344779968262,1
-58.0327644348145,1
-53.451789855957,1
-45.8873519897461,1
-40.3727531433105,1
-39.0158615112305,1
-38.4430160522461,1
-36.262508392334,1
-35.8073883056641,1
-40.8354911804199,1
-48.6105995178223,1
-52.7876319885254,1
-51.5949325561523,1
-48.5417709350586,1
-45.5783576965332,1
-40.5576629638672,1
-32.6838340759277,1
-26.0871429443359,1
-25.1509838104248,1
-28.859432220459,1
-32.661693572998,1
-34.4016151428223,1
-35.536491394043,1
-37.1585807800293,1
-37.7125663757324,1
-35.3526840209961,1
-30.8224105834961,1
-27.0599803924561,1
-26.6302318572998,1
-29.753210067749,1
-34.0522651672363,1
-36.1375885009766,1
-34.4134864807129,1
-30.6259918212891,1
-27.8095855712891,1
-26.6049365997314,1
-24.8881778717041,1
-21.5193157196045,1
-18.7776908874512,1
-19.5120277404785,1
-22.8995780944824,1
-25.1082458496094,1
-23.9958839416504,1
-21.10498046875,1
-18.6342239379883,1
-16.6349315643311,1
-14.5512809753418,1
-13.7694721221924,1
-16.3386001586914,1
-21.6049785614014,1
-26.192928314209,1
-27.6902809143066,1
-26.8468608856201,1
-25.5948104858398,1
-24.3145923614502,1
-22.1734943389893,1
-19.35573387146,1
-17.568323135376,1
-18.1705760955811,1
-20.4964599609375,1
-22.3052520751953,1
-21.7106533050537,1
-18.7285995483398,1
-15.1679391860962,1
-12.947811126709,1
-12.4070644378662,1
-12.5254344940186,1
-12.9715881347656,1
-15.27064037323,1
-20.9984493255615,1
-28.9518070220947,1
-35.3657531738281,1
-37.6210517883301,1
-36.8379669189453,1
-35.7646522521973,1
-34.866039276123,1
-32.3256912231445,1
-28.0327033996582,1
-25.33469581604,1
-27.1732063293457,1
-31.7458515167236,1
-34.2819938659668,1
-32.9213790893555,1
-30.5014915466309,1
-29.8783378601074,1
-29.8352375030518,1
-27.4941501617432,1
-23.1879978179932,1
-20.1696357727051,1
-19.621395111084,1
-18.6186008453369,1
-14.1526336669922,1
-7.29121732711792,1
-1.6123024225235,1
1.50076293945312,1
4.05929708480835,1
8.04806232452393,1
12.5275621414185,1
14.9130992889404,1
14.2139644622803,1
12.0819091796875,1
10.8898429870605,1
11.4285621643066,1
12.591254234314,1
12.9702224731445,1
12.4337329864502,1
11.927864074707,1
11.8066205978394,1
10.9814386367798,1
8.38809108734131,1
4.97540712356567,1
3.08639144897461,1
3.53506994247437,1
4.52887296676636,1
4.48621892929077,1
4.767258644104,1
7.61685562133789,1
11.7072925567627,1
12.3923625946045,1
7.6534595489502,1
1.61885643005371,1
-0.173634707927704,1
2.26695370674133,1
4.1039924621582,1
2.93507289886475,1
1.70995438098907,1
3.19372510910034,1
4.98650169372559,1
3.02453565597534,1
-2.10686254501343,1
-6.13600587844849,1
-7.71520900726318,1
-10.1586999893188,1
-15.7811670303345,1
-21.9172534942627,1
-24.5756187438965,1
-23.7988796234131,1
-23.1439819335938,1
-25.2203845977783,1
-29.7845249176025,1
-35.1628189086914,1
-39.4153022766113,1
-40.7471313476562,1
-38.8661231994629,1
-35.7113494873047,1
-33.2180061340332,1
-30.9836578369141,1
-28.0636215209961,1
-26.1272087097168,1
-27.7531909942627,1
-31.5956935882568,1
-32.7347984313965,1
-28.9537220001221,1
-23.3502788543701,1
-18.7880725860596,1
-13.0880374908447,1
-3.09988260269165,1
8.79763507843018,1
16.6424884796143,1
18.6931171417236,1
19.1135311126709,1
21.4097156524658,1
24.1138706207275,1
24.5907688140869,1
23.8017864227295,1
24.5336780548096,1
26.7086696624756,1
27.2296104431152,1
23.9691753387451,1
17.9690761566162,1
11.8612899780273,1
7.46138143539429,1
4.74704027175903,1
2.20650625228882,1
-1.60812616348267,1
-6.32955265045166,1
-10.326096534729,1
-13.6575927734375,1
-19.1173095703125,1
-28.7170276641846,1
-40.0988082885742,1
-48.5893974304199,1
-52.5333404541016,1
-54.3186416625977,1
-55.8858070373535,1
-55.8402633666992,1
-52.5124320983887,1
-47.8805465698242,1
-45.9215316772461,1
-47.505744934082,1
-49.1787757873535,1
-47.575122833252,1
-43.4559783935547,1
-40.2790069580078,1
-39.6069450378418,1
-39.2615051269531,1
-36.1310882568359,1
-29.9215145111084,1
-23.4841918945312,1
-19.5556373596191,1
-17.7357063293457,1
-15.1381101608276,1
-9.85343265533447,1
-2.96664929389954,1
3.30337309837341,1
8.58110618591309,1
14.070592880249,1
19.5116291046143,1
22.3894195556641,1
21.3876647949219,1
19.2328872680664,1
20.0850276947021,1
24.4825248718262,1
28.9400672912598,1
30.8375377655029,1
31.5710067749023,1
33.6706466674805,1
36.5426864624023,1
37.1693572998047,1
34.4841041564941,1
31.006893157959,1
29.6910610198975,1
30.5319480895996,1
31.162691116333,1
30.1123828887939,1
28.4525814056396,1
28.0099792480469,1
28.4810256958008,1
27.1489315032959,1
21.9918689727783,1
14.5478534698486,1
8.53126907348633,1
5.59371280670166,1
3.97127485275269,1
1.94731795787811,1
0.807702958583832,1
2.57436442375183,1
6.0460901260376,1
7.60254812240601,1
5.80017137527466,1
2.85270667076111,1
1.17159509658813,1
0.655352473258972,1
0.298746556043625,1
0.410027116537094,1
1.61918413639069,1
2.99337267875671,1
2.83482837677002,1
0.767913579940796,1
-2.14988684654236,1
-4.82031726837158,1
-6.62136268615723,1
-7.19813919067383,1
-6.76012802124023,1
-6.07352924346924,1
-5.43991613388062,1
-4.50276947021484,1
-3.75715899467468,1
-4.88067722320557,1
-8.23432540893555,1
-11.3780918121338,1
-11.9735698699951,1
-11.1496477127075,1
-11.7364301681519,1
-13.8591632843018,1
-14.9905891418457,1
-14.3420486450195,1
-14.2873830795288,1
-16.513650894165,1
-19.2716960906982,1
-20.0504665374756,1
-19.2583427429199,1
-19.4986515045166,1
-22.12770652771,1
-25.8729610443115,1
-28.2282752990723,1
-27.4070682525635,1
-23.8399906158447,1
-20.4927883148193,1
-20.4497337341309,1
-23.1047382354736,1
-24.0261173248291,1
-19.9654865264893,1
-12.7178211212158,1
-6.25005722045898,1
-1.29649019241333,1
4.53582191467285,1
11.7911214828491,1
17.518440246582,1
19.5392665863037,1
19.7183151245117,1
21.2071895599365,1
24.314640045166,1
27.3340282440186,1
30.2571697235107,1
34.9204711914062,1
41.4517936706543,1
47.0724105834961,1
49.4650917053223,1
49.6814308166504,1
50.4144897460938,1
52.5035972595215,1
54.6800346374512,1
56.2915267944336,1
58.6557693481445,1
63.2144889831543,1
69.0854034423828,1
73.0484390258789,1
72.1889495849609,1
66.9177703857422,1
61.3354988098145,1
59.6576919555664,1
61.7213096618652,1
63.0502662658691,1
60.328742980957,1
55.579719543457,1
53.0942039489746,1
53.123218536377,1
51.427375793457,1
45.4505424499512,1
38.1086959838867,1
33.8873519897461,1
33.3045654296875,1
33.4373359680176,1
32.6554679870605,1
32.3379249572754,1
34.0516166687012,1
37.0048637390137,1
38.8203239440918,1
37.8919906616211,1
34.7980995178223,1
31.8898582458496,1
31.192102432251,1
32.277156829834,1
32.9010353088379,1
32.1667900085449,1
31.7066745758057,1
32.7058372497559,1
33.402530670166,1
31.4851589202881,1
27.7401733398438,1
24.9040946960449,1
23.6647815704346,1
22.528491973877,1
21.3591899871826,1
21.9860725402832,1
24.7186965942383,1
27.0363998413086,1
26.8840141296387,1
25.0512390136719,1
23.1486206054688,1
21.3663082122803,1
19.6235256195068,1
18.9739818572998,1
20.1579303741455,1
22.2195472717285,1
24.1275215148926,1
26.4570560455322,1
29.9665145874023,1
33.8036689758301,1
36.7359733581543,1
39.0107116699219,1
41.3843269348145,1
43.462028503418,1
44.7825775146484,1
46.4493980407715,1
49.5733337402344,1
52.875415802002,1
54.1619453430176,1
53.853099822998,1
54.6498260498047,1
57.502685546875,1
60.2440528869629,1
61.0457229614258,1
61.2461967468262,1
63.2753486633301,1
66.8953857421875,1
69.0710830688477,1
67.3650588989258,1
62.420482635498,1
56.9427490234375,1
52.8607139587402,1
49.9036064147949,1
46.8696899414062,1
43.7798805236816,1
42.0658836364746,1
42.4248352050781,1
43.2630653381348,1
42.1634750366211,1
38.7296485900879,1
35.1151084899902,1
33.5493392944336,1
33.999080657959,1
34.6047706604004,1
33.8800468444824,1
31.8837337493896,1
29.4041156768799,1
26.709810256958,1
23.5698337554932,1
20.2847328186035,1
18.0606784820557,1
17.9909343719482,1
19.919246673584,1
22.7363529205322,1
25.7294769287109,1
29.1903266906738,1
33.571361541748,1
38.4221649169922,1
42.5105285644531,1
45.0011444091797,1
46.3591842651367,1
47.9334526062012,1
50.5870933532715,1
53.9794807434082,1
57.5034217834473,1
61.5229835510254,1
66.6612014770508,1
71.7480163574219,1
73.9459609985352,1
72.0857315063477,1
68.881721496582,1
68.1161956787109,1
70.0156097412109,1
71.4237747192383,1
70.7570877075195,1
70.3928756713867,1
72.7190017700195,1
75.8101196289062,1
75.6508407592773,1
71.9770278930664,1
69.001594543457,1
69.6986083984375,1
71.9283447265625,1
71.8837280273438,1
69.4322204589844,1
67.5455093383789,1
67.3707427978516,1
66.7549209594727,1
63.9284019470215,1
60.0583305358887,1
57.0273666381836,1
54.680549621582,1
51.8325881958008,1
48.6640968322754,1
46.5192527770996,1
46.1013488769531,1
47.0605010986328,1
48.6196250915527,1
49.7591781616211,1
49.9328117370605,1
50.4806747436523,1
53.6648063659668,1
58.9908676147461,1
62.565601348877,1
62.1995277404785,1
60.9513549804688,1
62.4769248962402,1
64.6902770996094,1
62.2525100708008,1
54.5753860473633,1
46.6238136291504,1
41.3253631591797,1
35.9216117858887,1
27.4564647674561,1
17.5429553985596,1
9.12554454803467,1
2.13875699043274,1
-4.49485540390015,1
-9.48857021331787,0
-11.3928604125977,0
-12.1389322280884,0
-14.7576951980591,0
-18.7700862884521,0
-21.1606540679932,0
-21.1063938140869,0
-20.5312232971191,0
-20.3945178985596,0
-19.5452919006348,0
-17.341402053833,0
-14.6463441848755,0
-11.8618278503418,0
-8.3337230682373,0
-4.10915946960449,0
-0.146071687340736,0
3.57569217681885,0
8.03102207183838,0
12.851616859436,0
16.3092460632324,0
18.2985858917236,0
21.0598888397217,0
25.7227401733398,0
30.1296272277832,0
31.729793548584,0
31.1474208831787,0
31.0878295898438,0
32.7320556640625,0
35.0797386169434,0
37.3080711364746,0
39.8980941772461,0
43.3315467834473,0
47.1081657409668,0
50.3761024475098,0
52.5384674072266,0
53.0989875793457,0
52.0200080871582,0
50.577693939209,0
50.7089996337891,0
52.7270431518555,0
54.5238990783691,0
54.0419082641602,0
52.0140380859375,0
51.1199951171875,0
52.6641159057617,0
55.3925285339355,0
57.7523536682129,0
59.8591957092285,0
62.3949432373047,0
64.7374725341797,0
65.5475769042969,0
64.6576614379883,0
63.0042610168457,0
60.8793869018555,0
57.6055335998535,0
53.0857353210449,0
48.487361907959,0
45.1318283081055,0
43.7947425842285,0
45.2783164978027,0
50.1819610595703,0
57.2869644165039,0
63.3987236022949,0
66.0312957763672,0
65.6723709106445,0
64.5167007446289,0
63.7146110534668,0
63.0179443359375,0
62.5080871582031,0
63.0713043212891,0
65.0098648071289,0
67.4138717651367,0
69.3636779785156,0
70.919807434082,0
72.4546127319336,0
73.700569152832,0
74.1882629394531,0
74.4388732910156,0
76.0760498046875,0
80.3451614379883,0
86.4414367675781,0
91.5480117797852,0
93.0549545288086,0
91.0360870361328,0
88.2153701782227,0
87.1563873291016,0
87.8300399780273,0
88.3664627075195,0
87.6549682617188,0
86.2254257202148,0
84.7131271362305,0
82.7063751220703,0
79.6440658569336,0
75.9043350219727,0
72.1650695800781,0
68.3032379150391,0
63.869312286377,0
59.2516098022461,0
55.3233947753906,0
52.1258316040039,0
49.0445785522461,0
46.3069534301758,0
45.0125846862793,0
45.3405494689941,0
46.0734519958496,0
46.5776290893555,0
47.8729095458984,0
50.6368980407715,0
53.5105667114258,0
55.1054306030273,0
56.6949501037598,0
60.6709060668945,0
66.6755065917969,0
71.7194213867188,0
74.4448623657227,0
76.7582168579102,0
80.2339782714844,0
83.3403549194336,0
84.091423034668,0
83.5237350463867,0
84.0067596435547,0
85.1824493408203,0
84.3904342651367,0
80.9824447631836,0
77.5913925170898,0
76.5654602050781,0
77.3677368164062,0
78.3845901489258,0
79.218391418457,0
79.7777786254883,0
78.8366317749023,0
75.4434432983398,0
70.7817306518555,0
66.7570495605469,0
63.3862266540527,0
59.5211143493652,0
55.7671279907227,0
54.4015617370605,0
55.9670829772949,0
57.9373817443848,0
57.7538757324219,0
55.7854957580566,0
54.2586860656738,0
54.4124755859375,0
55.8724708557129,0
57.9990921020508,0
60.5860900878906,0
63.5037002563477,0
66.489631652832,0
69.1732864379883,0
71.0775680541992,0
72.2295150756836,0
73.9606094360352,0
77.9593353271484,0
83.9268112182617,0
89.3919448852539,0
92.7010269165039,0
94.8412628173828,0
97.114990234375,0
98.530632019043,0
97.4335479736328,0
94.6285705566406,0
92.5085906982422,0
91.554817199707,0
90.1489486694336,0
87.8496704101562,0
86.3030166625977,0
86.2434005737305,0
85.8996353149414,0
83.577507019043,0
80.0134048461914,0
76.7596282958984,0
73.659294128418,0
69.5112991333008,0
64.3035125732422,0
59.2255172729492,0
54.9762420654297,0
51.4330368041992,0
48.7520332336426,0
47.597972869873,0
48.2708511352539,0
50.4386672973633,0
53.659252166748,0
57.4263572692871,0
60.8326416015625,0
63.0200080871582,0
64.0788116455078,0
64.9334869384766,0
66.3122940063477,0
68.3398818969727,0
71.0475540161133,0
74.5244674682617,0
78.3352279663086,0
81.450927734375,0
83.2950286865234,0
84.5847549438477,0
86.6212158203125,0
89.7409515380859,0
92.8672714233398,0
94.7664794921875,0
95.4260330200195,0
95.786003112793,0
96.2560577392578,0
96.1838684082031,0
95.1296005249023,0
94.0509033203125,0
94.4140853881836,0
96.2793884277344,0
98.0757369995117,0
98.3809204101562,0
97.1720275878906,0
95.0667037963867,0
92.1491928100586,0
88.1727981567383,0
83.371826171875,0
78.2818374633789,0
72.9608840942383,0
67.1116409301758,0
60.9719390869141,0
55.412223815918,0
50.9111862182617,0
46.9449844360352,0
42.8247528076172,0
38.8512268066406,0
36.0006141662598,0
34.3168334960938,0
32.2458801269531,0
28.2689743041992,0
23.0058288574219,0
18.8053646087646,0
17.0566825866699,0
16.901876449585,0
17.1685638427734,0
18.3438396453857,0
21.1947078704834,0
24.2043228149414,0
24.4654331207275,0
21.3530921936035,0
17.4619579315186,0
15.2486972808838,0
14.5288963317871,0
14.4047355651855,0
15.8663654327393,0
20.378849029541,0
26.6636848449707,0
31.0595836639404,0
31.2947425842285,0
28.5388221740723,0
25.6237144470215,0
24.4245338439941,0
24.9845504760742,0
25.8738136291504,0
25.1194305419922,0
21.8794040679932,0
17.4436912536621,0
13.6567287445068,0
10.5328197479248,0
6.8958592414856,0
3.27262616157532,0
1.93694341182709,0
3.29443860054016,0
4.47977781295776,0
3.21880769729614,0
1.27525925636292,0
1.82721865177155,0
4.69607067108154,0
6.86245107650757,0
7.1611909866333,0
7.5484299659729,0
9.38688945770264,0
11.246452331543,0
11.5483875274658,0
11.155668258667,0
11.6480445861816,0
12.5336380004883,0
12.0171756744385,0
9.74490070343018,0
7.15395784378052,0
5.42006397247314,0
4.34729051589966,0
3.20630955696106,0
1.7174836397171,0
0.156171217560768,0
-0.978723704814911,0
-1.47166907787323,0
-1.78807556629181,0
-2.58776330947876,0
-3.67747211456299,0
-4.04765892028809,0
-3.14422583580017,0
-1.41919648647308,0
0.421782165765762,0
1.72965037822723,0
1.5215517282486,0
-0.643234312534332,0
-3.06052255630493,0
-3.071537733078,0
-0.765740692615509,0
0.406318753957748,0
-1.9952746629715,0
-6.33251571655273,0
-9.85811519622803,0
-12.7187252044678,0
-16.5493316650391,0
-20.6920719146729,0
-22.895881652832,0
-23.0306224822998,0
-23.0201091766357,0
-23.1979274749756,0
-21.6307353973389,0
-17.45383644104,0
-12.4071502685547,0
-8.53402900695801,0
-6.46525478363037,0
-6.29967212677002,0
-7.94759845733643,0
-10.1507835388184,0
-11.3852844238281,0
-12.2892284393311,0
-15.0206356048584,0
-19.6933574676514,0
-23.8292465209961,0
-26.0603332519531,0
-27.8734397888184,0
-30.7258358001709,0
-34.0687866210938,0
-37.5571250915527,0
-42.4813957214355,0
-49.081714630127,0
-54.9214897155762,0
-58.3067359924316,0
-61.2473182678223,0
-66.3990325927734,0
-72.8076248168945,0
-77.6031341552734,0
-80.6354370117188,0
-84.2846832275391,0
-89.2971115112305,0
-93.858512878418,0
-96.7421493530273,0
-98.6633453369141,0
-100.279266357422,0
-101.262474060059,0
-101.765083312988,0
-102.653388977051,0
-103.807174682617,0
-104.10457611084,0
-103.529403686523,0
-103.430252075195,0
-104.227378845215,0
-104.688484191895,0
-103.954856872559,0
-102.422515869141,0
-100.124290466309,0
-96.3455810546875,0
-91.658332824707,0
-88.1155395507812,0
-86.1066741943359,0
-83.0647735595703,0
-77.0313262939453,0
-69.7507858276367,0
-64.1403579711914,0
-60.0547714233398,0
-54.9096374511719,0
-47.5851821899414,0
-39.1681289672852,0
-30.2417831420898,0
-20.1811847686768,0
-9.53742599487305,0
-0.6806361079216,0
4.95115041732788,0
8.4482536315918,0
11.2533626556396,0
13.0318965911865,0
13.0161390304565,0
12.1081809997559,0
11.9978055953979,0
12.9525146484375,0
14.0276470184326,0
14.9960603713989,0
16.509256362915,0
18.429573059082,0
19.4347648620605,0
18.5824871063232,0
16.2612934112549,0
13.3380012512207,0
10.2536020278931,0
7.27088689804077,0
4.87862300872803,0
3.60374736785889,0
3.83277368545532,0
5.70942974090576,0
8.52086067199707,0
10.4662857055664,0
10.2524375915527,0
8.97800350189209,0
8.98534107208252,0
10.4001035690308,0
10.4387674331665,0
7.18528890609741,0
2.515056848526,0
-0.415815532207489,0
-1.45549988746643,0
-3.03353977203369,0
-5.96597909927368,0
-8.3026294708252,0
-8.90560436248779,0
-9.72380828857422,0
-12.9404201507568,0
-17.5530300140381,0
-20.8533802032471,0
-22.4454555511475,0
-24.574197769165,0
-28.47878074646,0
-32.4395484924316,0
-34.1433906555176,0
-33.5315628051758,0
-32.376579284668,0
-32.0812835693359,0
-32.8825378417969,0
-34.39794921875,0
-35.7707328796387,0
-35.7229690551758,0
-33.706470489502,0
-31.0168628692627,0
-29.7972946166992,0
-30.730884552002,0
-32.4125137329102,0
-33.2116050720215,0
-33.1907157897949,0
-33.9001274108887,0
-36.5902328491211,0
-40.8221893310547,0
-44.7667427062988,0
-46.957763671875,0
-47.7785758972168,0
-48.8350296020508,0
-50.7658462524414,0
-52.4349327087402,0
-52.7757835388184,0
-52.5363388061523,0
-53.1739196777344,0
-54.6274375915527,0
-55.437629699707,0
-54.7992935180664,0
-53.2076797485352,0
-51.0751609802246,0
-47.9528770446777,0
-43.4689178466797,0
-38.2120323181152,0
-33.4006004333496,0
-30.082202911377,0
-28.3590869903564,0
-26.7363834381104,0
-22.7828025817871,0
-15.5326805114746,0
-6.90137481689453,0
0.33475461602211,0
5.52715682983398,0
10.069769859314,0
15.1671352386475,0
21.2453651428223,0
28.5994529724121,0
36.2396430969238,0
40.6036148071289,0
38.3794937133789,0
31.0444068908691,0
23.9040374755859,0
19.8889636993408,0
16.939754486084,0
12.4291000366211,0
7.09890079498291,0
2.77286219596863,0
-1.05908310413361,0
-5.72843170166016,0
-10.4191665649414,0
-13.5444889068604,0
-15.8517847061157,0
-19.4601879119873,0
-24.6104106903076,0
-29.8398609161377,0
-34.6133842468262,0
-39.0774574279785,0
-41.6909828186035,0
-40.2290382385254,0
-35.6103591918945,0
-31.9574298858643,0
-31.7867450714111,0
-33.3466262817383,0
-33.9381217956543,0
-33.7958602905273,0
-34.8623428344727,0
-37.1751747131348,0
-38.7218399047852,0
-38.5367622375488,0
-38.1127090454102,0
-39.4043273925781,0
-42.4839057922363,0
-45.473747253418,0
-46.1482620239258,0
-43.4929618835449,0
-38.2821388244629,0
-32.3251113891602,0
-26.9012184143066,0
-22.0670776367188,0
-17.6788215637207,0
-14.3549947738647,0
-12.4718580245972,0
-10.6992254257202,0
-7.0313286781311,0
-1.44429159164429,0
3.96841979026794,0
8.13064670562744,0
12.7760801315308,0
19.9162559509277,0
28.6488437652588,0
36.0504264831543,0
40.6153678894043,0
43.2576217651367,0
45.3728065490723,0
47.6698989868164,0
50.7608985900879,0
54.9731521606445,0
59.2619361877441,0
62.083984375,0
63.8230171203613,0
66.5514297485352,0
70.7436981201172,0
74.2350769042969,0
75.5900268554688,0
76.5403823852539,0
79.37158203125,0
83.5315322875977,0
86.9387817382812,0
89.402946472168,0
92.2885131835938,0
95.4543304443359,0
97.1162414550781,0
96.769889831543,0
95.9606246948242,0
95.8182678222656,0
95.9086227416992,0
96.089241027832,0
97.5227584838867,0
100.884910583496,0
105.124198913574,0
109.062957763672,0
113.087768554688,0
118.426132202148,0
125.90567779541,0
136.217620849609,0
150.00407409668,0
166.291122436523,0
181.668518066406,0
192.445053100586,0
197.392349243164,0
197.602005004883,0
194.312423706055,0
187.989624023438,0
179.088592529297,0
168.396850585938,0
156.486633300781,0
143.671829223633,0
130.636703491211,0
118.44889831543,0
107.746520996094,0
98.2651977539062,0
89.2312469482422,0
80.0292739868164,0
70.6244125366211,0
61.583610534668,0
53.5948715209961,0
46.8603706359863,0
41.0824546813965,0
35.8896255493164,0
30.8924350738525,0
25.6503829956055,0
20.4343223571777,0
16.8154830932617,0
16.251672744751,0
17.968132019043,0
19.65553855896,0
20.5869636535645,0
22.268367767334,0
25.1612911224365,0
26.7289428710938,0
24.4095973968506,0
19.0460472106934,0
13.4115056991577,0
8.51605033874512,0
3.58726239204407,0
-1.20474684238434,0
-4.63979005813599,0
-6.83977651596069,0
-9.26439952850342,0
-12.1071252822876,0
-13.9601879119873,0
-14.4581117630005,0
-15.0516986846924,0
-16.5228500366211,0
-17.8227844238281,0
-18.2193832397461,0
-18.5977935791016,0
-19.541015625,0
-19.9950370788574,0
-19.2593154907227,0
-18.7507991790771,0
-20.1383666992188,0
-22.7770576477051,0
-24.5762615203857,0
-24.7325611114502,0
-24.1958656311035,0
-23.8673152923584,0
-23.5968742370605,0
-22.8517303466797,0
-21.527379989624,0
-20.1323986053467,0
-19.5195178985596,0
-20.0749568939209,0
-21.0039043426514,0
-21.1376361846924,0
-20.6538562774658,0
-20.9400672912598,0
-22.2905216217041,0
-23.0043029785156,0
-21.7010650634766,0
-19.4498538970947,0
-18.3864555358887,0
-18.987585067749,0
-19.9821357727051,0
-20.3934154510498,0
-20.3107795715332,0
-19.9276371002197,0
-19.1900081634521,0
-18.4714374542236,0
-18.4221973419189,0
-18.833568572998,0
-18.48264503479,0
-16.3781242370605,0
-12.5448169708252,0
-7.56144666671753,0
-2.20893239974976,0
2.22904348373413,0
4.39469623565674,0
4.32257509231567,0
3.7954728603363,0
4.42390108108521,0
5.84800291061401,0
6.7040057182312,0
6.90062856674194,0
7.65636253356934,0
9.2781343460083,0
10.318341255188,0
9.52335357666016,0
7.45973920822144,0
5.38788414001465,0
3.60388374328613,0
2.04326343536377,0
1.56038379669189,0
2.9742648601532,0
5.28057765960693,0
6.47236585617065,0
5.99990367889404,0
4.77623701095581,0
2.80992221832275,0
-1.17742550373077,0
-7.31044673919678,0
-13.680811882019,0
-18.7852382659912,0
-23.0824241638184,0
-27.0457897186279,0
-29.5597972869873,0
-30.0600280761719,0
-30.8337326049805,0
-34.8015594482422,0
-41.4123840332031,0
-46.8414916992188,0
-48.4290046691895,0
-47.2541618347168,0
-45.9564170837402,0
-45.5201530456543,0
-45.0050430297852,0
-43.4136734008789,0
-40.7580413818359,0
-37.5902404785156,0
-34.3265495300293,0
-31.2066268920898,0
-28.4736251831055,0
-26.2566719055176,0
-24.4337024688721,0
-23.0207538604736,0
-22.7008743286133,0
-24.3667030334473,0
-27.7995929718018,0
-31.4186706542969,0
-33.9824485778809,0
-36.0211296081543,0
-38.736644744873,0
-41.9192924499512,0
-44.0785446166992,0
-44.5657119750977,0
-44.5412673950195,0
-45.7163887023926,0
-48.8449401855469,0
-53.3044319152832,0
-57.346622467041,0
-59.0265197753906,0
-57.9391059875488,0
-56.0121994018555,0
-55.7741813659668,0
-58.0613441467285,0
-62.1110153198242,0
-67.0934600830078,0
-72.2399673461914,0
-76.2128219604492,0
-78.1303100585938,0
-78.8924102783203,0
-79.8511962890625,0
-80.6200561523438,0
-80.0324859619141,0
-78.673828125,0
-78.0660552978516,0
-77.6266174316406,0
-75.2475967407227,0
-71.1767959594727,0
-68.3899612426758,0
-68.1938934326172,0
-68.1729736328125,0
-65.8265228271484,0
-61.8331527709961,0
-58.1562881469727,0
-55.1068000793457,0
-52.0984344482422,0
-49.4387054443359,0
-47.3608818054199,0
-44.7088737487793,0
-40.5150032043457,0
-35.7395248413086,0
-31.6867618560791,0
-27.8116436004639,0
-22.8797874450684,0
-17.1900215148926,0
-11.6131715774536,0
-5.3424711227417,0
2.99484014511108,0
12.2679815292358,0
19.2890300750732,0
22.7819938659668,0
24.9801540374756,0
28.4416828155518,0
32.7596244812012,0
35.590934753418,0
36.0707244873047,0
35.8961563110352,0
37.1080627441406,0
39.7667198181152,0
42.2419166564941,0
43.3215980529785,0
43.3800086975098,0
43.4520988464355,0
43.8670272827148,0
44.3027992248535,0
44.6230545043945,0
44.7111625671387,0
43.6554565429688,0
40.2630233764648,0
34.7343940734863,0
28.8684310913086,0
24.02659034729,0
19.659725189209,0
14.5157737731934,0
8.59082126617432,0
2.95197010040283,0
-1.96956074237823,0
-6.88751792907715,0
-12.451283454895,0
-18.2832012176514,0
-23.3777103424072,0
-27.0003128051758,0
-29.1865692138672,0
-30.8183040618896,0
-33.1877670288086,0
-36.9628753662109,0
-41.4801864624023,0
-45.4227676391602,0
-48.1329078674316,0
-49.8017921447754,0
-50.590950012207,0
-50.4686393737793,0
-50.0355606079102,0
-50.435230255127,0
-51.8126182556152,0
-52.7282600402832,0
-52.006965637207,0
-50.5090065002441,0
-49.9296035766602,0
-50.2651748657227,0
-49.8888893127441,0
-48.1703987121582,0
-46.4928131103516,0
-46.0450897216797,0
-45.9388008117676,0
-44.7174606323242,0
-42.977725982666,0
-43.0312614440918,0
-45.9323081970215,0
-50.0005493164062,0
-52.8062705993652,0
-53.9088859558105,0
-54.8077011108398,0
-56.2773513793945,0
-56.6855583190918,0
-53.8300285339355,0
-48.2811546325684,0
-43.693416595459,0
-43.0112495422363,0
-45.1752777099609,0
-46.7414245605469,0
-46.1250076293945,0
-44.5418281555176,0
-42.9682922363281,0
-40.5397911071777,0
-36.9382171630859,0
-34.2545700073242,0
-34.493350982666,0
-36.3326721191406,0
-36.4412460327148,0
-33.6468200683594,0
-30.0137481689453,0
-27.8144683837891,0
-26.9209804534912,0
-25.2911109924316,0
-20.8316688537598,0
-12.8503284454346,0
-2.91811943054199,0
5.8243613243103,0
11.6060733795166,0
16.2107162475586,0
22.748254776001,0
31.3533840179443,0
38.9563064575195,0
43.4668617248535,0
45.935863494873,0
47.8671646118164,0
48.8794212341309,0
48.6448440551758,0
48.9462432861328,0
51.3296737670898,0
54.0383758544922,0
54.0148811340332,0
51.3924369812012,0
49.1969184875488,0
48.4100723266602,0
46.1502876281738,0
40.0046920776367,0
31.994327545166,0
26.2111129760742,0
23.5601119995117,0
20.9408760070801,0
15.5793724060059,0
8.36314487457275,0
2.10965132713318,0
-2.30487608909607,0
-6.77654647827148,0
-13.1607789993286,0
-20.8654747009277,0
-27.8059616088867,0
-33.0366706848145,0
-37.5961265563965,0
-42.9439964294434,0
-49.275016784668,0
-55.3987731933594,0
-59.8112564086914,0
-61.9997940063477,0
-63.1632194519043,0
-65.3489074707031,0
-69.2213287353516,0
-73.0749282836914,0
-74.9470672607422,0
-75.1845855712891,0
-75.5119705200195,0
-75.9193649291992,0
-74.4995040893555,0
-70.7190170288086,0
-66.7158966064453,0
-64.2905044555664,0
-62.4696426391602,0
-59.5969161987305,0
-56.4046287536621,0
-55.1852798461914,0
-56.7571487426758,0
-59.9108848571777,0
-63.3048515319824,0
-66.4542694091797,0
-69.2829437255859,0
-71.9357833862305,0
-74.5747833251953,0
-76.3947525024414,0
-75.7745361328125,0
-72.7354431152344,0
-70.2478256225586,0
-71.3288726806641,0
-75.4706954956055,0
-79.6127471923828,0
-81.9365615844727,0
-82.8163909912109,0
-82.7625198364258,0
-81.8237609863281,0
-80.8136978149414,0
-80.7283554077148,0
-80.814079284668,0
-79.4504241943359,0
-77.0767135620117,0
-75.7893218994141,0
-75.6604080200195,0
-74.1355209350586,0
-69.9768218994141,0
-65.2164688110352,0
-61.9499359130859,0
-59.7373123168945,0
-57.8585624694824,0
-57.6313247680664,0
-60.0653762817383,0
-63.1110763549805,0
-63.9775810241699,0
-62.9101524353027,0
-61.8805885314941,0
-60.4671516418457,0
-56.233943939209,0
-49.1771011352539,0
-42.7000122070312,0
-39.2622489929199,0
-37.5105590820312,0
-35.0916213989258,0
-32.4197463989258,0
-31.8081035614014,0
-33.7922477722168,0
-36.1111755371094,0
-36.3480644226074,0
-34.4386825561523,0
-32.220531463623,0
-31.1238899230957,0
-30.8877658843994,0
-30.6312351226807,0
-30.761287689209,0
-33.0277633666992,0
-38.2681541442871,0
-44.7300643920898,0
-49.5982856750488,0
-52.1198844909668,0
-54.2714614868164,0
-58.0618286132812,0
-63.0743026733398,0
-67.4067306518555,0
-70.5044555664062,0
-73.9568481445312,0
-79.2144012451172,0
-85.3367309570312,0
-89.8342514038086,0
-91.5156478881836,0
-91.5332336425781,0
-91.3705596923828,0
-90.9232025146484,0
-89.5873718261719,0
-88.4502258300781,0
-89.6525421142578,0
-93.3444519042969,0
-96.8290252685547,0
-97.6394805908203,0
-96.4512100219727,0
-95.8076324462891,0
-96.5118789672852,0
-96.5231857299805,0
-93.5013732910156,0
-87.5618362426758,0
-81.1394577026367,0
-76.5588760375977,0
-74.1366577148438,0
-72.5854187011719,0
-70.8448028564453,0
-69.0353622436523,0
-67.6466064453125,0
-66.6150512695312,0
-65.8861618041992,0
-66.2676849365234,0
-68.5299987792969,0
-71.7079086303711,0
-73.4659805297852,0
-72.4646606445312,0
-69.4363098144531,0
-65.6435852050781,0
-61.3817481994629,0
-56.70263671875,0
-52.7765808105469,0
-51.5357284545898,0
-54.0345649719238,0
-59.4531593322754,0
-65.4579544067383,0
-69.5391540527344,0
-70.6530532836914,0
-69.8336868286133,0
-68.7922286987305,0
-68.0057525634766,0
-66.8376846313477,0
-65.2190017700195,0
-63.9501609802246,0
-63.2813987731934,0
-62.5895004272461,0
-61.7585678100586,0
-61.4057312011719,0
-61.3324851989746,0
-60.5520896911621,0
-59.6670227050781,0
-61.1418952941895,0
-65.582763671875,0
-69.5278015136719,0
-69.2024307250977,0
-65.3332748413086,0
-61.834831237793,0
-60.5097007751465,0
-59.7117118835449,0
-57.8899536132812,0
-55.4229431152344,0
-52.4955940246582,0
-48.1705932617188,0
-42.8506813049316,0
-39.062427520752,0
-37.9391021728516,0
-36.9862632751465,0
-33.4802360534668,0
-28.4154644012451,0
-24.6367568969727,0
-22.3489303588867,0
-19.356424331665,0
-15.1251783370972,0
-11.4599437713623,0
-8.90234184265137,0
-5.50195217132568,0
-0.264692097902298,0
4.75125360488892,0
7.41620683670044,0
8.56265068054199,0
10.0643835067749,0
11.4518222808838,0
10.8565301895142,0
8.62470245361328,0
7.5853066444397,0
9.52915668487549,0
13.1820802688599,0
16.022647857666,0
16.6177425384521,0
14.6720476150513,0
10.2594213485718,0
4.1726770401001,0
-1.66980636119843,0
-5.38472461700439,0
-6.82196474075317,0
-7.58212280273438,0
-9.28442096710205,0
-12.1932306289673,0
-15.5947341918945,0
-18.999340057373,0
-22.4886264801025,0
-26.1104145050049,0
-29.6583938598633,0
-33.2354125976562,0
-37.3249626159668,0
-41.839729309082,0
-45.7731132507324,0
-48.4828033447266,0
-50.6245574951172,0
-52.7795600891113,0
-53.7619514465332,0
-51.7938041687012,0
-47.2902793884277,0
-42.9983100891113,0
-41.0544662475586,0
-41.0377159118652,0
-41.0934562683105,0
-39.7886619567871,0
-36.7610168457031,0
-32.911750793457,0
-30.1239070892334,0
-29.3399848937988,0
-28.9009056091309,0
-26.6778049468994,0
-23.9289932250977,0
-24.4112586975098,0
-28.8373146057129,0
-33.1485824584961,0
-34.0509452819824,0
-33.4602432250977,0
-34.8253631591797,0
-37.4734725952148,0
-38.1468353271484,0
-36.6000823974609,0
-35.5948066711426,0
-35.7616806030273,0
-34.5794982910156,0
-31.0857219696045,0
-27.7732086181641,0
-26.1956233978271,0
-23.8718433380127,0
-17.9592533111572,0
-9.88852787017822,0
-3.75490283966064,0
-1.20290064811707,0
-0.225004836916924,0
1.36699533462524,0
3.21161341667175,0
3.31858897209167,0
0.502867102622986,0
-4.45951414108276,0
-9.67101001739502,0
-14.0490970611572,0
-18.3042755126953,0
-23.4071044921875,0
-28.404275894165,0
-31.2606525421143,0
-32.0981864929199,0
-33.5949897766113,0
-37.1042556762695,0
-40.3971900939941,0
-41.1230964660645,0
-40.7912216186523,0
-42.7049026489258,0
-46.9217758178711,0
-50.1809959411621,0
-50.6534690856934,0
-50.0004005432129,0
-50.4333190917969,0
-52.2797889709473,0
-54.9199104309082,0
-57.5883293151855,0
-58.6311531066895,0
-56.6815872192383,0
-53.4852333068848,0
-52.6475257873535,0
-54.265266418457,0
-53.973445892334,0
-49.273811340332,0
-43.4512825012207,0
-40.3113822937012,0
-38.2423095703125,0
-33.4693183898926,0
-26.5912647247314,0
-21.0043277740479,0
-16.5390853881836,0
-10.2499380111694,0
-3.01319193840027,0
0.648466408252716,0
0.291377604007721,0
1.39694559574127,0
7.27145481109619,0
14.0782098770142,0
16.9408950805664,0
16.6388912200928,0
16.5165271759033,0
16.382381439209,0
13.9460983276367,0
9.86915969848633,0
6.77246522903442,0
4.50690317153931,0
0.574235081672668,0
-5.46321487426758,0
-11.7987823486328,0
-18.1590232849121,0
-25.9922542572021,0
-34.7607536315918,0
-41.5404968261719,0
-44.9708213806152,0
-46.7404022216797,0
-48.6052780151367,0
-50.7049560546875,0
-53.3643951416016,0
-57.4615898132324,0
-61.7863616943359,0
-62.898006439209,0
-59.4735221862793,0
-54.6752433776855,0
-52.3502578735352,0
-52.6926193237305,0
-53.593807220459,0
-54.550651550293,0
-56.6693992614746,0
-59.6758460998535,0
-61.6030883789062,0
-61.6563720703125,0
-61.4501075744629,0
-62.8502197265625,0
-65.8555679321289,0
-69.0689010620117,0
-71.2644271850586,0
-72.0282974243164,0
-71.6419372558594,0
-70.9150924682617,0
-70.7953186035156,0
-71.7834014892578,0
-73.7597885131836,0
-76.2015838623047,0
-78.2433929443359,0
-78.8173828125,0
-77.4056701660156,0
-74.67138671875,0
-71.8013381958008,0
-69.2260360717773,0
-66.5696640014648,0
-63.8442459106445,0
-61.8462295532227,0
-60.9697227478027,0
-60.305492401123,0
-58.582878112793,0
-55.6450462341309,0
-52.283618927002,0
-48.7983894348145,0
-44.6661338806152,0
-40.007022857666,0
-36.5290145874023,0
-35.9318618774414,0
-37.4534111022949,0
-38.174617767334,0
-36.407413482666,0
-33.9165649414062,0
-33.6773986816406,0
-35.8777503967285,0
-37.5268211364746,0
-36.0491485595703,0
-31.7594356536865,0
-26.3078346252441,0
-20.3262157440186,0
-13.8767976760864,0
-8.04106426239014,0
-4.3375186920166,0
-2.93310475349426,0
-2.75681519508362,0
-3.03729605674744,0
-3.45425581932068,0
-3.20973587036133,0
-1.5632438659668,0
0.781968057155609,0
2.40850567817688,0
3.44490003585815,0
5.58640241622925,0
9.55692005157471,0
13.9355134963989,0
16.8021030426025,0
17.1671886444092,0
14.6276626586914,0
9.4845724105835,0
3.85341310501099,0
0.689177274703979,0
0.402797758579254,0
-0.0744146555662155,0
-3.49055552482605,0
-8.85048294067383,0
-13.2859268188477,0
-16.1107769012451,0
-19.091854095459,0
-23.4116668701172,0
-28.4523506164551,0
-33.5153312683105,0
-38.8200569152832,0
-44.2889099121094,0
-48.8033752441406,0
-51.5277709960938,0
-53.1745834350586,0
-55.1764717102051,0
-57.9396286010742,0
-60.4711952209473,0
-61.6575660705566,0
-61.5389556884766,0
-61.1308746337891,0
-61.0390396118164,0
-60.5713348388672,0
-58.5992088317871,0
-55.1916007995605,0
-51.8581695556641,0
-50.0368270874023,0
-49.7548179626465,0
-49.8241348266602,0
-48.7947273254395,0
-45.6655464172363,0
-40.5328254699707,0
-35.0125274658203,0
-31.2446727752686,0
-29.6891860961914,0
-28.3799457550049,0
-25.2026824951172,0
-20.5953063964844,0
-17.0008487701416,0
-15.7104921340942,0
-15.4617967605591,0
-14.6760387420654,0
-13.9063100814819,0
-14.7374515533447,0
-16.771635055542,0
-17.5273761749268,0
-15.9098663330078,0
-14.242112159729,0
-15.5012016296387,0
-19.4523639678955,0
-23.1701221466064,0
-24.9877128601074,0
-26.0897235870361,0
-28.0178279876709,0
-30.4144191741943,0
-32.0064353942871,0
-32.4232749938965,0
-32.0901298522949,0
-31.3586311340332,0
-30.5772609710693,0
-30.0170822143555,0
-28.8748092651367,0
-25.3881454467773,0
-18.984058380127,0
-11.4602184295654,0
-5.03634881973267,0
-0.13037745654583,0
3.82867550849915,0
6.43227577209473,0
6.88479900360107,0
6.22493696212769,0
7.2667350769043,0
11.9228258132935,0
19.4106521606445,0
27.1872100830078,0
33.0019111633301,0
36.2125587463379,0
37.9326820373535,0
39.9413642883301,0
42.8624153137207,0
45.4598236083984,0
46.1947021484375,0
45.2564010620117,0
44.4413528442383,0
45.069995880127,0
46.5067024230957,0
46.8310470581055,0
44.836742401123,0
41.3718948364258,0
38.4713401794434,0
36.8662147521973,0
34.9829521179199,0
31.4251976013184,0
27.7922420501709,0
27.0488090515137,0
29.021692276001,0
29.9983673095703,0
27.8911380767822,0
25.4108333587646,0
26.1559066772461,0
29.5310249328613,0
32.1778182983398,0
33.053337097168,0
33.8754806518555,0
35.0035018920898,0
34.3413009643555,0
31.0737361907959,0
27.5488052368164,0
25.9343891143799,0
25.1785163879395,0
23.1330223083496,0
20.223217010498,0
18.9902095794678,0
20.6219615936279,0
23.671501159668,0
26.1381969451904,0
27.5171203613281,0
28.5627727508545,0
29.8987293243408,0
31.286642074585,0
31.9979782104492,0
31.7162761688232,0
31.0131931304932,0
30.7478771209717,0
31.0674724578857,0
31.4488563537598,0
31.7576522827148,0
32.5968627929688,0
34.2619476318359,0
35.9466781616211,0
36.5843849182129,0
36.2012138366699,0
35.9180068969727,0
36.7365341186523,0
38.6974639892578,0
41.0583267211914,0
42.8265571594238,0
43.1606369018555,0
41.8266639709473,0
39.6325035095215,0
38.1457176208496,0
38.4249687194824,0
39.8339309692383,0
40.4806327819824,0
39.2072067260742,0
36.9093704223633,0
35.4327850341797,0
35.4258995056152,0
35.9841995239258,0
36.1842994689941,0
35.8389549255371,0
34.6266059875488,0
31.9395122528076,0
28.3413562774658,0
25.8173198699951,0
25.4054222106934,0
25.7524471282959,0
25.4455661773682,0
25.5825386047363,0
28.0190620422363,0
31.9172515869141,0
34.5266380310059,0
35.1222839355469,0
35.4591217041016,0
36.0611877441406,0
35.043888092041,0
31.7487888336182,0
28.719596862793,0
28.0827159881592,0
28.1611957550049,0
26.0595245361328,0
22.0009384155273,0
18.5474720001221,0
16.6421222686768,0
15.0851736068726,0
13.2594518661499,0
11.6687326431274,0
10.0418653488159,0
7.62327098846436,0
5.43396997451782,0
5.43372869491577,0
6.85994720458984,0
6.23330354690552,0
2.2050940990448,0
-2.24239492416382,0
-4.19103860855103,0
-4.97315263748169,0
-7.49320888519287,0
-11.2347021102905,0
-13.1689853668213,0
-12.9073801040649,0
-13.5537490844727,0
-16.9727687835693,0
-21.2155246734619,0
-23.985710144043,0
-26.2008075714111,0
-29.9385108947754,0
-34.3268013000488,0
-36.0650444030762,0
-33.8284606933594,0
-29.9642887115479,0
-27.2082424163818,0
-25.2825183868408,0
-21.794828414917,0
-15.6670188903809,0
-8.5870246887207,0
-3.27563524246216,0
-1.04289078712463,0
-0.98458456993103,0
-1.00253570079803,0
0.447206437587738,0
3.15225434303284,0
5.43433618545532,0
5.73367691040039,0
3.89996361732483,0
0.880966007709503,0
-2.46789193153381,0
-5.74749565124512,0
-8.43918895721436,0
-9.84838390350342,0
-9.9193115234375,0
-9.43365287780762,0
-8.95839691162109,0
-8.17263221740723,0
-6.75851964950562,0
-5.3601713180542,0
-4.93352842330933,0
-5.65583562850952,0
-7.29996490478516,0
-10.0973224639893,0
-14.058521270752,0
-17.8962860107422,0
-20.1140422821045,0
-20.9604740142822,0
-21.6098804473877,0
-21.485782623291,0
-18.6411914825439,0
-13.3858709335327,0
-9.13741016387939,0
-8.31652927398682,0
-9.50547790527344,0
-10.3756065368652,0
-11.3337335586548,0
-13.9349613189697,0
-17.4789962768555,0
-20.1038837432861,0
-22.040979385376,0
-24.5733909606934,0
-26.4593963623047,0
-24.8756885528564,0
-19.9440612792969,0
-14.9461059570312,0
-11.5406847000122,0
-8.04912948608398,0
-3.36476707458496,0
0.785593450069427,0
3.02792525291443,0
4.71705532073975,0
6.98620796203613,0
7.95550060272217,0
5.45662450790405,0
0.822458505630493,0
-2.50606560707092,0
-2.98540234565735,0
-1.48717379570007,0
1.00570476055145,0
3.9006450176239,0
5.84353303909302,0
5.25040864944458,0
2.01082277297974,0
-2.60437107086182,0
-7.37540721893311,0
-11.4861078262329,0
-14.2773084640503,0
-15.8966751098633,0
-17.4033851623535,0
-19.0318603515625,0
-19.3550453186035,0
-17.5461101531982,0
-15.275221824646,0
-14.4971151351929,0
-14.3160934448242,0
-12.2143421173096,0
-7.80752849578857,0
-3.13986325263977,0
0.427861839532852,0
3.25996589660645,0
5.37524652481079,0
5.82622289657593,0
4.75621366500854,0
3.89522314071655,0
4.07144355773926,0
4.03738784790039,0
2.73721766471863,0
1.0093150138855,0
-0.156964167952538,0
-1.49535953998566,0
-4.15647029876709,0
-7.7621865272522,0
-11.2275724411011,0
-14.4384269714355,0
-17.5478248596191,0
-19.656665802002,0
-20.1950225830078,0
-20.9905204772949,0
-24.6383285522461,0
-30.6825656890869,0
-35.5863571166992,0
-37.1855087280273,0
-37.2706604003906,0
-38.5941047668457,0
-40.9042434692383,0
-41.6776428222656,0
-39.9430160522461,0
-37.4791450500488,0
-36.1955871582031,0
-35.8452186584473,0
-34.818416595459,0
-32.1334419250488,0
-27.9837284088135,0
-23.0729808807373,0
-18.2252464294434,0
-14.2695198059082,0
-11.4856071472168,0
-9.20467281341553,0
-6.59642601013184,0
-3.85900712013245,0
-1.96233546733856,0
-1.11339867115021,0
-0.309108823537827,0
1.15449404716492,0
2.55878949165344,0
2.94529247283936,0
2.73245573043823,0
2.98729038238525,0
3.4709460735321,0
2.87336421012878,0
1.10218667984009,0
-0.163655996322632,0
0.202756851911545,0
1.16642904281616,0
1.07099306583405,0
-0.228313624858856,0
-1.62152397632599,0
-2.17282295227051,0
-1.40605401992798,0
0.749655663967133,0
3.0776481628418,0
3.12114596366882,0
-0.320389747619629,0
-5.36013746261597,0
-9.24523067474365,0
-11.8478403091431,0
-15.1692171096802,0
-19.8126182556152,0
-24.1969604492188,0
-27.4395999908447,0
-30.6256980895996,0
-34.2994728088379,0
-36.8769950866699,0
-37.1842002868652,0
-36.9865074157715,0
-38.9369163513184,0
-42.7946815490723,0
-45.7110710144043,0
-46.0646286010742,0
-45.0820617675781,0
-44.3392028808594,0
-43.4842338562012,0
-41.4960708618164,0
-38.9677429199219,0
-37.6605415344238,0
-38.1653671264648,0
-39.284538269043,0
-39.7990036010742,0
-39.7793388366699,0
-39.8238792419434,0
-39.9776840209961,0
-40.1033515930176,0
-40.6627502441406,0
-42.2711372375488,0
-44.8006477355957,0
-47.7062606811523,0
-50.9734001159668,0
-54.8662528991699,0
-58.8895835876465,0
-62.0153045654297,0
-64.0239105224609,0
-65.605583190918,0
-66.9042587280273,0
-67.0742340087891,0
-65.8022918701172,0
-64.1872787475586,0
-63.2275238037109,0
-62.2342262268066,0
-59.7837028503418,0
-55.7748413085938,0
-51.5622520446777,0
-48.3176574707031,0
-46.1015205383301,0
-44.3034896850586,0
-42.169376373291,0
-39.1199073791504,0
-35.4221992492676,0
-32.3894882202148,0
-31.0306301116943,0
-30.6539249420166,0
-29.8500289916992,0
-28.8484706878662,0
-29.6434936523438,0
-33.3043746948242,0
-38.190673828125,0
-41.5956878662109,0
-42.4970436096191,0
-41.920539855957,0
-41.0942840576172,0
-40.2093544006348,0
-38.9824905395508,0
-37.6042327880859,0
-36.6410675048828,0
-36.2455444335938,0
-35.9300689697266,0
-35.2681694030762,0
-34.4547958374023,0
-33.6630058288574,0
-32.0228614807129,0
-28.2084465026855,0
-22.4785175323486,0
-17.145486831665,0
-14.0040664672852,0
-11.9813871383667,0
-8.63206386566162,0
-3.52596998214722,0
1.3653872013092,0
4.43696069717407,0
5.81344938278198,0
5.8188157081604,0
4.14689636230469,0
1.3592141866684,0
-0.646580278873444,0
-0.880423724651337,0
-0.482705146074295,0
-0.503687798976898,0
-0.0407994203269482,0
1.87700498104095,0
4.10855913162231,0
5.15470886230469,0
5.882652759552,0
8.07505702972412,0
10.9693899154663,0
11.9185485839844,0
10.5192947387695,0
9.58956623077393,0
11.4629106521606,0
15.360053062439,0
19.1776752471924,0
22.0873031616211,0
24.4384384155273,0
26.5822906494141,0
28.8302631378174,0
31.4782085418701,0
33.9739303588867,0
34.9370536804199,0
33.6940231323242,0
31.0002632141113,0
27.836483001709,0
24.5404720306396,0
21.5803833007812,0
19.8881912231445,0
19.5869445800781,0
19.4693622589111,0
18.636646270752,0
17.6749095916748,0
17.3068618774414,0
16.9515018463135,0
15.8279314041138,0
14.5931549072266,0
14.4218225479126,0
14.969087600708,0
14.7006874084473,0
13.0099468231201,0
10.6060972213745,0
7.85483932495117,0
4.21209859848022,0
-0.336143046617508,0
-4.5633544921875,0
-7.3849892616272,0
-8.97517204284668,0
-9.81946659088135,0
-9.64143657684326,0
-8.35683727264404,0
-7.36073589324951,0
-8.25146007537842,0
-10.2059125900269,0
-10.2634086608887,0
-7.12965536117554,0
-3.46916913986206,0
-2.88340616226196,0
-5.19585037231445,0
-6.64105987548828,0
-4.91288280487061,0
-1.99367868900299,0
-0.967522203922272,0
-1.95870983600616,0
-3.16367030143738,0
-4.4414963722229,0
-7.00531911849976,0
-9.92999267578125,0
-10.2313079833984,0
-7.36462497711182,0
-4.76326465606689,0
-5.08278322219849,0
-6.30028867721558,0
-5.07274580001831,0
-2.19421172142029,0
-1.47183191776276,0
-3.8754997253418,0
-6.18719482421875,0
-5.79231977462769,0
-3.70029020309448,0
-1.7370742559433,0
0.446884959936142,0
3.68735265731812,0
6.7305850982666,0
7.72519063949585,0
7.21080493927002,0
7.43464136123657,0
9.12889003753662,0
10.7545766830444,0
10.7511119842529,0
9.03026294708252,0
6.34613704681396,0
3.53866100311279,0
1.38729190826416,0
0.027132211253047,0
-1.47869277000427,0
-3.93650364875793,0
-6.55598306655884,0
-7.84793758392334,0
-7.81871128082275,0
-7.9204158782959,0
-8.79508495330811,0
-9.48058795928955,0
-9.08414745330811,0
-7.84710550308228,0
-6.1611156463623,0
-3.93748450279236,0
-1.58169317245483,0
-0.251360356807709,0
-0.190823242068291,0
0.202612712979317,0
2.6269543170929,0
6.75567626953125,0
10.5789642333984,0
12.3593187332153,0
11.7962188720703,0
9.89907169342041,0
8.12862205505371,0
7.01317739486694,0
5.41276693344116,0
2.06616854667664,0
-2.07601714134216,0
-4.57373094558716,0
-5.04046821594238,0
-6.17459630966187,0
-10.1300258636475,0
-15.5210657119751,0
-19.6540260314941,0
-22.3450603485107,0
-25.4658374786377,0
-29.5818157196045,0
-33.3212814331055,0
-35.8790435791016,0
-38.0729370117188,0
-40.650218963623,0
-43.2400016784668,0
-45.4937896728516,0
-47.987979888916,0
-51.3828048706055,0
-55.3965873718262,0
-58.8763961791992,0
-60.4244346618652,0
-59.2300834655762,0
-56.0598945617676,0
-53.1203765869141,0
-52.0319786071777,0
-52.182373046875,0
-51.8836212158203,0
-50.6063690185547,0
-48.9336395263672,0
-46.8634452819824,0
-43.7152328491211,0
-39.6025886535645,0
-35.5276374816895,0
-31.9346046447754,0
-28.4743175506592,0
-25.2191696166992,0
-22.7019481658936,0
-20.6052227020264,0
-17.8219718933105,0
-14.042498588562,0
-9.88019180297852,0
-5.27060699462891,0
0.451085805892944,0
6.23932695388794,0
8.96891593933105,0
6.73303508758545,0
1.32028830051422,0
-3.90809011459351,0
-7.6719856262207,0
-11.0200624465942,0
-14.8503084182739,0
-18.8651542663574,0
-22.6232261657715,0
-25.9269714355469,0
-27.9860668182373,0
-27.6785182952881,0
-25.3050861358643,0
-23.0858020782471,0
-23.0153675079346,0
-24.5683441162109,0
-25.1570911407471,0
-22.7867660522461,0
-17.9127807617188,0
-12.7512493133545,0
-9.0984935760498,0
-6.99871587753296,0
-5.44515657424927,0
-4.0079083442688,0
-3.26682567596436,0
-3.56082129478455,0
-3.9671151638031,0
-3.19823145866394,0
-1.2776848077774,0
0.473426729440689,0
1.23304116725922,0
1.6986221075058,0
2.88901567459106,0
4.54412221908569,0
5.469895362854,0
5.29658174514771,0
5.15359163284302,0
6.38126420974731,0
9.01747417449951,0
11.8920612335205,0
14.0593862533569,0
15.8353490829468,0
18.2697944641113,0
21.5931167602539,0
24.4249801635742,0
25.0081100463867,0
23.4277744293213,0
22.0944995880127,0
23.4232025146484,0
27.2654991149902,0
31.3073024749756,0
33.8482933044434,0
35.2630882263184,0
36.5373764038086,0
37.3909683227539,0
36.5892028808594,0
33.5751838684082,0
29.129451751709,0
24.7788963317871,0
22.0472316741943,0
21.6942348480225,0
22.8064289093018,0
22.9022216796875,0
19.8979663848877,0
14.1968269348145,0
8.42135906219482,0
5.08860778808594,0
4.75947046279907,0
6.00787925720215,0
6.59800910949707,0
5.04637098312378,0
1.75667107105255,0
-1.52954387664795,0
-3.78037762641907,0
-5.50048017501831,0
-6.85495090484619,0
-6.1487340927124,0
-1.92417669296265,0
4.00322771072388,0
7.85546064376831,0
8.55338668823242,0
9.02193164825439,0
12.0841226577759,0
16.9841537475586,0
21.2496356964111,0
24.3438186645508,0
27.6940822601318,0
32.116512298584,0
37.0637474060059,0
41.9550743103027,0
46.548095703125,0
50.0857276916504,0
51.5933418273926,0
51.3175888061523,0
50.8371696472168,0
51.4712715148926,0
53.2419319152832,0
55.3394660949707,0
56.784236907959,0
56.6523284912109,0
54.5542335510254,0
51.121753692627,0
47.4767646789551,0
44.2865333557129,0
41.9586982727051,0
41.4158630371094,0
43.4717636108398,0
47.2674331665039,0
50.4754791259766,0
51.5917091369629,0
51.1952438354492,0
50.4604949951172,0
49.3366394042969,0
46.9921875,0
43.3674774169922,0
39.3001747131348,0
35.4712028503418,0
32.2033882141113,0
30.1424045562744,0
30.0279273986816,0
31.4484367370605,0
32.6495170593262,0
32.2080116271973,0
30.5405235290527,0
29.2606334686279,0
29.2756748199463,0
30.0137939453125,0
30.4518985748291,0
30.3991260528564,0
30.5718822479248,0
31.6615295410156,0
33.545482635498,0
35.3653297424316,0
36.2971229553223,0
36.2137298583984,0
35.4513702392578,0
33.8468284606934,0
30.3959884643555,0
24.4703636169434,0
17.2983932495117,0
11.3756265640259,0
7.94803857803345,0
5.78380966186523,0
3.1710512638092,0
0.512606024742126,0
-0.213577717542648,0
1.69301843643188,0
4.78650283813477,0
7.74111652374268,0
11.0343265533447,0
15.5294427871704,0
20.5866470336914,0
24.8224792480469,0
27.915397644043,0
30.2484474182129,0
31.3427734375,0
30.3164348602295,0
27.762279510498,0
25.462345123291,0
23.9847793579102,0
22.190372467041,0
19.5964794158936,0
17.4895286560059,0
16.744119644165,0
16.2208194732666,0
14.8738136291504,0
14.1411914825439,0
16.1916942596436,0
20.4133949279785,0
23.8337230682373,0
25.1252822875977,0
26.1847286224365,0
29.0881462097168,0
33.1896286010742,0
36.3670120239258,0
37.9464530944824,0
39.0170555114746,0
40.4491157531738,0
41.9509773254395,0
43.039249420166,0
43.8792953491211,0
44.8550148010254,0
45.931224822998,0
46.8179397583008,0
47.5012092590332,0
48.317325592041,0
49.5138549804688,0
50.9293594360352,0
52.382640838623,0
54.4345016479492,0
58.1726951599121,0
63.5089073181152,0
68.0438766479492,0
68.9158172607422,0
66.1322708129883,0
62.8438110351562,0
61.569938659668,0
61.3832321166992,0
60.0781211853027,0
57.9772071838379,0
57.4964218139648,0
59.1993980407715,0
60.5581588745117,0
59.3481063842773,0
56.4920616149902,0
54.3374099731445,0
53.3305854797363,0
51.8240585327148,0
48.6481018066406,0
44.6828651428223,0
41.9449005126953,0
41.7067680358887,0
43.2962112426758,0
44.445987701416,0
43.3847579956055,0
40.940860748291,0
39.8342475891113,0
41.4292793273926,0
44.1057052612305,0
45.4689407348633,0
45.0481986999512,0
43.7766876220703,0
41.9354705810547,0
39.2468147277832,0
36.4689102172852,0
35.2343101501465,0
36.3044052124023,0
39.1654014587402,0
43.1707534790039,0
47.8160514831543,0
51.9607620239258,0
54.0961494445801,0
53.680362701416,0
51.4764862060547,0
48.7097206115723,0
46.5536499023438,0
45.7615394592285,0
45.6644668579102,0
44.3419761657715,0
41.3605499267578,0
39.4677200317383,0
41.3361511230469,0
45.2043037414551,0
46.591178894043,0
44.3787384033203,0
41.9455413818359,0
41.4061508178711,0
40.1830253601074,0
35.308837890625,0
28.1378860473633,0
21.9174289703369,0
16.9062480926514,0
11.2800073623657,0
5.5134801864624,0
2.19669723510742,0
1.76478457450867,0
1.6823935508728,0
0.208734408020973,0
-1.83160877227783,0
-3.54629850387573,0
-5.51095247268677,0
-7.83780527114868,0
-9.17383766174316,0
-9.07164096832275,0
-9.4226770401001,0
-11.8778886795044,0
-15.2572593688965,0
-17.2021636962891,0
-17.4469146728516,0
-17.8622627258301,0
-19.8017253875732,0
-22.7698917388916,0
-25.4397716522217,0
-26.8684539794922,0
-26.7965068817139,0
-25.6245899200439,0
-24.2619743347168,0
-23.6863079071045,0
-24.6297492980957,0
-27.4510955810547,0
-31.6424007415771,0
-35.5786285400391,0
-37.842472076416,0
-39.0037651062012,0
-40.9103927612305,0
-43.9079399108887,0
-46.2449607849121,0
-46.9214477539062,0
-47.4327926635742,0
-49.3093070983887,0
-51.3456954956055,0
-51.2159576416016,0
-49.0832672119141,0
-47.5648193359375,0
-48.2522468566895,0
-50.101146697998,0
-51.5304908752441,0
-52.5213203430176,0
-53.9587554931641,0
-55.9511222839355,0
-57.5701217651367,0
-57.8378105163574,0
-56.6158638000488,0
-54.7137413024902,0
-53.0320625305176,0
-51.3930473327637,0
-48.7763481140137,0
-45.2732124328613,0
-42.9924087524414,0
-43.8688049316406,0
-47.1361541748047,0
-50.3839225769043,0
-52.7116622924805,0
-55.0945892333984,0
-57.7543792724609,0
-59.3451080322266,0
-59.3696403503418,0
-59.3078536987305,0
-60.0795097351074,0
-60.1464195251465,0
-57.8851623535156,0
-54.5809707641602,0
-53.0368881225586,0
-53.9326362609863,0
-55.662052154541,0
-57.4484329223633,0
-60.2815704345703,0
-64.3376541137695,0
-67.6477584838867,0
-68.5277481079102,0
-67.846061706543,0
-67.5205688476562,0
-67.8306350708008,0
-67.7471084594727,0
-67.2891082763672,0
-67.8199920654297,0
-69.8591690063477,0
-71.921257019043,0
-72.0664367675781,0
-69.8883056640625,0
-66.5954208374023,0
-63.6599044799805,0
-61.651912689209,0
-59.9685592651367,0
-57.5766220092773,0
-54.4629859924316,0
-52.2450523376465,0
-52.4741020202637,0
-54.2014579772949,0
-54.4214363098145,0
-51.6698417663574,0
-48.1378860473633,0
-46.9876708984375,0
-48.2329597473145,0
-48.8076858520508,0
-46.5346488952637,0
-42.3582305908203,0
-38.2513809204102,0
-34.4811553955078,0
-29.9514980316162,0
-24.2220993041992,0
-18.044979095459,0
-12.4569664001465,0
-8.2536735534668,0
-5.83026027679443,0
-4.59991979598999,0
-2.99572777748108,0
0.0429744645953178,0
3.99700117111206,0
8.01199245452881,0
12.4839019775391,0
18.0445804595947,0
23.5187225341797,0
26.7597312927246,0
27.6249122619629,0
28.2957630157471,0
30.1233539581299,0
31.9072551727295,0
32.2088928222656,0
31.7098617553711,0
31.8440914154053,0
32.33642578125,0
31.8603191375732,0
30.4749946594238,0
29.622615814209,0
29.836893081665,0
30.0416107177734,0
29.3686332702637,0
28.376220703125,0
27.9559650421143,0
27.9344615936279,0
27.3652229309082,0
25.7912502288818,0
23.8417682647705,0
22.6788177490234,0
22.8071746826172,0
23.3841094970703,0
23.247989654541,0
22.964729309082,0
24.9365196228027,0
30.5001029968262,0
37.6999053955078,0
43.3778381347656,0
46.969612121582,0
50.4307098388672,0
54.5237083435059,0
57.3776054382324,0
57.4506759643555,0
55.9536933898926,0
54.9872779846191,0
54.6879501342773,0
53.7878456115723,0
52.1169586181641,0
50.9892730712891,0
51.4811820983887,0
53.4919624328613,0
56.1466445922852,0
58.0987091064453,0
57.8396759033203,0
54.8645172119141,0
50.5119018554688,0
46.9535026550293,0
45.5029029846191,0
46.2717475891113,0
48.7831382751465,0
52.2173233032227,0
55.7393455505371,0
59.3710975646973,0
63.8643379211426,0
69.0097274780273,0
73.0087203979492,0
74.395751953125,0
73.5117034912109,0
71.0996856689453,0
66.9165344238281,0
61.3196144104004,0
56.7451515197754,0
55.2684783935547,0
55.4940032958984,0
54.1736793518066,0
50.3433494567871,0
45.5712471008301,0
40.8053512573242,0
35.8597145080566,0
31.8523769378662,0
30.9630718231201,0
33.1280517578125,0
35.8061332702637,0
37.9183311462402,0
41.2910537719727,0
46.9983596801758,0
52.9535903930664,0
56.8262519836426,0
59.069881439209,0
61.1896018981934,0
63.0588989257812,0
64.058723449707,0
65.056884765625,0
66.7684707641602,0
67.4118804931641,0
64.5948791503906,0
58.9122581481934,0
53.3513679504395,0
49.4721832275391,0
46.3339767456055,0
43.0277442932129,0
40.034351348877,0
37.7348937988281,0
35.52197265625,0
33.0819549560547,0
31.0543384552002,0
29.6415481567383,0
27.7480335235596,0
24.2996883392334,0
19.4983463287354,0
14.0425882339478,0
8.02890491485596,0
1.64921581745148,0
-3.61928820610046,0
-5.78992128372192,0
-4.43603610992432,0
-1.10902345180511,0
2.58291006088257,0
6.538893699646,0
11.202600479126,0
15.6112413406372,0
17.5666160583496,0
16.0946483612061,0
12.924036026001,0
10.7560424804688,0
10.38733959198,0
10.3153095245361,0
9.11748790740967,0
7.39062547683716,0
6.97487115859985,0
8.71932315826416,0
11.4185733795166,0
12.8480863571167,0
11.7135791778564,0
8.64624309539795,0
5.24733448028564,0
2.18671751022339,0
-1.28567540645599,0
-5.66695690155029,0
-9.80001544952393,0
-12.0931377410889,0
-12.6996040344238,0
-13.1716566085815,0
-13.9555339813232,0
-13.767463684082,0
-12.0909757614136,0
-10.8838586807251,0
-12.4683179855347,0
-16.3849544525146,0
-19.6931076049805,0
-20.263765335083,0
-18.6105461120605,0
-16.288143157959,0
-13.6122989654541,0
-9.79819107055664,0
-4.88753032684326,0
-0.478930652141571,0
1.90066242218018,0
2.62892365455627,0
3.45033240318298,0
5.19210195541382,0
6.92324924468994,0
7.73989582061768,0
8.36935520172119,0
10.0005674362183,0
12.1951503753662,0
13.3281965255737,0
12.9307556152344,0
12.2173089981079,0
12.1238355636597,0
12.1023731231689,0
11.2201890945435,0
9.27201652526855,0
6.35411214828491,0
2.54252862930298,0
-1.32168424129486,0
-3.58905100822449,0
-3.39235472679138,0
-1.561567902565,0
0.637168526649475,0
2.88139533996582,0
5.43881893157959,0
8.4520092010498,0
12.1592330932617,0
16.6809883117676,0
20.8747310638428,0
22.7458038330078,0
22.0596122741699,0
21.2438449859619,0
22.3952331542969,0
24.6558570861816,0
26.0357933044434,0
26.36767578125,0
26.3421726226807,0
24.9409961700439,0
20.7967433929443,0
15.6691999435425,0
13.3603973388672,0
14.6105403900146,0
15.8727436065674,0
14.1565217971802,0
10.5403785705566,0
7.52321290969849,0
5.32066679000854,0
2.77193737030029,0
0.0268808510154486,0
-2.0386061668396,0
-3.95033979415894,0
-6.93362617492676,0
-10.7346954345703,0
-14.0978469848633,0
-16.8814182281494,0
-19.7942790985107,0
-22.4522228240967,0
-23.7258834838867,0
-23.9478492736816,0
-24.8255977630615,0
-26.9147567749023,0
-28.8749046325684,0
-29.5783042907715,0
-29.4139003753662,0
-29.0793399810791,0
-28.4837303161621,0
-27.3054294586182,0
-25.3961486816406,0
-22.3165187835693,0
-17.7919235229492,0
-12.9026193618774,0
-9.30077934265137,0
-6.8212423324585,0
-3.51562428474426,0
1.33139729499817,0
6.024733543396,0
9.20395851135254,0
11.7959632873535,0
14.7142753601074,0
16.4188404083252,0
14.9497165679932,0
11.2036752700806,0
7.74361848831177,0
4.95256280899048,0
0.964699983596802,0
-4.53008413314819,0
-9.04054355621338,0
-10.7679595947266,0
-11.2996425628662,0
-13.438796043396,0
-17.7821884155273,0
-22.987491607666,0
-28.4384021759033,0
-34.8075981140137,0
-42.1418151855469,0
-48.994384765625,0
-53.9814605712891,0
-57.2779197692871,0
-59.9634819030762,0
-62.3366165161133,0
-63.4028778076172,0
-61.984992980957,0
-58.180004119873,0
-53.7409362792969,0
-50.8707237243652,0
-50.333911895752,0
-50.818603515625,0
-50.485897064209,0
-48.9922561645508,0
-47.4386024475098,0
-46.4747505187988,0
-45.4209060668945,0
-43.5631904602051,0
-41.2550354003906,0
-38.9264869689941,0
-35.9126396179199,0
-31.5552234649658,0
-26.99778175354,0
-24.3746547698975,0
-24.1491069793701,0
-24.641622543335,0
-24.5342655181885,0
-24.5015087127686,0
-25.693811416626,0
-27.7676734924316,0
-29.3716354370117,0
-29.8340511322021,0
-29.5507526397705,0
-29.3726387023926,0
-30.3422012329102,0
-33.2125625610352,0
-37.2151298522949,0
-39.9801025390625,0
-39.9021453857422,0
-38.2253303527832,0
-37.5692100524902,0
-38.5374183654785,0
-39.0463676452637,0
-37.2476806640625,0
-34.0399169921875,0
-32.0432205200195,0
-32.5373420715332,0
-33.9173545837402,0
-33.1869812011719,0
-28.9401912689209,0
-22.8302631378174,0
-17.8307037353516,0
-15.0904998779297,0
-13.1978378295898,0
-10.7611999511719,0
-8.54979038238525,0
-7.95931196212769,0
-8.151198387146,0
-6.47702598571777,0
-1.91751825809479,0
3.42241501808167,0
6.94329261779785,0
8.48425197601318,0
9.57121658325195,0
10.5922927856445,0
10.285041809082,0
8.04489612579346,0
5.26696968078613,0
3.61198019981384,0
2.87411975860596,0
1.64495158195496,0
-0.417743414640427,0
-2.27986240386963,0
-3.45504951477051,0
-4.84857225418091,0
-7.11422252655029,0
-9.33434772491455,0
-10.3722534179688,0
-10.8499050140381,0
-12.5609254837036,0
-16.0087051391602,0
-19.4920406341553,0
-20.9175395965576,0
-20.0846672058105,0
-18.9632987976074,0
-19.7265777587891,0
-22.3889579772949,0
-24.5743236541748,0
-24.1964473724365,0
-22.2421207427979,0
-21.878589630127,0
-24.5912094116211,0
-28.4246234893799,0
-30.6290855407715,0
-30.8034286499023,0
-30.5438690185547,0
-31.2156658172607,0
-33.2728309631348,0
-36.6945343017578,0
-40.6162338256836,0
-43.2931632995605,0
-43.8972549438477,0
-43.759105682373,0
-44.4907722473145,0
-45.6329040527344,0
-45.7675285339355,0
-45.2833251953125,0
-46.070369720459,0
-48.667652130127,0
-51.5930213928223,0
-53.5918884277344,0
-54.8336906433105,0
-55.6565246582031,0
-55.791332244873,0
-55.3329010009766,0
-55.1012077331543,0
-55.4182739257812,0
-55.4972686767578,0
-54.4499435424805,0
-52.1164703369141,0
-48.8199462890625,0
-45.1907501220703,0
-42.136474609375,0
-39.9020118713379,0
-37.3357543945312,0
-33.4515838623047,0
-29.6036052703857,0
-28.372200012207,0
-30.0074520111084,0
-31.8474311828613,0
-32.0281715393066,0
-31.9514427185059,0
-33.7584037780762,0
-36.8575592041016,0
-38.7914085388184,0
-38.7257881164551,0
-38.0845184326172,0
-37.8005256652832,0
-36.8139533996582,0
-34.0111274719238,0
-30.3446369171143,0
-27.8086395263672,0
-26.7380886077881,0
-25.2504425048828,0
-21.571985244751,0
-16.1505641937256,0
-10.9921188354492,0
-7.44541358947754,0
-5.36171627044678,0
-4.14458084106445,0
-3.63422656059265,0
-3.79651498794556,0
-4.50680065155029,0
-6.09548759460449,0
-9.15969753265381,0
-13.0617790222168,0
-15.4770631790161,0
-14.6053228378296,0
-11.3749971389771,0
-8.27877616882324,0
-6.38551998138428,0
-4.90049076080322,0
-3.50470089912415,0
-3.26710844039917,0
-4.58707761764526,0
-5.89086389541626,0
-5.68932437896729,0
-4.84949779510498,0
-5.2195405960083,0
-6.51181697845459,0
-6.32079696655273,0
-3.48847436904907,0
-0.00472181243821979,0
1.15568733215332,0
-0.87004554271698,0
-4.65763187408447,0
-8.60524940490723,0
-12.1757736206055,0
-15.4694662094116,0
-18.7808990478516,0
-22.7448463439941,0
-27.9898223876953,0
-34.2036209106445,0
-40.0756759643555,0
-44.4964370727539,0
-47.3942031860352,0
-49.2195243835449,0
-50.2412376403809,0
-50.7581672668457,0
-51.4371185302734,0
-52.8580017089844,0
-55.0355415344238,0
-57.7752227783203,0
-61.015007019043,0
-64.2952270507812,0
-66.4626007080078,0
-66.7651977539062,0
-65.996208190918,0
-65.7267227172852,0
-66.4784622192383,0
-67.3468856811523,0
-67.3146209716797,0
-66.1986465454102,0
-64.3950119018555,0
-62.5358009338379,0
-61.4626045227051,0
-61.6723022460938,0
-62.4751586914062,0
-62.3081359863281,0
-60.1790046691895,0
-56.4609451293945,0
-52.3254432678223,0
-48.9158096313477,0
-46.8707695007324,0
-45.8137550354004,0
-44.3432464599609,0
-41.4349327087402,0
-37.8599128723145,0
-35.1973037719727,0
-33.4821662902832,0
-31.2792510986328,0
-28.4318103790283,0
-27.0172786712646,0
-28.4929485321045,0
-31.2630481719971,0
-32.5112915039062,0
-31.4728012084961,0
-29.358922958374,0
-26.8466625213623,0
-23.5339469909668,0
-19.6498107910156,0
-16.4345664978027,0
-14.5281610488892,0
-13.4936370849609,0
-13.3051767349243,0
-14.7760915756226,0
-17.764669418335,0
-20.2698040008545,0
-20.4312477111816,0
-18.6678657531738,0
-16.8190650939941,0
-15.7430858612061,0
-14.8865995407104,0
-14.0161199569702,0
-14.2068529129028,0
-16.6539535522461,0
-20.9926242828369,0
-25.2218151092529,0
-27.2670745849609,0
-26.5614948272705,0
-24.1545696258545,0
-21.332836151123,0
-18.3032264709473,0
-14.4967880249023,0
-10.0685987472534,0
-6.47034931182861,0
-5.07163953781128,0
-5.52780771255493,0
-6.15109729766846,0
-5.93254804611206,0
-5.58701992034912,0
-6.25885343551636,0
-7.68576192855835,0
-8.35131072998047,0
-7.41956233978271,0
-5.80938053131104,0
-5.00779724121094,0
-5.31599521636963,0
-5.78196287155151,0
-5.58416032791138,0
-4.92511224746704,0
-4.65641689300537,0
-5.49071025848389,0
-7.52798843383789,0
-10.1871547698975,0
-12.7676496505737,0
-15.450047492981,0
-19.3204135894775,0
-24.6592693328857,0
-29.5769004821777,0
-31.5487022399902,0
-30.5029716491699,0
-29.3513450622559,0
-31.0261096954346,0
-35.7623901367188,0
-41.5932731628418,0
-46.5647087097168,0
-49.9454650878906,0
-52.2326774597168,0
-54.8365631103516,0
-59.1419906616211,0
-65.0412979125977,0
-70.7848815917969,0
-74.9194488525391,0
-77.9063262939453,0
-81.1650695800781,0
-85.0301818847656,0
-88.4829635620117,0
-90.5810394287109,0
-91.3291854858398,0
-91.2579956054688,0
-90.7583923339844,0
-89.6880187988281,0
-87.2073059082031,0
-82.4323806762695,0
-75.8341979980469,0
-69.4019088745117,0
-64.4898910522461,0
-60.0010719299316,0
-53.9714736938477,0
-46.7386512756348,0
-40.9730033874512,0
-38.219539642334,0
-36.9557991027832,0
-34.9844932556152,0
-32.3910026550293,0
-30.5589828491211,0
-29.0226173400879,0
-25.4319076538086,0
-19.1369171142578,0
-13.0967063903809,0
-10.8133010864258,0
-12.012303352356,0
-12.7769727706909,0
-10.0332860946655,0
-4.75896835327148,0
-0.299958556890488,0
1.51604378223419,0
1.6551821231842,0
1.8243316411972,0
2.45178866386414,0
2.97982096672058,0
3.08403968811035,0
2.73682022094727,0
1.58715522289276,0
-0.654282808303833,0
-3.16748571395874,0
-4.3185453414917,0
-3.49537444114685,0
-2.03429555892944,0
-1.67609298229218,0
-2.45727920532227,0
-2.85493040084839,0
-1.91089808940887,0
-0.471482127904892,0
-0.157738283276558,0
-1.69924938678741,0
-4.57072401046753,0
-7.80329418182373,0
-10.7667455673218,0
-13.4397554397583,0
-16.28955078125,0
-19.7835578918457,0
-23.8208637237549,0
-27.7630710601807,0
-31.0869617462158,0
-33.7304954528809,0
-35.6955718994141,0
-36.7170600891113,0
-36.6439666748047,0
-35.9000396728516,0
-35.2404823303223,0
-35.1344680786133,0
-35.5128898620605,0
-35.9675903320312,0
-36.1633605957031,0
-36.3110046386719,0
-37.2023429870605,0
-39.3627433776855,0
-42.212646484375,0
-44.6890335083008,0
-46.7288360595703,0
-49.2818222045898,0
-52.6197624206543,0
-55.716911315918,0
-57.9715003967285,0
-60.471794128418,0
-64.4057769775391,0
-68.9309768676758,0
-71.9604644775391,0
-72.6879425048828,0
-71.9872283935547,0
-70.5411987304688,0
-68.1567306518555,0
-65.1454086303711,0
-62.7583503723145,0
-61.3842964172363,0
-59.3946380615234,0
-54.7795944213867,0
-47.3685913085938,0
-38.7080307006836,0
-30.2674903869629,0
-22.4697113037109,0
-15.0613861083984,0
-7.72690725326538,0
-0.534857571125031,0
5.82239151000977,0
10.6321811676025,0
14.3613243103027,0
18.5714321136475,0
24.0047950744629,0
29.492862701416,0
33.680793762207,0
37.0320091247559,0
40.6507339477539,0
43.6521873474121,0
43.8628120422363,0
41.5510902404785,0
40.1852264404297,0
41.8779640197754,0
43.6511383056641,0
40.5267677307129,0
31.7696743011475,0
21.6839332580566,0
14.0316877365112,0
8.11469459533691,0
1.50189280509949,0
-5.60034608840942,0
-10.9738664627075,0
-14.2636919021606,0
-17.6294841766357,0
-22.4521007537842,0
-27.5480575561523,0
-31.317964553833,0
-33.9541778564453,0
-36.542049407959,0
-39.2507476806641,0
-41.4658546447754,0
-42.7680473327637,0
-42.8578910827637,0
-41.4286193847656,0
-39.0305938720703,0
-37.0795402526855,0
-35.9784088134766,0
-34.3129234313965,0
-31.1872596740723,0
-28.171199798584,0
-27.1362934112549,0
-27.1413135528564,0
-25.7670707702637,0
-23.0628890991211,0
-21.5720195770264,0
-22.2746448516846,0
-23.0973701477051,0
-22.1646289825439,0
-20.0613613128662,0
-17.6656551361084,0
-14.0257339477539,0
-8.1585865020752,0
-1.18911170959473,0
5.24264049530029,0
11.2661609649658,0
17.3578929901123,0
21.84397315979,0
22.4254055023193,0
19.8176937103271,0
17.3836097717285,0
16.8893165588379,0
16.7678260803223,0
15.1685943603516,0
12.7304286956787,0
11.1802396774292,0
10.6312665939331,0
9.76703262329102,0
8.08626461029053,0
6.67249774932861,0
6.71974468231201,0
7.99129390716553,0
8.87074851989746,0
7.7549467086792,0
4.51680421829224,0
0.647154331207275,0
-2.26453018188477,0
-4.01147985458374,0
-5.21693468093872,0
-5.63077211380005,0
-4.21918869018555,0
-1.29537975788116,0
0.789256930351257,0
0.154986590147018,0
-2.29985213279724,0
-4.39439010620117,0
-5.80776500701904,0
-8.05458354949951,0
-11.4813423156738,0
-14.2344722747803,0
-14.9166431427002,0
-14.6482572555542,0
-15.2154664993286,0
-16.2169895172119,0
-15.5480527877808,0
-12.2827625274658,0
-7.71024751663208,0
-3.529128074646,0
-0.0506903417408466,0
3.72757887840271,0
9.02529239654541,0
16.1817092895508,0
23.9056091308594,0
29.816780090332,0
32.6180534362793,0
33.5494918823242,0
34.7326812744141,0
36.3940544128418,0
37.1288719177246,0
36.8393898010254,0
37.5329818725586,0
40.4372024536133,0
43.9374313354492,0
45.7647819519043,0
46.3305244445801,0
48.4905052185059,0
54.3261184692383,0
63.1676635742188,0
72.5733795166016,0
80.4635314941406,0
86.4959182739258,0
91.991325378418,0
98.3504409790039,0
105.232887268066,0
110.796005249023,0
113.989601135254,0
115.637138366699,0
116.609107971191,0
116.154739379883,0
113.355751037598,0
109.323951721191,0
106.259796142578,0
104.663421630859,0
102.98503112793,0
99.807731628418,0
94.8966064453125,0
88.3237075805664,0
80.2578659057617,0
71.6779327392578,0
63.6757583618164,0
55.9711723327637,0
47.7727928161621,0
40.029167175293,0
34.5998649597168,0
30.829948425293,0
25.4899826049805,0
17.1669216156006,0
8.27989482879639,0
1.25213539600372,0
-4.86826229095459,0
-11.8255481719971,0
-18.3922290802002,0
-22.0625972747803,0
-23.1359920501709,0
-24.1394882202148,0
-25.9636096954346,0
-27.4359798431396,0
-28.2224884033203,0
-29.1876640319824,0
-30.0070476531982,0
-29.4110107421875,0
-28.025951385498,0
-27.9685497283936,0
-29.0075607299805,0
-28.1368408203125,0
-24.0829982757568,0
-19.4795818328857,0
-17.1302623748779,0
-16.6317844390869,0
-16.2980060577393,0
-15.8910274505615,0
-15.371337890625,0
-13.2943449020386,0
-9.12102222442627,0
-5.40355825424194,0
-4.84963607788086,0
-6.42275333404541,0
-7.16166496276855,0
-6.86801671981812,0
-7.83320188522339,0
-10.3384017944336,0
-11.8106117248535,0
-10.9260530471802,0
-9.44999122619629,0
-8.79378318786621,0
-7.32670783996582,0
-2.89769792556763,0
3.72249555587769,0
9.82936763763428,0
14.2501764297485,0
18.1540832519531,0
22.8168163299561,0
27.8851070404053,0
31.8785095214844,0
33.7458763122559,0
33.9943466186523,0
34.5445747375488,0
37.1085205078125,0
41.4947357177734,0
45.941780090332,0
49.0866279602051,0
50.7579116821289,0
50.7706146240234,0
48.2614135742188,0
42.9574508666992,0
36.069450378418,0
28.9439811706543,0
21.5433464050293,0
13.2372045516968,0
4.50748586654663,0
-3.24278664588928,0
-9.31638431549072,0
-14.225998878479,0
-18.7723026275635,0
-23.4878787994385,0
-28.8138771057129,0
-34.8249702453613,0
-40.6491317749023,0
-45.013500213623,0
-47.712287902832,0
-49.975227355957,0
-53.0299377441406,0
-56.6373710632324,0
-59.34912109375,0
-60.0827789306641,0
-59.2990837097168,0
-58.6288833618164,0
-59.257152557373,0
-60.6417694091797,0
-61.0580711364746,0
-59.4924812316895,0
-56.641284942627,0
-53.9213562011719,0
-52.0939445495605,0
-51.2034645080566,0
-51.0474739074707,0
-50.8462066650391,0
-49.1291999816895,0
-45.2843360900879,0
-41.0116996765137,0
-38.7728271484375,0
-38.6012840270996,0
-37.9814567565918,0
-35.4986381530762,0
-32.9909591674805,0
-32.7381973266602,0
-33.7228393554688,0
-32.5922355651855,0
-27.975456237793,0
-22.0524253845215,0
-17.7258625030518,0
-15.8574867248535,0
-15.6717462539673,0
-16.2288112640381,0
-16.5620136260986,0
-15.6235227584839,0
-13.2784948348999,0
-10.5809841156006,0
-8.11919498443604,0
-4.95728445053101,0
-0.328468859195709,0
4.52679777145386,0
7.74891901016235,0
9.55691051483154,0
11.8786649703979,0
15.4306182861328,0
18.8313484191895,0
20.7752590179443,0
21.4930553436279,0
21.7233352661133,0
21.8786354064941,0
22.8636817932129,0
26.0795249938965,0
31.5091781616211,0
37.042610168457,0
40.9123077392578,0
43.8456115722656,0
47.6204681396484,0
52.3482818603516,0
56.5079116821289,0
59.0453109741211,0
60.0430183410645,0
59.6046257019043,0
57.3975982666016,0
53.4119453430176,0
48.315616607666,0
42.9318809509277,0
37.732795715332,0
32.5571022033691,0
26.5367393493652,0
18.9713153839111,0
10.6866455078125,0
3.54965782165527,0
-2.04226636886597,0
-8.0191125869751,0
-15.9559450149536,0
-24.7302684783936,0
-32.2318115234375,0
-38.2625541687012,0
-44.0011672973633,0
-49.5946502685547,0
-54.4371719360352,0
-59.1969795227051,0
-65.1087417602539,0
-71.3149261474609,0
-75.3110504150391,0
-76.4269866943359,0
-76.7333526611328,0
-77.9548416137695,0
-79.5422286987305,0
-80.5144958496094,0
-81.1105041503906,0
-81.4771118164062,0
-80.590446472168,0
-77.9834671020508,0
-75.1404724121094,0
-73.6316375732422,0
-72.9628295898438,0
-71.8304138183594,0
-70.5735626220703,0
-70.5865783691406,0
-71.7489852905273,0
-72.2380447387695,0
-70.9782867431641,0
-68.7728652954102,0
-66.6692733764648,0
-64.5754241943359,0
-62.2066955566406,0
-60.2549705505371,0
-59.3943519592285,0
-58.6425704956055,0
-56.0913734436035,0
-51.4356880187988,0
-46.6196327209473,0
-43.4585952758789,0
-41.6980895996094,0
-40.3087768554688,0
-39.5728416442871,0
-40.1675491333008,0
-40.6808624267578,0
-38.2742538452148,0
-32.4026527404785,0
-26.0442848205566,0
-22.2112159729004,0
-20.7079792022705,0
-19.4751873016357,0
-17.643985748291,0
-15.6516904830933,0
-13.5281410217285,0
-11.0634050369263,0
-9.0663013458252,0
-8.53520011901855,0
-8.88576889038086,0
-8.82209873199463,0
-8.74428939819336,0
-10.3052167892456,0
-13.4882154464722,0
-16.1733303070068,0
-17.0778274536133,0
-17.1810607910156,0
-17.5143051147461,0
-17.5338764190674,0
-16.9101753234863,0
-17.1350517272949,0
-19.5604228973389,0
-22.9599208831787,0
-24.83251953125,0
-24.4285411834717,0
-22.8116226196289,0
-20.4961414337158,0
-16.8838939666748,0
-11.9073219299316,0
-6.48038482666016,0
-1.18713629245758,0
3.84849977493286,0
7.55474805831909,0
8.19954395294189,0
5.9289345741272,0
3.58233523368835,0
3.85978388786316,0
6.60983943939209,0
9.84828853607178,0
12.4640293121338,0
14.6875743865967,0
16.5907936096191,0
17.6192932128906,0
17.6142902374268,0
17.2214298248291,0
17.0254211425781,0
16.8604393005371,0
16.1013813018799,0
14.2644777297974,0
11.3180351257324,0
7.6683406829834,0
3.80190396308899,0
-0.124718405306339,0
-4.13123893737793,0
-7.93444108963013,0
-11.1079483032227,0
-13.644193649292,0
-15.6643314361572,0
-16.6784553527832,0
-16.2003917694092,0
-15.2012348175049,0
-15.6029081344604,0
-17.8262023925781,0
-20.1676750183105,0
-21.2790412902832,0
-21.8066234588623,0
-22.5946826934814,0
-22.8332462310791,0
-21.530969619751,0
-19.5720081329346,0
-18.4500331878662,0
-17.7772121429443,0
-15.9606409072876,0
-12.8913555145264,0
-10.1588163375854,0
-8.86569023132324,0
-8.89826679229736,0
-10.0561809539795,0
-12.0172939300537,0
-13.157374382019,0
-11.3061208724976,0
-6.20248413085938,0
0.153843328356743,0
5.95823287963867,0
11.1935358047485,0
16.5306739807129,0
21.9050674438477,0
26.6091041564941,0
29.9022922515869,0
31.4458026885986,0
32.0569801330566,0
33.7556266784668,0
37.6744155883789,0
42.0961303710938,0
44.2925605773926,0
44.4193916320801,0
45.6028938293457,0
49.5610389709473,0
54.1386375427246,0
56.39697265625,0
56.542896270752,0
57.2017135620117,0
59.7778091430664,0
63.1436309814453,0
65.5602188110352,0
66.6117630004883,0
67.1990356445312,0
68.3265380859375,0
69.9682083129883,0
71.0061264038086,0
70.5797119140625,0
69.2912826538086,0
68.1835021972656,0
66.6307144165039,0
62.7217140197754,0
56.258056640625,0
49.9305610656738,0
46.5334968566895,0
46.0722351074219,0
46.56640625,0
46.6444091796875,0
46.1919021606445,0
45.2673950195312,0
43.5710182189941,0
40.5577621459961,0
35.5132751464844,0
28.4920463562012,0
21.7495727539062,0
18.575023651123,0
19.3184814453125,0
20.1072578430176,0
17.3558158874512,0
12.2250070571899,0
8.44270706176758,0
7.0248122215271,0
6.08463144302368,0
5.08811283111572,0
5.64230585098267,0
7.58662414550781,0
7.76884269714355,0
4.2055811882019,0
-1.20124924182892,0
-5.7575535774231,0
-9.42884922027588,0
-13.2986507415771,0
-16.7543277740479,0
-18.6485500335693,0
-19.6830615997314,0
-20.9875736236572,0
-21.3771209716797,0
-18.8298053741455,0
-14.2981119155884,0
-11.361270904541,0
-11.9211444854736,0
-14.5668277740479,0
-17.5262470245361,0
-20.8900985717773,0
-25.0755500793457,0
-29.1332511901855,0
-31.8947296142578,0
-33.5143394470215,0
-34.808277130127,0
-36.0873413085938,0
-37.4600257873535,0
-39.21630859375,0
-41.0421943664551,0
-41.8128089904785,0
-40.9888114929199,0
-39.3596458435059,0
-37.7998123168945,0
-36.4276504516602,0
-35.723804473877,0
-37.0424118041992,0
-40.6766242980957,0
-44.4748764038086,0
-45.8683700561523,0
-44.6277046203613,0
-42.405387878418,0
-40.3671760559082,0
-38.6746978759766,0
-37.5210342407227,0
-36.9483757019043,0
-35.9838485717773,0
-33.5232696533203,0
-29.8838310241699,0
-26.1530456542969,0
-22.406530380249,0
-18.0726547241211,0
-13.6067667007446,0
-9.98725509643555,0
-6.79775333404541,0
-2.81899046897888,0
1.44944941997528,0
3.99429726600647,0
4.38839435577393,0
4.60003328323364,0
6.08694267272949,0
8.12414646148682,0
9.81484603881836,0
11.5666036605835,0
13.2684869766235,0
13.0318851470947,0
9.50474834442139,0
3.88744735717773,0
-2.06534838676453,0
-8.46846199035645,0
-15.6800270080566,0
-21.7460269927979,0
-24.2363548278809,0
-24.0513877868652,0
-24.7339363098145,0
-27.9899120330811,0
-32.2524185180664,0
-35.8552856445312,0
-39.1536064147949,0
-42.7236785888672,0
-45.6234855651855,0
-46.7312164306641,0
-46.459888458252,0
-46.1641120910645,0
-46.9051361083984,0
-49.2398681640625,0
-52.6479415893555,0
-54.5125770568848,0
-51.633243560791,0
-44.1151504516602,0
-36.1129341125488,0
-31.1277809143066,0
-28.1376724243164,0
-24.3286247253418,0
-20.0539016723633,0
-18.1841354370117,0
-19.2179622650146,0
-20.2535247802734,0
-19.2536792755127,0
-17.5581111907959,0
-17.1915607452393,0
-18.1016693115234,0
-19.4247455596924,0
-21.3377056121826,0
-23.8257427215576,0
-25.2973136901855,0
-24.5784587860107,0
-23.1988792419434,0
-23.496545791626,0
-25.05299949646,0
-25.1706523895264,0
-22.7214679718018,0
-19.5001411437988,0
-17.5552253723145,0
-16.9445724487305,0
-16.5566272735596,0
-15.6481704711914,0
-14.0181674957275,0
-11.8408432006836,0
-9.77286052703857,0
-8.24770736694336,0
-6.51610374450684,0
-3.49226903915405,0
0.487860530614853,0
4.1696925163269,0
7.56047439575195,0
11.6933717727661,0
15.9506368637085,0
17.944019317627,0
17.0672149658203,0
15.9701642990112,0
16.9616661071777,0
18.8758583068848,0
19.4113998413086,0
18.8523178100586,0
19.0565414428711,0
19.9914627075195,0
20.0696506500244,0
19.4319362640381,0
20.0446128845215,0
22.1795425415039,0
23.2121276855469,0
20.8205280303955,0
15.6855201721191,0
10.1543855667114,0
5.60090970993042,0
2.0203013420105,0
-0.825331807136536,0
-2.89542174339294,0
-4.09123277664185,0
-4.49201250076294,0
-4.72846031188965,0
-6.20094347000122,0
-10.204249382019,0
-16.4896221160889,0
-23.1536197662354,0
-28.1619510650635,0
-30.7158432006836,0
-31.3452682495117,0
-31.3177680969238,0
-31.8909606933594,0
-33.4687957763672,0
-35.4369812011719,0
-37.2553482055664,0
-39.3936462402344,0
-42.4608306884766,0
-45.761589050293,0
-47.8392448425293,0
-48.5359153747559,0
-49.4763298034668,0
-52.106559753418,0
-55.9546394348145,0
-59.2515106201172,0
-60.8435211181641,0
-61.1795845031738,0
-61.6319274902344,0
-62.9849472045898,0
-64.5779800415039,0
-65.1457595825195,0
-64.4796676635742,0
-63.5892448425293,0
-62.9942398071289,0
-61.9249000549316,0
-60.0435485839844,0
-58.9069366455078,0
-60.2657737731934,0
-63.4364166259766,0
-65.8671722412109,0
-66.0750198364258,0
-64.5595092773438,0
-62.0230827331543,0
-58.461971282959,0
-54.2381935119629,0
-50.2595520019531,0
-46.4380950927734,0
-41.5412406921387,0
-35.4792327880859,0
-30.3783798217773,0
-28.2374897003174,0
-28.511194229126,0
-29.1128787994385,0
-28.954309463501,0
-28.3709907531738,0
-27.8362617492676,0
-27.6174297332764,0
-28.2881469726562,0
-30.286340713501,0
-33.0766944885254,0
-35.7582778930664,0
-38.3436470031738,0
-41.4854011535645,0
-45.1251220703125,0
-48.4002723693848,0
-50.7395210266113,0
-52.1051864624023,0
-52.4773330688477,0
-52.3395233154297,0
-53.3756370544434,0
-56.9785041809082,0
-61.9109153747559,0
-65.2909698486328,0
-66.4625091552734,0
-67.9344711303711,0
-71.4237442016602,0
-74.9974212646484,0
-75.9552459716797,0
-74.8233184814453,0
-73.961540222168,0
-73.2782897949219,0
-70.3429336547852,0
-64.6205673217773,0
-58.5547752380371,0
-53.6986961364746,0
-48.4817085266113,0
-41.2249565124512,0
-33.2158966064453,0
-27.043794631958,0
-23.4439163208008,0
-21.4591484069824,0
-20.3295459747314,0
-19.3979263305664,0
-17.3410263061523,0
-13.5940551757812,0
-9.85261821746826,0
-8.22179412841797,0
-8.39338397979736,0
-8.49270725250244,0
-8.07630443572998,0
-8.04741477966309,0
-7.96839094161987,0
-6.14714384078979,0
-2.81210422515869,0
-0.633808434009552,0
-1.04206669330597,0
-2.22014307975769,0
-2.15793681144714,0
-1.75539875030518,0
-2.99699950218201,0
-5.44883108139038,0
-6.82901239395142,0
-6.5049901008606,0
-6.33360147476196,0
-7.9455771446228,0
-10.8934259414673,0
-13.9612464904785,0
-17.0480518341064,0
-21.0010242462158,0
-26.1783409118652,0
-31.7085037231445,0
-35.9510536193848,0
-37.6005477905273,0
-36.7298698425293,0
-34.8717460632324,0
-33.7210960388184,0
-33.603832244873,0
-33.4534606933594,0
-32.3485946655273,0
-30.7664661407471,0
-30.0860042572021,0
-30.9432048797607,0
-32.346004486084,0
-32.6540565490723,0
-31.4045295715332,0
-29.7952861785889,0
-29.1505336761475,0
-29.3645763397217,0
-29.4153804779053,0
-29.0905456542969,0
-29.3684177398682,0
-31.0117073059082,0
-33.4457817077637,0
-35.2366027832031,0
-35.3273773193359,0
-33.8993148803711,0
-32.4320335388184,0
-32.6091461181641,0
-34.5810852050781,0
-36.796257019043,0
-38.3507614135742,0
-40.6912269592285,0
-45.4452095031738,0
-51.085277557373,0
-53.8556938171387,0
-52.2235717773438,0
-48.433292388916,0
-45.1785278320312,0
-42.7465515136719,0
-40.2073440551758,0
-37.3273658752441,0
-34.0376091003418,0
-29.7839546203613,0
-24.8571281433105,0
-20.8976383209229,0
-18.686861038208,0
-16.8218593597412,0
-13.9441328048706,0
-10.8520994186401,0
-8.92355823516846,0
-7.80936670303345,0
-6.19599103927612,0
-3.53295397758484,0
0.31514909863472,0
5.36369466781616,0
9.83992004394531,0
10.3941917419434,0
6.41042375564575,0
2.22709155082703,0
2.19666790962219,0
5.13609075546265,0
6.8681492805481,0
6.72143411636353,0
7.5137095451355,0
9.96706962585449,0
11.7604904174805,0
12.4380178451538,0
14.7131805419922,0
19.5037956237793,0
23.6258449554443,0
24.4671630859375,0
23.7218742370605,0
24.2082710266113,0
25.6969623565674,0
26.3468627929688,0
26.0286197662354,0
25.638843536377,0
24.8593845367432,0
23.1484298706055,0
21.62158203125,0
21.5036602020264,0
21.7494430541992,0
20.5302295684814,0
18.2184219360352,0
16.5446968078613,0
15.40842628479,0
12.9559650421143,0
8.68882369995117,0
4.29478979110718,0
1.22848880290985,0
-0.627979040145874,0
-1.63168573379517,0
-1.51539325714111,0
-0.406187385320663,0
0.781550765037537,0
1.66015660762787,0
2.93785738945007,0
5.02087831497192,0
6.99716949462891,0
7.75011491775513,0
7.47507476806641,0
7.45416259765625,0
8.65406608581543,0
10.9285297393799,0
13.3159513473511,0
14.8198261260986,0
15.0583000183105,0
14.3246259689331,0
13.0534029006958,0
11.4859867095947,0
10.0314979553223,0
9.46179580688477,0
10.1669483184814,0
11.5457763671875,0
12.8314809799194,0
14.2354984283447,0
16.3524227142334,0
18.5732574462891,0
19.3574981689453,0
18.5127353668213,0
18.0115795135498,0
19.5675601959229,0
22.2088413238525,0
23.5590801239014,0
23.1679878234863,0
23.0375862121582,0
24.584135055542,0
26.5617046356201,0
26.8146381378174,0
24.832067489624,0
21.3651962280273,0
16.6635303497314,0
10.9487619400024,0
6.0021071434021,0
3.92851972579956,0
4.14144277572632,0
3.88327431678772,0
2.40922784805298,0
2.13823699951172,0
4.17015647888184,0
5.15115118026733,0
1.23579728603363,0
-6.38997602462769,0
-12.9584217071533,0
-16.3289585113525,0
-18.5965824127197,0
-21.5535755157471,0
-23.8757286071777,0
-23.9264812469482,0
-22.6529960632324,0
-21.9129600524902,0
-21.7228450775146,0
-21.026086807251,0
-20.0404682159424,0
-19.9829139709473,0
-20.8739223480225,0
-21.0876770019531,0
-19.2250556945801,0
-15.7103385925293,0
-12.3996639251709,0
-10.7703514099121,0
-10.3875818252563,0
-9.37622356414795,0
-6.86348628997803,0
-4.4440770149231,0
-4.14935493469238,0
-5.3221435546875,0
-5.07955694198608,0
-2.01525688171387,0
2.18346357345581,0
5.25714874267578,0
6.88458108901978,0
7.94139957427979,0
8.84710884094238,0
9.7593469619751,0
11.0878601074219,0
12.5143423080444,0
12.5293035507202,0
10.2907791137695,0
7.1611008644104,0
5.10079908370972,0
4.22021913528442,0
3.25833535194397,0
1.84865593910217,0
0.678221106529236,0
-0.384821355342865,0
-2.60855197906494,0
-6.44784069061279,0
-10.5685968399048,0
-13.4152050018311,0
-14.7534189224243,0
-14.9073638916016,0
-13.302848815918,0
-9.02611351013184,0
-2.81498718261719,0
2.67394185066223,0
5.41079378128052,0
6.40404367446899,0
8.6335916519165,0
13.4591693878174,0
18.9966602325439,0
22.5950260162354,0
24.071310043335,0
25.428804397583,0
27.8382511138916,0
30.2920684814453,0
31.385799407959,0
31.1131286621094,0
30.2920722961426,0
29.2597217559814,0
28.0288047790527,0
27.0480899810791,0
26.7814788818359,0
26.7856731414795,0
26.0579013824463,0
24.2372055053711,0
21.786262512207,0
19.0349540710449,0
15.7455816268921,0
11.7606191635132,0
7.54660701751709,0
3.98005414009094,0
2.0578408241272,0
2.724933385849,0
6.05703401565552,0
10.2454710006714,0
12.3753433227539,0
11.1042699813843,0
7.9335150718689,0
4.86856460571289,0
1.60043203830719,0
-3.38254141807556,0
-9.32684230804443,0
-13.2022247314453,0
-13.7996215820312,0
-13.6389503479004,0
-15.4234886169434,0
-18.5320281982422,0
-20.9409770965576,0
-22.8262710571289,0
-25.4608421325684,0
-27.6485004425049,0
-26.7662677764893,0
-23.5566959381104,0
-22.5892353057861,0
-26.743293762207,0
-33.7306365966797,0
-39.4810943603516,0
-42.8535537719727,0
-45.4681930541992,0
-48.7821655273438,0
-53.1295623779297,0
-58.1670112609863,0
-62.4397964477539,0
-63.651798248291,0
-61.070182800293,0
-56.7151489257812,0
-52.7614402770996,0
-49.0375785827637,0
-44.7254219055176,0
-40.9583168029785,0
-39.2874488830566,0
-38.6700897216797,0
-36.9102210998535,0
-34.6994285583496,0
-35.0784683227539,0
-38.4023628234863,0
-40.8481369018555,0
-39.2884674072266,0
-35.2166748046875,0
-31.9505558013916,0
-29.8340034484863,0
-26.681978225708,0
-22.0193767547607,0
-18.165491104126,0
-16.9130935668945,0
-17.4236164093018,0
-18.3780784606934,0
-20.4346122741699,0
-24.9280109405518,0
-31.1124324798584,0
-36.597541809082,0
-40.3439407348633,0
-43.3834266662598,0
-46.2136726379395,0
-47.4033622741699,0
-45.9588165283203,0
-43.5336418151855,0
-42.5387687683105,0
-42.994255065918,0
-43.1245918273926,0
-42.4028282165527,0
-41.8193626403809,0
-41.389232635498,0
-39.8613815307617,0
-37.2734985351562,0
-35.3567390441895,0
-34.533016204834,0
-32.8531684875488,0
-29.2548923492432,0
-25.7076034545898,0
-24.3430023193359,0
-24.3582859039307,0
-23.9459972381592,0
-23.7204151153564,0
-25.5764389038086,0
-29.0325222015381,0
-31.4444217681885,0
-31.6596984863281,0
-31.0192317962646,0
-30.5763702392578,0
-29.5437526702881,0
-27.0208587646484,0
-23.5184631347656,0
-20.2811756134033,0
-18.5032558441162,0
-19.3199520111084,0
-22.8782005310059,0
-27.2201976776123,0
-29.9960460662842,0
-31.7149486541748,0
-35.207820892334,0
-41.0292205810547,0
-45.6332473754883,0
-45.7797355651855,0
-43.0439376831055,0
-41.8095016479492,0
-43.7441215515137,0
-46.5315246582031,0
-47.8673095703125,0
-48.4957656860352,0
-50.5286445617676,0
-54.2270278930664,0
-57.6923904418945,0
-59.280158996582,0
-59.2726554870605,0
-58.9840278625488,0
-58.9457550048828,0
-58.7209930419922,0
-58.3521919250488,0
-58.9061088562012,0
-60.860221862793,0
-62.6847229003906,0
-62.1835975646973,0
-58.9598579406738,0
-54.377140045166,0
-49.3374977111816,0
-43.702091217041,0
-38.0640716552734,0
-34.1639442443848,0
-32.5910568237305,0
-31.6428489685059,0
-29.7117309570312,0
-27.4605731964111,0
-26.1724262237549,0
-25.1958103179932,0
-22.9325542449951,0
-19.5510864257812,0
-16.66037940979,0
-14.7195339202881,0
-12.8809213638306,0
-11.2330980300903,0
-10.8861598968506,0
-11.5070571899414,0
-11.0807876586914,0
-8.94581127166748,0
-6.94520664215088,0
-6.39120054244995,0
-5.90384864807129,0
-3.93602085113525,0
-1.73199105262756,0
-1.57126307487488,0
-3.08923029899597,0
-3.66502475738525,0
-2.11236453056335,0
0.135917842388153,0
1.52837002277374,0
2.06153512001038,0
2.03400063514709,0
0.986474573612213,0
-1.15576231479645,0
-3.13776350021362,0
-3.63027429580688,0
-2.69692349433899,0
-1.15619826316833,0
0.93094938993454,0
4.22338724136353,0
8.77894306182861,0
13.5327711105347,0
17.1763916015625,0
19.1625537872314,0
19.8019847869873,0
19.6788940429688,0
19.1216583251953,0
18.1406116485596,0
16.7401599884033,0
15.2459859848022,0
14.4046621322632,0
15.2007131576538,0
18.3063583374023,0
23.3293571472168,0
28.7184963226318,0
32.971996307373,0
36.0858154296875,0
39.3648300170898,0
43.7150573730469,0
48.6687316894531,0
53.1721534729004,0
56.5299987792969,0
58.239070892334,0
57.8025665283203,0
55.4411849975586,0
52.3450546264648,0
49.4437026977539,0
46.4361381530762,0
42.7813606262207,0
39.0577774047852,0
36.343692779541,0
34.6409492492676,0
33.0349006652832,0
31.3204917907715,0
30.3828182220459,0
30.7389144897461,0
31.496509552002,0
31.1067714691162,0
28.8097705841064,0
25.3482360839844,0
22.5692081451416,0
22.0368728637695,0
23.5719833374023,0
25.5352020263672,0
27.0150966644287,0
28.9669933319092,0
32.3129577636719,0
35.9448394775391,0
38.311595916748,0
40.2864685058594,0
44.0344657897949,0
48.9300346374512,0
51.3630409240723,0
49.7600364685059,0
47.2841110229492,0
47.5633811950684,0
49.771068572998,0
50.5547332763672,0
49.3666877746582,0
48.616153717041,0
49.0783576965332,0
48.751277923584,0
46.9111175537109,0
45.9570426940918,0
47.6040077209473,0
49.965274810791,0
50.6006240844727,0
50.292552947998,0
51.1173934936523,0
52.3058280944824,0
51.1657295227051,0
47.5373840332031,0
44.2010116577148,0
42.6569328308105,0
41.4674835205078,0
39.6592178344727,0
38.9548187255859,0
40.8198852539062,0
43.3524742126465,0
43.4189529418945,0
40.7946891784668,0
38.0031433105469,0
36.6457443237305,0
36.1110610961914,0
35.8683700561523,0
36.7482032775879,0
39.0751457214355,0
41.2109222412109,0
41.3064193725586,0
39.6412773132324,0
38.0047340393066,0
37.2717628479004,0
36.8315467834473,0
36.2601928710938,0
36.2504386901855,0
37.395378112793,0
38.9109649658203,0
39.3256225585938,0
38.1342544555664,0
36.1997871398926,0
34.6806259155273,0
34.1168441772461,0
34.5701904296875,0
36.0238456726074,0
38.1662292480469,0
40.0139350891113,0
40.4433746337891,0
39.5827751159668,0
39.4417877197266,0
42.3375701904297,0
48.1941299438477,0
53.9636383056641,0
56.6715507507324,0
56.917911529541,0
58.2585144042969,0
62.8597297668457,0
68.9724502563477,0
73.3583374023438,0
74.8837127685547,0
74.4303817749023,0
72.4971237182617,0
69.1121292114258,0
65.7846984863281,0
65.0093536376953,0
67.0487289428711,0
69.2268753051758,0
69.6679840087891,0
70.1355895996094,0
73.5666198730469,0
79.9166793823242,0
86.2307968139648,0
90.2109451293945,0
91.9679412841797,0
92.548454284668,0
92.6182250976562,0
92.9766082763672,0
94.7913513183594,0
98.3065185546875,0
101.928047180176,0
103.308715820312,0
101.249984741211,0
96.4541091918945,0
90.7392578125,0
85.6174774169922,0
81.4037857055664,0
77.6309509277344,0
74.1624221801758,0
71.2965545654297,0
68.6568756103516,0
65.0365600585938,0
60.1542739868164,0
55.674186706543,0
53.2618408203125,0
52.1743354797363,0
50.0885887145996,0
45.9709320068359,0
40.8143157958984,0
35.8977508544922,0
31.8538856506348,0
29.1767444610596,0
27.7598152160645,0
25.865327835083,0
21.6358318328857,0
16.1019134521484,0
12.559910774231,0
12.1561193466187,0
12.2918014526367,0
10.5671463012695,0
7.8977370262146,0
5.89637851715088,0
3.62477087974548,0
-0.186938717961311,0
-3.48505973815918,0
-2.96437883377075,0
1.06335163116455,0
5.42105150222778,0
9.27120494842529,0
14.5799312591553,0
20.9739723205566,0
24.5419845581055,0
23.66650390625,0
22.2056350708008,0
23.9306125640869,0
26.7961959838867,0
26.3388557434082,0
22.6699810028076,0
20.0044784545898,0
20.2175807952881,0
21.0127983093262,0
20.5438556671143,0
19.885217666626,0
19.8324508666992,0
18.7308940887451,0
15.5364217758179,0
12.5808029174805,0
12.8326416015625,0
15.6986331939697,0
17.7232246398926,0
16.8580131530762,0
14.2548046112061,0
12.0700931549072,0
11.047568321228,0
10.4700584411621,0
9.37316513061523,0
7.32775020599365,0
4.61008167266846,0
2.10732841491699,0
0.969640374183655,0
1.9887148141861,0
4.91796541213989,0
8.31495189666748,0
10.5937614440918,0
11.7439165115356,0
13.5433683395386,0
17.2965412139893,0
21.7858734130859,0
24.6004600524902,0
25.329174041748,0
26.0449714660645,0
28.3681888580322,0
31.4601993560791,0
33.5872459411621,0
34.4267807006836,0
34.8572006225586,0
35.4157524108887,0
36.0837326049805,0
36.9988899230957,0
38.3537750244141,0
40.0054473876953,0
42.016788482666,0
45.000732421875,0
48.8963851928711,0
51.9445114135742,0
52.2047233581543,0
49.9115104675293,0
47.0530433654785,0
44.7103729248047,0
42.278018951416,0
39.4547958374023,0
37.166374206543,0
35.5523986816406,0
32.6503791809082,0
26.8347759246826,0
19.7637920379639,0
14.9125967025757,0
13.1412649154663,0
11.5051164627075,0
7.07343292236328,0
0.43215000629425,0
-5.69625377655029,0
-10.2384061813354,0
-14.6790237426758,0
-20.5362777709961,0
-27.3536853790283,0
-33.4540939331055,0
-37.6703681945801,0
-39.9180297851562,0
-40.8477554321289,0
-41.4856224060059,0
-42.6834602355957,0
-44.3466339111328,0
-45.4853096008301,0
-45.3997459411621,0
-44.4262466430664,0
-43.0861282348633,0
-40.9997215270996,0
-37.3967933654785,0
-32.4684143066406,0
-27.4215183258057,0
-23.2727432250977,0
-20.4025268554688,0
-19.2677459716797,0
-20.4420585632324,0
-23.4847202301025,0
-26.7118721008301,0
-28.8156223297119,0
-30.003454208374,0
-30.8063354492188,0
-30.5937328338623,0
-28.4486103057861,0
-24.9909801483154,0
-21.9298763275146,0
-19.9386901855469,0
-18.3841209411621,0
-17.2580413818359,0
-17.8101119995117,0
-20.6415996551514,0
-24.5229873657227,0
-28.0798511505127,0
-31.6305561065674,0
-36.1458702087402,0
-40.996639251709,0
-44.1027717590332,0
-44.438533782959,0
-43.4779243469238,0
-43.6483955383301,0
-45.5418586730957,0
-47.0287971496582,0
-45.4744682312012,0
-40.7968521118164,0
-35.6142425537109,0
-31.9713077545166,0
-29.0096435546875,0
-25.0587139129639,0
-20.8960838317871,0
-18.6694507598877,0
-17.9299736022949,0
-15.5343589782715,0
-10.2385969161987,0
-4.83650541305542,0
-2.33067536354065,0
-2.13686585426331,0
-1.79636776447296,0
-0.484279036521912,0
1.33250093460083,0
4.12270927429199,0
8.61983108520508,0
13.8193817138672,0
18.067066192627,0
21.6570625305176,0
26.1414794921875,0
31.4279365539551,0
35.8300895690918,0
38.9438171386719,0
42.2533340454102,0
46.5679359436035,0
50.8272895812988,0
53.9489936828613,0
56.084415435791,0
57.3752708435059,0
57.0791511535645,0
54.888111114502,0
51.9599990844727,0
49.7136306762695,0
48.3826370239258,0
47.417163848877,0
46.4992294311523,0
45.4243659973145,0
43.6425933837891,0
40.7236633300781,0
36.933910369873,0
32.790943145752,0
28.4425411224365,0
24.0785789489746,0
20.5187015533447,0
18.4559898376465,0
17.1684055328369,0
15.0720567703247,0
12.0977268218994,0
10.5740509033203,0
12.599458694458,0
17.0127830505371,0
20.4953994750977,0
21.7231197357178,0
22.6345348358154,0
24.98708152771,0
27.781982421875,0
29.6532897949219,0
31.7483310699463,0
35.566822052002,0
39.2923431396484,0
39.7108879089355,0
37.5235824584961,0
37.1778755187988,0
40.7244338989258,0
45.2290420532227,0
47.6633110046387,0
49.1277465820312,0
52.0071983337402,0
55.6555442810059,0
57.8329811096191,0
58.6920852661133,0
60.358642578125,0
63.5012512207031,0
66.9761581420898,0
70.2804107666016,0
73.8765029907227,0
77.3789978027344,0
79.7337875366211,0
81.1956329345703,0
83.0728302001953,0
85.3300323486328,0
86.2018890380859,0
84.3660278320312,0
79.9467010498047,0
73.3638381958008,0
64.96826171875,0
56.0972442626953,0
48.7070121765137,0
43.2405433654785,0
38.1866607666016,0
32.4069671630859,0
26.7069034576416,0
22.3979396820068,0
19.3769378662109,0
16.4833736419678,0
12.9912309646606,0
8.95512199401855,0
4.67449569702148,0
0.570740640163422,0
-2.85279726982117,0
-5.67016744613647,0
-8.85528373718262,0
-13.1762781143188,0
-17.8094234466553,0
-20.8050174713135,0
-21.3050498962402,0
-20.8850650787354,0
-22.1151542663574,0
-25.7808666229248,0
-30.0868282318115,0
-32.9175453186035,0
-34.3280258178711,0
-36.1052665710449,0
-39.3072814941406,0
-43.425609588623,0
-48.0149154663086,0
-53.6435394287109,0
-60.3492622375488,0
-66.2868270874023,0
-69.2913360595703,0
-69.363639831543,0
-68.4078903198242,0
-67.7225112915039,0
-66.9513092041016,0
-65.5594940185547,0
-64.1354217529297,0
-63.6940422058105,0
-64.388542175293,0
-65.4035797119141,0
-65.7287445068359,0
-64.7567291259766,0
-62.5502090454102,0
-59.9303131103516,0
-58.1230583190918,0
-57.9297027587891,0
-59.0450744628906,0
-60.1824951171875,0
-60.1003189086914,0
-58.8377113342285,0
-57.8110237121582,0
-58.1600875854492,0
-59.0823822021484,0
-58.6249694824219,0
-56.1970443725586,0
-53.1607780456543,0
-50.5724296569824,0
-47.8009300231934,0
-44.2676582336426,0
-40.9033889770508,0
-38.2488632202148,0
-34.6469039916992,0
-28.8334903717041,0
-23.4385986328125,0
-22.798397064209,0
-27.1266651153564,0
-31.8677806854248,0
-33.6494827270508,0
-33.9772682189941,0
-35.6548881530762,0
-38.4619178771973,0
-40.6982803344727,0
-42.6555023193359,0
-45.5529479980469,0
-48.4986228942871,0
-49.6615295410156,0
-49.691276550293,0
-50.8359527587891,0
-52.9079132080078,0
-53.2597198486328,0
-51.0453567504883,0
-48.4295883178711,0
-46.801441192627,0
-44.8488426208496,0
-41.8067092895508,0
-39.7277984619141,0
-40.2999153137207,0
-41.6211814880371,0
-40.7899208068848,0
-38.2343101501465,0
-36.7034721374512,0
-36.7905349731445,0
-36.2567024230957,0
-33.660774230957,0
-30.0981712341309,0
-26.9325332641602,0
-23.9725971221924,0
-20.6990222930908,0
-17.7030715942383,0
-16.0429019927979,0
-16.152027130127,0
-17.7548084259033,0
-19.8806304931641,0
-20.9564056396484,0
-20.2599544525146,0
-19.3775291442871,0
-20.5967445373535,0
-23.5713081359863,0
-25.4224338531494,0
-24.7437114715576,0
-23.521936416626,0
-24.0750141143799,0
-26.0810222625732,0
-28.0936717987061,0
-30.0419998168945,0
-32.148365020752,0
-32.9230728149414,0
-30.7775917053223,0
-26.7683067321777,0
-23.2715473175049,0
-20.5360431671143,0
-17.1304931640625,0
-13.4293184280396,0
-11.6514759063721,0
-12.0408897399902,0
-11.8891324996948,0
-9.36724376678467,0
-5.82090854644775,0
-2.98352432250977,0
-0.278131395578384,0
3.40009713172913,0
7.23853588104248,0
9.84426212310791,0
11.4389190673828,0
12.6914539337158,0
12.7902326583862,0
10.9625282287598,0
8.7786340713501,0
8.33468914031982,0
8.64771270751953,0
6.39191770553589,0
0.244554549455643,0
-7.63290357589722,0
-14.4612121582031,0
-19.0436763763428,0
-20.9823799133301,0
-20.119176864624,0
-17.6211547851562,0
-15.7027616500854,0
-15.1985492706299,0
-14.8627157211304,0
-13.9500818252563,0
-13.9161233901978,0
-16.2715225219727,0
-19.9495182037354,0
-22.3224105834961,0
-22.3026371002197,0
-21.2425556182861,0
-20.995641708374,0
-21.9327373504639,0
-22.7462921142578,0
-21.7052268981934,0
-18.3203067779541,0
-14.0926599502563,0
-11.2716369628906,0
-10.6083745956421,0
-10.720175743103,0
-9.80526447296143,0
-7.42297649383545,0
-4.42190027236938,0
-1.81650996208191,0
-0.0944177731871605,0
0.917533934116364,0
1.84175992012024,0
3.05973291397095,0
4.23897361755371,0
5.03193950653076,0
5.92765665054321,0
7.482497215271,0
9.06328296661377,0
9.829833984375,0
10.9101686477661,0
14.6728076934814,0
21.2436923980713,0
27.6582298278809,0
31.5152435302734,0
33.6002731323242,0
35.417049407959,0
36.059871673584,0
33.901741027832,0
30.0977363586426,0
27.5089282989502,0
26.4025936126709,0
23.9605884552002,0
18.5599231719971,0
12.2761650085449,0
8.22603321075439,0
7.11000633239746,0
7.29370355606079,0
6.95804595947266,0
5.33578681945801,0
2.96375513076782,0
1.41095662117004,0
1.72896885871887,0
2.75719594955444,0
2.27223110198975,0
0.24509271979332,0
-0.717180252075195,0
1.05755043029785,0
4.15228796005249,0
6.69888782501221,0
9.2093677520752,0
12.8000326156616,0
16.2237434387207,0
17.4248542785645,0
17.3790626525879,0
19.4906024932861,0
24.8639965057373,0
30.6557006835938,0
33.9729270935059,0
35.3554229736328,0
37.1414680480957,0
39.9760398864746,0
42.5458831787109,0
43.859691619873,0
44.1057586669922,0
43.4123764038086,0
41.1454048156738,0
36.8969459533691,0
31.4960994720459,0
26.5184059143066,0
22.8882598876953,0
20.1838264465332,0
17.3801765441895,0
14.1847982406616,0
11.3942918777466,0
9.79255390167236,0
8.97967147827148,0
7.67692565917969,0
5.10621881484985,0
1.72103691101074,0
-1.41975033283234,0
-3.78617978096008,0
-5.9846339225769,0
-9.34390449523926,0
-14.5143890380859,0
-20.235294342041,0
-24.1623058319092,0
-25.6003570556641,0
-26.73512840271,0
-29.9431991577148,0
-34.2452125549316,0
-36.0998878479004,0
-34.0453071594238,0
-30.7988719940186,0
-29.6303768157959,0
-30.0981063842773,0
-29.2563247680664,0
-26.3930053710938,0
-24.2316398620605,0
-24.9837093353271,0
-27.2725009918213,0
-28.277759552002,0
-27.4555339813232,0
-26.3100566864014,0
-25.330924987793,0
-23.4034061431885,0
-20.3224906921387,0
-17.7418594360352,0
-16.8412818908691,0
-16.8064346313477,0
-16.6757774353027,0
-17.039421081543,0
-18.4450187683105,0
-19.633394241333,0
-19.3562088012695,0
-18.8593845367432,0
-20.23171043396,0
-22.9142475128174,0
-24.3977165222168,0
-24.2238521575928,0
-24.5734729766846,0
-26.4811553955078,0
-28.1890125274658,0
-28.2189064025879,0
-27.5380401611328,0
-27.2907390594482,0
-26.7024250030518,0
-24.9636917114258,0
-23.0930690765381,0
-21.8813228607178,0
-19.8641548156738,0
-15.74365234375,0
-11.26917552948,0
-8.95608425140381,0
-8.02721309661865,0
-5.62103080749512,0
-1.52075445652008,0
1.40711307525635,0
1.59082567691803,0
0.574612677097321,0
-0.243694603443146,0
-1.95387053489685,0
-5.84084177017212,0
-10.7810564041138,0
-14.4637012481689,0
-15.8813056945801,0
-15.4575281143188,0
-14.0360832214355,0
-12.9440116882324,0
-13.7537069320679,0
-16.4559078216553,0
-18.6927280426025,0
-18.212230682373,0
-15.5169954299927,0
-12.8994636535645,0
-11.5580577850342,0
-11.107216835022,0
-11.4190921783447,0
-13.1851081848145,0
-16.5217456817627,0
-20.4895973205566,0
-24.3690071105957,0
-28.181095123291,0
-31.4879245758057,0
-32.8779716491699,0
-31.4301261901855,0
-27.8794193267822,0
-23.6217746734619,0
-19.2336158752441,0
-14.5699653625488,0
-9.53960609436035,0
-4.02641677856445,0
2.24399542808533,0
8.98793506622314,0
15.2959480285645,0
21.098876953125,0
27.6465797424316,0
35.302906036377,0
42.0204277038574,0
45.8349494934082,0
47.9625434875488,0
51.1282768249512,0
55.4232368469238,0
58.5770454406738,0
60.1619110107422,0
62.2194023132324,0
65.0772705078125,0
66.1026153564453,0
64.2689208984375,0
62.6433448791504,0
63.8549537658691,0
65.9374542236328,0
65.7187576293945,0
63.9492874145508,0
63.4591903686523,0
63.9694175720215,0
62.7351722717285,0
59.4099464416504,0
56.2312469482422,0
53.6428337097168,0
49.661994934082,0
43.8516082763672,0
38.1847076416016,0
33.4005737304688,0
28.2071723937988,0
22.9762115478516,0
20.3366546630859,0
20.5052261352539,0
19.7735958099365,0
15.9878129959106,0
12.2843160629272,0
12.5152921676636,0
15.6302576065063,0
17.8106536865234,0
18.0842170715332,0
18.2900352478027,0
18.8452434539795,0
18.2366733551025,0
16.2642192840576,0
14.4632701873779,0
13.219521522522,0
11.3862199783325,0
9.11844158172607,0
8.33898639678955,0
9.57615375518799,0
10.657187461853,0
9.64483261108398,0
7.31483125686646,0
5.68286895751953,0
5.53392601013184,0
6.40856742858887,0
7.7956862449646,0
9.3212251663208,0
10.6638593673706,0
12.0998392105103,0
14.4041900634766,0
17.7285594940186,0
21.4472885131836,0
25.4187908172607,0
30.1342296600342,0
35.0428428649902,0
38.2031478881836,0
38.7436828613281,0
38.5298690795898,0
39.9655075073242,0
42.820140838623,0
44.648738861084,0
44.0335922241211,0
42.0852355957031,0
40.681095123291,0
40.2524185180664,0
39.6003875732422,0
37.3190765380859,0
33.2068138122559,0
28.561954498291,0
25.0749454498291,0
23.2414817810059,0
21.9763889312744,0
19.7943782806396,0
16.0434818267822,0
11.1190700531006,0
6.20430898666382,0
2.84902024269104,0
1.87876057624817,0
2.44397854804993,0
2.98068261146545,0
3.17149305343628,0
3.74772763252258,0
4.31561756134033,0
3.32455062866211,0
0.947301089763641,0
-0.161714404821396,0
1.44819450378418,0
3.46613478660583,0
3.05169153213501,0
1.06090724468231,0
0.451674729585648,0
1.58838391304016,0
2.19203591346741,0
1.5803314447403,0
1.72259032726288,0
3.58362507820129,0
5.34547233581543,0
5.36067533493042,0
4.45733547210693,0
3.98806118965149,0
3.67762970924377,0
2.96294140815735,0
2.74043154716492,0
4.04298830032349,0
6.27502250671387,0
8.50324249267578,0
11.4753694534302,0
16.4202518463135,0
22.2866020202637,0
26.067253112793,0
26.2184143066406,0
24.5754051208496,0
24.3214111328125,0
26.6060009002686,0
29.67942237854,0
31.3301525115967,0
31.7491092681885,0
33.3179168701172,0
37.4265480041504,0
42.5763206481934,0
46.5884323120117,0
49.6671371459961,0
53.6125335693359,0
58.7486305236816,0
63.9654693603516,0
69.6326522827148,0
77.604362487793,0
87.4983215332031,0
95.7351150512695,0
99.9893417358398,0
102.432090759277,0
106.51732635498,0
112.279571533203,0
117.084365844727,0
119.703536987305,0
121.131217956543,0
122.090286254883,0
122.153594970703,0
121.08927154541,0
118.988662719727,0
115.217163085938,0
109.249099731445,0
102.53889465332,0
97.5739440917969,0
94.7842712402344,0
92.1599426269531,0
88.3246994018555,0
84.3247528076172,0
81.7805633544922,0
80.7125015258789,0
79.9427947998047,0
78.5643615722656,0
76.3738784790039,0
73.7439346313477,0
71.5718383789062,0
70.5831909179688,0
70.3561096191406,0
69.7713165283203,0
68.5103988647461,0
67.1610565185547,0
65.847038269043,0
64.0534744262695,0
62.0148124694824,0
60.7364730834961,0
60.0251045227051,0
58.0383338928223,0
53.8475151062012,0
49.1741638183594,0
46.2857246398926,0
45.1465835571289,0
44.044864654541,0
42.2323760986328,0
40.3312683105469,0
38.5848808288574,0
36.3987731933594,0
33.5391120910645,0
30.1844825744629,0
25.6512889862061,0
18.7144832611084,0
9.74750709533691,0
1.1385372877121,0
-5.15194034576416,0
-9.24449634552002,0
-11.882378578186,0
-12.8471841812134,0
-12.1879453659058,0
-11.8070774078369,0
-13.8416090011597,0
-17.7834358215332,0
-20.9741668701172,0
-22.0409412384033,0
-22.2616024017334,0
-23.2411231994629,0
-24.8510208129883,0
-26.2167739868164,0
-27.3605422973633,0
-28.7074222564697,0
-29.8620738983154,0
-30.1284465789795,0
-29.7602806091309,0
-29.4862384796143,0
-28.9465618133545,0
-26.7230110168457,0
-22.1153106689453,0
-16.0600128173828,0
-10.0196084976196,0
-4.67620944976807,0
-0.141595050692558,0
3.17175102233887,0
4.70547199249268,0
4.74991369247437,0
4.59496784210205,0
5.23902463912964,0
6.17545080184937,0
5.95689392089844,0
4.02592945098877,0
1.52965879440308,0
0.0599141977727413,0
-0.011484113521874,0
0.458382248878479,0
0.632405042648315,0
0.300772130489349,0
-0.505366504192352,0
-1.65686202049255,0
-2.67095255851746,0
-3.18676066398621,0
-3.87507176399231,0
-5.95129299163818,0
-9.42553329467773,0
-12.8130655288696,0
-15.1278190612793,0
-17.0547409057617,0
-19.2389831542969,0
-20.6290454864502,0
-20.1461753845215,0
-19.2349758148193,0
-20.6382427215576,0
-24.6004333496094,0
-28.311897277832,0
-29.6426086425781,0
-29.5220413208008,0
-29.7383918762207,0
-30.3033103942871,0
-30.508768081665,0
-31.0094394683838,0
-32.8171768188477,0
-35.1464233398438,0
-36.3260841369629,0
-36.3250846862793,0
-36.295654296875,0
-35.9138145446777,0
-33.5320358276367,0
-29.2702369689941,0
-25.6087703704834,0
-23.9502334594727,0
-22.5917892456055,0
-19.5509777069092,0
-15.8972206115723,0
-14.4996557235718,0
-16.2460746765137,0
-19.1571445465088,0
-20.9645214080811,0
-21.1383590698242,0
-20.2821807861328,0
-18.7132225036621,0
-16.1968479156494,0
-12.6137466430664,0
-8.47878837585449,0
-4.80474519729614,0
-2.43295836448669,0
-1.41234791278839,0
-1.00166213512421,0
-0.113683007657528,0
2.31104922294617,0
6.79709434509277,0
12.5238876342773,0
17.4058666229248,0
19.9891033172607,0
21.2678775787354,0
23.7160568237305,0
28.5281791687012,0
34.8110427856445,0
41.4069061279297,0
48.0235366821289,0
54.1261672973633,0
58.302433013916,0
59.9180107116699,0
60.4762077331543,0
62.0804710388184,0
64.9165802001953,0
67.1835632324219,0
67.310791015625,0
65.5329360961914,0
63.3208618164062,0
61.6502456665039,0
59.8741607666016,0
56.4658966064453,0
51.1666717529297,0
45.7831573486328,0
41.803825378418,1
37.8580131530762,1
31.5917282104492,1
24.2088890075684,1
20.5575828552246,1
23.3018074035645,1
29.1603202819824,1
33.0027923583984,1
33.9438896179199,1
34.6435279846191,1
35.6777076721191,1
34.1441841125488,1
28.3746356964111,1
21.0651302337646,1
16.2145519256592,1
14.8191442489624,1
15.0747928619385,1
15.3375854492188,1
15.0689096450806,1
13.6518535614014,1
10.1827402114868,1
4.65230655670166,1
-1.71753990650177,1
-7.55231189727783,1
-12.1737775802612,1
-15.4088907241821,1
-17.1998958587646,1
-17.6302814483643,1
-17.0893497467041,1
-16.3103637695312,1
-16.1758232116699,1
-17.1024055480957,1
-18.4152297973633,1
-18.739595413208,1
-17.3327026367188,1
-14.6173610687256,1
-11.0320892333984,1
-5.97257661819458,1
1.20406186580658,1
9.23373794555664,1
15.0082597732544,1
16.2075519561768,1
13.6730051040649,1
10.8096475601196,1
10.6004037857056,1
13.3089418411255,1
17.0554447174072,1
20.2484531402588,1
22.8274078369141,1
25.018726348877,1
25.9475364685059,1
24.7515754699707,1
22.6940498352051,1
22.4492931365967,1
24.8165664672852,1
27.6981544494629,1
29.1799869537354,1
29.9709377288818,1
31.2741680145264,1
31.702880859375,1
28.620719909668,1
21.971471786499,1
14.5145311355591,1
8.40505504608154,1
3.75040292739868,1
0.590465605258942,1
-0.245674356818199,1
0.904431402683258,1
1.81267106533051,1
0.601430475711823,1
-2.97507786750793,1
-9.06046867370605,1
-18.1529674530029,1
-28.8304710388184,1
-37.4630088806152,1
-42.1620559692383,1
-45.1195449829102,1
-49.0444755554199,1
-53.320728302002,1
-56.2833824157715,1
-59.4109992980957,1
-65.7102355957031,1
-74.6887664794922,1
-82.4564971923828,1
-86.9274978637695,1
-89.8395843505859,1
-93.2010192871094,1
-96.6852340698242,1
-99.4469757080078,1
-101.957237243652,1
-104.843284606934,1
-107.926048278809,1
-111.392227172852,1
-115.907279968262,1
-120.476303100586,1
-122.165222167969,1
-119.323677062988,1
-113.559967041016,1
-107.498039245605,1
-102.432563781738,1
-99.4388809204102,1
-100.522918701172,1
-106.289398193359,1
-113.78067779541,1
-119.034812927246,1
-121.097023010254,1
-121.414985656738,1
-120.08610534668,1
-115.503326416016,1
-107.981086730957,1
-101.171600341797,1
-98.5943832397461,1
-100.122756958008,1
-102.866844177246,1
-104.346076965332,1
-103.712043762207,1
-100.847412109375,1
-95.8663940429688,1
-89.58056640625,1
-83.4645767211914,1
-78.7538909912109,1
-75.8699645996094,1
-74.7323150634766,1
-75.1822662353516,1
-76.8978805541992,1
-79.1722717285156,1
-81.0765762329102,1
-81.9086608886719,1
-81.5583724975586,1
-80.6540298461914,1
-80.4253921508789,1
-82.1080856323242,1
-86.0639801025391,1
-91.4175109863281,1
-96.7282333374023,1
-100.93717956543,1
-103.433570861816,1
-103.606155395508,1
-101.331192016602,1
-98.1466827392578,1
-96.8077239990234,1
-98.7062835693359,1
-102.394081115723,1
-105.669448852539,1
-108.33048248291,1
-111.239601135254,1
-113.239799499512,1
-111.605613708496,1
-106.395133972168,1
-102.072257995605,1
-102.990631103516,1
-108.589752197266,1
-114.780609130859,1
-118.829109191895,1
-120.634750366211,1
-119.956230163574,1
-115.205322265625,1
-105.664428710938,1
-93.1230545043945,1
-80.6186141967773,1
-70.6528930664062,1
-64.6425247192383,1
-62.4724540710449,1
-62.1847267150879,1
-61.538646697998,1
-60.2143020629883,1
-59.1619873046875,1
-57.9977760314941,1
-55.3188056945801,1
-51.9697227478027,1
-51.268741607666,1
-54.6359443664551,1
-59.3364715576172,1
-62.2225036621094,1
-63.3951988220215,1
-63.9903106689453,1
-62.6883544921875,1
-57.6952362060547,1
-50.84033203125,1
-46.1718406677246,1
-44.9357223510742,1
-45.2788696289062,1
-46.7309188842773,1
-51.1100234985352,1
-58.034481048584,1
-63.2747611999512,1
-63.8501358032227,1
-62.2075614929199,1
-62.7929878234863,1
-66.23486328125,1
-69.5689239501953,1
-71.0516052246094,1
-71.8175811767578,1
-72.9099655151367,1
-73.3451232910156,1
-71.9784851074219,1
-69.5214385986328,1
-67.5457153320312,1
-66.390983581543,1
-65.0394592285156,1
-62.6546936035156,1
-59.4829597473145,1
-56.2951278686523,1
-53.4449844360352,1
-50.6427307128906,1
-47.3984985351562,1
-43.3566436767578,1
-38.1915626525879,1
-31.664306640625,1
-24.1794567108154,1
-16.8495006561279,1
-10.298267364502,1
-3.73283243179321,1
3.78151345252991,1
11.3044319152832,1
16.7260704040527,1
19.8362598419189,1
23.0877304077148,1
28.2361660003662,1
33.4895057678223,1
35.5205383300781,1
33.5776176452637,1
29.9386463165283,1
26.5613307952881,1
23.0639095306396,1
18.4899635314941,1
13.6416234970093,1
10.5038547515869,1
9.72496032714844,1
9.544753074646,1
7.46617221832275,1
2.65754055976868,1
-3.66586780548096,1
-10.0683908462524,1
-16.14089012146,1
-21.2230033874512,1
-22.971981048584,1
-19.3391723632812,1
-12.2483835220337,1
-7.13796234130859,1
-7.51013135910034,1
-11.3886823654175,1
-14.5182771682739,1
-15.4782209396362,1
-15.6604595184326,1
-15.5596895217896,1
-13.8793039321899,1
-9.96741962432861,1
-4.4646520614624,1
2.60758495330811,1
11.7326364517212,1
21.2640037536621,1
27.6478366851807,1
29.7201309204102,1
30.5825138092041,1
33.4673652648926,1
37.6795349121094,1
40.7595252990723,1
42.870002746582,1
45.973331451416,1
49.4223594665527,1
49.8737831115723,1
46.3558921813965,1
42.5669212341309,1
42.436222076416,1
45.3054733276367,1
47.5255851745605,1
47.5826568603516,1
47.195499420166,1
47.5693130493164,1
47.0854835510254,1
43.7705421447754,1
38.3741683959961,1
33.3716735839844,1
29.7491474151611,1
26.5600986480713,1
23.4378929138184,1
21.467658996582,1
20.7655296325684,1
19.0085582733154,1
14.1464862823486,1
7.65178060531616,1
3.00905847549438,1
1.17087745666504,1
-0.293906390666962,1
-2.9951114654541,1
-4.85194873809814,1
-2.93354320526123,1
2.28580284118652,1
7.40503263473511,1
10.1760892868042,1
11.3531761169434,1
12.7004890441895,1
14.807544708252,1
17.1332054138184,1
19.0203456878662,1
20.3338356018066,1
21.7695064544678,1
24.30881690979,1
27.5116844177246,1
29.0223731994629,1
27.4150333404541,1
25.1429424285889,1
26.3706684112549,1
31.4795799255371,1
36.1646270751953,1
37.171199798584,1
36.5702934265137,1
38.2400398254395,1
41.9356727600098,1
43.7520980834961,1
41.6857566833496,1
37.6463394165039,1
33.8002738952637,1
30.0398769378662,1
26.3625030517578,1
25.0827407836914,1
28.1747608184814,1
33.5798835754395,1
36.5911064147949,1
34.8417701721191,1
30.2167263031006,1
25.8105297088623,1
22.7340812683105,1
20.4824962615967,1
18.9266033172607,1
18.6012649536133,1
19.4346027374268,1
20.1894779205322,1
19.3517532348633,1
16.3051357269287,1
11.6480350494385,1
6.46650886535645,1
1.30768513679504,1
-3.88508248329163,1
-8.61103248596191,1
-11.250470161438,1
-10.756814956665,1
-8.78575801849365,1
-8.7296028137207,1
-12.0842590332031,1
-16.9865398406982,1
-21.1258964538574,1
-24.6986312866211,1
-28.9169521331787,1
-32.6415252685547,1
-32.9393196105957,1
-29.2998943328857,1
-25.2405967712402,1
-24.6073474884033,1
-27.5528507232666,1
-31.3167552947998,1
-33.8773422241211,1
-35.1843376159668,1
-35.2249755859375,1
-32.8468475341797,1
-27.3859443664551,1
-20.5504207611084,1
-15.6465044021606,1
-14.8706645965576,1
-17.5810871124268,1
-21.0111541748047,1
-22.4750137329102,1
-21.2162704467773,1
-18.5501194000244,1
-16.2161121368408,1
-14.5073404312134,1
-12.2448854446411,1
-8.65298843383789,1
-4.66860866546631,1
-1.91779851913452,1
-0.958464562892914,1
-1.3377697467804,1
-2.85792589187622,1
-5.40199756622314,1
-7.48253726959229,1
-6.59590291976929,1
-1.8624210357666,1
4.79935836791992,1
10.9602460861206,1
15.9479360580444,1
19.7356262207031,1
21.0369663238525,1
18.7515964508057,1
14.9014463424683,1
13.7395629882812,1
17.206169128418,1
22.7104663848877,1
25.9912815093994,1
24.9484748840332,1
20.2660789489746,1
13.8435182571411,1
7.67966508865356,1
3.3018364906311,1
1.19710826873779,1
1.12709033489227,1
3.14424920082092,1
7.2101354598999,1
11.5322341918945,1
13.0106964111328,1
10.5420408248901,1
6.58335256576538,1
4.04131317138672,1
2.7591986656189,1
0.741485774517059,1
-2.21603727340698,1
-4.38681221008301,1
-5.21915721893311,1
-6.22031354904175,1
-8.43958759307861,1
-11.1688203811646,1
-13.7922792434692,1
-16.9336204528809,1
-20.6316680908203,1
-23.0209579467773,1
-22.2806510925293,1
-18.7573223114014,1
-13.8674697875977,1
-8.20462894439697,1
-2.4966835975647,1
0.797816395759583,1
-0.411451309919357,1
-4.16708374023438,1
-5.4745659828186,1
-1.80393767356873,1
4.50556659698486,1
10.2607669830322,1
15.41392993927,1
21.1359577178955,1
26.1057300567627,1
28.0351371765137,1
28.1698741912842,1
30.6886177062988,1
36.9217262268066,1
43.246337890625,1
46.2037200927734,1
47.0221099853516,1
48.8093490600586,1
51.3330078125,1
51.5262832641602,1
48.1631622314453,1
43.1236686706543,1
38.3155059814453,1
34.038761138916,1
30.5252723693848,1
28.4973392486572,1
27.5875511169434,1
26.4214630126953,1
24.9040336608887,1
24.2156677246094,1
23.8208808898926,1
21.0176887512207,1
14.883882522583,1
8.41475582122803,1
4.85626411437988,1
3.70209407806396,1
2.26857089996338,1
-0.483041733503342,1
-4.02743625640869,1
-8.6714916229248,1
-14.9027290344238,1
-20.9111881256104,1
-23.6813831329346,1
-22.8402881622314,1
-21.1002044677734,1
-20.4085292816162,1
-19.7282619476318,1
-17.3886413574219,1
-13.8859643936157,1
-11.2915067672729,1
-10.9535388946533,1
-12.5469751358032,1
-14.5227193832397,1
-14.9066696166992,1
-12.4250564575195,1
-7.38288831710815,1
-1.02331614494324,1
5.85044860839844,1
12.6958618164062,1
17.925895690918,1
19.5083465576172,1
17.583869934082,1
15.1282787322998,1
14.9203643798828,1
16.7660045623779,1
18.8006916046143,1
20.5951614379883,1
23.272045135498,1
26.7561721801758,1
28.8447570800781,1
28.0078411102295,1
25.9901180267334,1
26.0886344909668,1
28.9047069549561,1
31.244083404541,1
30.0942230224609,1
26.8021297454834,1
25.762939453125,1
28.8095588684082,1
32.4168167114258,1
31.6227340698242,1
25.9005336761475,1
19.5362491607666,1
16.1886730194092,1
14.7710857391357,1
11.6579942703247,1
5.71663570404053,1
-0.572492897510529,1
-4.79204082489014,1
-7.64662504196167,1
-11.5743741989136,1
-17.3746242523193,1
-23.3463668823242,1
-27.371000289917,1
-28.779260635376,1
-28.1561183929443,1
-26.277437210083,1
-23.7017555236816,1
-20.9159488677979,1
-18.3822555541992,1
-16.4241828918457,1
-15.0426549911499,1
-13.7020206451416,1
-11.514536857605,1
-8.00484275817871,1
-3.49512839317322,1
1.64644026756287,1
7.64241504669189,1
14.3152227401733,1
19.8601245880127,1
22.0657520294189,1
21.0438022613525,1
19.3529281616211,1
18.7404518127441,1
18.0934467315674,1
15.682032585144,1
12.1922206878662,1
9.87876605987549,1
9.37188816070557,1
9.16528701782227,1
8.18857955932617,1
7.10992765426636,1
6.70406675338745,1
6.56158208847046,1
6.29437398910522,1
6.81148338317871,1
9.24976921081543,1
13.2082853317261,1
16.8644752502441,1
18.4241523742676,1
17.0356693267822,1
13.1636066436768,1
8.84731388092041,1
6.66317653656006,1
7.26495742797852,1
8.64749240875244,1
9.06675148010254,1
9.77751350402832,1
12.9412298202515,1
17.3763446807861,1
19.1210441589355,1
16.8643417358398,1
14.2289133071899,1
15.1003313064575,1
18.841739654541,1
22.3928508758545,1
25.4353828430176,1
30.2561702728271,1
36.7584533691406,1
40.9217758178711,1
39.6018524169922,1
34.8664855957031,1
31.9195995330811,1
33.7437591552734,1
39.1002006530762,1
44.9762382507324,1
49.4049034118652,1
51.9261779785156,1
52.6322402954102,1
51.548957824707,1
48.7289161682129,1
44.5053558349609,1
39.3751564025879,1
33.559886932373,1
27.0158443450928,1
20.2948875427246,1
15.0621013641357,1
12.8442831039429,1
13.0663928985596,1
13.1503171920776,1
11.0370674133301,1
7.05776071548462,1
2.98153614997864,1
0.0156441479921341,1
-1.5895082950592,1
-1.73494923114777,1
-0.402122110128403,1
1.87049078941345,1
4.4245777130127,1
7.27520132064819,1
10.5859022140503,1
13.6474580764771,1
15.6920804977417,1
17.7150554656982,1
21.8010120391846,1
27.9992980957031,1
33.5135650634766,1
36.1396598815918,1
36.9009056091309,1
37.4895935058594,1
36.580135345459,1
31.5446720123291,1
23.4102668762207,1
16.8702869415283,1
14.5716257095337,1
14.3050470352173,1
13.3193979263306,1
12.4890956878662,1
13.5307950973511,1
14.3122711181641,1
10.7104291915894,1
2.59298372268677,1
-5.56020307540894,1
-10.4309988021851,1
-13.1971073150635,1
-16.1330242156982,1
-18.822151184082,1
-19.7888469696045,1
-19.9367923736572,1
-21.831184387207,1
-26.1438827514648,1
-30.724084854126,1
-33.2205467224121,1
-33.4996452331543,1
-33.4892425537109,1
-35.2793655395508,1
-39.1128349304199,1
-42.9109077453613,1
-44.5200462341309,1
-44.7643585205078,1
-46.8974075317383,1
-52.0953178405762,1
-57.122631072998,1
-58.2490539550781,1
-56.1061820983887,1
-54.1443176269531,1
-53.1422424316406,1
-50.5752143859863,1
-45.7674407958984,1
-42.1502075195312,1
-42.5217437744141,1
-44.6720161437988,1
-44.3623504638672,1
-41.1157760620117,1
-38.175910949707,1
-37.3091011047363,1
-36.6041259765625,1
-34.0868072509766,1
-31.2604026794434,1
-31.5003967285156,1
-35.7670402526855,1
-41.1718215942383,1
-43.8628578186035,1
-42.8000373840332,1
-40.3498001098633,1
-39.1412963867188,1
-38.9278259277344,1
-37.5268287658691,1
-34.7458267211914,1
-33.6905555725098,1
-37.1064491271973,1
-43.6489486694336,1
-49.3478660583496,1
-52.0828819274902,1
-52.9251289367676,1
-53.3630332946777,1
-53.0991859436035,1
-51.1278915405273,1
-47.734245300293,1
-44.6294136047363,1
-43.4781188964844,1
-44.448657989502,1
-45.9140548706055,1
-45.8087005615234,1
-43.6478958129883,1
-40.7375106811523,1
-38.0947647094727,1
-35.3289947509766,1
-32.5356025695801,1
-31.8565902709961,1
-35.0860748291016,1
-40.3068161010742,1
-43.1503028869629,1
-41.5438423156738,1
-37.3171920776367,1
-32.8956146240234,1
-28.5668315887451,1
-23.9967803955078,1
-20.6025218963623,1
-20.5577278137207,1
-23.869779586792,1
-27.7784118652344,1
-29.3698577880859,1
-28.3328113555908,1
-26.77321434021,1
-26.2412967681885,1
-25.4835758209229,1
-22.2001056671143,1
-17.0740852355957,1
-14.2998533248901,1
-16.8167324066162,1
-22.323221206665,1
-25.851842880249,1
-25.4929847717285,1
-23.5703887939453,1
-22.7395324707031,1
-23.416088104248,1
-25.2714500427246,1
-28.7969741821289,1
-34.1975250244141,1
-40.2139892578125,1
-45.1691474914551,1
-48.39453125,1
-50.0375518798828,1
-50.2030258178711,1
-48.7168273925781,1
-45.33837890625,1
-40.4628410339355,1
-36.1816139221191,1
-35.5593414306641,1
-39.1515235900879,1
-43.036865234375,1
-42.6879234313965,1
-38.5157737731934,1
-34.825439453125,1
-33.1265144348145,1
-29.8877010345459,1
-22.321533203125,1
-13.2065687179565,1
-7.41592121124268,1
-5.86550903320312,1
-5.82049369812012,1
-5.78745031356812,1
-6.9043402671814,1
-9.81135749816895,1
-13.045729637146,1
-15.2023983001709,1
-16.8348808288574,1
-19.5097389221191,1
-24.0282096862793,1
-29.7683506011963,1
-34.8827438354492,1
-37.3762359619141,1
-37.0767250061035,1
-36.1177101135254,1
-36.1057434082031,1
-35.3941192626953,1
-31.2218399047852,1
-24.4607410430908,1
-19.7118911743164,1
-19.7787494659424,1
-22.2356243133545,1
-22.9567279815674,1
-21.16623878479,1
-18.8652420043945,1
-16.5771636962891,1
-12.5808143615723,1
-6.56543111801147,1
-1.54601287841797,1
-0.747787356376648,1
-3.74494910240173,1
-6.96518039703369,1
-7.52838230133057,1
-5.56081056594849,1
-2.92266798019409,1
-0.746171832084656,1
1.23074817657471,1
3.37992668151855,1
5.08185434341431,1
5.31609678268433,1
4.0221791267395,1
2.19686722755432,1
0.48275300860405,1
-1.66800928115845,1
-4.83969497680664,1
-8.10762691497803,1
-9.59175872802734,1
-8.74860668182373,1
-7.43532276153564,1
-8.16504287719727,1
-11.457836151123,1
-15.2734775543213,1
-17.112756729126,1
-16.4388389587402,1
-14.7449655532837,1
-13.3091192245483,1
-11.6171607971191,1
-8.76750564575195,1
-5.95954132080078,1
-6.04092454910278,1
-10.0181636810303,1
-15.3610563278198,1
-18.9335880279541,1
-20.6071281433105,1
-22.4311275482178,1
-24.9448165893555,1
-26.4630680084229,1
-26.2544097900391,1
-26.3758888244629,1
-29.2314929962158,1
-34.5998573303223,1
-40.3361396789551,1
-45.1751022338867,1
-49.4546394348145,1
-53.3845634460449,1
-56.0002212524414,1
-56.3217697143555,1
-54.958984375,1
-54.1151008605957,1
-55.9860153198242,1
-60.9737205505371,1
-67.1443023681641,1
-71.4960861206055,1
-72.1395721435547,1
-69.4411773681641,1
-65.0739135742188,1
-60.2196922302246,1
-55.0984001159668,1
-50.1316566467285,1
-46.6656265258789,1
-45.6565246582031,1
-45.8910903930664,1
-44.7905158996582,1
-41.60791015625,1
-38.7127990722656,1
-38.4210395812988,1
-39.425365447998,1
-38.4934997558594,1
-35.6244812011719,1
-34.7916526794434,1
-38.2478294372559,1
-42.4793930053711,1
-42.2526397705078,1
-37.202953338623,1
-31.471508026123,1
-27.4203395843506,1
-23.0176639556885,1
-16.0566272735596,1
-7.9459753036499,1
-1.59603846073151,1
2.54293489456177,1
6.53477048873901,1
12.219388961792,1
19.8872184753418,1
28.7657833099365,1
37.5370292663574,1
45.0586013793945,1
51.4320869445801,1
57.4009819030762,1
62.0657081604004,1
62.9595260620117,1
59.7764778137207,1
56.1313781738281,1
55.3851470947266,1
56.2518272399902,1
55.3893165588379,1
53.2451782226562,1
53.6838912963867,1
57.7651023864746,1
61.6537971496582,1
61.9488792419434,1
59.8781204223633,1
58.3203659057617,1
57.4348487854004,1
55.8643913269043,1
54.3433227539062,1
55.0585556030273,1
58.1382255554199,1
61.3382110595703,1
63.0636711120605,1
63.685474395752,1
63.9268760681152,1
63.806095123291,1
63.446891784668,1
63.5602798461914,1
64.829345703125,1
67.562126159668,1
71.4853820800781,1
74.8094253540039,1
74.3588714599609,1
68.5666351318359,1
60.1163597106934,1
53.6495475769043,1
50.728343963623,1
48.972095489502,1
46.3887138366699,1
44.2398986816406,1
44.5414199829102,1
46.6522178649902,1
48.0060157775879,1
47.1774291992188,1
44.7852554321289,1
42.0190200805664,1
39.4949722290039,1
37.2262954711914,1
34.9076766967773,1
32.500114440918,1
30.7654590606689,1
30.3735160827637,1
30.2519683837891,1
28.2448120117188,1
24.0921974182129,1
20.1300239562988,1
17.9078388214111,1
15.8953189849854,1
12.2886018753052,1
8.32564640045166,1
6.17825794219971,1
4.65892314910889,1
0.166487082839012,1
-8.25524997711182,1
-17.7458477020264,1
-25.6826725006104,1
-31.7827339172363,1
-35.3852882385254,1
-34.0190582275391,1
-26.8810119628906,1
-17.5969467163086,1
-11.1833143234253,1
-9.37525844573975,1
-10.4646520614624,1
-12.2194957733154,1
-13.0746459960938,1
-11.781759262085,1
-8.19509696960449,1
-3.90521502494812,1
-0.344354271888733,1
3.24303150177002,1
8.40709114074707,1
14.6424608230591,1
19.4946308135986,1
21.1838474273682,1
20.0010604858398,1
17.8153209686279,1
17.402400970459,1
21.2137203216553,1
29.0186576843262,1
37.2690734863281,1
42.2799682617188,1
43.5547256469727,1
42.9435195922852,1
41.8388137817383,1
40.9300918579102,1
41.3953971862793,1
43.9671630859375,1
47.5259437561035,1
50.6524047851562,1
53.566650390625,1
56.2945518493652,1
56.3911819458008,1
51.8407516479492,1
45.3929862976074,1
42.1111526489258,1
42.5587577819824,1
42.3847160339355,1
39.338493347168,1
36.4572257995605,1
36.4146728515625,1
36.4872894287109,1
32.1687355041504,1
23.4128227233887,1
14.2729377746582,1
7.78329515457153,1
3.9367663860321,1
1.89337599277496,1
1.5413566827774,1
2.65155267715454,1
4.10459899902344,1
4.47165822982788,1
2.97402954101562,1
0.0979371666908264,1
-2.60709691047668,1
-4.01036071777344,1
-4.70673322677612,1
-5.86824321746826,1
-7.01299810409546,1
-6.65997409820557,1
-5.44423341751099,1
-6.48165464401245,1
-11.6691455841064,1
-19.3657741546631,1
-26.7960586547852,1
-33.0061187744141,1
-38.1167221069336,1
-41.3261871337891,1
-41.4722671508789,1
-38.640754699707,1
-33.8602409362793,1
-28.1851081848145,1
-23.1955013275146,1
-20.8714160919189,1
-21.1253108978271,1
-20.6411590576172,1
-16.3589611053467,1
-9.41702079772949,1
-3.35640668869019,1
1.15474951267242,1
7.01800727844238,1
15.546106338501,1
23.2902030944824,1
25.9066047668457,1
23.717098236084,1
21.2549705505371,1
21.7923450469971,1
24.5088424682617,1
27.4188747406006,1
30.7955799102783,1
35.8162040710449,1
40.9716377258301,1
42.5017433166504,1
39.0473899841309,1
33.9107398986816,1
31.2668476104736,1
31.3250465393066,1
30.973087310791,1
28.6204853057861,1
26.3898525238037,1
27.1110420227051,1
30.633731842041,1
33.9555168151855,1
34.1969909667969,1
30.782693862915,1
25.3452854156494,1
20.3398761749268,1
17.6055278778076,1
17.5531635284424,1
19.2369575500488,1
20.958927154541,1
20.8658103942871,1
17.6534767150879,1
11.5665740966797,1
4.68891143798828,1
-0.681072175502777,1
-4.45236730575562,1
-8.91487789154053,1
-15.7680282592773,1
-23.4641895294189,1
-28.7727451324463,1
-31.16064453125,1
-34.0417518615723,1
-40.3506851196289,1
-48.0201301574707,1
-52.1936531066895,1
-51.8041381835938,1
-51.0307579040527,1
-53.0024147033691,1
-55.0906944274902,1
-53.3787841796875,1
-49.6368103027344,1
-49.5753440856934,1
-54.5779418945312,1
-59.6184539794922,1
-60.437328338623,1
-58.6534309387207,1
-57.5520553588867,1
-56.4801712036133,1
-52.9394378662109,1
-47.8681106567383,1
-44.7798385620117,1
-44.4606971740723,1
-44.0216102600098,1
-41.099853515625,1
-36.058895111084,1
-30.0177822113037,1
-23.6369190216064,1
-18.2944488525391,1
-15.6681690216064,1
-15.2339677810669,1
-14.5566387176514,1
-12.9961795806885,1
-12.6669692993164,1
-14.4311599731445,1
-15.5634002685547,1
-13.6124773025513,1
-10.4569816589355,1
-9.51814270019531,1
-10.1719264984131,1
-8.50800228118896,1
-3.77329182624817,1
-0.518181324005127,1
-2.67002463340759,1
-8.04693984985352,1
-11.2757511138916,1
-10.7021389007568,1
-9.44811058044434,1
-9.88649272918701,1
-10.2149200439453,1
-7.81244897842407,1
-3.63626432418823,1
-0.939737498760223,1
-0.652822077274323,1
-0.468073338270187,1
1.57547152042389,1
4.9063286781311,1
8.5104398727417,1
13.1839895248413,1
20.0947074890137,1
28.0754108428955,1
34.006031036377,1
35.8527412414551,1
34.4354362487793,1
32.3015098571777,1
31.5236072540283,1
32.4049034118652,1
33.6974029541016,1
34.1331024169922,1
33.9392509460449,1
34.3091049194336,1
35.1221733093262,1
34.3098411560059,1
30.4715118408203,1
25.1382331848145,1
20.9649505615234,1
18.368968963623,1
15.8304624557495,1
13.2454795837402,1
12.6699934005737,1
15.0401487350464,1
18.087215423584,1
18.7776699066162,1
16.5859203338623,1
13.2194490432739,1
10.2547225952148,1
8.36891651153564,1
7.98338747024536,1
9.10851097106934,1
10.9127225875854,1
12.5953369140625,1
14.2250757217407,1
15.6924228668213,1
15.7275066375732,1
13.6156558990479,1
11.2217693328857,1
11.1401023864746,1
12.9188613891602,1
13.4384031295776,1
11.3931303024292,1
8.80779361724854,1
7.02034139633179,1
3.90556073188782,1
-2.63050985336304,1
-10.5019464492798,1
-15.8845176696777,1
-18.6578922271729,1
-21.890754699707,1
-26.0182151794434,1
-27.3481998443604,1
-23.7787990570068,1
-18.8757190704346,1
-17.7665996551514,1
-20.7822189331055,1
-23.6803112030029,1
-23.1528644561768,1
-19.6811275482178,1
-15.3364839553833,1
-11.1029396057129,1
-6.84656667709351,1
-2.40054750442505,1
1.9848245382309,1
5.64583921432495,1
7.93201732635498,1
9.12682437896729,1
10.4632444381714,1
12.5143756866455,1
14.3055801391602,1
14.9711046218872,1
15.2821712493896,1
16.0479259490967,1
15.9265098571777,1
12.834529876709,1
7.08026933670044,1
1.02812218666077,1
-4.09246778488159,1
-8.76213359832764,1
-12.5150747299194,1
-13.2956800460815,1
-10.4129257202148,1
-6.21093320846558,1
-3.72404837608337,1
-3.97232604026794,1
-6.06676387786865,1
-8.31276416778564,1
-8.55403137207031,1
-5.20571899414062,1
1.04228293895721,1
7.85671234130859,1
14.0884790420532,1
20.2345161437988,1
25.5918598175049,1
27.4180068969727,1
24.4338207244873,1
19.1092758178711,1
14.5710792541504,1
10.932225227356,1
6.83493614196777,1
3.15767788887024,1
2.37131571769714,1
4.57451725006104,1
6.72301006317139,1
6.29582929611206,1
3.96101021766663,1
1.92153704166412,1
0.913060247898102,1
-0.149391278624535,1
-2.01657915115356,1
-3.57351231575012,1
-3.03972959518433,1
-0.628576397895813,1
0.897873103618622,1
-0.771578431129456,1
-4.5661473274231,1
-7.56234407424927,1
-9.09811592102051,1
-11.2351083755493,1
-14.7276515960693,1
-17.0343685150146,1
-15.9674577713013,1
-13.4811763763428,1
-13.6168203353882,1
-17.5714206695557,1
-22.83766746521,1
-26.7791442871094,1
-29.0884037017822,1
-30.6068687438965,1
-31.3496723175049,1
-30.3544330596924,1
-26.8688831329346,1
-21.5675182342529,1
-16.8656635284424,1
-15.3511991500854,1
-17.0554256439209,1
-18.940071105957,1
-18.2573528289795,1
-15.8472023010254,1
-14.5791435241699,1
-14.8678302764893,1
-13.8708801269531,1
-9.90131950378418,1
-5.8024730682373,1
-6.12693786621094,1
-11.5682163238525,1
-18.0095405578613,1
-21.382661819458,1
-21.8626499176025,1
-22.1339092254639,1
-22.7129955291748,1
-21.1966571807861,1
-16.4112033843994,1
-11.163366317749,1
-9.26059532165527,1
-10.8765335083008,1
-12.6783418655396,1
-12.1046314239502,1
-9.6787691116333,1
-7.04009819030762,1
-4.50522708892822,1
-1.26762163639069,1
3.1675820350647,1
8.32865524291992,1
12.7463150024414,1
14.5816221237183,1
13.5793981552124,1
12.4582424163818,1
14.6793851852417,1
20.4334850311279,1
26.6195392608643,1
31.3207340240479,1
36.0453605651855,1
42.3646850585938,1
48.8235816955566,1
53.4164505004883,1
57.1139678955078,1
61.9176368713379,1
66.6421890258789,1
68.1863784790039,1
66.8333435058594,1
66.5493850708008,1
68.8616561889648,1
69.7192001342773,1
64.7569351196289,1
55.4759635925293,1
47.3467178344727,1
42.8854866027832,1
39.6765937805176,1
35.3076477050781,1
31.2513294219971,1
30.3224964141846,1
32.2369194030762,1
33.9642639160156,1
33.8779411315918,1
33.3879432678223,1
34.173900604248,1
35.7369613647461,1
36.8015365600586,1
37.7570343017578,1
40.0536880493164,1
43.7509002685547,1
47.2695274353027,1
49.4532623291016,1
50.4211158752441,1
50.3853950500488,1
49.2875900268555,1
48.0562019348145,1
48.6171607971191,1
51.7368545532227,1
56.0412979125977,1
59.9872970581055,1
63.4658737182617,1
66.3401031494141,1
66.8641662597656,1
63.496898651123,1
57.6060752868652,1
52.3582801818848,1
48.9863128662109,1
45.9753723144531,1
42.200065612793,1
38.9668617248535,1
37.8858032226562,1
38.0349578857422,1
36.8018455505371,1
33.196044921875,1
28.956901550293,1
26.1084117889404,1
24.5578098297119,1
23.0113048553467,1
21.5568141937256,1
21.7440204620361,1
23.7324237823486,1
24.9070854187012,1
22.693733215332,1
17.8916473388672,1
13.571681022644,1
11.1723928451538,1
9.69412517547607,1
8.64957618713379,1
9.19417953491211,1
11.283821105957,1
12.0645713806152,1
9.06527519226074,1
3.52903127670288,1
-1.46167504787445,1
-5.09612655639648,1
-8.8902006149292,1
-13.3452939987183,1
-16.9525318145752,1
-18.4567852020264,1
-17.9308338165283,1
-15.432861328125,1
-10.8224449157715,1
-5.46618890762329,1
-1.87199246883392,1
-0.472213715314865,1
1.30038571357727,1
5.27776956558228,1
9.73808860778809,1
12.3601589202881,1
14.4383764266968,1
19.1999626159668,1
26.3942909240723,1
31.8468914031982,1
33.2387237548828,1
33.3708915710449,1
35.7962913513184,1
39.5750274658203,1
41.213249206543,1
40.4347915649414,1
40.4527626037598,1
42.2816696166992,1
42.1415710449219,1
36.2295989990234,1
25.9181022644043,1
16.1411952972412,1
9.89744853973389,1
6.45576858520508,1
4.27851009368896,1
3.31262612342834,1
3.88560366630554,1
4.96773386001587,1
4.61935186386108,1
1.79680585861206,1
-2.66308188438416,1
-6.64426469802856,1
-8.32079410552979,1
-7.38289976119995,1
-4.68497467041016,1
-0.832775592803955,1
4.0907678604126,1
9.1627311706543,1
12.2742328643799,1
12.3399953842163,1
11.1094827651978,1
11.4405355453491,1
14.236083984375,1
18.4260501861572,1
23.4384536743164,1
29.7861499786377,1
37.0927886962891,1
43.433952331543,1
47.4141540527344,1
49.6215629577637,1
51.3786468505859,1
53.2434234619141,1
55.4214706420898,1
58.4710311889648,1
62.6609840393066,1
67.3793487548828,1
71.7544403076172,1
75.0000305175781,1
75.8382568359375,1
73.0993194580078,1
67.83349609375,1
63.3670196533203,1
61.8706932067871,1
62.0295524597168,1
61.5732879638672,1
60.8097457885742,1
61.5187187194824,1
63.2016944885254,1
63.0864524841309,1
59.9702224731445,1
55.7204170227051,1
52.4395065307617,1
50.263484954834,1
48.7834815979004,1
48.6089057922363,1
50.1599960327148,1
52.3445816040039,1
53.7242126464844,1
53.8585090637207,1
52.5358238220215,1
49.2323875427246,1
44.7207374572754,1
41.5728530883789,1
41.0669288635254,1
40.9136581420898,1
38.424976348877,1
34.8411598205566,1
33.5076560974121,1
34.2373199462891,1
33.0563850402832,1
28.1979331970215,1
22.8118343353271,1
20.000509262085,1
18.2712879180908,1
14.5681753158569,1
9.47676277160645,1
6.07376432418823,1
4.80132293701172,1
2.89927840232849,1
-1.20928692817688,1
-5.90890741348267,1
-9.11369705200195,1
-10.4657278060913,1
-10.1963024139404,1
-8.10237598419189,1
-4.73865127563477,1
-1.98940169811249,1
-1.48864710330963,1
-3.59453344345093,1
-8.13601016998291,1
-14.4255790710449,1
-20.211254119873,1
-22.9174003601074,1
-22.9218902587891,1
-23.3640079498291,1
-25.3678894042969,1
-25.9242877960205,1
-22.6905136108398,1
-18.6241760253906,1
-18.5956974029541,1
-22.5865268707275,1
-25.8351306915283,1
-25.6122913360596,1
-24.2642498016357,1
-24.5038928985596,1
-24.8407859802246,1
-21.9844360351562,1
-16.1114349365234,1
-11.2648668289185,1
-10.6573724746704,1
-13.1085109710693,1
-14.5526657104492,1
-12.4572048187256,1
-8.23598957061768,1
-5.08294343948364,1
-3.81954979896545,1
-2.22232866287231,1
0.854791700839996,1
2.4623167514801,1
-1.11577916145325,1
-8.93584060668945,1
-16.1723613739014,1
-20.2201976776123,1
-22.7693290710449,1
-25.097749710083,1
-25.0807704925537,1
-21.2592086791992,1
-16.8300018310547,1
-16.0898990631104,1
-18.5792198181152,1
-20.2432041168213,1
-19.4321193695068,1
-18.1434955596924,1
-17.5737285614014,1
-16.1617603302002,1
-12.8442354202271,1
-9.11825180053711,1
-6.5490550994873,1
-4.70304918289185,1
-2.93064999580383,1
-1.98302435874939,1
-2.26105737686157,1
-2.34014868736267,1
-0.972988724708557,1
0.967713356018066,1
2.19793963432312,1
3.09179639816284,1
4.02783679962158,1
3.09256982803345,1
-1.85030603408813,1
-9.25434875488281,1
-14.7098693847656,1
-16.0186405181885,1
-15.2583847045898,1
-15.1298227310181,1
-15.3748464584351,1
-14.2735719680786,1
-12.2195949554443,1
-11.7664289474487,1
-14.3680715560913,1
-18.7117214202881,1
-22.6666984558105,1
-25.6914157867432,1
-28.5294818878174,1
-31.3051433563232,1
-33.1648712158203,1
-33.9174461364746,1
-35.006519317627,1
-38.0810432434082,1
-42.8876495361328,1
-47.2082328796387,1
-48.8768310546875,1
-47.4819145202637,1
-44.2182502746582,1
-40.6090202331543,1
-37.441162109375,1
-34.4838447570801,1
-31.0500068664551,1
-27.0337924957275,1
-23.3072147369385,1
-20.7326564788818,1
-18.9626808166504,1
-16.8407096862793,1
-13.9405822753906,1
-10.9321250915527,1
-8.34121513366699,1
-6.00455713272095,1
-4.31989288330078,1
-4.99175453186035,1
-9.28762531280518,1
-15.8928232192993,1
-21.7285575866699,1
-25.0095767974854,1
-26.4118175506592,1
-26.8915672302246,1
-25.632984161377,1
-21.4049644470215,1
-15.4215068817139,1
-11.1970386505127,1
-10.8980093002319,1
-12.8480911254883,1
-13.6783380508423,1
-12.3058443069458,1
-10.2492694854736,1
-7.9876275062561,1
-3.08810973167419,1
6.4010591506958,1
17.8033237457275,1
25.4985294342041,1
27.1571712493896,1
26.2774295806885,1
27.3471832275391,1
30.1521530151367,1
30.8993892669678,1
28.1214847564697,1
24.8464965820312,1
24.3709144592285,1
26.0503559112549,1
26.7401599884033,1
25.1158428192139,1
22.8377857208252,1
21.9658393859863,1
22.9068756103516,1
25.045597076416,1
28.0267772674561,1
31.7823619842529,1
35.9858932495117,1
39.9826774597168,1
42.9621391296387,1
44.1318817138672,1
43.2271194458008,1
40.9912109375,1
38.7238159179688,1
37.235408782959,1
36.4840507507324,1
35.9295234680176,1
34.6199493408203,1
31.2760429382324,1
25.377742767334,1
18.2672672271729,1
12.175440788269,1
7.95124006271362,1
4.76576900482178,1
2.25031423568726,1
1.5039074420929,1
3.14078187942505,1
5.53472232818604,1
6.33671474456787,1
5.21595096588135,1
3.94765329360962,1
4.06262063980103,1
5.47093772888184,1
7.39972352981567,1
9.81477737426758,1
13.6149129867554,1
19.6656246185303,1
27.5267696380615,1
34.9891967773438,1
39.4050178527832,1
40.0000457763672,1
38.5282821655273,1
37.2675132751465,1
36.9338874816895,1
37.0692558288574,1
37.6428031921387,1
39.1066436767578,1
41.0732421875,1
41.9370498657227,1
39.9923248291016,1
34.5935859680176,1
26.5840301513672,1
18.1197204589844,1
11.5789108276367,1
7.88519477844238,1
6.19442176818848,1
5.58299446105957,1
6.01712942123413,1
6.795166015625,1
5.52310085296631,1
0.672878980636597,1
-5.65943717956543,1
-9.92835807800293,1
-11.63547706604,1
-12.8334341049194,1
-13.1565561294556,1
-9.09374618530273,1
0.149581953883171,1
9.45079708099365,1
13.3548574447632,1
12.5488176345825,1
11.466513633728,1
11.2125415802002,1
8.97299003601074,1
3.91000366210938,1
-0.740882635116577,1
-2.42134308815002,1
-2.47840547561646,1
-2.99907374382019,1
-3.3557562828064,1
-1.95254695415497,1
0.879962265491486,1
3.95025849342346,1
7.47454643249512,1
12.2407960891724,1
17.9547996520996,1
24.2471599578857,1
31.6435394287109,1
39.3919486999512,1
44.1555023193359,1
43.7872772216797,1
41.0960578918457,1
40.5503578186035,1
42.0698928833008,1
41.7886047363281,1
38.6703948974609,1
35.9911766052246,1
35.2725982666016,1
33.1430015563965,1
26.7263851165771,1
18.7022933959961,1
13.7129049301147,1
12.1340675354004,1
11.0381288528442,1
9.82294750213623,1
10.9018745422363,1
15.0144548416138,1
19.432487487793,1
21.5936336517334,1
21.8410110473633,1
21.6349639892578,1
21.2848205566406,1
20.5875034332275,1
20.0079536437988,1
20.1558170318604,1
21.3323383331299,1
24.0687656402588,1
28.3817024230957,1
31.8929691314697,1
30.9519004821777,1
25.0848255157471,1
18.3957004547119,1
14.7674350738525,1
13.5332708358765,1
12.1714019775391,1
11.3710041046143,1
13.8554410934448,1
18.8230285644531,1
21.5051612854004,1
19.127555847168,1
14.1291017532349,1
10.1484069824219,1
7.757972240448,1
6.0832314491272,1
5.95020389556885,1
8.57755661010742,1
12.7392263412476,1
16.0357341766357,1
18.0266132354736,1
19.5687484741211,1
20.0084838867188,1
17.9583282470703,1
14.3669786453247,1
11.6676845550537,1
9.82116317749023,1
6.4638524055481,1
1.55455982685089,1
-1.71188616752625,1
-2.28986787796021,1
-4.25284719467163,1
-11.4763059616089,1
-21.5295543670654,1
-28.2450618743896,1
-29.3806533813477,1
-28.3953056335449,1
-28.697416305542,1
-29.4796180725098,1
-28.5471630096436,1
-26.7726516723633,1
-27.3880500793457,1
-31.6186904907227,1
-37.0512771606445,1
-40.6746978759766,1
-42.1941146850586,1
-43.3766212463379,1
-44.7689819335938,1
-44.5746192932129,1
-41.3637428283691,1
-36.7089462280273,1
-33.6145172119141,1
-32.6327514648438,1
-31.3011531829834,1
-27.8852863311768,1
-23.8448390960693,1
-21.1695365905762,1
-18.6109085083008,1
-12.8163328170776,1
-3.11528015136719,1
6.88817930221558,1
13.2885293960571,1
16.0322208404541,1
18.0494918823242,1
21.3056449890137,1
25.2542190551758,1
28.9547252655029,1
33.1004180908203,1
39.0982627868652,1
46.767936706543,1
53.8316268920898,1
57.8252143859863,1
58.2398872375488,1
56.6420974731445,1
54.7294998168945,1
52.5339508056641,1
49.064281463623,1
44.8140144348145,1
42.5344581604004,1
44.1827507019043,1
47.5013389587402,1
47.547435760498,1
42.2614936828613,1
34.8235778808594,1
29.380687713623,1
26.2471485137939,1
23.3664417266846,1
21.0059547424316,1
21.6949882507324,1
25.4515018463135,1
28.3452644348145,1
27.186279296875,1
23.2410469055176,1
19.6019172668457,1
16.9705753326416,1
14.3568420410156,1
12.453444480896,1
13.4126634597778,1
17.5243263244629,1
22.5361328125,1
26.5076313018799,1
29.3384342193604,1
31.1620616912842,1
31.3752517700195,1
30.2652263641357,1
29.9198150634766,1
32.1137046813965,1
36.1933097839355,1
40.091854095459,1
42.4990425109863,1
42.8762092590332,1
40.3176574707031,1
34.2199096679688,1
25.985466003418,1
18.4813232421875,1
