-4.72831630706787,1
0.219263702630997,1
5.16155481338501,1
9.00525379180908,1
10.7686491012573,1
11.3354949951172,1
12.5573978424072,1
15.1115045547485,1
18.3082580566406,1
21.7328624725342,1
25.7434921264648,1
30.0742969512939,1
33.1993370056152,1
33.9573211669922,1
33.2134094238281,1
33.1271324157715,1
34.9658546447754,1
38.0376281738281,1
40.5255165100098,1
41.1205215454102,1
40.1476211547852,1
39.2117958068848,1
39.3819541931152,1
39.9481773376465,1
39.7986106872559,1
39.6765518188477,1
41.4070510864258,1
44.6495666503906,1
46.6109428405762,1
46.2061729431152,1
46.3404579162598,1
49.8137054443359,1
54.5544662475586,1
55.9279174804688,1
53.1546249389648,1
50.2297630310059,1
50.2278594970703,1
51.9347114562988,1
53.3297729492188,1
55.3871307373047,1
59.9533195495605,1
65.6169586181641,1
68.5532760620117,1
67.2170104980469,1
64.0495223999023,1
62.1272964477539,1
61.5637168884277,1
60.0161399841309,1
56.1382827758789,1
51.6930274963379,1
49.840747833252,1
51.3950614929199,1
53.494213104248,1
52.7277183532715,1
48.9996795654297,1
44.9006881713867,1
41.4995803833008,1
36.9553298950195,1
30.2593574523926,1
24.2418003082275,1
22.5527305603027,1
24.4675216674805,1
25.2303352355957,1
22.0396957397461,1
17.6828346252441,1
16.8182201385498,1
19.6905841827393,1
21.4752521514893,1
18.2991809844971,1
12.4244079589844,1
9.76894760131836,1
12.4597997665405,1
15.8983507156372,1
14.5278367996216,1
8.99360179901123,1
5.15441989898682,1
6.39813184738159,1
9.86397743225098,1
11.2232694625854,1
10.4351119995117,1
10.4537506103516,1
11.9849891662598,1
12.5879745483398,1
10.7297534942627,1
8.01243305206299,1
6.63283014297485,1
6.54471111297607,1
6.16355752944946,1
4.5787992477417,1
2.03118705749512,1
-0.905801892280579,1
-3.6609513759613,1
-5.80759000778198,1
-7.67830991744995,1
-10.2984371185303,1
-13.9569854736328,1
-17.3920841217041,1
-19.2620868682861,1
-19.9497528076172,1
-20.882438659668,1
-22.4683570861816,1
-24.131477355957,1
-26.4144458770752,1
-31.2269802093506,1
-38.925350189209,1
-46.4773368835449,1
-50.2911186218262,1
-50.4076766967773,1
-50.0846405029297,1
-51.1691970825195,1
-51.894416809082,1
-50.1776695251465,1
-47.2786979675293,1
-46.2716789245605,1
-47.7405052185059,1
-49.1706047058105,1
-48.7350463867188,1
-47.7514610290527,1
-48.5261993408203,1
-51.1489524841309,1
-53.715389251709,1
-55.0722160339355,1
-56.0307731628418,1
-57.8399925231934,1
-60.4453926086426,1
-62.7412948608398,1
-64.0825271606445,1
-64.8536376953125,1
-65.3262023925781,1
-64.4957122802734,1
-61.0160026550293,1
-55.5776023864746,1
-51.319896697998,1
-50.728328704834,1
-52.5686378479004,1
-53.3017539978027,1
-51.5289573669434,1
-49.4144325256348,1
-49.1247444152832,1
-49.5327262878418,1
-47.9018707275391,1
-43.8403663635254,1
-39.8302841186523,1
-38.0925331115723,1
-38.5093116760254,1
-39.8083724975586,1
-41.3522453308105,1
-43.0713119506836,1
-44.5370979309082,1
-44.940372467041,1
-43.7945251464844,1
-41.414680480957,1
-38.9387016296387,1
-37.7611846923828,1
-38.3383941650391,1
-39.5509834289551,1
-39.9599914550781,1
-39.7406997680664,1
-40.4721565246582,1
-42.7602653503418,1
-45.147518157959,1
-46.158016204834,1
-46.6366310119629,1
-48.8939170837402,1
-53.6315727233887,1
-58.711109161377,1
-61.3852882385254,1
-61.1898765563965,1
-59.9289093017578,1
-58.8652648925781,1
-56.9380378723145,1
-52.7420997619629,1
-47.7029724121094,1
-45.3670043945312,1
-46.8656730651855,1
-48.993824005127,1
-48.4504051208496,1
-46.3811874389648,1
-46.1538276672363,1
-47.6368637084961,1
-47.1452713012695,1
-43.3413848876953,1
-39.5998077392578,1
-38.9189414978027,1
-39.4900131225586,1
-37.772274017334,1
-33.821117401123,1
-30.6971797943115,1
-29.8014125823975,1
-29.6337566375732,1
-28.7467231750488,1
-27.4183731079102,1
-26.2819232940674,1
-25.2859687805176,1
-24.32692527771,1
-23.3993358612061,1
-21.8402576446533,1
-18.5904541015625,1
-13.3340997695923,1
-6.49548625946045,1
1.60015594959259,1
10.4734477996826,1
18.8380641937256,1
25.6637496948242,1
31.8014087677002,1
39.151725769043,1
48.0993003845215,1
56.9787445068359,1
64.2173309326172,1
69.8814392089844,1
74.9167098999023,1
79.8485488891602,1
84.4256362915039,1
87.7648239135742,1
88.8479766845703,1
87.5797805786133,1
85.0623931884766,1
82.0342178344727,1
77.7586212158203,1
71.8199920654297,1
66.2036361694336,1
63.322322845459,1
62.0437507629395,1
58.2716445922852,1
50.301815032959,1
41.1907920837402,1
34.3125267028809,1
28.7249984741211,1
21.2418918609619,1
11.6353530883789,1
2.83038711547852,1
-3.90132546424866,1
-11.1583003997803,1
-21.7651290893555,1
-34.6614761352539,1
-45.8934364318848,1
-53.0200538635254,1
-57.2879409790039,1
-61.3997077941895,1
-66.0361862182617,1
-69.4159317016602,1
-70.4138412475586,1
-71.1460037231445,1
-75.0314559936523,1
-82.2630996704102,1
-89.0246734619141,1
-92.2029724121094,1
-93.0711975097656,1
-94.3733825683594,1
-95.3410491943359,1
-92.7985458374023,1
-86.9373168945312,1
-82.4354019165039,1
-82.5983047485352,1
-85.1961975097656,1
-85.9078979492188,1
-83.5448837280273,1
-79.5865325927734,1
-74.4966659545898,1
-67.578254699707,1
-59.7983627319336,1
-53.9164962768555,1
-51.5017967224121,1
-51.6032524108887,1
-52.3557548522949,1
-52.292179107666,1
-50.3510475158691,1
-46.505859375,1
-42.3755073547363,1
-39.3699111938477,1
-36.283203125,1
-30.8128604888916,1
-23.5632801055908,1
-18.0217933654785,1
-15.7934293746948,1
-14.3861742019653,1
-11.1702089309692,1
-7.21497917175293,1
-5.00400495529175,1
-4.09810018539429,1
-1.96106207370758,1
1.49547576904297,1
3.06872153282166,1
0.554052889347076,1
-4.15314626693726,1
-7.23168277740479,1
-6.96355056762695,1
-4.70728778839111,1
-2.74910378456116,1
-2.13099718093872,1
-2.25105261802673,1
-1.9495165348053,1
-0.977283835411072,1
-0.413944095373154,1
-1.35669708251953,1
-3.44890713691711,1
-5.46837377548218,1
-7.21450519561768,1
-9.57318115234375,1
-12.4014320373535,1
-13.8293609619141,1
-12.7132530212402,1
-10.5847301483154,1
-9.60675430297852,1
-9.34262466430664,1
-7.45652437210083,1
-3.43784832954407,1
0.50071507692337,1
2.86492896080017,1
5.31333637237549,1
10.2763605117798,1
17.3300170898438,1
23.572639465332,1
27.2077713012695,1
29.3558044433594,1
32.2139358520508,1
36.4002952575684,1
40.4714965820312,1
42.6537284851074,1
42.8489227294922,1
42.9299774169922,1
44.830883026123,1
48.4279022216797,1
51.9441375732422,1
54.4590377807617,1
56.916934967041,1
60.2119789123535,1
63.6610412597656,1
66.5576477050781,1
70.0559158325195,1
75.6052627563477,1
81.9230651855469,1
85.6123046875,1
85.2695236206055,1
83.3312377929688,1
82.9402847290039,1
84.2141036987305,1
84.8808135986328,1
83.9735870361328,1
83.4205551147461,1
85.6646270751953,1
90.6727981567383,1
96.1596984863281,1
100.554130554199,1
104.724769592285,1
110.185684204102,1
116.485992431641,1
121.971839904785,1
127.210052490234,1
135.657287597656,1
149.393569946289,1
165.255950927734,1
177.20036315918,1
182.478256225586,1
183.911590576172,1
185.857208251953,1
189.467651367188,1
192.599807739258,1
193.102172851562,1
190.978805541992,1
187.678451538086,1
184.053192138672,1
179.112991333008,1
170.84358215332,1
158.665008544922,1
144.842468261719,1
132.470184326172,1
121.989112854004,1
110.97346496582,1
97.7677612304688,1
83.6886291503906,1
70.3549575805664,1
56.3281593322754,1
38.7979545593262,1
18.3966064453125,1
-0.12323259562254,1
-13.0197200775146,1
-21.6731014251709,1
-30.1560573577881,1
-39.9739303588867,1
-49.2990913391113,1
-57.0539855957031,1
-65.2116928100586,1
-75.8010482788086,1
-87.2993469238281,1
-96.0665435791016,1
-100.907127380371,1
-104.150047302246,1
-107.833877563477,1
-110.83438873291,1
-111.205474853516,1
-110.060874938965,1
-110.941207885742,1
-115.240539550781,1
-120.052536010742,1
-121.521873474121,1
-119.416946411133,1
-117.259010314941,1
-118.15193939209,1
-121.54833984375,1
-124.601676940918,1
-125.99095916748,1
-127.186515808105,1
-129.575164794922,1
-131.541137695312,1
-129.934097290039,1
-124.226486206055,1
-117.46752166748,1
-112.560592651367,1
-109.306770324707,1
-106.302925109863,1
-104.025909423828,1
-103.751976013184,1
-104.192428588867,1
-101.864280700684,1
-95.2415924072266,1
-86.5164413452148,1
-78.5054626464844,1
-71.4926223754883,1
-64.0418014526367,1
-55.4300308227539,1
-46.0510787963867,1
-36.4566993713379,1
-27.1953430175781,1
-18.8586177825928,1
-11.2583436965942,1
-3.22503209114075,1
5.85196447372437,1
15.0105199813843,1
23.1680335998535,1
30.6665096282959,1
38.0754737854004,1
44.3069915771484,1
47.7426795959473,1
48.9815406799316,1
50.6059074401855,1
53.9776382446289,1
57.9634780883789,1
61.3158836364746,1
64.4991455078125,1
67.9725875854492,1
70.0996856689453,1
68.6303329467773,1
63.9545707702637,1
59.3611030578613,1
57.6959381103516,1
58.5390663146973,1
59.0165100097656,1
57.0015106201172,1
53.2048988342285,1
50.0215339660645,1
48.3066253662109,1
45.8641891479492,1
40.0777244567871,1
31.7885856628418,1
24.8668842315674,1
21.3441352844238,1
18.944221496582,1
15.0569286346436,1
11.3259439468384,1
11.3925905227661,1
14.7755002975464,1
16.4468402862549,1
13.3223428726196,1
8.21598720550537,1
5.61586618423462,1
5.86660480499268,1
5.98987722396851,1
4.79589319229126,1
4.14936208724976,1
5.16501092910767,1
5.79428672790527,1
3.49924516677856,1
-0.982140421867371,1
-4.09946441650391,1
-3.69894123077393,1
-1.72846293449402,1
-1.96994495391846,1
-5.37600183486938,1
-8.89869976043701,1
-9.61526012420654,1
-8.78021717071533,1
-10.1234045028687,1
-14.8090620040894,1
-20.3891563415527,1
-24.8754348754883,1
-29.2317905426025,1
-34.7016258239746,1
-40.033618927002,1
-43.3406600952148,1
-45.129955291748,1
-47.3383674621582,1
-50.3364601135254,1
-52.8756980895996,1
-54.2481651306152,1
-54.5290031433105,1
-53.2614059448242,1
-49.9609336853027,1
-45.6893463134766,1
-42.2279815673828,1
-39.7880210876465,1
-37.3160171508789,1
-34.9076652526855,1
-33.8768501281738,1
-34.2282333374023,1
-34.1311378479004,1
-32.568675994873,1
-30.7326240539551,1
-29.907262802124,1
-29.5088691711426,1
-28.3532810211182,1
-26.7410278320312,1
-26.1125831604004,1
-27.3334827423096,1
-30.2830142974854,1
-34.5917778015137,1
-39.8154754638672,1
-45.0041732788086,1
-48.7660751342773,1
-50.0854110717773,1
-49.3996925354004,1
-49.0835266113281,1
-52.0195579528809,1
-58.4059295654297,1
-64.3294525146484,1
-65.252067565918,1
-61.2180404663086,1
-56.8797950744629,1
-55.7492179870605,1
-56.4131126403809,1
-55.8275909423828,1
-54.4496841430664,1
-55.5350914001465,1
-59.9640808105469,1
-64.3963088989258,1
-65.1701736450195,1
-62.2485160827637,1
-58.4027633666992,1
-55.7435493469238,1
-54.2073249816895,1
-52.912166595459,1
-51.8716506958008,1
-51.9667549133301,1
-53.3813285827637,1
-54.5070419311523,1
-53.2003402709961,1
-49.4531288146973,1
-45.7715034484863,1
-43.7981224060059,1
-41.4981803894043,1
-35.6859664916992,1
-27.1294460296631,1
-20.6229228973389,1
-18.9878997802734,1
-19.1852912902832,1
-16.2616310119629,1
-9.66950225830078,1
-3.25173568725586,1
0.499365925788879,1
3.59573698043823,1
9.38897323608398,1
18.1845245361328,1
27.2857646942139,1
34.5542488098145,1
40.7836494445801,1
48.5528526306152,1
59.167854309082,1
70.9232330322266,1
80.6370010375977,1
86.9633712768555,1
91.4471435546875,1
95.7454452514648,1
98.8840408325195,1
98.771858215332,1
95.7791900634766,1
92.628776550293,1
90.4986572265625,1
87.5024261474609,1
82.1120452880859,1
76.0446624755859,1
71.8274002075195,1
68.8092041015625,1
63.9668960571289,1
56.296443939209,1
48.0554313659668,1
41.1948204040527,1
34.6306381225586,1
26.3350048065186,1
16.8184299468994,1
8.82684135437012,1
3.86026501655579,1
0.428289890289307,1
-3.82089996337891,1
-9.08859539031982,1
-13.2122068405151,1
-14.259503364563,1
-12.8977012634277,1
-12.0471677780151,1
-14.1727867126465,1
-18.8754253387451,1
-23.2770309448242,1
-24.9534645080566,1
-24.2580318450928,1
-23.3202419281006,1
-23.0574493408203,1
-22.2672634124756,1
-20.0196514129639,1
-17.6333084106445,1
-16.9490127563477,1
-17.3471508026123,1
-16.2710628509521,1
-12.8057956695557,1
-8.9879903793335,1
-6.87160205841064,1
-5.87913799285889,1
-4.38074636459351,1
-2.80672335624695,1
-3.39163374900818,1
-6.93068790435791,1
-11.2390813827515,1
-13.3413352966309,1
-12.484920501709,1
-10.5127143859863,1
-9.47330188751221,1
-9.17297649383545,1
-7.35616254806519,1
-2.49254965782166,1
4.11860990524292,1
9.92788124084473,1
14.5143413543701,1
19.7556095123291,1
26.1814670562744,1
31.1333160400391,1
32.186092376709,1
31.0873050689697,1
32.1277465820312,1
37.0406761169434,1
43.5531120300293,1
48.975959777832,1
53.1922187805176,1
57.5086059570312,1
62.2715263366699,1
66.7474822998047,1
70.4379425048828,1
73.477424621582,1
76.0117950439453,1
77.718017578125,1
77.9465637207031,1
76.5392837524414,1
74.8114166259766,1
75.0418701171875,1
77.931640625,1
80.9881896972656,1
80.8207092285156,1
76.9477233886719,1
71.8680419921875,1
67.3307571411133,1
62.3418998718262,1
55.4708023071289,1
47.3821029663086,1
39.8252029418945,1
33.2096290588379,1
26.4624404907227,1
18.6716823577881,1
9.8003044128418,1
0.155326038599014,1
-9.88399219512939,1
-19.5653533935547,1
-27.6783142089844,1
-33.1025428771973,1
-35.9622268676758,1
-38.5149078369141,1
-43.7751502990723,1
-51.8546295166016,1
-58.5472564697266,1
-59.7855415344238,1
-57.2022323608398,1
-56.4580192565918,1
-59.5734710693359,1
-62.1189308166504,1
-59.6154251098633,1
-53.6817398071289,1
-49.0511322021484,1
-46.7019348144531,1
-43.5289611816406,1
-37.9756393432617,1
-32.3971328735352,1
-29.2594051361084,1
-27.588846206665,1
-24.3785972595215,1
-18.2236251831055,1
-10.7914686203003,1
-5.28548622131348,1
-3.52339053153992,1
-4.07998657226562,1
-3.81399917602539,1
-1.72816443443298,1
-0.144729003310204,1
-1.02548587322235,1
-2.71944189071655,1
-2.39531278610229,1
-0.521982610225677,1
-0.282110720872879,1
-2.94902896881104,1
-6.50817966461182,1
-8.92069721221924,1
-10.0824317932129,1
-10.0271472930908,1
-7.86298847198486,1
-3.75441074371338,1
0.102693423628807,1
1.93966209888458,1
2.37523937225342,1
2.75805425643921,1
3.061283826828,1
2.73779273033142,1
2.28297400474548,1
2.43664836883545,1
2.91812944412231,1
3.39812684059143,1
4.59796810150146,1
6.67152070999146,1
7.42737865447998,1
4.32475471496582,1
-2.04271960258484,1
-8.50363445281982,1
-13.3881845474243,1
-17.9853401184082,1
-23.4857635498047,1
-28.6516666412354,1
-31.8399314880371,1
-33.7259483337402,1
-36.1850624084473,1
-39.2411613464355,1
-40.976806640625,1
-40.4600868225098,1
-39.2944297790527,1
-39.8569183349609,1
-42.9358978271484,1
-47.5125541687012,1
-52.2253379821777,1
-56.6884880065918,1
-61.7347068786621,1
-68.4284591674805,1
-76.4484786987305,1
-83.6525268554688,1
-87.9869232177734,1
-89.7163238525391,1
-90.8279724121094,1
-92.3068542480469,1
-93.371467590332,1
-93.7454605102539,1
-94.9559860229492,1
-98.104377746582,1
-101.649208068848,1
-103.19686126709,1
-102.752136230469,1
-102.151397705078,1
-101.590354919434,1
-99.2856750488281,1
-95.3793487548828,1
-93.7147369384766,1
-97.5727386474609,1
-104.804374694824,1
-109.565139770508,1
-108.798980712891,1
-104.958488464355,1
-101.803253173828,1
-99.5035705566406,1
-95.5406723022461,1
-89.4702529907227,1
-84.5711975097656,1
-84.0595779418945,1
-86.9499053955078,1
-89.0107727050781,1
-87.5773696899414,1
-84.1385345458984,1
-81.7261657714844,1
-80.8945541381836,1
-79.5012664794922,1
-75.9682159423828,1
-71.1938705444336,1
-66.9304046630859,1
-63.6271133422852,1
-60.6209030151367,1
-57.3481559753418,1
-53.3746299743652,1
-48.1358032226562,1
-41.8387680053711,1
-35.9545745849609,1
-31.6393203735352,1
-28.3732166290283,1
-25.473970413208,1
-24.0024147033691,1
-25.1612396240234,1
-27.4834461212158,1
-28.2799644470215,1
-27.8905982971191,1
-29.4669551849365,1
-33.6895446777344,1
-36.8814392089844,1
-36.2619438171387,1
-34.1979026794434,1
-34.3634300231934,1
-35.8546943664551,1
-34.7698211669922,1
-30.5262584686279,1
-26.6078224182129,1
-24.9077014923096,1
-23.1573123931885,1
-19.2534122467041,1
-14.9643487930298,1
-13.1926231384277,1
-13.6262178421021,1
-13.416374206543,1
-11.0752048492432,1
-7.72427272796631,1
-5.04741334915161,1
-3.63841557502747,1
-3.18849515914917,1
-3.1847996711731,1
-3.5616295337677,1
-5.24463367462158,1
-9.38673114776611,1
-15.3600215911865,1
-20.5147266387939,1
-23.1058502197266,1
-24.5237598419189,1
-27.1114921569824,1
-30.6766586303711,1
-33.3509864807129,1
-35.5323829650879,1
-40.1194496154785,1
-47.8407821655273,1
-54.814582824707,1
-56.803955078125,1
-54.4396934509277,1
-51.8220825195312,1
-50.5754470825195,1
-47.9923706054688,1
-41.6153221130371,1
-33.1889610290527,1
-26.2385883331299,1
-21.0324783325195,1
-14.2585248947144,1
-3.76436352729797,1
8.31876182556152,1
18.1693801879883,1
24.7826709747314,1
30.3731746673584,1
36.5404281616211,1
41.5977745056152,1
42.5086708068848,1
38.7035751342773,1
32.9574584960938,1
28.5739688873291,1
26.4441928863525,1
24.979513168335,1
22.2555599212646,1
17.7695350646973,1
12.3646335601807,1
6.94555521011353,1
1.63797044754028,1
-3.60528755187988,1
-7.9246621131897,1
-10.0662202835083,1
-10.4063997268677,1
-11.3338136672974,1
-14.3550214767456,1
-17.6706848144531,1
-18.5499897003174,1
-17.7213039398193,1
-18.7670364379883,1
-22.5494651794434,1
-25.1508178710938,1
-23.2701873779297,1
-19.2443180084229,1
-17.7892169952393,1
-19.3169078826904,1
-20.139102935791,1
-19.0401859283447,1
-19.7985591888428,1
-25.7425861358643,1
-34.5343971252441,1
-40.5365524291992,1
-41.0604515075684,1
-38.4683418273926,1
-36.7316589355469,1
-37.466625213623,1
-39.4565544128418,1
-41.1381759643555,1
-42.8273010253906,1
-46.0425796508789,1
-50.7697906494141,1
-54.6461944580078,1
-55.7916259765625,1
-55.2502059936523,1
-54.9854278564453,1
-54.5487327575684,1
-52.2745018005371,1
-49.3643226623535,1
-49.6022491455078,1
-54.1005744934082,1
-59.022403717041,1
-60.1382637023926,1
-57.7157440185547,1
-55.2312393188477,1
-54.8112869262695,1
-55.8041038513184,1
-56.8539695739746,1
-57.5535888671875,1
-58.2336730957031,1
-59.0794296264648,1
-59.2549476623535,1
-56.8041725158691,1
-50.4926300048828,1
-41.9292945861816,1
-34.2020568847656,1
-27.859806060791,1
-20.344762802124,1
-10.6615724563599,1
-2.420734167099,1
0.0454081743955612,1
-2.66920375823975,1
-5.64777851104736,1
-5.33800363540649,1
-2.5441427230835,1
0.0318479798734188,1
1.21334207057953,1
1.80243372917175,1
2.75832724571228,1
3.5571813583374,1
2.49593496322632,1
-0.80930107831955,1
-3.58373999595642,1
-2.57283592224121,1
0.84430718421936,1
1.03767108917236,1
-4.32192373275757,1
-9.92722606658936,1
-9.69615745544434,1
-5.94586753845215,1
-6.73169040679932,1
-14.49436378479,1
-22.9885787963867,1
-26.8962516784668,1
-28.8222694396973,1
-33.2260322570801,1
-38.1738052368164,1
-38.6579742431641,1
-35.5464973449707,1
-34.9727249145508,1
-38.9719657897949,1
-42.4004745483398,1
-40.7103462219238,1
-36.1306762695312,1
-33.4614524841309,1
-33.2083778381348,1
-32.2861709594727,1
-29.4795513153076,1
-26.736011505127,1
-25.7717723846436,1
-26.2747421264648,1
-27.4411239624023,1
-29.0568866729736,1
-30.7853908538818,1
-32.0438232421875,1
-32.8294715881348,1
-33.3791656494141,1
-33.0836868286133,1
-31.2652454376221,1
-29.0855846405029,1
-28.8854560852051,1
-31.010274887085,1
-32.9118919372559,1
-32.4553985595703,1
-30.786901473999,1
-30.4771499633789,1
-31.7866668701172,1
-32.7236518859863,1
-32.6426277160645,1
-33.637882232666,1
-37.404182434082,1
-42.3065452575684,1
-45.2364921569824,1
-45.5957870483398,1
-45.4954223632812,1
-46.050968170166,1
-45.6253700256348,1
-42.7738304138184,1
-39.2892150878906,1
-38.5401191711426,1
-41.3952522277832,1
-45.4051361083984,1
-47.8828163146973,1
-48.3416023254395,1
-47.6862449645996,1
-46.3340034484863,1
-43.8757553100586,1
-39.982048034668,1
-35.1372451782227,1
-30.7357425689697,1
-28.4052505493164,1
-28.5469741821289,1
-29.4065113067627,1
-28.4046993255615,1
-24.8903961181641,1
-21.0239315032959,1
-19.3814258575439,1
-20.1720924377441,1
-21.6549091339111,1
-23.0446739196777,1
-25.62135887146,1
-30.182502746582,1
-34.5996170043945,1
-35.8727035522461,1
-34.5591087341309,1
-34.8037071228027,1
-38.8082389831543,1
-43.5515670776367,1
-45.3579711914062,1
-45.8588943481445,1
-49.6903457641602,1
-56.799243927002,1
-61.4696998596191,1
-60.2439765930176,1
-56.6997909545898,1
-55.7198333740234,1
-56.4036102294922,1
-54.5141448974609,1
-49.8961524963379,1
-46.9757499694824,1
-48.1577529907227,1
-50.6558303833008,1
-50.7547607421875,1
-48.2419815063477,1
-45.2823219299316,1
-43.107120513916,1
-41.4766387939453,1
-40.1844940185547,1
-39.567684173584,1
-39.8068008422852,1
-40.4222984313965,1
-40.4075508117676,1
-38.9957504272461,1
-36.8337211608887,1
-36.0561790466309,1
-38.1567764282227,1
-41.8523712158203,1
-44.2791481018066,1
-44.6577758789062,1
-45.6876640319824,1
-50.5383644104004,1
-59.0163726806641,1
-67.5436477661133,1
-72.9553070068359,1
-75.6887359619141,1
-78.5896606445312,1
-82.6738204956055,1
-85.3343048095703,1
-83.9819946289062,1
-80.5809020996094,1
-80.0830230712891,1
-83.7828903198242,1
-86.8017272949219,1
-84.1047668457031,1
-77.1591262817383,1
-71.9250793457031,1
-71.2371292114258,1
-72.3788986206055,1
-72.3406677246094,1
-72.0757369995117,1
-73.741943359375,1
-76.1306304931641,1
-75.7900314331055,1
-72.2060623168945,1
-69.2185287475586,1
-70.3298492431641,1
-74.2190933227539,1
-76.5218887329102,1
-75.5110015869141,1
-74.1608276367188,1
-75.9849395751953,1
-80.3979797363281,1
-83.8100128173828,1
-84.5593185424805,1
-84.6144485473633,1
-86.0686492919922,1
-87.9780960083008,1
-87.9199981689453,1
-85.364387512207,1
-82.011474609375,1
-79.5007934570312,1
-78.123420715332,1
-77.3176574707031,1
-76.1573944091797,1
-73.6247024536133,1
-69.5718460083008,1
-65.296028137207,1
-62.2373695373535,1
-60.390510559082,1
-58.9142799377441,1
-57.7069931030273,1
-56.9614715576172,1
-55.6437759399414,1
-52.4196395874023,1
-48.2629585266113,1
-45.955265045166,1
-46.0655288696289,1
-45.5026359558105,1
-41.7705383300781,1
-36.9598731994629,1
-34.9657173156738,1
-35.6043853759766,1
-34.6721801757812,1
-30.3093776702881,1
-26.0932369232178,1
-25.8571681976318,1
-27.918571472168,1
-27.5935668945312,1
-24.2981014251709,1
-22.4616279602051,1
-24.9362411499023,1
-28.9129886627197,1
-30.1542739868164,1
-28.6621570587158,1
-27.4932289123535,1
-27.5036926269531,1
-26.4059143066406,1
-22.9017715454102,1
-19.0826873779297,1
-17.9304122924805,1
-20.0733871459961,1
-23.7144145965576,1
-26.5801734924316,1
-27.4229068756104,1
-26.5636615753174,1
-25.3028564453125,1
-24.1000442504883,1
-21.7029342651367,1
-17.4166469573975,1
-13.6779432296753,1
-13.9323167800903,1
-17.5859317779541,1
-19.826099395752,1
-17.8026809692383,1
-14.3151149749756,1
-13.1092042922974,1
-13.0035791397095,1
-10.2801876068115,1
-5.53747463226318,1
-3.64077115058899,1
-6.29436779022217,1
-8.8221607208252,1
-6.38751697540283,1
-0.25862929224968,1
4.93824338912964,1
7.98298645019531,1
11.6196708679199,1
17.2392578125,1
22.4295101165771,1
24.2856407165527,1
22.6840705871582,1
19.4946784973145,1
16.3842220306396,1
14.1586999893188,1
12.7844066619873,1
11.3459157943726,1
9.12965297698975,1
6.98366212844849,1
6.1260142326355,1
5.52256298065186,1
2.621577501297,1
-2.6667697429657,1
-7.22042036056519,1
-9.31801414489746,1
-11.4861545562744,1
-16.4855899810791,1
-22.6524276733398,1
-26.4306755065918,1
-28.2325382232666,1
-32.0154418945312,1
-39.0497627258301,1
-45.6736640930176,1
-48.2873725891113,1
-47.7229347229004,1
-47.1012954711914,1
-47.5204391479492,1
-47.7060165405273,1
-46.5658187866211,1
-44.3640213012695,1
-41.9934692382812,1
-40.1538581848145,1
-38.7574348449707,1
-36.7382507324219,1
-33.3351287841797,1
-29.6407775878906,1
-27.3051109313965,1
-25.4862785339355,1
-21.4432430267334,1
-15.1901807785034,1
-10.9115009307861,1
-11.5965394973755,1
-14.5160760879517,1
-15.0393629074097,1
-13.3662004470825,1
-13.682092666626,1
-17.0360908508301,1
-19.1993751525879,1
-16.8547592163086,1
-12.5465698242188,1
-11.1307144165039,1
-13.3290452957153,1
-15.3064851760864,1
-13.6908578872681,1
-8.75658988952637,1
-2.7611243724823,1
3.08594155311584,1
9.3590087890625,1
16.7490272521973,1
24.0622806549072,1
28.2126407623291,1
26.9755535125732,1
21.7974529266357,1
16.6552257537842,1
13.6717014312744,1
11.3343715667725,1
7.90248346328735,1
4.58720970153809,1
3.22307062149048,1
2.21511387825012,1
-2.05757808685303,1
-9.83397388458252,1
-16.9798889160156,1
-20.345573425293,1
-21.5674266815186,1
-23.9679164886475,1
-27.7424850463867,1
-30.3823184967041,1
-30.6610794067383,1
-29.9967041015625,1
-30.3095474243164,1
-32.2784843444824,1
-35.421630859375,1
-38.3970413208008,1
-39.5248107910156,1
-38.4282646179199,1
-36.7901840209961,1
-36.084228515625,1
-35.2397193908691,1
-32.495548248291,1
-28.9779453277588,1
-27.7534885406494,1
-29.1557369232178,1
-29.9855632781982,1
-28.360933303833,1
-26.4382705688477,1
-26.3810329437256,1
-26.2406215667725,1
-22.8789730072021,1
-17.4396438598633,1
-14.3341207504272,1
-14.9335889816284,1
-15.6213989257812,1
-13.1754331588745,1
-9.52439785003662,1
-9.34984111785889,1
-14.393497467041,1
-21.958532333374,1
-28.4434032440186,1
-32.7351112365723,1
-36.0047302246094,1
-39.341796875,1
-42.3346900939941,1
-43.8240089416504,1
-43.5830612182617,1
-42.7510871887207,1
-42.2998542785645,1
-41.4391250610352,1
-38.3487243652344,1
-32.6900825500488,1
-26.6948852539062,1
-23.1917686462402,1
-22.8181781768799,1
-23.6527824401855,1
-23.4709415435791,1
-21.8610649108887,1
-19.9802112579346,1
-18.6736946105957,1
-17.4687175750732,1
-15.6108818054199,1
-13.5021276473999,1
-12.2993021011353,1
-12.1597757339478,1
-11.8778800964355,1
-10.6701908111572,1
-9.31194972991943,1
-8.58194732666016,1
-7.41700601577759,1
-4.11900854110718,1
0.785081148147583,1
4.54114484786987,1
5.59233379364014,1
5.71270418167114,1
7.72665739059448,1
11.9674129486084,1
16.365816116333,1
19.8852252960205,1
24.3484401702881,1
31.8395843505859,1
40.9076156616211,1
46.9506416320801,1
47.2428665161133,1
44.6095771789551,1
44.3990898132324,1
47.8580055236816,1
50.6453437805176,1
48.9643821716309,1
44.9514923095703,1
43.446460723877,1
44.6986656188965,1
43.8392295837402,1
37.9936904907227,1
30.4406261444092,1
25.7936592102051,1
23.669340133667,1
20.071174621582,1
13.8257274627686,1
8.43274879455566,1
7.14777851104736,1
8.59624290466309,1
8.51876926422119,1
4.77947282791138,1
-0.527704775333405,1
-3.79394435882568,1
-4.01215600967407,1
-3.65392327308655,1
-5.23094129562378,1
-7.72166681289673,1
-7.8734769821167,1
-5.10122156143188,1
-2.93099331855774,1
-4.19413232803345,1
-6.65822172164917,1
-5.79946613311768,1
-0.772443234920502,1
5.2737078666687,1
10.4104804992676,1
16.047679901123,1
22.9941101074219,1
28.6151866912842,1
30.0392932891846,1
28.0905456542969,1
25.6597709655762,1
23.585542678833,1
20.761625289917,1
17.6625385284424,1
16.9632930755615,1
20.0533466339111,1
24.7952136993408,1
27.6962032318115,1
27.3692760467529,1
25.2626361846924,1
23.7129173278809,1
23.8894557952881,1
25.3614921569824,1
27.2914447784424,1
29.8119792938232,1
33.6900939941406,1
38.3551979064941,1
41.1018295288086,1
39.3469161987305,1
33.5384140014648,1
26.8722705841064,1
21.939323425293,1
18.3004131317139,1
13.6603078842163,1
7.04704284667969,1
0.34736356139183,1
-3.65735554695129,1
-4.76488399505615,1
-6.00370597839355,1
-9.90453147888184,1
-14.9138698577881,1
-17.3307189941406,1
-16.4685211181641,1
-15.2314033508301,1
-14.9644289016724,1
-12.9706954956055,1
-7.28563737869263,1
-1.08191084861755,1
1.10601282119751,1
-0.153451412916183,1
-0.34458988904953,1
2.17386245727539,1
4.64043474197388,1
5.40912580490112,1
6.81036758422852,1
11.008318901062,1
16.4653053283691,1
20.7289962768555,1
24.1397666931152,1
28.339017868042,0
32.9821281433105,0
36.3873634338379,0
38.1796264648438,0
39.063346862793,0
38.9661865234375,0
37.5704574584961,0
35.9909553527832,0
35.8756294250488,0
37.2944374084473,0
39.3573875427246,0
42.359790802002,0
47.1751136779785,0
52.8028373718262,0
56.9487724304199,0
59.4058418273926,0
62.5320625305176,0
67.4533538818359,0
71.925895690918,0
73.5332412719727,0
73.3975524902344,0
74.7029800415039,0
78.4249801635742,0
82.6564559936523,0
85.8671722412109,0
88.5527496337891,0
91.1584320068359,0
92.5481033325195,0
92.0007781982422,0
91.260139465332,0
92.5936813354492,0
95.3755722045898,0
96.6787490844727,0
95.4882965087891,0
94.4128723144531,0
96.2911148071289,0
100.582420349121,0
104.468643188477,0
106.474143981934,0
107.261054992676,0
107.31941986084,0
105.916481018066,0
102.863342285156,0
99.7492980957031,0
98.3459625244141,0
98.617431640625,0
99.2549285888672,0
99.5590972900391,0
99.7815628051758,0
99.9746246337891,0
99.5733871459961,0
98.1024017333984,0
95.4374160766602,0
91.3617477416992,0
85.7923355102539,0
79.6653137207031,0
74.6982650756836,0
71.8174667358398,0
70.5337371826172,0
70.2963104248047,0
71.5353317260742,0
74.4855117797852,0
77.7449417114258,0
79.3561325073242,0
79.1673812866211,0
78.873420715332,0
79.6360321044922,0
80.9598846435547,0
82.2246627807617,0
83.7369384765625,0
85.1929016113281,0
84.4671783447266,0
79.8178176879883,0
72.8508453369141,0
67.3406753540039,0
64.8361740112305,0
63.1788177490234,0
60.0222625732422,0
55.9901695251465,0
52.8771629333496,0
50.1923866271973,0
45.9082946777344,0
40.3746070861816,0
36.9334373474121,0
37.6390571594238,0
40.2761268615723,0
41.3724784851074,0
41.0631141662598,0
42.7388648986816,0
47.8866195678711,0
53.460765838623,0
55.4947319030762,0
53.8705177307129,0
51.8002967834473,0
51.2510108947754,0
51.0321578979492,0
49.8802719116211,0
49.354549407959,0
51.8671455383301,0
56.837043762207,0
61.0511665344238,0
62.9322319030762,0
64.3292694091797,0
67.2759475708008,0
70.9844284057617,0
73.6987075805664,0
76.0125732421875,0
80.0016021728516,0
85.6309585571289,0
90.4227752685547,0
92.8826217651367,0
94.1691741943359,0
95.8358917236328,0
97.8363723754883,0
99.6251068115234,0
101.555603027344,0
104.091613769531,0
106.95149230957,0
110.031303405762,0
113.92911529541,0
118.645805358887,0
123.139656066895,0
127.104621887207,0
131.555938720703,0
136.505279541016,0
140.073425292969,0
141.718338012695,0
144.267532348633,0
150.080917358398,0
156.827972412109,0
160.361190795898,0
160.800567626953,0
162.099380493164,0
165.870147705078,0
169.626892089844,0
171.76513671875,0
174.250152587891,0
178.645553588867,0
182.931991577148,0
184.675674438477,0
184.683715820312,0
184.934173583984,0
185.041809082031,0
183.454833984375,0
180.345855712891,0
176.517700195312,0
171.018585205078,0
162.974884033203,0
154.672637939453,0
149.396911621094,0
146.607131958008,0
142.550674438477,0
135.69010925293,0
128.258010864258,0
122.04093170166,0
116.106178283691,0
109.896286010742,0
105.18798828125,0
102.816101074219,0
100.197456359863,0
94.8971099853516,0
88.6699752807617,0
84.7778015136719,0
82.5344696044922,0
78.1276168823242,0
70.6992416381836,0
63.891975402832,0
60.1829109191895,0
56.8606452941895,0
49.912036895752,0
39.7952728271484,0
30.6102104187012,0
24.6639080047607,0
20.7623405456543,0
17.6125888824463,0
15.8675813674927,0
15.9212369918823,0
16.2364044189453,0
15.5460634231567,0
14.9717397689819,0
16.0550994873047,0
17.8690338134766,0
18.0967597961426,0
16.2891120910645,0
14.0742721557617,0
12.4983081817627,0
11.0996170043945,0
9.48134517669678,0
7.79907560348511,0
5.53087902069092,0
1.76317584514618,0
-2.86262392997742,0
-6.43668985366821,0
-8.64027881622314,0
-11.3005075454712,0
-15.1093244552612,0
-17.8066997528076,0
-17.1071224212646,0
-13.6940879821777,0
-9.55434989929199,0
-4.95183706283569,0
0.642518758773804,0
5.73827505111694,0
7.76210927963257,0
6.81028127670288,0
6.13165855407715,0
8.34767246246338,0
12.940149307251,0
18.0161380767822,0
22.9315071105957,0
28.3162498474121,0
34.6818237304688,0
41.859561920166,0
49.0130996704102,0
54.6041107177734,0
57.2130737304688,0
57.1472358703613,0
56.5744590759277,0
57.2791137695312,0
58.7351036071777,0
59.1627311706543,0
58.1976127624512,0
57.6524238586426,0
59.5058746337891,0
63.7589912414551,0
68.6362075805664,0
72.4892578125,0
74.8661651611328,0
75.7765045166016,0
74.8849639892578,0
72.231071472168,0
69.1979675292969,0
67.5522613525391,0
67.4770889282227,0
67.6572418212891,0
67.4379806518555,0
67.5269393920898,0
68.0697860717773,0
67.610466003418,0
65.1078186035156,0
61.709415435791,0
59.075984954834,0
56.9863090515137,0
54.3552589416504,0
51.9241333007812,0
51.8864631652832,0
54.7995986938477,0
58.4869842529297,0
60.2426643371582,0
59.0010185241699,0
55.4998207092285,0
51.6222648620605,0
49.3588180541992,0
48.8709449768066,0
47.6340789794922,0
43.0572357177734,0
35.9002532958984,0
29.4274826049805,0
25.3104457855225,0
22.4659614562988,0
20.0387001037598,0
18.8640480041504,0
18.9867115020752,0
18.2562885284424,0
15.1715078353882,0
11.3449573516846,0
9.35949325561523,0
9.63815784454346,0
11.2067470550537,0
14.1411323547363,0
19.1241893768311,0
25.4939098358154,0
31.8142185211182,0
37.7895469665527,0
43.7224273681641,0
48.6687507629395,0
51.1652641296387,0
51.4163475036621,0
50.6751327514648,0
48.5959129333496,0
43.3433647155762,0
34.534969329834,0
24.0605430603027,0
13.5637083053589,0
3.03069519996643,0
-7.52521228790283,0
-16.9567356109619,0
-24.7194290161133,0
-32.275806427002,0
-41.503002166748,0
-52.5973129272461,0
-64.4909820556641,0
-76.4421005249023,0
-88.1996459960938,0
-99.2247924804688,0
-108.65234375,0
-115.734130859375,0
-120.023902893066,0
-121.853820800781,0
-122.942886352539,0
-125.475685119629,0
-129.894882202148,0
-134.495407104492,0
-137.849105834961,0
-140.59375,0
-143.958648681641,0
-147.621246337891,0
-150.345306396484,0
-152.06559753418,0
-153.990463256836,0
-156.991363525391,0
-161.053695678711,0
-165.960250854492,0
-171.252105712891,0
-175.675186157227,0
-177.91828918457,0
-177.964462280273,0
-176.704010009766,0
-174.336791992188,0
-170.39582824707,0
-165.328521728516,0
-160.513244628906,0
-156.24836730957,0
-151.177932739258,0
-144.504150390625,0
-137.430389404297,0
-131.285980224609,0
-125.410888671875,0
-118.452713012695,0
-110.943519592285,0
-104.711204528809,0
-100.017127990723,0
-95.2503051757812,0
-89.6377639770508,0
-84.1898040771484,0
-79.2057189941406,0
-72.8909912109375,0
-63.972526550293,0
-54.180549621582,0
-46.3056259155273,0
-40.8478240966797,0
-36.5325088500977,0
-33.2702674865723,0
-32.2176895141602,0
-33.1548347473145,0
-34.2254600524902,0
-34.5199661254883,0
-34.6178321838379,0
-34.1091232299805,0
-31.0726871490479,0
-25.1247863769531,0
-18.7930164337158,0
-14.4274101257324,0
-11.6272077560425,0
-9.20896339416504,0
-7.74114036560059,0
-8.15634727478027,0
-9.58626270294189,0
-10.9262132644653,0
-13.1729278564453,0
-17.5961894989014,0
-22.6335754394531,0
-25.5667953491211,0
-26.8217487335205,0
-29.4751892089844,0
-34.2576866149902,0
-38.0931282043457,0
-38.5155220031738,0
-36.8094863891602,0
-35.3140144348145,0
-33.9473838806152,0
-31.4283599853516,0
-28.3281536102295,0
-26.6182174682617,0
-26.886043548584,0
-27.9366855621338,0
-28.8482208251953,0
-29.7224102020264,0
-30.4841918945312,0
-30.636833190918,0
-30.6135482788086,0
-31.9453125,0
-35.2661743164062,0
-39.0625762939453,0
-41.2566833496094,0
-41.4036331176758,0
-40.4270477294922,0
-38.6513633728027,0
-35.2633895874023,0
-29.7619094848633,0
-22.8436660766602,0
-15.3987083435059,0
-7.50184869766235,0
0.880897998809814,0
8.85859489440918,0
15.3739261627197,0
20.9136085510254,0
27.4749088287354,0
36.4132537841797,0
46.8547134399414,0
56.7194633483887,0
65.0535354614258,0
72.7312545776367,0
80.5745315551758,0
87.1828765869141,0
89.4858016967773,0
85.8582382202148,0
77.9751205444336,0
68.6866683959961,0
58.6416931152344,0
46.5259704589844,0
32.4809379577637,0
19.0643444061279,0
7.76116418838501,0
-3.51315236091614,0
-17.4786777496338,0
-33.2544212341309,0
-47.3069381713867,0
-58.0677833557129,0
-67.1969985961914,0
-76.1799240112305,0
-84.1526184082031,0
-90.0498809814453,0
-94.8726959228516,0
-100.217086791992,0
-105.679550170898,0
-109.274513244629,0
-109.934028625488,0
-108.39672088623,0
-105.914672851562,0
-103.128463745117,0
-100.155822753906,0
-96.9282379150391,0
-93.2698745727539,0
-89.1438751220703,0
-84.9516525268555,0
-81.3161697387695,0
-78.5496520996094,0
-76.5008544921875,0
-74.840576171875,0
-73.3310928344727,0
-71.8880996704102,0
-70.4898376464844,0
-69.0181198120117,0
-67.2924880981445,0
-65.3538436889648,0
-63.3580894470215,0
-60.7902145385742,0
-56.2731781005859,0
-49.1176109313965,0
-40.9477996826172,0
-34.597484588623,0
-31.0311985015869,0
-28.4385814666748,0
-24.923318862915,0
-20.9174690246582,0
-17.9503059387207,0
-16.0510444641113,0
-13.8394889831543,0
-10.7277603149414,0
-7.56006145477295,0
-5.15523386001587,0
-3.5323851108551,0
-2.56313848495483,0
-1.89228689670563,0
0.169264137744904,0
6.17501926422119,0
17.0027484893799,0
30.7285995483398,0
45.0642051696777,0
60.3778762817383,0
79.3684768676758,0
103.969100952148,0
133.17546081543,0
163.580032348633,0
191.337539672852,0
213.793930053711,0
229.984954833984,0
239.997375488281,0
244.027496337891,0
242.265335083008,0
235.39826965332,0
224.394577026367,0
209.638061523438,0
191.153793334961,0
170.033142089844,0
148.630599975586,0
128.63020324707,0
109.714332580566,0
90.9275970458984,0
72.5941543579102,0
55.947322845459,0
41.4721832275391,0
28.5567321777344,0
16.2576789855957,0
3.60710668563843,0
-10.019416809082,0
-23.6904239654541,0
-34.8222503662109,0
-41.6709976196289,0
-45.3726997375488,0
-48.2045516967773,0
-50.6569519042969,0
-52.0207328796387,0
-53.0470657348633,0
-55.4326782226562,0
-58.6964874267578,0
-60.2670478820801,0
-59.2973442077637,0
-57.8538627624512,0
-57.3028526306152,0
-56.0582008361816,0
-52.5844573974609,0
-48.482795715332,0
-46.4967193603516,0
-47.0322723388672,0
-48.7289276123047,0
-51.0328102111816,0
-53.8566818237305,0
-55.8898811340332,0
-56.0064811706543,0
-55.7840385437012,0
-57.8472785949707,0
-61.7844200134277,0
-64.4070358276367,0
-64.3546676635742,0
-63.7285308837891,0
-64.40478515625,0
-65.4404754638672,0
-65.5670852661133,0
-65.8526458740234,0
-67.786376953125,0
-70.3984298706055,0
-71.619743347168,0
-71.5437164306641,0
-72.1035537719727,0
-74.0045013427734,0
-76.0741119384766,0
-77.4968872070312,0
-78.6887588500977,0
-79.7742919921875,0
-80.046989440918,0
-79.4130706787109,0
-78.745002746582,0
-78.1789474487305,0
-76.5543441772461,0
-73.3236846923828,0
-69.6123580932617,0
-66.3714218139648,0
-62.7294960021973,0
-57.426815032959,0
-50.8745918273926,0
-44.3697204589844,0
-38.0193710327148,0
-31.0325355529785,0
-23.6535453796387,0
-17.1028442382812,0
-11.5524663925171,0
-5.7803840637207,0
0.660294890403748,0
6.26937961578369,0
9.47927856445312,0
10.9013576507568,0
12.7281723022461,0
16.1053638458252,0
19.7741584777832,0
21.4799213409424,0
20.523193359375,0
18.7140808105469,0
18.5865936279297,0
20.7097835540771,0
23.2585487365723,0
24.4113311767578,0
24.4072074890137,0
24.6458129882812,0
25.5636100769043,0
26.479700088501,0
27.0365657806396,0
27.4834060668945,0
27.6600742340088,0
26.968505859375,0
25.4409694671631,0
23.6863231658936,0
21.6922969818115,0
18.9620265960693,0
16.1253623962402,0
15.0881996154785,0
16.9646816253662,0
20.8942222595215,0
25.4508438110352,0
30.1696720123291,0
35.071044921875,0
39.7847633361816,0
43.9753227233887,0
47.6799583435059,0
50.4056510925293,0
50.980396270752,0
49.4870414733887,0
48.4513931274414,0
50.5855712890625,0
55.6684226989746,0
60.936279296875,0
64.3380889892578,0
66.1398696899414,0
67.4038619995117,0
68.2760162353516,0
68.1909713745117,0
66.8102569580078,0
64.3376770019531,0
61.6238098144531,0
60.2513389587402,0
61.7423400878906,0
66.1490173339844,0
71.8209228515625,0
76.8648300170898,0
80.498779296875,0
82.9046478271484,0
84.3860321044922,0
85.0571746826172,0
84.9719314575195,0
84.2164688110352,0
83.0876617431641,0
82.278694152832,0
82.5192489624023,0
83.8671569824219,0
85.623908996582,0
86.9353332519531,0
87.1376571655273,0
85.8147430419922,0
83.400032043457,0
81.69775390625,0
82.5769577026367,0
85.5558013916016,0
87.6883163452148,0
86.7007141113281,0
83.4294204711914,0
80.1673202514648,0
77.4073104858398,0
73.6969528198242,0
68.3690643310547,0
62.6729698181152,0
57.7975959777832,0
53.2578926086426,0
48.172550201416,0
43.1397552490234,0
39.6183319091797,0
37.8031768798828,0
36.2383308410645,0
33.6469993591309,0
30.2679138183594,0
26.9742031097412,0
23.726432800293,0
19.6843299865723,0
14.7439956665039,0
10.1517992019653,0
7.15239000320435,0
5.48787975311279,0
3.79134440422058,0
1.10539186000824,0
-2.74975061416626,0
-7.98982810974121,0
-14.7239084243774,0
-21.6455345153809,0
-26.2079734802246,0
-27.1533470153809,0
-26.0489730834961,0
-25.1887969970703,0
-24.6321086883545,0
-22.6700649261475,0
-18.7946434020996,0
-14.5660209655762,0
-11.4528818130493,0
-9.40225219726562,0
-7.99134540557861,0
-7.42443132400513,0
-7.4388575553894,0
-6.516188621521,0
-3.57021808624268,0
0.322055846452713,0
3.35876417160034,0
5.8494987487793,0
9.94008827209473,0
16.0946578979492,0
21.3358268737793,0
22.2347927093506,0
19.0366497039795,0
15.4285326004028,0
14.1350173950195,0
14.1020383834839,0
12.8259086608887,0
10.3343267440796,0
9.23867988586426,0
11.0938396453857,0
14.5063610076904,0
17.3852920532227,0
19.3988399505615,0
21.0391025543213,0
21.6850814819336,0
20.430835723877,0
18.0827445983887,0
16.3400688171387,0
15.2593212127686,0
13.5879764556885,0
11.6820249557495,0
11.7532558441162,0
14.4154300689697,0
17.2211074829102,0
18.1762142181396,0
18.9273910522461,0
22.3558311462402,0
28.0716419219971,0
32.632381439209,0
34.0267066955566,0
33.9222717285156,0
35.1928443908691,0
38.7840538024902,0
43.3822975158691,0
46.824577331543,0
47.3965148925781,0
44.9314613342285,0
41.1369323730469,0
37.870662689209,0
34.7909278869629,0
29.8380756378174,0
22.3627643585205,0
14.3482875823975,0
7.79672479629517,0
2.34137678146362,0
-3.34926390647888,0
-9.03705978393555,0
-13.4748363494873,0
-16.852560043335,0
-20.8924999237061,0
-26.5198020935059,0
-32.8864631652832,0
-38.8442115783691,0
-44.0288047790527,0
-48.169017791748,0
-50.705982208252,0
-51.8918190002441,0
-53.262020111084,0
-55.9756774902344,0
-59.1541175842285,0
-60.7915573120117,0
-60.1736831665039,0
-58.6432647705078,0
-57.9090347290039,0
-58.2086563110352,0
-58.4300842285156,0
-57.672737121582,0
-56.2356185913086,0
-55.080192565918,0
-54.7294731140137,0
-54.980167388916,0
-55.4656639099121,0
-56.0478591918945,0
-56.657169342041,0
-57.1906852722168,0
-57.6644592285156,0
-58.0551300048828,0
-57.9673767089844,0
-57.0907440185547,0
-56.1440773010254,0
-56.5005035400391,0
-58.2842254638672,0
-59.5206336975098,0
-57.954029083252,0
-53.3246574401855,0
-47.2990798950195,0
-41.7530059814453,0
-37.7942008972168,0
-35.6464309692383,0
-34.312816619873,0
-31.8656959533691,0
-27.3535118103027,0
-22.1148796081543,0
-17.977165222168,0
-14.5954637527466,0
-10.1709985733032,0
-4.52316474914551,0
0.573757827281952,0
4.34065389633179,0
8.12028694152832,0
12.7480220794678,0
16.8403358459473,0
19.056978225708,0
20.3812522888184,0
22.481330871582,0
25.1214370727539,0
27.0312232971191,0
28.2713222503662,0
29.6066741943359,0
30.1681175231934,0
28.1175861358643,0
23.7865581512451,0
20.1077136993408,0
19.2991580963135,0
20.5564994812012,0
21.5306529998779,0
20.7873687744141,0
18.3284854888916,0
15.0235681533813,0
12.2723960876465,0
11.1620073318481,0
11.14661693573,0
10.2927742004395,0
7.3753490447998,0
2.97650051116943,0
-1.83466589450836,0
-6.78439474105835,0
-11.6649627685547,0
-15.450644493103,0
-17.2626171112061,0
-17.5421409606934,0
-17.2037601470947,0
-16.1260013580322,0
-13.5878810882568,0
-9.95255374908447,0
-6.81389331817627,0
-5.29585742950439,0
-4.87126779556274,0
-4.02226781845093,0
-1.67755997180939,0
1.99720478057861,0
5.85572385787964,0
8.77722263336182,0
10.6496839523315,0
12.3740577697754,0
14.857949256897,0
18.1352462768555,0
21.4523391723633,0
24.0226936340332,0
25.8417854309082,0
28.043571472168,0
32.069637298584,0
37.840633392334,0
43.1037902832031,0
45.5293083190918,0
45.2832794189453,0
44.5703926086426,0
44.974422454834,0
46.6409530639648,0
49.8582649230957,0
55.4944763183594,0
63.439769744873,0
72.5244522094727,0
82.7896728515625,0
96.0018081665039,0
112.789413452148,0
131.012344360352,0
148.458160400391,0
165.777465820312,0
185.318634033203,0
208.408813476562,0
235.149826049805,0
265.019622802734,0
295.319030761719,0
320.33349609375,0
334.944854736328,0
339.000762939453,0
336.176818847656,0
329.086883544922,0
317.784912109375,0
302.575225830078,0
285.371948242188,0
267.686309814453,0
249.502624511719,0
230.800933837891,0
212.277923583984,0
194.022933959961,0
175.410018920898,0
156.888900756836,0
139.88395690918,0
124.169105529785,0
107.394653320312,0
88.2343139648438,0
68.0663146972656,0
48.4818344116211,0
29.3052787780762,0
10.558819770813,0
-5.9310417175293,0
-19.1515789031982,0
-31.2527141571045,0
-44.5547294616699,0
-57.5669860839844,0
-67.0463943481445,0
-73.1944732666016,0
-79.3850326538086,0
-86.7746963500977,0
-92.7755889892578,0
-95.7981872558594,0
-98.0934295654297,0
-101.928840637207,0
-105.668388366699,0
-106.351623535156,0
-104.511688232422,0
-103.595718383789,0
-105.291152954102,0
-107.945816040039,0
-109.480247497559,0
-109.638999938965,0
-109.07950592041,0
-108.127876281738,0
-107.051155090332,0
-106.175071716309,0
-105.20556640625,0
-103.622848510742,0
-102.10115814209,0
-102.107757568359,0
-103.411270141602,0
-103.400215148926,0
-99.9977493286133,0
-94.2059631347656,0
-88.5250625610352,0
-83.7573013305664,0
-78.9629592895508,0
-74.1055068969727,0
-70.8981628417969,0
-70.7067565917969,0
-72.9730758666992,0
-76.155387878418,0
-79.0521392822266,0
-80.7213745117188,0
-80.419189453125,0
-78.6031646728516,0
-77.0317459106445,0
-76.7291412353516,0
-76.5171051025391,0
-74.6777496337891,0
-71.419075012207,0
-68.3137664794922,0
-65.7455215454102,0
-62.5950241088867,0
-58.4569320678711,0
-54.383056640625,0
-50.9080429077148,0
-47.0071411132812,0
-41.9978675842285,0
-37.0744934082031,0
-33.5520896911621,0
-30.4676532745361,0
-25.430326461792,0
-17.496301651001,0
-7.96075677871704,0
1.42081809043884,0
9.74197959899902,0
16.6136131286621,0
21.8888187408447,0
26.034912109375,0
29.7731971740723,0
33.0182876586914,0
35.0064926147461,0
35.6767616271973,0
35.940616607666,0
36.2539024353027,0
36.0363082885742,0
35.118595123291,0
34.582145690918,0
35.0823593139648,0
35.3519973754883,0
33.9715995788574,0
32.119686126709,0
32.640697479248,0
36.1763572692871,0
40.1326522827148,0
42.3515129089355,0
44.0654106140137,0
47.6263046264648,0
52.5652923583984,0
56.1205787658691,0
57.2995719909668,0
58.0279273986816,0
59.7170448303223,0
60.860969543457,0
59.3828010559082,0
55.714225769043,0
51.6860198974609,0
47.442325592041,0
41.7443008422852,0
35.016960144043,0
29.5668907165527,0
26.0607299804688,0
21.9597702026367,0
14.9107675552368,0
6.13737773895264,0
-1.33952164649963,0
-6.78140115737915,0
-11.9235334396362,0
-17.6523609161377,0
-22.9574851989746,0
-27.5207614898682,0
-32.975414276123,0
-40.3909225463867,0
-48.267276763916,0
-54.5558242797852,0
-59.4096565246582,0
-64.2719345092773,0
-69.1470947265625,0
-72.6089782714844,0
-74.1366424560547,0
-74.8038864135742,0
-75.7764358520508,0
-77.4910202026367,0
-80.0844039916992,0
-83.1696548461914,0
-85.3865432739258,0
-85.7962188720703,0
-85.67333984375,0
-87.1820526123047,0
-90.1884536743164,0
-92.3385696411133,0
-92.6887283325195,0
-93.0900573730469,0
-94.9897842407227,0
-96.9409255981445,0
-96.9482116699219,0
-95.7550277709961,0
-95.7737503051758,0
-97.4967193603516,0
-98.8304824829102,0
-97.7974090576172,0
-94.4564437866211,0
-90.1830825805664,0
-86.2334594726562,0
-83.1123046875,0
-80.4194259643555,0
-77.1188888549805,0
-72.5594635009766,0
-67.3563995361328,0
-62.9309539794922,0
-60.2074661254883,0
-58.8618545532227,0
-57.4873428344727,0
-54.3938598632812,0
-48.9246673583984,0
-42.3407516479492,0
-36.7036590576172,0
-32.4697036743164,0
-28.0631351470947,0
-22.4648361206055,0
-17.164701461792,0
-14.3142910003662,0
-13.6318378448486,0
-12.7450017929077,0
-10.6137676239014,0
-9.13225650787354,0
-10.7218236923218,0
-15.3235063552856,0
-20.6362724304199,0
-24.8439807891846,0
-28.1652526855469,0
-31.6698741912842,0
-35.4408683776855,0
-38.6147346496582,0
-40.9307975769043,0
-43.2418174743652,0
-46.0382461547852,0
-48.1924438476562,0
-48.0581588745117,0
-45.5704078674316,0
-42.3449401855469,0
-39.665958404541,0
-37.2569923400879,0
-34.2890625,0
-30.7521495819092,0
-27.2562561035156,0
-23.9931583404541,0
-20.5231876373291,0
-16.4587936401367,0
-12.0294418334961,0
-8.03427124023438,0
-5.2612099647522,0
-3.64872074127197,0
-1.96211540699005,0
1.28771889209747,0
6.38218212127686,0
12.0757007598877,0
16.8125667572021,0
20.034330368042,0
22.3440685272217,0
24.7308216094971,0
27.5190563201904,0
29.5687007904053,0
28.6089420318604,0
23.1522483825684,0
14.3846940994263,0
5.59860754013062,0
-0.635251462459564,0
-4.44626808166504,0
-7.76882171630859,0
-12.0949087142944,0
-17.475305557251,0
-23.2075004577637,0
-28.7933006286621,0
-34.0830726623535,0
-38.6956787109375,0
-41.5478477478027,0
-41.3775444030762,0
-38.092643737793,0
-33.3447647094727,0
-29.2434978485107,0
-26.6155967712402,0
-24.980598449707,0
-23.8866672515869,0
-23.4009895324707,0
-23.3533916473389,0
-22.9770698547363,0
-21.3535423278809,0
-17.5060806274414,0
-10.4691915512085,0
-0.74397873878479,0
8.29022407531738,0
12.3022298812866,0
10.2444953918457,0
5.34541320800781,0
1.16216826438904,0
-1.76600682735443,0
-4.42135715484619,0
-6.65622806549072,0
-8.15851402282715,0
-10.4568290710449,0
-15.1695985794067,0
-20.9955825805664,0
-25.2923545837402,0
-28.3304042816162,0
-32.8103637695312,0
-38.8297576904297,0
-42.8925819396973,0
-43.489818572998,0
-44.429313659668,0
-49.8780174255371,0
-58.3469161987305,0
-64.9180450439453,0
-68.2108154296875,0
-71.5206146240234,0
-77.1334075927734,0
-83.0419540405273,0
-86.3966751098633,0
-87.3386688232422,0
-87.5517196655273,0
-87.0579299926758,0
-84.734260559082,0
-80.90283203125,0
-77.1630401611328,0
-74.0660858154297,0
-70.9901580810547,0
-68.3011474609375,0
-67.5790557861328,0
-69.0548782348633,0
-70.605598449707,0
-70.5785598754883,0
-70.4350814819336,0
-72.9439697265625,0
-78.1933288574219,0
-83.0887603759766,0
-85.0834732055664,0
-84.95068359375,0
-85.0321731567383,0
-85.8508605957031,0
-85.7955474853516,0
-83.659797668457,0
-79.9495239257812,0
-75.571647644043,0
-70.8123779296875,0
-66.3363189697266,0
-63.706859588623,0
-63.431640625,0
-63.3715438842773,0
-60.8925170898438,0
-56.3827476501465,0
-52.9494857788086,0
-52.572509765625,0
-54.2575759887695,0
-56.2216262817383,0
-57.9066123962402,0
-59.0536956787109,0
-58.858699798584,0
-57.5856628417969,0
-57.3919143676758,0
-59.609073638916,0
-62.3030776977539,0
-62.5995407104492,0
-60.7591934204102,0
-59.8596649169922,0
-61.7430725097656,0
-65.2936706542969,0
-68.659065246582,0
-71.175910949707,0
-72.9209060668945,0
-74.366569519043,0
-77.0002365112305,0
-82.3731384277344,0
-89.6346130371094,0
-95.5892486572266,0
-98.2543487548828,0
-99.0791778564453,0
-100.598731994629,0
-103.15299987793,0
-105.289154052734,0
-106.439239501953,0
-107.494636535645,0
-108.982849121094,0
-110.195213317871,0
-110.438163757324,0
-110.163528442383,0
-110.414894104004,0
-111.692886352539,0
-113.634895324707,0
-115.341094970703,0
-115.741920471191,0
-114.140769958496,0
-110.976943969727,0
-107.933151245117,0
-106.701370239258,0
-107.401924133301,0
-108.530891418457,0
-108.653762817383,0
-107.775650024414,0
-106.776924133301,0
-106.097534179688,0
-105.737449645996,0
-106.159927368164,0
-108.051162719727,0
-111.071868896484,0
-113.898986816406,0
-115.795486450195,0
-117.080139160156,0
-117.676284790039,0
-116.607131958008,0
-113.94766998291,0
-112.020294189453,0
-113.004333496094,0
-115.964797973633,0
-117.992156982422,0
-118.170570373535,0
-118.709754943848,0
-121.821090698242,0
-127.025268554688,0
-132.270370483398,0
-136.455993652344,0
-139.848114013672,0
-142.832077026367,0
-145.339126586914,0
-147.163009643555,0
-148.1005859375,0
-148.106994628906,0
-147.899505615234,0
-148.914276123047,0
-151.845260620117,0
-155.479476928711,0
-157.70783996582,0
-157.500701904297,0
-155.296905517578,0
-151.880981445312,0
-147.809539794922,0
-143.68278503418,0
-139.867691040039,0
-135.920364379883,0
-131.318374633789,0
-126.818618774414,0
-123.878479003906,0
-122.456245422363,0
-120.733093261719,0
-117.651031494141,0
-114.373138427734,0
-112.166854858398,0
-110.043838500977,0
-106.041633605957,0
-100.142066955566,0
-94.2682113647461,0
-89.7240753173828,0
-86.3218994140625,0
-83.9415969848633,0
-82.9912261962891,0
-82.7774810791016,0
-81.3020782470703,0
-77.9424209594727,0
-75.0289154052734,0
-75.2024230957031,0
-77.9193725585938,0
-80.1273574829102,0
-80.0990219116211,0
-79.1010284423828,0
-79.2529067993164,0
-81.1924591064453,0
-84.2138061523438,0
-87.3272018432617,0
-89.4094696044922,0
-89.4320755004883,0
-87.6710968017578,0
-86.0804748535156,0
-86.3984603881836,0
-88.2348861694336,0
-89.951171875,0
-90.9547958374023,0
-91.815185546875,0
-92.2689666748047,0
-90.7970733642578,0
-86.9357986450195,0
-82.8269729614258,0
-81.3176574707031,0
-82.9930038452148,0
-86.0259170532227,0
-88.6782989501953,0
-90.9794998168945,0
-93.8399200439453,0
-97.3139038085938,0
-100.233039855957,0
-101.326164245605,0
-100.373260498047,0
-98.2137603759766,0
-95.7231597900391,0
-92.9317092895508,0
-89.2445983886719,0
-84.3017120361328,0
-78.1935424804688,0
-70.8527450561523,0
-61.8600196838379,0
-51.2826728820801,0
-40.3513603210449,0
-30.6963710784912,0
-22.8149700164795,0
-15.6150789260864,0
-7.64253616333008,0
1.36742925643921,0
10.2770624160767,0
17.7716178894043,0
23.5596370697021,0
28.3025417327881,0
32.693431854248,0
36.9513473510742,0
40.9302787780762,0
44.0635643005371,0
45.2786674499512,0
43.839916229248,0
40.4994468688965,0
36.9226303100586,0
33.6302375793457,0
29.6048717498779,0
24.5711460113525,0
20.3246784210205,0
18.4667053222656,0
17.8495445251465,0
16.0187549591064,0
12.5819005966187,0
9.17175579071045,0
6.29926681518555,0
2.56851983070374,0
-2.36321210861206,0
-6.15595293045044,0
-6.53722143173218,0
-4.43185901641846,0
-2.86641216278076,0
-3.3822968006134,0
-4.85073375701904,0
-5.5940375328064,0
-5.44328689575195,0
-5.42171955108643,0
-6.27125358581543,0
-7.96933794021606,0
-10.3799028396606,0
-13.4987411499023,0
-16.6466732025146,0
-18.1273365020752,0
-16.759801864624,0
-13.6422986984253,0
-11.1603851318359,0
-9.93136119842529,0
-8.03948020935059,0
-3.9931652545929,0
0.874420344829559,0
4.02238416671753,0
4.56408071517944,0
3.29816007614136,0
1.08765637874603,0
-1.18703365325928,0
-2.1015989780426,0
-1.07515907287598,0
0.377244502305984,0
0.720715582370758,0
1.03892612457275,0
3.26091623306274,0
6.20641613006592,0
6.31580495834351,0
2.77706360816956,0
-0.881958603858948,0
-1.51197504997253,0
-0.285637497901917,0
-0.291540026664734,0
-2.11296963691711,0
-3.91264319419861,0
-4.79320096969604,0
-5.86299133300781,0
-8.13870906829834,0
-11.0480194091797,0
-13.2942132949829,0
-14.2345399856567,0
-14.1372413635254,0
-13.5724010467529,0
-12.6303377151489,0
-10.5992317199707,0
-6.79081201553345,0
-1.93255579471588,0
1.92170143127441,0
3.5048623085022,0
3.87248158454895,0
5.08275270462036,0
7.72014856338501,0
10.6127891540527,0
12.776439666748,0
14.5127687454224,0
16.379602432251,0
18.2011985778809,0
19.7611694335938,0
21.5166454315186,0
23.5011749267578,0
24.1122303009033,0
21.5018577575684,0
16.1840190887451,0
10.6613521575928,0
5.9236478805542,0
-0.00799006037414074,0
-8.75990295410156,0
-18.1888370513916,0
-24.2748889923096,0
-25.9504642486572,0
-26.0959434509277,0
-27.6617794036865,0
-30.5377883911133,0
-32.6104164123535,0
-32.3025245666504,0
-29.4043788909912,0
-24.7112770080566,0
-19.6705265045166,0
-15.5625476837158,0
-12.5346851348877,0
-10.1040239334106,0
-8.50375270843506,0
-8.28841304779053,0
-8.69730472564697,0
-8.17292499542236,0
-6.79861831665039,0
-6.27271604537964,0
-6.88281679153442,0
-6.72481870651245,0
-5.01713943481445,0
-3.84227657318115,0
-4.77749013900757,0
-5.87516355514526,0
-4.42928409576416,0
-1.22903168201447,0
0.676885783672333,0
0.468582272529602,0
-0.13214872777462,0
-0.614574611186981,0
-2.59643054008484,0
-6.46790313720703,0
-9.87813091278076,0
-10.7917051315308,0
-10.0483255386353,0
-9.54300022125244,0
-9.44832992553711,0
-8.83653450012207,0
-8.12926864624023,0
-9.29781913757324,0
-13.6004543304443,0
-19.8675327301025,0
-25.0969734191895,0
-26.6651096343994,0
-24.3698978424072,0
-20.4684505462646,0
-17.4084339141846,0
-15.7642488479614,0
-14.9845600128174,0
-15.4855241775513,0
-18.3804759979248,0
-23.0991535186768,0
-27.1544914245605,0
-29.1094665527344,0
-30.2880630493164,0
-32.5059967041016,0
-35.4900436401367,0
-37.9155006408691,0
-39.8111763000488,0
-42.160945892334,0
-44.7828102111816,0
-46.4117851257324,0
-46.6714515686035,0
-46.3826942443848,0
-46.0160636901855,0
-45.3051872253418,0
-44.2844352722168,0
-43.2109909057617,0
-41.6444931030273,0
-39.3920249938965,0
-38.2706565856934,0
-40.6743545532227,0
-45.9465446472168,0
-50.5176467895508,0
-52.4834899902344,0
-53.5805397033691,0
-55.3614654541016,0
-56.2119560241699,0
-54.4241981506348,0
-51.7226219177246,0
-50.6162338256836,0
-50.1290893554688,0
-47.8480834960938,0
-44.9676895141602,0
-44.999813079834,0
-47.6694679260254,0
-48.5486717224121,0
-45.593822479248,0
-41.7865104675293,0
-39.6496772766113,0
-37.2796897888184,0
-32.5253105163574,0
-27.5985164642334,0
-25.9514465332031,0
-26.9755992889404,0
-27.5561714172363,0
-27.2560977935791,0
-28.0458183288574,0
-29.6985950469971,0
-29.3707427978516,0
-25.9127464294434,0
-21.238374710083,0
-16.8214874267578,0
-11.767560005188,0
-5.27040576934814,0
1.5483250617981,0
7.39264249801636,0
12.3613872528076,0
16.7640266418457,0
20.282341003418,0
23.3465213775635,0
27.4076480865479,0
32.4615173339844,0
35.9761085510254,0
35.9014663696289,0
33.4309196472168,0
31.0501041412354,0
28.865026473999,0
24.788703918457,0
17.9349231719971,0
10.0889320373535,0
3.79792284965515,0
0.228637501597404,0
-1.23865628242493,0
-2.56062698364258,0
-6.10324144363403,0
-12.7683353424072,0
-20.6807327270508,0
-26.7168769836426,0
-29.598560333252,0
-30.610408782959,0
-31.2364959716797,0
-31.4065456390381,0
-30.6063747406006,0
-29.4904193878174,0
-29.4223690032959,0
-31.1579551696777,0
-34.7671318054199,0
-40.0052032470703,0
-45.7229347229004,0
-49.7051620483398,0
-50.5250434875488,0
-49.1939010620117,0
-47.5707550048828,0
-45.4535675048828,0
-41.0207061767578,0
-34.2521171569824,0
-27.8252773284912,0
-23.683069229126,0
-20.474681854248,0
-15.8200902938843,0
-9.74706363677979,0
-4.1422905921936,0
0.26529923081398,0
4.38681936264038,0
8.5955753326416,0
11.9317388534546,0
13.5555782318115,0
13.4796447753906,0
11.7855987548828,0
8.57445430755615,0
4.80049705505371,0
1.6857385635376,0
-0.848186016082764,0
-3.72267580032349,0
-6.72736215591431,0
-8.88650131225586,0
-10.9234304428101,0
-14.9206113815308,0
-20.6606292724609,0
-24.7970523834229,0
-25.2424755096436,0
-24.1657028198242,0
-24.6011581420898,0
-26.0946617126465,0
-26.2738571166992,0
-25.0272922515869,0
-23.8723487854004,0
-22.1342525482178,0
-17.4358749389648,0
-10.0957651138306,0
-3.50538945198059,0
0.858742237091064,0
5.6982798576355,0
13.566930770874,0
22.8693199157715,0
30.3198566436768,0
35.515510559082,0
40.6167793273926,0
46.5585136413574,0
52.0840301513672,0
56.3351097106934,0
60.1811981201172,0
64.3647384643555,0
67.7708969116211,0
68.479377746582,0
65.9925384521484,0
61.7795333862305,0
57.7396507263184,0
54.5168113708496,0
51.5216979980469,0
48.5044975280762,0
46.5309753417969,0
46.7383689880371,0
48.314697265625,0
48.7135620117188,0
46.3039169311523,0
42.1027793884277,0
38.3502883911133,0
36.0080108642578,0
34.4300765991211,0
33.0566520690918,0
32.3356056213379,0
32.7120552062988,0
33.4290618896484,0
32.9498596191406,0
30.5433921813965,0
27.1888809204102,0
24.7755966186523,0
24.3400001525879,0
25.0695629119873,0
25.1565990447998,0
23.7278366088867,0
21.7671089172363,0
20.9176616668701,0
21.5953712463379,0
22.8283157348633,0
23.9638957977295,0
25.696159362793,0
28.8564434051514,0
32.9718017578125,0
37.0913238525391,0
41.5226020812988,0
47.2093315124512,0
53.4180488586426,0
57.886905670166,0
59.8889579772949,0
61.3303108215332,0
63.7663841247559,0
66.2915878295898,0
68.128791809082,0
71.3489837646484,0
78.1586990356445,0
86.5156402587891,0
91.6680145263672,0
91.9314651489258,0
89.8629150390625,0
87.5006408691406,0
83.9442672729492,0
78.8605880737305,0
74.9476623535156,0
74.4454345703125,0
75.5674667358398,0
75.1737976074219,0
73.4399642944336,0
73.0754089355469,0
74.8818893432617,0
76.9741744995117,0
78.1248474121094,0
79.0706253051758,0
80.0327682495117,0
79.4378662109375,0
76.3388061523438,0
72.3676605224609,0
69.6851272583008,0
67.9071960449219,0
64.7043914794922,0
59.2688484191895,0
53.6633720397949,0
50.1424217224121,0
48.2244491577148,0
45.6181144714355,0
41.6551933288574,0
38.2917709350586,0
37.2398529052734,0
37.4419822692871,0
36.4741897583008,0
33.5151748657227,0
29.5606994628906,0
25.3842945098877,0
21.0202655792236,0
17.0541877746582,0
14.5144348144531,0
13.0756826400757,0
11.0322551727295,0
7.76441287994385,0
4.79343891143799,0
3.45512986183167,0
2.73046946525574,0
0.55211478471756,0
-3.50710129737854,0
-7.93799161911011,0
-11.1582946777344,0
-12.6615562438965,0
-12.639687538147,0
-11.5104961395264,0
-10.0023727416992,0
-9.11655044555664,0
-9.61283683776855,0
-11.4192638397217,0
-13.4787378311157,0
-14.4259309768677,0
-13.8748836517334,0
-12.9859466552734,0
-13.2945613861084,0
-15.0688104629517,0
-17.4151782989502,0
-19.9224681854248,0
-23.3479499816895,0
-28.3627586364746,0
-34.223518371582,0
-39.0851936340332,0
-41.340389251709,0
-40.5135040283203,0
-37.177375793457,0
-32.1515808105469,0
-25.7154102325439,0
-17.9094486236572,0
-9.84884929656982,0
-3.95864725112915,0
-1.85551798343658,0
-2.3412127494812,0
-2.76351547241211,0
-2.35504746437073,0
-2.84690523147583,0
-5.49677228927612,0
-9.10971260070801,0
-11.9724082946777,0
-14.4204874038696,0
-17.9446754455566,0
-22.4394588470459,0
-26.0859832763672,0
-28.0154209136963,0
-29.571849822998,0
-32.3788642883301,0
-36.2335090637207,0
-39.6066207885742,0
-41.4312133789062,0
-41.6779479980469,0
-40.8586769104004,0
-39.8203010559082,0
-39.4727172851562,0
-39.7140235900879,0
-39.0211410522461,0
-36.268798828125,0
-32.7612838745117,0
-31.1374206542969,0
-32.1490821838379,0
-33.8633460998535,0
-34.3545951843262,0
-33.7252159118652,0
-32.8863143920898,0
-31.9804992675781,0
-31.1540298461914,0
-31.4106960296631,0
-33.0738906860352,0
-34.4811477661133,0
-34.0119552612305,0
-32.5864181518555,0
-32.1338844299316,0
-32.167106628418,0
-30.2697677612305,0
-26.0367107391357,0
-22.1719169616699,0
-21.0608673095703,0
-22.2657451629639,0
-24.1924591064453,0
-26.3032779693604,0
-28.5480937957764,0
-30.2213077545166,0
-30.7009391784668,0
-30.1967601776123,0
-28.8304119110107,0
-26.2849864959717,0
-23.3047351837158,0
-21.9428119659424,0
-22.9551067352295,0
-24.433708190918,0
-24.6342124938965,0
-24.6850070953369,0
-26.4108295440674,0
-28.668643951416,0
-28.4774169921875,0
-25.4246845245361,0
-22.4114284515381,0
-21.7005844116211,0
-22.2705879211426,0
-21.616096496582,0
-18.5078353881836,0
-13.4246826171875,0
-7.72152185440063,0
-3.01749682426453,0
-0.282438963651657,0
0.996321618556976,0
1.91411900520325,0
2.36234307289124,0
1.21603107452393,0
-1.75159168243408,0
-5.49931049346924,0
-9.31038284301758,0
-13.2578182220459,0
-16.9878215789795,0
-19.8487548828125,0
-22.6643581390381,0
-27.4265880584717,0
-34.3154945373535,0
-40.8251800537109,0
-45.0787544250488,0
-48.3942489624023,0
-53.0365333557129,0
-58.7739868164062,0
-63.469856262207,0
-66.2213745117188,0
-68.1287384033203,0
-70.4133377075195,0
-73.3217086791992,0
-76.5942535400391,0
-79.6941986083984,0
-81.8785171508789,0
-83.2289505004883,0
-85.1592254638672,0
-88.6327133178711,0
-92.4129180908203,0
-94.5421752929688,0
-95.0118789672852,0
-95.1850891113281,0
-94.9394836425781,0
-92.5695266723633,0
-87.7709121704102,0
-82.6391143798828,0
-79.044075012207,0
-76.81591796875,0
-75.2596054077148,0
-74.6040878295898,0
-74.8501205444336,0
-74.8323364257812,0
-73.7459411621094,0
-72.2352676391602,0
-70.7179718017578,0
-68.1507110595703,0
-64.0566329956055,0
-60.2762603759766,0
-58.5418319702148,0
-57.3581848144531,0
-53.754467010498,0
-47.6115951538086,0
-41.6452522277832,0
-37.0802879333496,0
-32.0733985900879,0
-25.2486057281494,0
-18.3494052886963,0
-13.7644557952881,0
-11.0362319946289,0
-7.6834831237793,0
-2.72200894355774,0
2.30927753448486,0
5.71929836273193,0
7.81659984588623,0
10.3409395217896,0
14.2776079177856,0
18.5849647521973,0
21.195629119873,0
21.3221416473389,0
20.3902130126953,0
20.2260398864746,0
20.8107719421387,0
20.8091526031494,0
19.9989490509033,0
19.672981262207,0
20.328182220459,0
20.5150566101074,0
18.9603843688965,0
16.7093372344971,0
15.8538999557495,0
16.6586227416992,0
17.1767311096191,0
15.6411428451538,0
12.273232460022,0
8.55552959442139,0
5.44618606567383,0
2.78882551193237,0
0.256561666727066,0
-1.67213141918182,0
-2.13485050201416,0
-1.22488069534302,0
-0.232679486274719,0
-0.138631582260132,0
-0.520452260971069,0
-0.646500706672668,0
-0.895761132240295,0
-1.90133559703827,0
-2.86130547523499,0
-2.32254648208618,0
-0.4737748503685,0
1.09977614879608,0
2.02088832855225,0
3.48884725570679,0
5.60398960113525,0
6.54527711868286,0
5.53023195266724,0
4.58012294769287,0
5.74587821960449,0
8.19965267181396,0
9.83154487609863,0
10.3025646209717,0
10.5059299468994,0
10.1126098632812,0
7.80516862869263,0
3.24504494667053,0
-3.10139203071594,0
-11.2102069854736,0
-20.3504447937012,0
-27.4887275695801,0
-29.5878505706787,0
-27.401683807373,0
-24.4165344238281,0
-21.9538097381592,0
-18.101261138916,0
-12.0261945724487,0
-6.39198923110962,0
-4.05415201187134,0
-4.67672157287598,0
-6.32974529266357,0
-8.57286643981934,0
-12.0020246505737,0
-15.9842529296875,0
-18.7662715911865,0
-19.3278369903564,0
-17.978328704834,0
-15.8461885452271,0
-14.7430830001831,0
-16.5698165893555,0
-21.7032222747803,0
-28.6974143981934,0
-36.3849067687988,0
-45.1596412658691,0
-55.189868927002,0
-64.7176513671875,0
-71.6874771118164,0
-76.1787261962891,0
-79.7964248657227,0
-83.4838256835938,0
-87.3388366699219,0
-91.6532135009766,0
-96.4083480834961,0
-100.338157653809,0
-102.11727142334,0
-102.033966064453,0
-101.146217346191,0
-99.5961456298828,0
-97.3793182373047,0
-95.7956619262695,0
-95.9132232666016,0
-96.1646957397461,0
-93.9176559448242,0
-89.3249053955078,0
-85.2385025024414,0
-83.1760330200195,0
-81.7549438476562,0
-79.4805297851562,0
-76.6384658813477,0
-73.6862564086914,0
-70.0746231079102,0
-65.7055816650391,0
-61.5556335449219,0
-57.8119697570801,0
-53.330623626709,0
-48.0200843811035,0
-43.733097076416,0
-41.4676628112793,0
-39.6689567565918,0
-36.8515815734863,0
-33.9004898071289,0
-31.811206817627,0
-28.9919490814209,0
-23.3144912719727,0
-15.664324760437,0
-8.94638347625732,0
-4.27452850341797,0
-0.474882572889328,0
3.15876388549805,0
5.97264814376831,0
7.62852716445923,0
8.54038429260254,0
8.71484184265137,0
8.12660026550293,0
8.0709114074707,0
9.94556617736816,0
12.6432685852051,0
13.480749130249,0
12.0695447921753,0
10.8916454315186,0
11.3996715545654,0
12.0818700790405,0
11.580527305603,0
11.1682710647583,0
12.0944757461548,0
12.539249420166,0
9.98433971405029,0
5.60728788375854,0
3.46421122550964,0
5.29482412338257,0
8.51411247253418,0
9.90989398956299,0
9.44913768768311,0
9.52441024780273,0
11.7335910797119,0
15.3485298156738,0
18.1830673217773,0
18.301362991333,0
15.5058326721191,0
11.6564655303955,0
9.01565647125244,0
8.06299495697021,0
7.5925555229187,0
6.87423133850098,0
6.41526699066162,0
6.33186340332031,0
5.75100231170654,0
4.85927772521973,0
5.74089336395264,0
9.25239658355713,0
12.3469676971436,0
11.0574045181274,0
5.704909324646,0
0.49615278840065,0
-2.18809747695923,0
-4.21147871017456,0
-7.40267086029053,0
-9.738205909729,0
-8.05853080749512,0
-2.79418134689331,0
2.54535222053528,0
5.61624717712402,0
6.56033945083618,0
5.76791286468506,0
3.13239002227783,0
-0.164738401770592,0
-1.63481998443604,0
-0.316572993993759,0
2.0602114200592,0
3.74036598205566,0
5.26753520965576,0
7.95990133285522,0
11.4063167572021,0
14.154727935791,0
16.2093887329102,0
18.9615535736084,0
22.3711166381836,0
23.7577648162842,0
20.6145000457764,0
14.2410135269165,0
9.27618980407715,0
8.89877700805664,0
11.2318811416626,0
11.8027257919312,0
9.29458141326904,0
6.83536577224731,0
6.8834924697876,0
7.34470129013062,0
5.0718846321106,0
1.22441625595093,0
-0.578486561775208,0
-0.758991062641144,0
-3.93931412696838,0
-11.5292921066284,0
-18.4962978363037,0
-20.2039527893066,0
-18.9812450408936,0
-20.1358337402344,0
-23.8649234771729,0
-25.6879043579102,0
-23.9293651580811,0
-21.996524810791,0
-22.6659660339355,0
-24.3896446228027,0
-25.025899887085,0
-25.8482208251953,0
-29.3088932037354,0
-35.0044326782227,0
-40.4746551513672,0
-44.7522163391113,0
-48.7746772766113,0
-53.0390663146973,0
-57.0867309570312,0
-61.0903625488281,0
-65.9407958984375,0
-71.4695053100586,0
-76.1062698364258,0
-78.7257461547852,0
-79.6459732055664,0
-79.4127502441406,0
-77.8269958496094,0
-74.9270477294922,0
-71.9406356811523,0
-70.1383361816406,0
-69.1907043457031,0
-67.8119201660156,0
-66.0086669921875,0
-65.5400543212891,0
-67.632438659668,0
-71.101188659668,0
-73.637809753418,0
-74.5630722045898,0
-75.3274688720703,0
-77.3165130615234,0
-80.0758209228516,0
-81.8727264404297,0
-81.1350631713867,0
-77.1206741333008,0
-70.3378677368164,0
-63.0333786010742,0
-58.1693305969238,0
-56.6726303100586,0
-56.3096809387207,0
-54.4754791259766,0
-51.4550094604492,0
-49.4158897399902,0
-48.7401733398438,0
-47.5186538696289,0
-44.8858070373535,0
-42.6400947570801,0
-42.6984672546387,0
-44.9541549682617,0
-48.8984680175781,0
-55.3328475952148,0
-64.4188919067383,0
-73.4441070556641,0
-78.9724273681641,0
-80.6344985961914,0
-80.6977920532227,0
-80.5149917602539,0
-79.8613967895508,0
-79.503044128418,0
-81.4169158935547,0
-85.5252685546875,0
-88.5349655151367,0
-87.4367599487305,0
-82.7841949462891,0
-77.6024856567383,0
-74.3872680664062,0
-73.8317489624023,0
-74.911262512207,0
-75.3879318237305,0
-73.8078994750977,0
-71.7889251708984,0
-72.5254669189453,0
-76.1413116455078,0
-78.7670364379883,0
-77.6744384765625,0
-74.8954391479492,0
-73.5038146972656,0
-72.6206741333008,0
-69.4142608642578,0
-64.6521377563477,0
-62.4159126281738,0
-64.4600296020508,0
-68.4596481323242,0
-72.4788055419922,0
-77.7793655395508,0
-85.6751708984375,0
-94.3855056762695,0
-101.217643737793,0
-106.05689239502,0
-110.419067382812,0
-114.247581481934,0
-116.087066650391,0
-115.989051818848,0
-115.82356262207,0
-116.261337280273,0
-115.441291809082,0
-111.76685333252,0
-106.702743530273,0
-103.261390686035,0
-102.240211486816,0
-101.508171081543,0
-99.0917892456055,0
-95.439567565918,0
-91.9269866943359,0
-88.5143356323242,0
-84.4306259155273,0
-80.5516738891602,0
-79.2144012451172,0
-81.3143692016602,0
-85.0311431884766,0
-88.1036682128906,0
-90.1763076782227,0
-91.9998626708984,0
-93.3854522705078,0
-93.2989883422852,0
-91.4713973999023,0
-88.5736541748047,0
-84.9308624267578,0
-80.3117446899414,0
-75.1190185546875,0
-70.590446472168,0
-67.3189392089844,0
-64.4430923461914,0
-60.8940238952637,0
-56.8297691345215,0
-53.3049774169922,0
-51.053653717041,0
-50.0897560119629,0
-49.9064788818359,0
-49.391773223877,0
-47.0615653991699,0
-42.2518157958984,0
-35.8772506713867,0
-29.335075378418,0
-23.0244560241699,0
-16.8332004547119,0
-11.6748056411743,0
-9.08729839324951,0
-8.99719047546387,0
-9.15598106384277,0
-7.57875871658325,0
-4.77917051315308,0
-2.88841676712036,0
-3.23578310012817,0
-5.66201543807983,0
-9.78139209747314,0
-15.7963304519653,0
-23.7035617828369,0
-32.2150459289551,0
-39.0887565612793,0
-42.8744049072266,0
-44.2930374145508,0
-45.4778099060059,0
-47.6972122192383,0
-50.397632598877,0
-52.7532844543457,0
-55.0032272338867,0
-57.0562896728516,0
-56.7672843933105,0
-51.7679138183594,0
-43.0810775756836,0
-34.822868347168,0
-29.6070823669434,0
-26.0349349975586,0
-21.6589870452881,0
-16.5701313018799,0
-12.4998540878296,0
-9.8767786026001,0
-7.83753442764282,0
-6.35064840316772,0
-6.17517852783203,0
-6.85013914108276,0
-6.66446208953857,0
-4.96425628662109,0
-2.93354678153992,0
-1.58741796016693,0
-0.401308536529541,0
1.24938666820526,0
2.41092133522034,0
1.47784686088562,0
-1.66996002197266,0
-5.44255352020264,0
-8.31721210479736,0
-10.0462322235107,0
-11.0468702316284,0
-11.3328161239624,0
-10.5101385116577,0
-8.55695343017578,0
-6.10337686538696,0
-3.69188284873962,0
-0.812792420387268,0
4.04053735733032,0
11.9739065170288,0
22.22292137146,0
32.3805999755859,0
40.3805809020996,0
46.0510330200195,0
50.3775444030762,0
53.5675811767578,0
54.6587181091309,0
53.2061653137207,0
50.5543060302734,0
48.7746086120605,0
48.6444435119629,0
49.2240867614746,0
49.2772636413574,0
48.592700958252,0
47.842041015625,0
47.4277076721191,0
46.6501350402832,0
44.243522644043,0
40.0765151977539,0
36.0529327392578,0
34.3745727539062,0
34.6854362487793,0
34.066967010498,0
30.5593719482422,0
25.541353225708,0
21.489839553833,0
18.5956783294678,0
15.5745000839233,0
13.1416387557983,0
13.8996028900146,0
18.0630664825439,0
21.7711582183838,0
21.4878005981445,0
18.6732730865479,0
18.0685691833496,0
22.0321063995361,0
28.6355876922607,0
35.2745780944824,0
41.9413146972656,0
49.895694732666,0
58.6201591491699,0
65.786750793457,0
69.8717422485352,0
71.3819274902344,0
71.341667175293,0
69.8417663574219,0
66.7954177856445,0
63.190975189209,0
60.3799667358398,0
58.3549194335938,0
55.8819847106934,0
52.4835968017578,0
49.1944541931152,0
46.8958206176758,0
44.9649124145508,0
42.4727249145508,0
39.9544448852539,0
38.8144226074219,0
39.3022270202637,0
40.2567329406738,0
40.8560104370117,0
41.5273513793945,0
42.8424034118652,0
44.3988838195801,0
45.2495231628418,0
44.8884162902832,0
43.5360145568848,0
41.9711608886719,0
41.2616500854492,0
42.0411682128906,0
43.7986831665039,0
45.4670791625977,0
46.8894309997559,0
48.8935241699219,0
51.5132217407227,0
53.0475616455078,0
51.7592620849609,0
48.0174560546875,0
43.8666381835938,0
40.666633605957,0
37.9020881652832,0
34.2160987854004,0
28.915246963501,0
22.4411315917969,0
16.0025215148926,0
10.9103908538818,0
7.79428958892822,0
6.20483636856079,0
5.15899658203125,0
4.15357637405396,0
3.59603261947632,0
4.44946622848511,0
7.61663007736206,0
13.246693611145,0
20.1291675567627,0
26.0455551147461,0
29.4147090911865,0
30.6193656921387,0
31.2130031585693,0
31.9012928009033,0
31.9295330047607,0
30.4361133575439,0
27.621524810791,0
24.3268699645996,0
21.147518157959,0
18.3503379821777,0
16.0721530914307,0
14.1047391891479,0
11.9356203079224,0
9.49243831634521,0
7.42558336257935,0
6.10729694366455,0
4.77098608016968,0
2.38461470603943,0
-0.853138148784637,0
-3.72500038146973,0
-5.71093702316284,0
-7.63639259338379,0
-10.2772216796875,0
-13.0024900436401,0
-14.4137363433838,0
-14.088604927063,0
-13.2209854125977,0
-13.5654754638672,0
-15.9718933105469,0
-19.8507404327393,0
-23.8181095123291,0
-26.7845268249512,0
-28.4125118255615,0
-28.595401763916,0
-26.9705505371094,0
-23.5201416015625,0
-19.403112411499,0
-16.2231369018555,0
-14.232647895813,0
-12.2472524642944,0
-9.90984058380127,0
-8.98948097229004,0
-11.2706050872803,0
-15.7575359344482,0
-19.3301181793213,0
-20.0406932830811,0
-18.6028594970703,0
-16.7241058349609,0
-15.2241506576538,0
-13.8574018478394,0
-11.7019147872925,0
-7.54068326950073,0
-1.19343590736389,0
5.24824571609497,0
8.92656707763672,0
9.34439563751221,0
8.51334571838379,0
7.68309259414673,0
5.99926614761353,0
3.32640385627747,0
2.06728434562683,0
4.25569343566895,0
8.48480892181396,0
11.7350645065308,0
12.8901309967041,0
12.4989643096924,0
10.692232131958,0
7.89655256271362,0
6.19234037399292,0
6.87507390975952,0
7.68248605728149,0
5.87895727157593,0
3.35635375976562,0
4.53298950195312,0
9.07361888885498,0
11.2743654251099,0
8.09071922302246,0
3.52034616470337,0
2.58214950561523,0
4.5240159034729,0
5.10397672653198,0
2.81860566139221,0
-0.633305549621582,0
-4.14214944839478,0
-7.81625080108643,0
-10.8418712615967,0
-11.9840021133423,0
-11.8134727478027,0
-11.7642831802368,0
-11.3391666412354,0
-8.68758010864258,0
-3.6587393283844,0
1.93869757652283,0
6.72189378738403,0
10.2561283111572,0
11.9183015823364,0
11.8501100540161,0
12.5303955078125,0
16.3648815155029,0
21.6646633148193,0
24.1132221221924,0
22.7260513305664,0
21.2277908325195,0
22.5498142242432,0
25.1702899932861,0
26.616584777832,0
27.5610218048096,0
29.80051612854,0
32.4386863708496,0
33.2829132080078,0
32.8090019226074,0
33.523120880127,0
35.8360900878906,0
37.7399597167969,0
38.8734130859375,0
41.7629852294922,0
47.6234664916992,0
53.3831634521484,0
55.0758056640625,0
52.8403091430664,0
50.3106269836426,0
49.7050094604492,0
49.8669357299805,0
49.2232780456543,0
48.2092094421387,0
47.5981903076172,0
46.3346977233887,0
42.9425163269043,0
38.0961990356445,0
33.7883071899414,0
30.422908782959,0
26.9170570373535,0
23.7055988311768,0
23.1076526641846,0
25.6035385131836,0
27.8415412902832,0
26.154182434082,0
20.7658920288086,0
14.7755641937256,0
10.1863718032837,0
7.15282344818115,0
6.30315589904785,0
8.87551593780518,0
14.0943241119385,0
18.8866214752197,0
21.4018802642822,0
23.1468906402588,0
26.4932880401611,0
31.5775737762451,0
37.0487480163574,0
42.5772247314453,0
48.7913703918457,0
55.3916282653809,0
61.1924133300781,0
65.9164123535156,0
70.2140884399414,0
73.628288269043,0
74.2608489990234,0
71.4438095092773,0
67.5187301635742,0
65.4823837280273,0
65.2486572265625,0
63.6758880615234,0
58.5485153198242,0
51.2969627380371,0
44.9505004882812,0
40.2314720153809,0
34.9777641296387,0
27.2960376739502,0
17.9091815948486,0
8.85958576202393,0
1.07210886478424,0
-5.71430492401123,0
-11.3255138397217,0
-14.8623571395874,0
-15.9386367797852,0
-15.032114982605,0
-12.5389184951782,0
-8.67306041717529,0
-4.56214952468872,0
-2.0994725227356,0
-1.89069271087646,0
-2.30046677589417,0
-1.48922872543335,0
0.251822054386139,0
1.07990002632141,0
-0.097226694226265,0
-2.90488123893738,0
-6.6184606552124,0
-10.8359498977661,0
-15.1634340286255,0
-19.239860534668,0
-23.0537662506104,0
-26.3712577819824,0
-28.0199241638184,0
-26.885684967041,0
-23.7371311187744,0
-20.9185752868652,0
-19.8808555603027,0
-20.0202789306641,0
-20.3016872406006,0
-20.7877101898193,0
-21.7409954071045,0
-22.2828235626221,0
-21.2333984375,0
-18.8567008972168,0
-16.6309185028076,0
-15.4079895019531,0
-14.7520771026611,0
-14.1104345321655,0
-13.7563848495483,0
-14.305645942688,0
-15.8509197235107,0
-17.7944087982178,0
-19.1957588195801,0
-19.2580375671387,0
-17.8477573394775,0
-15.5456399917603,0
-12.8782367706299,0
-9.67550849914551,0
-5.67824935913086,0
-1.62370634078979,0
0.95223194360733,0
1.1023097038269,0
-0.818530857563019,0
-3.80101013183594,0
-6.97546911239624,0
-9.79778003692627,0
-12.1695184707642,0
-14.5091896057129,0
-17.0487422943115,0
-18.9973373413086,0
-19.2443580627441,0
-18.0407123565674,0
-16.8779563903809,0
-16.1729030609131,0
-14.2109289169312,0
-9.39905261993408,0
-2.7951180934906,0
2.73799967765808,0
5.42609739303589,0
5.58849287033081,0
4.2520751953125,0
2.11941003799438,0
-0.131336823105812,0
-1.81377840042114,0
-2.91070771217346,0
-4.04193305969238,0
-5.55813598632812,0
-7.26154041290283,0
-8.9757251739502,0
-10.659330368042,0
-12.0289764404297,0
-12.8727712631226,0
-13.6386003494263,0
-14.8539381027222,0
-16.185733795166,0
-17.1711196899414,0
-18.6102600097656,0
-21.703052520752,0
-25.7837047576904,0
-28.7276077270508,0
-30.0368251800537,0
-31.5491027832031,0
-34.1919593811035,0
-36.1381187438965,0
-35.7998809814453,0
-34.7863540649414,0
-35.584831237793,0
-37.596866607666,0
-38.1831398010254,0
-36.9776916503906,0
-36.1659469604492,0
-36.4038887023926,0
-35.6181411743164,0
-32.8846282958984,0
-30.5692462921143,0
-30.6806316375732,0
-31.429027557373,0
-29.9883480072021,0
-27.0830135345459,0
-25.7941112518311,0
-26.504020690918,0
-26.2520732879639,0
-23.4231338500977,0
-20.0697917938232,0
-18.4216251373291,0
-17.6188583374023,0
-15.6756238937378,0
-12.750563621521,0
-10.3122491836548,0
-8.31890964508057,0
-5.51590871810913,0
-1.93038690090179,0
1.05618274211884,0
2.93564653396606,0
4.50229549407959,0
6.06847715377808,0
6.98151683807373,0
7.05742502212524,0
6.91474533081055,0
6.70645999908447,0
6.037513256073,0
5.29942274093628,0
5.49340200424194,0
6.50683975219727,0
7.25484180450439,0
7.84574413299561,0
9.73610591888428,0
13.1446542739868,0
16.2074165344238,0
17.5369033813477,0
17.7384853363037,0
17.3448791503906,0
15.224250793457,0
10.5759449005127,0
4.82877206802368,0
-0.212635725736618,0
-4.74074506759644,0
-9.65154933929443,0
-14.1443643569946,0
-16.7167739868164,0
-17.7375755310059,0
-18.9665832519531,0
-21.0064105987549,0
-23.0963954925537,0
-24.9508361816406,0
-26.8058452606201,0
-27.8700428009033,0
-26.7517490386963,0
-23.5690460205078,0
-19.8766250610352,0
-16.2811412811279,0
-11.8122529983521,0
-6.01929759979248,0
-0.0630420967936516,0
4.88857889175415,0
8.9227123260498,0
12.249303817749,0
14.0347967147827,0
13.4739446640015,0
11.3793210983276,0
9.68421649932861,0
9.51513767242432,0
10.4031410217285,0
11.3668909072876,0
12.2237844467163,0
13.5126218795776,0
15.3207426071167,0
16.7807769775391,0
17.1429481506348,0
16.878002166748,0
16.8513240814209,0
16.6339130401611,0
14.894154548645,0
11.6761236190796,0
8.88631725311279,0
7.87461948394775,0
7.84875059127808,0
7.52118730545044,0
6.9181866645813,0
6.38065338134766,0
5.21671390533447,0
3.02648425102234,0
1.17843091487885,0
0.942864537239075,0
1.0511120557785,0
-0.499723762273788,0
-2.65069079399109,0
-2.03348660469055,0
2.05436849594116,0
6.00815057754517,0
6.50664138793945,0
4.80449628829956,0
4.73668956756592,0
7.590491771698,0
10.7815322875977,0
11.3517541885376,0
9.3070821762085,0
7.07526826858521,0
6.37964677810669,0
6.23637056350708,0
4.11273908615112,0
-1.16257739067078,0
-8.1181001663208,0
-14.5165548324585,0
-19.9195613861084,0
-25.5474605560303,0
-31.8637313842773,0
-37.5031661987305,0
-41.0140724182129,0
-42.7715492248535,0
-44.4494819641113,0
-47.0411415100098,0
-50.0219993591309,0
-52.1979904174805,0
-52.7887535095215,0
-51.7997970581055,0
-49.9533767700195,0
-48.4209327697754,0
-48.1778907775879,0
-49.2810974121094,0
-50.9102783203125,0
-52.2397766113281,0
-52.9784507751465,0
-52.8516654968262,0
-51.0936431884766,0
-47.2191009521484,0
-42.1178817749023,0
-37.4181861877441,0
-33.5506019592285,0
-29.3707637786865,0
-24.12864112854,0
-18.8578605651855,0
-15.0878190994263,0
-12.9907608032227,0
-11.6630144119263,0
-10.492262840271,0
-9.20587921142578,0
-7.15103149414062,0
-3.64796757698059,0
1.29484009742737,0
7.46199083328247,0
14.9588308334351,0
23.2238941192627,0
30.3691291809082,0
35.0166931152344,0
38.2709732055664,0
42.3618354797363,0
47.8100090026855,0
53.4762382507324,0
58.760929107666,0
63.7527351379395,0
67.6273574829102,0
69.2805099487305,0
69.6446914672852,0
70.9883422851562,0
73.3802795410156,0
74.0460052490234,0
71.0188369750977,0
65.4539413452148,0
59.4496536254883,0
53.4883270263672,0
47.142578125,0
40.6417694091797,0
34.4807357788086,0
28.6973972320557,0
23.4343204498291,0
18.9456539154053,0
14.3753299713135,0
8.14842319488525,0
0.491057902574539,0
-6.11071586608887,0
-10.0931720733643,0
-12.8242597579956,0
-16.1440391540527,0
-19.5549507141113,0
-21.5399532318115,0
-22.315881729126,0
-23.368745803833,0
-25.1524677276611,0
-27.0293235778809,0
-28.7945613861084,0
-30.5584373474121,0
-31.6894283294678,0
-31.5757503509521,0
-31.0461654663086,0
-31.3779277801514,0
-32.1200065612793,0
-31.5377006530762,0
-29.2307643890381,0
-26.7907829284668,0
-25.6247959136963,0
-25.4263210296631,0
-25.1266422271729,0
-24.184024810791,0
-22.422290802002,0
-19.5270748138428,0
-15.408763885498,0
-10.7219123840332,0
-6.74096202850342,0
-4.95654296875,0
-6.57008743286133,0
-11.5263481140137,0
-17.7685260772705,0
-22.2205543518066,0
-23.258113861084,0
-22.1632766723633,0
-21.7734889984131,0
-23.5972957611084,0
-26.3323669433594,0
-27.2423915863037,0
-24.9771957397461,0
-20.9935569763184,0
-18.1768054962158,0
-18.2149791717529,0
-20.452709197998,0
-22.9615650177002,0
-24.1509704589844,0
-23.4569473266602,0
-21.3092842102051,0
-18.8146667480469,0
-16.9462184906006,0
-15.6935558319092,0
-14.4191589355469,0
-13.1471824645996,0
-12.6847372055054,0
-13.0867176055908,0
-12.9906539916992,0
-11.3333797454834,0
-8.93965530395508,0
-7.30210399627686,0
-6.41290426254272,0
-5.21094131469727,0
-3.82633566856384,0
-3.62184286117554,0
-4.74026775360107,0
-5.3753457069397,0
-4.38243055343628,0
-3.15534520149231,0
-3.55690574645996,0
-5.06318807601929,0
-5.74897956848145,0
-5.66768980026245,0
-7.23908519744873,0
-11.7986907958984,0
-17.3589553833008,0
-20.8209381103516,0
-21.4425201416016,0
-21.0466709136963,0
-21.4745540618896,0
-23.083869934082,0
-25.4503135681152,0
-28.0505294799805,0
-29.8107147216797,0
-29.2190895080566,0
-25.9594402313232,0
-21.9176731109619,0
-19.4828701019287,0
-18.9045848846436,0
-18.2877750396729,0
-16.347146987915,0
-14.096700668335,0
-13.1963386535645,0
-13.5958986282349,0
-13.9924507141113,0
-14.1003065109253,0
-14.9294595718384,0
-16.6574954986572,0
-17.7631607055664,0
-17.1099185943604,0
-15.7851095199585,0
-15.7822160720825,0
-17.6250247955322,0
-20.5010986328125,0
-24.1855068206787,0
-29.3678131103516,0
-36.1162948608398,0
-43.2982711791992,0
-49.7077178955078,0
-54.7412605285645,0
-57.9094924926758,0
-58.8897018432617,0
-58.2959632873535,0
-57.1557731628418,0
-55.2558898925781,0
-51.3311576843262,0
-45.4706153869629,0
-39.9283638000488,0
-36.5968246459961,0
-34.8953170776367,0
-33.231761932373,0
-31.3147239685059,0
-29.6610126495361,0
-28.0536499023438,0
-26.3733711242676,0
-26.0888214111328,0
-28.6635341644287,0
-32.8022193908691,0
-35.6669616699219,0
-37.0255012512207,0
-39.728271484375,0
-45.2779808044434,0
-51.4073295593262,0
-55.7183418273926,0
-59.7235641479492,0
-66.8625793457031,0
-77.5244216918945,0
-88.5519409179688,0
-97.4740905761719,0
-104.840156555176,0
-111.88094329834,0
-118.018714904785,0
-121.960441589355,0
-123.866714477539,0
-124.97087097168,0
-125.778297424316,0
-125.962776184082,0
-125.610252380371,0
-125.216819763184,0
-124.448837280273,0
-122.025680541992,0
-117.103370666504,0
-110.057487487793,0
-101.876670837402,0
-93.6645812988281,0
-86.8004989624023,0
-82.4065093994141,0
-80.0736846923828,0
-78.0204391479492,0
-75.1974945068359,0
-72.4678421020508,0
-70.9833297729492,0
-70.2125778198242,0
-68.6026992797852,0
-65.6509475708008,0
-62.278377532959,0
-59.558765411377,0
-58.0926742553711,0
-58.1908149719238,0
-59.469165802002,0
-60.5851745605469,0
-60.6989097595215,0
-60.9686965942383,0
-63.1080474853516,0
-66.5551910400391,0
-68.8142929077148,0
-68.8341674804688,0
-68.2035903930664,0
-68.457405090332,0
-69.1741027832031,0
-69.7516403198242,0
-71.0958099365234,0
-73.9222183227539,0
-76.9654769897461,0
-78.8376388549805,0
-80.4871826171875,0
-83.5894393920898,0
-87.1506195068359,0
-88.0080642700195,0
-84.6807708740234,0
-78.8617630004883,0
-73.0993957519531,0
-68.8240509033203,0
-66.7552490234375,0
-67.254753112793,0
-69.5599670410156,0
-72.0288238525391,0
-73.6810760498047,0
-74.4632110595703,0
-74.0445098876953,0
-71.9415664672852,0
-68.9604568481445,0
-66.6321563720703,0
-64.7348327636719,0
-61.2972679138184,0
-55.8088150024414,0
-50.4662933349609,0
-47.1607246398926,0
-45.1011085510254,0
-42.7260093688965,0
-40.0761833190918,0
-37.5627250671387,0
-34.1184844970703,0
-28.7194747924805,0
-22.4584045410156,0
-16.8972015380859,0
-11.4692153930664,0
-4.97514629364014,0
1.17787861824036,0
4.04330778121948,0
3.24878668785095,0
1.33794391155243,0
-0.198365092277527,0
-2.5576593875885,0
-6.63191699981689,0
-10.9386377334595,0
-13.8097457885742,0
-15.65221118927,0
-17.6238803863525,0
-19.6338939666748,0
-21.0416393280029,0
-22.0278358459473,0
-22.9439258575439,0
-23.4524517059326,0
-23.5292625427246,0
-24.096097946167,0
-25.3490695953369,0
-25.7691535949707,0
-24.3680477142334,0
-22.5696506500244,0
-21.8176345825195,0
-20.5345935821533,0
-16.2458915710449,0
-10.2642965316772,0
-7.10776472091675,0
-8.66397094726562,0
-11.8092813491821,0
-13.0953016281128,0
-13.170934677124,0
-14.5338201522827,0
-17.060417175293,0
-18.5970764160156,0
-18.8512706756592,0
-19.6772727966309,0
-21.7044773101807,0
-23.5401172637939,0
-24.7411365509033,0
-26.786262512207,0
-29.917121887207,0
-31.5213241577148,0
-29.6006488800049,0
-25.9880027770996,0
-23.7956352233887,0
-22.9871578216553,0
-21.1393280029297,0
-17.8280086517334,0
-15.2088203430176,0
-14.1573791503906,0
-12.9292984008789,0
-10.5891361236572,0
-8.88271617889404,0
-8.99230861663818,0
-8.88587093353271,0
-6.25518226623535,0
-2.34282946586609,0
-0.226418346166611,0
-0.41130205988884,0
-0.754316508769989,0
-0.0295676197856665,0
1.1605658531189,0
2.70078587532043,0
5.39287948608398,0
8.91770935058594,0
12.0082836151123,0
15.0638694763184,0
19.9592323303223,0
26.524995803833,0
31.8368625640869,0
34.1233100891113,0
34.9135131835938,0
35.941032409668,0
36.4107894897461,0
35.219409942627,0
33.6128959655762,0
33.2359809875488,0
33.3090667724609,0
32.3772850036621,0
31.5088577270508,0
32.8349914550781,0
35.643669128418,0
36.9127388000488,0
35.7155151367188,0
34.464786529541,0
35.4649963378906,0
38.6168403625488,0
43.0563621520996,0
48.664379119873,0
54.8282432556152,0
59.6521644592285,0
61.899471282959,0
62.5216484069824,0
63.0104827880859,0
63.2132415771484,0
61.9462242126465,0
58.916862487793,0
54.8307800292969,0
50.2782859802246,0
45.7843284606934,0
42.491382598877,0
41.424690246582,0
42.1170883178711,0
43.0267448425293,0
43.2885437011719,0
43.0197525024414,0
41.9037857055664,0
38.7775421142578,0
33.2561874389648,0
26.9698829650879,0
22.4311256408691,0
20.8468017578125,0
21.2340869903564,0
21.3841152191162,0
19.7462940216064,0
16.9372615814209,0
15.3458795547485,0
16.5265445709229,0
19.1115016937256,0
20.3603801727295,0
19.7145690917969,0
19.2815074920654,0
20.4367504119873,0
21.7967052459717,0
21.5944938659668,0
20.2623653411865,0
18.9839286804199,0
17.1766319274902,0
13.6135807037354,0
9.16417407989502,0
6.12772989273071,0
5.26438140869141,0
5.64215040206909,0
7.07218313217163,0
10.2679328918457,0
14.5086555480957,0
17.5826187133789,0
18.5689506530762,0
18.5559940338135,0
18.1903076171875,0
16.9165191650391,0
15.3833694458008,0
15.9530467987061,0
19.3294124603271,0
22.9343814849854,0
24.4357852935791,0
24.9432315826416,0
26.7190628051758,0
29.5737152099609,0
32.0162773132324,0
34.537841796875,0
38.810375213623,0
44.3095779418945,0
48.7280387878418,0
51.7619132995605,0
55.6767349243164,0
61.5201835632324,0
67.265495300293,0
70.7312240600586,0
72.2270889282227,0
73.0237121582031,0
73.0410614013672,0
71.7036972045898,0
69.7259521484375,0
68.1635284423828,0
66.3783950805664,0
62.6353569030762,0
56.492504119873,0
49.359806060791,0
42.9383850097656,0
38.135814666748,0
35.0554466247559,0
32.841064453125,0
29.9492015838623,0
25.8982849121094,0
22.3228130340576,0
20.7442588806152,0
19.7378635406494,0
16.4324417114258,0
10.8811283111572,0
6.4778790473938,0
5.23681259155273,0
5.14383268356323,0
3.7418966293335,0
2.02158427238464,0
2.3172824382782,0
4.02230548858643,0
4.46018218994141,0
3.27135539054871,0
2.67268562316895,0
3.19302439689636,0
2.38563752174377,0
-1.0788094997406,0
-4.84240245819092,0
-6.30223608016968,0
-6.59264612197876,0
-8.87204837799072,0
-13.9489974975586,0
-19.9667625427246,0
-25.7070636749268,0
-31.8076019287109,0
-38.8098678588867,0
-46.2245941162109,0
-53.8933601379395,0
-62.3073043823242,0
-70.9141693115234,0
-77.9296188354492,0
-82.9322662353516,0
-88.2393112182617,0
-96.3373260498047,0
-106.735565185547,0
-116.459327697754,0
-123.019218444824,0
-126.027931213379,0
-126.760986328125,0
-127.316795349121,0
-129.55891418457,0
-133.562652587891,0
-137.391754150391,0
-139.413146972656,0
-140.344329833984,0
-141.943542480469,0
-144.382583618164,0
-146.39973449707,0
-147.485977172852,0
-148.124114990234,0
-148.214981079102,0
-147.388687133789,0
-146.884399414062,0
-148.6923828125,0
-152.210784912109,0
-154.223739624023,0
-153.452255249023,0
-152.804443359375,0
-155.213485717773,0
-159.213958740234,0
-161.180480957031,0
-160.674575805664,0
-160.656112670898,0
-162.736785888672,0
-165.02180480957,0
-165.105499267578,0
-162.885482788086,0
-159.578247070312,0
-155.881607055664,0
-152.262344360352,0
-149.597137451172,0
-148.175003051758,0
-146.868850708008,0
-144.344512939453,0
-140.567962646484,0
-136.468826293945,0
-132.784072875977,0
-129.817901611328,0
-127.550735473633,0
-125.319213867188,0
-122.188804626465,0
-118.30037689209,0
-114.857917785645,0
-111.91869354248,0
-107.406188964844,0
-99.8176345825195,0
-91.0436325073242,0
-84.5713500976562,0
-81.1377029418945,0
-78.1417083740234,0
-73.6551971435547,0
-69.097900390625,0
-66.994255065918,0
-67.5162658691406,0
-68.5445251464844,0
-68.3621368408203,0
-67.0610427856445,0
-65.6614608764648,0
-64.9807739257812,0
-65.462890625,0
-67.3259048461914,0
-70.4217224121094,0
-74.0037231445312,0
-76.7531356811523,0
-77.3472671508789,0
-75.5220794677734,0
-72.6131439208984,0
-70.4574737548828,0
-69.5036468505859,0
-68.4911041259766,0
-66.2282409667969,0
-63.0580139160156,0
-60.0589485168457,0
-57.3148307800293,0
-53.785717010498,0
-48.8790283203125,0
-43.5004043579102,0
-39.1906356811523,0
-36.4743003845215,0
-34.5794525146484,0
-33.0190734863281,0
-32.8928871154785,0
-35.6117553710938,0
-40.2642593383789,0
-43.6436195373535,0
-43.8508110046387,0
-42.6742362976074,0
-42.8277015686035,0
-43.8320159912109,0
-43.0358276367188,0
-40.4681587219238,0
-39.7194366455078,0
-42.9907264709473,0
-47.848030090332,0
-50.6376838684082,0
-51.0130996704102,0
-50.8272819519043,0
-50.1956253051758,0
-47.4796485900879,0
-42.4541511535645,0
-36.7872734069824,0
-31.52170753479,0
-26.5107746124268,0
-22.4336032867432,0
-20.9390754699707,0
-22.2431297302246,0
-24.6410636901855,0
-26.9640674591064,0
-29.5019836425781,0
-31.8588600158691,0
-32.1498489379883,0
-29.614688873291,0
-26.2542762756348,0
-24.4564018249512,0
-24.3698863983154,0
-24.8353977203369,0
-25.4156303405762,0
-26.0260162353516,0
-25.8758640289307,0
-24.4810581207275,0
-22.8644905090332,0
-22.332426071167,0
-22.9076251983643,0
-24.1278533935547,0
-26.0498104095459,0
-27.8746032714844,0
-27.1257610321045,0
-22.5816612243652,0
-16.9514026641846,0
-13.8274765014648,0
-12.5403118133545,0
-9.22326183319092,0
-3.09915733337402,0
1.87610816955566,0
2.98641347885132,0
3.11430549621582,0
6.61009216308594,0
13.085620880127,0
18.5389080047607,0
21.6172924041748,0
25.3348712921143,0
32.2000961303711,0
40.5418434143066,0
47.0700531005859,0
51.1152496337891,0
54.465503692627,0
58.0592346191406,0
60.8937644958496,0
62.1591873168945,0
62.7080268859863,0
63.7086486816406,0
64.9715118408203,0
65.6680068969727,0
66.2277603149414,0
68.3815155029297,0
73.0947570800781,0
79.1740798950195,0
84.3651275634766,0
87.4741516113281,0
89.03271484375,0
90.2407836914062,0
91.9183959960938,0
94.4381866455078,0
97.8412322998047,0
101.454849243164,0
103.847389221191,0
103.960906982422,0
102.360870361328,0
100.840042114258,0
100.705871582031,0
101.934310913086,0
103.91968536377,0
106.064338684082,0
107.193641662598,0
105.536972045898,0
100.55492401123,0
94.2470016479492,0
89.1677169799805,0
85.2190551757812,0
80.003173828125,0
72.7338104248047,0
66.0708999633789,0
62.9189872741699,0
62.6926612854004,0
62.3331298828125,0
60.2819709777832,0
57.728832244873,0
56.1917572021484,0
55.6109199523926,0
55.0816993713379,0
53.9886703491211,0
51.9594383239746,0
48.9884605407715,0
46.1589736938477,0
45.0605659484863,0
45.882942199707,0
47.2157096862793,0
48.2844924926758,0
49.9311332702637,0
52.4296798706055,0
53.9444885253906,0
52.8653411865234,0
50.5503959655762,0
49.6869888305664,0
50.4717102050781,0
50.5357246398926,0
48.5965003967285,0
46.1253356933594,0
45.0118179321289,0
45.3805923461914,0
46.3086433410645,0
47.0497894287109,0
46.763671875,0
44.5699615478516,0
40.9769973754883,0
38.127067565918,0
37.5294570922852,0
38.3848075866699,0
39.0311584472656,0
39.0929183959961,0
39.1113357543945,0
38.8459053039551,0
37.2624130249023,0
33.9806709289551,0
29.8510131835938,0
26.2884769439697,0
24.5661888122559,0
25.2395133972168,0
27.5754146575928,0
30.028787612915,0
31.9122371673584,0
33.994873046875,0
36.7784156799316,0
39.0198707580566,0
39.0811614990234,0
37.1684646606445,0
34.9736976623535,0
33.4498825073242,0
32.3210182189941,0
31.7127933502197,0
32.7414970397949,0
35.9778480529785,0
40.4595642089844,0
44.8947448730469,0
48.9836387634277,0
52.8157196044922,0
55.7252502441406,0
56.8398170471191,0
56.5330657958984,0
56.2790870666504,0
56.8865356445312,0
57.7658042907715,0
58.3513374328613,0
59.307559967041,0
61.3226699829102,0
63.2889366149902,0
63.2133026123047,0
61.1617469787598,0
59.8189239501953,0
61.2959022521973,0
64.6140060424805,0
67.5477752685547,0
69.8720169067383,0
73.0761642456055,0
77.5489883422852,0
82.144660949707,0
86.4362487792969,0
91.127082824707,0
95.6554946899414,0
97.5758056640625,0
95.5946426391602,0
91.5906829833984,0
88.156379699707,0
85.4115676879883,0
81.8281021118164,0
77.1627655029297,0
72.7198257446289,0
69.2050018310547,0
66.0688247680664,0
62.8657035827637,0
59.7203521728516,0
56.2790107727051,0
51.4696998596191,0
44.6937522888184,0
36.5015602111816,0
27.9784488677979,0
20.1077041625977,0
13.6172351837158,0
8.67570686340332,0
4.78446245193481,0
1.58425605297089,0
-0.515980780124664,0
-1.24655485153198,0
-1.59135293960571,0
-3.01710557937622,0
-5.89757919311523,0
-9.66396045684814,0
-13.9814443588257,0
-18.3818988800049,0
-21.1976509094238,0
-20.8902454376221,0
-18.7291278839111,0
-18.1606636047363,0
-20.6446971893311,0
-23.7922115325928,0
-24.7407627105713,0
-23.7692470550537,0
-22.9647445678711,0
-22.6216602325439,0
-21.2139530181885,0
-18.581937789917,0
-16.9324417114258,0
-18.113338470459,0
-21.4224338531494,0
-24.8952102661133,0
-27.6833763122559,0
-30.2871990203857,0
-33.1571006774902,0
-36.0108528137207,0
-38.2584075927734,0
-39.3446884155273,0
-38.713924407959,0
-36.0208702087402,0
-31.5354251861572,0
-26.0420322418213,0
-20.2214088439941,0
-14.3054895401001,0
-8.4015064239502,0
-2.93135333061218,0
1.51527094841003,0
4.78587484359741,0
7.39510440826416,0
9.99290466308594,0
12.7974615097046,0
15.8034648895264,0
19.2642307281494,0
23.3634052276611,0
27.46994972229,0
30.5113754272461,0
32.3306427001953,0
33.8908653259277,0
35.7605972290039,0
37.3385162353516,0
38.2834434509277,0
39.7092399597168,0
42.7575607299805,0
46.6859588623047,0
49.8062896728516,0
51.9107780456543,0
54.2327194213867,0
57.230583190918,0
60.1488876342773,0
62.8700485229492,0
66.3283615112305,0
70.4935455322266,0
73.608528137207,0
74.3540344238281,0
73.5669937133789,0
73.0692901611328,0
73.8623275756836,0
75.8870162963867,0
78.1463317871094,0
78.6438827514648,0
76.0553894042969,0
72.2089462280273,0
70.75830078125,0
72.1936416625977,0
72.5566864013672,0
68.9755783081055,0
63.9991645812988,0
61.6000785827637,0
60.9443740844727,0
57.9422912597656,0
51.9632797241211,0
46.7500419616699,0
44.4012718200684,0
42.5221672058105,0
38.7480010986328,0
34.6799736022949,0
33.1358108520508,0
33.9344940185547,0
34.8713150024414,0
35.362663269043,0
36.7465476989746,0
39.6385765075684,0
42.8848571777344,0
44.9739036560059,0
45.2925300598145,0
44.1626510620117,0
42.3793449401855,0
40.3974075317383,0
37.6246490478516,0
33.2405662536621,0
27.9585857391357,0
23.736364364624,0
21.1552410125732,0
18.5478610992432,0
14.7450332641602,0
11.2058687210083,0
9.86244201660156,0
9.9950475692749,0
9.17935657501221,0
6.81031084060669,0
4.85652780532837,0
5.25460720062256,0
8.14406967163086,0
12.6415605545044,0
17.7539558410645,0
22.2541923522949,0
25.0987930297852,0
26.5401706695557,0
27.8358268737793,0
29.4922885894775,0
30.775785446167,0
31.2446594238281,0
31.5516357421875,0
32.0803260803223,0
31.89528465271,0
30.0394229888916,0
27.1277103424072,0
24.5715656280518,0
22.6791687011719,0
20.6555862426758,0
18.3143043518066,0
16.595178604126,0
16.0744724273682,0
15.8484668731689,0
14.4404058456421,0
11.3651084899902,0
7.44367837905884,0
3.97037696838379,0
1.82072246074677,0
0.853233158588409,0
-0.206644207239151,0
-2.77786564826965,0
-6.79613542556763,0
-10.5228843688965,0
-12.5462427139282,0
-13.4397945404053,0
-14.6436195373535,0
-16.2888278961182,0
-17.4073619842529,0
-18.0431671142578,0
-19.4913806915283,0
-21.9521179199219,0
-23.3966693878174,0
-21.7879505157471,0
-17.5909748077393,0
-13.1930494308472,0
-10.4941492080688,0
-9.79697608947754,0
-10.1942777633667,0
-9.90983581542969,0
-6.87826776504517,0
-0.447462975978851,0
7.41808605194092,0
13.6843900680542,0
17.2691192626953,0
19.8706855773926,0
23.6739311218262,0
28.9123420715332,0
34.0666313171387,0
38.1023254394531,0
41.9784393310547,0
47.6231918334961,0
55.4683074951172,0
63.6422004699707,0
70.2066802978516,0
75.5549468994141,0
81.3210067749023,0
87.2749252319336,0
91.3124160766602,0
93.0608367919922,0
95.3508682250977,0
100.582862854004,0
107.178932189941,0
111.490997314453,0
112.18741607666,0
110.93335723877,0
109.7021484375,0
109.542938232422,0
111.30460357666,0
115.050010681152,0
118.69849395752,0
119.505126953125,0
117.312774658203,0
114.544807434082,0
112.826187133789,0
111.675872802734,0
110.827590942383,0
111.349052429199,0
113.399559020996,0
115.11979675293,0
115.330337524414,0
115.556266784668,0
117.555763244629,0
120.232940673828,0
121.067855834961,0
119.756568908691,0
118.306838989258,0
117.772338867188,0
116.816917419434,0
113.771583557129,0
108.589065551758,0
102.210426330566,0
95.0901336669922,0
87.1071472167969,0
78.4472503662109,0
69.9310836791992,0
62.3710289001465,0
55.6586380004883,0
48.5897064208984,0
39.9309577941895,0
29.8344326019287,0
19.8988952636719,0
11.6624174118042,0
5.35845565795898,0
0.25991228222847,0
-4.24547290802002,0
-8.14991760253906,0
-10.9221420288086,0
-11.883056640625,0
-10.9410457611084,0
-9.123046875,0
-7.91129875183105,0
-7.99758911132812,0
-9.19391822814941,0
-11.3057136535645,0
-14.0777683258057,0
-16.4134120941162,0
-17.091121673584,0
-16.5572471618652,0
-16.5208301544189,0
-17.2223968505859,0
-16.6946868896484,0
-13.6379871368408,0
-9.50877380371094,0
-6.58509206771851,0
-5.36830472946167,0
-5.23037528991699,0
-6.15481805801392,0
-7.98586750030518,0
-9.01335334777832,0
-7.37630939483643,0
-3.4510395526886,0
0.756910741329193,0
4.07700395584106,0
6.57070255279541,0
8.29514598846436,0
9.52178287506104,0
11.5780363082886,0
15.5030956268311,0
20.244104385376,0
24.0262928009033,0
26.9800357818604,0
30.3454341888428,0
33.6899566650391,0
35.524543762207,0
36.4541854858398,0
38.7629890441895,0
42.4488334655762,0
44.5234031677246,0
43.0739097595215,0
39.3260231018066,0
34.6970710754395,0
28.7064647674561,0
21.3963813781738,0
15.0481910705566,0
11.2609481811523,0
8.56571388244629,0
5.3266978263855,0
2.91052603721619,0
3.09567809104919,0
4.05764961242676,0
2.41017770767212,0
-1.60170042514801,0
-4.50357007980347,0
-5.03542137145996,0
-5.57548332214355,0
-7.45245361328125,0
-8.43585395812988,0
-6.80202150344849,0
-5.10397291183472,0
-7.142258644104,0
-12.6522016525269,0
-17.6616516113281,0
-19.477991104126,0
-18.8541088104248,0
-17.3175144195557,0
-14.8618154525757,0
-11.1230602264404,0
-6.92203521728516,0
-3.28550291061401,0
-0.129172742366791,0
2.76010608673096,0
4.41383266448975,0
3.98503708839417,0
2.82193160057068,0
3.40768837928772,0
6.20765495300293,0
9.37346172332764,0
12.0480937957764,0
16.165491104126,0
23.8553218841553,0
34.3722953796387,0
44.8722953796387,0
53.2445869445801,0
58.9123802185059,0
61.8333511352539,0
62.4116973876953,0
61.9623985290527,0
61.6905364990234,0
61.3339462280273,0
59.9985694885254,0
57.8815422058105,0
55.6753425598145,0
52.6480140686035,0
47.1756629943848,0
39.2974815368652,0
30.9880142211914,0
23.5136451721191,0
16.1653652191162,0
8.20112037658691,0
0.460873633623123,0
-5.91255521774292,0
-11.2097101211548,0
-16.6554794311523,0
-22.9872741699219,0
-30.2427101135254,0
-38.1175880432129,0
-45.7769660949707,0
-52.0699653625488,0
-56.7810134887695,0
-61.1864814758301,0
-66.6703109741211,0
-73.0834197998047,0
-78.8592910766602,0
-82.3656768798828,0
-82.9842758178711,0
-81.5911407470703,0
-80.3399353027344,0
-81.1900634765625,0
-84.0602798461914,0
-86.9917526245117,0
-88.5550384521484,0
-89.3630218505859,0
-90.6356353759766,0
-92.0945205688477,0
-92.2297439575195,0
-90.146598815918,0
-86.1271209716797,0
-80.6246871948242,0
-73.7855606079102,0
-66.0396423339844,0
-58.1578102111816,0
-50.2739791870117,0
-41.4995651245117,0
-31.0331287384033,0
-19.2944355010986,0
-7.53591918945312,0
3.36622285842896,0
13.2794876098633,0
22.2310466766357,0
30.0594711303711,0
36.653636932373,0
42.0215110778809,0
46.0320701599121,0
48.5947456359863,0
50.2577095031738,0
52.0528335571289,0
54.3560218811035,0
56.3487663269043,0
57.0768356323242,0
56.6618766784668,0
55.9007339477539,0
54.9357147216797,0
52.9436569213867,0
49.038143157959,0
42.9888687133789,0
35.2607078552246,0
26.992956161499,0
19.8430805206299,0
15.0547533035278,0
12.3391675949097,0
10.0087108612061,0
6.40668392181396,0
1.12932527065277,0
-4.91859912872314,0
-10.2695636749268,0
-13.8027114868164,0
-15.3224048614502,0
-15.3069372177124,0
-14.121862411499,0
-11.9201335906982,0
-9.37820243835449,0
-7.60909938812256,0
-6.73744010925293,0
-5.45220613479614,0
-2.9084198474884,0
-0.190562099218369,0
1.4521518945694,0
3.03713870048523,0
6.56928205490112,0
11.5256128311157,0
14.8638772964478,0
15.2057371139526,0
15.0137386322021,0
17.3095245361328,0
21.7660007476807,0
25.7707271575928,0
28.3745574951172,0
31.1554832458496,0
35.359935760498,0
40.1177062988281,0
44.044548034668,0
47.2121925354004,0
50.6819763183594,0
55.0138473510742,0
60.1138381958008,0
65.8688201904297,0
71.9920043945312,0
77.7937316894531,0
83.2456817626953,0
89.9286804199219,0
99.4847640991211,0
110.973304748535,0
121.202880859375,0
128.205718994141,0
132.951156616211,0
136.838272094727,0
139.296401977539,0
139.698059082031,0
140.288269042969,0
144.417922973633,0
151.832565307617,0
158.127578735352,0
159.516204833984,0
156.206344604492,0
150.451171875,0
143.455490112305,0
135.489868164062,0
127.170616149902,0
118.874160766602,0
110.180809020996,0
101.531463623047,0
95.1513290405273,0
92.3702087402344,0
90.9841384887695,0
87.4242858886719,0
80.9839859008789,0
73.7820892333984,0
67.0321807861328,0
59.9316902160645,0
52.4207382202148,0
46.3029594421387,0
42.4361343383789,0
38.8641548156738,0
33.3028182983398,0
26.1063537597656,0
19.262788772583,0
13.5427179336548,0
8.28309440612793,0
3.24731040000916,0
-1.13172948360443,0
-5.20055246353149,0
-10.0420579910278,0
-15.5723094940186,0
-20.040454864502,0
-22.1715812683105,0
-22.8550624847412,0
-23.8235778808594,0
-25.3432884216309,0
-26.2885341644287,0
-26.1187057495117,0
-25.4322624206543,0
-24.3824291229248,0
-21.9292278289795,0
-17.5262107849121,0
-12.5869646072388,0
-9.14266490936279,0
-7.63502311706543,0
-7.18226957321167,0
-7.42566251754761,0
-8.54246520996094,0
-9.66780185699463,0
-9.13950729370117,0
-6.67656898498535,0
-3.79338335990906,0
-1.71920776367188,0
-0.527782142162323,0
-0.63010960817337,0
-2.9599723815918,0
-6.71349239349365,0
-9.06338214874268,0
-8.60464954376221,0
-7.15662050247192,0
-6.49630832672119,0
-5.4255633354187,0
-2.35491299629211,0
1.26029884815216,0
3.19141340255737,0
4.70423555374146,0
8.86769485473633,0
15.1091461181641,0
19.2652931213379,0
19.4988651275635,0
18.6945781707764,0
19.9255867004395,0
22.6399021148682,0
24.9278450012207,0
27.0267925262451,0
30.6339282989502,0
36.4505386352539,0
44.0396499633789,0
52.7451210021973,0
61.4764099121094,0
69.0583267211914,0
76.1147537231445,0
85.128288269043,0
97.0823593139648,0
109.217163085938,0
117.652961730957,0
121.306205749512,0
121.794631958008,0
120.424407958984,0
117.026580810547,0
111.440582275391,0
104.583198547363,0
97.6904830932617,0
91.099250793457,0
83.9037246704102,0
74.8407135009766,0
63.9469566345215,0
53.0833129882812,0
43.7732009887695,0
34.7367935180664,0
23.2735977172852,0
9.34461975097656,0
-3.78908610343933,0
-13.8620357513428,0
-22.3852367401123,0
-31.6232280731201,0
-40.8237953186035,0
-47.769115447998,0
-52.7223243713379,0
-58.0809059143066,0
-64.4921951293945,0
-69.8805160522461,0
-72.6859588623047,0
-73.9968032836914,0
-75.7182083129883,0
-78.1987152099609,0
-80.6998443603516,0
-83.2483978271484,0
-86.8474197387695,0
-91.9118728637695,0
-97.1394271850586,0
-100.393943786621,0
-100.951522827148,0
-100.634086608887,0
-102.034515380859,0
-105.569458007812,0
-109.192031860352,0
-111.248825073242,0
-112.365089416504,0
-113.785530090332,0
-115.200675964355,0
-115.557434082031,0
-115.024803161621,0
-114.510276794434,0
-113.826858520508,0
-112.109390258789,0
-109.810821533203,0
-108.425086975098,0
-107.987083435059,0
-106.579124450684,0
-102.977661132812,0
-98.294921875,0
-93.9179611206055,0
-88.8730010986328,0
-80.6689605712891,0
-68.5631713867188,0
-54.8811225891113,0
-42.7997398376465,0
-33.4353141784668,0
-25.5223331451416,0
-17.5681915283203,0
-9.54470443725586,0
-2.16481423377991,0
4.79202032089233,0
12.3791809082031,0
20.7251358032227,0
28.5574760437012,0
35.0791244506836,0
41.3081016540527,0
48.5113677978516,0
56.0201148986816,0
61.9584732055664,0
65.8329925537109,0
68.8577880859375,0
71.540657043457,0
72.5712738037109,0
70.9756088256836,0
68.1339492797852,0
66.2914733886719,0
65.5798721313477,0
63.8493232727051,0
59.4739532470703,0
53.2433586120605,0
47.1665458679199,0
42.2531509399414,0
38.023811340332,0
33.6736946105957,0
29.0442428588867,0
24.5680923461914,0
20.7368354797363,0
17.6582450866699,0
14.8699083328247,0
11.6478614807129,0
7.84233999252319,0
4.44157886505127,0
2.92026805877686,0
3.77773213386536,0
5.92693948745728,0
7.77888822555542,0
8.77478313446045,0
9.59304809570312,0
11.0977354049683,0
13.6410255432129,0
17.3580837249756,0
22.3507041931152,0
28.1403427124023,0
33.5783805847168,0
37.9973564147949,0
42.0060005187988,0
46.3493804931641,0
50.4602737426758,0
53.3179473876953,0
55.429328918457,0
58.2684364318848,0
61.5024795532227,0
62.7537651062012,0
61.1626472473145,0
59.3242492675781,0
59.9268836975098,0
61.9622039794922,0
62.5442543029785,0
61.3326683044434,0
60.2314872741699,0
59.2253570556641,0
56.0782470703125,0
50.8281631469727,0
46.9983520507812,0
46.4713897705078,0
46.1483345031738,0
42.3167343139648,0
36.0345687866211,0
31.1276473999023,0
28.5988483428955,0
26.585807800293,0
24.8631267547607,0
25.3801422119141,0
28.1388702392578,0
30.273401260376,0
30.2911415100098,0
30.1144313812256,0
31.5661678314209,0
33.681755065918,0
35.1794052124023,0
36.9073448181152,0
39.6723175048828,0
41.959888458252,0
42.3643531799316,0
42.3908081054688,0
44.0005989074707,0
45.8501281738281,0
45.1149368286133,0
42.0878753662109,0
39.5666694641113,0
38.0143585205078,0
34.907112121582,0
29.3908843994141,0
24.1700038909912,0
21.4370384216309,0
19.7571086883545,0
16.737771987915,0
12.4863624572754,0
8.39520645141602,0
4.29142713546753,0
-0.914577186107635,0
-6.7410364151001,0
-11.3354244232178,0
-13.7611141204834,0
-14.718433380127,0
-15.477349281311,0
-17.1451854705811,0
-20.264928817749,0
-24.0834789276123,0
-27.0106735229492,0
-28.7487773895264,0
-30.8700523376465,0
-34.1983833312988,0
-37.0813980102539,0
-37.9017448425293,0
-37.8357925415039,0
-38.8370094299316,0
-39.9806137084961,0
-38.6210021972656,0
-34.8151245117188,0
-31.7151756286621,0
-31.2434101104736,0
-31.9802436828613,0
-32.0347366333008,0
-31.5999736785889,0
-31.5712833404541,0
-31.668966293335,0
-31.2542724609375,0
-30.475923538208,0
-29.4922752380371,0
-27.9998207092285,0
-26.5274925231934,0
-26.5692195892334,0
-28.1526432037354,0
-28.8296356201172,0
-26.6545391082764,0
-22.881814956665,0
-20.0465431213379,0
-18.5561027526855,0
-17.1538257598877,0
-15.8842086791992,0
-16.2697124481201,0
-18.629207611084,0
-21.2612533569336,0
-22.7103080749512,0
-23.3488788604736,0
-24.2368774414062,0
-25.5577030181885,0
-26.6069107055664,0
-26.4239139556885,0
-24.1515731811523,0
-19.620231628418,0
-13.8256187438965,0
-8.05374908447266,0
-2.34887337684631,0
4.36899900436401,0
12.4741201400757,0
20.7082595825195,0
27.377269744873,0
31.8887939453125,0
34.9417190551758,0
37.7568511962891,0
41.2015914916992,0
45.1094017028809,0
48.423999786377,0
50.448543548584,0
51.6406211853027,0
52.5423011779785,0
52.5605888366699,0
50.9949264526367,0
48.7151908874512,0
47.1438102722168,0
45.8405914306641,0
43.1314239501953,0
39.2040100097656,0
36.1422920227051,0
34.2027587890625,0
30.7001552581787,0
24.1023368835449,0
16.8280124664307,0
11.8480892181396,0
8.50559425354004,0
4.19713258743286,0
-1.54545772075653,0
-7.63338899612427,0
-14.6636219024658,0
-23.8797416687012,0
-33.3186302185059,0
-38.9033470153809,0
-40.1225128173828,0
-41.2465782165527,0
-45.5718116760254,0
-51.3449516296387,0
-55.0771675109863,0
-56.3405075073242,0
-57.0930976867676,0
-58.1807708740234,0
-59.0205497741699,0
-59.7373352050781,0
-61.3324279785156,0
-64.027458190918,0
-67.0548400878906,0
-69.8844528198242,0
-72.4579620361328,0
-74.5027542114258,0
-75.6538314819336,0
-75.9891357421875,0
-75.6729125976562,0
-74.5440368652344,0
-72.8160934448242,0
-71.5711212158203,0
-71.6604309082031,0
-72.6296615600586,0
-73.5628509521484,0
-74.4032974243164,0
-75.5226898193359,0
-76.5789642333984,0
-76.9092102050781,0
-76.7058410644531,0
-76.7654342651367,0
-77.3069839477539,0
-77.9964904785156,0
-78.9071731567383,0
-80.3504486083984,0
-81.6315078735352,0
-80.876579284668,0
-76.5511474609375,0
-68.9155044555664,0
-59.915599822998,0
-51.7033500671387,0
-44.9569244384766,0
-38.4608039855957,0
-30.6421909332275,0
-21.3979206085205,0
-11.5557680130005,0
-0.663304507732391,0
12.8541221618652,0
28.3337726593018,0
41.4596138000488,0
48.2813568115234,0
49.8054275512695,0
50.4524116516113,0
52.3840980529785,0
53.6629333496094,0
52.0288963317871,0
47.913402557373,0
42.8060150146484,0
36.8015670776367,0
29.2345085144043,0
20.3273067474365,0
10.8149576187134,0
0.885974287986755,0
-9.4828462600708,0
-20.1171131134033,0
-31.3646640777588,0
-43.9057807922363,0
-56.8520050048828,0
-67.5689086914062,0
-74.8180770874023,0
-80.6106262207031,0
-87.1806793212891,0
-93.5248260498047,0
-97.1409530639648,0
-97.9547653198242,0
-97.7280502319336,0
-96.3325729370117,0
-92.0297393798828,0
-85.7869644165039,0
-81.9150238037109,0
-82.8517227172852,0
-85.7769317626953,0
-86.3212661743164,0
-83.9156036376953,0
-81.4801025390625,0
-80.9760208129883,0
-81.3702774047852,0
-80.6881866455078,0
-78.4079360961914,0
-75.5854873657227,0
-73.5607376098633,0
-72.8512191772461,0
-73.020263671875,0
-73.5734558105469,0
-74.7885665893555,0
-77.1040115356445,0
-79.8025436401367,0
-81.2099914550781,0
-80.3566665649414,0
-77.5967407226562,0
-73.5811157226562,0
-68.8010864257812,0
-64.2812118530273,0
-61.1851844787598,0
-59.1105766296387,0
-56.2081069946289,0
-51.847053527832,0
-47.8034286499023,0
-45.7522468566895,0
-44.8824653625488,0
-43.3151702880859,0
-40.7667922973633,0
-38.2789306640625,0
-36.1729049682617,0
-33.9565353393555,0
-31.7776031494141,0
-30.3631191253662,0
-29.7063140869141,0
-29.1715755462646,0
-28.7204246520996,0
-28.7538948059082,0
-28.9185943603516,0
-28.3327312469482,0
-26.8149662017822,0
-24.6032676696777,0
-21.1021862030029,0
-15.4284553527832,0
-8.08805274963379,0
-0.359824597835541,0
8.14775466918945,0
19.3072395324707,0
33.0416984558105,0
45.9328880310059,0
54.675666809082,0
59.7036743164062,0
63.8868408203125,0
68.489143371582,0
72.072151184082,0
73.0953216552734,0
72.0452651977539,0
70.6755218505859,0
70.0157928466797,0
69.3531036376953,0
66.6788787841797,0
60.2640953063965,0
50.3833351135254,0
39.3551559448242,0
29.4128856658936,0
20.9183616638184,0
13.2311668395996,0
6.55636787414551,0
1.65019810199738,0
-1.92346251010895,0
-5.68115139007568,0
-10.2315454483032,0
-14.8148441314697,0
-19.0998916625977,0
-23.8850078582764,0
-29.3059597015381,0
-33.77294921875,0
-35.7592811584473,0
-35.5789413452148,0
-34.3448677062988,0
-32.2555770874023,0
-29.2339878082275,0
-26.3108367919922,0
-24.701774597168,0
-23.9988975524902,0
-22.9189853668213,0
-21.6199493408203,0
-21.6495513916016,0
-23.5621280670166,0
-26.1148204803467,0
-28.0496139526367,0
-29.2962245941162,0
-30.1568603515625,0
-30.6596622467041,0
-31.0532779693604,0
-31.6268711090088,0
-31.7339534759521,0
-30.4409637451172,0
-28.5002956390381,0
-27.9163818359375,0
-28.7685680389404,0
-28.2881984710693,0
-24.3962326049805,0
-18.5849761962891,0
-13.6862134933472,0
-10.1585025787354,0
-6.53762817382812,0
-2.45906758308411,0
1.17366874217987,0
4.55337142944336,0
8.96547317504883,0
14.1864042282104,0
18.1607246398926,0
19.9478664398193,0
21.0239353179932,0
22.7835063934326,0
24.6690940856934,0
26.0666828155518,0
28.2581672668457,0
32.5271759033203,0
37.4398727416992,0
40.1755714416504,0
40.0810661315918,0
38.8101844787598,0
37.0946617126465,0
33.6908645629883,0
28.0387725830078,0
21.7206172943115,0
16.1037082672119,0
10.4621028900146,0
4.07298278808594,0
-1.53515982627869,0
-4.74183177947998,0
-7.12541389465332,0
-11.7770929336548,0
-18.5412769317627,0
-23.8105010986328,0
-25.6197891235352,0
-26.1778812408447,0
-28.0527973175049,0
-30.3531513214111,0
-30.7099304199219,0
-29.1248435974121,0
-27.3919925689697,0
-25.9344711303711,0
-23.8369541168213,0
-21.4191951751709,0
-20.138786315918,0
-19.8741207122803,0
-18.6728801727295,0
-15.7263412475586,0
-12.5920543670654,0
-10.6438570022583,0
-8.93667697906494,0
-5.68767499923706,0
-0.864501357078552,0
3.64752411842346,0
5.9534707069397,0
5.79085731506348,0
4.74597978591919,0
4.89300155639648,0
6.5853910446167,0
7.82337188720703,0
6.81945133209229,0
4.92975473403931,0
5.53262615203857,0
9.81601047515869,0
15.2924776077271,0
19.1514720916748,0
21.6436023712158,0
25.0941371917725,0
30.5646629333496,0
36.6282920837402,0
40.9305267333984,0
42.1191596984863,0
40.6635246276855,0
38.5088233947754,0
37.6550750732422,0
38.5469741821289,0
40.021297454834,0
40.9453048706055,0
41.3717842102051,0
41.9350433349609,0
42.8790321350098,0
44.0496711730957,0
45.1112747192383,0
45.3400192260742,0
43.955696105957,0
41.1815071105957,0
38.2490196228027,0
35.7755241394043,0
32.879768371582,0
28.5962238311768,0
23.4438762664795,0
18.7675609588623,0
15.1665363311768,0
12.4840250015259,0
10.6999435424805,0
9.64053535461426,0
8.23431396484375,0
5.48590564727783,0
2.19824147224426,0
0.333248436450958,0
0.283366858959198,0
0.0689082741737366,0
-1.95684111118317,0
-4.60773801803589,0
-5.26392126083374,0
-3.39576053619385,0
-1.48265039920807,0
-2.17375588417053,0
-5.42208051681519,0
-9.05939483642578,0
-11.6999702453613,0
-14.1014766693115,0
-17.4359703063965,0
-21.035472869873,0
-22.7312850952148,0
-21.3358688354492,0
-17.9940528869629,0
-14.7897491455078,0
-12.6339712142944,0
-11.0556507110596,0
-9.66868305206299,0
-9.04216957092285,0
-9.87517166137695,0
-11.6262235641479,0
-12.308985710144,0
-9.9293155670166,0
-4.36916589736938,0
2.25190424919128,0
7.4804630279541,0
10.8474922180176,0
13.952073097229,0
18.3486957550049,0
24.0254039764404,0
30.0428237915039,0
35.7691078186035,0
41.0434494018555,0
45.9517822265625,0
51.0270843505859,0
56.8018798828125,0
62.3539237976074,0
65.2180252075195,0
64.0247344970703,0
60.7160568237305,0
58.7757263183594,0
59.4171905517578,0
60.6986083984375,0
60.1868286132812,0
57.0917701721191,0
51.7376708984375,0
44.4952354431152,0
35.8645248413086,0
26.5391330718994,0
16.7595500946045,0
6.35261154174805,0
-4.2423415184021,0
-13.878978729248,0
-22.0668563842773,0
-29.5775260925293,0
-37.184928894043,0
-44.5145263671875,0
-50.572639465332,0
-54.7326698303223,0
-56.8643493652344,0
-57.271541595459,0
-56.8588447570801,0
-56.5186538696289,0
-55.9996910095215,0
-54.359073638916,0
-51.9225082397461,0
-50.4759635925293,0
-50.6368217468262,0
-50.3330841064453,0
-47.3387985229492,0
-42.5021514892578,0
-38.8347244262695,0
-37.781925201416,0
-38.0607147216797,0
-38.1924476623535,0
-38.4512748718262,0
-39.6728935241699,0
-41.5267524719238,0
-43.0385551452637,0
-44.0176277160645,0
-44.8886260986328,0
-45.5683517456055,0
-45.5711822509766,0
-45.0325241088867,0
-44.5948829650879,0
-44.3072395324707,0
-43.7353935241699,0
-43.2728424072266,0
-43.9049034118652,0
-45.0011978149414,0
-43.9266891479492,0
-39.4036407470703,0
-34.1170883178711,0
-31.8167915344238,0
-32.34716796875,0
-32.0577583312988,0
-29.189474105835,0
-25.8983154296875,0
-23.960412979126,0
-21.6149444580078,0
-16.9231815338135,0
-11.6358127593994,0
-8.46558856964111,0
-6.21512317657471,0
-1.45040416717529,0
5.61918926239014,0
10.9740009307861,0
12.9478931427002,0
14.7244462966919,0
19.2623405456543,0
25.0281028747559,0
28.8228511810303,0
30.1286697387695,0
30.1973419189453,0
29.0669498443604,0
26.4324073791504,0
24.0705661773682,0
24.3829116821289,0
27.1040115356445,0
29.9712028503418,0
32.1653861999512,0
34.5986557006836,0
37.1426239013672,0
38.2686386108398,0
37.6207656860352,0
36.478759765625,0
35.2796592712402,0
33.0198631286621,0
29.5684185028076,0
26.0663566589355,0
22.2458076477051,0
15.9788265228271,0
6.82964706420898,0
-2.3727445602417,0
-9.22164821624756,0
-14.7773494720459,0
-20.9283676147461,0
-26.8747577667236,0
-30.8741588592529,0
-33.798713684082,0
-37.8442840576172,0
-42.6579132080078,0
-45.9462509155273,0
-47.6007270812988,0
-50.0817680358887,0
-54.4669799804688,0
-58.9943771362305,0
-62.1088714599609,0
-64.3117523193359,0
-66.1968612670898,0
-67.1727066040039,0
-67.1575317382812,0
-67.1220626831055,0
-66.6985397338867,0
-63.7157783508301,0
-57.9335861206055,0
-53.0802268981934,0
-52.7418899536133,0
-55.5164413452148,0
-56.6023292541504,0
-53.459342956543,0
-47.7592544555664,0
-42.2097549438477,0
-37.6526489257812,0
-33.4455299377441,0
-28.8374671936035,0
-23.320068359375,0
-16.8406066894531,0
-10.3795413970947,0
-5.61391019821167,0
-3.38940978050232,0
-2.78614926338196,0
-2.03700852394104,0
-0.273292422294617,0
1.86977434158325,0
3.47030663490295,0
4.85617160797119,0
7.1884126663208,0
10.229100227356,0
11.6453914642334,0
9.81267929077148,0
6.58763217926025,0
5.46154594421387,0
7.14076519012451,0
9.03316497802734,0
9.33803272247314,0
9.1897554397583,0
9.71626281738281,0
9.38103580474854,0
6.17452812194824,0
0.764222085475922,0
-4.63062620162964,0
-9.26590728759766,0
-13.638822555542,0
-17.2048320770264,0
-18.6386280059814,0
-17.9018669128418,0
-16.0108795166016,0
-13.2400331497192,0
-9.67916297912598,0
-7.03726816177368,0
-7.28054904937744,0
-9.49861526489258,0
-10.8062267303467,0
-10.6974430084229,0
-11.705135345459,0
-15.0089120864868,0
-18.4360580444336,0
-20.3214511871338,0
-22.408712387085,0
-26.6011924743652,0
-31.2939605712891,0
-33.8301811218262,0
-34.7514839172363,0
-36.379997253418,0
-38.5203628540039,0
-39.1814079284668,0
-38.850414276123,0
-40.0498428344727,0
-42.4402046203613,0
-42.4560546875,0
-39.0660972595215,0
-36.1388206481934,0
-36.9584350585938,0
-39.5744132995605,0
-40.3429107666016,0
-39.4762191772461,0
-39.6742973327637,0
-40.9469871520996,0
-40.5919303894043,0
-37.8717460632324,0
-35.3065147399902,0
-34.9453086853027,0
-36.0456581115723,0
-36.953670501709,0
-36.8648719787598,0
-35.0888404846191,0
-30.9742183685303,0
-25.6872138977051,0
-22.0570106506348,0
-21.2708396911621,0
-21.2325630187988,0
-19.4722290039062,0
-16.2460784912109,0
-13.2908058166504,0
-10.7604217529297,0
-7.19982576370239,0
-1.9264075756073,0
4.13943338394165,0
9.65025329589844,0
13.5297756195068,0
14.9301929473877,0
13.9096755981445,0
11.9560108184814,0
10.5531749725342,0
9.40885162353516,0
7.36913681030273,0
4.77251625061035,0
3.17137002944946,0
2.5643470287323,0
0.748975276947021,0
-3.72472548484802,0
-9.24140548706055,0
-12.6526479721069,0
-12.2410068511963,0
-8.64091300964355,0
-4.02253818511963,0
-1.14667451381683,0
-1.90793108940125,0
-5.46623849868774,0
-8.6018009185791,0
-9.1470365524292,0
-8.40313148498535,0
-9.03204822540283,0
-11.4936532974243,0
-14.2651500701904,0
-16.9741725921631,0
-21.1405696868896,0
-27.5627956390381,0
-34.8479347229004,0
-41.2133331298828,0
-46.2352561950684,0
-50.005199432373,0
-51.978816986084,0
-51.9118843078613,0
-51.0206260681152,0
-50.822639465332,0
-51.1145820617676,0
-50.1797790527344,0
-47.021541595459,0
-42.7081031799316,0
-39.4306030273438,0
-38.5002555847168,0
-39.0444221496582,0
-38.4630432128906,0
-34.6935043334961,0
-28.48512840271,0
-22.9656047821045,0
-20.4718723297119,0
-20.3305549621582,0
-20.2512645721436,0
-19.039888381958,0
-16.9041786193848,0
-13.8564548492432,0
-9.50271701812744,0
-4.39515495300293,0
0.0503844171762466,0
3.52009582519531,0
7.42291831970215,0
12.9595022201538,0
19.7844905853271,0
27.2704124450684,0
35.6318206787109,0
44.4523315429688,0
51.3321380615234,0
54.0585632324219,0
53.8079299926758,0
54.2452774047852,0
57.2239074707031,0
61.0791893005371,0
63.6022644042969,0
64.8964080810547,0
66.2571716308594,0
67.7192001342773,0
68.2792892456055,0
67.8191452026367,0
67.3335342407227,0
67.4369430541992,0
67.6736145019531,0
67.1857299804688,0
65.3525695800781,0
62.0722885131836,0
58.046215057373,0
54.2901763916016,0
50.7103576660156,0
45.9380950927734,0
39.4944915771484,0
33.1695213317871,0
28.9076099395752,0
26.2539501190186,0
23.6910743713379,0
21.668529510498,0
21.824161529541,0
23.4262981414795,0
23.4517154693604,0
20.8270587921143,0
17.8804244995117,0
16.4191913604736,0
14.987156867981,0
11.7877073287964,0
7.9673228263855,0
5.5941948890686,0
4.16304016113281,0
1.82965695858002,0
-1.11178421974182,0
-2.90018010139465,0
-3.8153293132782,0
-6.08451366424561,0
-10.3269605636597,0
-14.7854909896851,0
-18.3737525939941,0
-21.9013500213623,0
-25.6689643859863,0
-28.34596824646,0
-29.2526264190674,0
-29.5193271636963,0
-29.7070922851562,0
-28.3296909332275,0
-24.33544921875,0
-19.2816181182861,0
-15.1288146972656,0
-11.2305898666382,0
-5.59258270263672,0
1.85289561748505,0
9.504075050354,0
17.1959972381592,0
26.7722358703613,0
39.295223236084,0
53.4824333190918,0
67.3305892944336,0
79.719970703125,0
89.9038619995117,0
97.0523529052734,0
101.414077758789,0
104.906379699707,0
109.410552978516,0
114.975387573242,0
120.411437988281,0
124.94945526123,0
128.42561340332,0
130.523818969727,0
131.075149536133,0
130.818969726562,0
130.611755371094,0
129.911865234375,0
127.39379119873,0
123.429443359375,0
120.612976074219,0
120.855964660645,0
122.822387695312,0
123.410285949707,0
121.364868164062,0
118.264122009277,0
116.037963867188,0
114.731575012207,0
113.104843139648,0
110.498756408691,0
107.385932922363,0
104.475563049316,0
101.884918212891,0
99.2132949829102,0
96.3113632202148,0
94.0316314697266,0
93.9192047119141,0
96.5525894165039,0
100.264457702637,0
102.297576904297,0
101.406440734863,0
98.6172103881836,0
95.4142227172852,0
92.3548965454102,0
89.8494110107422,0
88.7892913818359,0
89.1774444580078,0
89.1744537353516,0
86.9856262207031,0
83.0569458007812,0
78.9596405029297,0
74.7811889648438,0
69.5221786499023,0
63.7561950683594,0
59.5464057922363,0
57.1964988708496,0
54.2830696105957,0
49.1075172424316,0
43.3295669555664,0
39.5870895385742,0
37.8694686889648,0
36.1637001037598,0
33.7943572998047,0
31.874942779541,0
30.5893707275391,0
28.2734127044678,0
23.9091758728027,0
18.83717918396,0
14.9173526763916,0
12.1966590881348,0
9.62629795074463,0
7.21108818054199,0
5.97323799133301,0
6.14953804016113,0
6.90522289276123,0
7.89206600189209,0
9.68311595916748,0
12.2852745056152,0
14.6184101104736,0
16.2701549530029,0
18.4952507019043,0
22.2452354431152,0
26.2575263977051,0
28.7828502655029,0
30.5542449951172,0
33.9402732849121,0
39.1338806152344,0
43.3953971862793,0
44.8216705322266,0
44.8882064819336,0
45.9985198974609,0
48.1672172546387,0
49.7757682800293,0
50.3694801330566,0
50.8061485290527,0
51.3762626647949,0
51.6445846557617,0
51.7241554260254,0
51.9346771240234,0
51.5343132019043,0
49.6531715393066,0
47.2678146362305,0
46.1223106384277,0
45.5250396728516,0
42.5264015197754,0
36.0922927856445,0
29.0500526428223,0
24.6587200164795,0
22.9265918731689,0
21.7156257629395,0
19.9612655639648,0
18.0117321014404,0
15.844913482666,0
12.9493684768677,0
9.61609363555908,0
6.75659847259521,0
4.64685678482056,0
3.13139081001282,0
2.62892270088196,0
3.41137886047363,0
4.20856904983521,0
3.3154604434967,0
1.17064869403839,0
0.0502015426754951,0
0.750644862651825,0
1.30707228183746,0
-0.072323240339756,0
-2.22468543052673,0
-2.5012514591217,0
-0.200834736227989,0
2.79584550857544,0
4.57160520553589,0
5.27582311630249,0
6.53079462051392,0
9.38397216796875,0
13.1864194869995,0
16.3577194213867,0
17.986759185791,0
18.3843193054199,0
18.1036853790283,0
17.0885734558105,0
15.1946334838867,0
12.7755813598633,0
9.9365873336792,0
5.97953367233276,0
0.799910962581635,0
-3.85780191421509,0
-6.20550680160522,0
-7.1247386932373,0
-9.19180583953857,0
-13.0045871734619,0
-16.46484375,0
-17.9892044067383,0
-18.3854293823242,0
-18.9911041259766,0
-19.9768047332764,0
-21.2025566101074,0
-22.6872425079346,0
-23.3753128051758,0
-21.6100940704346,0
-17.8906879425049,0
-14.9512310028076,0
-14.0014400482178,0
-13.4384994506836,0
-12.6700344085693,0
-14.1199445724487,0
-19.0992851257324,0
-24.6388263702393,0
-27.5134010314941,0
-28.7946949005127,0
-30.7444667816162,0
-31.5961532592773,0
-28.1221923828125,0
-22.0481853485107,0
-18.8391857147217,0
-20.2530727386475,0
-22.8426952362061,0
-24.2414531707764,0
-26.1020984649658,0
-29.4567947387695,0
-31.6847801208496,0
-30.4736499786377,0
-27.3904781341553,0
-25.0974445343018,0
-23.7994117736816,0
-22.7655448913574,0
-22.7906227111816,0
-24.4955711364746,0
-26.1034755706787,0
-25.4830989837646,0
-23.123664855957,0
-21.096061706543,0
-20.4686965942383,0
-21.5909881591797,0
-25.1438751220703,0
-30.3604183197021,0
-33.4698333740234,0
-30.8255138397217,0
-23.3675270080566,0
-15.7796669006348,0
-11.3762702941895,0
-9.75167369842529,0
-9.17140674591064,0
-8.87681770324707,0
-8.47034549713135,0
-7.06064605712891,0
-4.30417060852051,0
-1.31912112236023,0
0.473422646522522,0
0.952672779560089,0
1.03942155838013,0
1.1842452287674,0
0.863014996051788,0
-0.354760408401489,0
-1.85932230949402,0
-2.72485518455505,0
-3.30650568008423,0
-5.30593633651733,0
-9.61144828796387,0
-14.5991668701172,0
-17.6544094085693,0
-18.3311424255371,0
-18.7833442687988,0
-20.6217784881592,0
-22.5380611419678,0
-22.1130046844482,0
-19.2885608673096,0
-16.6485042572021,0
-16.1748085021973,0
-16.9202823638916,0
-16.5438957214355,0
-14.3680229187012,0
-11.8679103851318,0
-10.3629016876221,0
-9.52359104156494,0
-8.71153926849365,0
-8.61415386199951,0
-10.1889781951904,0
-12.4969329833984,0
-13.2361545562744,0
-11.5886106491089,0
-8.97591304779053,0
-6.46886157989502,0
-3.06032848358154,0
2.37571263313293,0
8.69167518615723,0
13.5436000823975,0
16.1977710723877,0
17.9164485931396,0
19.9943695068359,0
22.7165050506592,0
26.0450115203857,0
30.0493354797363,0
34.38525390625,0
38.0349502563477,0
39.777587890625,0
38.8380470275879,0
35.5065040588379,0
31.2673931121826,0
27.5165386199951,0
23.8542633056641,0
18.6777458190918,0
11.7847604751587,0
4.86146640777588,0
-1.30561363697052,0
-8.12303352355957,0
-16.2684764862061,0
-23.5613765716553,0
-28.1205444335938,0
-31.9736251831055,0
-38.3503684997559,0
-46.2091255187988,0
-51.037036895752,0
-51.3284873962402,0
-50.7954406738281,0
-52.9514846801758,0
-56.4932098388672,0
-57.978401184082,0
-56.8277053833008,0
-55.2621650695801,0
-54.5013275146484,0
-53.3373794555664,0
-50.2116851806641,0
-45.101432800293,0
-39.337890625,0
-34.5277328491211,0
-31.50514793396,0
-29.6124172210693,0
-27.2390422821045,0
-23.5901565551758,0
-19.505558013916,0
-16.0989761352539,0
-13.3139848709106,0
-10.5308237075806,0
-7.85227298736572,0
-5.75160264968872,0
-3.89270639419556,0
-1.40394127368927,0
1.7856125831604,0
4.78482866287231,0
6.87100744247437,0
7.99080657958984,0
8.22133445739746,0
7.70203542709351,0
7.34005308151245,0
8.69505596160889,0
12.5577974319458,0
18.0934219360352,0
23.9100189208984,0
29.6068859100342,0
35.6235809326172,0
41.7724380493164,0
46.8605842590332,0
50.1595191955566,0
52.5078964233398,0
55.1393814086914,0
57.8014526367188,0
59.1075325012207,0
58.7794990539551,0
58.324764251709,0
58.9385261535645,0
59.8107528686523,0
59.4604644775391,0
57.9601669311523,0
56.6749610900879,0
56.2602462768555,0
56.1101951599121,0
55.5786666870117,0
54.6614112854004,0
53.6365280151367,0
53.1115036010742,0
54.2465515136719,0
57.6516418457031,0
61.9451866149902,0
64.5564041137695,0
64.1945343017578,0
61.6261405944824,0
58.0834350585938,0
54.1449241638184,0
50.2939529418945,0
47.1160926818848,0
44.2978973388672,0
40.4838218688965,0
34.8256645202637,0
28.016918182373,0
21.4047088623047,0
15.7253446578979,0
10.9237184524536,0
6.46367120742798,0
1.57718026638031,0
-4.11463403701782,0
-10.0171089172363,0
-15.0019512176514,0
-18.1996765136719,0
-18.939754486084,0
-16.825382232666,0
-13.0424613952637,0
-10.6612234115601,0
-11.7840003967285,0
-14.8606157302856,0
-16.7953624725342,0
-17.3334197998047,0
-19.0090484619141,0
-22.7972412109375,0
-26.5420379638672,0
-28.3574848175049,0
-28.992115020752,0
-29.6202716827393,0
-29.5505599975586,0
-27.7373790740967,0
-24.9272289276123,0
-22.7520313262939,0
-21.8268127441406,0
-21.8382778167725,0
-22.3259391784668,0
-22.4485263824463,0
-21.2531032562256,0
-19.0351238250732,0
-17.1118755340576,0
-15.5850324630737,0
-13.0535917282104,0
-9.44620800018311,0
-7.14504623413086,0
-7.84981870651245,0
-10.0835390090942,0
-11.4827766418457,0
-11.9670190811157,0
-12.7210721969604,0
-13.4227819442749,0
-12.7353525161743,0
-10.7308301925659,0
-8.66647052764893,0
-6.78844594955444,0
-4.26301860809326,0
-0.946781158447266,0
2.63577318191528,0
6.85153770446777,0
12.5269947052002,0
18.8313426971436,0
23.601411819458,0
26.6086673736572,0
31.0388164520264,0
40.4499092102051,0
54.7057418823242,0
69.6971282958984,0
80.9464340209961,0
87.1278305053711,0
90.2508087158203,0
92.8740005493164,0
95.5101318359375,0
96.9021911621094,0
96.4045257568359,0
95.1210708618164,0
94.3070297241211,0
93.5044326782227,0
91.1603012084961,0
86.6374282836914,0
80.5419464111328,0
73.1456604003906,0
63.700023651123,0
51.9026908874512,0
39.2338676452637,0
27.8355865478516,0
18.1505641937256,0
8.52498245239258,0
-2.48076915740967,0
-13.9902086257935,0
-23.7143268585205,0
-30.7134914398193,0
-36.3582038879395,0
-42.326602935791,0
-48.5610122680664,0
-53.9074325561523,0
-58.0974273681641,0
-62.0130081176758,0
-66.1618194580078,0
-69.9488372802734,0
-72.6476058959961,0
-74.2363204956055,0
-74.9479598999023,0
-74.7273330688477,0
-73.6204833984375,0
-72.220344543457,0
-71.2397384643555,0
-70.826904296875,0
-70.4630889892578,0
-69.2838973999023,0
-66.6055221557617,0
-62.7772750854492,0
-59.5806045532227,0
-58.9633445739746,0
-61.0724029541016,0
-64.3490447998047,0
-67.8810501098633,0
-72.463005065918,0
-78.4785308837891,0
-84.0086212158203,0
-86.6818389892578,0
-86.6652526855469,0
-85.8173217773438,0
-84.1262359619141,0
-79.4409866333008,0
-71.3968811035156,0
-63.133358001709,0
-57.4301795959473,0
-53.0744819641113,0
-47.3662796020508,0
-40.7769737243652,0
-36.0456390380859,0
-33.1122589111328,0
-28.4343185424805,0
-20.2115459442139,0
-11.1428279876709,0
-4.12704372406006,0
2.17426037788391,0
10.7424812316895,0
20.8424282073975,0
28.4957141876221,0
31.845495223999,0
32.9915428161621,0
34.1086769104004,0
34.4985847473145,0
32.6069679260254,0
28.7471027374268,0
24.2086639404297,0
19.1737575531006,0
13.2550420761108,0
7.15966367721558,0
2.03557348251343,0
-2.52956295013428,0
-8.30997085571289,0
-16.0208740234375,0
-24.1091651916504,0
-30.3552913665771,0
-34.2114105224609,0
-37.3243179321289,0
-41.9170341491699,0
-48.6456604003906,0
-55.9956436157227,0
-61.9704856872559,0
-66.3128890991211,0
-70.6052780151367,0
-76.1975784301758,0
-82.6941375732422,0
-88.5172348022461,0
-92.0390243530273,0
-91.9884262084961,0
-88.1149063110352,0
-82.3579406738281,0
-78.243522644043,0
-77.7687377929688,0
-79.3900146484375,0
-80.1068878173828,0
-78.7630615234375,0
-75.9568786621094,0
-71.5976181030273,0
-64.8065338134766,0
-56.2986488342285,0
-48.5788841247559,0
-42.8510665893555,0
-37.5058059692383,0
-30.9181327819824,0
-24.2730178833008,0
-19.9779605865479,0
-18.2399978637695,0
-17.0267066955566,0
-14.9488592147827,0
-12.3365831375122,0
-9.47798156738281,0
-5.61951923370361,0
-0.256520748138428,0
6.00736522674561,0
12.5322895050049,0
19.2951755523682,0
25.7141590118408,0
30.1019515991211,0
31.4286766052246,0
30.6910266876221,0
29.3400344848633,0
27.1348094940186,0
22.8067169189453,0
16.1112899780273,0
7.80466413497925,0
-1.6906179189682,0
-11.8082218170166,0
-20.5161952972412,0
-25.6499881744385,0
-27.7043418884277,0
-29.2862129211426,0
-31.5017356872559,0
-33.0281410217285,0
-33.2732162475586,0
-33.9081115722656,0
-35.9701805114746,0
-37.8859329223633,0
-38.4356842041016,0
-39.7058868408203,0
-44.4167556762695,0
-51.4658393859863,0
-56.9327201843262,0
-59.1382255554199,0
-60.1645889282227,0
-62.3140563964844,0
-65.4252166748047,0
-68.1719055175781,0
-69.9739837646484,0
-70.8091049194336,0
-70.6524353027344,0
-69.8652114868164,0
-68.9596786499023,0
-67.4714431762695,0
-64.2887115478516,0
-59.583251953125,0
-55.072998046875,0
-51.6428718566895,0
-47.9251441955566,0
-42.1360816955566,0
-34.2956848144531,0
-25.6819286346436,0
-17.0688323974609,0
-8.73085594177246,0
-1.48606550693512,0
3.76528143882751,0
7.4460015296936,0
10.9296932220459,0
14.4560947418213,0
16.4468765258789,0
15.4431037902832,0
11.9326848983765,0
7.50082683563232,0
2.78769254684448,0
-2.51995372772217,0
-7.74494409561157,0
-10.7803077697754,0
-10.5916690826416,0
-9.27353858947754,0
-10.1077270507812,0
-13.5946998596191,0
-16.738302230835,0
-16.6731643676758,0
-13.8438138961792,0
-10.8253126144409,0
-8.9024658203125,0
-6.9789719581604,0
-3.68686890602112,0
0.303533881902695,0
2.34173440933228,0
0.0657895058393478,0
-6.1890435218811,0
-13.2824792861938,0
-18.1492748260498,0
-20.8647441864014,0
-24.0493621826172,0
-29.1623249053955,0
-34.7757415771484,0
-39.2151489257812,0
-43.2994346618652,0
-48.8052368164062,0
-55.2709541320801,0
-60.5167007446289,0
-64.1016540527344,0
-68.0216522216797,0
-73.4421463012695,0
-78.6978607177734,0
-81.6873550415039,0
-82.8779525756836,0
-84.5101470947266,0
-87.5469131469727,0
-90.7396621704102,0
-92.4168167114258,0
-92.0423431396484,0
-90.0140762329102,0
-86.9342041015625,0
-83.4461288452148,0
-80.1957397460938,0
-77.443359375,0
-74.7239151000977,0
-70.9864959716797,0
-65.1461715698242,0
-56.8022994995117,0
-46.7216949462891,0
-36.5199661254883,0
-27.5725250244141,0
-20.1954383850098,0
-13.9886608123779,0
-8.81789875030518,0
-5.12583684921265,0
-3.18625068664551,0
-2.2898964881897,0
-0.997697114944458,0
1.60689997673035,0
5.01058721542358,0
7.90409278869629,0
9.75223445892334,0
11.2852907180786,0
13.2018356323242,0
15.0627136230469,0
16.2467193603516,0
17.477746963501,0
20.0861511230469,0
23.7007064819336,0
26.1099643707275,0
26.0089492797852,0
24.5648078918457,0
23.3050842285156,0
21.7546730041504,0
18.7095279693604,0
14.8829040527344,0
12.1718912124634,0
10.5262680053711,0
7.83768796920776,0
3.55760788917542,0
0.405421048402786,0
1.18043088912964,0
5.24066305160522,0
9.60396385192871,0
12.6346025466919,0
15.094090461731,0
17.9845561981201,0
20.8843173980713,0
22.6078014373779,0
22.5887813568115,0
21.4290447235107,0
20.5775547027588,0
21.3207206726074,0
23.5934066772461,0
26.0552463531494,0
27.756462097168,0
29.1426620483398,0
30.797248840332,0
32.0476303100586,0
32.0217399597168,0
31.5418453216553,0
32.4872512817383,0
35.3243179321289,0
38.5882682800293,0
40.9542999267578,0
42.6148643493652,0
44.3346900939941,0
46.2546539306641,0
48.0572776794434,0
49.4289627075195,0
49.9553985595703,0
49.2864570617676,0
47.6950035095215,0
45.8105163574219,0
43.6713256835938,0
40.7933006286621,0
37.2236251831055,0
33.5897445678711,0
29.9724006652832,0
25.7849140167236,0
21.0670585632324,0
16.8385791778564,0
13.7303848266602,0
11.2469882965088,0
8.8133430480957,0
6.452476978302,0
3.8464457988739,0
-0.0365380272269249,0
-5.39545297622681,0
-10.7462968826294,0
-14.8997430801392,0
-18.9700775146484,0
-24.817024230957,0
-31.8616638183594,0
-37.2716064453125,0
-39.6300086975098,0
-40.7367897033691,0
-42.8049392700195,0
-45.2119750976562,0
-45.6797142028809,0
-44.1465759277344,0
-43.5097427368164,0
-45.9365539550781,0
-49.9153785705566,0
-52.1331596374512,0
-51.3683891296387,0
-49.1434783935547,0
-47.1036071777344,0
-45.5127944946289,0
-44.3879241943359,0
-44.2112274169922,0
-44.6211128234863,0
-43.7742233276367,0
-40.1557693481445,0
-34.1083946228027,0
-26.5752582550049,0
-17.3268146514893,0
-5.68847942352295,0
7.87820243835449,0
22.5469627380371,0
38.9389381408691,0
58.2615394592285,0
79.4314193725586,0
98.5720443725586,0
111.902725219727,0
118.200332641602,0
118.33805847168,0
113.791870117188,0
106.210273742676,0
97.2249526977539,0
87.5128326416016,0
76.395393371582,0
63.1165542602539,0
48.3684158325195,0
34.0562019348145,0
21.5827503204346,0
10.6303911209106,0
-0.320235311985016,0
-12.2839946746826,0
-24.6144733428955,0
-35.7282485961914,0
-44.8745994567871,0
-52.5485305786133,0
-59.0395469665527,0
-63.7135009765625,0
-66.5293502807617,0
-69.0696258544922,0
-72.5277709960938,0
-75.4810791015625,0
-75.6489181518555,0
-73.5340270996094,0
-72.0303192138672,0
-72.1629257202148,0
-71.6458206176758,0
-68.6245422363281,0
-64.5957412719727,0
-62.0327377319336,0
-60.9231910705566,0
-59.6108932495117,0
-57.7835540771484,0
-56.5251083374023,0
-56.1485900878906,0
-55.9542961120605,0
-55.7754783630371,0
-56.0763168334961,0
-56.778491973877,0
-57.450553894043,0
-58.3110046386719,0
-59.628547668457,0
-60.5718765258789,0
-60.1249160766602,0
-58.6283531188965,0
-56.867862701416,0
-54.3514442443848,0
-50.4322700500488,0
-46.464241027832,0
-44.4163589477539,0
-43.6533012390137,0
-41.780460357666,0
-38.7619476318359,0
-37.2683296203613,0
-38.3084144592285,0
-39.4820251464844,0
-38.7384262084961,0
-36.9905586242676,0
-35.3066749572754,0
-32.2543869018555,0
-26.4280910491943,0
-19.4257984161377,0
-13.4818162918091,0
-7.52754545211792,0
1.6971538066864,0
15.6404724121094,0
33.6154365539551,0
55.3076438903809,0
80.1516189575195,0
104.219535827637,0
121.238166809082,0
128.23030090332,0
128.195220947266,0
126.062110900879,0
123.685752868652,0
119.924880981445,0
113.805229187012,0
105.628349304199,0
95.7664184570312,0
84.2870712280273,0
71.8602142333984,0
59.7360191345215,0
48.4336547851562,0
37.1701393127441,0
24.8820018768311,0
11.3837289810181,0
-2.53741264343262,0
-15.6054515838623,0
-26.4882030487061,0
-34.466381072998,0
-40.251148223877,0
-45.7033653259277,0
-51.9737167358398,0
-58.0349960327148,0
-61.8388595581055,0
-62.9633865356445,0
-63.1505928039551,0
-63.8643341064453,0
-64.470817565918,0
-63.826587677002,0
-62.6690940856934,0
-62.7398109436035,0
-63.8743209838867,0
-63.9578247070312,0
-62.207332611084,0
-60.5644454956055,0
-60.7053260803223,0
-61.3365097045898,0
-60.208251953125,0
-57.6423034667969,0
-55.8360023498535,0
-55.1152191162109,0
-53.2800559997559,0
-49.0028076171875,0
-43.6535873413086,0
-38.8365287780762,0
-34.0352096557617,0
-28.0543308258057,0
-21.2200202941895,0
-14.4299840927124,0
-7.1252236366272,0
1.90470016002655,0
12.3025617599487,0
22.493953704834,0
31.8690967559814,0
40.9244155883789,0
49.540699005127,0
56.9392433166504,0
63.265209197998,0
69.3513031005859,0
74.8072052001953,0
78.2867126464844,0
79.9994735717773,0
81.9891662597656,0
85.3324203491211,0
89.0201568603516,0
92.3715209960938,0
96.447868347168,0
101.882476806641,0
107.31664276123,0
111.553146362305,0
115.497032165527,0
120.246047973633,0
125.016716003418,0
129.10383605957,0
134.357177734375,0
143.134094238281,0
154.92170715332,0
168.009262084961,0
184.175109863281,0
208.558059692383,0
243.860702514648,0
286.277496337891,0
327.409729003906,0
358.781097412109,0
375.149932861328,0
376.367645263672,0
367.083801269531,0
352.926727294922,0
336.215789794922,0
316.500793457031,0
294.623046875,0
273.385681152344,0
253.824234008789,0
233.956817626953,0
212.548416137695,0
191.229049682617,0
171.084823608398,0
150.065032958984,0
126.499114990234,0
102.877075195312,0
82.830680847168,0
65.8853149414062,0
48.7306022644043,0
30.8093738555908,0
14.8346118927002,0
1.70774912834167,0
-11.3404111862183,0
-26.4480838775635,0
-41.9666137695312,0
-55.1707077026367,0
-65.8677673339844,0
-75.6203079223633,0
-85.0731887817383,0
-93.8236923217773,0
-101.858535766602,0
-109.450576782227,0
-116.06468963623,0
-120.549522399902,0
-122.338920593262,0
-121.97590637207,0
-120.672927856445,0
-119.42066192627,0
-118.031440734863,0
-115.226196289062,0
-110.429695129395,0
-105.073226928711,0
-100.843574523926,0
-96.966926574707,0
-91.0067596435547,0
-82.4663467407227,0
-73.6673126220703,0
-66.5212631225586,0
-60.3017501831055,0
-53.4289894104004,0
-45.6589698791504,0
-37.4195747375488,0
-28.6440849304199,0
-19.5925331115723,0
-11.4165811538696,0
-4.51706218719482,0
2.40324234962463,0
10.2510499954224,0
17.7735385894775,0
23.4699382781982,0
28.0747623443604,0
33.2049827575684,0
38.4242935180664,0
41.8738975524902,0
43.4786605834961,0
45.2819862365723,0
48.3685836791992,0
51.4914588928223,0
53.4963188171387,0
55.5241775512695,0
59.7544937133789,0
66.8950347900391,0
75.7487335205078,0
84.4909057617188,0
91.53564453125,0
95.7856903076172,0
97.1310195922852,0
96.7049789428711,0
95.9725723266602,0
95.4853668212891,0
94.9628219604492,0
94.4825744628906,0
94.8095474243164,0
96.1672897338867,0
97.3234176635742,0
96.7412261962891,0
94.5314636230469,0
92.3982086181641,0
91.4037246704102,0
90.6217269897461,0
88.598747253418,0
85.4454040527344,0
82.5296401977539,0
80.4236907958984,0
78.1768035888672,0
74.639518737793,0
69.6279144287109,0
63.6245269775391,0
57.1248626708984,0
50.5929145812988,0
44.4993858337402,0
39.1355171203613,0
34.7230758666992,0
31.5836296081543,0
29.5367984771729,0
27.2258949279785,0
23.014217376709,0
16.86794090271,0
10.5773096084595,0
5.72381496429443,0
2.07515048980713,0
-1.62852466106415,0
-5.92132997512817,0
-10.1324291229248,0
-13.2724151611328,0
-15.0624752044678,0
-16.3427391052246,0
-18.480318069458,0
-21.8908061981201,0
-25.1823863983154,0
-26.4715118408203,0
-25.6380844116211,0
-24.5104351043701,0
-24.6492576599121,0
-25.7882194519043,0
-26.7621669769287,0
-27.0811004638672,0
-27.0060214996338,0
-26.7109222412109,0
-26.023998260498,0
-24.7445163726807,0
-22.9065170288086,0
-20.9312686920166,0
-19.4363689422607,0
-18.3876152038574,0
-16.6133308410645,0
-12.9790935516357,0
-8.01671886444092,0
-3.46666193008423,0
-0.144773453474045,0
2.75340151786804,0
6.16096258163452,0
10.1259670257568,0
14.5019798278809,0
19.3227424621582,0
23.9488506317139,0
27.0810413360596,0
28.4273643493652,0
29.4582653045654,0
31.8848915100098,0
36.3424339294434,0
43.1422920227051,0
53.0325775146484,0
66.0037841796875,0
80.0484313964844,0
92.2418441772461,0
100.855247497559,0
105.992530822754,0
108.875350952148,0
111.088531494141,0
113.667854309082,0
116.057777404785,0
116.52815246582,0
114.235824584961,0
110.145904541016,0
105.318893432617,0
99.2767486572266,0
90.9919738769531,0
80.6431732177734,0
69.4131088256836,0
58.3900756835938,0
48.6741333007812,0
41.4843635559082,0
36.63330078125,0
31.7107982635498,0
24.6043529510498,0
16.4134178161621,0
9.99410629272461,0
5.80327796936035,0
1.26155662536621,0
-5.4804744720459,0
-13.2165660858154,0
-19.8777637481689,0
-25.1788482666016,0
-29.9214019775391,0
-34.1989555358887,0
-37.7221527099609,0
-40.8354911804199,0
-43.843318939209,0
-46.2415962219238,0
-47.9138870239258,0
-50.0760269165039,0
-53.5008964538574,0
-56.8421859741211,0
-58.7216911315918,0
-60.697265625,0
-65.6371917724609,0
-73.2570953369141,0
-79.9023361206055,0
-83.2651596069336,0
-84.7540740966797,0
-86.1863784790039,0
-86.7334442138672,0
-85.0406112670898,0
-82.4170913696289,0
-81.5442428588867,0
-83.0098724365234,0
-85.1297760009766,0
-86.4507369995117,0
-86.5840759277344,0
-85.2840118408203,0
-82.7284927368164,0
-80.3401794433594,0
-79.350944519043,0
-78.6318206787109,0
-75.7506332397461,0
-70.22607421875,0
-64.0374603271484,0
-58.8178901672363,0
-54.2998085021973,0
-49.8588027954102,0
-45.8354225158691,0
-42.5945320129395,0
-39.6580238342285,0
-36.6176071166992,0
-33.9212875366211,0
-32.0486907958984,0
-30.6988124847412,0
-29.3665561676025,0
-28.0653514862061,0
-27.0766143798828,0
-26.6058368682861,0
-26.939266204834,0
-28.2677574157715,0
-30.1444435119629,0
-31.7611198425293,0
-32.8569068908691,0
-33.6929664611816,0
-34.2200927734375,0
-34.1396331787109,0
-33.6685905456543,0
-33.1683044433594,0
-32.0809326171875,0
-29.5480155944824,0
-26.2609252929688,0
-24.3289375305176,0
-24.8895378112793,0
-27.0738849639893,0
-29.7109260559082,0
-32.6642303466797,0
-35.9063911437988,0
-38.729362487793,0
-40.7843360900879,0
-42.7129402160645,0
-44.9101066589355,0
-46.9257659912109,0
-48.9818801879883,0
-52.5336074829102,0
-57.8871307373047,0
-62.6134147644043,0
-64.1932907104492,0
-63.3518142700195,0
-62.8476867675781,0
-63.6304244995117,0
-64.3777160644531,0
-64.6198883056641,0
-65.970703125,0
-69.68359375,0
-74.8238906860352,0
-79.6962661743164,0
-83.7216644287109,0
-87.1409530639648,0
-90.0906066894531,0
-92.8682250976562,0
-96.1900634765625,0
-100.316520690918,0
-104.528648376465,0
-108.030303955078,0
-110.701736450195,0
-112.527801513672,0
-113.140487670898,0
-112.537048339844,0
-111.458831787109,0
-110.366874694824,0
-108.682235717773,0
-105.593208312988,0
-100.868339538574,0
-94.3173446655273,0
-85.4026107788086,0
-74.2528991699219,0
-62.2706985473633,0
-50.8367462158203,0
-40.1456642150879,0
-30.0743160247803,0
-20.9873180389404,0
-12.3614387512207,0
-1.90977227687836,0
11.7258939743042,0
25.9467430114746,0
36.1788139343262,0
40.8827209472656,0
42.3563537597656,0
42.3935470581055,0
39.8383483886719,0
33.5045776367188,0
25.0057411193848,0
16.7936191558838,0
9.12490653991699,0
0.915186941623688,0
-7.8596043586731,0
-16.796745300293,0
-26.987377166748,0
-39.8528518676758,0
-54.4912300109863,0
-68.3216400146484,0
-80.098876953125,0
-90.3103103637695,0
-98.9993743896484,0
-105.620132446289,0
-111.117500305176,0
-117.639862060547,0
-125.525825500488,0
-132.674468994141,0
-137.580627441406,0
-140.941818237305,0
-143.543182373047,0
-144.873184204102,0
-145.104721069336,0
-146.292846679688,0
-149.821990966797,0
-154.222076416016,0
-157.190139770508,0
-158.36506652832,0
-158.435150146484,0
-157.007553100586,0
-153.519500732422,0
-149.255935668945,0
-146.232147216797,0
-144.53955078125,0
-142.653930664062,0
-139.939025878906,0
-137.153015136719,0
-135.01594543457,0
-134.035919189453,0
-135.156784057617,0
-138.560653686523,0
-142.219665527344,0
-143.761917114258,0
-143.617401123047,0
-144.245056152344,0
-146.442672729492,0
-148.76155090332,0
-150.480834960938,0
-152.312438964844,0
-153.690185546875,0
-152.565734863281,0
-149.331527709961,0
-147.888229370117,0
-150.375839233398,0
-153.258773803711,0
-151.864669799805,0
-147.393218994141,0
-145.733505249023,0
-149.38313293457,0
-153.998626708984,0
-154.145812988281,0
-149.852920532227,0
-145.566940307617,0
-144.255661010742,0
-144.794006347656,0
-144.66618347168,0
-143.118927001953,0
-141.055358886719,0
-139.153625488281,0
-137.173522949219,0
-134.747009277344,0
-132.026351928711,0
-129.474990844727,0
-127.428283691406,0
-125.826332092285,0
-123.946342468262,0
-120.501319885254,0
-114.7734375,0
-107.931022644043,0
-102.443962097168,0
-99.5685424804688,0
-98.0065612792969,0
-95.7853012084961,0
-92.8492889404297,0
-90.746452331543,0
-90.1922760009766,0
-90.289665222168,0
-90.1415252685547,0
-89.933349609375,0
-90.1596984863281,0
-90.8904190063477,0
-92.0756759643555,0
-93.5196228027344,0
-94.3493118286133,0
-93.7085494995117,0
-92.2394561767578,0
-91.5373916625977,0
-91.8190536499023,0
-91.7547073364258,0
-91.1757736206055,0
-91.9613952636719,0
-94.9722900390625,0
-97.9401550292969,0
-98.225715637207,0
-96.2266159057617,0
-93.932373046875,0
-91.2923049926758,0
-86.66650390625,0
-80.4182357788086,0
-75.2483291625977,0
-72.5087890625,0
-70.5171966552734,0
-67.39306640625,0
-63.668888092041,0
-60.9954452514648,0
-59.756160736084,0
-59.1965255737305,0
-58.8679695129395,0
-58.799732208252,0
-58.9912910461426,0
-59.6667671203613,0
-61.2725791931152,0
-63.2542037963867,0
-63.5930404663086,0
-60.8237380981445,0
-56.1808738708496,0
-52.5446624755859,0
-51.2811698913574,0
-51.1488265991211,0
-50.4220542907715,0
-49.0170097351074,0
-47.9444618225098,0
-47.3233222961426,0
-45.7488555908203,0
-41.7092361450195,0
-35.3368988037109,0
-28.5262241363525,0
-23.0543537139893,0
-18.5077819824219,0
-12.6305627822876,0
-4.35789632797241,0
4.0051441192627,0
8.91743183135986,0
10.0107173919678,0
10.8320341110229,0
14.3692998886108,0
19.319896697998,0
22.3619327545166,0
22.9441871643066,0
23.4535160064697,0
25.0003604888916,0
25.8825817108154,0
25.0610904693604,0
24.5828552246094,0
26.773681640625,0
30.8331661224365,0
34.2644729614258,0
36.3592834472656,0
38.0078926086426,0
38.9847526550293,0
38.0100288391113,0
35.3253135681152,0
32.8098831176758,0
31.2682456970215,0
29.6968574523926,0
27.6109848022461,0
25.9557094573975,0
24.9758148193359,0
23.2154426574707,0
19.7496566772461,0
15.6727209091187,0
12.0670166015625,0
8.05582904815674,0
2.49457788467407,0
-3.62739682197571,0
-8.40432357788086,0
-12.0264978408813,0
-16.6596298217773,0
-23.2735919952393,0
-30.1508350372314,0
-35.0100021362305,0
-37.551872253418,0
-39.3122596740723,0
-41.6505012512207,0
-44.5470390319824,0
-47.1931228637695,0
-49.1690483093262,0
-50.6923789978027,0
-51.8586349487305,0
-52.2148857116699,0
-51.4518165588379,0
-50.0265808105469,0
-48.3395500183105,0
-45.5326232910156,0
-40.123649597168,0
-32.0402870178223,0
-23.1556797027588,0
-15.4475860595703,0
-9.38791275024414,0
-4.56130886077881,0
-1.01107668876648,0
0.923777341842651,0
1.81021451950073,0
3.32804822921753,0
6.95830011367798,0
12.5205173492432,0
18.0642910003662,0
21.4557514190674,0
22.409595489502,0
22.8638534545898,0
25.0717525482178,0
29.5167770385742,0
34.8852691650391,0
39.4107360839844,0
41.6191787719727,0
40.6517562866211,0
37.250560760498,0
34.0146827697754,0
33.0577239990234,0
33.3843994140625,0
32.1435737609863,0
28.5890789031982,0
24.9550457000732,0
22.85915184021,0
20.8108654022217,0
16.5461692810059,0
10.3009548187256,0
4.16527938842773,0
-0.830457329750061,0
-5.36935186386108,0
-10.115818977356,0
-14.7357654571533,0
-18.4385643005371,0
-20.5298976898193,0
-20.7926082611084,0
-20.1691398620605,0
-20.5047950744629,0
-22.671875,0
-25.6086120605469,0
-28.2636604309082,0
-31.5669593811035,0
-36.8294792175293,0
-42.8729400634766,0
-46.9569435119629,0
-48.6123428344727,0
-50.2992515563965,0
-53.5564193725586,0
-56.6595649719238,0
-57.5586967468262,0
-57.4101257324219,0
-58.9796447753906,0
-62.190242767334,0
-63.4421691894531,0
-59.6162910461426,0
-51.1433448791504,0
-40.6427383422852,0
-29.9909763336182,0
-19.5854263305664,0
-9.22291946411133,0
1.73038637638092,0
14.4095811843872,0
29.060094833374,0
43.5239372253418,0
54.6278915405273,0
61.687572479248,0
67.4246368408203,0
74.5147705078125,0
82.2943572998047,0
88.1873168945312,0
91.5196685791016,0
93.9466934204102,0
96.1910781860352,0
96.6261291503906,0
94.1178283691406,0
90.4743118286133,0
88.3227081298828,0
87.5308685302734,0
85.6001815795898,0
81.1752700805664,0
75.2723999023438,0
69.0530319213867,0
62.4195098876953,0
55.4651870727539,0
49.4284744262695,0
44.8583564758301,0
40.146598815918,0
33.5461463928223,0
25.9377040863037,0
19.9261531829834,0
16.5318450927734,0
14.4922828674316,0
12.8093271255493,0
12.0066289901733,0
12.1512451171875,0
11.4988813400269,0
8.69518756866455,0
5.20434999465942,0
3.62515091896057,0
3.96831679344177,0
3.58925938606262,0
1.12054979801178,0
-1.43429481983185,0
-1.54700255393982,0
0.445905238389969,0
2.43645071983337,0
4.07176828384399,0
7.04013967514038,0
11.7944355010986,0
16.0831451416016,0
17.7369594573975,0
17.40895652771,0
17.0837478637695,0
16.8230323791504,0
14.8515615463257,0
10.739914894104,0
6.67324924468994,0
4.89672994613647,0
5.22401809692383,0
6.0423583984375,0
6.78218221664429,0
8.0435266494751,0
9.71346759796143,0
10.4675226211548,0
9.47749805450439,0
7.56768321990967,0
6.11618232727051,0
5.52729511260986,0
5.39865970611572,0
5.59090137481689,0
6.25737190246582,0
7.02697372436523,0
7.06768417358398,0
6.22127294540405,0
5.51184892654419,0
6.16128396987915,0
8.39975261688232,0
11.6069068908691,0
15.5147037506104,0
20.9166774749756,0
28.975772857666,0
39.8164978027344,0
51.9870910644531,0
63.6751480102539,0
74.6252670288086,0
86.515495300293,0
101.049293518066,0
117.940551757812,0
135.331573486328,0
151.912612915039,0
167.595642089844,0
181.939224243164,0
193.334457397461,0
201.0068359375,0
207.001968383789,0
214.22119140625,0
222.0869140625,0
225.889755249023,0
221.812728881836,0
211.686111450195,0
201.024963378906,0
192.491027832031,0
183.173477172852,0
169.121032714844,0
150.914840698242,0
132.934906005859,0
117.746826171875,0
103.415390014648,0
86.9659423828125,0
68.6656646728516,0
51.3228607177734,0
36.2913398742676,0
22.107738494873,0
7.1873950958252,0
-7.79112339019775,0
-20.9813060760498,0
-31.769603729248,0
-41.0747108459473,0
-49.8317794799805,0
-58.1662406921387,0
-65.8287887573242,0
-72.552604675293,0
-77.9696731567383,0
-81.8821182250977,0
-84.735710144043,0
-87.3433837890625,0
-90.1215209960938,0
-92.9720153808594,0
-95.6475830078125,0
-97.5587539672852,0
-97.478157043457,0
-94.4893341064453,0
-89.410774230957,0
-84.3618698120117,0
-80.6501235961914,0
-77.9839553833008,0
-75.9607086181641,0
-74.9513168334961,0
-74.6871948242188,0
-73.3359985351562,0
-69.5850372314453,0
-64.9697189331055,0
-62.3290634155273,0
-61.9695892333984,0
-61.0921401977539,0
-57.5735359191895,0
-52.8126182556152,0
-49.6694717407227,0
-48.4449729919434,0
-46.3032035827637,0
-40.6306800842285,0
-31.893087387085,0
-22.7865505218506,0
-15.2798891067505,0
-9.18167304992676,0
-3.35140347480774,0
2.62501645088196,0
8.51512813568115,0
14.6401147842407,0
21.8865203857422,0
30.1616363525391,0
37.6806297302246,0
42.7022666931152,0
45.7504806518555,0
49.2304458618164,0
54.6983871459961,0
61.2784042358398,0
67.2026977539062,0
72.2844543457031,0
78.0471801757812,0
85.5157241821289,0
93.7302169799805,0
100.908950805664,0
106.595085144043,0
111.89640045166,0
117.614730834961,0
122.976219177246,0
126.790199279785,0
129.371841430664,0
132.40625,0
136.837249755859,0
141.688751220703,0
145.417022705078,0
147.914001464844,0
150.573104858398,0
154.567321777344,0
159.616088867188,0
164.47966003418,0
168.236450195312,0
170.908401489258,0
173.119766235352,0
175.416961669922,0
177.899826049805,0
180.382431030273,0
182.848663330078,0
185.712295532227,0
189.583648681641,0
194.802734375,0
201.313507080078,0
209.079299926758,0
218.554931640625,0
230.588882446289,0
245.791793823242,0
264.049346923828,0
284.527648925781,0
305.683868408203,0
324.936187744141,0
338.802490234375,0
344.425384521484,0
341.555267333984,0
332.742340087891,0
321.196655273438,0
308.596038818359,0
295.044128417969,0
280.469482421875,0
265.238494873047,0
249.522476196289,0
232.932388305664,0
215.232955932617,0
197.094421386719,0
179.738174438477,0
163.850677490234,0
149.042587280273,0
134.478454589844,0
120.010688781738,0
106.518768310547,0
94.9472427368164,0
85.1881866455078,0
76.3615112304688,0
68.1613235473633,0
61.2435646057129,0
56.0390319824219,0
51.9888114929199,0
48.567699432373,0
46.2734184265137,0
45.5665817260742,0
45.4328536987305,0
44.4776000976562,0
43.329174041748,0
44.2607536315918,0
47.9455261230469,0
52.2182579040527,0
55.0483512878418,0
57.2545928955078,0
60.7191467285156,0
65.0728530883789,0
68.345817565918,0
70.5458068847656,0
74.1396484375,0
80.2932205200195,0
86.6653747558594,0
90.3056869506836,0
91.3987121582031,0
92.5646743774414,0
95.2921142578125,0
98.7714996337891,0
101.910369873047,0
104.666458129883,0
106.979072570801,0
107.877128601074,0
106.652282714844,0
104.210784912109,0
102.357727050781,0
102.021591186523,0
102.868965148926,0
104.485931396484,0
107.146369934082,0
111.156402587891,0
115.992065429688,0
120.645881652832,0
124.690467834473,0
128.423217773438,0
131.838348388672,0
134.130737304688,0
134.804336547852,0
134.790115356445,0
135.505783081055,0
136.897811889648,0
137.54313659668,0
137.035308837891,0
137.103439331055,0
139.455093383789,0
143.327926635742,0
146.412002563477,0
147.858840942383,0
149.066986083984,0
151.362289428711,0
154.164703369141,0
156.151428222656,0
157.387847900391,0
159.214401245117,0
162.143356323242,0
164.861404418945,0
165.792221069336,0
165.031127929688,0
163.902648925781,0
162.794876098633,0
160.567291259766,0
156.621429443359,0
152.541213989258,0
150.500015258789,0
150.491653442383,0
150.483108520508,0
149.293579101562,0
147.938705444336,0
147.716949462891,0
148.220886230469,0
148.030670166016,0
146.524505615234,0
144.214447021484,0
141.863662719727,0
139.866561889648,0
137.963729858398,0
135.134170532227,0
130.416915893555,0
124.222602844238,0
118.064643859863,0
112.70499420166,0
107.691207885742,0
103.181213378906,0
100.66438293457,0
100.778587341309,0
101.928108215332,0
102.729011535645,0
104.602203369141,0
109.861404418945,0
118.045684814453,0
126.496681213379,0
134.146102905273,0
142.054733276367,0
149.985488891602,0
155.272308349609,0
156.20280456543,0
154.17578125,0
151.044342041016,0
146.419067382812,0
139.448532104492,0
131.349578857422,0
123.631889343262,0
115.038703918457,0
103.18531036377,0
88.9493026733398,0
76.3588104248047,0
67.5052719116211,0
59.9163360595703,0
50.0923233032227,0
37.906681060791,0
26.1913051605225,0
17.1312808990479,0
10.3392896652222,0
3.82761693000793,0
-4.07283210754395,0
-13.3047466278076,0
-22.0005702972412,0
-28.319938659668,0
-32.6560668945312,0
-37.1605224609375,0
-42.7912750244141,0
-48.0350952148438,0
-51.0744247436523,0
-51.7457695007324,0
-50.4316329956055,0
-46.7346115112305,0
-41.0526733398438,0
-36.2241477966309,0
-35.1757278442383,0
-37.1237907409668,0
-38.1922569274902,0
-36.0107154846191,0
-31.8929252624512,0
-28.1309986114502,0
-25.0908088684082,0
-21.9932079315186,0
-19.0136070251465,0
-17.0504188537598,0
-16.0494728088379,0
-14.8915309906006,0
-12.8569784164429,0
-10.3318452835083,0
-8.05509281158447,0
-6.33791732788086,0
-5.16961717605591,0
-4.61499786376953,0
-4.77232265472412,0
-5.40887403488159,0
-5.86275768280029,0
-5.50328826904297,0
-4.28370237350464,0
-2.56132698059082,0
-0.264413923025131,0
3.32008028030396,0
8.52453899383545,0
14.4274578094482,0
19.5702438354492,0
23.3280200958252,0
26.0260906219482,0
28.0219383239746,0
29.4451885223389,0
30.5907859802246,0
31.5915336608887,0
31.8044414520264,0
30.6123733520508,0
28.7752094268799,0
27.5847053527832,0
26.5085983276367,0
23.4728965759277,0
18.256383895874,0
13.6659498214722,0
11.7630815505981,0
10.5752534866333,0
6.82954883575439,0
0.879710495471954,0
-3.86957740783691,0
-6.21006059646606,0
-8.87258720397949,0
-14.3398666381836,0
-21.5178470611572,0
-27.9120769500732,0
-33.0003852844238,0
-37.7147521972656,0
-42.203498840332,0
-46.126049041748,0
-50.1575927734375,0
-55.1901550292969,0
-60.5050773620605,0
-64.4748458862305,0
-66.8729629516602,0
-69.0136108398438,0
-71.7249603271484,0
-74.503791809082,0
-76.5990753173828,0
-77.7028884887695,0
-77.5630416870117,0
-75.9669494628906,0
-73.0622940063477,0
-68.7810821533203,0
-62.2512893676758,0
-52.8814392089844,0
-41.6227111816406,0
-29.6808242797852,0
-16.1551513671875,0
1.27063345909119,0
22.8901138305664,0
45.7392387390137,0
66.3921508789062,0
83.6759338378906,0
97.9676666259766,0
109.278831481934,0
117.379417419434,0
123.017135620117,0
127.50284576416,0
130.966537475586,0
131.840225219727,0
128.377792358398,0
120.525276184082,0
110.301971435547,0
100.333084106445,0
91.8104705810547,0
83.9436416625977,0
75.5419845581055,0
66.5916366577148,0
57.5983276367188,0
48.0356826782227,0
36.9430961608887,0
25.0779285430908,0
14.7981109619141,0
7.13033246994019,0
0.393402487039566,0
-7.2546854019165,0
-15.1481456756592,0
-21.2947387695312,0
-25.2231578826904,0
-28.0794010162354,0
-30.5320281982422,0
-32.3160820007324,0
-33.6285934448242,0
-35.2470703125,0
-37.1190185546875,0
-38.3765716552734,0
-38.9910621643066,0
-39.8588752746582,0
-40.8687591552734,0
-40.5652122497559,0
-38.4514427185059,0
-36.0055160522461,0
-34.4281272888184,0
-32.9393501281738,0
-30.5085372924805,0
-27.6670970916748,0
-25.01340675354,0
-21.4794769287109,0
-16.2072467803955,0
-10.9241628646851,0
-7.97603464126587,0
-6.83386754989624,0
-5.22962856292725,0
-3.13729286193848,0
-2.49930953979492,0
-3.14365935325623,0
-2.54427170753479,0
-0.343049705028534,0
0.498437583446503,0
-1.44216990470886,0
-3.43888783454895,0
-3.04013085365295,0
-2.00903630256653,0
-3.00432133674622,0
-4.89353609085083,0
-4.72351121902466,0
-2.43640637397766,0
0.0362848564982414,0
3.08056950569153,0
8.85316276550293,0
16.8435306549072,0
23.758207321167,0
28.0838012695312,0
31.2984848022461,0
33.9210586547852,0
33.8588752746582,0
30.22043800354,0
25.9124088287354,0
24.2974300384521,0
25.031005859375,0
25.1155166625977,0
22.8075428009033,0
18.6635799407959,0
13.5111503601074,0
7.18757247924805,0
-0.626124024391174,0
-9.34134960174561,0
-17.6137714385986,0
-24.4781646728516,0
-30.3462524414062,0
-36.5380554199219,0
-43.4468078613281,0
-49.8193168640137,0
-54.7136573791504,0
-59.3395347595215,0
-65.3489532470703,0
-71.739860534668,0
-75.5089492797852,0
-75.5908737182617,0
-74.1334762573242,0
-73.2180709838867,0
-72.2479858398438,0
-69.6914672851562,0
-65.7362365722656,0
-61.6840667724609,0
-57.8274803161621,0
-53.5138053894043,0
-48.7106666564941,0
-44.1370048522949,0
-40.170711517334,0
-36.7218589782715,0
-33.8805809020996,0
-31.6760540008545,0
-29.4623279571533,0
-26.5737895965576,0
-23.45969581604,0
-21.1426334381104,0
-19.4692230224609,0
-16.8609733581543,0
-12.2364597320557,0
-6.67169284820557,0
-2.76947736740112,0
-2.49897527694702,0
-5.59695625305176,0
-9.80433368682861,0
-12.8298759460449,0
-14.5557584762573,0
-17.2139110565186,0
-22.8157386779785,0
-30.5117435455322,0
-37.4040336608887,0
-42.2308235168457,0
-47.1227493286133,0
-54.7150421142578,0
-64.2751312255859,0
-72.2348709106445,0
-76.5751113891602,0
-79.1064987182617,0
-82.7001495361328,0
-87.5721282958984,0
-91.5438690185547,0
-93.1010971069336,0
-92.5804672241211,0
-90.5841064453125,0
-86.9489440917969,0
-81.8234405517578,0
-76.5342636108398,0
-72.5244140625,0
-69.9828033447266,0
-68.0201187133789,0
-65.7047119140625,0
-62.618465423584,0
-59.0175018310547,0
-55.7941589355469,0
-53.6139068603516,0
-51.7041778564453,0
-48.2651329040527,0
-42.6582221984863,0
-36.4738807678223,0
-31.7103214263916,0
-28.5365505218506,0
-25.7499103546143,0
-22.9538879394531,0
-21.1869888305664,0
-21.4892578125,0
-23.8009757995605,0
-27.398307800293,0
-31.6661777496338,0
-36.277027130127,0
-41.241024017334,0
-46.9439430236816,0
-53.5269622802734,0
-60.0405654907227,0
-64.9164962768555,0
-67.7505187988281,0
-70.0777359008789,0
-73.7046051025391,0
-78.5439910888672,0
-82.8902282714844,0
-85.8778305053711,0
-88.7729568481445,0
-93.2074890136719,0
-98.6977996826172,0
-102.945404052734,0
-104.666595458984,0
-105.144454956055,0
-106.455513000488,0
-108.983551025391,0
-111.612533569336,0
-113.808212280273,0
-116.130264282227,0
-118.620559692383,0
-120.121788024902,0
-119.916923522949,0
-118.971405029297,0
-118.57396697998,0
-118.594940185547,0
-118.280113220215,0
-118.017677307129,0
-118.648780822754,0
-119.353073120117,0
-118.271644592285,0
-115.572654724121,0
-113.728851318359,0
-113.733413696289,0
-113.268676757812,0
-110.555755615234,0
-108.034217834473,0
-109.162590026855,0
-112.5634765625,0
-113.081420898438,0
-109.069900512695,0
-105.005912780762,0
-105.280197143555,0
-108.493492126465,0
-110.353126525879,0
-109.778190612793,0
-108.969993591309,0
-108.914947509766,0
-108.339302062988,0
-106.822807312012,0
-105.772102355957,0
-105.851043701172,0
-106.037544250488,0
-105.912567138672,0
-106.581405639648,0
-108.38680267334,0
-109.716018676758,0
-109.221839904785,0
-107.564292907715,0
-105.791084289551,0
-103.567565917969,0
-100.45337677002,0
-97.6638412475586,0
-96.85693359375,0
-97.832389831543,0
-98.9392166137695,0
-99.3797302246094,0
-99.7049179077148,0
-100.164779663086,0
-100.020118713379,0
-98.9974899291992,0
-98.4787979125977,0
-100.334465026855,0
-104.624397277832,0
-109.065895080566,0
-111.273567199707,0
-111.433891296387,0
-112.104759216309,0
-115.069091796875,0
-119.191429138184,0
-122.222198486328,0
-123.983154296875,0
-126.273406982422,0
-129.774276733398,0
-132.762237548828,0
-133.414474487305,0
-131.926635742188,0
-129.50862121582,0
-126.581649780273,0
-123.176704406738,0
-120.184448242188,0
-118.760498046875,0
-118.823081970215,0
-119.304458618164,0
-119.720474243164,0
-120.488121032715,0
-121.806045532227,0
-123.204444885254,0
-124.248199462891,0
-124.827735900879,0
-124.65340423584,0
-123.271194458008,0
-120.794845581055,0
-117.956420898438,0
-115.255126953125,0
-112.762138366699,0
-111.028953552246,0
-111.369827270508,0
-114.511764526367,0
-119.235557556152,0
-122.896476745605,0
-123.264068603516,0
-119.740226745605,0
-113.250152587891,0
-105.526184082031,0
-98.414680480957,0
-93.3451538085938,0
-91.077262878418,0
-91.6257705688477,0
-94.0378570556641,0
-96.4194564819336,0
-97.1232757568359,0
-96.412727355957,0
-96.1878662109375,0
-97.400032043457,0
-98.6668395996094,0
-98.6112289428711,0
-98.6138610839844,0
-101.199241638184,0
-105.951126098633,0
-109.56273651123,0
-110.670303344727,0
-112.105194091797,0
-116.629600524902,0
-122.539985656738,0
-126.043632507324,0
-126.695648193359,0
-127.49626159668,0
-129.974700927734,0
-132.25048828125,0
-132.553359985352,0
-131.913848876953,0
-131.974609375,0
-132.17919921875,0
-130.910873413086,0
-128.22346496582,0
-125.829643249512,0
-125.054611206055,0
-126.020248413086,0
-128.193084716797,0
-130.494857788086,0
-131.315231323242,0
-129.679107666016,0
-126.45223236084,0
-123.6787109375,0
-122.73868560791,0
-123.436248779297,0
-124.380065917969,0
-123.779945373535,0
-120.582855224609,0
-115.707794189453,0
-111.734764099121,0
-110.475036621094,0
-111.066902160645,0
-111.183975219727,0
-109.726997375488,0
-107.347213745117,0
-104.605949401855,0
-101.047340393066,0
-96.6213226318359,0
-92.9399566650391,0
-91.9606552124023,0
-93.5148315429688,0
-94.9764099121094,0
-93.7548675537109,0
-89.7366333007812,0
-84.8336639404297,0
-80.4089736938477,0
-75.9974136352539,0
-70.8512496948242,0
-65.7945327758789,0
-62.4425468444824,0
-60.9019088745117,0
-59.5302581787109,0
-57.1905708312988,0
-54.5264320373535,0
-52.4481811523438,0
-50.5948677062988,0
-48.4436225891113,0
-47.0925674438477,0
-48.3617553710938,0
-52.2209091186523,0
-56.5315132141113,0
-59.698314666748,0
-62.4001884460449,0
-66.0183792114258,0
-70.2458267211914,0
-73.2228164672852,0
-73.6557540893555,0
-71.9243240356445,0
-69.2334213256836,0
-66.5652618408203,0
-64.7123031616211,0
-64.6296997070312,0
-67.0973434448242,0
-72.0732650756836,0
-78.6523132324219,0
-85.6145324707031,0
-91.8305740356445,0
-96.2604217529297,0
-98.0086517333984,0
-96.7610168457031,0
-93.1568374633789,0
-88.3993148803711,0
-83.2493133544922,0
-77.572624206543,0
-71.2198181152344,0
-65.1873321533203,0
-61.1392555236816,0
-59.3342514038086,0
-57.6520385742188,0
-53.6224746704102,0
-47.3201522827148,0
-41.2474517822266,0
-37.1212463378906,0
-33.9563751220703,0
-30.2621097564697,0
-27.221586227417,0
-27.9920425415039,0
-33.6822509765625,0
-41.4679946899414,0
-47.4590377807617,0
-50.4349555969238,0
-51.8198165893555,0
-52.8920364379883,0
-53.5687675476074,0
-53.7698631286621,0
-54.371150970459,0
-56.1596755981445,0
-58.7667808532715,0
-61.2441062927246,0
-63.0912857055664,0
-64.3579177856445,0
-65.4194183349609,0
-66.9185180664062,0
-69.0190582275391,0
-70.4203186035156,0
-69.4238815307617,0
-66.7152099609375,0
-65.6259994506836,0
-68.3277359008789,0
-73.02001953125,0
-76.49267578125,0
-78.2421951293945,0
-79.9441223144531,0
-81.9042282104492,0
-82.8519134521484,0
-82.9472503662109,0
-83.9482727050781,0
-85.9208374023438,0
-86.6473083496094,0
-85.2485885620117,0
-83.7293090820312,0
-83.6878814697266,0
-84.1095733642578,0
-84.0667343139648,0
-85.0721588134766,0
-88.5242538452148,0
-92.8618392944336,0
-95.6809234619141,0
-97.0176773071289,0
-98.091423034668,0
-98.3871002197266,0
-96.8214874267578,0
-94.6337280273438,0
-94.0516586303711,0
-94.6671295166016,0
-94.0914001464844,0
-92.0311660766602,0
-90.9180297851562,0
-92.3227844238281,0
-95.2199401855469,0
-98.0358810424805,0
-100.102180480957,0
-100.861488342285,0
-99.9637680053711,0
-98.4858245849609,0
-97.7888412475586,0
-96.8310394287109,0
-93.0074996948242,0
-86.1684036254883,0
-79.3405990600586,0
-74.7226028442383,0
-71.4427337646484,0
-68.2072601318359,0
-65.4791412353516,0
-63.5143508911133,0
-60.7368125915527,0
-56.168514251709,0
-51.6493186950684,0
-49.567268371582,0
-49.827262878418,0
-50.9365348815918,0
-52.5492324829102,0
-54.7860946655273,0
-56.439281463623,0
-56.4223175048828,0
-56.1543045043945,0
-57.9166831970215,0
-61.2717781066895,0
-63.6471786499023,0
-64.3500747680664,0
-65.3825531005859,0
-67.8682403564453,0
-70.1781005859375,0
-70.6272506713867,0
-70.0275802612305,0
-70.2786102294922,0
-71.9444046020508,0
-74.4971542358398,0
-77.5984191894531,0
-80.6272811889648,0
-81.988655090332,0
-80.6506881713867,0
-77.866455078125,0
-75.7059631347656,0
-74.1153717041016,0
-71.1934509277344,0
-66.5500793457031,0
-62.4765625,0
-60.8299865722656,0
-60.3151817321777,0
-58.431079864502,0
-55.172061920166,0
-52.8574676513672,0
-52.5060348510742,0
-52.5004959106445,0
-51.5420913696289,0
-51.0418548583984,0
-53.0156173706055,0
-56.7735633850098,0
-59.6913528442383,0
-60.8902397155762,0
-62.0280342102051,0
-64.0201034545898,0
-65.0217590332031,0
-63.0086135864258,0
-58.9451904296875,0
-55.5142784118652,0
-53.3141288757324,0
-50.3601913452148,0
-45.5211639404297,0
-40.4603271484375,0
-37.1932640075684,0
-35.270378112793,0
-32.9241027832031,0
-30.0789108276367,0
-28.3903656005859,0
-28.5510711669922,0
-29.3684425354004,0
-29.7766761779785,0
-30.0862255096436,0
-30.6427173614502,0
-30.9214363098145,0
-31.0338802337646,0
-32.6096229553223,0
-36.573127746582,0
-41.1697158813477,0
-44.138256072998,0
-46.1042633056641,0
-49.5316925048828,0
-54.5177688598633,0
-58.2372016906738,0
-59.2216567993164,0
-59.679313659668,0
-61.997730255127,0
-64.8757553100586,0
-65.1075057983398,0
-62.1677360534668,0
-58.8033561706543,0
-57.4399528503418,0
-58.0681953430176,0
-59.767635345459,0
-62.3038101196289,0
-65.4774017333984,0
-68.4301223754883,0
-70.6764984130859,0
-72.8877334594727,0
-75.6394348144531,0
-78.0064468383789,0
-78.4036102294922,0
-76.565544128418,0
-73.8858795166016,0
-71.8024826049805,0
-70.312629699707,0
-68.0431518554688,0
-63.5525550842285,0
-56.7788314819336,0
-49.36181640625,0
-43.123176574707,0
-38.0561065673828,0
-32.5410766601562,0
-26.0877914428711,0
-21.1296653747559,0
-21.0872802734375,0
-26.7881126403809,0
-35.4555206298828,0
-43.0558433532715,0
-47.2098617553711,0
-48.4323768615723,0
-49.4796409606934,0
-53.1439971923828,0
-59.669303894043,0
-66.4340438842773,0
-70.890266418457,0
-73.3005752563477,0
-75.5383605957031,0
-77.8858413696289,0
-78.7489547729492,0
-77.3808670043945,0
-75.0494232177734,0
-73.2371368408203,0
-72.3443603515625,0
-72.4698944091797,0
-73.648796081543,0
-74.7530670166016,0
-74.0398101806641,0
-71.6779632568359,0
-69.963020324707,0
-69.9846496582031,0
-69.860107421875,0
-67.5560150146484,0
-63.6995620727539,0
-59.9991111755371,0
-56.5571708679199,0
-52.7336196899414,0
-49.2762489318848,0
-47.3115577697754,0
-46.199390411377,0
-44.7506256103516,0
-43.8825492858887,0
-45.5133666992188,0
-48.9905815124512,0
-51.0825729370117,0
-49.8031692504883,0
-46.112060546875,0
-41.5125045776367,0
-36.2813835144043,0
-30.971076965332,0
-27.5719661712646,0
-27.62087059021,0
-30.3012523651123,0
-33.6704864501953,0
-36.8731155395508,0
-40.0126609802246,0
-42.6761932373047,0
-43.9843902587891,0
-43.8244209289551,0
-42.8497924804688,0
-41.2236213684082,0
-38.3195114135742,0
-33.9662170410156,0
-29.3572940826416,0
-26.3208160400391,0
-25.9589443206787,0
-28.1982955932617,0
-32.2460823059082,0
-36.9530448913574,0
-40.9290657043457,0
-43.1611595153809,0
-43.9480476379395,0
-44.5877685546875,0
-45.4210891723633,0
-44.7032737731934,0
-40.5578002929688,0
-33.913646697998,0
-28.0904426574707,0
-25.0414047241211,0
-23.3536128997803,0
-20.7614288330078,0
-17.2590713500977,0
-14.3228197097778,0
-12.1410436630249,0
-9.64203357696533,0
-6.96941423416138,0
-5.7874231338501,0
-6.58960056304932,0
-7.41845798492432,0
-6.16172456741333,0
-2.78394341468811,0
1.75364136695862,0
7.49820566177368,0
14.7747478485107,0
22.00927734375,0
26.0784950256348,0
25.2713241577148,0
20.9664688110352,0
16.0623016357422,0
12.4513998031616,0
10.2228021621704,0
8.50296401977539,0
6.48098611831665,0
3.92501139640808,0
1.08458209037781,0
-1.93077492713928,0
-5.46989059448242,0
-9.532639503479,0
-12.7983541488647,0
-13.3714971542358,0
-10.8449211120605,0
-6.91964054107666,0
-3.58245539665222,0
-1.39252734184265,0
-0.0359852463006973,0
0.420965880155563,0
-0.06818937510252,0
-0.520758390426636,0
0.210942983627319,0
1.56777143478394,0
1.65930271148682,0
-0.0486674383282661,0
-1.59943306446075,0
-0.865942716598511,0
1.90473711490631,0
4.87502241134644,0
7.30112409591675,0
10.1147441864014,0
13.9122257232666,0
17.7112464904785,0
20.2414150238037,0
21.4702816009521,0
21.9866523742676,0
21.5188674926758,0
19.2082557678223,0
15.2748498916626,0
11.3506631851196,0
8.7641134262085,0
7.15829133987427,0
5.25323629379272,0
2.51990985870361,0
-0.3280308842659,0
-2.1634624004364,0
-2.37638688087463,0
-1.27838397026062,0
-0.00392911536619067,0
0.13158006966114,0
-1.49338829517365,0
-4.48138380050659,0
-7.76251840591431,0
-9.97631454467773,0
-9.92277050018311,0
-7.5106635093689,0
-4.12540102005005,0
-1.02139449119568,0
2.45576667785645,0
7.47747087478638,0
12.6229572296143,0
14.6546421051025,0
13.3755025863647,0
12.8963088989258,0
15.8100566864014,0
18.6715431213379,0
16.8224315643311,0
12.0261220932007,0
10.7183475494385,0
14.8037958145142,0
18.9568347930908,0
18.4433574676514,0
15.3204765319824,0
14.312403678894,0
16.0685520172119,0
18.0170211791992,0
19.4601440429688,0
21.6849365234375,0
23.9707889556885,0
23.5207233428955,0
19.8513698577881,0
16.1956806182861,0
15.4848461151123,0
17.0903511047363,0
18.6343078613281,0
19.2673435211182,0
19.7940158843994,0
20.760799407959,0
22.0325107574463,0
23.9587345123291,0
27.6577739715576,0
33.7318458557129,0
41.2248153686523,0
48.2935218811035,0
53.8717994689941,0
58.4019050598145,0
62.8089714050293,0
67.0677108764648,0
70.2162628173828,0
71.6134567260742,0
71.5068283081055,0
70.2776336669922,0
67.9215087890625,0
64.714958190918,0
61.7633743286133,0
60.2314414978027,0
60.2447967529297,0
60.8860282897949,0
61.0179710388184,0
60.0262680053711,0
58.3320159912109,0
57.3161430358887,0
57.8898086547852,0
58.8270225524902,0
57.6521797180176,0
53.9181060791016,0
50.3983306884766,0
49.8169364929199,0
51.4819564819336,0
52.7843246459961,0
53.0605545043945,0
53.6910820007324,0
54.8169097900391,0
54.8006973266602,0
53.5042991638184,0
53.315788269043,0
55.524284362793,0
58.1215705871582,0
59.161548614502,0
60.0727691650391,0
62.8921127319336,0
65.8725967407227,0
65.3508377075195,0
61.4733276367188,0
58.5267753601074,0
59.1437797546387,0
61.4255714416504,0
62.8660621643066,0
64.1064605712891,0
67.0251235961914,0
71.5302276611328,0
76.3559265136719,0
81.1716079711914,0
85.6977920532227,0
88.2507247924805,0
87.5734176635742,0
85.112419128418,0
83.1309585571289,0
81.2418975830078,0
77.1937866210938,0
70.8525466918945,0
65.1174697875977,0
62.615795135498,0
63.2762603759766,0
65.4509811401367,0
67.787223815918,0
69.5101776123047,0
70.219482421875,0
70.0831604003906,0
69.5176391601562,0
68.4906539916992,0
66.8150177001953,0
64.9858016967773,0
63.8349113464355,0
63.4723167419434,0
63.4261093139648,0
63.5813903808594,0
64.0013809204102,0
64.0951766967773,0
63.101921081543,0
61.27197265625,0
59.4567108154297,0
57.6035270690918,0
54.7757606506348,0
50.7177238464355,0
46.4247398376465,0
43.085563659668,0
41.1932144165039,0
40.4813842773438,0
39.8906402587891,0
37.953914642334,0
34.2697906494141,0
30.2920093536377,0
27.5404644012451,0
25.3788051605225,0
21.9120330810547,0
16.9104995727539,0
12.4024267196655,0
10.3107137680054,0
10.8217134475708,0
13.1084842681885,0
16.1710834503174,0
18.6868209838867,0
19.5040454864502,0
18.8694248199463,0
18.0716953277588,0
17.5272331237793,0
16.470911026001,0
14.9515933990479,0
14.6576499938965,0
16.8747043609619,0
20.7762012481689,0
24.6954498291016,0
28.0887603759766,0
31.2072792053223,0
33.8004570007324,0
35.5510673522949,0
37.2833023071289,0
40.2565383911133,0
44.1853179931641,0
47.0570526123047,0
47.2089996337891,0
44.9414901733398,0
41.964656829834,0
39.8155212402344,0
38.8418960571289,0
38.1051826477051,0
36.070728302002,0
31.7850494384766,0
25.5497932434082,0
18.423246383667,0
11.5277919769287,0
6.25066900253296,0
4.29306936264038,0
6.16159057617188,0
9.73756217956543,0
11.8336839675903,0
11.6069021224976,0
11.1156616210938,0
11.843770980835,0
12.136079788208,0
9.46416759490967,0
4.27933740615845,0
-0.141943365335464,0
-1.49237644672394,0
-0.580733716487885,0
0.368551433086395,0
0.134051814675331,0
-1.19138050079346,0
-3.06561350822449,0
-4.86320161819458,0
-6.00657558441162,0
-6.34579944610596,0
-6.10558605194092,0
-5.3251519203186,0
-3.94073486328125,0
-2.50506353378296,0
-1.91652536392212,0
-2.05537557601929,0
-1.62280368804932,0
0.0230247937142849,0
1.72348356246948,0
2.0771210193634,0
1.43071711063385,0
1.214231133461,0
1.72906935214996,0
1.85498368740082,0
0.908909976482391,0
-0.390812993049622,0
-1.0644987821579,0
-1.02116465568542,0
-0.801999270915985,0
-1.0809223651886,0
-2.6704261302948,0
-5.9242582321167,0
-9.61591911315918,0
-11.5689306259155,0
-11.2256412506104,0
-10.4179821014404,0
-10.4184465408325,0
-9.50415992736816,0
-5.41021871566772,0
0.635356605052948,0
5.01091861724854,0
6.98233985900879,0
10.0029716491699,0
16.4529399871826,0
23.6126136779785,0
27.145902633667,0
26.8734874725342,0
26.2994213104248,0
27.2912139892578,0
28.3583755493164,0
28.3116054534912,0
28.4071292877197,0
29.5103244781494,0
29.7856330871582,0
27.5437240600586,0
24.7823104858398,0
25.1098308563232,0
28.5603790283203,0
31.1230449676514,0
29.9525127410889,0
26.7978515625,0
25.0483379364014,0
25.1814861297607,0
25.0142135620117,0
23.3707218170166,0
21.169677734375,0
19.0269718170166,0
16.1592292785645,0
12.4381799697876,0
9.4905948638916,0
8.30327606201172,0
7.25830602645874,0
4.3850736618042,0
0.476176619529724,0
-2.21880578994751,0
-3.76749277114868,0
-6.4621844291687,0
-10.8993377685547,0
-14.889476776123,0
-17.1907711029053,0
-19.7526988983154,0
-24.4828853607178,0
-29.7677154541016,0
-32.443416595459,0
-31.9530811309814,0
-30.2986450195312,0
-28.8231105804443,0
-27.5240726470947,0
-27.063756942749,0
-28.7006092071533,0
-31.8055095672607,0
-33.7392730712891,0
-33.0462036132812,0
-31.0767841339111,0
-29.7053279876709,0
-29.0107555389404,0
-28.0671005249023,0
-26.6851673126221,0
-25.4902782440186,0
-25.3026065826416,0
-26.95654296875,0
-30.4726295471191,0
-33.8899841308594,0
-34.4315986633301,0
-31.6431446075439,0
-27.9548225402832,0
-25.3327503204346,0
-23.099967956543,0
-20.3182277679443,0
-18.4866199493408,0
-19.7475204467773,0
-23.4090595245361,0
-26.4174633026123,0
-26.952564239502,0
-25.7463264465332,0
-23.9953384399414,0
-21.7645435333252,0
-18.8255615234375,0
-15.7259178161621,0
-13.3303880691528,0
-11.820050239563,0
-10.4096479415894,0
-7.8444766998291,0
-3.42374634742737,0
2.08929085731506,0
6.90475797653198,0
9.92178344726562,0
11.6286363601685,0
13.1452445983887,0
15.2081413269043,0
18.4570655822754,0
23.4947090148926,0
29.6296672821045,0
34.4827499389648,0
36.1776962280273,0
35.5093154907227,0
34.8013687133789,0
34.944206237793,0
34.7621078491211,0
33.2668876647949,0
31.3407459259033,0
30.6496257781982,0
31.4722766876221,0
32.2943496704102,0
31.7145843505859,0
30.3462944030762,0
30.0530242919922,0
31.1153011322021,0
31.3305130004883,0
28.9996776580811,0
25.7355766296387,0
24.417667388916,0
24.9564647674561,0
24.5481109619141,0
22.207202911377,0
20.2381134033203,0
20.2535877227783,0
20.4871788024902,0
18.8916835784912,0
16.6612606048584,0
16.2612857818604,0
17.4106597900391,0
17.4843158721924,0
15.0931091308594,0
11.1226091384888,0
6.90936470031738,0
3.50007700920105,0
2.1791365146637,0
3.5075409412384,0
5.93670177459717,0
7.23561143875122,0
7.10185432434082,0
6.5417537689209,0
5.11425971984863,0
1.24025046825409,0
-4.62252569198608,0
-9.68316078186035,0
-12.4346923828125,0
-14.2500295639038,0
-16.3572883605957,0
-17.5942993164062,0
-16.8508720397949,0
-15.6975917816162,0
-16.2685356140137,0
-17.8640727996826,0
-18.1875343322754,0
-17.1681690216064,0
-16.715576171875,0
-16.6598968505859,0
-13.9478054046631,0
-7.15411996841431,0
0.512575268745422,0
4.76868295669556,0
5.60337066650391,0
6.96428394317627,0
11.577166557312,0
18.1904029846191,0
24.3233585357666,0
29.9302024841309,0
37.1486663818359,0
47.2910232543945,0
59.276123046875,0
70.8160781860352,0
80.2904586791992,0
87.461311340332,0
93.0147705078125,0
97.5754241943359,0
100.866539001465,0
101.949363708496,0
100.721786499023,0
98.9442367553711,0
98.9079055786133,0
100.834121704102,0
102.366477966309,0
101.189598083496,0
97.6206741333008,0
93.9996032714844,0
91.9663543701172,0
91.1145324707031,0
90.0522689819336,0
87.8412704467773,0
84.2762832641602,0
79.5341033935547,0
73.8986206054688,0
67.4586944580078,0
60.0499649047852,0
51.9376068115234,0
44.3028869628906,0
38.122241973877,0
32.5728187561035,0
25.7331123352051,0
17.2027950286865,0
8.75843334197998,0
1.78988265991211,0
-4.44570922851562,0
-10.8288793563843,0
-16.1023769378662,0
-18.5909767150879,0
-19.3346271514893,0
-21.0627365112305,0
-24.1875381469727,0
-26.4536228179932,0
-27.1310997009277,0
-28.7188892364502,0
-32.8038101196289,0
-36.6611976623535,0
-36.6815872192383,0
-33.7685165405273,0
-32.2360076904297,0
-33.7864227294922,0
-35.7894859313965,0
-36.015754699707,0
-35.8650512695312,0
-37.2285232543945,0
-38.7549896240234,0
-37.9011383056641,0
-35.296443939209,0
-34.1519546508789,0
-35.5237312316895,0
-36.7025718688965,0
-34.9119033813477,0
-30.6926383972168,0
-26.6325359344482,0
-24.0141181945801,0
-21.7994937896729,0
-18.2812480926514,0
-12.9368495941162,0
-6.9442572593689,0
-2.16510725021362,0
0.781060457229614,0
3.42197299003601,0
7.70877170562744,0
13.4867057800293,0
18.7982521057129,0
22.7608337402344,0
26.5742855072021,0
31.0320243835449,0
34.7122344970703,0
36.0831146240234,0
36.2959213256836,0
38.143138885498,0
42.6457786560059,0
48.1497688293457,0
52.6365509033203,0
55.5643692016602,0
57.3139724731445,0
57.9795722961426,0
57.1819725036621,0
54.6264495849609,0
50.7485313415527,0
46.9294967651367,0
44.5236473083496,0
43.2974815368652,0
41.6983222961426,0
39.3369750976562,0
38.0382118225098,0
39.1778945922852,0
41.0914993286133,0
40.9883003234863,0
38.797607421875,0
37.0178680419922,0
36.9507522583008,0
37.3021621704102,0
36.8104591369629,0
36.1046371459961,0
36.1538772583008,0
36.6516799926758,0
36.8893775939941,0
36.7167701721191,0
35.6699066162109,0
32.637279510498,0
27.622241973877,0
22.5839710235596,0
19.1420612335205,0
16.4415016174316,0
12.7877626419067,0
8.62524318695068,0
6.15418434143066,0
6.21114683151245,0
7.15722370147705,0
7.09604501724243,0
5.84093475341797,0
4.16655826568604,0
2.25345230102539,0
-0.203134641051292,0
-2.97699642181396,0
-5.49247646331787,0
-7.99487257003784,0
-11.6222200393677,0
-16.8653049468994,0
-22.4710426330566,0
-26.4654483795166,0
-28.0988941192627,0
-28.2794761657715,0
-28.1576328277588,0
-27.8331775665283,0
-26.6248207092285,0
-24.2791519165039,0
-21.7046909332275,0
-20.4308433532715,0
-20.9617309570312,0
-21.5649814605713,0
-19.6255645751953,0
-15.0001211166382,0
-11.0131425857544,0
-10.5780963897705,0
-12.0724029541016,0
-11.257716178894,0
-7.07676362991333,0
-2.83927512168884,0
-1.12773096561432,0
-0.57257467508316,0
0.735746562480927,0
1.56552481651306,0
0.00700997235253453,0
-2.46354365348816,0
-2.69834685325623,0
-0.662929654121399,0
0.66823148727417,0
-0.16593624651432,0
-1.65173184871674,0
-2.36392521858215,0
-2.65767073631287,0
-2.95991444587708,0
-3.08669638633728,0
-3.90864896774292,0
-7.03730916976929,0
-11.7704315185547,0
-14.7739009857178,0
-14.2345714569092,0
-12.1849737167358,0
-10.9881086349487,0
-9.48176670074463,0
-4.95826864242554,0
2.2066650390625,0
8.43286895751953,0
11.2182664871216,0
11.4510936737061,0
11.1399393081665,0
10.5173768997192,0
8.28466320037842,0
3.93752670288086,0
-1.02868247032166,0
-4.29367351531982,0
-4.88691711425781,0
-4.0186071395874,0
-3.58359909057617,0
-4.1381196975708,0
-5.02790355682373,0
-6.33877897262573,0
-9.42009735107422,0
-14.839316368103,0
-20.9040603637695,0
-25.2721042633057,0
-27.3238353729248,0
-27.850606918335,0
-27.0924129486084,0
-24.6324157714844,0
-21.0520877838135,0
-18.0247592926025,0
-16.3297901153564,0
-15.0835247039795,0
-13.5006866455078,0
-12.1576023101807,0
-11.6929225921631,0
-11.4689378738403,0
-10.7259578704834,0
-10.069709777832,0
-10.2724771499634,0
-10.3407735824585,0
-8.73594093322754,0
-6.23726987838745,0
-5.26436805725098,0
-5.93437957763672,0
-5.29408836364746,0
-1.75231885910034,0
2.11645936965942,0
3.38298416137695,0
3.40485811233521,0
5.56017208099365,0
9.47485542297363,0
11.3400106430054,0
10.1837425231934,0
9.87382316589355,0
13.2236251831055,0
17.4107608795166,0
17.8555812835693,0
14.2059297561646,0
9.33694934844971,0
4.09183549880981,0
-3.24206805229187,0
-12.5850677490234,0
-20.7669467926025,0
-25.3958625793457,0
-27.4099082946777,0
-28.8087406158447,0
-30.126932144165,0
-31.3972110748291,0
-33.5801620483398,0
-37.2424583435059,0
-41.0314407348633,0
-43.1632423400879,0
-43.7861938476562,0
-44.5219764709473,0
-46.1310997009277,0
-47.8303833007812,0
-48.67431640625,0
-48.642333984375,0
-48.461555480957,0
-48.9878730773926,0
-50.5266914367676,0
-52.2417411804199,0
-52.5807723999023,0
-50.8239555358887,0
-47.9492225646973,0
-45.6920967102051,0
-45.2522659301758,0
-47.0773048400879,0
-50.9143676757812,0
-55.4907608032227,0
-59.1779594421387,0
-61.8306083679199,0
-64.9860229492188,0
-69.2789916992188,0
-72.894889831543,0
-74.1391754150391,0
-74.4603424072266,0
-76.7498016357422,0
-81.1375961303711,0
-84.9154205322266,0
-86.7397918701172,0
-88.3285980224609,0
-91.1205596923828,0
-93.6766586303711,0
-94.0738220214844,0
-93.1382141113281,0
-93.3198547363281,0
-95.3844375610352,0
-98.0344848632812,0
-100.065765380859,0
-101.166374206543,0
-101.188514709473,0
-100.410797119141,0
-100.05020904541,0
-100.63053894043,0
-100.22257232666,0
-96.5269088745117,0
-90.7382507324219,0
-86.9034652709961,0
-86.7825546264648,0
-87.6532821655273,0
-86.3046264648438,0
-82.9641723632812,0
-79.5973434448242,0
-76.3343658447266,0
-72.0318450927734,0
-67.2428512573242,0
-64.0241394042969,0
-63.033447265625,0
-62.9555435180664,0
-62.7914886474609,0
-62.7287826538086,0
-62.5285987854004,0
-61.0141410827637,0
-57.8573608398438,0
-54.341682434082,0
-51.5354194641113,0
-48.9167633056641,0
-45.632209777832,0
-42.1073608398438,0
-39.5048065185547,0
-38.2316055297852,0
-37.6540603637695,0
-36.7264823913574,0
-34.4685935974121,0
-30.5966186523438,0
-26.2026767730713,0
-22.9255485534668,0
-20.7790355682373,0
-17.8515300750732,0
-13.2635536193848,0
-9.4077615737915,0
-9.41577625274658,0
-12.6855669021606,0
-15.0244255065918,0
-13.8560886383057,0
-11.4106645584106,0
-11.386284828186,0
-13.9018993377686,0
-15.8490571975708,0
-15.6489381790161,0
-15.2472877502441,0
-16.9544696807861,0
-20.4691772460938,0
-24.1886043548584,0
-27.6883430480957,0
-31.1851139068604,0
-33.7969055175781,0
-34.4295997619629,0
-33.7800827026367,0
-33.331371307373,0
-32.5479354858398,0
-29.2975120544434,0
-23.4111251831055,0
-17.6830024719238,0
-14.4422302246094,0
-12.8923196792603,0
-10.9253377914429,0
-7.99991130828857,0
-4.90296983718872,0
-1.97540235519409,0
0.916701316833496,0
3.62571835517883,0
6.43198251724243,0
10.6680746078491,0
16.9930191040039,0
23.5567646026611,0
27.5029258728027,0
28.1148242950439,0
27.1550846099854,0
26.4053268432617,0
26.3037719726562,0
26.7565593719482,0
27.6606216430664,0
28.5167808532715,0
28.9081783294678,0
29.3457832336426,0
30.1646404266357,0
29.749080657959,0
25.9046993255615,0
19.3522167205811,0
13.6492910385132,0
10.7339715957642,0
8.74319553375244,0
5.7128758430481,0
3.27125000953674,0
4.26415872573853,0
8.09101963043213,0
11.1910848617554,0
11.752236366272,0
11.3784856796265,0
11.971604347229,0
13.3235301971436,0
14.3820848464966,0
14.855170249939,0
14.6713161468506,0
13.5311403274536,0
11.9503841400146,0
11.2022008895874,0
11.0749235153198,0
9.08561229705811,0
3.42213773727417,0
-4.23511123657227,0
-10.3107929229736,0
-13.2237453460693,0
-14.4008197784424,0
-15.9083185195923,0
-18.5214385986328,0
-21.9802780151367,0
-25.6151294708252,0
-28.2473926544189,0
-28.5766105651855,0
-26.4650630950928,0
-23.4049377441406,0
-21.1343383789062,0
-19.9347515106201,0
-18.666410446167,0
-16.4479846954346,0
-13.9539356231689,0
-12.779167175293,0
-13.5866203308105,0
-15.2681713104248,0
-16.1251373291016,0
-15.4437522888184,0
-13.4937105178833,0
-10.5141954421997,0
-6.57314682006836,0
-2.15044569969177,0
2.20339250564575,0
6.75856828689575,0
12.0482778549194,0
17.3529682159424,0
21.0344467163086,0
22.7244262695312,0
23.8667640686035,0
25.5419540405273,0
27.1020317077637,0
27.7433109283447,0
28.1112327575684,0
29.3113555908203,0
31.4559593200684,0
34.2209701538086,0
37.6781387329102,0
41.4175605773926,0
44.0226058959961,0
44.7335357666016,0
44.511058807373,0
44.1268577575684,0
42.5753211975098,0
39.0828323364258,0
35.2424659729004,0
32.9227104187012,0
31.3093433380127,0
28.6788806915283,0
26.0773544311523,0
26.0204734802246,0
28.03830909729,0
29.1669845581055,0
29.1357078552246,0
31.1683139801025,0
36.3330688476562,0
40.764217376709,0
40.7968215942383,0
37.969799041748,0
36.1623840332031,0
35.9306564331055,0
34.7443466186523,0
31.4788303375244,0
27.6148529052734,0
24.609375,0
22.8441524505615,0
22.9693756103516,0
25.6574287414551,0
29.642822265625,0
32.1414031982422,0
31.9022216796875,0
30.3825569152832,0
29.5399055480957,0
29.953498840332,0
31.5430240631104,0
34.538402557373,0
38.790283203125,0
43.1641387939453,0
46.5578765869141,0
48.9225044250488,0
50.6632080078125,0
51.6972961425781,0
51.841064453125,0
51.6485748291016,0
52.0219306945801,0
53.0749092102051,0
54.0525970458984,0
54.5279655456543,0
55.1567420959473,0
56.7807121276855,0
58.9464416503906,0
59.9678726196289,0
58.8208847045898,0
56.4618759155273,0
54.5524444580078,0
53.2277145385742,0
51.2439041137695,0
48.3582725524902,0
46.1087455749512,0
45.478141784668,0
45.035213470459,0
42.6982002258301,0
38.6241836547852,0
34.926399230957,0
32.8373794555664,0
31.5658283233643,0
29.9787654876709,0
28.0115299224854,0
25.9563751220703,0
23.5296592712402,0
20.5304527282715,0
17.8238391876221,0
16.7115135192871,0
17.2783660888672,0
17.9418163299561,0
17.0015182495117,0
14.5524768829346,0
12.5771923065186,0
13.0088663101196,0
15.9146089553833,0
19.7241115570068,0
22.7427062988281,0
23.9117050170898,0
22.7649936676025,0
19.9849967956543,0
17.9189682006836,0
18.9106826782227,0
22.4474582672119,0
25.2290592193604,0
24.9061012268066,0
22.6643047332764,0
21.2420997619629,0
21.5719547271729,0
22.590690612793,0
23.3782405853271,0
23.9956245422363,0
24.7317790985107,0
25.8376541137695,0
27.6926307678223,0
30.2060489654541,0
32.4491119384766,0
33.762149810791,0
34.6557655334473,0
35.7607955932617,0
36.6958847045898,0
36.9786415100098,0
37.0785331726074,0
37.324348449707,0
36.8413124084473,0
35.0990829467773,0
33.3739585876465,0
32.7153930664062,0
31.4932193756104,0
27.4554920196533,0
21.6755199432373,0
17.712718963623,0
16.8239212036133,0
16.7077598571777,0
15.4382934570312,0
13.9562492370605,0
13.6979427337646,0
14.1950693130493,0
14.4180183410645,0
14.5264024734497,0
