-54.3892784118652,1
-50.6914329528809,1
-47.8735885620117,1
-47.0686874389648,1
-43.6910934448242,1
-34.8684501647949,1
-24.7429981231689,1
-19.7125911712646,1
-20.5263786315918,1
-22.2766265869141,1
-21.3977165222168,1
-19.3296375274658,1
-18.6569881439209,1
-18.5742053985596,1
-16.3288650512695,1
-11.9129514694214,1
-9.01651954650879,1
-10.9326839447021,1
-16.6800899505615,1
-21.9112892150879,1
-23.3855228424072,1
-22.0158367156982,1
-21.2975387573242,1
-23.1009502410889,1
-25.9022789001465,1
-27.6070461273193,1
-29.0206604003906,1
-32.7546615600586,1
-38.6701583862305,1
-42.555305480957,1
-40.8438491821289,1
-35.3769760131836,1
-31.330415725708,1
-30.6723918914795,1
-30.0328502655029,1
-26.0017547607422,1
-20.5718975067139,1
-19.1428031921387,1
-23.6614475250244,1
-30.071985244751,1
-33.3711967468262,1
-33.4064865112305,1
-33.8989562988281,1
-36.6650695800781,1
-39.4049949645996,1
-39.8861999511719,1
-39.947811126709,1
-43.1950912475586,1
-49.839599609375,1
-56.3850746154785,1
-60.3263473510742,1
-62.5413246154785,1
-64.2849502563477,1
-64.4958953857422,1
-62.131908416748,1
-59.4022827148438,1
-59.9209136962891,1
-63.9699172973633,1
-67.789176940918,1
-67.8106842041016,1
-64.0685958862305,1
-59.266731262207,1
-55.8490943908691,1
-54.2228050231934,1
-52.8028869628906,1
-49.7664375305176,1
-45.5422096252441,1
-42.7878875732422,1
-42.3779792785645,1
-40.4540863037109,1
-32.2639312744141,1
-18.8708209991455,1
-6.84867429733276,1
-0.391234844923019,1
3.04745721817017,1
7.41188621520996,1
11.5187082290649,1
11.1484136581421,1
5.74675846099854,1
-0.862025022506714,1
-6.14769601821899,1
-11.7306413650513,1
-19.6321640014648,1
-28.2238368988037,1
-33.6193809509277,1
-34.1684303283691,1
-32.4234657287598,1
-32.6149482727051,1
-36.2236022949219,1
-40.2134628295898,1
-40.5738296508789,1
-37.6842765808105,1
-36.1463088989258,1
-38.219612121582,1
-40.1580352783203,1
-37.8629875183105,1
-33.7892189025879,1
-33.7070846557617,1
-37.5141525268555,1
-38.689323425293,1
-33.9128913879395,1
-27.8810882568359,1
-25.6740341186523,1
-24.8934936523438,1
-20.0015354156494,1
-11.7791986465454,1
-7.13960361480713,1
-9.90207004547119,1
-16.2186126708984,1
-20.0988216400146,1
-20.1171092987061,1
-18.9931869506836,1
-18.7230548858643,1
-18.2598743438721,1
-15.6731863021851,1
-11.4920568466187,1
-9.25800800323486,1
-12.0769338607788,1
-18.6278171539307,1
-24.1577816009521,1
-26.3665447235107,1
-28.3920783996582,1
-33.9213638305664,1
-41.0348091125488,1
-44.1066513061523,1
-41.2647743225098,1
-36.5449867248535,1
-34.2077903747559,1
-34.1188354492188,1
-33.8931312561035,1
-32.6943702697754,1
-31.0284748077393,1
-28.9547214508057,1
-26.6733245849609,1
-25.5424213409424,1
-26.6001262664795,1
-28.9099636077881,1
-30.7077369689941,1
-31.2330493927002,1
-30.3678112030029,1
-27.8423252105713,1
-24.127290725708,1
-20.6299571990967,1
-17.4729900360107,1
-12.7927742004395,1
-6.2700719833374,1
-1.43969571590424,1
-1.34694397449493,1
-3.12844634056091,1
-0.885492384433746,1
5.95912790298462,1
11.2392950057983,1
10.4052505493164,1
6.73753881454468,1
6.56012916564941,1
10.6901082992554,1
14.0331592559814,1
12.8235445022583,1
9.03986930847168,1
7.05942249298096,1
8.21164894104004,1
9.99165058135986,1
9.62963104248047,1
7.06836652755737,1
4.35249853134155,1
2.90427660942078,1
2.18770670890808,1
1.21518409252167,1
0.581762194633484,1
1.92890858650208,1
5.43272972106934,1
9.05538082122803,1
10.9406785964966,1
11.6687364578247,1
13.1260461807251,1
15.4986877441406,1
16.471378326416,1
13.7878227233887,1
8.13576221466064,1
2.89786887168884,1
0.762684643268585,1
0.885937750339508,1
0.221563220024109,1
-2.15079593658447,1
-3.37814116477966,1
-0.858482956886292,1
3.12090992927551,1
3.2941255569458,1
-1.67384910583496,1
-6.75350999832153,1
-6.65226364135742,1
-2.43352818489075,1
0.432572573423386,1
-0.35835212469101,1
-1.45363318920135,1
0.507843792438507,1
3.68947720527649,1
3.78387999534607,1
0.463565319776535,1
-1.90685832500458,1
-0.296838819980621,1
3.02956032752991,1
4.42429542541504,1
4.83975505828857,1
8.74275493621826,1
17.1034908294678,1
24.7942085266113,1
26.8308849334717,1
24.9647769927979,1
25.3197288513184,1
30.5485610961914,1
37.4253196716309,1
42.2415924072266,1
45.3468742370605,1
48.8341674804688,1
52.1628875732422,1
52.6431427001953,1
49.4817848205566,1
45.1602821350098,1
42.6485900878906,1
42.6999778747559,1
44.2930564880371,1
46.7338676452637,1
50.578441619873,1
56.5492935180664,1
63.7599906921387,1
69.4104385375977,1
71.0356292724609,1
69.2920150756836,1
67.5404586791992,1
67.936897277832,1
68.9090270996094,1
67.7470855712891,1
64.8359909057617,1
63.2380218505859,1
63.9448661804199,1
63.7274017333984,1
58.9659004211426,1
50.2140083312988,1
41.3247833251953,1
34.7945137023926,1
29.8369941711426,1
25.1151733398438,1
21.495813369751,1
20.8273124694824,1
22.6967658996582,1
23.8599090576172,1
21.442008972168,1
16.1330413818359,1
11.4326171875,1
9.72646808624268,1
9.98549747467041,1
9.92427921295166,1
9.51752853393555,1
10.7998752593994,1
14.1745882034302,1
16.7572383880615,1
15.5769987106323,1
11.4669961929321,1
8.47194480895996,1
9.73506927490234,1
14.928334236145,1
21.423641204834,1
26.936185836792,1
30.8513698577881,1
33.5319786071777,1
34.7078018188477,1
33.1071166992188,1
28.5397720336914,1
23.9392433166504,1
23.3536472320557,1
27.1671390533447,1
31.2944526672363,1
32.5084342956543,1
32.5175323486328,1
34.4951438903809,1
37.3725852966309,1
36.9516983032227,1
32.0907096862793,1
26.2922630310059,1
22.7611980438232,1
21.0920543670654,1
19.8777980804443,1
19.6062793731689,1
21.0576877593994,1
22.8945999145508,1
22.9922962188721,1
21.1752490997314,1
19.1479797363281,1
18.4467353820801,1
19.3923320770264,1
21.1602935791016,1
22.1539897918701,1
21.3487110137939,1
19.7604103088379,1
19.1690120697021,1
18.9919910430908,1
16.5899887084961,1
11.67174243927,1
7.77462863922119,1
7.3119854927063,1
7.57577276229858,1
4.68388032913208,1
-0.399110466241837,1
-3.77508425712585,1
-5.68290185928345,1
-10.8641471862793,1
-20.8123893737793,1
-30.0312080383301,1
-32.6875190734863,1
-29.885311126709,1
-26.9959926605225,1
-25.8745155334473,1
-23.7492408752441,1
-19.2466945648193,1
-15.4898300170898,1
-16.1031818389893,1
-20.8878726959229,1
-26.8716239929199,1
-31.6344089508057,1
-34.1041488647461,1
-33.6667861938477,1
-30.2904968261719,1
-24.8627872467041,1
-18.3160419464111,1
-11.1832275390625,1
-4.75113105773926,1
-1.2648903131485,1
-1.60998439788818,1
-3.90609550476074,1
-5.92144298553467,1
-7.84698152542114,1
-10.9814262390137,1
-14.8079833984375,1
-17.7648029327393,1
-20.3257656097412,1
-24.5438861846924,1
-30.2774124145508,1
-34.4840316772461,1
-35.1820640563965,1
-33.9421501159668,1
-33.2025718688965,1
-32.899600982666,1
-31.3022212982178,1
-27.9651031494141,1
-24.2683563232422,1
-21.5872535705566,1
-20.0387897491455,1
-18.683988571167,1
-16.3232307434082,1
-12.5071182250977,1
-7.98108100891113,1
-3.40178179740906,1
2.2148973941803,1
10.148157119751,1
18.7925434112549,1
24.0207004547119,1
24.0548858642578,1
22.1563320159912,1
22.5916996002197,1
25.244556427002,1
26.3840255737305,1
24.0102157592773,1
20.1844177246094,1
18.1150226593018,1
18.734094619751,1
20.3835849761963,1
20.6395492553711,1
18.3592185974121,1
14.7756214141846,1
12.2055530548096,1
10.9375038146973,1
8.5526180267334,1
3.7952082157135,1
-0.352224767208099,1
-0.18522122502327,1
2.75465440750122,1
2.58325290679932,1
-3.31679463386536,1
-10.4900465011597,1
-12.6895456314087,1
-8.69361591339111,1
-2.06111407279968,1
4.01781892776489,1
9.17062854766846,1
13.8874835968018,1
17.4834156036377,1
18.6974716186523,1
17.5564556121826,1
16.1855220794678,1
17.400764465332,1
21.8242568969727,1
26.7031059265137,1
28.8926563262939,1
28.8336791992188,1
29.6068363189697,1
31.8947658538818,1
32.7990684509277,1
31.144495010376,1
30.9986362457275,1
36.8920974731445,1
47.3233642578125,1
56.4535751342773,1
61.3398628234863,1
63.8226623535156,1
65.4115142822266,1
64.4402542114258,1
59.7425994873047,1
53.8296165466309,1
50.082405090332,1
48.8767356872559,1
48.6602478027344,1
49.1919975280762,1
51.3621711730957,1
54.8612403869629,1
58.3070297241211,1
61.2119255065918,1
64.0299835205078,1
66.7315368652344,1
68.9637222290039,1
71.0581665039062,1
73.2194671630859,1
74.395378112793,1
73.8354949951172,1
73.0074081420898,1
73.5671081542969,1
73.9556884765625,1
71.0204696655273,1
65.2268600463867,1
61.0523872375488,1
61.2076454162598,1
63.572582244873,1
65.4430618286133,1
67.5453109741211,1
71.0136566162109,1
73.0386428833008,1
69.6052703857422,1
61.710765838623,1
55.006649017334,1
52.9159278869629,1
53.3416442871094,1
53.1693305969238,1
53.0756454467773,1
55.7304725646973,1
60.8074951171875,1
64.1692886352539,1
62.0954513549805,1
55.1520614624023,1
47.5921478271484,1
43.4024620056152,1
43.1386375427246,1
44.4842910766602,1
45.4538764953613,1
46.2052383422852,1
47.3583450317383,1
47.660514831543,1
44.8778228759766,1
38.9583969116211,1
32.8673248291016,1
29.6599597930908,1
29.6264591217041,1
31.0002708435059,1
32.6946678161621,1
35.1595153808594,1
38.5130805969238,1
40.9279708862305,1
39.8776168823242,1
34.9532585144043,1
28.4921531677246,1
22.7191066741943,1
16.9318523406982,1
8.86235618591309,1
-1.17158818244934,1
-9.21167182922363,1
-11.9766941070557,1
-11.2924451828003,1
-12.5808744430542,1
-18.8940238952637,1
-27.6705379486084,1
-33.8565711975098,1
-35.3960914611816,1
-34.8266220092773,1
-35.6144752502441,1
-37.8012580871582,1
-38.194953918457,1
-34.9196929931641,1
-30.3873329162598,1
-28.2220687866211,1
-27.9405632019043,1
-25.2704410552979,1
-18.4466781616211,1
-11.3922386169434,1
-8.40074348449707,1
-7.86573362350464,1
-4.89036893844604,1
0.705523788928986,1
3.28509950637817,1
-0.687451422214508,1
-7.5411901473999,1
-11.7520341873169,1
-13.512598991394,1
-17.3636169433594,1
-24.6551456451416,1
-31.3017101287842,1
-33.4155197143555,1
-32.087646484375,1
-31.3596515655518,1
-33.5818061828613,1
-38.2423248291016,1
-43.9727020263672,1
-50.0321884155273,1
-56.0947189331055,1
-61.4803810119629,1
-64.7939224243164,1
-64.7208862304688,1
-61.9547233581543,1
-59.7775650024414,1
-60.9620399475098,1
-63.9172325134277,1
-63.8830680847168,1
-58.7041244506836,1
-51.3415222167969,1
-45.2160911560059,1
-39.144947052002,1
-29.5870933532715,1
-17.0140914916992,1
-6.93112897872925,1
-3.81125712394714,1
-6.13954210281372,1
-8.75295829772949,1
-8.75422477722168,1
-7.49585056304932,1
-7.13300371170044,1
-6.97542953491211,1
-4.33662939071655,1
1.52731287479401,1
7.82531929016113,1
11.3888692855835,1
12.4171695709229,1
13.4840679168701,1
15.2262983322144,1
15.3165130615234,1
12.406683921814,1
8.65421867370605,1
6.37999439239502,1
4.06856393814087,1
-1.36328613758087,1
-8.98514461517334,1
-13.8236570358276,1
-13.1695365905762,1
-10.1916608810425,1
-9.55967330932617,1
-11.3439855575562,1
-11.6298532485962,1
-8.57320213317871,1
-5.42088317871094,1
-6.57862329483032,1
-11.9072847366333,1
-16.3984603881836,1
-15.6895580291748,1
-10.8819456100464,1
-6.8890552520752,1
-6.38233518600464,1
-7.05154037475586,1
-5.69495582580566,1
-3.35579752922058,1
-4.04814767837524,1
-8.62742137908936,1
-12.5374841690063,1
-10.9163579940796,1
-4.29694747924805,1
2.39138865470886,1
5.46410131454468,1
5.26502084732056,1
3.7449734210968,1
1.40405297279358,1
-2.50167989730835,1
-7.83474016189575,1
-12.7100419998169,1
-14.6595306396484,1
-12.5222330093384,1
-7.57932996749878,1
-2.81844735145569,1
-0.43816739320755,1
0.0130740543827415,1
0.40577894449234,1
1.18066501617432,1
1.08341944217682,1
-0.0144581701606512,1
0.0581037327647209,1
2.69886112213135,1
5.72312498092651,1
5.7411937713623,1
2.61900758743286,1
-0.816789507865906,1
-3.35506081581116,1
-6.90502977371216,1
-12.5859127044678,1
-17.9285888671875,1
-19.8462791442871,1
-18.6245899200439,1
-16.7926387786865,1
-15.1871652603149,1
-12.5260391235352,1
-8.43361663818359,1
-4.48777294158936,1
-1.87435305118561,1
0.160255134105682,1
2.74254608154297,1
5.37974452972412,1
6.20707941055298,1
3.72142195701599,1
-1.75773763656616,1
-7.77608156204224,1
-11.3730020523071,1
-12.1973371505737,1
-13.6283550262451,1
-19.2100391387939,1
-28.0109977722168,1
-35.2988433837891,1
-38.0617027282715,1
-37.8183288574219,1
-37.2289695739746,1
-36.3009376525879,1
-33.8860321044922,1
-31.2525367736816,1
-31.4114856719971,1
-35.1111450195312,1
-39.7417831420898,1
-42.6205062866211,1
-43.6360664367676,1
-43.9846496582031,1
-43.7979507446289,1
-42.311710357666,1
-39.807731628418,1
-38.159294128418,1
-39.0551071166992,1
-42.0043067932129,1
-44.5795402526855,1
-45.0133247375488,1
-44.3151321411133,1
-44.9159278869629,1
-47.0475769042969,1
-47.8957138061523,1
-45.4618492126465,1
-41.9468879699707,1
-41.2334823608398,1
-43.5734672546387,1
-45.2760810852051,1
-44.005859375,1
-41.8611183166504,1
-41.9049072265625,1
-43.7072372436523,1
-44.436466217041,1
-43.4598007202148,1
-43.8617820739746,1
-49.2764587402344,1
-60.1199989318848,1
-72.8056488037109,1
-82.1760940551758,1
-85.2827072143555,1
-83.4211883544922,1
-80.0918426513672,1
-76.9954681396484,1
-73.2372894287109,1
-68.4774475097656,1
-64.5517959594727,1
-62.7709808349609,1
-61.9586143493652,1
-61.3702354431152,1
-63.5202331542969,1
-70.8077697753906,1
-80.2463226318359,1
-85.2497787475586,1
-83.1744155883789,1
-78.0955123901367,1
-75.1389312744141,1
-74.7204895019531,1
-73.8769989013672,1
-71.0518112182617,1
-67.4227676391602,1
-64.6569366455078,1
-63.2885475158691,1
-62.9064445495605,1
-62.6438980102539,1
-61.829418182373,1
-61.0872840881348,1
-62.1822776794434,1
-65.6266098022461,1
-68.9697494506836,1
-68.974967956543,1
-65.5901260375977,1
-62.4188957214355,1
-62.7374992370605,1
-66.1275863647461,1
-69.8380584716797,1
-72.4102020263672,1
-74.348388671875,1
-75.543098449707,1
-74.2600402832031,1
-69.8218078613281,1
-64.6037902832031,1
-61.3426513671875,1
-59.3857307434082,1
-56.1745491027832,1
-52.3108329772949,1
-51.9782867431641,1
-56.9247779846191,1
-62.7193412780762,1
-63.6064376831055,1
-59.6061782836914,1
-55.9220352172852,1
-55.83544921875,1
-57.1244087219238,1
-56.0305671691895,1
-52.2196159362793,1
-48.3247680664062,1
-46.0932388305664,1
-44.7985801696777,1
-43.1608734130859,1
-41.4259986877441,1
-40.8853607177734,1
-41.6850166320801,1
-41.949821472168,1
-39.8354721069336,1
-36.1833572387695,1
-33.7939491271973,1
-33.5350151062012,1
-32.6721115112305,1
-28.4480133056641,1
-22.0930957794189,1
-17.1603584289551,1
-14.4705419540405,1
-11.3561944961548,1
-6.37384939193726,1
-2.14698886871338,1
-1.89277195930481,1
-4.84559869766235,1
-7.243980884552,1
-7.15101003646851,1
-6.24183797836304,1
-6.66967487335205,1
-7.87491846084595,1
-7.5028018951416,1
-4.82610845565796,1
-2.23337602615356,1
-2.97028732299805,1
-7.61363124847412,1
-13.2451267242432,1
-16.4879417419434,1
-17.0779914855957,1
-17.6787033081055,1
-20.198392868042,1
-23.5401096343994,1
-25.8174819946289,1
-27.6917514801025,1
-31.7038173675537,1
-38.2603988647461,1
-44.0970344543457,1
-45.8728256225586,1
-44.2862358093262,1
-43.0612602233887,1
-44.0280609130859,1
-44.9167137145996,1
-42.9107322692871,1
-39.1463317871094,1
-37.8131713867188,1
-40.664234161377,1
-44.2134094238281,1
-43.7530174255371,1
-39.2664489746094,1
-35.4446678161621,1
-35.656192779541,1
-37.8548202514648,1
-37.8403778076172,1
-35.3015632629395,1
-34.3617248535156,1
-38.0063095092773,1
-44.0559120178223,1
-47.8798027038574,1
-47.7506790161133,1
-45.7704734802246,1
-44.1258735656738,1
-42.6298484802246,1
-40.5360450744629,1
-38.8594970703125,1
-39.2278709411621,1
-41.2612571716309,1
-42.8759727478027,1
-43.1026878356934,1
-42.9529113769531,1
-43.1388168334961,1
-42.6325340270996,1
-40.590461730957,1
-38.4821319580078,1
-38.8156280517578,1
-42.3568572998047,1
-47.9285316467285,1
-54.2830772399902,1
-60.4181976318359,1
-64.4305191040039,1
-64.4063415527344,1
-61.1097869873047,1
-57.8832206726074,1
-56.9266738891602,1
-57.340503692627,1
-57.7983894348145,1
-58.9990386962891,1
-61.5114669799805,1
-62.9780616760254,1
-60.3022842407227,1
-53.9282760620117,1
-47.2423057556152,1
-42.0272254943848,1
-37.3948135375977,1
-33.3537368774414,1
-32.0154342651367,1
-33.7963371276855,1
-35.3155708312988,1
-33.3937110900879,1
-29.1314487457275,1
-25.4612503051758,1
-22.1893177032471,1
-16.5828342437744,1
-8.34545040130615,1
-0.805679321289062,1
3.4760205745697,1
5.76128053665161,1
8.68246459960938,1
12.6989431381226,1
16.480073928833,1
19.5010509490967,1
22.5442543029785,1
25.9973526000977,1
28.857852935791,1
29.4569835662842,1
26.676628112793,1
20.7320899963379,1
13.1527481079102,1
5.62195682525635,1
-1.39777088165283,1
-8.26387882232666,1
-14.2282724380493,1
-17.2008686065674,1
-16.4902076721191,1
-14.8362417221069,1
-16.1007442474365,1
-21.0407180786133,1
-26.7110042572021,1
-30.2019386291504,1
-31.6465358734131,1
-32.9148712158203,1
-34.4259643554688,1
-34.5006332397461,1
-31.7512722015381,1
-27.0847282409668,1
-22.7680854797363,1
-19.9912204742432,1
-18.309986114502,1
-17.6680603027344,1
-19.6695556640625,1
-25.3778057098389,1
-32.3564491271973,1
-36.0539665222168,1
-34.9396362304688,1
-32.5580673217773,1
-33.1371726989746,1
-36.5224189758301,1
-39.2242851257324,1
-39.4485549926758,1
-38.8063735961914,1
-39.287841796875,1
-40.8298492431641,1
-42.4295806884766,1
-43.980167388916,1
-46.2684898376465,1
-50.1950645446777,1
-56.1902275085449,1
-63.1932067871094,1
-68.2916107177734,1
-69.1726608276367,1
-67.2490463256836,1
-66.3656616210938,1
-67.7358627319336,1
-68.4085006713867,1
-66.1127700805664,1
-63.3373222351074,1
-64.1256484985352,1
-68.1760787963867,1
-71.0499572753906,1
-70.0119781494141,1
-66.9314346313477,1
-64.7998352050781,1
-63.8086128234863,1
-62.332275390625,1
-60.0538902282715,1
-57.9891242980957,1
-56.0337829589844,1
-52.7273902893066,1
-48.0303268432617,1
-44.5964584350586,1
-44.7788276672363,1
-47.1555709838867,1
-47.9403038024902,1
-46.1092910766602,1
-45.2280464172363,1
-48.7503128051758,1
-54.6561470031738,1
-56.8833541870117,1
-52.0959243774414,1
-43.0978240966797,1
-34.8652076721191,1
-29.0105571746826,1
-23.734001159668,1
-18.1074695587158,1
-14.1034955978394,1
-13.9546499252319,1
-17.0385856628418,1
-20.4205646514893,1
-21.8779563903809,1
-21.4615650177002,1
-20.1941986083984,1
-18.130989074707,1
-14.3676338195801,1
-8.91744613647461,1
-3.94318246841431,1
-2.31012272834778,1
-4.59107208251953,1
-8.11245059967041,1
-9.86246776580811,1
-10.2294387817383,1
-12.6560010910034,1
-19.0183715820312,1
-26.6032810211182,1
-31.2108535766602,1
-32.6537780761719,1
-34.9738578796387,1
-40.6759757995605,1
-46.9883575439453,1
-49.6006813049316,1
-48.558723449707,1
-47.8416519165039,1
-49.5029029846191,1
-51.1071662902832,1
-49.9157028198242,1
-47.2666130065918,1
-46.8044052124023,1
-49.4369812011719,1
-52.1390724182129,1
-51.8429756164551,1
-49.0374526977539,1
-46.7700729370117,1
-46.6833610534668,1
-47.0232124328613,1
-45.1826934814453,1
-41.8614120483398,1
-41.1512031555176,1
-45.315975189209,1
-50.7715072631836,1
-51.7556266784668,1
-47.8236503601074,1
-44.5609550476074,1
-45.6433944702148,1
-47.4635734558105,1
-44.6324653625488,1
-38.4969024658203,1
-35.753002166748,1
-38.9157371520996,1
-42.8204154968262,1
-42.3256454467773,1
-39.6486740112305,1
-40.6576919555664,1
-46.0697135925293,1
-50.5666923522949,1
-50.5802917480469,1
-49.0176734924316,1
-50.4286842346191,1
-54.1189193725586,1
-54.9953384399414,1
-50.4300804138184,1
-43.3931541442871,1
-38.1582412719727,1
-35.2211990356445,1
-32.1727676391602,1
-28.2524719238281,1
-25.6257743835449,1
-25.975212097168,1
-27.8136005401611,1
-28.3373966217041,1
-26.8779354095459,1
-25.1492691040039,1
-24.4646797180176,1
-24.1202030181885,1
-22.9184093475342,1
-21.2811965942383,1
-20.8647346496582,1
-22.157922744751,1
-23.2945766448975,1
-21.9625644683838,1
-18.4522743225098,1
-15.9779949188232,1
-17.1811485290527,1
-20.625883102417,1
-21.9266395568848,1
-18.7424907684326,1
-13.613260269165,1
-10.977294921875,1
-12.1896734237671,1
-14.7763061523438,1
-16.1211338043213,1
-16.0177574157715,1
-15.0930442810059,1
-12.5578689575195,1
-7.25134658813477,1
-0.287841767072678,1
5.18125677108765,1
7.37442064285278,1
8.02527046203613,1
10.3997087478638,1
15.649808883667,1
21.8402309417725,1
26.4906711578369,1
29.3778476715088,1
32.3107070922852,1
36.3152656555176,1
39.8483619689941,1
40.4884071350098,1
38.0454025268555,1
34.8700866699219,1
32.8017654418945,1
31.0537090301514,1
28.1051616668701,1
24.6376819610596,1
22.82497215271,1
22.8726825714111,1
22.0812492370605,1
17.9666862487793,1
10.9781293869019,1
3.30478096008301,1
-3.8735933303833,1
-10.7928380966187,1
-17.4809608459473,1
-23.1112327575684,1
-27.1162376403809,1
-30.2233829498291,1
-34.0826835632324,1
-39.8468742370605,1
-46.8329277038574,1
-52.6410865783691,1
-55.3229675292969,1
-55.643798828125,1
-56.3360061645508,1
-58.7665672302246,1
-61.5047454833984,1
-62.9555587768555,1
-64.0264892578125,1
-66.5107040405273,1
-69.6340408325195,1
-70.4234466552734,1
-67.733154296875,1
-63.945629119873,1
-61.794116973877,1
-61.0933837890625,1
-60.1286163330078,1
-59.3644866943359,1
-61.7495574951172,1
-68.8676834106445,1
-78.0803756713867,1
-84.58154296875,1
-85.9987258911133,1
-84.1023941040039,1
-81.9329528808594,1
-80.2752380371094,1
-77.8653182983398,1
-74.5242767333984,1
-72.4095077514648,1
-73.2632217407227,1
-75.435302734375,1
-75.2535095214844,1
-71.4352035522461,1
-66.6997604370117,1
-64.2178115844727,1
-63.5721969604492,1
-61.7153854370117,1
-57.5924110412598,1
-53.9638290405273,1
-53.7385520935059,1
-55.7391815185547,1
-55.7272262573242,1
-51.393985748291,1
-44.7468948364258,1
-39.1115951538086,1
-35.2618446350098,1
-31.7668743133545,1
-28.2340183258057,1
-26.2633476257324,1
-26.8283786773682,1
-28.2390174865723,1
-27.8978862762451,1
-25.4520130157471,1
-22.888500213623,1
-21.4220581054688,1
-19.5505390167236,1
-15.1425867080688,1
-8.86386299133301,1
-4.12735509872437,1
-3.1500084400177,1
-4.02787828445435,1
-2.80401349067688,1
1.85476732254028,1
7.26804637908936,1
10.3792734146118,1
11.6688985824585,1
14.2984609603882,1
19.7035636901855,1
25.4425792694092,1
28.0908641815186,1
27.355712890625,1
26.0596904754639,1
26.2647113800049,1
27.0397663116455,1
26.8429183959961,1
26.559814453125,1
28.1564884185791,1
30.8164520263672,1
30.9551753997803,1
26.9460067749023,1
21.7652530670166,1
19.366003036499,1
20.0414371490479,1
21.5425109863281,1
23.6652126312256,1
28.7385883331299,1
37.2360649108887,1
45.5586891174316,1
49.6297645568848,1
49.1904067993164,1
47.1379089355469,1
45.6535720825195,1
44.4765396118164,1
42.4672470092773,1
39.3225364685059,1
35.4780426025391,1
31.2310009002686,1
26.4287929534912,1
20.7454929351807,1
14.1101570129395,1
6.99187517166138,1
0.174773529171944,1
-5.9889497756958,1
-12.0177478790283,1
-18.6646842956543,1
-25.7797927856445,1
-32.1306800842285,1
-36.6609725952148,1
-39.8273010253906,1
-43.2894058227539,1
-48.1182250976562,1
-53.6788139343262,1
-58.6258926391602,1
-62.6074600219727,1
-66.2714996337891,1
-69.7366027832031,1
-72.0964126586914,1
-72.9475326538086,1
-73.6423492431641,1
-76.0795440673828,1
-80.3286437988281,1
-84.1732406616211,1
-85.2863311767578,1
-83.4955825805664,1
-80.5200881958008,1
-77.6078720092773,1
-74.0876770019531,1
-68.7551803588867,1
-62.1708335876465,1
-56.3766708374023,1
-52.1331672668457,1
-47.784423828125,1
-41.7165946960449,1
-34.7416725158691,1
-28.7279834747314,1
-23.9083061218262,1
-19.4125499725342,1
-15.891655921936,1
-15.3465976715088,1
-18.096887588501,1
-21.8615093231201,1
-24.4098072052002,1
-25.4463653564453,1
-25.2335815429688,1
-23.0717163085938,1
-18.3375129699707,1
-12.0717916488647,1
-6.66970443725586,1
-4.49404239654541,1
-6.66706848144531,1
-11.9153680801392,1
-16.7096710205078,1
-18.4635066986084,1
-18.805154800415,1
-21.3534774780273,1
-25.7514877319336,1
-27.0415916442871,1
-22.7314414978027,1
-17.4176769256592,1
-17.2692070007324,1
-21.9658870697021,1
-25.7685470581055,1
-25.4233455657959,1
-22.9278793334961,1
-20.5487747192383,1
-17.4349002838135,1
-12.7357892990112,1
-8.61499500274658,1
-7.52909803390503,1
-8.46938419342041,1
-8.42345428466797,1
-6.48412466049194,1
-4.2923059463501,1
-3.01162266731262,1
-1.91608083248138,1
0.0689256936311722,1
2.9510293006897,1
5.84711027145386,1
7.55165863037109,1
7.34725666046143,1
6.46500682830811,1
8.03041458129883,1
13.6632785797119,1
20.5146923065186,1
24.0881900787354,1
24.1738739013672,1
25.1135807037354,1
29.119197845459,1
32.5363883972168,1
31.3526630401611,1
27.8610363006592,1
27.864595413208,1
32.2137413024902,1
35.4975967407227,1
33.8733329772949,1
30.2317085266113,1
29.422924041748,1
31.2281322479248,1
31.1249217987061,1
26.7921867370605,1
21.0205974578857,1
18.1164417266846,1
19.2842350006104,1
22.088098526001,1
23.6000423431396,1
23.5670318603516,1
24.2689208984375,1
26.969352722168,1
29.346960067749,1
28.2430820465088,1
24.8199157714844,1
24.2606925964355,1
29.0910682678223,1
35.3637924194336,1
37.762825012207,1
36.4936943054199,1
36.0806884765625,1
38.5310668945312,1
41.2883834838867,1
42.052433013916,1
42.2048606872559,1
44.1188201904297,1
47.5220222473145,1
50.3808555603027,1
51.9990501403809,1
53.4021415710449,1
55.0952606201172,1
55.836612701416,1
53.9027824401855,1
49.0533790588379,1
42.9081993103027,1
37.1549530029297,1
31.4498615264893,1
23.9564819335938,1
14.6235303878784,1
6.85537528991699,1
4.17876195907593,1
5.45476484298706,1
5.36895704269409,1
0.353258967399597,1
-7.55323553085327,1
-13.8222894668579,1
-17.1224899291992,1
-20.224142074585,1
-25.6915798187256,1
-32.5280914306641,1
-37.7951965332031,1
-40.3847198486328,1
-41.8582344055176,1
-43.7398109436035,1
-45.3705596923828,1
-45.2815780639648,1
-43.9119567871094,1
-43.5870933532715,1
-45.6503944396973,1
-48.7542762756348,1
-50.632511138916,1
-50.8436508178711,1
-50.9813957214355,1
-52.4807739257812,1
-54.8381805419922,1
-55.972339630127,1
-54.196231842041,1
-50.0899887084961,1
-46.3317184448242,1
-45.021671295166,1
-45.3211898803711,1
-44.9377479553223,1
-43.9732437133789,1
-45.2422561645508,1
-49.6073417663574,1
-53.0916481018066,1
-51.107738494873,1
-44.4493141174316,1
-38.1497688293457,1
-34.661376953125,1
-31.4797058105469,1
-26.4153671264648,1
-21.8753471374512,1
-21.3800258636475,1
-23.852933883667,1
-24.5049247741699,1
-20.916187286377,1
-15.5710563659668,1
-12.001184463501,1
-10.5621547698975,1
-9.04236030578613,1
-6.10317277908325,1
-2.7637779712677,1
-0.658792078495026,1
0.375214219093323,1
2.37895965576172,1
6.53236675262451,1
10.7551555633545,1
11.5664443969727,1
8.97744655609131,1
7.6344518661499,1
11.1090021133423,1
16.458101272583,1
17.4942111968994,1
13.1008310317993,1
8.72829627990723,1
8.71695995330811,1
10.8128986358643,1
10.7603054046631,1
9.26817798614502,1
10.362696647644,1
14.0731258392334,1
15.3218278884888,1
11.0697059631348,1
5.02484607696533,1
2.97054219245911,1
5.45534467697144,1
7.76335096359253,1
6.43381977081299,1
3.23829007148743,1
2.03305387496948,1
3.48638796806335,1
4.63712167739868,1
3.38054370880127,1
1.69936239719391,1
3.28479743003845,1
8.55020046234131,1
13.6844644546509,1
15.3803539276123,1
15.2359313964844,1
17.7644367218018,1
24.2546558380127,1
30.5839138031006,1
32.1633033752441,1
29.6395320892334,1
27.810977935791,1
29.3771705627441,1
32.1183624267578,1
33.0212211608887,1
32.8745727539062,1
34.5142097473145,1
37.8057975769043,1
39.5809936523438,1
38.8956184387207,1
39.2076835632324,1
43.5471992492676,1
49.8931350708008,1
54.031063079834,1
55.6311798095703,1
58.2875785827637,1
63.6351280212402,1
68.548469543457,1
69.3554077148438,1
66.6310043334961,1
64.0781478881836,1
63.7623558044434,1
64.0757446289062,1
62.1934814453125,1
57.4993019104004,1
52.289249420166,1
49.1896438598633,1
47.9681053161621,1
45.5582046508789,1
39.9446449279785,1
33.2571029663086,1
29.4960594177246,1
29.507116317749,1
30.2035007476807,1
29.1309757232666,1
27.608341217041,1
28.0128402709961,1
29.6792430877686,1
29.5819873809814,1
26.488826751709,1
22.5395622253418,1
20.5448989868164,1
21.1008930206299,1
22.9096069335938,1
25.0800075531006,1
28.2249698638916,1
33.1398963928223,1
38.7492446899414,1
42.0943222045898,1
41.0990829467773,1
37.1330795288086,1
33.7397003173828,1
32.5662956237793,1
31.7817573547363,1
29.2140636444092,1
25.6081790924072,1
23.0942420959473,1
21.2608451843262,1
17.1390476226807,1
9.55126094818115,1
1.4130243062973,1
-3.63763356208801,1
-5.53588724136353,1
-6.96626377105713,1
-8.99484443664551,1
-9.72142314910889,1
-7.68964672088623,1
-4.75346279144287,1
-4.12216854095459,1
-6.29087972640991,1
-8.30579280853271,1
-7.16957139968872,1
-3.10953092575073,1
0.954813063144684,1
2.85805726051331,1
3.5725564956665,1
5.78551721572876,1
10.2936201095581,1
14.8757448196411,1
17.6014156341553,1
20.246208190918,1
26.4082012176514,1
36.2751655578613,1
45.7075691223145,1
51.6141967773438,1
56.0003929138184,1
62.6483993530273,1
71.4087753295898,1
78.4479751586914,1
81.4679412841797,1
82.0174026489258,1
82.6498718261719,1
84.2634887695312,1
86.7205123901367,1
89.9170455932617,1
93.3959884643555,1
96.5354995727539,1
99.7676086425781,1
104.056213378906,1
108.681045532227,0
111.36304473877,0
111.338645935059,0
110.425369262695,0
109.986038208008,0
108.743965148926,0
105.150840759277,0
100.308563232422,0
96.6132431030273,0
94.5304412841797,0
92.5774765014648,0
89.7889709472656,0
86.4008560180664,0
82.57958984375,0
78.2787322998047,0
74.2079391479492,0
71.3403015136719,0
69.4436645507812,0
67.4939880371094,0
65.5097427368164,0
64.4935455322266,0
64.4098815917969,0
63.7533912658691,0
61.6292991638184,0
58.9641418457031,0
56.9879951477051,0
55.6534118652344,0
54.4485473632812,0
53.9007339477539,0
55.102970123291,0
57.9679336547852,0
60.8507957458496,0
62.1006088256836,0
61.6589851379395,0
61.0754814147949,0
62.0666275024414,0
64.9724273681641,0
68.5546112060547,0
71.3805236816406,0
73.2575607299805,0
75.0302734375,0
77.2241897583008,0
79.5669784545898,0
81.9004669189453,0
84.7997817993164,0
88.8559112548828,0
93.7917327880859,0
98.6302490234375,0
102.313110351562,0
103.888832092285,0
102.776206970215,0
99.5358352661133,0
95.9835433959961,0
93.7825546264648,0
93.0877685546875,0
93.1540679931641,0
93.8497543334961,0
95.513557434082,0
97.4378433227539,0
97.8995590209961,0
96.3589477539062,0
94.6443786621094,0
95.0304565429688,0
97.7229232788086,0
101.145637512207,0
104.221717834473,0
107.194717407227,0
110.234497070312,0
112.403587341309,0
112.563255310059,0
110.796363830566,0
108.552345275879,0
107.559539794922,0
108.500633239746,0
110.312286376953,0
110.902542114258,0
109.149688720703,0
106.112083435059,0
103.615142822266,0
101.853134155273,0
99.4043197631836,0
95.580436706543,0
91.3703918457031,0
87.5494079589844,0
83.2511444091797,0
77.5328140258789,0
71.4164276123047,0
67.025993347168,0
65.0961761474609,0
64.5073089599609,0
64.1075210571289,0
63.9288711547852,0
64.5657272338867,0
66.1957321166992,0
68.3075408935547,0
69.7678756713867,0
69.2145538330078,0
66.1075592041016,0
61.5284538269043,0
57.495304107666,0
55.5024719238281,0
55.9975662231445,0
58.7483444213867,0
62.8312950134277,0
66.4919509887695,0
68.1352615356445,0
67.7574462890625,0
66.6771850585938,0
65.6550216674805,0
64.0643005371094,0
61.2690086364746,0
57.9944076538086,0
55.5509719848633,0
54.0736770629883,0
52.372200012207,0
49.5865135192871,0
46.272403717041,0
43.4065818786621,0
40.7930068969727,0
37.2587890625,0
32.4098892211914,0
27.2137756347656,0
22.3204326629639,0
16.8035068511963,0
9.78992652893066,0
2.77051711082458,0
-1.38890290260315,0
-1.88894414901733,0
-0.92540317773819,0
-0.79795229434967,0
-1.67818450927734,0
-2.90239334106445,0
-4.64012336730957,0
-6.86933851242065,0
-8.18705368041992,0
-7.52900075912476,0
-6.16761207580566,0
-6.08748388290405,0
-6.9776873588562,0
-6.84634733200073,0
-5.33793878555298,0
-4.29236745834351,0
-4.74195957183838,0
-5.31337785720825,0
-4.34934902191162,0
-2.13587236404419,0
-0.165353938937187,0
0.776503264904022,0
1.06495380401611,0
1.55008721351624,0
2.92372846603394,0
5.12667608261108,0
7.12963628768921,0
7.98194599151611,0
8.12759685516357,0
8.82704830169678,0
10.3104248046875,0
11.6051244735718,0
12.2396984100342,0
12.7933464050293,0
13.4308071136475,0
13.2183437347412,0
11.5182075500488,0
9.07404041290283,0
7.23568248748779,0
6.96133470535278,0
8.65117073059082,0
11.6216564178467,0
13.5128440856934,0
11.8996858596802,0
7.20495748519897,0
2.55880928039551,0
0.165694683790207,0
-0.470096051692963,0
-0.0577583312988281,0
2.29022693634033,0
6.68545055389404,0
10.5250406265259,0
11.4982976913452,0
11.0185022354126,0
11.8183088302612,0
13.2318229675293,0
12.2425575256348,0
8.95287609100342,0
7.36592960357666,0
9.83981513977051,0
13.9918041229248,0
16.7567157745361,0
18.7123546600342,0
21.859504699707,0
25.0051765441895,0
24.438060760498,0
18.7255115509033,0
10.2761535644531,0
1.98656964302063,0
-5.4555025100708,0
-12.310619354248,0
-17.8838348388672,0
-21.447868347168,0
-24.1127433776855,0
-28.087610244751,0
-33.976432800293,0
-39.8830451965332,0
-43.597827911377,0
-44.9278564453125,0
-45.2170333862305,0
-45.0356216430664,0
-43.4207916259766,0
-39.72314453125,0
-35.3283386230469,0
-32.6179046630859,0
-32.4703712463379,0
-33.7284698486328,0
-35.1975479125977,0
-37.1388931274414,0
-40.2785758972168,0
-44.244930267334,0
-47.9053916931152,0
-50.6992378234863,0
-52.563606262207,0
-52.8369750976562,0
-50.5766372680664,0
-46.2924346923828,0
-42.3038864135742,0
-40.7490310668945,0
-41.8679275512695,0
-44.6628570556641,0
-48.4533615112305,0
-53.0849990844727,0
-58.2148895263672,0
-63.2212409973145,0
-67.5605010986328,0
-70.7236938476562,0
-72.3313064575195,0
-72.8437576293945,0
-73.5654373168945,0
-75.1855239868164,0
-76.9326553344727,0
-78.0904541015625,0
-79.6671829223633,0
-83.2494430541992,0
-88.5585479736328,0
-93.526611328125,0
-96.6456832885742,0
-97.8462905883789,0
-97.1472625732422,0
-94.1520385742188,0
-89.343879699707,0
-84.3810501098633,0
-80.3281860351562,0
-76.6709671020508,0
-72.7325592041016,0
-69.0256881713867,0
-66.4585647583008,0
-65.0349655151367,0
-63.9860382080078,0
-62.4507484436035,0
-59.5802917480469,0
-54.935676574707,0
-49.441722869873,0
-45.1143226623535,0
-43.1747779846191,0
-43.0966567993164,0
-43.8636360168457,0
-45.1345024108887,0
-46.651725769043,0
-47.7489471435547,0
-48.3439788818359,0
-49.3323364257812,0
-51.0080947875977,0
-52.1827392578125,0
-52.0343017578125,0
-51.725414276123,0
-52.6754875183105,0
-54.1386795043945,0
-54.3228302001953,0
-53.3506088256836,0
-53.046459197998,0
-53.8317718505859,0
-53.9406356811523,0
-52.2719650268555,0
-50.1680335998535,0
-49.3505325317383,0
-49.5076065063477,0
-49.1304550170898,0
-47.6658668518066,0
-45.4648742675781,0
-42.3034439086914,0
-37.4838676452637,0
-31.2736186981201,0
-24.9712524414062,0
-19.4312648773193,0
-14.5718250274658,0
-10.4846534729004,0
-7.88855314254761,0
-6.9474048614502,0
-6.4762396812439,0
-4.95957517623901,0
-1.87444496154785,0
2.26972937583923,0
6.38086032867432,0
8.83961486816406,0
8.21750450134277,0
4.9332537651062,0
1.33636999130249,0
-1.03246247768402,0
-3.47542309761047,0
-8.01094818115234,0
-14.0122480392456,0
-18.9734325408936,0
-22.2356185913086,0
-25.4899005889893,0
-29.3326053619385,0
-32.0581893920898,0
-32.9440574645996,0
-34.0473175048828,0
-36.8577995300293,0
-39.5622100830078,0
-40.2787971496582,0
-41.1205558776855,0
-45.6315612792969,0
-53.1029739379883,0
-59.1514320373535,0
-62.0413703918457,0
-64.7327117919922,0
-69.5563201904297,0
-74.305549621582,0
-75.8365020751953,0
-75.005012512207,0
-75.1525421142578,0
-77.0284805297852,0
-78.0890426635742,0
-76.5547409057617,0
-73.7605743408203,0
-72.0387878417969,0
-71.8821105957031,0
-71.7863464355469,0
-69.9284591674805,0
-65.6296005249023,0
-59.8345260620117,0
-54.2923049926758,0
-49.7429389953613,0
-45.0898017883301,0
-39.0583763122559,0
-32.3471336364746,0
-27.0016384124756,0
-23.58078956604,0
-20.1526165008545,0
-14.7201728820801,0
-7.82814598083496,0
-1.89405632019043,0
1.77425611019135,0
4.49939823150635,0
8.54137516021729,0
14.2714776992798,0
19.5179290771484,0
21.8974132537842,0
21.4669322967529,0
20.5611457824707,0
21.1234664916992,0
22.9779739379883,0
24.9833278656006,0
26.9892978668213,0
29.8647193908691,0
34.1016387939453,0
39.1997146606445,0
44.103271484375,0
47.578498840332,0
48.6985511779785,0
47.9114418029785,0
47.1366081237793,0
47.594856262207,0
47.9495811462402,0
46.1502151489258,0
42.9341239929199,0
41.5035858154297,0
43.2888641357422,0
46.1148986816406,0
47.6048126220703,0
48.3203735351562,0
49.7472076416016,0
50.997314453125,0
50.2302703857422,0
48.4852638244629,0
49.0051879882812,0
52.4169807434082,0
55.3200073242188,0
54.792350769043,0
52.1515121459961,0
50.6877861022949,0
51.2579345703125,0
51.9582214355469,0
51.1772613525391,0
49.0490913391113,0
46.2665824890137,0
43.3085517883301,0
41.0924186706543,0
40.8903846740723,0
42.7883338928223,0
44.9048881530762,0
44.7980804443359,0
41.485279083252,0
35.8934211730957,0
29.6256866455078,0
23.589599609375,0
17.765495300293,0
12.0002183914185,0
6.60214948654175,0
1.91852116584778,0
-2.3201596736908,0
-6.67414140701294,0
-11.1673583984375,0
-15.3884840011597,0
-19.1933345794678,0
-22.4479007720947,0
-24.3207740783691,0
-24.1647644042969,0
-23.1494483947754,0
-23.2880783081055,0
-24.2651767730713,0
-23.1826133728027,0
-18.7745189666748,0
-14.07639503479,0
-12.907509803772,0
-15.0110177993774,0
-17.038724899292,0
-17.458158493042,0
-17.7237281799316,0
-18.8466243743896,0
-19.8272800445557,0
-20.1554298400879,0
-21.1315803527832,0
-23.3612461090088,0
-25.1327610015869,0
-24.9869766235352,0
-24.2611751556396,0
-25.263204574585,0
-28.0783805847168,0
-30.9405670166016,0
-32.8567161560059,0
-34.0210418701172,0
-34.1831092834473,0
-32.5089149475098,0
-29.0882987976074,0
-25.1008720397949,0
-21.326192855835,0
-17.6741275787354,0
-14.2945194244385,0
-11.9238319396973,0
-10.6962471008301,0
-9.47356224060059,0
-6.85262298583984,0
-2.42816090583801,0
3.0727527141571,0
8.48567485809326,0
13.081561088562,0
17.2656192779541,0
22.3056774139404,0
28.7345199584961,0
35.0841789245605,0
38.9525489807129,0
39.4779472351074,0
38.1383247375488,0
36.8907165527344,0
36.0583000183105,0
34.3840560913086,0
30.8547439575195,0
26.0895004272461,0
21.7778491973877,0
18.6971740722656,0
15.5993881225586,0
10.7449560165405,0
4.55014276504517,0
-0.388366967439651,0
-2.4727795124054,0
-3.11145448684692,0
-4.42972803115845,0
-6.13576126098633,0
-6.52674722671509,0
-5.98031234741211,0
-7.06281137466431,0
-10.8131742477417,0
-14.996319770813,0
-16.8828907012939,0
-16.0850887298584,0
-13.7247953414917,0
-10.4396276473999,0
-6.4940242767334,0
-2.56575751304626,0
0.944974482059479,0
4.40599584579468,0
7.6549186706543,0
9.48042392730713,0
9.77493000030518,0
10.8093414306641,0
14.4192008972168,0
19.0042400360107,0
21.6202526092529,0
22.303674697876,0
23.6367263793945,0
26.2406101226807,0
27.7499885559082,0
26.9809799194336,0
26.2158336639404,0
27.7217998504639,0
30.2821464538574,0
31.3364772796631,0
30.9902305603027,0
31.4402256011963,0
33.1744918823242,0
34.1813049316406,0
32.9519882202148,0
30.1919364929199,0
27.0912475585938,0
23.6889934539795,0
19.8449954986572,0
16.4174098968506,0
14.1789970397949,0
12.3838090896606,0
9.80044460296631,0
6.81721544265747,0
5.03662300109863,0
4.5640549659729,0
3.14500665664673,0
-1.07917070388794,0
-6.91506767272949,0
-11.4673280715942,0
-13.6630067825317,0
-15.0181541442871,0
-16.9798412322998,0
-19.1515121459961,0
-20.7407646179199,0
-22.2110767364502,0
-24.1938877105713,0
-25.7355213165283,0
-25.2104148864746,0
-22.6785869598389,0
-19.9586124420166,0
-18.3518676757812,0
-17.4578838348389,0
-16.3539257049561,0
-14.8358030319214,0
-13.1835193634033,0
-11.6528453826904,0
-10.6360769271851,0
-10.5849485397339,0
-11.3237705230713,0
-11.9782285690308,0
-11.9000263214111,0
-11.1493244171143,0
-9.85244846343994,0
-7.73823928833008,0
-4.69376802444458,0
-1.22920060157776,0
2.05217361450195,0
5.0488076210022,0
7.88352823257446,0
10.4767398834229,0
12.8382625579834,0
15.4360771179199,0
18.7300682067871,0
22.3932094573975,0
25.3652877807617,0
26.8109359741211,0
27.0252742767334,0
27.4033126831055,0
29.2695980072021,0
32.3490295410156,0
34.4724578857422,0
33.3091087341309,0
28.5727767944336,0
22.2596397399902,0
16.7574405670166,0
13.1257667541504,0
11.0991907119751,0
9.98005771636963,0
9.17300510406494,0
8.39733409881592,0
7.87793779373169,0
8.13558292388916,0
9.34513854980469,0
11.0738677978516,0
12.7032890319824,0
13.8447742462158,0
14.4584426879883,0
15.0803375244141,0
16.8157539367676,0
20.3076038360596,0
24.6224403381348,0
28.0696296691895,0
30.3785629272461,0
33.0354270935059,0
37.0094184875488,0
41.3518905639648,0
44.941463470459,0
48.4626502990723,0
53.2525367736816,0
58.9374313354492,0
63.8365783691406,0
67.364860534668,0
70.3268585205078,0
72.7989349365234,0
73.5249938964844,0
72.0663833618164,0
70.0990524291992,0
69.5520401000977,0
70.3580017089844,0
71.0256652832031,0
70.8532104492188,0
70.6338806152344,0
71.3741455078125,0
72.9504318237305,0
74.0180587768555,0
73.095832824707,0
70.0065460205078,0
66.1765594482422,0
62.8976593017578,0
59.4590263366699,0
54.2242851257324,0
47.8317832946777,0
43.6794395446777,0
43.961784362793,0
46.3504257202148,0
46.3267250061035,0
42.3694190979004,0
37.1388511657715,0
33.551887512207,0
31.4504623413086,0
28.793794631958,0
24.6893730163574,0
19.9665946960449,0
15.3816957473755,0
10.6348390579224,0
5.47227430343628,0
0.935802221298218,0
-1.34440624713898,0
-1.23561370372772,0
-0.841969072818756,0
-2.38697934150696,0
-5.43473863601685,0
-7.16377353668213,0
-5.80047130584717,0
-2.87294244766235,0
-1.31260764598846,0
-2.12965559959412,0
-3.99050879478455,0
-5.33805704116821,0
-5.46538591384888,0
-3.87722873687744,0
-0.349089980125427,0
4.15611028671265,0
8.18091773986816,0
11.7969760894775,0
16.4587593078613,0
22.3318824768066,0
27.4707622528076,0
30.6497344970703,0
33.3171882629395,0
37.0994300842285,0
40.6782493591309,0
41.3374519348145,0
39.0740356445312,0
36.8982810974121,0
36.8075904846191,0
37.386646270752,0
36.0680541992188,0
32.1992988586426,0
26.9136257171631,0
21.1954727172852,0
15.3471536636353,0
9.77138137817383,0
5.08186149597168,0
1.43073856830597,0
-1.61918807029724,0
-4.45988845825195,0
-6.84606122970581,0
-7.76262426376343,0
-5.94631576538086,0
-1.17591953277588,0
4.82379102706909,0
9.6754846572876,0
13.0850563049316,0
17.4054698944092,0
24.5724906921387,0
33.1496162414551,0
39.5784454345703,0
42.0358657836914,0
41.8496017456055,0
41.2070274353027,0
40.8456840515137,0
40.4297256469727,0
40.0180549621582,0
40.2098083496094,0
41.251350402832,0
42.6347579956055,0
43.4614715576172,0
43.0744476318359,0
41.7716598510742,0
41.0520782470703,0
42.5338249206543,0
46.2290191650391,0
50.3384170532227,0
53.0709686279297,0
54.1614646911621,0
54.2511367797852,0
53.406177520752,0
50.9092636108398,0
46.2284126281738,0
39.6958885192871,0
32.4056854248047,0
25.6188354492188,0
19.7615776062012,0
13.7247667312622,0
5.8540210723877,0
-3.84231781959534,0
-13.1972513198853,0
-20.3106994628906,0
-25.6981372833252,0
-30.9447650909424,0
-35.8741760253906,0
-38.6736106872559,0
-38.8915023803711,0
-38.6922340393066,0
-40.3140182495117,0
-43.3128128051758,0
-45.3965606689453,0
-45.5318641662598,0
-45.1610412597656,0
-46.2768363952637,0
-49.1211700439453,0
-52.2285270690918,0
-54.270923614502,0
-55.2178192138672,0
-55.7685203552246,0
-56.3764610290527,0
-57.2033081054688,0
-58.4844818115234,0
-60.3006782531738,0
-62.2885780334473,0
-64.2745819091797,0
-66.9659423828125,0
-71.1234588623047,0
-76.0594024658203,0
-79.9358291625977,0
-81.8047561645508,0
-82.4689559936523,0
-83.0428314208984,0
-83.701286315918,0
-84.4080200195312,0
-85.7867431640625,0
-88.1982421875,0
-90.5607833862305,0
-91.2019805908203,0
-89.7336349487305,0
-87.3443374633789,0
-85.4665603637695,0
-84.8618011474609,0
-85.751091003418,0
-87.9543914794922,0
-90.8136596679688,0
-93.5989990234375,0
-96.1083526611328,0
-98.4767684936523,0
-100.486709594727,0
-101.597999572754,0
-101.692054748535,0
-101.317527770996,0
-101.099319458008,0
-101.26057434082,0
-101.779708862305,0
-102.609382629395,0
-103.522941589355,0
-103.994407653809,0
-103.502723693848,0
-101.933532714844,0
-99.556526184082,0
-96.623420715332,0
-93.1343231201172,0
-89.0963287353516,0
-84.865364074707,0
-80.9091262817383,0
-77.1647338867188,0
-73.0304107666016,0
-68.321907043457,0
-63.9279899597168,0
-60.9848747253418,0
-59.4459762573242,0
-57.9374389648438,0
-55.1308250427246,0
-51.0029144287109,0
-46.794319152832,0
-44.0151214599609,0
-43.3415298461914,0
-44.0670051574707,0
-44.7175712585449,0
-44.5745468139648,0
-44.3603858947754,0
-44.9384078979492,0
-45.7776069641113,0
-45.6581840515137,0
-44.6259651184082,0
-43.8536033630371,0
-43.3189430236816,0
-41.1738967895508,0
-36.3557205200195,0
-30.5916004180908,0
-26.4263286590576,0
-23.9376430511475,0
-20.8266201019287,0
-15.4997024536133,0
-8.79348850250244,0
-2.70236873626709,0
1.51260626316071,0
3.97324085235596,0
5.93401908874512,0
8.77892398834229,0
12.298656463623,0
14.3381252288818,0
13.5464487075806,0
12.1281061172485,0
13.8307752609253,0
18.9375457763672,0
23.5232696533203,0
24.6372013092041,0
23.9629554748535,0
24.6209201812744,0
26.3191604614258,0
26.2161445617676,0
23.4629535675049,0
20.0568180084229,0
17.4474067687988,0
15.0466003417969,0
12.5526351928711,0
11.192120552063,0
11.4086179733276,0
11.1982698440552,0
8.37590789794922,0
3.50168704986572,0
-0.774969220161438,0
-2.63338780403137,0
-2.34453630447388,0
-1.38135528564453,0
-1.41414594650269,0
-3.53016257286072,0
-7.03535842895508,0
-9.3068962097168,0
-8.34386825561523,0
-5.62172508239746,0
-4.92779445648193,0
-7.7504358291626,0
-11.2182703018188,0
-11.7911558151245,0
-9.8883113861084,0
-9.02505683898926,0
-10.763988494873,0
-12.782543182373,0
-12.6086854934692,0
-11.1499891281128,0
-10.8561725616455,0
-11.9084205627441,0
-12.6265115737915,0
-13.0511102676392,0
-15.3851184844971,0
-20.3337440490723,0
-25.4054851531982,0
-28.2048473358154,0
-29.6453914642334,0
-32.1153678894043,0
-35.5912170410156,0
-37.6501846313477,0
-37.1059875488281,0
-35.8254013061523,0
-36.508960723877,0
-39.8278465270996,0
-44.2771186828613,0
-48.091724395752,0
-50.7316665649414,0
-52.8450508117676,0
-55.2825546264648,0
-58.2418098449707,0
-61.2866401672363,0
-64.0100021362305,0
-66.3676834106445,0
-68.4098739624023,0
-70.2547760009766,0
-72.5490875244141,0
-76.2688369750977,0
-81.431884765625,0
-86.4422836303711,0
-89.5068664550781,0
-90.5924453735352,0
-91.2604675292969,0
-92.5125274658203,0
-93.5131988525391,0
-92.7900085449219,0
-90.1999969482422,0
-87.1743011474609,0
-85.1770706176758,0
-84.4362487792969,0
-84.2425155639648,0
-83.8994522094727,0
-82.8866653442383,0
-80.500114440918,0
-76.2963333129883,0
-71.1192398071289,0
-66.7946243286133,0
-64.1189117431641,0
-61.7378959655762,0
-57.8634910583496,0
-52.6857490539551,0
-48.032413482666,0
-44.7801780700684,0
-41.819206237793,0
-37.9250831604004,0
-33.6499443054199,0
-30.7242221832275,0
-30.1752014160156,0
-31.497106552124,0
-33.0984306335449,0
-33.1451263427734,0
-30.6971836090088,0
-26.7600803375244,0
-23.7150993347168,0
-22.8810176849365,0
-22.9190235137939,0
-21.4216785430908,0
-17.8177223205566,0
-13.7633104324341,0
-10.707649230957,0
-8.16336536407471,0
-4.8038854598999,0
-0.398645281791687,0
4.06160449981689,0
7.69591474533081,0
10.5205240249634,0
13.171703338623,0
16.3965759277344,0
20.5701122283936,0
25.1583557128906,0
28.9403076171875,0
31.4715824127197,0
34.0911750793457,0
38.4890098571777,0
44.208568572998,0
48.6912460327148,0
50.2962074279785,0
50.2866516113281,0
51.0414581298828,0
53.1659278869629,0
55.4770050048828,0
57.1770935058594,0
58.4749031066895,0
59.0954284667969,0
57.8641662597656,0
54.5514717102051,0
50.9315223693848,0
48.8228454589844,0
47.651195526123,0
45.1445236206055,0
40.2744369506836,0
34.3466987609863,0
29.0146083831787,0
24.4479103088379,0
20.2237777709961,0
16.9613628387451,0
15.5028162002563,0
14.6506214141846,0
11.5155181884766,0
4.98996782302856,0
-2.44571614265442,0
-7.80527067184448,0
-11.6227169036865,0
-16.9738140106201,0
-24.6252975463867,0
-31.3809757232666,0
-34.1632537841797,0
-33.9654960632324,0
-34.2543716430664,0
-36.6226043701172,0
-39.7231140136719,0
-41.7956924438477,0
-42.4014282226562,0
-41.8102493286133,0
-40.3735656738281,0
-38.7561264038086,0
-37.4584884643555,0
-35.893669128418,0
-33.2070007324219,0
-30.141206741333,0
-28.4832057952881,0
-28.1190376281738,0
-26.3505325317383,0
-21.3453521728516,0
-14.9723167419434,0
-10.6579399108887,0
-9.21616458892822,0
-8.4518985748291,0
-6.47659540176392,0
-3.54994320869446,0
-0.400577366352081,0
3.44507813453674,0
8.54120349884033,0
13.8243103027344,0
17.470682144165,0
19.214075088501,0
20.6516284942627,0
23.10302734375,0
26.1360778808594,0
28.6303119659424,0
30.4222431182861,0
32.072624206543,0
33.6241493225098,0
34.8411636352539,0
36.583610534668,0
40.4200134277344,0
46.1600112915039,0
51.044921875,0
52.7020797729492,0
52.0811767578125,0
51.7592658996582,0
51.6870956420898,0
48.7970352172852,0
41.4791564941406,0
32.4120101928711,0
25.3433628082275,0
20.3594055175781,0
14.3956565856934,0
5.92915391921997,0
-3.0523853302002,0
-10.1327800750732,0
-15.5930013656616,0
-21.3815116882324,0
-28.2503871917725,0
-35.2590065002441,0
-41.414737701416,0
-46.4125480651855,0
-49.9825706481934,0
-51.8772087097168,0
-52.7954635620117,0
-54.2418975830078,0
-56.8751564025879,0
-59.722110748291,0
-61.6855430603027,0
-63.2132415771484,0
-65.5168228149414,0
-68.4266128540039,0
-70.2744674682617,0
-70.2812805175781,0
-69.9208831787109,0
-70.9424285888672,0
-72.8254318237305,0
-73.650749206543,0
-73.2589340209961,0
-73.7397613525391,0
-76.1874008178711,0
-78.6723480224609,0
-78.8128814697266,0
-77.1720123291016,0
-76.345329284668,0
-77.3751449584961,0
-79.0098419189453,0
-80.1818008422852,0
-81.0005264282227,0
-81.0651931762695,0
-79.1106185913086,0
-75.2124557495117,0
-71.2768020629883,0
-68.0828170776367,0
-63.7228660583496,0
-56.5812835693359,0
-48.1551322937012,0
-40.9438667297363,0
-35.0154418945312,0
-29.0238628387451,0
-23.4098701477051,0
-19.6404590606689,0
-16.7719535827637,0
-11.9716815948486,0
-4.8350396156311,0
1.76074635982513,0
5.93080472946167,0
9.00937747955322,0
12.0667972564697,0
12.9752502441406,0
9.35630702972412,0
2.63106226921082,0
-3.45510745048523,0
-7.27196264266968,0
-9.88567733764648,0
-12.0745325088501,0
-13.4072017669678,0
-14.0759286880493,0
-15.1541604995728,0
-16.796838760376,0
-18.3725128173828,0
-20.6451168060303,0
-25.4356594085693,0
-32.4171524047852,0
-38.6734771728516,0
-42.6913795471191,0
-46.4840278625488,0
-51.9098129272461,0
-56.9518203735352,0
-58.2909698486328,0
-56.3343238830566,0
-54.7292671203613,0
-55.1991767883301,0
-55.6806030273438,0
-53.9333152770996,0
-50.4022254943848,0
-46.5713195800781,0
-42.7305450439453,0
-38.8019218444824,0
-35.664924621582,0
-33.9694328308105,0
-32.7172012329102,0
-30.5839061737061,0
-27.8794345855713,0
-25.7447299957275,0
-24.0218715667725,0
-21.4502391815186,0
-17.7329616546631,0
-14.0814189910889,0
-11.7737989425659,0
-11.262225151062,0
-12.589485168457,0
-15.5563716888428,0
-19.3724212646484,0
-23.0141429901123,0
-25.9989051818848,0
-28.2215957641602,0
-29.4445686340332,0
-29.9036197662354,0
-30.9216003417969,0
-33.5005035400391,0
-36.4961547851562,0
-37.8333549499512,0
-37.6774368286133,0
-38.5457229614258,0
-41.5275764465332,0
-44.1264953613281,0
-43.2444534301758,0
-39.2143745422363,0
-35.3818550109863,0
-34.2824974060059,0
-35.6210746765137,0
-37.754711151123,0
-39.8040046691895,0
-42.0145645141602,0
-44.8854446411133,0
-48.440128326416,0
-52.280574798584,0
-56.3429870605469,0
-61.3342704772949,0
-67.6698760986328,0
-73.9129409790039,0
-77.4373168945312,0
-77.307746887207,0
-75.4680023193359,0
-74.2399368286133,0
-73.8461990356445,0
-73.6857757568359,0
-74.7359313964844,0
-78.4168395996094,0
-83.48876953125,0
-86.5088653564453,0
-85.8070526123047,0
-83.0052337646484,0
-80.0040512084961,0
-76.5947952270508,0
-72.254768371582,0
-68.3072662353516,0
-66.2422866821289,0
-65.0085754394531,0
-62.182315826416,0
-57.4450569152832,0
-52.8177528381348,0
-49.3295021057129,0
-45.5093383789062,0
-40.001106262207,0
-34.0088729858398,0
-29.7661724090576,0
-27.5601291656494,0
-25.8086318969727,0
-23.6831645965576,0
-22.105411529541,0
-22.0086059570312,0
-23.0341567993164,0
-24.5609798431396,0
-26.8338184356689,0
-30.0457401275635,0
-33.1630477905273,0
-35.0508766174316,0
-36.3964309692383,0
-38.9210205078125,0
-42.4686241149902,0
-44.5062065124512,0
-43.4417343139648,0
-41.1689987182617,0
-40.878303527832,0
-43.0337982177734,0
-45.1872406005859,0
-45.6709861755371,0
-45.7029190063477,0
-47.1641044616699,0
-49.7237777709961,0
-51.4561157226562,0
-51.6168403625488,0
-51.4398078918457,0
-52.254020690918,0
-53.9902725219727,0
-55.9041557312012,0
-57.8835525512695,0
-60.3598976135254,0
-63.3238410949707,0
-66.0605773925781,0
-67.7811660766602,0
-68.0701370239258,0
-66.705078125,0
-63.4796905517578,0
-58.5165939331055,0
-52.6590003967285,0
-47.230598449707,0
-43.1214752197266,0
-40.0817718505859,0
-37.2010078430176,0
-34.3074226379395,0
-32.6030731201172,0
-33.3873634338379,0
-36.1834526062012,0
-38.7570991516113,0
-39.2770309448242,0
-37.9839363098145,0
-36.3587074279785,0
-35.1125984191895,0
-33.6462745666504,0
-31.3607883453369,0
-28.8475379943848,0
-27.4717693328857,0
-27.8985500335693,0
-29.1413402557373,0
-29.1653690338135,0
-26.6218433380127,0
-21.9457759857178,0
-16.4721698760986,0
-10.6908359527588,0
-4.13539028167725,0
2.95486235618591,0
9.03123664855957,0
13.0795774459839,0
16.1953411102295,0
20.1187305450439,0
24.549711227417,0
27.1049156188965,0
25.9437503814697,0
21.4423847198486,0
15.2195320129395,0
8.61943817138672,0
2.58812880516052,0
-1.90971672534943,0
-4.2754487991333,0
-4.96173191070557,0
-5.35236167907715,0
-6.92454767227173,0
-10.4710702896118,0
-15.7866525650024,0
-21.9387283325195,0
-28.0328311920166,0
-33.804443359375,0
-39.3696212768555,0
-44.5627479553223,0
-48.9000549316406,0
-52.2408676147461,0
-55.1831398010254,0
-58.6537284851074,0
-63.1507034301758,0
-68.298469543457,0
-73.0207366943359,0
-76.2847595214844,0
-77.8956069946289,0
-78.6046829223633,0
-79.5055313110352,0
-81.4589309692383,0
-84.8440856933594,0
-89.2530670166016,0
-93.3794784545898,0
-95.9416656494141,0
-97.0695343017578,0
-98.2037658691406,0
-100.310752868652,0
-102.889068603516,0
-105.126014709473,0
-107.070198059082,0
-108.784553527832,0
-109.187797546387,0
-107.119674682617,0
-103.318664550781,0
-100.038269042969,0
-98.5736694335938,0
-98.2343826293945,0
-97.9217300415039,0
-97.5412750244141,0
-97.3197860717773,0
-96.7610473632812,0
-95.2326278686523,0
-93.0819473266602,0
-91.2190780639648,0
-89.6726379394531,0
-87.3116989135742,0
-83.1928405761719,0
-77.7573547363281,0
-72.5113754272461,0
-68.7651519775391,0
-66.7166442871094,0
-65.3569946289062,0
-63.0221099853516,0
-58.4461059570312,0
-51.8847351074219,0
-45.1712036132812,0
-40.0353393554688,0
-36.1377067565918,0
-31.3644599914551,0
-24.5070667266846,0
-17.0321826934814,0
-11.4096565246582,0
-8.16838550567627,0
-5.77994632720947,0
-3.32497477531433,0
-1.76312720775604,0
-2.00249695777893,0
-3.11966180801392,0
-3.70157861709595,0
-4.05309963226318,0
-5.60886001586914,0
-8.57150077819824,0
-11.6927728652954,0
-14.4500589370728,0
-17.8826351165771,0
-22.6798133850098,0
-27.7702388763428,0
-31.8724575042725,0
-35.5427284240723,0
-40.2744903564453,0
-45.8377418518066,0
-49.9952049255371,0
-51.3121490478516,0
-51.1177978515625,0
-51.7862091064453,0
-53.7601585388184,0
-55.4356231689453,0
-55.791130065918,0
-55.8094749450684,0
-56.8214645385742,0
-58.5067329406738,0
-59.4934043884277,0
-59.3904037475586,0
-59.1703872680664,0
-59.6406707763672,0
-60.4384002685547,0
-60.6745223999023,0
-59.853687286377,0
-57.9163436889648,0
-54.9628524780273,0
-51.3662261962891,0
-47.9740753173828,0
-45.9446640014648,0
-46.2453918457031,0
-49.0194931030273,0
-53.3117599487305,0
-57.8313217163086,0
-62.2695617675781,0
-67.3713073730469,0
-73.3449554443359,0
-78.9337310791016,0
-82.7744750976562,0
-84.9840545654297,0
-86.4405822753906,0
-87.137092590332,0
-86.5228424072266,0
-85.0620269775391,0
-83.9197845458984,0
-83.0178298950195,0
-80.7519454956055,0
-75.9918518066406,0
-69.3854064941406,0
-62.5031852722168,0
-56.6663436889648,0
-52.713550567627,0
-50.7276000976562,0
-49.5083923339844,0
-47.1759223937988,0
-42.7910346984863,0
-36.9209632873535,0
-30.5990943908691,0
-24.4507904052734,0
-18.8221092224121,0
-13.8590908050537,0
-9.27162647247314,0
-4.76528739929199,0
-0.82513552904129,0
1.65408492088318,0
2.64137005805969,0
3.28132319450378,0
4.94122552871704,0
8.42068004608154,0
13.7276725769043,0
19.8333797454834,0
25.0108814239502,0
28.4418754577637,0
31.3082294464111,0
35.3135528564453,0
40.3531494140625,0
44.7712249755859,0
47.8008308410645,0
50.4998893737793,0
54.0593032836914,0
58.1483268737793,0
61.1770820617676,0
61.5832748413086,0
59.0011367797852,0
54.877799987793,0
51.6046028137207,0
50.118106842041,0
48.6825294494629,0
45.027961730957,0
39.2961387634277,0
33.7802658081055,0
30.26975440979,0
28.9995422363281,0
29.6615028381348,0
31.665168762207,0
33.623908996582,0
34.5073013305664,0
35.3325805664062,0
37.7214393615723,0
40.6565856933594,0
41.1109237670898,0
38.6968727111816,0
37.1968994140625,0
39.7840270996094,0
44.5902824401855,0
47.0818519592285,0
45.579231262207,0
42.2037658691406,0
39.0338287353516,0
35.7027626037598,0
31.0823707580566,0
25.5225677490234,0
20.5794334411621,0
17.3735427856445,0
15.7127799987793,0
14.3095693588257,0
11.7013063430786,0
7.53340721130371,0
3.08327579498291,0
0.0143552180379629,0
-1.48134660720825,0
-2.82545280456543,0
-5.29670286178589,0
-8.69614315032959,0
-12.0013303756714,0
-14.9023351669312,0
-18.2275905609131,0
-22.8532886505127,0
-28.4743785858154,0
-33.7464904785156,0
-37.7558288574219,0
-41.0870933532715,0
-45.0515785217285,0
-49.9616546630859,0
-54.6548347473145,0
-57.7357444763184,0
-58.7840919494629,0
-58.362606048584,0
-57.5773086547852,0
-57.8198585510254,0
-60.0782127380371,0
-63.9043159484863,0
-67.5914535522461,0
-69.9387359619141,0
-71.5122299194336,0
-73.8115692138672,0
-77.6151504516602,0
-82.4741134643555,0
-87.3410949707031,0
-91.2828216552734,0
-93.9184188842773,0
-95.3835983276367,0
-95.5600204467773,0
-93.6088485717773,0
-89.2116088867188,0
-84.1051254272461,0
-80.8325347900391,0
-79.5458145141602,0
-77.7220916748047,0
-73.9781951904297,0
-70.4753570556641,0
-69.9961395263672,0
-71.9970245361328,0
-73.5634231567383,0
-73.4896469116211,0
-73.2506484985352,0
-74.1042022705078,0
-75.2779541015625,0
-75.4461135864258,0
-74.4572982788086,0
-73.0149536132812,0
-71.7568359375,0
-71.1603393554688,0
-71.433479309082,0
-71.9187774658203,0
-71.2177810668945,0
-68.4810943603516,0
-64.4288787841797,0
-60.8906745910645,0
-59.2785911560059,0
-59.2802543640137,0
-59.0905838012695,0
-57.5145416259766,0
-55.8641052246094,0
-56.7382202148438,0
-60.5715408325195,0
-64.7541961669922,0
-67.040397644043,0
-68.3737030029297,0
-70.9056930541992,0
-74.5756378173828,0
-77.6935958862305,0
-79.9503860473633,0
-82.3231887817383,0
-84.2991943359375,0
-83.9484939575195,0
-81.3367614746094,0
-79.4562225341797,0
-80.6084365844727,0
-83.6659545898438,0
-86.1323547363281,0
-87.3484878540039,0
-88.2385635375977,0
-89.1336212158203,0
-89.5305404663086,0
-89.4366073608398,0
-89.5657577514648,0
-90.4105758666992,0
-92.0102233886719,0
-94.2646408081055,0
-96.640739440918,0
-97.9605331420898,0
-97.3658599853516,0
-95.338249206543,0
-93.2124176025391,0
-91.9883651733398,0
-92.0092697143555,0
-93.1509399414062,0
-94.6545867919922,0
-95.3289031982422,0
-94.5750885009766,0
-92.667594909668,0
-89.606559753418,0
-84.8483505249023,0
-79.1290512084961,0
-75.1811447143555,0
-74.7854080200195,0
-75.8882827758789,0
-74.796630859375,0
-70.9489440917969,0
-67.1518859863281,0
-64.8799209594727,0
-62.0491485595703,0
-56.7293090820312,0
-50.7010116577148,0
-47.0735473632812,0
-45.7421379089355,0
-43.787353515625,0
-39.9834365844727,0
-36.3322563171387,0
-34.5131454467773,0
-32.9771499633789,0
-29.1321048736572,0
-23.3091583251953,0
-18.7372341156006,0
-17.530403137207,0
-17.9870948791504,0
-16.4410514831543,0
-11.1078615188599,0
-3.473792552948,0
3.69023132324219,0
8.80111026763916,0
11.8360195159912,0
13.072380065918,0
12.2835378646851,0
9.24750995635986,0
4.59051275253296,0
-0.246455356478691,0
-3.99009156227112,0
-6.46266460418701,0
-8.40532779693604,0
-10.2869682312012,0
-11.530366897583,0
-11.3070363998413,0
-9.96846389770508,0
-9.06271743774414,0
-9.74811840057373,0
-11.7395401000977,0
-14.0741119384766,0
-16.2638473510742,0
-18.1570529937744,0
-19.1942119598389,0
-18.5949401855469,0
-16.2065830230713,0
-12.6966695785522,0
-9.02089023590088,0
-6.03499507904053,0
-4.37048387527466,0
-4.23104047775269,0
-5.32052516937256,0
-6.99348545074463,0
-8.15950584411621,0
-7.33180713653564,0
-3.95429348945618,0
0.0278310943394899,0
1.42751848697662,0
-0.331034183502197,0
-1.97550523281097,0
-0.496410250663757,0
2.73629021644592,0
4.041335105896,0
2.70405149459839,0
1.42268252372742,0
1.55339848995209,0
1.06672716140747,0
-1.51492726802826,0
-3.83624053001404,0
-2.65127968788147,0
1.49524927139282,0
4.99047660827637,0
5.95468711853027,0
6.04411315917969,0
7.36537218093872,0
9.59146308898926,0
10.9629316329956,0
10.858081817627,0
10.2647161483765,0
10.1945114135742,0
10.4828758239746,0
10.1011047363281,0
8.20001411437988,0
4.87073183059692,0
1.13917362689972,0
-1.8897317647934,0
-4.11050605773926,0
-6.41301345825195,0
-9.1809606552124,0
-11.0858354568481,0
-10.3338174819946,0
-7.35352659225464,0
-5.11563968658447,0
-5.87125015258789,0
-8.48997020721436,0
-10.4105625152588,0
-11.4833936691284,0
-13.7857046127319,0
-17.7153186798096,0
-20.8861980438232,0
-21.9643096923828,0
-23.1950702667236,0
-27.1008892059326,0
-32.4162178039551,0
-35.8972854614258,0
-37.2346420288086,0
-39.3205604553223,0
-43.659107208252,0
-48.1928596496582,0
-50.4212989807129,0
-50.4065818786621,0
-49.3940010070801,0
-47.2353248596191,0
-43.0910415649414,0
-37.9316062927246,0
-34.3993453979492,0
-33.817066192627,0
-34.5252914428711,0
-34.0017890930176,0
-32.1174240112305,0
-31.2488212585449,0
-32.992015838623,0
-35.8984451293945,0
-37.4743690490723,0
-37.5721168518066,0
-38.0634307861328,0
-39.4549560546875,0
-40.1689682006836,0
-39.759105682373,0
-40.2350425720215,0
-42.4953079223633,0
-43.6780738830566,0
-40.602725982666,0
-34.3550987243652,0
-28.5926990509033,0
-24.269775390625,0
-19.3102588653564,0
-13.299674987793,0
-8.9857931137085,0
-8.16828727722168,0
-8.9786901473999,0
-8.7141637802124,0
-7.17332792282104,0
-5.6451530456543,0
-4.44285917282104,0
-3.14462471008301,0
-1.88866913318634,0
-0.778134644031525,0
0.940950155258179,0
3.6101758480072,0
5.99808931350708,0
6.86553955078125,0
6.883216381073,0
7.49646377563477,0
8.48586177825928,0
8.15367603302002,0
5.63094329833984,0
1.76324903964996,0
-1.98415946960449,0
-4.38871479034424,0
-4.71023416519165,0
-3.41095924377441,0
-2.36951279640198,0
-3.01426672935486,0
-4.33032608032227,0
-4.01031064987183,0
-1.51029920578003,0
1.45542466640472,0
3.54444646835327,0
5.32330369949341,0
7.68192052841187,0
10.1955900192261,0
11.9650592803955,0
12.971978187561,0
13.5880565643311,0
13.5793724060059,0
12.6763830184937,0
11.5866556167603,0
11.4216156005859,0
12.3998994827271,0
13.8587064743042,0
15.1400508880615,0
15.6992883682251,0
14.8623247146606,0
12.5694103240967,0
10.1653575897217,0
9.38853740692139,0
10.5389518737793,0
12.527416229248,0
14.7094984054565,0
17.6260585784912,0
21.6821880340576,0
26.0565357208252,0
29.4112091064453,0
31.0295257568359,0
30.9198608398438,0
29.6106071472168,0
28.4589004516602,0
29.4082336425781,0
33.2888298034668,0
38.2924690246582,0
41.0023155212402,0
39.5772285461426,0
35.8314895629883,0
33.6990585327148,0
35.3199729919434,0
38.8127288818359,0
40.3687171936035,0
38.4892234802246,0
35.3629875183105,0
33.7384490966797,0
33.5195083618164,0
32.6036949157715,0
30.3536472320557,0
28.4166946411133,0
27.9269866943359,0
27.6660480499268,0
25.9026775360107,0
22.7174663543701,0
19.2860927581787,0
15.8924131393433,0
12.1952142715454,0
8.83734226226807,0
6.94935417175293,0
6.0247859954834,0
4.07302045822144,0
0.484712302684784,0
-2.79137897491455,0
-3.95549249649048,0
-4.02860307693481,0
-5.45268964767456,0
-8.8125,0
-12.5306816101074,0
-15.46741771698,0
-18.0428886413574,0
-20.4919815063477,0
-21.6967868804932,0
-20.7476806640625,0
-18.5875453948975,0
-16.9441356658936,0
-16.1955032348633,0
-15.3655385971069,0
-13.9565181732178,0
-12.7450971603394,0
-12.638355255127,0
-13.4560174942017,0
-14.1421155929565,0
-13.8944425582886,0
-12.9376001358032,0
-12.2421703338623,0
-12.4506673812866,0
-13.2001438140869,0
-13.7968244552612,0
-14.2948579788208,0
-15.1306581497192,0
-15.7663154602051,0
-14.9089651107788,0
-12.5564126968384,0
-10.6427745819092,0
-10.7849063873291,0
-12.3626003265381,0
-13.7948760986328,0
-14.6953649520874,0
-15.5072736740112,0
-15.9797639846802,0
-15.6636829376221,0
-15.2555809020996,0
-15.6218662261963,0
-15.9267416000366,0
-14.7582674026489,0
-12.8970909118652,0
-12.5519046783447,0
-13.4712715148926,0
-12.4274244308472,0
-7.85665845870972,0
-2.81227588653564,0
-1.34383022785187,0
-3.37562942504883,0
-5.29856014251709,0
-4.8097996711731,0
-2.9996554851532,0
-1.89345586299896,0
-2.04985046386719,0
-3.05277252197266,0
-4.67663383483887,0
-6.57107639312744,0
-7.75757646560669,0
-7.4909815788269,0
-6.33482027053833,0
-5.69574928283691,0
-6.33374214172363,0
-7.71222591400146,0
-8.75943565368652,0
-8.87962436676025,0
-8.07713031768799,0
-6.43949031829834,0
-4.02726030349731,0
-1.33764457702637,0
0.757398724555969,0
2.07970023155212,0
3.72296929359436,0
6.73442935943604,0
10.3547115325928,0
12.5094556808472,0
12.2088165283203,0
10.6079521179199,0
9.47001838684082,0
9.48544788360596,0
10.4128923416138,0
11.7970771789551,0
12.9093923568726,0
12.9826316833496,0
12.3708305358887,0
12.6049270629883,0
14.2808074951172,0
15.6513938903809,0
14.503101348877,0
10.8611841201782,0
6.58729553222656,0
2.81183409690857,0
-0.710223793983459,0
-3.90555357933044,0
-5.77935028076172,0
-5.90344524383545,0
-5.13996171951294,0
-4.3211817741394,0
-3.32112002372742,0
-2.01264452934265,0
-1.10753619670868,0
-1.34270882606506,0
-2.67763113975525,0
-4.94205188751221,0
-8.39572525024414,0
-12.8635835647583,0
-17.1334342956543,0
-20.1427364349365,0
-22.1353530883789,0
-23.7982921600342,0
-25.0240745544434,0
-25.6139087677002,0
-26.4185409545898,0
-28.2657585144043,0
-30.1924953460693,0
-30.4275054931641,0
-29.0368137359619,0
-27.8719367980957,0
-27.7787113189697,0
-27.7542343139648,0
-27.3146362304688,0
-27.5699157714844,0
-28.8589572906494,0
-29.3439826965332,0
-27.707368850708,0
-25.6869773864746,0
-25.8250026702881,0
-27.7500667572021,0
-28.9313488006592,0
-28.4789047241211,0
-27.8997859954834,0
-28.3789348602295,0
-29.6233825683594,0
-31.3948001861572,0
-33.8335494995117,0
-35.9853553771973,0
-36.4303169250488,0
-35.983512878418,0
-37.2596817016602,0
-40.5052909851074,0
-42.4347457885742,0
-40.8866424560547,0
-38.179859161377,0
-37.3758354187012,0
-37.2254753112793,0
-34.183723449707,0
-28.5130252838135,0
-24.662805557251,0
-25.1842651367188,0
-27.6732368469238,0
-29.1780414581299,0
-30.7214069366455,0
-34.9636764526367,0
-41.2479629516602,0
-46.0511436462402,0
-47.8601303100586,0
-48.7233848571777,0
-50.5387535095215,0
-52.3757514953613,0
-52.7410545349121,0
-52.512523651123,0
-53.7826309204102,0
-56.9086608886719,0
-60.4483222961426,0
-63.257511138916,0
-65.0030670166016,0
-65.3583755493164,0
-64.6891403198242,0
-65.0879669189453,0
-68.4328002929688,0
-73.3228225708008,0
-76.1828842163086,0
-75.7985153198242,0
-74.4968566894531,0
-74.2512969970703,0
-74.2028198242188,0
-73.251106262207,0
-72.3931732177734,0
-72.2879486083984,0
-70.6067581176758,0
-64.6210861206055,0
-55.3108406066895,0
-46.2937049865723,0
-39.3973426818848,0
-33.8123016357422,0
-29.0643482208252,0
-25.9060649871826,0
-23.9754199981689,0
-21.2234916687012,0
-16.6159057617188,0
-11.4221324920654,0
-6.84523391723633,0
-2.1418731212616,0
3.66779446601868,0
9.69529438018799,0
14.3997869491577,0
18.1438789367676,0
23.0155925750732,0
30.2941055297852,0
39.2697296142578,0
48.6016540527344,0
57.7686500549316,0
66.7481384277344,0
75.0028991699219,0
81.5005493164062,0
85.5299987792969,0
86.9760284423828,0
85.988525390625,0
83.15771484375,0
80.1295623779297,0
79.0790557861328,0
80.8240814208984,0
83.9772644042969,0
86.66748046875,0
88.5727310180664,0
90.4327774047852,0
92.2231521606445,0
93.1491851806641,0
93.2080307006836,0
93.4105529785156,0
94.4666366577148,0
96.4154205322266,0
99.2993316650391,0
102.710372924805,0
104.951698303223,0
104.702987670898,0
103.678436279297,0
105.248306274414,0
109.580947875977,0
112.485961914062,0
110.562255859375,0
105.554840087891,0
101.810020446777,0
101.032806396484,0
101.691841125488,0
102.467361450195,0
103.887268066406,0
106.807777404785,0
111.157653808594,0
116.249473571777,0
121.034187316895,0
124.15941619873,0
124.937286376953,0
124.19548034668,0
123.337348937988,0
122.80876159668,0
122.105461120605,0
120.668754577637,0
118.073822021484,0
114.21688079834,0
110.227416992188,0
108.176208496094,0
108.672538757324,0
109.646820068359,0
108.738052368164,0
105.911880493164,0
102.440788269043,0
98.6102142333984,0
94.2643280029297,0
90.3664779663086,0
87.6122207641602,0
84.3638610839844,0
78.7384719848633,0
72.3468627929688,0
68.8797607421875,0
68.7052307128906,0
67.9872589111328,0
64.1640853881836,0
59.4398345947266,0
57.2449836730957,0
57.6177444458008,0
58.0268287658691,0
56.8605270385742,0
53.983226776123,0
49.3311996459961,0
43.2550735473633,0
37.336051940918,0
32.7263679504395,0
28.2625732421875,0
22.1325645446777,0
14.8770523071289,0
8.76602268218994,0
4.53952503204346,0
0.833309710025787,0
-3.14004874229431,0
-6.3599705696106,0
-7.90287208557129,0
-8.40840625762939,0
-8.96080589294434,0
-9.70227718353271,0
-10.1187944412231,0
-9.77841758728027,0
-8.45723056793213,0
-6.37388229370117,0
-4.37834024429321,0
-3.01710176467896,0
-1.65060210227966,0
0.238317549228668,0
1.22354423999786,0
-0.643517434597015,0
-4.4269814491272,0
-6.46163654327393,0
-4.70618534088135,0
-1.09243106842041,0
1.35715591907501,0
1.81469511985779,0
0.866707324981689,0
-1.42998707294464,0
-4.69413805007935,0
-6.90429353713989,0
-6.24447298049927,0
-3.59030270576477,0
-1.30888450145721,0
-0.218433678150177,0
0.544402658939362,0
1.38949358463287,0
1.97851324081421,0
2.53751516342163,0
3.41428232192993,0
3.58635425567627,0
1.60414469242096,0
-2.06991291046143,0
-5.55639123916626,0
-8.28985595703125,0
-11.2675371170044,0
-14.5989294052124,0
-17.0242404937744,0
-18.2247886657715,0
-19.4548759460449,0
-21.2461967468262,0
-22.481803894043,0
-22.4930763244629,0
-22.1368103027344,0
-21.9429264068604,0
-21.1901931762695,0
-19.9392471313477,0
-19.9779300689697,0
-22.1305160522461,0
-24.2247524261475,0
-23.589111328125,0
-20.5286445617676,0
-17.631519317627,0
-16.4255962371826,0
-16.2977104187012,0
-16.0517921447754,0
-14.9159622192383,0
-12.3932704925537,0
-8.69903182983398,0
-5.37729978561401,0
-4.24005794525146,0
-5.42204332351685,0
-7.20906448364258,0
-7.9104266166687,0
-7.4226450920105,0
-6.9540548324585,0
-7.53323459625244,0
-8.76640510559082,0
-9.10293865203857,0
-7.65952062606812,0
-5.54094696044922,0
-4.59731483459473,0
-5.1302695274353,0
-6.05115556716919,0
-7.22606468200684,0
-9.9478816986084,0
-14.6221857070923,0
-19.8110771179199,0
-24.5062561035156,0
-29.5145282745361,0
-35.1243743896484,0
-39.0663757324219,0
-38.8656616210938,0
-35.222282409668,0
-30.9983234405518,0
-27.5915050506592,0
-24.5431976318359,0
-22.2862243652344,0
-22.5698070526123,0
-25.5073127746582,0
-28.3851318359375,0
-28.6691722869873,0
-26.9006690979004,0
-25.5292186737061,0
-25.8875598907471,0
-27.4291324615479,0
-29.2472496032715,0
-31.1647510528564,0
-33.504768371582,0
-36.5983200073242,0
-40.4178504943848,0
-44.0513801574707,0
-45.6478652954102,0
-43.677604675293,0
-38.621955871582,0
-33.0334930419922,0
-29.4526958465576,0
-28.2445201873779,0
-27.7331466674805,0
-26.4367256164551,0
-24.7184963226318,0
-23.9616146087646,0
-24.6060676574707,0
-25.7264137268066,0
-26.3882846832275,0
-26.5178184509277,0
-26.2215747833252,0
-25.1137065887451,0
-22.8243770599365,0
-19.580982208252,0
-15.883960723877,0
-12.2269849777222,0
-9.42448043823242,0
-8.24578285217285,0
-8.13910102844238,0
-7.42220258712769,0
-5.67754125595093,0
-4.82698059082031,0
-6.49348592758179,0
-9.3631649017334,0
-10.9794902801514,0
-11.3368129730225,0
-12.4169883728027,0
-14.59876537323,0
-16.3736934661865,0
-18.0334987640381,0
-22.5181770324707,0
-30.9111785888672,0
-39.5696105957031,0
-44.164966583252,0
-44.9871559143066,0
-45.6178436279297,0
-47.3356475830078,0
-47.7282104492188,0
-44.6771659851074,0
-38.8718757629395,0
-31.7669677734375,0
-23.61887550354,0
-14.8564748764038,0
-7.33841705322266,0
-2.36788320541382,0
1.34452068805695,0
5.89816284179688,0
11.0831489562988,0
14.8325157165527,0
16.4763145446777,0
17.6852416992188,0
19.8592681884766,0
22.1873188018799,0
23.1689491271973,0
22.9986190795898,0
23.3061408996582,0
24.9142513275146,0
26.8517284393311,0
27.7482795715332,0
27.6277713775635,0
27.9108066558838,0
29.7129344940186,0
32.4986763000488,0
34.7918701171875,0
36.1604309082031,0
37.8824768066406,0
41.295841217041,0
46.1273231506348,0
51.2057952880859,0
56.3111953735352,0
62.1226997375488,0
68.3823623657227,0
73.426155090332,0
76.0358963012695,0
76.7485122680664,0
76.7079849243164,0
76.1447677612305,0
74.8722152709961,0
73.5814056396484,0
73.4592437744141,0
74.5857849121094,0
75.5665588378906,0
74.9662246704102,0
72.7090072631836,0
69.941764831543,0
67.6467208862305,0
65.3745651245117,0
61.4957084655762,0
55.1138687133789,0
47.6104393005371,0
41.5619926452637,0
38.0858917236328,0
36.2182807922363,0
35.1049346923828,0
35.3648796081543,0
37.2991943359375,0
38.9768562316895,0
37.7628479003906,0
33.3728065490723,0
28.0041217803955,0
23.6099052429199,0
20.3978404998779,0
17.9656372070312,0
16.317741394043,0
15.1895990371704,0
13.6577053070068,0
11.391375541687,0
9.56458282470703,0
9.57019138336182,0
11.1684226989746,0
12.7509450912476,0
13.3659944534302,0
13.7280788421631,0
14.9873523712158,0
17.0640411376953,0
18.7281646728516,0
19.0682964324951,0
18.1302299499512,0
16.0096454620361,0
12.4094972610474,0
8.04693508148193,0
5.57021713256836,0
7.11753273010254,0
10.8304080963135,0
11.8942089080811,0
8.13666915893555,0
2.89870810508728,0
0.83858996629715,0
2.41853475570679,0
4.62927675247192,0
5.94234800338745,0
7.66236162185669,0
10.5637140274048,0
13.1368341445923,0
14.007360458374,0
13.8119163513184,0
13.6213893890381,0
13.4494457244873,0
13.4714670181274,0
14.8652048110962,0
17.9766387939453,0
21.1831531524658,0
23.1229095458984,0
24.6975421905518,0
27.223596572876,0
29.9206047058105,0
31.2839775085449,0
32.0290603637695,0
34.3309860229492,0
38.3485450744629,0
41.6542510986328,0
42.474494934082,0
41.843189239502,0
41.9638023376465,0
43.5597915649414,0
45.3688888549805,0
45.6061973571777,0
43.7361831665039,0
41.1959228515625,0
40.0557136535645,0
40.4929161071777,0
40.3691215515137,0
38.1155853271484,0
34.8866844177246,0
32.4077033996582,0
29.9189682006836,0
25.5549659729004,0
20.007381439209,0
15.9339723587036,0
13.7274913787842,0
11.0003538131714,0
7.063157081604,0
4.75612735748291,0
6.16765308380127,0
9.34724617004395,0
11.5533885955811,0
13.2828378677368,0
16.1090106964111,0
18.5029983520508,0
17.6066799163818,0
14.3866453170776,0
13.1568851470947,0
15.6906843185425,0
19.264820098877,0
21.3476696014404,0
22.843017578125,0
25.1173324584961,0
26.949800491333,0
27.0043640136719,0
27.0870323181152,0
29.8050651550293,0
34.0464782714844,0
35.8903999328613,0
34.0223693847656,0
31.6659832000732,0
32.4616622924805,0
36.3465919494629,0
40.5235633850098,0
43.2128639221191,0
45.2267532348633,0
48.2968978881836,0
52.776985168457,0
57.186580657959,0
59.8359527587891,0
60.6858444213867,0
61.1727447509766,0
62.0394706726074,0
62.062686920166,0
59.64794921875,0
55.1539535522461,0
50.61572265625,0
47.3690299987793,0
45.0165901184082,0
42.753475189209,0
40.5397262573242,0
38.5577163696289,0
36.5826225280762,0
34.7275772094727,0
34.1203079223633,0
35.7151832580566,0
38.4996604919434,0
39.9151268005371,0
38.5608215332031,0
35.8479156494141,0
34.2092933654785,0
33.965030670166,0
32.9897155761719,0
29.6829967498779,0
25.1270141601562,0
21.4882507324219,0
19.2664413452148,0
17.5265045166016,0
16.3091106414795,0
16.9766407012939,0
19.9598503112793,0
23.8800659179688,0
27.6091918945312,0
31.7602519989014,0
37.1868209838867,0
43.1932945251465,0
48.3079795837402,0
51.890552520752,0
53.9896621704102,0
54.6356620788574,0
54.4669494628906,0
55.0673370361328,0
57.1387710571289,0
58.9214935302734,0
57.9544906616211,0
54.1191024780273,0
49.6111297607422,0
46.180046081543,0
43.7398452758789,0
41.5213661193848,0
39.2303619384766,0
37.0498275756836,0
35.620059967041,0
35.8426742553711,0
37.462532043457,0
38.0871200561523,0
35.2050476074219,0
29.3460426330566,0
23.7533416748047,0
20.5505962371826,0
18.5799674987793,0
15.5213489532471,0
10.9003620147705,0
6.30127477645874,0
3.45505261421204,0
2.6190025806427,0
2.23144769668579,0
0.148978099226952,0
-3.91407608985901,0
-7.46280241012573,0
-8.10174560546875,0
-7.02192306518555,0
-7.57245874404907,0
-10.2868146896362,0
-12.0110960006714,0
-10.9422988891602,0
-9.65427494049072,0
-11.0457735061646,0
-13.7628746032715,0
-14.6233911514282,0
-13.8771781921387,0
-14.492730140686,0
-16.9555320739746,0
-18.5829563140869,0
-18.3578948974609,0
-18.8532810211182,0
-22.0626831054688,0
-26.2915573120117,0
-28.9529342651367,0
-30.0215530395508,0
-30.7087383270264,0
-30.8260269165039,0
-29.9122772216797,0
-29.4350700378418,0
-31.1379909515381,0
-33.972110748291,0
-35.2505798339844,0
-34.5715370178223,0
-34.2159156799316,0
-35.6250457763672,0
-37.7934341430664,0
-39.5994567871094,0
-41.5776443481445,0
-44.3948249816895,0
-47.1611289978027,0
-48.4233856201172,0
-47.8976058959961,0
-46.3605499267578,0
-44.5469665527344,0
-42.7476348876953,0
-40.7659111022949,0
-37.7684860229492,0
-32.955207824707,0
-26.9488182067871,0
-21.841459274292,0
-19.2369213104248,0
-18.6612091064453,0
-18.2809810638428,0
-16.7289714813232,0
-13.9496850967407,0
-10.8297920227051,0
-8.42531204223633,0
-7.1930980682373,0
-6.67031383514404,0
-6.07650566101074,0
-5.15967798233032,0
-4.09807252883911,0
-2.85201072692871,0
-1.35706472396851,0
-0.319586664438248,0
-1.06777894496918,0
-4.42792892456055,0
-10.0854959487915,0
-16.7730350494385,0
-22.5589904785156,0
-25.5523471832275,0
-25.4538269042969,0
-24.2243041992188,0
-24.1525821685791,0
-25.3775863647461,0
-26.3119239807129,0
-26.1687164306641,0
-25.6521053314209,0
-25.2192420959473,0
-24.2849884033203,0
-22.5804767608643,0
-20.9431228637695,0
-20.1479396820068,0
-20.0099620819092,0
-20.2100734710693,0
-21.0864925384521,0
-22.9823970794678,0
-25.4048404693604,0
-27.2490425109863,0
-27.521448135376,0
-25.9256038665771,0
-23.2550849914551,0
-20.8713340759277,0
-19.0953693389893,0
-16.738842010498,0
-13.265061378479,0
-10.5332841873169,0
-10.6703729629517,0
-12.8248748779297,0
-14.1916551589966,0
-13.994441986084,0
-13.9490566253662,0
-14.5933990478516,0
-14.0121746063232,0
-11.2230339050293,0
-8.15946865081787,0
-6.61419725418091,0
-5.44752073287964,0
-2.92557954788208,0
-0.1009731143713,0
0.475810348987579,0
-1.73991751670837,0
-5.33823299407959,0
-9.60115623474121,0
-14.6306829452515,0
-19.2113723754883,0
-21.0722045898438,0
-19.7206535339355,0
-17.1967906951904,0
-15.6196317672729,0
-15.5998258590698,0
-17.3438682556152,0
-21.3173770904541,0
-26.7948875427246,0
-31.3633270263672,0
-33.3489151000977,0
-33.8588562011719,0
-35.086841583252,0
-37.2309074401855,0
-38.5309638977051,0
-38.1282768249512,0
-37.3573875427246,0
-37.7387428283691,0
-38.8322601318359,0
-39.0568428039551,0
-38.2084350585938,0
-38.06982421875,0
-40.1256484985352,0
-43.3596534729004,0
-45.274845123291,0
-45.1294364929199,0
-45.0570678710938,0
-47.1751861572266,0
-50.4957427978516,0
-52.2980461120605,0
-52.3238487243652,0
-53.5073051452637,0
-57.7227325439453,0
-62.7953224182129,0
-65.5122146606445,0
-66.1431427001953,0
-67.4485702514648,0
-69.8440628051758,0
-70.6176528930664,0
-68.5485916137695,0
-66.3392105102539,0
-66.6644821166992,0
-68.1061782836914,0
-67.6366806030273,0
-65.7219848632812,0
-65.7104949951172,0
-68.3387451171875,0
-70.2150039672852,0
-68.9181900024414,0
-66.6777038574219,0
-66.6483535766602,0
-67.5449142456055,0
-65.228515625,0
-59.039005279541,0
-53.1141624450684,0
-50.5815887451172,0
-49.4639549255371,0
-46.3040428161621,0
-41.515380859375,0
-38.2088088989258,0
-36.875431060791,0
-34.565113067627,0
-29.4949340820312,0
-23.4675540924072,0
-18.725513458252,0
-14.9615297317505,0
-10.9801168441772,0
-7.14134502410889,0
-4.05373334884644,0
-0.419493347406387,0
5.36448335647583,0
12.2769441604614,0
17.7219734191895,0
21.1997394561768,0
24.7112274169922,0
29.4903335571289,0
34.5248489379883,0
38.7872047424316,0
42.888069152832,0
47.510929107666,0
51.7259826660156,0
54.0768280029297,0
54.4530258178711,0
53.9227104187012,0
53.3612747192383,0
53.000846862793,0
52.7350311279297,0
52.1332168579102,0
50.5783805847168,0
48.0171279907227,0
45.3181953430176,0
43.4857063293457,0
42.7065734863281,0
42.2669944763184,0
41.034797668457,0
38.0811233520508,0
33.495231628418,0
28.6632957458496,0
25.0222625732422,0
22.4516258239746,0
19.7197017669678,0
16.5471630096436,0
13.9829359054565,0
12.2546186447144,0
9.57465839385986,0
4.19501161575317,0
-3.1486828327179,0
-9.97201538085938,0
-14.644214630127,0
-17.0788688659668,0
-17.3369121551514,0
-15.2525997161865,0
-11.849925994873,0
-9.65854263305664,0
-10.374849319458,0
-12.6777896881104,0
-13.5074682235718,0
-11.6096992492676,0
-8.91866016387939,0
-8.05510997772217,0
-9.30259895324707,0
-10.9004907608032,0
-11.7173252105713,0
-12.2579202651978,0
-13.0219163894653,0
-13.502311706543,0
-13.6543169021606,0
-14.9556913375854,0
-18.4620914459229,0
-22.5676364898682,0
-24.5069427490234,0
-23.9959392547607,0
-23.6408348083496,0
-25.2653846740723,0
-27.3180541992188,0
-26.8790512084961,0
-23.3205413818359,0
-18.8926696777344,0
-16.0042991638184,0
-14.8182764053345,0
-13.6897592544556,0
-11.4805908203125,0
-8.91170978546143,0
-7.38526201248169,0
-6.90130615234375,0
-6.14779996871948,0
-4.86930465698242,0
-4.78713417053223,0
-7.05445098876953,0
-9.88429641723633,0
-10.4409875869751,0
-8.5694580078125,0
-6.71033477783203,0
-6.19270420074463,0
-5.72689485549927,0
-4.08834362030029,0
-2.24813556671143,0
-1.68828499317169,0
-2.17922139167786,0
-2.67499208450317,0
-3.35429263114929,0
-5.26249742507935,0
-8.4658670425415,0
-11.8655872344971,0
-14.6793766021729,0
-17.2458438873291,0
-20.5558834075928,0
-25.5466537475586,0
-32.3375854492188,0
-39.4242324829102,0
-44.2003784179688,0
-45.3396263122559,0
-44.4892158508301,0
-44.7040557861328,0
-47.2559242248535,0
-50.7697601318359,0
-53.4151916503906,0
-54.9398612976074,0
-56.1790466308594,0
-57.365665435791,0
-57.6987533569336,0
-56.4326515197754,0
-53.8635711669922,0
-51.1476211547852,0
-49.4195137023926,0
-49.1479072570801,0
-50.0263404846191,0
-51.2189521789551,0
-51.8878059387207,0
-51.8159065246582,0
-51.4250640869141,0
-50.8582725524902,0
-49.3060188293457,0
-45.9778060913086,0
-41.7015495300293,0
-38.4725761413574,0
-36.906623840332,0
-35.1837577819824,0
-31.4960746765137,0
-26.7515392303467,0
-23.5453472137451,0
-22.8654651641846,0
-23.2688941955566,0
-23.305248260498,0
-23.3094005584717,0
-24.4099044799805,0
-26.9728126525879,0
-30.577808380127,0
-34.5444755554199,0
-37.9288940429688,0
-39.9212341308594,0
-40.8399314880371,0
-41.8812065124512,0
-43.3688583374023,0
-44.305419921875,0
-44.3508605957031,0
-44.9591369628906,0
-47.2883911132812,0
-50.0401153564453,0
-51.0702056884766,0
-50.5787048339844,0
-50.8944931030273,0
-53.2519950866699,0
-56.5818099975586,0
-59.6679725646973,0
-62.7002067565918,0
-66.1174621582031,0
-69.5808181762695,0
-73.0442657470703,0
-77.4815292358398,0
-83.3581390380859,0
-89.3268890380859,0
-93.604118347168,0
-95.9764862060547,0
-97.4128952026367,0
-98.2797317504883,0
-98.0089492797852,0
-96.1693420410156,0
-92.9407958984375,0
-88.7856140136719,0
-84.4019317626953,0
-80.7358779907227,0
-78.3850936889648,0
-77.1880493164062,0
-76.7092742919922,0
-76.5763092041016,0
-76.067138671875,0
-74.3506469726562,0
-71.7545166015625,0
-69.7547760009766,0
-68.955436706543,0
-68.3123245239258,0
-67.3208465576172,0
-67.3260498046875,0
-68.9214172363281,0
-69.6299667358398,0
-66.8410339355469,0
-62.2212295532227,0
-60.138427734375,0
-61.7523574829102,0
-63.8777465820312,0
-64.3847579956055,0
-65.3241958618164,0
-68.8228073120117,0
-72.7946624755859,0
-73.6954803466797,0
-71.8404388427734,0
-70.7800903320312,0
-72.0720291137695,0
-73.785285949707,0
-74.296501159668,0
-74.5624084472656,0
-75.6480407714844,0
-76.6023330688477,0
-76.5395431518555,0
-76.9274978637695,0
-79.549934387207,0
-83.2229766845703,0
-84.9130249023438,0
-83.8757858276367,0
-82.4279937744141,0
-82.2361679077148,0
-81.9572677612305,0
-79.6318206787109,0
-75.7353439331055,0
-72.2582473754883,0
-69.7806701660156,0
-67.2488021850586,0
-64.2803802490234,0
-61.9587516784668,0
-61.0957984924316,0
-61.0075302124023,0
-60.4315147399902,0
-58.7094955444336,0
-55.7902526855469,0
-52.1285400390625,0
-49.0693778991699,0
-48.2516059875488,0
-49.6877212524414,0
-51.034252166748,0
-49.7405128479004,0
-45.7770309448242,0
-41.5874671936035,0
-39.4398460388184,0
-39.3304748535156,0
-39.4019584655762,0
-37.9324913024902,0
-34.8570404052734,0
-31.636100769043,0
-29.7305946350098,0
-29.1776180267334,0
-28.7596035003662,0
-27.4711456298828,0
-25.3794898986816,0
-22.9353275299072,0
-20.0309181213379,0
-16.2505321502686,0
-11.7923145294189,0
-7.65531539916992,0
-4.89140605926514,0
-3.77387952804565,0
-3.4921612739563,0
-2.61365962028503,0
-0.291839927434921,0
2.78056645393372,0
5.12536954879761,0
6.45447874069214,0
8.21411991119385,0
11.6087713241577,0
15.7862339019775,0
18.9060173034668,0
20.5228672027588,0
21.7404632568359,0
23.1833934783936,0
24.1805553436279,0
24.2676372528076,0
24.20876121521,0
24.7514877319336,0
25.3425178527832,0
25.1342525482178,0
24.6599578857422,0
25.2698440551758,0
27.0405426025391,0
28.4869155883789,0
28.6988773345947,0
28.7133941650391,0
30.0074768066406,0
32.3650550842285,0
34.3504371643066,0
35.6495475769043,0
37.5965423583984,0
40.8853569030762,0
43.8977851867676,0
44.4363059997559,0
42.591609954834,0
40.6248016357422,0
40.0955963134766,0
40.3921241760254,0
40.3195457458496,0
39.7514839172363,0
39.0139045715332,0
37.9048118591309,0
36.4324035644531,0
35.5252952575684,0
35.6378135681152,0
35.3582801818848,0
32.9523963928223,0
28.8869514465332,0
25.1987152099609,0
22.5680236816406,0
19.8565196990967,0
16.7068061828613,0
14.5742921829224,0
14.3460474014282,0
14.6477403640747,0
13.7043743133545,0
11.5287618637085,0
8.94791793823242,0
5.67978525161743,0
1.08143746852875,0
-3.94548487663269,0
-7.68914270401001,0
-10.1683082580566,0
-13.325927734375,0
-18.4455089569092,0
-24.6656150817871,0
-30.4092273712158,0
-35.182788848877,0
-39.5488395690918,0
-44.3457717895508,0
-50.5048751831055,0
-58.7407302856445,0
-68.6275405883789,0
-78.5014801025391,0
-86.94775390625,0
-94.0060501098633,0
-100.391166687012,0
-106.057571411133,0
-110.328727722168,0
-113.137870788574,0
-115.215293884277,0
-116.95629119873,0
-117.808395385742,0
-117.027435302734,0
-114.610298156738,0
-111.323997497559,0
-108.131790161133,0
-105.564628601074,0
-103.201919555664,0
-99.8064422607422,0
-94.596076965332,0
-88.4931793212891,0
-83.4482498168945,0
-80.3116607666016,0
-78.1015167236328,0
-75.7049407958984,0
-73.4086608886719,0
-72.0202941894531,0
-71.2483139038086,0
-70.0876541137695,0
-68.5288925170898,0
-67.7191772460938,0
-68.1895294189453,0
-68.7199172973633,0
-67.4415588378906,0
-63.8601951599121,0
-59.6048736572266,0
-57.0933952331543,0
-57.1747360229492,0
-58.0810661315918,0
-57.2318801879883,0
-54.0817565917969,0
-50.2599868774414,0
-46.7397575378418,0
-42.4089698791504,0
-36.3571014404297,0
-29.9509792327881,0
-24.9595699310303,0
-20.9424152374268,0
-16.6815910339355,0
-13.1611042022705,0
-12.3328905105591,0
-13.3557014465332,0
-13.2174730300903,0
-11.3727340698242,0
-10.4275188446045,0
-11.210729598999,0
-10.670355796814,0
-6.80142688751221,0
-2.59549260139465,0
-1.96872973442078,0
-3.87858104705811,0
-4.05244636535645,0
-1.39196276664734,0
1.08285176753998,0
1.45245385169983,0
1.41042983531952,0
2.80770134925842,0
4.83569240570068,0
6.12256813049316,0
7.18195390701294,0
8.92599010467529,0
10.5434608459473,0
10.9635229110718,0
11.3675489425659,0
14.1088333129883,0
19.3849353790283,0
24.667028427124,0
27.5249481201172,0
27.7395496368408,0
26.5436458587646,0
25.1740417480469,0
24.7446346282959,0
26.352783203125,0
30.1230201721191,0
34.5288963317871,0
37.7716369628906,0
39.9846153259277,0
43.2102394104004,0
48.7133712768555,0
54.9422874450684,0
58.9697685241699,0
59.8220252990723,0
59.5460243225098,0
60.6405220031738,0
62.9906539916992,0
63.9718780517578,0
61.4983825683594,0
56.390193939209,0
51.3946228027344,0
48.1791458129883,0
45.9874114990234,0
43.5217056274414,0
41.309440612793,0
40.9845352172852,0
42.3584632873535,0
42.8681259155273,0
40.7937469482422,0
37.5947952270508,0
35.5232124328613,0
34.0172348022461,0
30.6741638183594,0
25.434268951416,0
21.2505493164062,0
20.0199317932129,0
20.1200103759766,0
19.1216640472412,0
17.0093116760254,0
15.2174882888794,0
14.1181650161743,0
13.28782081604,0
13.00403881073,0
13.4389162063599,0
13.2118330001831,0
10.8604707717896,0
7.29613733291626,0
4.7179651260376,0
3.26884388923645,0
0.875446021556854,0
-3.43525648117065,0
-8.15384864807129,0
-11.789192199707,0
-14.8509330749512,0
-18.3797645568848,0
-22.033748626709,0
-24.8384456634521,0
-26.7940406799316,0
-28.5529766082764,0
-30.1273365020752,0
-30.8672885894775,0
-30.2964553833008,0
-28.3084125518799,0
-25.0792865753174,0
-21.5036277770996,0
-19.2172222137451,0
-19.2822933197021,0
-20.8902225494385,0
-21.9403324127197,0
-21.00559425354,0
-18.5553150177002,0
-16.3273162841797,0
-15.5890951156616,0
-15.9285526275635,0
-15.8513708114624,0
-14.6639041900635,0
-13.2492151260376,0
-12.4708385467529,0
-11.5508460998535,0
-9.28679084777832,0
-6.51473522186279,0
-5.62536525726318,0
-7.2843074798584,0
-9.33054351806641,0
-9.78568649291992,0
-9.37408924102783,0
-9.67372131347656,0
-10.0639696121216,0
-8.49477577209473,0
-4.80106687545776,0
-1.27458560466766,0
0.192224979400635,0
-0.195498421788216,0
-1.67802059650421,0
-4.35811185836792,0
-7.94663333892822,0
-10.4947624206543,0
-10.128849029541,0
-7.54994440078735,0
-5.13636779785156,0
-3.56965041160583,0
-1.04400062561035,0
3.58113646507263,0
8.40853786468506,0
10.6064672470093,0
9.98965072631836,0
8.96518230438232,0
9.23501777648926,0
10.0922679901123,0
10.0991735458374,0
8.92676448822021,0
6.90338182449341,0
3.98214101791382,0
0.160785496234894,0
-3.76843595504761,0
-6.80572700500488,0
-8.75456142425537,0
-10.127402305603,0
-11.5039491653442,0
-13.366795539856,0
-15.8344469070435,0
-17.976053237915,0
-18.2025375366211,0
-16.1315422058105,0
-13.3001689910889,0
-11.1365633010864,0
-9.1135139465332,0
-6.20087432861328,0
-3.38467335700989,0
-2.92751383781433,0
-5.17688322067261,0
-7.8027024269104,0
-8.66349411010742,0
-8.16234588623047,0
-8.2115650177002,0
-9.87088775634766,0
-12.6022682189941,0
-15.0954446792603,0
-16.2654056549072,0
-15.9419345855713,0
-14.9491405487061,0
-14.1604795455933,0
-13.4846725463867,0
-12.3158979415894,0
-10.705906867981,0
-9.08209705352783,0
-6.99518489837646,0
-3.67348599433899,0
-0.164507672190666,0
0.803411602973938,0
-1.79505360126495,0
-5.40801382064819,0
-6.99467897415161,0
-7.12696313858032,0
-9.17733192443848,0
-14.7188711166382,0
-21.6676940917969,0
-27.3125610351562,0
-31.3165187835693,0
-34.7166595458984,0
-37.5082473754883,0
-38.9422950744629,0
-39.5202598571777,0
-40.8567199707031,0
-43.4932136535645,0
-46.3794021606445,0
-48.8911399841309,0
-51.8893890380859,0
-55.9545745849609,0
-59.7922630310059,0
-61.5802536010742,0
-61.1118545532227,0
-59.402473449707,0
-56.8316192626953,0
-53.0968055725098,0
-48.6303215026855,0
-44.4627799987793,0
-40.5924873352051,0
-35.9123992919922,0
-30.0533390045166,0
-24.0763874053955,0
-19.0672016143799,0
-15.3105897903442,0
-13.1669263839722,0
-13.2747955322266,0
-15.1677932739258,0
-17.0335807800293,0
-17.7826747894287,0
-18.1931667327881,0
-18.9992733001709,0
-19.0842819213867,0
-17.0720748901367,0
-13.9253778457642,0
-12.2722244262695,0
-13.3214683532715,0
-15.8412408828735,0
-18.2216377258301,0
-20.2542362213135,0
-22.5512313842773,0
-25.3238353729248,0
-28.4318504333496,0
-31.9986400604248,0
-36.1522102355957,0
-40.2378959655762,0
-42.9545555114746,0
-43.673900604248,0
-43.3644409179688,0
-43.5876350402832,0
-44.4537506103516,0
-44.3303642272949,0
-42.1548004150391,0
-39.2687606811523,0
-37.8434715270996,0
-37.9962959289551,0
-38.0262756347656,0
-37.4248352050781,0
-37.7335739135742,0
-39.762378692627,0
-41.806339263916,0
-41.9859924316406,0
-41.028881072998,0
-41.1387138366699,0
-43.0539588928223,0
-45.9364013671875,0
-49.4810638427734,0
-54.1669960021973,0
-59.5862121582031,0
-64.4556274414062,0
-68.5747299194336,0
-73.1225204467773,0
-78.6292190551758,0
-84.2659912109375,0
-89.636360168457,0
-95.46875,0
-101.597557067871,0
-106.086906433105,0
-107.960494995117,0
-109.395988464355,0
-113.16544342041,0
-118.65461730957,0
-122.505393981934,0
-122.936096191406,0
-121.46337890625,0
-120.372680664062,0
-120.458381652832,0
-121.498092651367,0
-122.90015411377,0
-123.196243286133,0
-120.778144836426,0
-116.126876831055,0
-111.726387023926,0
-108.822731018066,0
-105.897964477539,0
-101.324249267578,0
-95.5298690795898,0
-89.0505676269531,0
-80.6306457519531,0
-69.6638412475586,0
-58.7753486633301,0
-50.9048919677734,0
-44.7693481445312,0
-36.4514465332031,0
-25.1117630004883,0
-13.7195587158203,0
-3.89621019363403,0
6.33867168426514,0
18.4890098571777,0
30.5556774139404,0
40.1108360290527,0
47.8992195129395,0
56.1413459777832,0
65.1861343383789,0
74.1065368652344,0
82.924674987793,0
91.6624221801758,0
98.3314514160156,0
100.601440429688,0
99.0932769775391,0
96.7519073486328,0
95.1804275512695,0
93.6841583251953,0
91.7526626586914,0
90.1595458984375,0
89.1307373046875,0
87.3335723876953,0
83.4998245239258,0
77.8113250732422,0
71.1417999267578,0
64.0505905151367,0
57.0027694702148,0
50.5397262573242,0
44.682056427002,0
38.9371604919434,0
33.2605819702148,0
28.2498168945312,0
24.070068359375,0
19.9782676696777,0
15.3992824554443,0
10.9445552825928,0
7.87710428237915,0
6.73827600479126,0
6.70252466201782,0
6.26328229904175,0
4.6556544303894,0
2.59596085548401,0
1.26904368400574,0
0.681504964828491,0
-0.156283259391785,0
-1.28463411331177,0
-1.25729525089264,0
0.771052062511444,0
3.54043841362,0
5.19453811645508,0
5.30406284332275,0
4.4680323600769,0
3.11450290679932,0
1.97370719909668,0
2.52484750747681,0
5.26350593566895,0
8.39475345611572,0
9.96840858459473,0
10.506706237793,0
11.7176151275635,0
13.5401000976562,0
14.7633724212646,0
15.929780960083,0
18.8997478485107,0
23.5363998413086,0
27.5253467559814,0
29.9736022949219,0
32.6020278930664,0
36.4543838500977,0
39.8654823303223,0
41.1244735717773,0
41.1115417480469,0
41.4935455322266,0
41.839771270752,0
40.6023750305176,0
38.129753112793,0
36.6422843933105,0
37.2512245178223,0
38.580924987793,0
38.7568016052246,0
37.7636299133301,0
37.2328224182129,0
38.2636909484863,0
40.0180053710938,0
40.8042144775391,0
40.5067329406738,0
41.2430419921875,0
44.883975982666,0
50.4015235900879,0
54.8967552185059,0
57.1396751403809,0
58.4880104064941,0
59.8802528381348,0
59.8311347961426,0
56.8231391906738,0
52.1808204650879,0
48.4248046875,0
45.4833831787109,0
40.9506034851074,0
34.1698684692383,0
27.6316108703613,0
23.5086059570312,0
21.0290718078613,0
18.7244873046875,0
17.3189086914062,0
18.1875534057617,0
20.1748523712158,0
20.5096912384033,0
18.5364513397217,0
16.1496181488037,0
14.4203834533691,0
12.1531257629395,0
8.46831703186035,0
4.71369647979736,0
2.62334704399109,0
2.08819055557251,0
1.93377757072449,0
1.73050332069397,0
1.73696434497833,0
2.02806091308594,0
2.6404972076416,0
3.69907808303833,0
4.66498279571533,0
4.53573131561279,0
3.5155234336853,0
3.17678904533386,0
4.08922958374023,0
4.83908128738403,0
4.62740230560303,0
5.12695074081421,0
7.87958574295044,0
11.25319480896,0
12.3467741012573,0
11.1290950775146,0
10.269326210022,0
11.1898107528687,0
12.6567525863647,0
13.351770401001,0
13.5861587524414,0
13.9854431152344,0
14.335352897644,0
14.2488422393799,0
13.38645362854,0
10.7884883880615,0
5.94544887542725,0
1.0162079334259,0
-0.247565925121307,0
3.0814847946167,0
7.72926950454712,0
10.7047824859619,0
13.3007822036743,0
18.5989151000977,0
26.4255390167236,0
33.4007949829102,0
37.5129280090332,0
40.0571441650391,0
42.7174263000488,0
45.023250579834,0
45.7660102844238,0
45.3724250793457,0
45.5318984985352,0
47.159797668457,0
49.6157341003418,0
51.4674758911133,0
51.5315971374512,0
49.8083190917969,0
47.8668785095215,0
47.5744781494141,0
48.9407730102539,0
50.0324668884277,0
49.5127601623535,0
48.138858795166,0
46.9351692199707,0
45.2690391540527,0
42.273983001709,0
39.096061706543,0
37.67626953125,0
37.8523826599121,0
37.9156646728516,0
37.892333984375,0
39.7143020629883,0
43.5834274291992,0
46.7413787841797,0
47.1896781921387,0
46.5029335021973,0
47.2339630126953,0
49.3135719299316,0
51.0631408691406,0
52.3123016357422,0
54.0644111633301,0
55.9366874694824,0
56.5100212097168,0
55.9785614013672,0
56.0494155883789,0
57.0565147399902,0
57.3442687988281,0
55.8684425354004,0
53.3774528503418,0
50.5542640686035,0
47.075569152832,0
43.2626113891602,0
40.5556831359863,0
39.1220550537109,0
36.8063583374023,0
31.9827823638916,0
26.0495548248291,0
21.5877723693848,0
19.3525867462158,0
18.7482223510742,0
19.9781932830811,0
23.4442481994629,0
27.6040420532227,0
29.834566116333,0
29.7238826751709,0
29.6976356506348,0
31.8638172149658,0
35.6529121398926,0
39.1905708312988,0
41.8423652648926,0
44.542667388916,0
48.1405181884766,0
52.0664405822754,0
54.6440773010254,0
54.7412796020508,0
53.1151657104492,0
51.5872192382812,0
50.7355155944824,0
49.5458793640137,0
48.0340347290039,0
48.5249061584473,0
52.3941917419434,0
56.7699279785156,0
57.3312225341797,0
54.212100982666,0
52.1119499206543,0
53.867618560791,0
56.8795051574707,0
57.3860511779785,0
55.4845123291016,0
53.4760894775391,0
51.403938293457,0
47.5427360534668,0
42.4034194946289,0
38.8064155578613,0
37.6318168640137,0
36.4181785583496,0
33.2951049804688,0
29.9761791229248,0
29.131986618042,0
30.3464069366455,0
30.7389678955078,0
28.9835605621338,0
26.7633323669434,0
26.1059551239014,0
26.8942375183105,0
27.7192096710205,0
28.0280303955078,0
28.2651386260986,0
28.3824119567871,0
27.5254764556885,0
25.5044651031494,0
23.6631183624268,0
23.5779228210449,0
25.2252178192139,0
27.0255661010742,0
27.6277141571045,0
27.2901420593262,0
27.6531562805176,0
30.5075969696045,0
36.526969909668,0
44.5829315185547,0
52.3032836914062,0
57.8991279602051,0
61.6287956237793,0
65.0629653930664,0
68.881217956543,0
72.0085067749023,0
73.1272201538086,0
72.2842178344727,0
70.3760452270508,0
67.6042022705078,0
63.4406776428223,0
58.0855369567871,0
52.9111328125,0
48.8945846557617,0
45.2844390869141,0
40.7245140075684,0
35.5542221069336,0
32.0433616638184,0
31.9164752960205,0
34.2325859069824,0
36.3641052246094,0
36.8391036987305,0
36.5325393676758,0
37.0235137939453,0
38.5589866638184,0
40.2423362731934,0
41.881160736084,0
44.7075729370117,0
49.730110168457,0
55.7610054016113,0
59.927547454834,0
60.4502182006836,0
58.3459396362305,0
55.8892555236816,0
53.9873924255371,0
52.0406608581543,0
50.0034446716309,0
48.9635810852051,0
49.1392440795898,0
48.7723083496094,0
46.2416954040527,0
42.3296432495117,0
38.9691352844238,0
36.4226951599121,0
33.4235534667969,0
29.8215465545654,0
27.0755233764648,0
25.7583427429199,0
24.5387268066406,0
22.587064743042,0
21.2382221221924,0
21.7617340087891,0
22.7975444793701,0
21.9167003631592,0
19.0458755493164,0
16.3687057495117,0
15.0018548965454,0
13.6958675384521,0
11.0795240402222,0
7.32652521133423,0
2.88654541969299,0
-2.76056957244873,0
-9.89045810699463,0
-17.2279758453369,0
-23.106912612915,0
-27.1868534088135,0
-30.0452995300293,0
-32.0601196289062,0
-34.0111923217773,0
-37.7707710266113,0
-44.3796043395996,0
-51.7420997619629,0
-56.3734741210938,0
-57.8173789978027,0
-59.4144020080566,0
-63.9143676757812,0
-70.1165008544922,0
-75.1177749633789,0
-78.3324661254883,0
-81.3784866333008,0
-84.8069839477539,0
-87.111457824707,0
-87.0853805541992,0
-85.3632202148438,0
-83.049934387207,0
-80.2998504638672,0
-77.1952285766602,0
-74.8691787719727,0
-74.3621673583984,0
-74.8581466674805,0
-74.4849090576172,0
-72.9210586547852,0
-71.9053192138672,0
-72.6697463989258,0
-74.0041885375977,0
-73.8012619018555,0
-71.7341842651367,0
-69.1862182617188,0
-66.9680404663086,0
-64.6389846801758,0
-62.2405738830566,0
-61.072322845459,0
-61.7975730895996,0
-62.9171752929688,0
-62.4414672851562,0
-60.5053100585938,0
-58.9612350463867,0
-58.5297355651855,0
-57.730411529541,0
-55.042724609375,0
-51.1218681335449,0
-48.2096748352051,0
-47.8818550109863,0
-49.9233741760254,0
-53.0232543945312,0
-55.8995628356934,0
-57.7400054931641,0
-58.1002578735352,0
-56.8824768066406,0
-54.5867729187012,0
-52.3547630310059,0
-51.2496681213379,0
-51.1968116760254,0
-50.9363784790039,0
-49.4703407287598,0
-47.4570732116699,0
-46.722957611084,0
-48.3287086486816,0
-51.461540222168,0
-54.329719543457,0
-55.8402633666992,0
-56.2568016052246,0
-56.5282211303711,0
-57.3145217895508,0
-58.5717620849609,0
-59.6659774780273,0
-59.650318145752,0
-57.7111701965332,0
-53.8918228149414,0
-49.4866523742676,0
-46.1536102294922,0
-44.2053375244141,0
-42.246150970459,0
-39.1538391113281,0
-35.97802734375,0
-34.7579498291016,0
-35.45361328125,0
-35.368221282959,0
-32.2771072387695,0
-27.1317882537842,0
-22.6994457244873,0
-20.1704940795898,0
-18.2030849456787,0
-15.0294961929321,0
-10.4429721832275,0
-5.69323015213013,0
-2.31296992301941,0
-1.19928014278412,0
-2.09890007972717,0
-3.70081520080566,0
-4.66890144348145,0
-4.67181158065796,0
-4.03699541091919,0
-2.69475817680359,0
-0.379613608121872,0
2.13404726982117,0
3.23786807060242,0
2.61034870147705,0
2.23704218864441,0
4.32370758056641,0
8.66437244415283,0
13.1146154403687,0
16.4455413818359,0
19.5233497619629,0
23.4462299346924,0
27.7737274169922,0
31.5085830688477,0
35.002368927002,0
39.4898796081543,0
44.7835235595703,0
48.8199272155762,0
50.1646461486816,0
49.9858055114746,0
50.5130157470703,0
52.1095390319824,0
53.0963897705078,0
52.2564277648926,0
50.0479354858398,0
46.995964050293,0
42.4019775390625,0
35.7962608337402,0
28.7371826171875,0
23.6797409057617,0
21.216854095459,0
19.6231918334961,0
17.1921539306641,0
13.9496603012085,0
10.7690095901489,0
7.80350255966187,0
4.53462219238281,0
0.908009052276611,0
-2.32595705986023,0
-4.50348663330078,0
-5.99484539031982,0
-8.02546691894531,0
-11.35973072052,0
-15.2074289321899,0
-17.8700923919678,0
-18.6230907440186,0
-18.3440017700195,0
-17.9592723846436,0
-17.2690143585205,0
-16.2667198181152,0
-16.580451965332,0
-19.7178173065186,0
-24.1192264556885,0
-26.0818519592285,0
-24.201229095459,0
-21.0815448760986,0
-19.7420444488525,0
-20.1048679351807,0
-20.4420127868652,0
-20.6923332214355,0
-22.2326793670654,0
-25.1520023345947,0
-27.9059467315674,0
-29.5128898620605,0
-30.1939582824707,0
-29.7638835906982,0
-27.3178329467773,0
-23.1267337799072,0
-19.2794284820557,0
-17.5135192871094,0
-17.3510684967041,0
-16.9966564178467,0
-15.1944980621338,0
-11.7925806045532,0
-7.66660451889038,0
-4.80939483642578,0
-5.29932498931885,0
-9.02491664886475,0
-13.1763954162598,0
-15.0934162139893,0
-15.0861577987671,0
-15.4897041320801,0
-17.6048316955566,0
-20.831729888916,0
-24.3423137664795,0
-28.019344329834,0
-31.61399269104,0
-34.3581619262695,0
-35.8898277282715,0
-36.5255546569824,0
-36.1606407165527,0
-34.0336494445801,0
-30.4887809753418,0
-28.0946083068848,0
-29.5450115203857,0
-34.3639068603516,0
-38.8666343688965,0
-40.0818824768066,0
-39.0961418151855,0
-39.6026420593262,0
-43.3141441345215,0
-47.9696998596191,0
-50.3950386047363,0
-50.4016952514648,0
-50.288272857666,0
-51.0643577575684,0
-51.1832618713379,0
-49.4849586486816,0
-47.4443664550781,0
-47.1067237854004,0
-48.1264381408691,0
-48.5871047973633,0
-47.9369316101074,0
-47.2632484436035,0
-47.0955009460449,0
-46.8143043518066,0
-46.0812606811523,0
-44.9795722961426,0
-42.7580108642578,0
-38.4899215698242,0
-33.2438735961914,0
-29.4014701843262,0
-27.188455581665,0
-24.1677951812744,0
-19.2154369354248,0
-14.604700088501,0
-12.4376745223999,0
-11.1876859664917,0
-8.13867664337158,0
-3.61646437644958,0
-0.0737540498375893,0
1.9713568687439,0
4.15029287338257,0
6.83400249481201,0
8.47609901428223,0
8.62927913665771,0
8.94724559783936,0
10.4522075653076,0
12.0521001815796,0
12.6001958847046,0
12.296648979187,0
11.0104131698608,0
7.30497407913208,0
0.641481459140778,0
-7.10998058319092,0
-13.9811153411865,0
-20.3375854492188,0
-27.2984619140625,0
-34.0385475158691,0
-38.8522071838379,0
-42.1948394775391,0
-46.3434143066406,0
-52.0299110412598,0
-57.4138298034668,0
-60.7140274047852,0
-62.0746612548828,0
-62.279369354248,0
-61.3415718078613,0
-59.4207878112793,0
-57.8981285095215,0
-58.2705841064453,0
-60.5317802429199,0
-63.4860343933105,0
-66.1016006469727,0
-67.8023223876953,0
-68.0717544555664,0
-66.7919692993164,0
-64.7361145019531,0
-62.932243347168,0
-61.6685028076172,0
-60.6445503234863,0
-59.7482223510742,0
-59.0437698364258,0
-58.324275970459,0
-57.3471260070801,0
-56.2054862976074,0
-54.7939949035645,0
-52.2586517333984,0
-47.7948951721191,0
-41.8405113220215,0
-35.8513488769531,0
-31.1651668548584,0
-28.6134643554688,0
-28.5538578033447,0
-30.2245464324951,0
-31.6198062896729,0
-31.4323463439941,0
-30.964412689209,0
-32.6477394104004,0
-36.550121307373,0
-39.8526992797852,0
-40.3035011291504,0
-38.9122772216797,0
-38.4701805114746,0
-40.3201866149902,0
-43.3202629089355,0
-45.2979393005371,0
-44.8542022705078,0
-42.2542877197266,0
-39.1680450439453,0
-37.3198318481445,0
-37.1292419433594,0
-37.8264350891113,0
-38.6375160217285,0
-39.2269706726074,0
-39.275749206543,0
-38.6768684387207,0
-38.1369819641113,0
-38.4755897521973,0
-39.224552154541,0
-39.1033744812012,0
-38.0597953796387,0
-37.4954795837402,0
-38.0991096496582,0
-38.9052047729492,0
-39.1030921936035,0
-39.2488632202148,0
-39.7704811096191,0
-39.811351776123,0
-38.8849143981934,0
-38.3457336425781,0
-39.5594520568848,0
-41.5631484985352,0
-42.2633628845215,0
-41.2277450561523,0
-39.509334564209,0
-37.3385696411133,0
-34.0615158081055,0
-30.0838317871094,0
-26.6242408752441,0
-23.3583145141602,0
-18.5820178985596,0
-12.3810567855835,0
-7.48426151275635,0
-5.82016658782959,0
-6.02461528778076,0
-5.71455526351929,0
-4.63326740264893,0
-3.9278416633606,0
-3.6637008190155,0
-2.9606945514679,0
-1.67143416404724,0
0.00576736405491829,0
2.89737057685852,0
7.79037141799927,0
13.3739700317383,0
17.3500518798828,0
19.5567855834961,0
21.9105834960938,0
25.0592365264893,0
27.2936134338379,0
27.4014739990234,0
26.4418029785156,0
25.6140975952148,0
24.3695659637451,0
22.1771583557129,0
20.4454803466797,0
20.6162414550781,0
21.3974647521973,0
20.1337413787842,0
16.5772647857666,0
13.1872148513794,0
11.4835929870605,0
10.0251932144165,0
6.85142230987549,0
2.58689069747925,0
-0.0955863520503044,0
0.420502036809921,0
3.15506958961487,0
6.07376050949097,0
8.36357593536377,0
10.6742753982544,0
13.4256553649902,0
15.764931678772,0
16.753381729126,0
16.9923496246338,0
17.9608421325684,0
19.7659168243408,0
20.823673248291,0
20.2754497528076,0
19.5017604827881,0
20.2461013793945,0
22.1671161651611,0
23.5660915374756,0
24.0261497497559,0
24.8890571594238,0
27.1436653137207,0
30.1109180450439,0
32.5245971679688,0
33.9996185302734,0
35.1073951721191,0
36.6817359924316,0
39.2811889648438,0
42.7589988708496,0
46.2429847717285,0
49.0830917358398,0
51.7638092041016,0
55.1664352416992,0
59.0237464904785,0
62.0825653076172,0
63.864013671875,0
65.0559616088867,0
65.7469100952148,0
64.6061019897461,0
60.8574409484863,0
56.1325836181641,0
53.0000305175781,0
52.005199432373,0
51.4267578125,0
49.9238357543945,0
48.2199745178223,0
47.8320732116699,0
49.079216003418,0
50.9115676879883,0
52.1320724487305,0
52.269474029541,0
51.6101608276367,0
50.8014717102051,0
50.2231063842773,0
49.5481185913086,0
48.2376403808594,0
46.6061973571777,0
45.8869285583496,0
46.924488067627,0
49.2697067260742,0
51.8755035400391,0
54.0846138000488,0
55.5136413574219,0
55.8033561706543,0
55.3489303588867,0
55.554817199707,0
57.1941452026367,0
59.0586090087891,0
59.6032752990723,0
59.396167755127,0
60.0317420959473,0
60.7799034118652,0
58.7758331298828,0
53.2675628662109,0
47.2489166259766,0
43.3759727478027,0
40.3422431945801,0
35.2912559509277,0
28.0757579803467,0
20.6991176605225,0
13.8788986206055,0
6.99341726303101,0
0.671285331249237,0
-3.58388781547546,0
-6.20674896240234,0
-9.11940956115723,0
-12.2836380004883,0
-13.5994472503662,0
-12.8188219070435,0
-12.6581125259399,0
-14.8840370178223,0
-17.8440246582031,0
-19.2188625335693,0
-18.9048080444336,0
-17.7503566741943,0
-15.7697696685791,0
-13.3557796478271,0
-12.1122045516968,0
-12.4821815490723,0
-12.4572420120239,0
-10.7420721054077,0
-9.32120227813721,0
-10.4190721511841,0
-12.5933218002319,0
-12.8020505905151,0
-11.2580194473267,0
-11.0566549301147,0
-13.3179874420166,0
-15.6563110351562,0
-15.6957054138184,0
-13.5943126678467,0
-10.6700811386108,0
-7.73502635955811,0
-5.33600807189941,0
-3.72626709938049,0
-2.03826212882996,0
0.845906257629395,0
4.24236011505127,0
6.25893831253052,0
6.79083871841431,0
7.87206220626831,0
10.3032255172729,0
12.0565614700317,0
11.3850250244141,0
9.75245761871338,0
9.88969993591309,0
12.0627698898315,0
14.0726194381714,0
14.3545351028442,0
13.4648208618164,0
12.7789249420166,0
13.100136756897,0
14.4422416687012,0
16.0242004394531,0
16.5781879425049,0
15.7184448242188,0
14.836724281311,0
15.4925479888916,0
17.0435905456543,0
17.2148284912109,0
15.1561555862427,0
12.5454082489014,0
11.1989650726318,0
10.8491525650024,0
9.96443271636963,0
7.70693254470825,0
4.35044622421265,0
0.726133167743683,0
-2.01506376266479,0
-3.08788657188416,0
-3.32960367202759,0
-4.70397281646729,0
-7.59520244598389,0
-9.75776290893555,0
-9.17773818969727,0
-6.78292417526245,0
-4.804603099823,0
-3.76030826568604,0
-3.15733599662781,0
-3.98398041725159,0
-7.50361299514771,0
-11.8716468811035,0
-13.2316417694092,0
-10.917103767395,0
-8.68507194519043,0
-9.60026264190674,0
-12.4144172668457,0
-14.6863479614258,0
-16.8127593994141,0
-20.3323345184326,0
-24.1331481933594,0
-25.5804958343506,0
-24.7216606140137,0
-24.3151378631592,0
-25.5046482086182,0
-26.1296291351318,0
-24.2238540649414,0
-21.2022762298584,0
-20.3310432434082,0
-23.2339611053467,0
-28.9267406463623,0
-35.3038177490234,0
-40.4856986999512,0
-43.4330291748047,0
-44.4734649658203,0
-45.023193359375,0
-45.9204940795898,0
-46.362907409668,0
-45.5245895385742,0
-44.8737335205078,0
-47.1884880065918,0
-52.7364768981934,0
-58.0323257446289,0
-59.654167175293,0
-58.1162757873535,0
-56.3145179748535,0
-55.111743927002,0
-52.8334655761719,0
-48.9008636474609,0
-45.1602592468262,0
-42.7657051086426,0
-40.2936325073242,0
-36.482307434082,0
-32.6129684448242,0
-30.1157894134521,0
-27.7413673400879,0
-23.7465305328369,0
-19.4608192443848,0
-17.5519618988037,0
-17.4671535491943,0
-15.99440574646,0
-12.4265279769897,0
-9.71986484527588,0
-9.61401176452637,0
-9.86074638366699,0
-8.05629444122314,0
-5.49855947494507,0
-4.86230278015137,0
-6.04774236679077,0
-7.03460168838501,0
-7.58199834823608,0
-9.26997947692871,0
-12.4238748550415,0
-15.6351623535156,0
-18.1904277801514,0
-20.4003810882568,0
-21.3811588287354,0
-19.4224052429199,0
-15.5767765045166,0
-14.040864944458,0
-16.8745918273926,0
-20.4994716644287,0
-20.2443866729736,0
-17.006814956665,0
-15.951512336731,0
-18.760196685791,0
-20.8815879821777,0
-17.8619728088379,0
-11.3157930374146,0
-6.09408617019653,0
-3.60448837280273,0
-1.17335939407349,0
2.74864053726196,0
6.17003536224365,0
6.9973464012146,0
6.15232229232788,0
5.73563480377197,0
5.90006351470947,0
5.43907070159912,0
4.54880332946777,0
5.02588272094727,0
7.66641426086426,0
10.9288101196289,0
12.7622985839844,0
12.9914855957031,0
13.3078708648682,0
15.3220300674438,0
19.1944179534912,0
23.9556941986084,0
28.401819229126,0
31.40403175354,0
32.027214050293,0
30.1674041748047,0
26.9905776977539,0
24.0652751922607,0
21.9632225036621,0
20.1716175079346,0
18.2115879058838,0
16.0964450836182,0
13.8745756149292,0
11.8298120498657,0
11.0995569229126,0
12.5648813247681,0
14.7032747268677,0
14.2584428787231,0
10.0172834396362,0
4.31828880310059,0
-0.439927756786346,0
-5.00034332275391,0
-11.0156946182251,0
-17.2540054321289,0
-20.9075336456299,0
-21.9981517791748,0
-23.3593654632568,0
-25.979061126709,0
-27.275016784668,0
-24.9903469085693,0
-20.3643798828125,0
-16.0181465148926,0
-12.6097564697266,0
-9.23384857177734,0
-5.78612565994263,0
-3.28430414199829,0
-2.57217121124268,0
-3.77227759361267,0
-6.17681360244751,0
-7.88548374176025,0
-6.86202812194824,0
-3.52920484542847,0
-0.984504818916321,0
-1.12532699108124,0
-1.8071106672287,0
0.294092059135437,0
5.12138414382935,0
9.866455078125,0
13.3549289703369,0
16.8905220031738,0
20.7047901153564,0
22.7199935913086,0
21.9826354980469,0
20.6769638061523,0
21.0098037719727,0
22.2375679016113,0
22.7707748413086,0
23.2604732513428,0
24.9744815826416,0
26.5079231262207,0
25.2122383117676,0
21.3755855560303,0
17.9595890045166,0
16.2489414215088,0
14.8726568222046,0
13.4895811080933,0
13.9385509490967,0
16.3600292205811,0
17.4820194244385,0
15.0289688110352,0
11.0848197937012,0
8.304856300354,0
5.21984767913818,0
-1.08810877799988,0
-9.24216651916504,0
-14.6829795837402,0
-16.1537685394287,0
-17.0799617767334,0
-20.0495777130127,0
-23.7405891418457,0
-26.5127506256104,0
-29.4221649169922,0
-33.5318794250488,0
-37.0932884216309,0
-38.0260963439941,0
-37.202091217041,0
-36.6644668579102,0
-36.1446990966797,0
-34.081787109375,0
-31.0163421630859,0
-29.0892906188965,0
-28.6146450042725,0
-27.9232063293457,0
-26.6701068878174,0
-26.6561222076416,0
-28.7506465911865,0
-31.2855491638184,0
-32.4761009216309,0
-32.5328178405762,0
-32.2074203491211,0
-30.9140796661377,0
-27.81321144104,0
-23.5689525604248,0
-19.3462772369385,0
-14.7499418258667,0
-8.51548957824707,0
-1.17606556415558,0
4.55491065979004,0
6.66783285140991,0
6.21149206161499,0
6.0561146736145,0
7.70471286773682,0
9.96016120910645,0
10.6759777069092,0
9.20166492462158,0
6.72286891937256,0
4.60618352890015,0
3.2183952331543,0
2.40418696403503,0
2.04861998558044,0
1.51660335063934,0
-0.41620597243309,0
-3.81401562690735,0
-6.51691102981567,0
-6.56069993972778,0
-5.35303020477295,0
-6.33495950698853,0
-10.1700897216797,0
-13.5578565597534,0
-13.9261264801025,0
-13.1608686447144,0
-14.7929935455322,0
-19.0773277282715,0
-23.2670230865479,0
-25.9295139312744,0
-28.3770236968994,0
-31.7984771728516,0
-35.3823585510254,0
-38.0060424804688,0
-39.8704986572266,0
-41.3505096435547,0
-41.6475563049316,0
-39.9717826843262,0
-37.2603187561035,0
-35.343864440918,0
-34.6847381591797,0
-34.1552772521973,0
-33.1277770996094,0
-32.6265449523926,0
-33.8133354187012,0
-36.1786193847656,0
-38.2843437194824,0
-39.9679412841797,0
-42.488452911377,0
-46.1918792724609,0
-49.4048538208008,0
-50.6080780029297,0
-50.5752220153809,0
-50.9252014160156,0
-51.441349029541,0
-50.7696952819824,0
-49.3506469726562,0
-49.3229293823242,0
-51.2537956237793,0
-53.2976036071777,0
-54.3300666809082,0
-55.5223960876465,0
-57.4893112182617,0
-58.2344360351562,0
-56.0792465209961,0
-52.917163848877,0
-52.0609703063965,0
-53.9054946899414,0
-56.1681442260742,0
-57.6365051269531,0
-58.9931602478027,0
-60.278507232666,0
-60.4986839294434,0
-60.1935119628906,0
-61.5633277893066,0
-64.8645248413086,0
-67.0921936035156,0
-65.9670486450195,0
-63.3506355285645,0
-62.6144104003906,0
-63.957088470459,0
-64.7115707397461,0
-63.543285369873,0
-61.6753921508789,0
-59.8719902038574,0
-56.8851737976074,0
-51.9176864624023,0
-46.4228744506836,0
-41.8700637817383,0
-37.4423179626465,0
-31.9520778656006,0
-26.7636241912842,0
-24.3494205474854,0
-24.516206741333,0
-24.6719245910645,0
-23.9076633453369,0
-24.2293243408203,0
-27.1442070007324,0
-31.5559463500977,0
-36.129581451416,0
-41.2544059753418,0
-46.9428176879883,0
-51.0010223388672,0
-51.6399765014648,0
-50.3522605895996,0
-49.7176780700684,0
-49.5018081665039,0
-47.537670135498,0
-43.6413612365723,0
-39.772216796875,0
-36.588508605957,0
-32.8008460998535,0
-28.2574310302734,0
-24.804838180542,0
-23.1678657531738,0
-21.5307350158691,0
-18.5999202728271,0
-15.9186668395996,0
-15.3927583694458,0
-16.2147369384766,0
-16.2981071472168,0
-15.6585865020752,0
-16.1358909606934,0
-18.0978336334229,0
-19.5001831054688,0
-18.6088542938232,0
-16.1065273284912,0
-13.7483558654785,0
-11.9835443496704,0
-9.94918441772461,0
-7.44916820526123,0
-5.91614389419556,0
-7.00110673904419,0
-10.566743850708,0
-14.5986051559448,0
-17.2829780578613,0
-18.9031753540039,0
-21.3027648925781,0
-25.5495052337646,0
-30.7333354949951,0
-35.4562797546387,0
-39.9744682312012,0
-45.906551361084,0
-53.7348480224609,0
-61.6452980041504,0
-67.5621795654297,0
-71.5260848999023,0
-74.9022750854492,0
-77.766487121582,0
-78.741813659668,0
-77.5195236206055,0
-75.6940307617188,0
-74.3693695068359,0
-72.7371826171875,0
-70.2660980224609,0
-68.5255126953125,0
-68.9241561889648,0
-70.075325012207,0
-69.806526184082,0
-68.7138595581055,0
-68.8466873168945,0
-69.4870300292969,0
-67.7024078369141,0
-63.3820381164551,0
-60.0930633544922,0
-59.662971496582,0
-59.321044921875,0
-56.330379486084,0
-52.4908332824707,0
-51.2188758850098,0
-52.4366912841797,0
-53.5960884094238,0
-54.1662979125977,0
-55.5419540405273,0
-57.2784614562988,0
-57.0519256591797,0
-54.4914627075195,0
-51.8491973876953,0
-50.2861213684082,0
-48.3697280883789,0
-45.1204795837402,0
-41.7873344421387,0
-39.225643157959,0
-35.920539855957,0
-30.4282035827637,0
-23.9533596038818,0
-18.6028289794922,0
-14.5325679779053,0
-10.8123865127563,0
-7.92156600952148,0
-7.06901693344116,0
-7.58288621902466,0
-7.26854848861694,0
-5.46935319900513,0
-3.88116455078125,0
-3.95994472503662,0
-5.13689851760864,0
-6.15674448013306,0
-6.78310823440552,0
-7.41768836975098,0
-8.10278606414795,0
-8.67167854309082,0
-9.07511615753174,0
-9.00908851623535,0
-8.21211719512939,0
-7.79734468460083,0
-10.0504589080811,0
-15.6561403274536,0
-22.0837860107422,0
-26.3375473022461,0
-28.6921825408936,0
-31.7542266845703,0
-36.0054626464844,0
-38.7133140563965,0
-38.1095924377441,0
-36.3335571289062,0
-36.290470123291,0
-37.1449775695801,0
-35.5685844421387,0
-31.0319042205811,0
-27.138111114502,0
-27.0550498962402,0
-29.8855857849121,0
-32.8131790161133,0
-34.9443969726562,0
-37.1147956848145,0
-39.1238861083984,0
-39.5867385864258,0
-38.4445686340332,0
-37.5837326049805,0
-38.4280586242676,0
-40.3597679138184,0
-42.1075286865234,0
-43.4753646850586,0
-45.0263175964355,0
-47.1230888366699,0
-50.0649375915527,0
-54.2672348022461,0
-59.4027862548828,0
-64.0101089477539,0
-66.7980575561523,0
-67.892936706543,0
-68.2315444946289,0
-68.4265747070312,0
-68.9120254516602,0
-70.2729263305664,0
-72.2304306030273,0
-72.8978958129883,0
-70.4264602661133,0
-65.2563552856445,0
-59.6621017456055,0
-55.309440612793,0
-52.4412536621094,0
-51.2070159912109,0
-52.1605911254883,0
-55.0169410705566,0
-58.2127380371094,0
-60.3869705200195,0
-61.4835472106934,0
-61.9854316711426,0
-61.9786415100098,0
-61.4642944335938,0
-60.6836318969727,0
-59.510799407959,0
-57.3366928100586,0
-54.2397880554199,0
-51.5021591186523,0
-50.1350212097168,0
-49.5430450439453,0
-48.6466369628906,0
-47.9018249511719,0
-49.028133392334,0
-52.634033203125,0
-57.0497970581055,0
-59.9885330200195,0
-60.9616203308105,0
-61.6610641479492,0
-64.0478057861328,0
-68.3064575195312,0
-72.8201217651367,0
-76.1176528930664,0
-78.4999847412109,0
-81.3640975952148,0
-85.1371002197266,0
-88.5803680419922,0
-90.3393936157227,0
-90.6030731201172,0
-90.8319931030273,0
-92.1616439819336,0
-94.3353271484375,0
-95.9129028320312,0
-95.3843460083008,0
-92.5077209472656,0
-88.7510833740234,0
-85.9766387939453,0
-84.5626525878906,0
-83.4353332519531,0
-82.0577926635742,0
-81.3176345825195,0
-81.7772903442383,0
-82.0775756835938,0
-80.3420639038086,0
-76.7251739501953,0
-73.3527679443359,0
-71.9186859130859,0
-72.4604721069336,0
-74.3036575317383,0
-76.7644729614258,0
-78.7043838500977,0
-78.9452667236328,0
-77.9770050048828,0
-78.1294479370117,0
-80.988639831543,0
-85.3216094970703,0
-88.4434661865234,0
-88.9449920654297,0
-87.1412200927734,0
-83.7209396362305,0
-79.5130310058594,0
-76.1803665161133,0
-75.2716369628906,0
-76.1846542358398,0
-76.5341415405273,0
-75.1405715942383,0
-73.3867797851562,0
-72.9150466918945,0
-73.3140335083008,0
-73.2259216308594,0
-72.6356887817383,0
-72.466796875,0
-72.4162979125977,0
-70.885383605957,0
-67.2631072998047,0
-63.0389022827148,0
-60.2002029418945,0
-59.3088684082031,0
-59.5156173706055,0
-59.8253173828125,0
-59.8673400878906,0
-59.6972885131836,0
-59.2962913513184,0
-58.6083869934082,0
-58.271427154541,0
-59.7743453979492,0
-63.7191009521484,0
-67.8311004638672,0
-68.3119125366211,0
-64.1265258789062,0
-58.5247573852539,0
-54.9486198425293,0
-52.8311004638672,0
-49.3199043273926,0
-43.8321914672852,0
-38.2721672058105,0
-33.5045547485352,0
-28.7224235534668,0
-24.303243637085,0
-22.0387706756592,0
-21.7625865936279,0
-20.7781982421875,0
-17.8813400268555,0
-15.1650152206421,0
-14.3228445053101,0
-13.9348096847534,0
-12.3855485916138,0
-10.785927772522,0
-10.435809135437,0
-9.76706314086914,0
-6.98355150222778,0
-3.9853048324585,0
-4.10677194595337,0
-6.89169359207153,0
-8.67642593383789,0
-8.10971546173096,0
-7.69497489929199,0
-9.53956890106201,0
-12.7344055175781,0
-15.8073444366455,0
-19.0066909790039,0
-22.7990875244141,0
-26.1638336181641,0
-27.8191165924072,0
-27.8239727020264,0
-27.0032596588135,0
-25.975435256958,0
-25.4151191711426,0
-25.9542560577393,0
-27.0706348419189,0
-27.2539653778076,0
-25.9579219818115,0
-24.2854843139648,0
-23.1371536254883,0
-21.7789669036865,0
-18.8678894042969,0
-13.9550857543945,0
-7.59945249557495,0
-1.12031412124634,0
3.39634537696838,0
4.22215509414673,0
1.8845134973526,0
-1.04166615009308,0
-2.58507490158081,0
-2.89864373207092,0
-2.95167779922485,0
-3.13379979133606,0
-3.64847040176392,0
-4.76946544647217,0
-5.95387363433838,0
-6.16056346893311,0
-5.88063287734985,0
-7.26479244232178,0
-11.0836811065674,0
-15.0564861297607,0
-16.6089115142822,0
-15.9995193481445,0
-15.1972875595093,0
-14.8755588531494,0
-14.2672176361084,0
-13.0060319900513,0
-11.2112674713135,0
-8.48723030090332,0
-4.82731771469116,0
-2.00870752334595,0
-1.98262941837311,0
-3.97367739677429,0
-5.11403703689575,0
-4.01513624191284,0
-1.82950937747955,0
0.377217173576355,0
3.19384098052979,0
7.06697559356689,0
10.7657318115234,0
12.8642225265503,0
13.6678247451782,0
14.6208906173706,0
16.4788150787354,0
18.7349700927734,0
20.2021884918213,0
19.7133979797363,0
17.0105037689209,0
13.3403415679932,0
10.3725709915161,0
8.26281356811523,0
5.84216070175171,0
3.05884599685669,0
1.78966057300568,0
3.26899147033691,0
5.88434267044067,0
6.82575798034668,0
5.26210451126099,0
2.72376894950867,0
0.861880481243134,0
0.0246067270636559,0
-0.21235665678978,0
-0.250949829816818,0
-0.325654894113541,0
-0.492732495069504,0
-0.739516019821167,0
-1.37958073616028,0
-2.88688993453979,0
-4.92139196395874,0
-6.22183322906494,0
-6.1659984588623,0
-5.71821212768555,0
-5.93097352981567,0
-6.22214937210083,0
-5.24649667739868,0
-2.80974316596985,0
0.384343236684799,0
4.20673513412476,0
8.60064697265625,0
12.0541095733643,0
12.7980270385742,0
11.862096786499,0
12.8037061691284,0
17.4077320098877,0
23.3167133331299,0
27.1118679046631,0
28.368766784668,0
29.324800491333,0
31.7182483673096,0
35.6035270690918,0
40.5214233398438,0
45.9347953796387,0
50.4893226623535,0
52.4180450439453,0
51.2780113220215,0
48.5524253845215,0
46.2255249023438,0
45.2344856262207,0
45.3037300109863,0
45.6131973266602,0
45.4376602172852,0
44.6773567199707,0
44.0919532775879,0
44.7950210571289,0
47.3254776000977,0
51.2297821044922,0
55.4872589111328,0
59.2953567504883,0
62.5996322631836,0
65.8963623046875,0
69.3015289306641,0
71.9200973510742,0
72.6729202270508,0
71.8012924194336,0
70.8251113891602,0
70.6855087280273,0
70.6453018188477,0
69.5183639526367,0
67.2491989135742,0
64.5438766479492,0
61.6035804748535,0
58.2387809753418,0
54.8341407775879,0
52.0505065917969,0
49.7014236450195,0
47.169116973877,0
45.1434020996094,0
45.6474761962891,0
49.5687789916992,0
55.1113967895508,0
59.768684387207,0
63.2554702758789,0
67.1570358276367,0
71.7535171508789,0
74.7413558959961,0
73.9246826171875,0
70.1389694213867,0
66.307861328125,0
64.1706924438477,0
63.3435554504395,0
63.3884544372559,0
64.9578018188477,0
68.1550521850586,0
71.2877960205078,0
72.6001281738281,0
72.3808288574219,0
72.0763778686523,0
72.1180191040039,0
72.1912155151367,0
72.9938278198242,0
75.5919189453125,0
78.9649810791016,0
80.3893280029297,0
79.0056838989258,0
77.0486907958984,0
76.3743133544922,0
75.5886077880859,0
72.3433303833008,0
67.0410079956055,0
62.0783538818359,0
58.2990798950195,0
54.6701469421387,0
51.2060852050781,0
49.5272674560547,0
49.9143333435059,0
50.2257385253906,0
48.9754104614258,0
47.5252075195312,0
47.6575584411621,0
48.6090850830078,0
48.4627113342285,0
47.3258171081543,0
46.953483581543,0
47.8557281494141,0
48.9671020507812,0
49.8849182128906,0
51.1223678588867,0
52.0226821899414,0
50.908317565918,0
48.1757164001465,0
47.0462036132812,0
49.766040802002,0
54.6366806030273,0
58.4010276794434,0
60.3183174133301,0
62.0694961547852,0
64.5018157958984,0
66.6089401245117,0
67.738410949707,0
68.9710540771484,0
71.6166076660156,0
75.3877105712891,0
78.7831954956055,0
80.7879257202148,0
81.6731033325195,0
82.3124008178711,0
83.0989456176758,0
83.6953506469727,0
83.764274597168,0
83.5107650756836,0
83.0476608276367,0
81.5645523071289,0
78.0400848388672,0
72.8694458007812,0
67.8717651367188,0
64.3975143432617,0
62.3008308410645,0
61.0788993835449,0
60.9034080505371,0
61.7983207702637,0
62.7418022155762,0
62.6236267089844,0
61.7212562561035,0
61.533016204834,0
63.3131408691406,0
66.845703125,0
70.0739974975586,0
70.1609649658203,0
66.2782135009766,0
61.4701309204102,0
59.9107971191406,0
61.6274795532227,0
62.0008087158203,0
57.7754402160645,0
51.3926277160645,0
47.2862777709961,0
45.8752784729004,0
44.2696647644043,0
41.7463035583496,0
40.8238716125488,0
42.7195091247559,0
45.1400375366211,0
45.7825660705566,0
45.433162689209,0
46.0839729309082,0
48.0202789306641,0
50.4759674072266,0
53.5890998840332,0
57.7569580078125,0
61.9069519042969,0
64.1807403564453,0
64.1122589111328,0
63.0183372497559,0
62.5427780151367,0
63.6246337890625,0
66.2786483764648,0
69.3412628173828,0
70.9459686279297,0
70.4120407104492,0
69.3357009887695,0
69.6693954467773,0
71.0334625244141,0
71.323844909668,0
69.9476547241211,0
68.7825698852539,0
69.2748413085938,0
70.1108474731445,0
69.1334075927734,0
66.6127777099609,0
64.7964477539062,0
64.4059219360352,0
63.6054801940918,0
61.1884994506836,0
58.9202003479004,0
58.9680442810059,0
60.1556510925293,0
59.1869430541992,0
55.5098724365234,0
52.4582366943359,0
52.6437492370605,0
54.3620567321777,0
54.1844215393066,0
51.4820442199707,0
48.3203582763672,0
45.9310760498047,0
43.6321792602539,0
40.8874931335449,0
38.1973190307617,0
35.7741355895996,0
33.1877861022949,0
30.5344581604004,0
28.1815013885498,0
25.1270713806152,0
19.584903717041,0
11.8256359100342,0
4.63617420196533,0
0.10421734303236,0
-2.56687259674072,0
-5.43277454376221,0
-9.77654266357422,1
-16.4556121826172,1
-26.0638084411621,1
-37.0762481689453,1
-45.5146026611328,1
-48.4809265136719,1
-47.0432319641113,1
-44.0143852233887,1
-40.2130393981934,1
-35.1565246582031,1
-30.4048595428467,1
-29.1064624786377,1
-31.7317905426025,1
-34.6848945617676,1
-34.372257232666,1
-31.1679019927979,1
-28.110803604126,1
-26.6864395141602,1
-25.4182815551758,1
-22.575403213501,1
-19.0319671630859,1
-17.5246334075928,1
-19.1987247467041,1
-21.8577327728271,1
-22.4571838378906,1
-20.8219566345215,1
-19.5206127166748,1
-20.0268840789795,1
-20.8702049255371,1
-20.6458263397217,1
-21.1684303283691,1
-25.557804107666,1
-33.8245162963867,1
-42.4116058349609,1
-48.095344543457,1
-50.4763412475586,1
-50.3924865722656,1
-48.0364112854004,1
-43.9406509399414,1
-40.4088516235352,1
-40.1599082946777,1
-43.7403717041016,1
-49.3525619506836,1
-55.0635795593262,1
-60.1717796325684,1
-64.4194869995117,1
-67.0404739379883,1
-67.3151626586914,1
-65.6441879272461,1
-63.5046272277832,1
-62.4771919250488,1
-63.575870513916,1
-67.0746002197266,1
-72.2174453735352,1
-77.1313171386719,1
-79.8838958740234,1
-80.0799255371094,1
-78.9748306274414,1
-77.8229370117188,1
-76.8888626098633,1
-76.5354843139648,1
-78.1789627075195,1
-82.8332443237305,1
-89.1561279296875,1
-94.3414535522461,1
-96.8808288574219,1
-97.1738204956055,1
-95.6062698364258,1
-91.9460372924805,1
-87.2600479125977,1
-84.5337905883789,1
-85.8192977905273,1
-89.6947631835938,1
-92.953483581543,1
-94.1836929321289,1
-94.3029708862305,1
-94.035270690918,1
-92.6293411254883,1
-89.5437927246094,1
-86.2025909423828,1
-85.1282119750977,1
-87.5358200073242,1
-92.2722930908203,1
-97.1838760375977,1
-101.225257873535,1
-104.7744140625,1
-107.778144836426,1
-108.501258850098,1
-105.382057189941,1
-99.9641723632812,1
-96.2999649047852,1
-96.6380615234375,1
-98.9974746704102,1
-100.128860473633,1
-99.6352386474609,1
-99.3674163818359,1
-99.4699020385742,1
-97.5165786743164,1
-92.2768478393555,1
-86.4855804443359,1
-84.4092407226562,1
-87.4721145629883,1
-93.5658645629883,1
-100.143707275391,1
-106.391387939453,1
-112.108947753906,1
-116.071929931641,1
-116.917472839355,1
-115.181465148926,1
-113.034172058105,1
-111.776229858398,1
-110.834358215332,1
-109.832862854004,1
-110.292587280273,1
-113.685188293457,1
-118.373672485352,1
-120.468132019043,1
-118.217735290527,1
-114.101081848145,1
-111.871070861816,1
-112.911781311035,1
-116.521728515625,1
-122.276489257812,1
-130.061126708984,1
-138.268692016602,1
-144.151672363281,1
-146.515426635742,1
-146.740280151367,1
-146.805511474609,1
-147.653823852539,1
-149.813079833984,1
-153.803039550781,1
-158.813400268555,1
-162.483520507812,1
-163.521530151367,1
-163.434555053711,1
-163.996429443359,1
-164.038497924805,1
-161.012619018555,1
-155.336639404297,1
-150.677886962891,1
-149.50537109375,1
-150.590026855469,1
-151.687210083008,1
-152.424911499023,1
-152.977081298828,1
-151.72004699707,1
-146.599243164062,1
-138.344833374023,1
-130.416748046875,1
-125.61009979248,1
-123.943420410156,1
-123.965553283691,1
-124.870872497559,1
-126.597770690918,1
-128.276107788086,1
-127.372993469238,1
-121.210350036621,1
-110.02099609375,1
-98.1628494262695,1
-90.9841079711914,1
-89.97509765625,1
-91.9864654541016,1
-93.5795364379883,1
-94.5351028442383,1
-95.8551254272461,1
-95.977180480957,1
-91.6870269775391,1
-82.903923034668,1
-74.2690200805664,1
-70.7332382202148,1
-72.6475219726562,1
-76.3441314697266,1
-78.87451171875,1
-80.7307815551758,1
-83.6738357543945,1
-87.1442337036133,1
-88.2232131958008,1
-85.3167037963867,1
-80.7022094726562,1
-78.2824172973633,1
-79.1722640991211,1
-80.8200912475586,1
-80.5966339111328,1
-78.6412048339844,1
-76.2315673828125,1
-72.8746948242188,1
-67.0632019042969,1
-59.5286293029785,1
-53.5676765441895,1
-51.4381065368652,1
-51.962589263916,1
-52.7019195556641,1
-53.2418022155762,1
-54.8193168640137,1
-57.3225746154785,1
-58.4662933349609,1
-56.397388458252,1
-52.0683441162109,1
-48.3998718261719,1
-47.5231323242188,1
-49.1188049316406,1
-51.0725402832031,1
-51.5671997070312,1
-50.7555046081543,1
-50.1840858459473,1
-50.1569137573242,1
-48.3110618591309,1
-42.1274833679199,1
-32.7226448059082,1
-24.3971519470215,1
-19.8009796142578,1
-17.2224082946777,1
-13.7976837158203,1
-9.71627902984619,1
-7.19927358627319,1
-6.28500318527222,1
-4.25356101989746,1
0.405934929847717,1
5.49058532714844,1
7.50946426391602,1
5.38827562332153,1
0.850154042243958,1
-3.95269155502319,1
-7.9840235710144,1
-10.6935062408447,1
-10.9488077163696,1
-7.53981781005859,1
-1.10096168518066,1
5.02594709396362,1
7.11762857437134,1
4.80390787124634,1
1.48340857028961,1
0.163590922951698,1
-0.0752781927585602,1
-2.10922241210938,1
-6.19025707244873,1
-9.43334197998047,1
-9.79421806335449,1
-8.38140678405762,1
-7.11400461196899,1
-5.99069595336914,1
-4.04508829116821,1
-1.68675088882446,1
-0.256120204925537,1
0.436358720064163,1
2.50340604782104,1
7.34933567047119,1
13.4296417236328,1
17.4025478363037,1
17.5297908782959,1
15.4639406204224,1
14.2372303009033,1
14.6865234375,1
14.7361936569214,1
12.5961437225342,1
9.64610958099365,1
8.9277286529541,1
11.1943092346191,1
13.9072027206421,1
14.3571681976318,1
12.5649290084839,1
10.602105140686,1
9.99222469329834,1
10.3987312316895,1
10.272632598877,1
8.37785720825195,1
5.20911979675293,1
3.06122350692749,1
3.90054869651794,1
6.94750928878784,1
9.34766578674316,1
9.61593627929688,1
9.28112506866455,1
10.4859838485718,1
13.2553243637085,1
16.3264408111572,1
19.5740146636963,1
23.7816352844238,1
28.2991142272949,1
30.775426864624,1
29.786226272583,1
26.5679950714111,1
23.4907131195068,1
21.6511688232422,1
20.7664470672607,1
20.8644485473633,1
22.8605995178223,1
27.0541496276855,1
31.8208141326904,1
34.8269348144531,1
35.6055679321289,1
35.9099502563477,1
36.9827613830566,1
37.700511932373,1
36.8741912841797,1
36.4575881958008,1
39.948657989502,1
47.2224655151367,1
53.452522277832,1
54.6409301757812,1
52.396858215332,1
51.3567504882812,1
53.22705078125,1
55.6867752075195,1
56.5881271362305,1
56.8068923950195,1
58.4368171691895,1
61.7287521362305,1
64.5936660766602,1
64.5569000244141,1
60.9699478149414,1
55.5202293395996,1
50.3052215576172,1
45.4782905578613,1
39.9247627258301,1
34.3946914672852,1
31.7563991546631,1
32.7017707824707,1
33.3324699401855,1
29.5038089752197,1
22.118595123291,1
15.2691602706909,1
10.26526927948,1
5.03321552276611,1
-0.83364599943161,1
-4.2639365196228,1
-2.87978672981262,1
2.11403942108154,1
8.35729217529297,1
14.8539037704468,1
20.8179950714111,1
24.8779449462891,1
27.2573223114014,1
30.2999897003174,1
34.8543434143066,1
38.422550201416,1
39.0378265380859,1
38.5636596679688,1
39.3017959594727,1
39.4547309875488,1
35.665454864502,1
28.884635925293,1
23.6356258392334,1
21.5457363128662,1
19.6560497283936,1
16.0874061584473,1
13.532678604126,1
14.8738746643066,1
18.1293926239014,1
18.7264881134033,1
15.4267578125,1
11.2673501968384,1
9.19757843017578,1
9.3409309387207,1
10.757833480835,1
13.5422639846802,1
17.8449897766113,1
22.0243892669678,1
23.397087097168,1
20.9812278747559,1
16.6559906005859,1
13.0793123245239,1
10.7898759841919,1
8.18431377410889,1
4.65060043334961,1
2.73354172706604,1
5.77479982376099,1
13.402626991272,1
20.9279670715332,1
24.1886672973633,1
24.0519275665283,1
24.8905467987061,1
29.1218757629395,1
34.7552452087402,1
38.5102157592773,1
39.8635787963867,1
40.8206329345703,1
42.248908996582,1
42.0565299987793,1
37.9142799377441,1
31.0478286743164,1
25.7672901153564,1
24.7452754974365,1
26.0546474456787,1
26.092227935791,1
24.4532680511475,1
23.9091510772705,1
25.7116832733154,1
27.3439712524414,1
26.0480709075928,1
22.7328014373779,1
20.5849914550781,1
20.8736534118652,1
22.1867942810059,1
23.6131229400635,1
26.7200489044189,1
33.520809173584,1
43.2768859863281,1
52.1597061157227,1
56.3949813842773,1
55.9057121276855,1
54.4632225036621,1
55.3808174133301,1
57.4081382751465,1
56.6753311157227,1
52.9106407165527,1
50.9103050231934,1
53.9303169250488,1
58.193473815918,1
57.4165115356445,1
51.4243431091309,1
46.1023216247559,1
44.8914108276367,1
44.837589263916,1
42.4807739257812,1
39.3594779968262,1
38.6044311523438,1
39.1162872314453,1
37.0563278198242,1
31.7391109466553,1
26.401948928833,1
23.4900417327881,1
22.252534866333,1
21.1279182434082,1
19.9234867095947,1
19.2834453582764,1
20.0817718505859,1
23.440559387207,1
29.226282119751,1
34.5558891296387,1
36.3064270019531,1
35.3910446166992,1
35.8068161010742,1
38.8017921447754,1
41.1078948974609,1
40.4212265014648,1
39.4104270935059,1
41.554271697998,1
45.3989295959473,1
46.4364471435547,1
43.4771347045898,1
39.6140060424805,1
37.1811485290527,1
35.294376373291,1
33.0840873718262,1
32.1360626220703,1
33.870304107666,1
36.5554275512695,1
37.0765228271484,1
34.7565040588379,1
31.6835994720459,1
29.6540260314941,1
28.3007297515869,1
26.4330883026123,1
24.2376251220703,1
23.4992866516113,1
25.5232353210449,1
28.8935451507568,1
29.9228076934814,1
26.3064060211182,1
20.1952724456787,1
16.2525825500488,1
16.2520351409912,1
17.2163677215576,1
16.014476776123,1
14.0959243774414,1
15.3140697479248,1
19.7459316253662,1
22.6524791717529,1
20.4855728149414,1
15.5289897918701,1
12.6439867019653,1
12.8411054611206,1
12.5955629348755,1
9.4142427444458,1
5.65749931335449,1
5.51794767379761,1
9.35241985321045,1
12.6247682571411,1
10.5884370803833,1
3.05801677703857,1
-5.98020839691162,1
-12.9530801773071,1
-17.9249610900879,1
-22.9773654937744,1
-28.4106369018555,1
-32.1118659973145,1
-32.9724006652832,1
-33.3110237121582,1
-36.2406845092773,1
-41.0693397521973,1
-43.2332534790039,1
-39.5407371520996,1
-32.1654968261719,1
-26.1937923431396,1
-23.9817905426025,1
-23.5444889068604,1
-22.383243560791,1
-20.9274673461914,1
-21.1159934997559,1
-23.016056060791,1
-24.7540893554688,1
-25.3598861694336,1
-25.6273670196533,1
-25.7334022521973,1
-23.898889541626,1
-18.6539993286133,1
-11.2645416259766,1
-4.61258172988892,1
-0.440199494361877,1
1.23327958583832,1
1.01679086685181,1
0.0818594470620155,1
0.497132271528244,1
3.80513024330139,1
9.38908195495605,1
15.5469379425049,1
21.5637741088867,1
27.0507221221924,1
30.1521511077881,1
29.1440753936768,1
25.7075901031494,1
23.5637588500977,1
23.1751441955566,1
20.9163818359375,1
14.9811992645264,1
9.07993221282959,1
7.73437118530273,1
10.1100254058838,1
11.5283756256104,1
9.74716854095459,1
6.60339593887329,1
4.05558776855469,1
1.84952509403229,1
-0.48742687702179,1
-2.10566163063049,1
-2.47117352485657,1
-2.76182007789612,1
-4.41435194015503,1
-7.30836629867554,1
-10.2563781738281,1
-12.5755004882812,1
-14.587628364563,1
-17.0581741333008,1
-20.2969608306885,1
-23.2454643249512,1
-23.750545501709,1
-20.915958404541,1
-17.0369319915771,1
-15.551176071167,1
-16.7088031768799,1
-17.06520652771,1
-14.115701675415,1
-9.51640892028809,1
-6.0788516998291,1
-3.24755644798279,1
1.86035895347595,1
9.58827114105225,1
16.7485122680664,1
20.8700313568115,1
22.9096755981445,1
24.7009582519531,1
25.968391418457,1
25.6715126037598,1
24.7595767974854,1
25.4049701690674,1
28.0675487518311,1
31.0336532592773,1
32.5235252380371,1
31.8878631591797,1
29.2810459136963,1
25.7305202484131,1
23.0869808197021,1
22.235258102417,1
21.718090057373,1
19.864444732666,1
17.7541561126709,1
17.7846755981445,1
19.5355682373047,1
19.876672744751,1
17.6235961914062,1
15.058443069458,1
13.6661567687988,1
11.5256319046021,1
7.18356227874756,1
3.38718485832214,1
3.63608479499817,1
6.53879594802856,1
7.21015548706055,1
3.96777939796448,1
0.314625471830368,1
-0.280463874340057,1
1.37759959697723,1
2.59055137634277,1
3.16748571395874,1
5.23163557052612,1
9.30649185180664,1
12.5171136856079,1
11.3559379577637,1
5.64305448532104,1
-0.962892115116119,1
-4.61788129806519,1
-4.99637317657471,1
-4.60210180282593,1
-4.62025690078735,1
-2.9784824848175,1
2.62483286857605,1
11.0809440612793,1
18.8845310211182,1
24.2554378509521,1
28.5818748474121,1
33.7386245727539,1
39.5467720031738,1
44.5535163879395,1
48.3520011901855,1
52.2405815124512,1
57.7081336975098,1
64.5970458984375,1
70.8955078125,1
74.6295928955078,1
76.020393371582,1
77.1128234863281,1
78.8934783935547,1
79.725471496582,1
77.6384811401367,1
73.3584594726562,1
69.4393692016602,1
66.5648803710938,1
62.5774459838867,1
55.8688201904297,1
48.184326171875,1
42.6322250366211,1
39.6409950256348,1
36.5486488342285,1
31.3764362335205,1
25.5656242370605,1
21.9650917053223,1
20.8729877471924,1
19.5440120697021,1
15.7818841934204,1
10.6513938903809,1
6.73855972290039,1
4.726393699646,1
3.13449454307556,1
1.03442871570587,1
-0.719472706317902,1
-1.3333340883255,1
-1.62110817432404,1
-2.81059217453003,1
-4.89630126953125,1
-7.29145097732544,1
-10.3352422714233,1
-14.7355823516846,1
-19.6209697723389,1
-22.3823986053467,1
-20.9642562866211,1
-15.9088554382324,1
-9.9796724319458,1
-5.96187973022461,1
-4.51790904998779,1
-3.56958937644958,1
0.090706579387188,1
7.81002235412598,1
17.5452651977539,1
25.9865169525146,1
32.303596496582,1
38.765064239502,1
47.1162223815918,1
55.6244430541992,1
61.2311210632324,1
63.905948638916,1
66.6267547607422,1
70.715087890625,1
73.62548828125,1
72.955696105957,1
70.7511291503906,1
71.2145462036133,1
74.8130493164062,1
77.3191452026367,1
74.9368515014648,1
68.1320266723633,1
59.9079055786133,1
52.6100959777832,1
47.5441818237305,1
45.6936569213867,1
46.9835319519043,1
49.756950378418,1
52.1969528198242,1
53.5518531799316,1
53.5031204223633,1
51.8826560974121,1
49.8220100402832,1
49.2330207824707,1
49.8095855712891,1
48.6236877441406,1
44.5425567626953,1
40.7144088745117,1
39.7638778686523,1
38.5398826599121,1
31.8201999664307,1
20.5540084838867,1
11.8021049499512,1
9.69504451751709,1
10.840950012207,1
10.6825437545776,1
10.2980947494507,1
13.2827301025391,1
18.6274509429932,1
21.3536243438721,1
19.6706199645996,1
17.3589515686035,1
18.1785449981689,1
21.1431980133057,1
23.0585956573486,1
23.5127792358398,1
25.0521068572998,1
29.2095985412598,1
34.2575874328613,1
37.0852928161621,1
36.4426918029785,1
34.174373626709,1
33.4442596435547,1
35.4411659240723,1
37.8506088256836,1
37.4445037841797,1
34.3512802124023,1
32.3216743469238,1
33.8440132141113,1
36.5197944641113,1
36.1373558044434,1
32.3720016479492,1
28.9692802429199,1
28.3990592956543,1
29.0945224761963,1
28.9572086334229,1
28.9954700469971,1
31.2189617156982,1
34.3369522094727,1
34.2684211730957,1
29.0046577453613,1
20.9953136444092,1
14.1353588104248,1
9.82127952575684,1
6.89605522155762,1
4.54731130599976,1
3.84065794944763,1
6.019211769104,1
9.98334407806396,1
12.4838018417358,1
11.3554763793945,1
8.02232551574707,1
5.79060792922974,1
5.7823600769043,1
5.93354606628418,1
4.49677181243896,1
2.95334506034851,1
3.92825675010681,1
7.03373146057129,1
8.69024181365967,1
6.31945514678955,1
1.36830270290375,1
-2.44348359107971,1
-3.09799933433533,1
-1.83373165130615,1
-0.988418102264404,1
-0.870124280452728,1
0.675565004348755,1
5.19544363021851,1
10.6830720901489,1
13.1568155288696,1
11.5232238769531,1
9.07043552398682,1
8.82309722900391,1
9.22514343261719,1
6.92825078964233,1
2.72052979469299,1
1.09991788864136,1
3.49047446250916,1
5.47693920135498,1
2.84176349639893,1
-2.29468655586243,1
-4.28212261199951,1
-1.42608976364136,1
2.52018475532532,1
4.00806140899658,1
3.69524884223938,1
3.9314398765564,1
4.76670742034912,1
4.35541248321533,1
2.20493769645691,1
0.162536129355431,1
0.15020053088665,1
2.04083108901978,1
4.22299671173096,1
5.81086730957031,1
7.65862464904785,1
10.8172922134399,1
14.3224563598633,1
15.6334867477417,1
13.8998966217041,1
11.6789503097534,1
11.834942817688,1
13.2188863754272,1
11.6119298934937,1
5.60930252075195,1
-0.449446052312851,1
-1.14796328544617,1
3.39585638046265,1
7.50194311141968,1
6.4307975769043,1
1.24786913394928,1
-3.35967230796814,1
-4.73566007614136,1
-4.27252531051636,1
-4.06859445571899,1
-3.37265396118164,1
0.105978086590767,1
5.80713081359863,1
9.44617748260498,1
7.83781242370605,1
3.09870743751526,1
-0.123479962348938,1
-0.770006835460663,1
-1.7567195892334,1
-4.11548614501953,1
-4.51255035400391,1
-0.77834951877594,1
3.14821028709412,1
1.52482712268829,1
-5.27881240844727,1
-11.0728168487549,1
-11.9785480499268,1
-10.4859933853149,1
-10.3223762512207,1
-10.7036170959473,1
-8.16537570953369,1
-2.1841344833374,1
3.74238109588623,1
6.21031951904297,1
5.33511161804199,1
4.14394378662109,1
5.68312978744507,1
10.6890363693237,1
17.4485244750977,1
24.0334510803223,1
30.6790618896484,1
39.028018951416,1
48.7668380737305,1
56.6164627075195,1
59.9419937133789,1
60.122142791748,1
60.4938659667969,1
61.6865158081055,1
61.3051986694336,1
58.3763389587402,1
55.6697807312012,1
56.2403182983398,1
59.2556991577148,1
61.1622734069824,1
60.3826370239258,1
58.968879699707,1
59.4415092468262,1
61.6455764770508,1
63.5348777770996,1
63.8840980529785,1
63.0162811279297,1
61.373851776123,1
58.6035804748535,1
54.1805648803711,1
48.2197761535645,1
41.5044898986816,1
35.075366973877,1
29.7498683929443,1
25.828800201416,1
23.5482482910156,1
23.7985229492188,1
27.2825126647949,1
32.3232383728027,1
35.0248603820801,1
33.3816528320312,1
30.2521133422852,1
29.9777355194092,1
32.5699005126953,1
34.0184898376465,1
32.441162109375,1
30.5845127105713,1
30.9130229949951,1
31.390251159668,1
28.6668395996094,1
23.2203693389893,1
18.263988494873,1
14.7925653457642,1
10.894718170166,1
5.76127195358276,1
1.57264220714569,1
0.769953846931458,1
3.17122054100037,1
6.22578573226929,1
7.06311798095703,1
4.61431169509888,1
1.04076993465424,1
0.481372892856598,1
4.72481536865234,1
10.8307828903198,1
15.0705156326294,1
18.2194271087646,1
23.7453098297119,1
31.1023120880127,1
35.1588897705078,1
33.7837753295898,1
31.8594875335693,1
34.5520629882812,1
39.637393951416,1
40.8619956970215,1
37.4681205749512,1
35.5119667053223,1
39.1259002685547,1
44.5769653320312,1
45.0237007141113,1
38.571891784668,1
29.3668422698975,1
22.2376976013184,1
18.4141445159912,1
15.9159307479858,1
12.4869222640991,1
8.04897880554199,1
4.78418731689453,1
4.4197735786438,1
5.50423097610474,1
4.75969076156616,1
1.40649056434631,1
-1.92552590370178,1
-3.53673195838928,1
-5.27750396728516,1
-8.59491443634033,1
-10.4691219329834,1
-7.17530679702759,1
-1.04533743858337,1
1.00050032138824,1
-3.72555637359619,1
-10.4021139144897,1
-13.8429775238037,1
-15.1611347198486,1
-18.4712886810303,1
-23.7634544372559,1
-26.907262802124,1
-25.7516441345215,1
-22.7072277069092,1
-20.9622402191162,1
-20.6926517486572,1
-19.8948307037354,1
-17.4233055114746,1
-14.2721157073975,1
-12.3979291915894,1
-12.6140537261963,1
-13.5631732940674,1
-13.1745462417603,1
-11.2109451293945,1
-9.29489803314209,1
-8.03645324707031,1
-5.85938358306885,1
-1.93017566204071,1
1.47592210769653,1
1.68200385570526,1
-0.362274527549744,1
-1.1847140789032,1
0.440182507038116,1
2.14426469802856,1
1.50354290008545,1
-1.11951899528503,1
-3.63481879234314,1
-4.36204624176025,1
-2.69402956962585,1
0.66059398651123,1
3.36538791656494,1
2.7305965423584,1
-1.84333443641663,1
-8.41281032562256,1
-14.6994180679321,1
-19.749231338501,1
-23.2814121246338,1
-24.8639793395996,1
-24.5495586395264,1
-23.3209247589111,1
-21.9106597900391,1
-19.6042995452881,1
-14.9974546432495,1
-7.98457527160645,1
-0.735966086387634,1
3.52296614646912,1
3.18525052070618,1
0.0101360781118274,1
-2.30302405357361,1
-1.63660228252411,1
1.18788027763367,1
4.85043954849243,1
9.55664253234863,1
15.0021457672119,1
18.009895324707,1
15.4090547561646,1
9.18280410766602,1
5.43759965896606,1
7.06108474731445,1
10.2360200881958,1
10.198938369751,1
7.93140363693237,1
8.0103588104248,1
11.24400806427,1
13.3918504714966,1
11.6360521316528,1
8.73195838928223,1
8.72745418548584,1
11.071249961853,1
11.9940223693848,1
10.7478342056274,1
11.1120433807373,1
15.9053134918213,1
22.6215286254883,1
26.5351505279541,1
26.8790798187256,1
27.6187515258789,1
32.0569381713867,1
38.5996360778809,1
42.8508758544922,1
42.8305931091309,1
40.7666702270508,1
39.7999801635742,1
40.0394477844238,1
38.6690788269043,1
33.7425117492676,1
26.9688606262207,1
22.0544815063477,1
20.630802154541,1
20.88623046875,1
20.5170879364014,1
19.839262008667,1
20.8009052276611,1
23.5254421234131,1
25.5139007568359,1
24.7566146850586,1
22.4970588684082,1
21.9938373565674,1
24.9509258270264,1
29.8890895843506,1
33.9581871032715,1
35.7848854064941,1
36.1904182434082,1
36.1452903747559,1
34.5794486999512,1
29.2906646728516,1
20.5381755828857,1
12.5932130813599,1
10.06960105896,1
12.916823387146,1
16.7956619262695,1
18.5848636627197,1
19.2674922943115,1
20.2708358764648,1
19.5466938018799,1
14.2870016098022,1
6.34061145782471,1
1.10945606231689,1
0.441188246011734,1
0.204275846481323,1
-3.05417156219482,1
-6.18662929534912,1
-3.85490131378174,1
2.80406713485718,1
6.65468454360962,1
4.28033638000488,1
0.739241242408752,1
2.14129590988159,1
7.05213451385498,1
9.3748254776001,1
7.85859489440918,1
7.6907639503479,1
12.2654552459717,1
18.0036182403564,1
19.5363216400146,1
16.7223453521729,1
13.6557168960571,1
12.9708089828491,1
14.3388423919678,1
17.2563228607178,1
21.841194152832,1
26.9527339935303,1
30.3862171173096,1
31.4496326446533,1
31.3808403015137,1
31.1201553344727,1
30.7225570678711,1
30.9632511138916,1
33.0496253967285,1
36.2788276672363,1
38.4306755065918,1
39.1567878723145,1
40.3114204406738,1
41.8475761413574,1
40.4956474304199,1
34.7768058776855,1
28.5977401733398,1
26.5176944732666,1
27.2071361541748,1
25.6258602142334,1
21.1313457489014,1
18.9519195556641,1
22.373218536377,1
27.3609962463379,1
27.7835350036621,1
23.6558856964111,1
20.8435554504395,1
23.3481559753418,1
29.0248470306396,1
33.3910293579102,1
35.1018486022949,1
36.1851425170898,1
38.2856407165527,1
40.4497032165527,1
40.5082855224609,1
37.6186866760254,1
33.1284866333008,1
29.2002182006836,1
26.7823905944824,1
25.1916732788086,1
23.8025970458984,1
23.3302593231201,1
24.3323440551758,1
24.9846076965332,1
22.398588180542,1
16.805492401123,1
12.5070018768311,1
13.1108522415161,1
17.1042556762695,1
20.0125541687012,1
20.0717906951904,1
19.4945068359375,1
20.2836894989014,1
21.2727603912354,1
20.2988624572754,1
17.5764656066895,1
15.3781337738037,1
15.0152235031128,1
15.4002771377563,1
14.6608104705811,1
12.4860763549805,1
10.4591617584229,1
9.9985990524292,1
10.2993640899658,1
9.12386322021484,1
5.930504322052,1
3.10234928131104,1
2.93862247467041,1
4.26272010803223,1
3.75327634811401,1
0.404822021722794,1
-3.35199308395386,1
-5.47414112091064,1
-7.27752304077148,1
-11.198748588562,1
-16.8263053894043,1
-20.9438304901123,1
-21.3077335357666,1
-19.018138885498,1
-16.8677654266357,1
-16.1672115325928,1
-15.6302309036255,1
-13.1546382904053,1
-8.53343772888184,1
-4.24894428253174,1
-3.07807469367981,1
-4.77634334564209,1
-6.03166007995605,1
-4.42452335357666,1
-1.49151110649109,1
-0.437852561473846,1
-1.44125401973724,1
-1.43686652183533,1
1.08931708335876,1
3.55930352210999,1
3.09558629989624,1
0.825306475162506,1
-0.0827986299991608,1
0.596161067485809,1
0.318990737199783,1
-1.24716091156006,1
-0.976203620433807,1
2.6947295665741,1
6.51802682876587,1
6.59216260910034,1
3.80373215675354,1
2.37683081626892,1
4.02068567276001,1
6.33034420013428,1
6.90358018875122,1
6.52013635635376,1
7.45451593399048,1
10.2366256713867,1
13.0426998138428,1
13.7347364425659,1
12.3062610626221,1
11.6401958465576,1
15.159966468811,1
22.8343772888184,1
30.5593128204346,1
35.1620445251465,1
38.9399681091309,1
46.4864807128906,1
57.3101997375488,1
65.154655456543,1
65.918098449707,1
63.0383644104004,1
62.5654830932617,1
65.3377838134766,1
67.3609390258789,1
66.5526733398438,1
65.1600799560547,1
65.2132873535156,1
65.1149978637695,1
62.4105491638184,1
57.7546920776367,1
54.206672668457,1
53.6071014404297,1
55.0659370422363,1
56.4950256347656,1
56.7085914611816,1
56.277515411377,1
56.4999542236328,1
56.9984283447266,1
54.8869361877441,1
47.9748382568359,1
38.5142936706543,1
31.2714691162109,1
27.5253562927246,1
24.1115589141846,1
19.6265296936035,1
17.7053070068359,1
21.0383625030518,1
25.4642696380615,1
24.7893218994141,1
19.7631416320801,1
16.9355716705322,1
18.8758201599121,1
21.0915908813477,1
19.9871349334717,1
18.592887878418,1
21.2416496276855,1
26.3642463684082,1
28.5802536010742,1
26.0253791809082,1
22.0857620239258,1
20.7431049346924,1
22.9813995361328,1
27.3228416442871,1
31.6854705810547,1
34.9496078491211,1
38.2231826782227,1
43.9477195739746,1
52.4342842102051,1
60.4791374206543,1
65.2320251464844,1
68.1367797851562,1
72.4888153076172,1
77.9504776000977,1
80.7127227783203,1
79.3108520507812,1
76.9996795654297,1
76.8831405639648,1
77.2552795410156,1
74.1415023803711,1
67.1026382446289,1
59.9468040466309,1
55.8358764648438,1
53.8551864624023,1
51.1259498596191,1
46.7949028015137,1
42.6840667724609,1
40.5904960632324,1
40.1652069091797,1
39.6349220275879,1
37.8743324279785,1
35.2617988586426,1
32.6555213928223,1
29.9751262664795,1
26.2313899993896,1
21.1949901580811,1
16.6469402313232,1
15.0096492767334,1
16.3236980438232,1
17.4852352142334,1
15.4651861190796,1
10.6835651397705,1
5.88332366943359,1
2.0853259563446,1
-2.35135698318481,1
-8.20270442962646,1
-13.0863790512085,1
-14.3661365509033,1
-13.0542593002319,1
-12.7279949188232,1
-14.9643840789795,1
-17.8810119628906,1
-19.4196643829346,1
-20.0595836639404,1
-21.1367683410645,1
-21.8923282623291,1
-20.1081447601318,1
-15.6019086837769,1
-11.4198617935181,1
-10.5473346710205,1
-12.1965398788452,1
-12.7417049407959,1
-10.4688587188721,1
-8.0341739654541,1
-9.20689582824707,1
-14.031063079834,1
-18.7309722900391,1
-20.2931423187256,1
-19.6249866485596,1
-19.7369709014893,1
-22.0900096893311,1
-25.5670871734619,1
-28.1909103393555,1
-28.9730892181396,1
-28.5151100158691,1
-28.3625755310059,1
-29.4099159240723,1
-30.7713718414307,1
-30.9150085449219,1
-29.9227123260498,1
-29.3646106719971,1
-29.5982322692871,1
-28.830322265625,1
-25.7782230377197,1
-21.6010646820068,1
-17.7730751037598,1
-13.6995096206665,1
-8.58207416534424,1
-4.36461114883423,1
-3.91719508171082,1
-6.50781345367432,1
-7.96604585647583,1
-6.03328561782837,1
-3.09471797943115,1
-2.34481477737427,1
-3.21279644966125,1
-2.4006667137146,1
1.57518076896667,1
6.64045000076294,1
9.78679656982422,1
10.2678003311157,1
9.8946590423584,1
10.5350008010864,1
11.6547536849976,1
10.916937828064,1
7.59868383407593,1
4.36319923400879,1
4.06937122344971,1
5.36164808273315,1
3.73736953735352,1
-2.57224130630493,1
-10.1274127960205,1
-14.8895263671875,1
-17.1900043487549,1
-20.135383605957,1
-24.585973739624,1
-28.2601585388184,1
-29.3456554412842,1
-28.6004085540771,1
-27.5323696136475,1
-26.3587741851807,1
-24.5592098236084,1
-22.2853298187256,1
-20.3609943389893,1
-19.2952537536621,1
-18.6585140228271,1
-17.3376407623291,1
-14.7389039993286,1
-12.0848484039307,1
-11.7083177566528,1
-14.098183631897,1
-16.4890384674072,1
-15.9564552307129,1
-13.3185663223267,1
-11.8087034225464,1
-11.9514665603638,1
-10.5409517288208,1
-5.84027194976807,1
-1.0867395401001,1
-0.267742514610291,1
-1.95764684677124,1
-0.513518333435059,1
6.73612833023071,1
16.3977603912354,1
23.9084148406982,1
28.998441696167,1
34.4438438415527,1
40.9359397888184,1
45.6239585876465,1
45.6940078735352,1
41.5424957275391,1
35.7461242675781,1
30.0964469909668,1
24.7083053588867,1
19.5273208618164,1
15.3395175933838,1
12.591588973999,1
9.82113933563232,1
4.50759077072144,1
-3.94592976570129,1
-12.8050804138184,1
-18.5642604827881,1
-20.6955871582031,1
-21.7788391113281,1
-23.8686618804932,1
-26.116626739502,1
-26.7239437103271,1
-26.0163516998291,1
-26.1501274108887,1
-28.2263374328613,1
-31.0767250061035,1
-32.9275207519531,1
-33.1444435119629,1
-32.156810760498,1
-30.6555404663086,1
-29.2388229370117,1
-28.1242904663086,1
-26.8786373138428,1
-24.982723236084,1
-22.7867641448975,1
-21.2147464752197,1
-20.3907127380371,1
-19.3946094512939,1
-17.6684417724609,1
-15.7869396209717,1
-14.3748350143433,1
-13.1732606887817,1
-11.9712162017822,1
-11.765193939209,1
-13.9018697738647,1
-18.1756381988525,1
-22.6118488311768,1
-25.317512512207,1
-26.0851631164551,1
-26.0211219787598,1
-25.9840469360352,1
-25.8341903686523,1
-25.328125,1
-25.28444480896,1
-26.9941902160645,1
-30.2345237731934,1
-32.8691711425781,1
-33.2852478027344,1
-32.3514595031738,1
-31.6225166320801,1
-30.3842334747314,1
-26.5983333587646,1
-20.7511081695557,1
-16.3338279724121,1
-15.5374059677124,1
-16.4941711425781,1
-16.2557926177979,1
-14.8981952667236,1
-14.8181533813477,1
-16.9627933502197,1
-19.74001121521,1
-21.4510898590088,1
-22.3032073974609,1
-23.8213443756104,1
-26.9365253448486,1
-30.5362892150879,1
-31.8459491729736,1
-29.2766513824463,1
-25.1310806274414,1
-23.6551780700684,1
-25.4414730072021,1
-26.0031394958496,1
-21.9041213989258,1
-16.1608734130859,1
-14.3853521347046,1
-16.9280452728271,1
-18.8988647460938,1
-17.9235954284668,1
-17.4566345214844,1
-20.6899394989014,1
-24.9259090423584,1
-25.2324295043945,1
-21.677038192749,1
-19.3959350585938,1
-21.77028465271,1
-26.3602771759033,1
-28.3256282806396,1
-26.0146751403809,1
-21.9292182922363,1
-18.9056091308594,1
-16.6253566741943,1
-12.4810018539429,1
-5.60974073410034,1
1.02253532409668,1
3.62702584266663,1
2.26087594032288,1
0.894483268260956,1
2.53757619857788,1
6.13896560668945,1
9.40710926055908,1
12.7935056686401,1
18.2870655059814,1
25.0559158325195,1
29.1880645751953,1
28.5400867462158,1
25.7643089294434,1
25.1628856658936,1
27.8504180908203,1
31.5471591949463,1
34.3633804321289,1
36.9978218078613,1
41.027214050293,1
46.3348999023438,1
50.9544410705566,1
53.018627166748,1
52.4354476928711,1
50.7743186950684,1
49.6662254333496,1
49.3625869750977,1
49.0474891662598,1
48.4128913879395,1
47.9883308410645,1
47.3426246643066,1
44.1488914489746,1
36.8000640869141,1
27.6607112884521,1
21.608570098877,1
20.7077045440674,1
22.2201442718506,1
22.9699974060059,1
23.5733051300049,1
26.1214466094971,1
29.2064208984375,1
28.64231300354,1
23.400764465332,1
17.8567390441895,1
16.6987190246582,1
19.5374069213867,1
22.1774940490723,1
21.8697414398193,1
19.4907455444336,1
17.2195816040039,1
15.8560199737549,1
14.5987329483032,1
12.45641040802,1
9.57815456390381,1
7.3534049987793,1
6.81240749359131,1
6.88995313644409,1
5.4040641784668,1
2.31212449073792,1
0.530936002731323,1
2.17455720901489,1
5.20144414901733,1
5.74242258071899,1
3.0756471157074,1
0.0655137002468109,1
-1.21259713172913,1
-1.87591528892517,1
-3.63594102859497,1
-5.96922445297241,1
-7.20710563659668,1
-6.99739933013916,1
-6.28593826293945,1
-5.77865314483643,1
-5.57834577560425,1
-5.52624797821045,1
-4.84079933166504,1
-2.23832321166992,1
2.50583148002625,1
7.90406894683838,1
12.6078042984009,1
16.7119693756104,1
19.9021110534668,1
19.9691905975342,1
15.7551698684692,1
10.6319990158081,1
9.68601226806641,1
13.1595487594604,1
16.0310344696045,1
15.2581014633179,1
14.011100769043,1
16.2284984588623,1
19.8088436126709,1
19.1092262268066,1
13.1026754379272,1
6.94595050811768,1
4.92985582351685,1
5.48659324645996,1
5.011390209198,1
3.91363620758057,1
5.84322452545166,1
11.7624969482422,1
17.7917938232422,1
19.8592720031738,1
18.6161365509033,1
18.0614700317383,1
20.1033592224121,1
22.6381587982178,1
23.5088787078857,1
24.1882629394531,1
27.4348239898682,1
32.3754844665527,1
34.8738288879395,1
33.2616500854492,1
30.9794101715088,1
32.0330238342285,1
36.0870475769043,1
40.2638969421387,1
44.0441474914551,1
49.3710479736328,1
56.4738464355469,1
62.5463409423828,1
64.9906921386719,1
63.7696838378906,1
60.0885162353516,1
54.7847442626953,1
48.6972427368164,1
42.8656883239746,1
37.6178741455078,1
32.8571510314941,1
29.4931297302246,1
28.6582069396973,1
29.1105575561523,1
27.870231628418,1
24.4737949371338,1
22.0235500335693,1
22.3699951171875,1
22.9759426116943,1
21.2041702270508,1
19.2872753143311,1
21.198148727417,1
25.8650131225586,1
27.9039611816406,1
25.2190361022949,1
21.5990562438965,1
20.4866409301758,1
20.0766544342041,1
17.0821685791016,1
12.4785013198853,1
10.3459959030151,1
12.4657344818115,1
16.8380470275879,1
20.8210201263428,1
23.4363384246826,1
24.9775142669678,1
26.2558937072754,1
28.0850830078125,1
30.2828350067139,1
31.7967376708984,1
32.8268737792969,1
35.3678703308105,1
39.884334564209,1
43.1015434265137,1
41.9030456542969,1
38.4203681945801,1
37.8948364257812,1
41.6104164123535,1
45.444164276123,1
46.1902809143066,1
45.9536552429199,1
48.501220703125,1
53.8619270324707,1
58.8215980529785,1
61.1158447265625,1
60.9649047851562,1
59.5677757263184,1
58.2002258300781,1
58.3501129150391,1
60.9941749572754,1
65.6378936767578,1
70.89013671875,1
75.6694488525391,1
79.2933349609375,1
81.2041473388672,1
81.4928207397461,1
80.9805679321289,1
79.9941101074219,1
77.9769668579102,1
75.1899261474609,1
73.4869613647461,1
73.7873458862305,1
73.7641372680664,1
70.2392807006836,1
63.7549934387207,1
58.6869010925293,1
58.2531204223633,1
60.9968185424805,1
63.0659637451172,1
62.8371391296387,1
62.2391624450684,1
64.0314025878906,1
68.6637115478516,1
73.8567810058594,1
76.9596252441406,1
77.5430908203125,1
77.3212356567383,1
77.4033050537109,1
76.6133346557617,1
73.6294708251953,1
69.9466171264648,1
68.5857849121094,1
69.6471405029297,1
69.4897155761719,1
65.6649780273438,1
60.7226142883301,1
58.9086532592773,1
60.2828941345215,1
60.9412803649902,1
58.9329299926758,1
56.8605499267578,1
57.3364601135254,1
58.3786315917969,1
55.744499206543,1
48.7194404602051,1
41.1744995117188,1
37.0119400024414,1
36.4896469116211,1
37.3013343811035,1
37.6897392272949,1
37.9374465942383,1
39.8246154785156,1
44.8756637573242,1
52.1992683410645,1
58.238639831543,1
60.1467170715332,1
59.3801460266113,1
60.0485687255859,1
63.4474296569824,1
66.6186370849609,1
67.2270584106445,1
67.1112670898438,1
68.983024597168,1
72.0270690917969,1
73.7579116821289,1
74.6477813720703,1
77.3967056274414,1
82.1953735351562,1
86.2983169555664,1
88.6432113647461,1
91.5474090576172,1
96.6592254638672,1
102.044128417969,1
105.082992553711,1
106.302597045898,1
108.364135742188,1
112.291023254395,1
116.312301635742,1
118.058250427246,1
116.993217468262,1
114.842544555664,1
113.656959533691,1
112.929122924805,1
109.298698425293,1
100.648742675781,1
89.8908386230469,1
82.2208938598633,1
78.6035537719727,1
75.0481491088867,1
69.2436141967773,1
64.4143371582031,1
64.18896484375,1
66.5406036376953,1
66.449104309082,1
63.1055107116699,1
60.605884552002,1
61.6867752075195,1
64.3950958251953,1
65.9209976196289,1
66.816535949707,1
69.5889511108398,1
74.7234039306641,1
79.8012237548828,1
81.8805541992188,1
79.7802963256836,1
74.7302474975586,1
69.6202621459961,1
66.9835662841797,1
66.9470443725586,1
67.6125106811523,1
67.7717666625977,1
68.1495208740234,1
69.1698532104492,1
68.89404296875,1
65.0791778564453,1
58.764575958252,1
53.6427116394043,1
51.5589256286621,1
50.7068328857422,1
49.1942672729492,1
48.279956817627,1
50.081844329834,1
53.4597473144531,1
54.8623733520508,1
53.049934387207,1
50.3926429748535,1
48.9499588012695,1
47.7361946105957,1
45.2289047241211,1
42.5273742675781,1
41.8723030090332,1
43.0502128601074,1
43.3487167358398,1
40.7821922302246,1
35.7985420227051,1
30.1067295074463,1
25.3244342803955,1
22.4827003479004,1
21.1950492858887,1
19.3197059631348,1
14.9773550033569,1
8.92267799377441,1
3.41978406906128,1
-1.01316750049591,1
-5.66232585906982,1
-10.3165063858032,1
-12.5548124313354,1
-11.450963973999,1
-9.56549453735352,1
-9.40904712677002,1
-9.90745735168457,1
-8.70622158050537,1
-6.40778779983521,1
-5.5670280456543,1
-6.17184972763062,1
-5.26166820526123,1
-1.33613193035126,1
3.64374470710754,1
7.57383871078491,1
11.160005569458,1
16.0956611633301,1
21.9468402862549,1
26.4704093933105,1
28.1625690460205,1
27.3359241485596,1
25.3615894317627,1
23.6345443725586,1
22.4780197143555,1
20.4732990264893,1
15.9771852493286,1
9.91195011138916,1
5.47993230819702,1
4.02849960327148,1
3.04201316833496,1
0.175691992044449,1
-2.33975052833557,1
-0.249784141778946,1
6.32753467559814,1
12.2539758682251,1
13.7499446868896,1
12.631233215332,1
12.7791690826416,1
14.7522706985474,1
16.236177444458,1
16.5461006164551,1
17.895092010498,1
21.9661331176758,1
27.3798160552979,1
31.6919441223145,1
34.6718101501465,1
38.0647735595703,1
42.344539642334,1
45.2726516723633,1
44.610294342041,1
41.534595489502,1
40.0236663818359,1
42.6249809265137,1
47.826530456543,1
52.1585960388184,1
54.0616683959961,1
54.7872276306152,1
55.9766502380371,1
57.4734115600586,1
57.6782875061035,1
55.4140777587891,1
51.2225074768066,1
47.0285186767578,1
44.3754615783691,1
42.8475227355957,1
40.789981842041,1
37.9262008666992,1
36.2359924316406,1
37.1261711120605,1
38.6271018981934,1
37.3522644042969,1
33.1711845397949,1
29.6749591827393,1
29.0307807922363,1
28.4138927459717,1
23.6079177856445,1
15.0576705932617,1
7.72519207000732,1
4.74645519256592,1
3.73068737983704,1
0.721559345722198,1
-4.06443691253662,1
-6.82138395309448,1
-5.77412700653076,1
-3.48504543304443,1
-2.84851765632629,1
-3.1479594707489,1
-1.95699083805084,1
0.499254405498505,1
1.44141173362732,1
-0.170994505286217,1
-1.87369608879089,1
-1.11888802051544,1
1.33906888961792,1
2.97516202926636,1
3.37802386283875,1
4.79004573822021,1
8.76268768310547,1
13.7343235015869,1
16.7280731201172,1
16.8233528137207,1
15.9534187316895,1
16.1118774414062,1
16.7089328765869,1
15.8315601348877,1
13.9462766647339,1
14.5708913803101,1
19.9485549926758,1
27.1338329315186,1
30.439790725708,1
27.7920570373535,1
22.8056144714355,1
20.0548896789551,1
20.0044860839844,1
19.6333713531494,1
16.6977462768555,1
11.92151927948,1
7.53656005859375,1
4.81556558609009,1
3.0248658657074,1
0.506565630435944,1
-2.89012956619263,1
-4.7714524269104,1
-2.80754566192627,1
1.8117538690567,1
5.53165435791016,1
7.34855556488037,1
9.85314083099365,1
14.0604581832886,1
16.327299118042,1
13.376823425293,1
8.06797218322754,1
6.15844440460205,1
8.38827323913574,1
10.0846338272095,1
8.60389709472656,1
6.60883283615112,1
6.60261106491089,1
6.42285823822021,1
2.92139410972595,1
-2.86425805091858,1
-7.47844886779785,1
-10.1693534851074,1
-12.9813003540039,1
-16.5990543365479,1
-19.1931133270264,1
-19.5363903045654,1
-18.9476280212402,1
-19.6139812469482,1
-22.4469795227051,1
-26.8040733337402,1
-31.0889625549316,1
-33.637035369873,1
-34.2764015197754,1
-34.963794708252,1
-37.5706787109375,1
-41.1619110107422,1
-43.0502243041992,1
-42.6103515625,1
-42.0981903076172,1
-42.9866981506348,1
-43.4787521362305,1
-41.2521781921387,1
-37.2579345703125,1
-34.5398292541504,1
-33.6953659057617,1
-31.9210186004639,1
-27.3043689727783,1
-22.1121215820312,1
-20.1552982330322,1
-21.8657398223877,1
-23.9379253387451,1
-23.8172359466553,1
-22.6645030975342,1
-23.0047092437744,1
-24.8176651000977,1
-25.5389156341553,1
-23.6286010742188,1
-20.7517623901367,1
-19.9892120361328,1
-22.5794982910156,1
-26.8885631561279,1
-30.3899974822998,1
-32.444465637207,1
-34.9871864318848,1
-40.0721168518066,1
-46.6884880065918,1
-51.0433731079102,1
-51.0104598999023,1
-49.5431137084961,1
-51.9343605041504,1
-59.593391418457,1
-68.2600173950195,1
-72.9714660644531,1
-72.978515625,1
-70.4634552001953,1
-66.2577438354492,1
-59.547779083252,1
-51.3695411682129,1
-45.279727935791,1
-43.1897201538086,1
-42.5472221374512,1
-39.6285781860352,1
-34.5331993103027,1
-30.6639156341553,1
-29.5443248748779,1
-28.7172393798828,1
-25.8499736785889,1
-22.8969821929932,1
-23.9490585327148,1
-29.5485649108887,1
-35.4551696777344,1
-37.6781044006348,1
-36.9748001098633,1
-37.0091857910156,1
-39.1264839172363,1
-40.8785209655762,1
-39.8364677429199,1
-37.1883125305176,1
-36.4520111083984,1
-39.3200454711914,1
-44.0028839111328,1
-47.7671012878418,1
-50.1086311340332,1
-52.6714210510254,1
-56.4000968933105,1
-59.816291809082,1
-60.7198905944824,1
-59.1800384521484,1
-57.9425582885742,1
-59.5583763122559,1
-63.678783416748,1
-67.7925262451172,1
-70.3473968505859,1
-72.2026824951172,1
-74.5881576538086,1
-76.474609375,1
-75.3266220092773,1
-70.7316970825195,1
-65.9202346801758,1
-64.3261642456055,1
-65.2720031738281,1
-64.9201431274414,1
-61.5876388549805,1
-57.8612670898438,1
-56.3654861450195,1
-55.815731048584,1
-53.734806060791,1
-51.4313201904297,1
-52.7042388916016,1
-57.7313575744629,1
-61.8774681091309,1
-61.7782707214355,1
-59.602481842041,1
-59.3340148925781,1
-61.1670112609863,1
-62.0973930358887,1
-60.7318153381348,1
-58.9916648864746,1
-59.3029251098633,1
-61.6904029846191,1
-63.5732612609863,1
-61.8040390014648,1
-55.700798034668,1
-48.4858741760254,1
-44.2182121276855,1
-42.7613487243652,1
-40.1645088195801,1
-35.2694854736328,1
-32.7429847717285,1
-36.5518455505371,1
-43.0736351013184,1
-45.1331443786621,1
-41.7278289794922,1
-38.8124885559082,1
-40.0567054748535,1
-41.788745880127,1
-39.3578300476074,1
-34.6258506774902,1
-33.4793815612793,1
-37.691276550293,1
-42.8539695739746,1
-44.3182754516602,1
-42.3982276916504,1
-40.63720703125,1
-40.6563148498535,1
-40.6993942260742,1
-39.3052558898926,1
-38.5077972412109,1
-41.4834251403809,1
-47.488597869873,1
-51.7114143371582,1
-51.2260437011719,1
-48.7626037597656,1
-48.4785232543945,1
-50.0016632080078,1
-49.8731384277344,1
-47.7928810119629,1
-47.4283103942871,1
-50.6070213317871,1
-54.4746131896973,1
-55.9427680969238,1
-55.7971649169922,1
-56.1115417480469,1
-55.9798355102539,1
-52.6661186218262,1
-45.8407859802246,1
-38.1990051269531,1
-32.3149108886719,1
-28.6271781921387,1
-25.9818058013916,1
-22.5890369415283,1
-17.1105842590332,1
-10.4650278091431,1
-5.87144660949707,1
-5.19290685653687,1
-5.80956268310547,1
-3.48250532150269,1
1.71602296829224,1
5.01336479187012,1
3.40065121650696,1
0.0283808056265116,1
0.162333682179451,1
4.30227279663086,1
7.91963624954224,1
7.71985721588135,1
5.45889282226562,1
4.38708591461182,1
3.91505336761475,1
0.258214354515076,1
-7.90951108932495,1
-16.9138069152832,1
-22.4069576263428,1
-24.6320209503174,1
-27.387996673584,1
-32.4120635986328,1
-37.2144737243652,1
-39.0522804260254,1
-38.8615570068359,1
-39.5994186401367,1
-41.9455871582031,1
-43.6741256713867,1
-43.0311126708984,1
-40.922924041748,1
-39.2331695556641,1
-38.1532211303711,1
-36.1013450622559,1
-32.0416412353516,1
-27.280689239502,1
-24.5302791595459,1
-24.9349708557129,1
-26.4067974090576,1
-25.7915859222412,1
-22.5865249633789,1
-19.0629596710205,1
-16.3045406341553,1
-12.2393827438354,1
-5.37020206451416,1
1.29018259048462,1
3.01782727241516,1
-0.230506777763367,1
-3.25485420227051,1
-2.12066793441772,1
1.46666884422302,1
3.67795419692993,1
4.06659746170044,1
5.19526386260986,1
7.97450923919678,1
9.97600936889648,1
8.67015075683594,1
4.82337188720703,1
2.07027173042297,1
3.57152605056763,1
9.12329292297363,1
15.3150882720947,1
18.8343353271484,1
19.7038326263428,1
20.4922161102295,1
22.1957492828369,1
22.4436168670654,1
18.9292106628418,1
13.302116394043,1
9.71001243591309,1
9.96146011352539,1
12.157940864563,1
14.1845855712891,1
16.3282203674316,1
19.3417644500732,1
21.6747169494629,1
20.6968727111816,1
16.3035316467285,1
11.4494695663452,1
8.5486364364624,1
6.6207218170166,1
3.03422808647156,1
-2.6415376663208,1
-7.9130334854126,1
-10.5998191833496,1
-11.585750579834,1
-13.5590772628784,1
-17.6308975219727,1
-22.1697158813477,1
-24.9612770080566,1
-25.7240715026855,1
-25.9974632263184,1
-26.7394142150879,1
-26.6640110015869,1
-23.6976318359375,1
-18.2154159545898,1
-13.7115516662598,1
-12.9834899902344,1
-14.3089208602905,1
-13.4407262802124,1
-9.44340991973877,1
-5.89383888244629,1
-5.10417747497559,1
-4.08158445358276,1
0.856947600841522,1
7.4342942237854,1
9.46821403503418,1
5.27355146408081,1
-0.177342876791954,1
-2.58521413803101,1
-3.83499050140381,1
-7.57585191726685,1
-12.4097661972046,1
-13.5372858047485,1
-10.1048889160156,1
-6.8347544670105,1
-7.65208864212036,1
-10.8603086471558,1
-12.2695732116699,1
-10.8732671737671,1
-9.16734981536865,1
-8.96248531341553,1
-9.34691333770752,1
-8.97939872741699,1
-8.51376438140869,1
-9.74655723571777,1
-13.2021503448486,1
-17.4883060455322,1
-20.8691234588623,1
-23.0149173736572,1
-25.2428150177002,1
-29.0985012054443,1
-34.4637832641602,1
-39.1990585327148,1
-41.3103790283203,1
-41.509220123291,1
-42.6372756958008,1
-46.0580406188965,1
-49.6865577697754,1
-50.6912727355957,1
-49.3735389709473,1
-48.7502365112305,1
-50.367919921875,1
-52.2636528015137,1
-51.8427963256836,1
-49.4972915649414,1
-48.0373649597168,1
-49.0001411437988,1
-50.8928451538086,1
-51.4160346984863,1
-50.4215202331543,1
-49.739818572998,1
-50.3938255310059,1
-51.212459564209,1
-50.8526878356934,1
-50.2525444030762,1
-51.5790481567383,1
-54.808666229248,1
-57.0799293518066,1
-56.2608871459961,1
-53.6537017822266,1
-51.6540794372559,1
-49.7971229553223,1
-45.2345428466797,1
-36.9711990356445,1
-27.5918579101562,1
-20.2679004669189,1
-15.6608505249023,1
-12.5115337371826,1
-9.84953212738037,1
-7.49137353897095,1
-5.23731231689453,1
-2.70592975616455,1
0.302587062120438,1
3.77304363250732,1
7.42277956008911,1
10.5908336639404,1
12.95130443573,1
15.2851524353027,1
18.2262229919434,1
20.14870262146,1
18.3169956207275,1
13.0161952972412,1
8.33254146575928,1
7.01123809814453,1
6.41992616653442,1
2.17256641387939,1
-5.55661773681641,1
-12.4823532104492,1
-16.4807758331299,1
-19.9042224884033,1
-24.8923282623291,1
-29.6049404144287,1
-31.1261100769043,1
-30.1350040435791,1
-30.4317169189453,1
-34.5429344177246,1
-41.3432922363281,1
-47.6311798095703,1
-50.962474822998,1
-51.1521911621094,1
-49.6771011352539,1
-47.6318283081055,1
-44.605052947998,1
-40.3924903869629,1
-37.172420501709,1
-37.8516426086426,1
-41.8806419372559,1
-45.021656036377,1
-44.4209175109863,1
-41.7452049255371,1
-39.6268310546875,1
-37.2274208068848,1
-32.0985870361328,1
-25.1021614074707,1
-20.1280956268311,1
-18.9044208526611,1
-19.0061054229736,1
-17.8034133911133,1
-15.9981708526611,1
-15.8691911697388,1
-17.6306629180908,1
-19.1869659423828,1
-18.9275302886963,1
-17.6514129638672,1
-17.8458003997803,1
-21.4541358947754,1
-28.0084381103516,1
-34.7967529296875,1
-39.405632019043,1
-42.1305770874023,1
-45.0596580505371,1
-48.7512130737305,1
-51.2230758666992,1
-51.0607452392578,1
-50.2642288208008,1
-52.286319732666,1
-57.4421424865723,1
-61.9837875366211,1
-62.5361938476562,1
-60.354663848877,1
-59.7777519226074,1
-62.6816787719727,1
-66.1291427612305,1
-66.4364547729492,1
-64.2961959838867,1
-63.8974533081055,1
-67.122428894043,1
-70.8879013061523,1
-71.2537841796875,1
-68.1514282226562,1
-64.0527267456055,1
-59.4381065368652,1
-52.6165046691895,1
-43.9408760070801,1
-36.9921646118164,1
-34.1140975952148,1
-33.0334396362305,1
-30.0201282501221,1
-25.1030082702637,1
-21.842586517334,1
-22.2889862060547,1
-24.2994365692139,1
-24.4251003265381,1
-22.1447219848633,1
-20.3787899017334,1
-22.1876106262207,1
-27.4225540161133,1
-32.7983779907227,1
-35.4731254577637,1
-36.2362594604492,1
-38.1028594970703,1
-41.697925567627,1
-43.9431495666504,1
-42.6115036010742,1
-40.3455619812012,1
-41.6284446716309,1
-46.6783790588379,1
-51.3933219909668,1
-53.3644409179688,1
-54.5759124755859,1
-56.9163017272949,1
-58.2421989440918,1
-55.6182174682617,1
-50.5324974060059,1
-47.6520080566406,1
-48.8724098205566,1
-51.394416809082,1
-51.9605903625488,1
-50.5835342407227,1
-49.1530075073242,1
-48.1882400512695,1
-46.442756652832,1
-42.9405555725098,1
-38.2235298156738,1
-33.7757911682129,1
-30.8302268981934,1
-29.527135848999,1
-28.7727890014648,1
-27.0394630432129,1
-23.6012096405029,1
-18.9534149169922,1
-14.0907926559448,1
-9.83303928375244,1
-7.02990293502808,1
-6.80131530761719,1
-9.78079223632812,1
-15.0450096130371,1
-20.3763179779053,1
-24.062801361084,1
-26.3456401824951,1
-28.7404670715332,1
-32.0158805847168,1
-35.4788703918457,1
-38.5760192871094,1
-42.4344902038574,1
-48.7045440673828,1
-56.9265098571777,1
-64.2321243286133,1
-68.2040710449219,1
-69.1283874511719,1
-68.6365432739258,1
-67.0224761962891,1
-63.4571151733398,1
-58.8264350891113,1
-56.5595817565918,1
-59.2062454223633,1
-64.6762008666992,1
-67.4472122192383,1
-64.2074584960938,1
-57.4338264465332,1
-52.2907104492188,1
-50.4493865966797,1
-48.7176628112793,1
-44.318790435791,1
-39.4523811340332,1
-38.2966575622559,1
-40.309684753418,1
-39.7424621582031,1
-32.9569396972656,1
-23.5443477630615,1
-17.6836242675781,1
-16.0903930664062,1
-14.052791595459,1
-9.35071468353271,1
-6.29689359664917,1
-9.863525390625,1
-18.3804969787598,1
-25.2186164855957,1
-26.8474636077881,1
-26.0964088439941,1
-27.0412616729736,1
-29.4701519012451,1
-30.0999069213867,1
-27.6546020507812,1
-24.5864238739014,1
-23.9154090881348,1
-25.8146324157715,1
-27.8258571624756,1
-27.9320087432861,1
-26.8891277313232,1
-27.1242389678955,1
-29.2436981201172,1
-30.6261234283447,1
-28.7931842803955,1
-25.5718040466309,1
-25.6165943145752,1
-30.3147048950195,1
-35.6313171386719,1
-37.449836730957,1
-36.6522789001465,1
-36.4275665283203,1
-36.5633239746094,1
-34.2491035461426,1
-30.1222763061523,1
-29.3579540252686,1
-35.2421875,1
-44.6616172790527,1
-52.2397880554199,1
-57.0581474304199,1
-62.6893920898438,1
-71.3122253417969,1
-80.3466339111328,1
-85.614501953125,1
-86.4405136108398,1
-86.4233932495117,1
-89.1956558227539,1
-94.2210693359375,1
-97.6724624633789,1
-97.4726867675781,1
-96.0334091186523,1
-96.7252578735352,1
-98.7698822021484,1
-98.1121597290039,1
-93.4886703491211,1
-88.8459014892578,1
-88.1011199951172,1
-89.5708999633789,1
-88.2513656616211,1
-82.8400192260742,1
-77.5272674560547,1
-76.1577606201172,1
-77.1770629882812,1
-76.3668060302734,1
-73.1804962158203,1
-71.5636215209961,1
-74.1399688720703,1
-78.046875,1
-78.328987121582,1
-74.1664276123047,1
-69.3791198730469,1
-66.8643112182617,1
-64.9728317260742,1
-60.5879898071289,1
-54.0776634216309,1
-49.1601791381836,1
-48.2312812805176,1
-49.5901222229004,1
-49.8303413391113,1
-47.9464225769043,1
-46.1296653747559,1
-46.5574607849121,1
-48.1103820800781,1
-47.112174987793,1
-41.6385040283203,1
-34.3075256347656,1
-29.7095794677734,1
-29.3381958007812,1
-30.4289989471436,1
-29.9405860900879,1
-28.0176105499268,1
-26.6715526580811,1
-26.582612991333,1
-26.8528270721436,1
-27.2276706695557,1
-28.8370609283447,1
-32.5328788757324,1
-37.4938278198242,1
-41.8041610717773,1
-44.0374755859375,1
-44.262378692627,1
-43.6406555175781,1
-42.854305267334,1
-41.1852836608887,1
-38.0052337646484,1
-34.9133911132812,1
-34.5759429931641,1
-36.7681083679199,1
-37.5713958740234,1
-34.1496429443359,1
-28.6896419525146,1
-25.2341461181641,1
-23.6280651092529,1
-19.6153964996338,1
-11.1211967468262,1
-1.58560824394226,1
4.21159696578979,1
5.67741441726685,1
6.22576713562012,1
8.90899467468262,1
13.9355964660645,1
19.8934345245361,1
25.6508846282959,1
30.5793991088867,1
33.783935546875,1
34.0010528564453,1
30.6884326934814,1
25.1815357208252,1
20.0677642822266,1
16.7192840576172,1
13.9405117034912,1
10.065037727356,1
5.86605978012085,1
3.65371870994568,1
3.41995000839233,1
2.06523299217224,1
-2.42870426177979,1
-7.91675901412964,1
-10.9951496124268,1
-11.6995096206665,1
-13.0033683776855,1
-16.1263313293457,1
-18.8152866363525,1
-18.7752952575684,1
-16.7864551544189,1
-15.3536138534546,1
-15.5976247787476,1
-16.5739917755127,1
-16.7116775512695,1
-14.8454570770264,1
-10.5225496292114,1
-4.40651702880859,1
1.90570831298828,1
7.19619464874268,1
11.3718500137329,1
14.4104204177856,1
15.5540657043457,1
14.781231880188,1
14.2805166244507,1
16.5532760620117,1
21.0443363189697,1
24.5648765563965,1
25.5963745117188,1
26.225887298584,1
28.5663547515869,1
31.0438594818115,1
30.4522323608398,1
26.8271217346191,1
23.6588230133057,1
23.017671585083,1
22.9189701080322,1
20.7359828948975,1
17.3191699981689,1
15.7201223373413,1
16.6808185577393,1
17.5489292144775,1
15.9379539489746,1
12.9170293807983,1
11.7686395645142,1
14.3199968338013,1
19.1998977661133,1
23.4440517425537,1
25.3313694000244,1
25.5686206817627,1
25.7826881408691,1
26.1032199859619,1
24.8855991363525,1
21.2314586639404,1
17.0644283294678,1
15.5483713150024,1
17.448091506958,1
20.1119976043701,1
20.3550853729248,1
17.4009265899658,1
12.5633659362793,1
7.18740797042847,1
1.99554979801178,1
-2.28332042694092,1
-5.19571924209595,1
-7.57705736160278,1
-10.9854412078857,1
-15.5243158340454,1
-19.1209831237793,1
-19.8290138244629,1
-18.4100894927979,1
-17.7297668457031,1
-19.6159248352051,1
-23.1056671142578,1
-26.1177234649658,1
-28.2278079986572,1
-30.9868030548096,1
-35.4580307006836,1
-40.2783660888672,1
-43.0531845092773,1
-43.5977897644043,1
-44.7066535949707,1
-48.9469337463379,1
-55.3910636901855,1
-60.7307357788086,1
-63.3660011291504,1
-64.8669662475586,1
-67.083740234375,1
-69.5512924194336,1
-70.9455413818359,1
-71.7027587890625,1
-73.2461242675781,1
-75.1529159545898,1
-75.1757583618164,1
-72.37890625,1
-68.5477066040039,1
-65.7739868164062,1
-63.9648933410645,1
-61.7272033691406,1
-58.9150695800781,1
-57.349723815918,1
-59.2869911193848,1
-65.531852722168,1
-74.5342025756836,1
-83.0309906005859,1
-88.2704162597656,1
-90.0773162841797,1
-90.2614364624023,1
-89.9727249145508,1
-88.7547225952148,1
-86.5841369628906,1
-85.2899551391602,1
-86.5786743164062,1
-89.5880889892578,1
-92.0293502807617,1
-93.3164367675781,1
-94.812858581543,1
-96.9129638671875,1
-97.7444686889648,1
-95.7490386962891,1
-92.3683776855469,1
-90.7819900512695,1
-92.1795196533203,1
-94.2570114135742,1
-93.6364593505859,1
-89.3284225463867,1
-83.5680694580078,1
-79.3543548583984,1
-77.3327407836914,1
-75.3210144042969,1
-71.0716323852539,1
-65.1296539306641,1
-60.1715393066406,1
-57.4017715454102,1
-54.6675682067871,1
-49.1158332824707,1
-41.1351737976074,1
-34.2033615112305,1
-30.6186943054199,1
-28.8614349365234,1
-26.1623020172119,1
-22.4492816925049,1
-19.8723697662354,1
-18.7731399536133,1
-16.5404872894287,1
-11.5351095199585,1
-6.14253330230713,1
-3.69599199295044,1
-3.37181162834167,1
-1.0617595911026,1
4.3227162361145,1
8.4143533706665,1
7.14086771011353,1
2.74653100967407,1
1.14418280124664,1
4.11269235610962,1
7.40932512283325,1
7.15813302993774,1
5.03628921508789,1
5.25694417953491,1
8.53714084625244,1
11.6904563903809,1
12.3625555038452,1
11.5225400924683,1
10.9692268371582,1
10.5562257766724,1
9.11371231079102,1
6.97173595428467,1
6.06002044677734,1
7.38214445114136,1
9.20843124389648,1
8.56228828430176,1
4.79992437362671,1
1.12639153003693,1
1.39975070953369,1
5.30733585357666,1
8.23705768585205,1
6.87638235092163,1
3.36797785758972,1
1.99918532371521,1
2.90423440933228,1
1.97097730636597,1
-2.82457637786865,1
-8.03640365600586,1
-9.26565933227539,1
-6.84294605255127,1
-4.69764041900635,1
-4.73664474487305,1
-4.9085955619812,1
-2.89427781105042,1
0.339471071958542,1
1.52444565296173,1
-1.3577082157135,1
-7.14555740356445,1
-12.5654239654541,1
-14.7578544616699,1
-12.995361328125,1
-8.28014278411865,1
-1.63052809238434,1
6.6834602355957,1
16.2443904876709,1
25.9041404724121,1
34.8316535949707,1
43.3825569152832,1
52.0445137023926,1
60.2322807312012,1
67.2503356933594,1
73.8158264160156,1
81.1171493530273,1
88.5189437866211,1
93.6899490356445,1
95.2630004882812,1
94.2463989257812,1
92.5857467651367,1
91.3222808837891,1
90.3557357788086,1
89.1540145874023,1
87.5559387207031,1
86.3787155151367,1
86.6655960083008,1
87.5065841674805,1
85.8401031494141,1
80.2962341308594,1
74.1390838623047,1
71.6159896850586,1
72.0110473632812,1
70.9062652587891,1
67.4899215698242,1
66.1903076171875,1
69.3007583618164,1
72.2917556762695,1
69.8462142944336,1
63.4216728210449,1
58.7456741333008,1
57.8004722595215,1
57.5879974365234,1
55.8844528198242,1
54.0014533996582,1
53.7476692199707,1
55.1285285949707,1
57.4575958251953,1
59.902156829834,1
60.7662200927734,1
59.0658645629883,1
56.9399833679199,1
57.5125389099121,1
60.1332321166992,1
61.0061721801758,1
59.0793762207031,1
57.6157264709473,1
58.5281219482422,1
58.9035530090332,1
55.7486801147461,1
51.1923942565918,1
49.5184097290039,1
50.7707939147949,1
50.9635925292969,1
48.1361885070801,1
44.7360992431641,1
43.1986808776855,1
41.8251533508301,1
36.9206123352051,1
27.9425029754639,1
18.6045055389404,1
12.484525680542,1
8.73037147521973,1
3.44009160995483,1
-4.83216524124146,1
-12.7108526229858,1
-16.3109531402588,1
-16.447172164917,1
-17.1776924133301,1
-19.5886936187744,1
-19.9223575592041,1
-14.8039875030518,1
-5.84283018112183,1
2.71634149551392,1
9.08428382873535,1
14.4480419158936,1
19.5089664459229,1
23.0448169708252,1
24.0300235748291,1
23.3644866943359,1
22.9763736724854,1
24.238899230957,1
27.5045261383057,1
32.3163642883301,1
37.8148307800293,1
43.408561706543,1
48.8904685974121,1
53.4713859558105,1
55.4721183776855,1
54.1435775756836,1
51.2699928283691,1
49.403621673584,1
48.5945472717285,1
46.5375938415527,1
42.224006652832,1
37.6159744262695,1
34.7623519897461,1
32.7626724243164,1
29.0181980133057,1
22.6482410430908,1
15.2909955978394,1
8.95311164855957,1
4.27558088302612,1
0.758274376392365,1
-2.29438233375549,1
-5.08939170837402,1
-7.08455991744995,1
-7.72364091873169,1
-7.89301109313965,1
-9.86693382263184,1
-14.7961225509644,1
-20.8511714935303,1
-25.10032081604,1
-26.7932529449463,1
-27.3489265441895,1
-27.4385623931885,1
-26.0837955474854,1
-23.1088333129883,1
-20.5300025939941,1
-20.1924839019775,1
-21.295726776123,1
-21.8372325897217,1
-21.7611827850342,1
-22.8110885620117,1
-25.1819114685059,1
-26.1172008514404,1
-22.962553024292,1
-16.7893924713135,1
-11.686637878418,1
-10.4889621734619,1
-12.2601823806763,1
-14.2903680801392,1
-15.4164657592773,1
-16.2661190032959,1
-16.8689193725586,1
-15.7732362747192,1
-12.1489105224609,1
-7.67608499526978,1
-5.30561399459839,1
-6.36806774139404,1
-9.46528053283691,1
-12.0749082565308,1
-12.9116401672363,1
-12.7687349319458,1
-13.0536508560181,1
-13.4598331451416,1
-11.803671836853,1
-7.07322978973389,1
-1.88696253299713,1
-0.0187033228576183,1
-1.51993298530579,1
-2.687091588974,1
-1.62851989269257,1
-1.12863254547119,1
-4.00492715835571,1
-8.04561805725098,1
-8.7618989944458,1
-5.86767673492432,1
-3.32809233665466,1
-3.05064630508423,1
-2.2166895866394,1
1.94785726070404,1
7.77891492843628,1
11.546088218689,1
12.2636775970459,1
12.0305089950562,1
12.6190605163574,1
13.5026082992554,1
12.8319892883301,1
9.2889986038208,1
3.49267983436584,1
-1.77205300331116,1
-3.67542672157288,1
-2.45073056221008,1
-1.26055061817169,1
-2.22422122955322,1
-4.25446557998657,1
-6.1127758026123,1
-9.40094375610352,1
-15.758716583252,1
-22.5096340179443,1
-24.8386821746826,1
-22.4408168792725,1
-20.4527797698975,1
-22.5660400390625,1
-26.3194313049316,1
-27.3019123077393,1
-25.5694885253906,1
-25.0423431396484,1
-27.8210506439209,1
-32.0143699645996,1
-34.986644744873,1
-36.3112030029297,1
-37.0288276672363,1
-37.7011871337891,1
-37.9854011535645,1
-37.424919128418,1
-36.4535713195801,1
-36.8820190429688,1
-40.5800399780273,1
-46.8037643432617,1
-51.9536590576172,1
-53.5176010131836,1
-53.1499671936035,1
-53.7395820617676,1
-54.5958061218262,1
-52.8425140380859,1
-49.3189506530762,1
-48.8852424621582,1
-53.2814712524414,1
-57.4335441589355,1
-55.8126068115234,1
-49.7653732299805,1
-44.844783782959,1
-42.5545501708984,1
-39.165714263916,1
-32.7381210327148,1
-27.0216655731201,1
-26.4808235168457,1
-30.1899814605713,1
-33.128849029541,1
-32.2637939453125,1
-29.1434459686279,1
-26.7616024017334,1
-25.5950088500977,1
-23.3395881652832,1
-17.9431343078613,1
-10.359016418457,1
-4.06793022155762,1
-1.78443610668182,1
-3.04655790328979,1
-5.62532186508179,1
-8.83642578125,1
-14.1332664489746,1
-22.1873340606689,1
-30.8636932373047,1
-37.3013076782227,1
-41.3167839050293,1
-45.3398284912109,1
-50.8763389587402,1
-56.208869934082,1
-58.3473854064941,1
-56.6489486694336,1
-53.3679046630859,1
-50.4778709411621,1
-47.293140411377,1
-42.5845909118652,1
-38.3041229248047,1
-38.7172813415527,1
-44.7714004516602,1
-51.3636474609375,1
-52.4804916381836,1
-48.0996398925781,1
-43.3758010864258,1
-41.1895790100098,1
-38.7023963928223,1
-32.6739044189453,1
-25.4395713806152,1
-22.6065349578857,1
-25.6396942138672,1
-29.7107887268066,1
-29.6575088500977,1
-25.9838790893555,1
-23.343412399292,1
-24.1678409576416,1
-26.0816516876221,1
-26.1806125640869,1
-25.879940032959,1
-29.2775096893311,1
-37.0775184631348,1
-44.752555847168,1
-47.9200325012207,1
-47.4058685302734,1
-46.7597885131836,1
-46.2414245605469,1
-42.556583404541,1
-34.6410865783691,1
-26.4986896514893,1
-22.7575855255127,1
-23.4141674041748,1
-24.6992092132568,1
-23.9168453216553,1
-21.799861907959,1
-20.7070331573486,1
-21.8161201477051,1
-24.0265369415283,1
-25.1509227752686,1
-24.4029979705811,1
-23.4213027954102,1
-23.8436470031738,1
-24.4111614227295,1
-22.5528450012207,1
-18.8265190124512,1
-16.8952445983887,1
-18.0305938720703,1
-18.7392883300781,1
-16.1092758178711,1
-12.7547187805176,1
-13.0917673110962,1
-16.6005458831787,1
-18.8668918609619,1
-18.5088577270508,1
-18.5395431518555,1
-20.2242832183838,1
-20.0278301239014,1
-15.032488822937,1
-8.2735767364502,1
-5.58024978637695,1
-8.66363525390625,1
-14.0833806991577,1
-18.1773681640625,1
-20.3330631256104,1
-21.5318946838379,1
-22.2093868255615,1
-22.4274082183838,1
-22.5648441314697,1
-22.767951965332,1
-22.5046882629395,1
-21.3793849945068,1
-19.7734527587891,1
-18.0852603912354,1
-15.9479646682739,1
-12.9629783630371,1
-9.77985286712646,1
-7.5031533241272,1
-6.14221525192261,1
-4.72765684127808,1
-3.26001024246216,1
-3.31253552436829,1
-5.60942840576172,1
-7.86449098587036,1
-6.81721448898315,1
-2.37477779388428,1
2.34290814399719,1
5.86715459823608,1
10.9373331069946,1
19.9505653381348,1
29.5705661773682,1
33.5738525390625,1
31.2652969360352,1
29.3584098815918,1
33.690975189209,1
42.0464019775391,1
47.9825706481934,1
49.5533218383789,1
50.4089241027832,1
53.0428276062012,1
55.1434364318848,1
53.6739501953125,1
49.2991981506348,1
44.8183860778809,1
41.2629470825195,1
37.5435676574707,1
32.7884674072266,1
27.3512954711914,1
22.0586204528809,1
17.425895690918,1
13.0753984451294,1
7.64160490036011,1
0.357843935489655,1
-7.20975160598755,1
-12.847559928894,1
-17.2593040466309,1
-23.0908260345459,1
-29.3399562835693,1
-30.3562774658203,1
-23.3762683868408,1
-14.172477722168,1
-10.8460454940796,1
-13.2799701690674,1
-13.4176406860352,1
-6.180832862854,1
4.35938549041748,1
11.2167110443115,1
13.113151550293,1
14.0408573150635,1
16.3623085021973,1
17.6580142974854,1
14.4906301498413,1
7.23820638656616,1
0.114884078502655,1
-3.26271462440491,1
-3.55593681335449,1
-4.29766798019409,1
-7.07336091995239,1
-9.65100002288818,1
-9.77145290374756,1
-9.10011863708496,1
-11.272780418396,1
-16.8194713592529,1
-22.5204372406006,1
-25.8373165130615,1
-27.5963478088379,1
-29.5745220184326,1
-31.4916553497314,1
-31.8075981140137,1
-30.4631004333496,1
-29.5505218505859,1
-31.353572845459,1
-35.994083404541,1
-40.8109931945801,1
-42.3572196960449,1
-39.599437713623,1
-34.7520713806152,1
-30.3500385284424,1
-26.4727535247803,1
-22.182336807251,1
-18.6253833770752,1
-18.2569065093994,1
-20.911865234375,1
-23.0149345397949,1
-21.6544666290283,1
-17.7850570678711,1
-14.2658014297485,1
-11.9931211471558,1
-9.4719123840332,1
-5.86352348327637,1
-3.13317012786865,1
-4.3586573600769,1
-9.84298229217529,1
-15.6521034240723,1
-17.2646770477295,1
-14.7499113082886,1
-12.5639524459839,1
-13.3430805206299,1
-14.1240243911743,1
-10.9796199798584,1
-5.57543897628784,1
-3.4869544506073,1
-6.33778190612793,1
-9.52106666564941,1
-8.8872127532959,1
-6.26174592971802,1
-5.96026611328125,1
-8.22666645050049,1
-9.28436183929443,1
-7.13658952713013,1
-4.45655012130737,1
-5.12399196624756,1
-9.60210609436035,1
-14.7428302764893,1
-17.5173511505127,1
-18.0357208251953,1
-18.606575012207,1
-20.1993236541748,1
-20.8857536315918,1
-18.6783390045166,1
-15.2052326202393,1
-14.6984424591064,1
-18.8257884979248,1
-24.1861457824707,1
-26.1929149627686,1
-24.3185482025146,1
-21.8711338043213,1
-21.2265110015869,1
-21.3651313781738,1
-20.4667491912842,1
-18.9125518798828,1
-18.1731243133545,1
-17.7851696014404,1
-15.5134983062744,1
-10.6960878372192,1
-5.60056209564209,1
-2.37254619598389,1
0.10880146920681,1
4.60595321655273,1
11.0638084411621,1
15.5390329360962,1
14.2665948867798,1
7.83798837661743,1
0.602145314216614,1
-3.5996561050415,1
-4.55853605270386,1
-4.92119836807251,1
-6.92008352279663,1
-10.1725616455078,1
-12.8326873779297,1
-14.5324907302856,1
-17.0184669494629,1
-21.2866764068604,1
-25.3895568847656,1
-26.5878868103027,1
-24.8041954040527,1
-21.9993000030518,1
-18.7123470306396,1
-13.7885990142822,1
-7.69878101348877,1
-3.25912928581238,1
-1.8367748260498,1
-1.21879076957703,1
1.08459985256195,1
4.43630123138428,1
6.98139953613281,1
9.23765850067139,1
13.1557636260986,1
18.3404197692871,1
21.735164642334,1
21.2480182647705,1
18.0169544219971,1
14.8811616897583,1
13.7156467437744,1
14.1021795272827,1
13.6344299316406,1
10.0678014755249,1
4.32159614562988,1
0.449756532907486,1
0.84963071346283,1
2.34877514839172,1
-0.2695432305336,1
-6.8235125541687,1
-10.8799171447754,1
-7.64607715606689,1
-0.0639502257108688,1
5.33225631713867,1
6.79521083831787,1
8.28232860565186,1
12.3042602539062,1
15.4816808700562,1
13.1840000152588,1
6.54095792770386,1
1.99301993846893,1
3.95943355560303,1
10.1976556777954,1
15.2827644348145,1
17.0025100708008,1
17.6618328094482,1
19.8214530944824,1
22.8433971405029,1
24.3395519256592,1
23.7429962158203,1
23.1704235076904,1
24.9795932769775,1
29.414680480957,1
34.8756790161133,1
39.8485069274902,1
43.9069519042969,1
46.8324317932129,1
47.5191650390625,1
44.7269248962402,1
39.0967330932617,1
33.4153442382812,1
29.8930339813232,1
27.6733589172363,1
24.3333625793457,1
19.7108955383301,1
16.448844909668,1
15.9660930633545,1
15.6955661773682,1
12.3065004348755,1
6.81585741043091,1
3.96133470535278,1
6.07321071624756,1
9.87552070617676,1
10.813946723938,1
8.870680809021,1
7.85242128372192,1
9.58536338806152,1
11.4538097381592,1
10.4858026504517,1
7.88679599761963,1
7.79692840576172,1
12.3392868041992,1
19.5561695098877,1
26.1748733520508,1
30.9158668518066,1
34.4651412963867,1
37.2413711547852,1
38.3872871398926,1
36.9695205688477,1
33.433177947998,1
29.4662628173828,1
26.6055469512939,1
25.2711524963379,1
25.1812801361084,1
26.3203086853027,1
28.9103832244873,1
32.2497634887695,1
34.2553100585938,1
33.1476974487305,1
29.7401485443115,1
27.1385974884033,1
27.4327068328857,1
29.1814308166504,1
29.1455307006836,1
26.3688888549805,1
23.3218364715576,1
22.490119934082,1
22.9547462463379,1
21.643424987793,1
17.6121253967285,1
13.567850112915,1
12.5638465881348,1
14.2278909683228,1
15.3675336837769,1
13.9892492294312,1
11.5369024276733,1
10.7488489151001,1
12.1786375045776,1
13.8344440460205,1
14.05517578125,1
13.5017442703247,1
13.6200723648071,1
14.0726165771484,1
13.1290550231934,1
10.4814653396606,1
8.04833793640137,1
7.27402925491333,1
6.99475622177124,1
5.29327392578125,1
2.55496311187744,1
0.946477293968201,1
1.10334026813507,1
1.14767003059387,1
-0.544884979724884,1
-3.10173988342285,1
-4.60666036605835,1
-4.8337926864624,1
-5.39938545227051,1
-7.44621706008911,1
-10.040207862854,1
-11.1699504852295,1
-10.2009935379028,1
-9.01585483551025,1
-10.0779552459717,1
-13.1488037109375,1
-15.0512685775757,1
-13.8498888015747,1
-12.232666015625,1
-14.5521326065063,1
-20.6866359710693,1
-25.4767456054688,1
-25.1111907958984,1
-21.4993190765381,1
-18.5544567108154,1
-16.5464859008789,1
-13.2155456542969,1
-9.25703907012939,1
-8.81358432769775,1
-13.6641664505005,1
-19.8883895874023,1
-22.2372779846191,1
-20.1658058166504,1
-17.4681739807129,1
-16.7611217498779,1
-16.6328220367432,1
-14.7104339599609,1
-11.7817249298096,1
-11.294319152832,1
-15.0142221450806,1
-20.516788482666,1
-23.6836566925049,1
-23.0191383361816,1
-20.451639175415,1
-18.0450973510742,1
-15.4020557403564,1
-11.2323570251465,1
-6.48082780838013,1
-4.22352409362793,1
-6.25919628143311,1
-10.9937591552734,1
-15.3336362838745,1
-17.9637451171875,1
-19.9673271179199,1
-22.4771099090576,1
-24.6362552642822,1
-24.5155715942383,1
-21.9556369781494,1
-19.6470432281494,1
-20.3380126953125,1
-23.0082149505615,1
