-28.7314910888672,0
-27.2284984588623,0
-25.2071208953857,0
-22.9518241882324,0
-18.8329849243164,0
-11.5692548751831,0
-1.93507289886475,0
8.29082202911377,0
18.2739429473877,0
28.4438076019287,0
39.1923866271973,0
49.8380584716797,0
59.1205024719238,0
66.4327239990234,0
72.0115966796875,0
75.9467086791992,0
77.9187240600586,0
78.4024124145508,0
79.1436462402344,0
81.4294204711914,0
84.5602874755859,0
87.0795135498047,0
88.7247085571289,0
89.8271408081055,0
89.7031936645508,0
87.6630783081055,0
85.1234283447266,0
84.3122100830078,0
84.7767639160156,0
83.6459503173828,0
79.9250946044922,0
76.035774230957,0
73.997444152832,0
72.4534912109375,0
69.147705078125,0
64.3704147338867,0
59.8990592956543,0
55.981876373291,0
51.6188049316406,0
47.0023765563965,0
43.5702743530273,0
41.9376945495605,0
41.3504638671875,0
40.788272857666,0
39.2253112792969,0
35.4988288879395,0
29.7129364013672,0
24.3702583312988,0
22.1978340148926,0
22.8727073669434,0
23.6315803527832,0
23.0857410430908,0
22.4219703674316,0
22.4556140899658,0
21.715482711792,0
18.7602233886719,0
14.8561582565308,0
12.7125072479248,0
13.316596031189,0
15.4247932434082,0
17.6578330993652,0
19.6085166931152,0
20.9781036376953,0
21.1482124328613,0
20.2583713531494,0
19.8081512451172,0
21.3134155273438,0
24.524263381958,0
27.4479885101318,0
28.1650009155273,0
26.5079593658447,0
24.0714073181152,0
22.6509761810303,0
22.535472869873,0
22.3117122650146,0
20.4867668151855,0
17.0988655090332,0
13.2530927658081,0
9.23721313476562,0
4.0524206161499,0
-2.82179379463196,0
-10.1916065216064,0
-16.5393218994141,0
-21.8527717590332,0
-26.8430671691895,0
-30.9298152923584,0
-32.7370071411133,0
-32.6134986877441,0
-32.7352409362793,0
-33.9442405700684,0
-34.221866607666,0
-31.6371517181396,0
-27.4117488861084,0
-24.2394027709961,0
-22.5018310546875,0
-20.4266357421875,0
-17.8091011047363,0
-17.0739593505859,0
-19.7622413635254,0
-23.9918251037598,0
-26.9554443359375,0
-28.5530967712402,0
-30.612340927124,0
-33.2468757629395,0
-34.2443504333496,0
-32.2664794921875,0
-28.6139259338379,0
-24.9609069824219,0
-21.0931644439697,0
-16.3148365020752,0
-11.6840553283691,0
-8.77183818817139,0
-6.88108777999878,0
-3.87813115119934,0
0.120197966694832,0
2.32564210891724,0
1.37294566631317,0
-0.474224597215652,0
-0.784192085266113,0
-0.669381558895111,0
-2.79007911682129,0
-6.95076894760132,0
-10.3182287216187,0
-11.5029621124268,0
-11.8291597366333,0
-12.5851268768311,0
-13.5832872390747,0
-14.8139295578003,0
-16.9137954711914,0
-19.1147594451904,0
-19.2342586517334,0
-17.0403442382812,0
-15.3052139282227,0
-15.8426837921143,0
-16.7852535247803,0
-15.9944200515747,0
-14.9577789306641,0
-16.2354354858398,0
-18.6790752410889,0
-19.0127391815186,0
-17.5616474151611,0
-18.3122215270996,0
-22.7929954528809,0
-27.8786334991455,0
-31.0850086212158,0
-34.2803840637207,0
-39.695125579834,0
-45.3594589233398,0
-47.730525970459,0
-46.7392501831055,0
-44.9010963439941,0
-43.0495071411133,0
-40.6743583679199,0
-39.5372924804688,0
-42.7747535705566,0
-50.0863647460938,0
-57.4572563171387,0
-62.5021629333496,0
-66.7951812744141,0
-71.7852630615234,0
-75.7836227416992,0
-76.9753265380859,0
-76.5820617675781,0
-76.5486831665039,0
-76.2430953979492,0
-74.1217422485352,0
-71.0943374633789,0
-69.481201171875,0
-69.5719604492188,0
-69.6946182250977,0
-68.9990005493164,0
-67.8548965454102,0
-66.1079864501953,0
-63.3511962890625,0
-60.6254539489746,0
-59.5702934265137,0
-60.0491409301758,0
-60.7910194396973,0
-62.1013336181641,0
-65.3229293823242,0
-69.4411926269531,0
-71.0866546630859,0
-68.9472122192383,0
-65.8262557983398,0
-64.9487609863281,0
-66.1098098754883,0
-66.9567337036133,0
-66.4692764282227,0
-65.4549942016602,0
-64.7425918579102,0
-64.6665191650391,0
-65.7384719848633,0
-68.2040023803711,0
-70.9892501831055,0
-72.1923751831055,0
-70.7837295532227,0
-67.3999252319336,0
-63.6517906188965,0
-60.8969116210938,0
-59.300724029541,0
-57.9616050720215,0
-56.3847961425781,0
-55.4814224243164,0
-56.0246658325195,0
-56.517635345459,0
-54.5553970336914,0
-50.5903587341309,0
-48.0615005493164,0
-48.755500793457,0
-50.3014717102051,0
-49.9212112426758,0
-48.4853706359863,0
-48.4013748168945,0
-49.1566123962402,0
-48.0649452209473,0
-44.7093734741211,0
-41.5060234069824,0
-39.8477401733398,0
-38.6400680541992,0
-37.1771965026855,0
-36.5767440795898,0
-37.0778884887695,0
-36.3359794616699,0
-32.3635482788086,0
-26.7778587341309,0
-23.2938594818115,0
-23.7025089263916,0
-26.7524795532227,0
-30.4289226531982,0
-33.9071960449219,0
-37.3933334350586,0
-41.2406616210938,0
-45.513916015625,0
-49.7648582458496,0
-52.9678535461426,0
-54.0910339355469,0
-53.143440246582,0
-51.701976776123,0
-52.0650901794434,0
-55.3228340148926,0
-60.0934715270996,0
-63.7074851989746,0
-64.9820175170898,0
-65.235969543457,0
-66.1904754638672,0
-67.9001007080078,0
-69.7575149536133,0
-72.4493865966797,0
-77.0161209106445,0
-82.3162460327148,0
-85.6203460693359,0
-86.2722015380859,0
-86.8558349609375,0
-89.5881118774414,0
-92.9760818481445,0
-93.6044464111328,0
-90.5552291870117,0
-86.5155487060547,0
-84.4675674438477,0
-84.3907318115234,0
-83.6911163330078,0
-80.3603363037109,0
-75.1319808959961,0
-70.4090881347656,0
-67.4148178100586,0
-65.0216979980469,0
-61.5861968994141,0
-57.1998634338379,0
-53.4071655273438,0
-51.2707557678223,0
-50.806827545166,0
-52.0434379577637,0
-55.2278518676758,0
-59.6682243347168,0
-63.5762786865234,0
-65.7555313110352,0
-66.7081527709961,0
-67.4622955322266,0
-67.8697662353516,0
-66.6810684204102,0
-63.0582275390625,0
-57.6989517211914,0
-52.662181854248,0
-50.0770950317383,0
-50.5635147094727,0
-52.8292961120605,0
-55.1439018249512,0
-57.0458106994629,0
-59.1886138916016,0
-61.9867782592773,0
-65.2849349975586,0
-69.009651184082,0
-73.0624923706055,0
-76.7876052856445,0
-79.7157821655273,0
-82.602424621582,0
-86.3203735351562,0
-89.8705291748047,0
-91.1777038574219,0
-89.9638595581055,0
-88.0181579589844,0
-86.3523864746094,0
-84.1410751342773,0
-81.0479736328125,0
-78.3052749633789,0
-76.3689498901367,0
-73.7561340332031,0
-69.829833984375,0
-66.6963043212891,0
-66.2783889770508,0
-67.1468276977539,0
-66.524299621582,0
-64.1782684326172,0
-62.0352172851562,0
-60.9796257019043,0
-60.3942565917969,0
-59.9843063354492,0
-59.5523986816406,0
-57.6633110046387,0
-53.2505798339844,0
-48.1989669799805,0
-45.5403671264648,0
-45.1406173706055,0
-44.0640869140625,0
-41.4450340270996,0
-39.7905883789062,0
-40.450439453125,0
-40.9047203063965,0
-38.4447059631348,0
-34.1515312194824,0
-30.972188949585,0
-29.5868740081787,0
-28.5855503082275,0
-27.5739784240723,0
-27.5497856140137,0
-28.5976505279541,0
-29.5831680297852,0
-30.3941287994385,0
-32.4828491210938,0
-36.3780174255371,0
-40.1306495666504,0
-41.4422760009766,0
-40.5987510681152,0
-40.0541458129883,0
-41.2880897521973,0
-43.3266754150391,0
-44.8047142028809,0
-46.3101081848145,0
-49.393310546875,0
-53.7572746276855,0
-57.1429977416992,0
-58.3140182495117,0
-58.4839630126953,0
-58.9486961364746,0
-58.9984169006348,0
-57.6656379699707,0
-56.0143508911133,0
-55.4891204833984,0
-54.9960479736328,0
-52.3221588134766,0
-48.1612014770508,0
-45.8230400085449,0
-46.4993057250977,0
-47.6963768005371,0
-47.4752044677734,0
-47.4448738098145,0
-49.5801429748535,0
-52.3318481445312,0
-52.5195922851562,0
-49.7358016967773,0
-46.2038192749023,0
-43.0483665466309,0
-39.5358467102051,0
-35.9961547851562,0
-34.6596755981445,0
-36.4692420959473,0
-38.9834518432617,0
-38.9719047546387,0
-36.157039642334,0
-33.0988922119141,0
-31.8396911621094,0
-31.8489284515381,0
-31.3574905395508,0
-29.7796821594238,0
-28.1459560394287,0
-27.4117279052734,0
-27.2021656036377,0
-26.7077579498291,0
-26.1643333435059,0
-26.3517227172852,0
-26.7218036651611,0
-25.3322162628174,0
-21.165735244751,0
-15.5064239501953,0
-10.4151649475098,0
-6.83752155303955,0
-4.86529302597046,0
-4.57866859436035,0
-5.4370903968811,0
-5.960364818573,0
-5.59963274002075,0
-6.14212226867676,0
-9.53110122680664,0
-14.8803386688232,0
-19.6203594207764,0
-23.2944202423096,0
-27.9267749786377,0
-34.3632926940918,0
-40.6437683105469,0
-45.0491180419922,0
-48.7434616088867,0
-53.774658203125,0
-59.7744636535645,0
-64.3731689453125,0
-66.2103118896484,0
-66.0836410522461,0
-65.5651245117188,0
-65.7687301635742,0
-67.1471633911133,0
-69.2186889648438,0
-70.5520553588867,0
-70.0511245727539,0
-68.2038040161133,0
-66.206916809082,0
-64.15478515625,0
-61.2611618041992,0
-57.7466735839844,0
-55.0936393737793,0
-54.0785827636719,0
-53.7795829772949,0
-53.1159706115723,0
-52.3362236022949,0
-52.2631797790527,0
-52.9126243591309,0
-53.6169891357422,0
-53.798583984375,0
-52.9221420288086,0
-50.5384216308594,0
-47.3184928894043,0
-45.1851921081543,0
-45.0937843322754,0
-45.2823295593262,0
-43.3088607788086,0
-39.5544357299805,0
-36.8971557617188,0
-36.7112045288086,0
-37.1089973449707,0
-35.9884300231934,0
-34.0883674621582,0
-33.5695266723633,0
-34.8016662597656,0
-36.3849716186523,0
-37.7327728271484,0
-39.6304702758789,0
-42.138916015625,0
-43.8256072998047,0
-43.8818511962891,0
-43.6535720825195,0
-44.9758682250977,0
-47.8661613464355,0
-51.0642280578613,0
-54.2914428710938,0
-58.5222473144531,0
-63.9260330200195,0
-68.8112258911133,0
-71.2496032714844,0
-71.10205078125,0
-69.9495544433594,0
-69.4968566894531,0
-70.3665771484375,0
-71.8491058349609,0
-72.3503723144531,0
-70.6269454956055,0
-67.1121673583984,0
-63.4970245361328,0
-60.4592132568359,0
-56.5002403259277,0
-49.8865280151367,0
-41.1702613830566,0
-32.7142791748047,0
-26.0365447998047,0
-20.6724815368652,0
-15.4090147018433,0
-9.51968002319336,0
-2.92784309387207,0
3.65193390846252,0
8.67800140380859,0
10.9600143432617,0
10.9673509597778,0
10.0972986221313,0
8.8996467590332,0
7.180588722229,0
5.4594030380249,0
4.56949234008789,0
3.75045490264893,0
1.03493618965149,0
-3.90361905097961,0
-8.9464693069458,0
-12.2472438812256,0
-14.1728458404541,0
-15.7536096572876,0
-16.8439865112305,0
-16.9723625183105,0
-16.6347808837891,0
-16.4303703308105,0
-15.9694147109985,0
-14.851466178894,0
-13.7292156219482,0
-13.1723594665527,0
-12.4587650299072,0
-10.8663063049316,0
-9.26132678985596,0
-8.78783988952637,0
-8.62154865264893,0
-6.85750961303711,0
-3.46459817886353,0
-0.555523157119751,0
0.576732635498047,0
1.06240689754486,0
2.37990069389343,0
4.01764297485352,0
4.39203357696533,0
3.39455032348633,0
2.73509931564331,0
3.8024308681488,0
6.1995096206665,0
8.62661361694336,0
10.3150405883789,0
11.0455112457275,0
10.5329465866089,0
8.83472919464111,0
7.14999198913574,0
7.12108659744263,0
9.05162334442139,0
11.5740060806274,0
13.3626184463501,0
14.4025526046753,0
15.1778020858765,0
15.4838495254517,0
14.8204298019409,0
13.3678560256958,0
11.6674995422363,0
9.60053062438965,0
6.51760911941528,0
2.36547613143921,0
-1.94657874107361,0
-5.40823459625244,0
-7.78473138809204,0
-9.59979057312012,0
-11.3824405670166,0
-12.7667665481567,0
-12.3013610839844,0
-8.65814876556396,0
-2.35500431060791,0
4.20823669433594,0
8.9418420791626,0
12.0166759490967,0
15.2527208328247,0
19.9718818664551,0
25.9817066192627,0
32.2685623168945,0
37.8543319702148,0
42.0098838806152,0
44.4914512634277,0
46.0000457763672,0
47.9292793273926,0
51.1075019836426,0
54.895881652832,0
57.9456405639648,0
59.7991180419922,0
61.1899566650391,0
62.5384941101074,0
62.8199844360352,0
60.737419128418,0
56.7738227844238,0
53.0341720581055,0
50.7674865722656,0
48.9558944702148,0
45.9412536621094,0
41.7182273864746,0
37.8097496032715,0
35.3256797790527,0
34.0458488464355,0
33.3245239257812,0
33.102424621582,0
33.7318687438965,0
35.0947189331055,0
36.1453094482422,0
35.5136833190918,0
32.7620582580566,0
28.8750953674316,0
25.1787109375,0
22.1258430480957,0
19.7506580352783,0
18.6991310119629,0
19.4367256164551,0
20.6214580535889,0
19.9669151306152,0
17.0442790985107,0
13.6053981781006,0
10.7789964675903,0
7.97559022903442,0
5.34179973602295,0
4.90681219100952,0
7.62793302536011,0
11.3532028198242,0
13.8513031005859,0
16.1538047790527,0
20.4631881713867,0
26.2433528900146,0
31.2450160980225,0
35.2725372314453,0
39.6128273010254,0
43.267692565918,0
43.4679298400879,0
40.3928909301758,0
37.8733100891113,0
38.1544647216797,0
38.998722076416,0
37.7420425415039,0
35.6079063415527,0
35.6318626403809,0
38.0745582580566,0
40.4341659545898,0
41.1628570556641,0
41.1286201477051,0
41.5600662231445,0
42.2448997497559,0
42.0437240600586,0
40.331974029541,0
37.8131561279297,0
36.0982971191406,0
35.9739379882812,0
36.0238342285156,0
34.1361541748047,0
30.7779140472412,0
29.144775390625,0
30.921012878418,0
33.4246864318848,0
32.7610054016113,0
28.768404006958,0
24.7010116577148,0
22.5075149536133,0
20.8289833068848,0
18.0305290222168,0
15.0033779144287,0
13.7004308700562,0
14.1978178024292,0
14.6415214538574,0
13.6688919067383,0
11.8560171127319,0
10.8642244338989,0
11.8114519119263,0
14.4710645675659,0
17.6207599639893,0
20.0822639465332,0
21.5628643035889,0
22.4636611938477,0
22.9670391082764,0
22.7697811126709,0
21.9286937713623,0
21.4303531646729,0
22.2708759307861,0
24.1628303527832,0
25.9139213562012,0
27.171594619751,0
28.902530670166,0
31.5961246490479,0
33.8106079101562,0
33.6151237487793,0
31.1450099945068,0
28.4016513824463,0
26.3996562957764,0
23.9570770263672,0
19.9301700592041,0
15.2001256942749,0
11.2458124160767,0
7.94549417495728,0
4.47974061965942,0
1.61002779006958,0
0.936832904815674,0
2.01223206520081,0
2.36234092712402,0
0.847139894962311,0
-1.08029937744141,0
-2.43881225585938,0
-5.0572681427002,0
-11.084246635437,0
-19.3966312408447,0
-26.50732421875,0
-30.590633392334,0
-32.7857894897461,0
-34.5760116577148,0
-35.7065658569336,0
-35.3204078674316,0
-33.7660713195801,0
-32.162971496582,0
-30.7868251800537,0
-28.9839820861816,0
-26.6909503936768,0
-25.1279716491699,0
-25.3680019378662,0
-26.6104793548584,0
-26.8775119781494,0
-25.7906322479248,0
-25.6613006591797,0
-28.6489486694336,0
-33.3308601379395,0
-35.7520141601562,0
-34.109748840332,0
-30.7119064331055,0
-28.560718536377,0
-27.7766246795654,0
-26.8994693756104,0
-26.2190456390381,0
-27.4582786560059,0
-30.618034362793,0
-33.4568710327148,0
-34.4017562866211,0
-34.1009407043457,0
-33.6147193908691,0
-32.8689651489258,0
-31.7464561462402,0
-31.115385055542,0
-31.5516910552979,0
-32.1750640869141,0
-32.0205955505371,0
-31.7557258605957,0
-32.8340072631836,0
-35.5739135742188,0
-39.1699600219727,0
-42.9106674194336,0
-46.1208801269531,0
-47.6027565002441,0
-46.8592338562012,0
-45.6541481018066,0
-46.5375518798828,0
-49.5702362060547,0
-52.2049827575684,0
-52.8936386108398,0
-53.0201416015625,0
-54.3107795715332,0
-56.0751037597656,0
-56.5775489807129,0
-55.7835655212402,0
-54.7513809204102,0
-53.181941986084,0
-49.9270439147949,0
-45.7381134033203,0
-43.0734977722168,0
-42.6067161560059,0
-42.011661529541,0
-39.1417617797852,0
-34.5921287536621,0
-29.9760227203369,0
-25.4707794189453,0
-20.7436428070068,0
-16.8624629974365,0
-15.1863403320312,0
-15.1506423950195,0
-15.1837902069092,0
-15.3297815322876,0
-16.875150680542,0
-19.5384197235107,0
-21.1661148071289,0
-20.4747447967529,0
-18.1273326873779,0
-14.681604385376,0
-9.56098747253418,0
-2.94845342636108,0
3.26308155059814,0
7.79778480529785,0
11.755485534668,0
16.5354423522949,0
21.3501930236816,0
24.7130222320557,0
27.5338535308838,0
32.5189514160156,0
40.4409675598145,0
48.7196388244629,0
54.0448417663574,0
55.1313438415527,0
52.6440048217773,0
47.7876853942871,0
41.6797256469727,0
35.2207984924316,0
28.862756729126,0
22.9015808105469,0
18.1500701904297,0
15.5224637985229,0
14.6346502304077,0
13.7325897216797,0
11.6334409713745,0
9.01151466369629,0
7.11553001403809,0
6.01093769073486,0
5.03938674926758,0
4.33303833007812,0
4.51830577850342,0
5.10622787475586,0
4.60298871994019,0
2.56507849693298,0
0.426127374172211,0
-0.212433591485023,0
0.819337546825409,0
2.8275351524353,0
5.31688451766968,0
7.67872381210327,0
8.88793659210205,0
8.7937593460083,0
9.05307865142822,0
11.3525514602661,0
15.0201587677002,0
17.8381233215332,0
19.1012878417969,0
20.3291854858398,0
22.7927169799805,0
25.8954772949219,0
28.3920364379883,0
29.6233386993408,0
28.9748210906982,0
25.917293548584,0
21.6795406341553,0
19.0911769866943,0
19.0164184570312,0
18.3363666534424,0
13.6746988296509,0
6.26864051818848,0
0.648145258426666,0
-1.28451430797577,0
-2.21497440338135,0
-4.96695041656494,0
-8.64183902740479,0
-10.5701627731323,0
-10.1758489608765,0
-8.98260879516602,0
-7.80733919143677,0
-5.80393123626709,0
-1.93811750411987,0
4.0385856628418,0
11.8813524246216,0
20.8077545166016,0
29.193826675415,0
35.5068702697754,0
39.7345809936523,0
43.0398178100586,0
46.0097885131836,0
48.1529426574707,0
49.0190925598145,0
48.6676597595215,0
47.031063079834,0
44.2175636291504,0
41.6760215759277,0
41.3430519104004,0
42.8064613342285,0
42.9394798278809,0
39.612548828125,0
34.2852973937988,0
29.3060474395752,0
24.1947231292725,0
17.1332893371582,0
9.27027988433838,0
4.37633037567139,0
3.8097083568573,0
4.55627250671387,0
3.25018763542175,0
-0.202032625675201,0
-4.22555255889893,0
-8.47280979156494,0
-13.1723623275757,0
-17.2273406982422,0
-19.1472511291504,0
-19.0716552734375,0
-18.2369155883789,0
-17.2953243255615,0
-16.6466770172119,0
-17.2356357574463,0
-18.9991302490234,0
-19.4800720214844,0
-16.4457683563232,0
-11.5287275314331,0
-8.75333690643311,0
-9.27602195739746,0
-10.0154819488525,0
-8.1564359664917,0
-4.74702072143555,0
-2.62925863265991,0
-2.63834166526794,0
-3.43636202812195,0
-3.86806106567383,0
-3.76430726051331,0
-3.04129958152771,0
-1.62592625617981,0
-0.236990258097649,0
-0.0469961985945702,0
-1.35014617443085,0
-3.26642274856567,0
-4.80404615402222,0
-5.5587100982666,0
-5.31839418411255,0
-3.66658592224121,0
-0.251628249883652,0
4.95460557937622,0
11.7855701446533,0
19.7923793792725,0
27.8882694244385,0
34.7144393920898,0
39.7850112915039,0
43.7202186584473,0
46.7859878540039,0
47.8819618225098,0
46.0968627929688,0
42.943546295166,0
41.5364151000977,0
43.2103843688965,0
46.3478775024414,0
49.1549491882324,0
52.0033683776855,0
55.7654647827148,0
59.3087730407715,0
60.7188758850098,0
60.3232612609863,0
60.2711563110352,0
61.1292877197266,0
60.963264465332,0
58.185188293457,0
53.4409408569336,0
48.0243759155273,0
42.1515426635742,0
35.7772026062012,0
29.7350578308105,0
24.9930515289307,0
21.7550640106201,0
20.0438709259033,0
20.0229377746582,0
20.9067554473877,0
20.7689075469971,0
18.5187320709229,0
15.1107187271118,0
11.8456363677979,0
8.57273101806641,0
4.68854284286499,0
0.724997401237488,0
-2.59201669692993,0
-5.9569993019104,0
-10.381293296814,0
-14.9682016372681,0
-17.611291885376,0
-17.8563194274902,0
-17.3968105316162,0
-17.4790191650391,0
-17.3596477508545,0
-15.987720489502,0
-14.0508842468262,0
-13.4301595687866,0
-15.1330547332764,0
-18.4087219238281,0
-21.6361503601074,0
-23.6261978149414,0
-24.1291313171387,0
-23.3338203430176,0
-21.0279026031494,0
-16.5128078460693,0
-9.60301399230957,0
-1.58715856075287,0
5.14303731918335,0
8.65174198150635,0
8.93138599395752,0
8.13788414001465,0
9.12717819213867,0
13.0558309555054,0
18.3060245513916,0
22.3339729309082,0
24.4892158508301,0
26.1272792816162,0
28.0762405395508,0
29.5511245727539,0
30.0951137542725,0
30.8884506225586,0
32.9119110107422,0
35.2363357543945,0
36.7106971740723,0
38.0949172973633,0
40.4779434204102,0
42.471134185791,0
41.480525970459,0
37.6144828796387,0
33.7992668151855,0
31.5045146942139,0
28.653715133667,0
22.8035316467285,0
14.4706363677979,0
5.91977548599243,0
-1.85947346687317,0
-9.31648063659668,0
-16.3853092193604,0
-22.0418605804443,0
-25.6419925689697,0
-27.5817470550537,0
-28.639274597168,0
-29.3594226837158,0
-30.0027294158936,0
-30.6011714935303,0
-31.1455993652344,0
-31.914722442627,0
-33.3136367797852,0
-35.3115005493164,0
-37.5743751525879,0
-40.1807136535645,0
-43.3680152893066,0
-46.4328155517578,0
-48.0381088256836,0
-48.1447677612305,0
-48.453296661377,0
-50.035099029541,0
-51.6102180480957,0
-51.4373435974121,0
-50.1081924438477,0
-49.90234375,0
-51.6687469482422,0
-53.9428977966309,0
-55.380069732666,0
-56.6556777954102,0
-59.2011947631836,0
-62.8889236450195,0
-65.8783874511719,0
-66.6193466186523,0
-65.4949111938477,0
-64.4003524780273,0
-64.8743896484375,0
-66.7460708618164,0
-68.6166381835938,0
-69.4523239135742,0
-69.352180480957,0
-68.8666915893555,0
-68.2645568847656,0
-67.7676773071289,0
-67.8299102783203,0
-68.5954132080078,0
-69.5411758422852,0
-70.1857528686523,0
-70.5663299560547,0
-70.3035583496094,0
-67.9190902709961,0
-62.3494300842285,0
-54.8900032043457,0
-48.3259239196777,0
-44.0535926818848,0
-41.220386505127,0
-38.7210807800293,0
-36.5206069946289,0
-34.5306587219238,0
-31.761661529541,0
-27.6725330352783,0
-23.2389049530029,0
-19.4832992553711,0
-15.7811994552612,0
-10.8555393218994,0
-4.8077335357666,0
1.09392619132996,0
6.15604639053345,0
10.518684387207,0
14.0462608337402,0
16.3281402587891,0
17.7396221160889,0
19.3440933227539,0
21.6519660949707,0
24.2762565612793,0
26.5979309082031,0
27.9294090270996,0
27.4670886993408,0
25.1534843444824,0
22.1290454864502,0
19.2104148864746,0
15.657280921936,0
10.9621505737305,0
6.95554351806641,0
5.8398904800415,0
6.56641483306885,0
5.84957933425903,0
2.83717107772827,0
-0.237399533390999,0
-2.70493221282959,1
-7.37398958206177,1
-15.909688949585,1
-25.0621528625488,1
-30.0432815551758,1
-29.7156009674072,1
-25.8943710327148,1
-19.3751277923584,1
-10.0458459854126,1
-0.159962862730026,1
6.07377576828003,1
6.83165073394775,1
4.24833202362061,1
1.12843358516693,1
-1.7391140460968,1
-4.27993822097778,1
-5.40256357192993,1
-4.26983976364136,1
-2.2729229927063,1
-2.22990965843201,1
-5.73089122772217,1
-11.8130102157593,1
-17.8032283782959,1
-20.9729862213135,1
-19.9563102722168,1
-15.4171361923218,1
-9.42593669891357,1
-3.91794657707214,1
0.235255062580109,1
2.77619552612305,1
3.326247215271,1
1.56664037704468,1
-2.10119152069092,1
-6.56743335723877,1
-10.7546911239624,1
-14.1337890625,1
-16.5310287475586,1
-17.8101196289062,1
-18.1261405944824,1
-18.4248180389404,1
-20.1103935241699,1
-23.688943862915,1
-27.8736324310303,1
-30.5500545501709,1
-30.6402168273926,1
-28.5035247802734,1
-24.5392189025879,1
-18.3698501586914,1
-10.1105117797852,1
-1.85091185569763,1
3.23108053207397,1
3.52391719818115,1
0.362534195184708,1
-3.29297494888306,1
-5.21229076385498,1
-5.01200771331787,1
-3.61267518997192,1
-2.21207165718079,1
-1.91254007816315,1
-4.0107684135437,1
-9.93850135803223,1
-20.1781787872314,1
-33.1627464294434,1
-45.8948135375977,1
-56.0385284423828,1
-63.0446166992188,1
-67.1819000244141,1
-68.5377197265625,1
-67.8508605957031,1
-67.494514465332,1
-70.1255569458008,1
-76.2875366210938,1
-84.3462600708008,1
-92.7086334228516,1
-100.90446472168,1
-108.391738891602,1
-113.787002563477,1
-116.114952087402,1
-115.976547241211,1
-114.78392791748,1
-113.474182128906,1
-112.488708496094,1
-112.321060180664,1
-113.444648742676,1
-116.004173278809,1
-119.609710693359,1
-122.798721313477,1
-123.195526123047,1
-120.036689758301,1
-116.768966674805,1
-118.736335754395,1
-126.910400390625,1
-135.996917724609,1
-140.700622558594,1
-141.910675048828,1
-143.976348876953,1
-147.544799804688,1
-149.052947998047,1
-147.105865478516,1
-145.169357299805,1
-146.546203613281,1
-150.061645507812,1
-152.859909057617,1
-154.78288269043,1
-157.247009277344,1
-159.632629394531,1
-159.900985717773,1
-158.098205566406,1
-156.576354980469,1
-156.939529418945,1
-159.010467529297,1
-162.598205566406,1
-167.806869506836,1
-173.238052368164,1
-176.194091796875,1
-175.562713623047,1
-172.870086669922,1
-169.94938659668,1
-167.463500976562,1
-166.38655090332,1
-168.513336181641,1
-173.769378662109,1
-178.868698120117,1
-180.766220092773,1
-180.086700439453,1
-178.844024658203,1
-176.036560058594,1
-168.764083862305,1
-157.7353515625,1
-148.38883972168,1
-145.105880737305,1
-146.481689453125,1
-148.002792358398,1
-147.777267456055,1
-147.522491455078,1
-148.671615600586,1
-149.799606323242,1
-148.46076965332,1
-144.273483276367,1
-139.262619018555,1
-135.474624633789,1
-132.934066772461,1
-130.251083374023,1
-126.966499328613,1
-124.444244384766,1
-123.795249938965,1
-123.613655090332,1
-121.290191650391,1
-116.790252685547,1
-113.53076171875,1
-114.415802001953,1
-118.099273681641,1
-120.719528198242,1
-120.833824157715,1
-120.801734924316,1
-122.90739440918,1
-125.774291992188,1
-125.964370727539,1
-122.422286987305,1
-117.741691589355,1
-114.720695495605,1
-112.957298278809,1
-110.026344299316,1
-105.529472351074,1
-102.309127807617,1
-102.809936523438,1
-105.296295166016,1
-105.293632507324,1
-100.856994628906,1
-95.0067977905273,1
-92.2645034790039,1
-93.9073944091797,1
-97.7779541015625,1
-101.850242614746,1
-105.988639831543,1
-109.952812194824,1
-111.691696166992,1
-109.251693725586,1
-103.712814331055,1
-98.6970062255859,1
-96.8044509887695,1
-97.4197692871094,1
-98.0978240966797,1
-97.2295150756836,1
-95.1112899780273,1
-93.1701202392578,1
-92.55029296875,1
-93.0388488769531,1
-93.2794570922852,1
-92.5700531005859,1
-92.2965698242188,1
-94.5278854370117,1
-98.9929351806641,1
-102.732070922852,1
-103.425193786621,1
-101.859596252441,1
-100.105209350586,1
-98.5232391357422,1
-96.3250350952148,1
-94.349723815918,1
-94.9572296142578,1
-98.7008819580078,1
-102.962730407715,1
-104.981994628906,1
-105.024261474609,1
-105.241058349609,1
-106.136428833008,1
-105.807388305664,1
-102.849723815918,1
-98.6463623046875,1
-95.8964538574219,1
-95.5878982543945,1
-96.5184783935547,1
-97.5221633911133,1
-98.6673736572266,1
-99.655387878418,1
-98.4985198974609,1
-93.4947814941406,1
-86.0281600952148,1
-79.4904632568359,1
-75.1174926757812,1
-70.6788558959961,1
-64.1121597290039,1
-56.6997222900391,1
-51.0168533325195,1
-46.900390625,1
-41.6113128662109,1
-33.8187599182129,1
-25.4035987854004,1
-18.6705474853516,1
-13.2154865264893,1
-6.63636112213135,1
2.29784631729126,1
12.157190322876,1
20.4314517974854,1
25.9634895324707,1
29.5479412078857,1
32.2965049743652,1
33.892951965332,1
33.0694389343262,1
29.8291683197021,1
26.2972526550293,1
24.7028694152832,1
25.2211437225342,1
26.802661895752,1
29.5179271697998,1
34.454231262207,1
41.1546401977539,1
46.8080368041992,1
48.8521118164062,1
47.2853469848633,1
43.5201606750488,1
38.1132354736328,1
31.1497325897217,1
24.300350189209,1
20.6350994110107,1
21.8318157196045,1
26.4624671936035,1
31.3531551361084,1
33.9193344116211,1
33.1435813903809,1
29.4768028259277,1
24.4644012451172,1
19.6447353363037,1
15.0492496490479,1
9.43679714202881,1
2.79451203346252,1
-2.19180798530579,1
-2.63585376739502,1
0.624541103839874,1
3.15212607383728,1
1.78305459022522,1
-1.62143015861511,1
-2.49072003364563,1
0.883611917495728,1
5.63525295257568,1
8.40746879577637,1
9.36025810241699,1
10.6264142990112,1
12.0130634307861,1
10.9541358947754,1
7.16463851928711,1
4.58449459075928,1
6.62526607513428,1
11.2512893676758,1
13.6602449417114,1
13.0829668045044,1
13.4141759872437,1
16.4758033752441,1
18.352611541748,1
14.9232625961304,1
8.42819690704346,1
4.8514838218689,1
5.6522068977356,1
5.89072322845459,1
1.14855599403381,1
-7.09653472900391,1
-14.7805452346802,1
-21.2525310516357,1
-29.0477275848389,1
-38.8192176818848,1
-47.6114959716797,1
-52.5950508117676,1
-54.2084808349609,1
-54.5153923034668,1
-54.0631141662598,1
-51.9308090209961,1
-48.2298965454102,1
-45.0665283203125,1
-44.7100219726562,1
-47.2540740966797,1
-50.0792999267578,1
-49.5429611206055,1
-43.8215179443359,1
-34.6385726928711,1
-25.7372360229492,1
-19.1616382598877,1
-13.7642002105713,1
-8.16801357269287,1
-4.15578365325928,1
-5.19191932678223,1
-11.5635862350464,1
-19.004451751709,1
-23.1977710723877,1
-24.2862281799316,1
-25.4565887451172,1
-27.8822631835938,1
-29.0585327148438,1
-26.5436725616455,1
-21.7321720123291,1
-18.4946804046631,1
-18.5666122436523,1
-19.8589458465576,1
-19.7672576904297,1
-18.6466960906982,1
-18.5309581756592,1
-19.3251934051514,1
-18.6962871551514,1
-16.1939754486084,1
-15.0610485076904,1
-18.2182235717773,1
-24.0406799316406,1
-28.3192939758301,1
-29.5061798095703,1
-29.5749015808105,1
-29.9605617523193,1
-29.3169555664062,1
-26.0687732696533,1
-21.1446437835693,1
-16.9461002349854,1
-14.7841644287109,1
-14.2331314086914,1
-14.0571432113647,1
-13.0384874343872,1
-10.6816577911377,1
-7.64345836639404,1
-4.88101863861084,1
-2.43664741516113,1
-0.139946788549423,1
0.774136304855347,1
-1.29976224899292,1
-5.2888355255127,1
-7.5849232673645,1
-6.37637615203857,1
-3.9872133731842,1
-3.38712120056152,1
-3.99609184265137,1
-2.94752335548401,1
0.515381276607513,1
4.0166277885437,1
5.00705575942993,1
2.91600394248962,1
-1.53427028656006,1
-7.47916650772095,1
-13.9923038482666,1
-20.0289249420166,1
-24.6938877105713,1
-27.4284648895264,1
-28.4933891296387,1
-29.5733470916748,1
-32.6332244873047,1
-37.142822265625,1
-39.7511215209961,1
-38.2425765991211,1
-34.4705390930176,1
-31.2080955505371,1
-27.3824253082275,1
-19.7435436248779,1
-9.0805025100708,1
-0.962282657623291,1
1.15701222419739,1
0.50713187456131,1
2.47782135009766,1
7.8907527923584,1
13.5766553878784,1
18.0642681121826,1
23.1861686706543,1
29.957971572876,1
35.8415412902832,1
37.4109687805176,1
34.1806182861328,1
28.6207714080811,1
23.2560291290283,1
18.7237968444824,1
14.3074550628662,1
9.60171794891357,1
5.32600545883179,1
2.20463681221008,1
-0.989208698272705,1
-7.2116379737854,1
-17.7380352020264,1
-29.5272884368896,1
-37.7172241210938,1
-40.7981948852539,1
-41.4426956176758,1
-41.7854537963867,1
-40.3087997436523,1
-35.138988494873,1
-28.4637813568115,1
-24.75710105896,1
-25.0592041015625,1
-25.7405185699463,1
-23.3756446838379,1
-18.5117282867432,1
-13.6289930343628,1
-9.38143444061279,1
-4.55315017700195,1
1.27571260929108,1
6.62362146377563,1
9.53372764587402,1
9.4590892791748,1
8.05936527252197,1
8.21906280517578,1
11.3102741241455,1
15.3063735961914,1
17.1196556091309,1
17.1744575500488,1
19.4649658203125,1
25.7880554199219,1
32.2096290588379,1
33.624683380127,1
30.1805686950684,1
26.2868843078613,1
24.3341865539551,1
22.8935203552246,1
21.0847454071045,1
20.88694190979,1
23.4069309234619,1
25.534122467041,1
22.8953266143799,1
15.3253269195557,1
7.54473686218262,1
4.34690523147583,1
5.98421669006348,1
8.47579956054688,1
8.17522621154785,1
5.66203308105469,1
4.49069023132324,1
6.18005418777466,1
8.08705425262451,1
7.31284236907959,1
4.89139652252197,1
3.82157611846924,1
4.25644493103027,1
3.84493684768677,1
2.54548764228821,1
3.5099470615387,1
8.16504669189453,1
13.4432687759399,1
15.6514291763306,1
14.9059391021729,1
13.9132051467896,1
14.0534219741821,1
14.5998411178589,1
14.7797698974609,1
14.9423627853394,1
16.0504550933838,1
18.6280059814453,1
21.4202079772949,1
21.1318550109863,1
15.413140296936,1
6.58379650115967,1
-0.00790000893175602,1
-2.39901661872864,1
-4.10543632507324,1
-8.05119800567627,1
-11.404167175293,1
-9.72248077392578,1
-4.19791269302368,1
-0.654507279396057,1
-1.90885543823242,1
-5.09167909622192,1
-6.97844171524048,1
-8.19387149810791,1
-10.5179862976074,1
-13.0011625289917,1
-13.294885635376,1
-11.4150514602661,1
-9.9233283996582,1
-10.778208732605,1
-13.5014333724976,1
-16.2879314422607,1
-17.8458690643311,1
-18.1183586120605,1
-17.8112030029297,1
-17.2524147033691,1
-15.7040538787842,1
-12.4203681945801,1
-8.55588340759277,1
-6.88938808441162,1
-8.721360206604,1
-11.9337711334229,1
-13.5793170928955,1
-13.9736080169678,1
-16.2961139678955,1
-21.6438503265381,1
-26.4876594543457,1
-26.8244590759277,1
-23.7679538726807,1
-22.5642013549805,1
-25.9179039001465,1
-30.737850189209,1
-32.681583404541,1
-31.7541542053223,1
-31.141622543335,1
-31.8865947723389,1
-31.8623542785645,1
-30.1155166625977,1
-29.1810150146484,1
-31.6505508422852,1
-36.4964790344238,1
-40.6122207641602,1
-42.6847877502441,1
-43.5952949523926,1
-43.664867401123,1
-41.5499572753906,1
-36.197021484375,1
-28.7136974334717,1
-21.8960399627686,1
-18.3726119995117,1
-18.9903335571289,1
-22.2176837921143,1
-25.1456699371338,1
-25.7775344848633,1
-24.4286327362061,1
-22.4932746887207,1
-20.2211742401123,1
-16.6562461853027,1
-11.722149848938,1
-7.10146999359131,1
-4.24930381774902,1
-2.31764483451843,1
0.692188203334808,1
4.83439970016479,1
7.78949069976807,1
8.33009147644043,1
8.82845401763916,1
12.3771152496338,1
17.8969478607178,1
20.6641483306885,1
18.4503402709961,1
14.6522598266602,1
13.5974321365356,1
15.0279359817505,1
16.0809993743896,1
17.1042194366455,1
21.4343185424805,1
29.1811828613281,1
35.0588073730469,1
34.1460189819336,1
27.3864688873291,1
19.7019653320312,1
14.597339630127,1
12.3573455810547,1
11.9613189697266,1
12.7422790527344,1
14.7212371826172,1
18.3527145385742,1
23.2112846374512,1
26.6458988189697,1
25.5858383178711,1
20.5823707580566,1
15.9691390991211,1
14.6875505447388,1
15.3040466308594,1
16.0430164337158,1
18.9152870178223,1
26.2182655334473,1
34.6716423034668,1
37.6554946899414,1
33.588493347168,1
28.2564525604248,1
27.6894416809082,1
31.872932434082,1
37.0656509399414,1
41.5057601928711,1
46.2922897338867,1
52.0871353149414,1
57.4205322265625,1
60.1500549316406,1
59.374698638916,1
56.0969543457031,1
52.5691184997559,1
50.4598197937012,1
49.4158210754395,1
48.3685874938965,1
48.1876907348633,1
50.98388671875,1
55.9674263000488,1
58.4754257202148,1
55.2920532226562,1
49.2138862609863,1
45.6432342529297,1
45.7791748046875,1
46.3283576965332,1
45.508243560791,1
45.5972709655762,1
48.4974708557129,1
51.9718704223633,1
52.3273582458496,1
48.7577667236328,1
43.0931282043457,1
37.0257530212402,1
31.7309322357178,1
28.7550563812256,1
28.7251205444336,1
29.855562210083,1
29.9408359527588,1
29.2894992828369,1
29.6054344177246,1
30.6561527252197,1
30.5642166137695,1
29.0071411132812,1
27.3284683227539,1
25.5812244415283,1
22.7256870269775,1
20.2132186889648,1
21.5103187561035,1
26.310998916626,1
28.9239616394043,1
25.4454917907715,1
19.6426677703857,1
17.9236888885498,1
20.6169509887695,1
22.8540325164795,1
23.0360698699951,1
24.9768104553223,1
30.6960525512695,1
36.1668434143066,1
37.0534706115723,1
35.1307220458984,1
35.4792289733887,1
39.3844680786133,1
43.5378074645996,1
45.3261337280273,1
45.7287483215332,1
47.0987510681152,1
50.6358299255371,1
56.2051010131836,1
62.4903717041016,1
67.0588836669922,1
68.2477874755859,1
67.4627227783203,1
67.9983825683594,1
71.295539855957,1
76.0337524414062,1
81.0315780639648,1
86.6337585449219,1
92.2334594726562,1
94.9056167602539,1
92.7615280151367,1
88.3150024414062,1
86.0836944580078,1
87.3247680664062,1
89.3688354492188,1
90.0909194946289,1
90.6299285888672,1
92.8091354370117,1
95.8671264648438,1
97.4782638549805,1
97.0495681762695,1
96.1548461914062,1
95.7662506103516,1
94.6989440917969,1
91.5957870483398,1
87.5223999023438,1
85.3018188476562,1
86.0295639038086,1
87.0604858398438,1
84.4028244018555,1
77.2820358276367,1
69.5446166992188,1
65.730110168457,1
66.0983047485352,1
66.6913604736328,1
64.4403839111328,1
60.7000579833984,1
58.6177024841309,1
58.2043914794922,1
56.132869720459,1
50.4752540588379,1
43.5429954528809,1
38.8705291748047,1
36.836742401123,1
35.1286163330078,1
33.0382766723633,1
33.0870628356934,1
37.3928756713867,1
43.7548637390137,1
47.1060180664062,1
44.9283790588379,1
39.9033584594727,1
36.5616645812988,1
36.4454727172852,1
37.9278106689453,1
40.0553359985352,1
44.1345138549805,1
50.6090431213379,1
56.4889144897461,1
58.1582717895508,1
55.9581108093262,1
53.6514472961426,1
53.4172668457031,1
53.7939453125,1
53.2104530334473,1
53.0282173156738,1
55.2505416870117,1
58.8711357116699,1
60.8526458740234,1
60.1875190734863,1
58.9461479187012,1
59.3290176391602,1
61.4140701293945,1
64.0339431762695,1
66.3036193847656,1
67.7950057983398,1
68.524169921875,1
69.3377380371094,1
71.1266403198242,1
73.0705718994141,1
72.9476165771484,1
70.0608062744141,1
66.6269226074219,1
65.0961227416992,1
65.2783889770508,1
65.7428970336914,1
67.0370178222656,1
71.106330871582,1
77.5840301513672,1
83.1921157836914,1
85.7778549194336,1
86.8510818481445,1
88.5391540527344,1
89.6910018920898,1
87.3782653808594,1
81.6894836425781,1
76.4312973022461,1
74.2129516601562,1
72.6152267456055,1
66.89111328125,1
55.9346809387207,1
43.967601776123,1
35.8744468688965,1
32.1233329772949,1
29.5899925231934,1
26.7495613098145,1
25.748348236084,1
28.2914943695068,1
31.5522193908691,1
30.8153705596924,1
25.5578327178955,1
19.9573936462402,1
16.9367733001709,1
14.7427892684937,1
11.0009870529175,1
7.40771102905273,1
7.50309181213379,1
11.1364183425903,1
14.1693105697632,1
13.5475215911865,1
10.3516616821289,1
7.62818050384521,1
7.08079099655151,1
8.30058670043945,1
9.87673664093018,1
10.9114370346069,1
12.2073755264282,1
15.5191087722778,1
20.613260269165,1
24.1310749053955,1
23.3110828399658,1
20.0015144348145,1
18.3623180389404,1
18.9576587677002,1
18.3863525390625,1
15.3265733718872,1
13.3544330596924,1
15.7549409866333,1
20.4193592071533,1
22.8410339355469,1
22.4239768981934,1
22.5686531066895,1
25.1606769561768,1
28.1717872619629,1
29.1853179931641,1
28.6926250457764,1
28.6090812683105,1
29.0966987609863,1
28.3230266571045,1
24.8591575622559,1
19.4384651184082,1
14.4762210845947,1
12.0972547531128,1
12.3011150360107,1
12.9806976318359,1
12.1633214950562,1
10.1056146621704,1
8.4446268081665,1
7.46823501586914,1
5.63818025588989,1
2.3723258972168,1
-0.253066509962082,1
-0.154940724372864,1
1.32543158531189,1
0.910836756229401,1
-1.54211044311523,1
-1.91989076137543,1
2.72457242012024,1
9.4711446762085,1
12.6798057556152,1
11.0531730651855,1
8.77890205383301,1
9.38020610809326,1
11.3099985122681,1
11.1643104553223,1
8.95361232757568,1
7.65654373168945,1
8.61119365692139,1
9.95613288879395,1
9.60109615325928,1
7.61550235748291,1
5.23924350738525,1
3.19897294044495,1
1.70947682857513,1
1.01568925380707,1
1.28419744968414,1
2.58212113380432,1
5.06212425231934,1
8.40407657623291,1
11.3322286605835,1
12.9783840179443,1
14.5976085662842,1
18.1765308380127,1
23.0414352416992,1
25.9954032897949,1
25.9780426025391,1
26.4674701690674,1
30.9384746551514,1
37.1490859985352,1
38.930606842041,1
33.8237457275391,1
26.0954074859619,1
20.872407913208,1
17.7461910247803,1
12.7885093688965,1
5.51333951950073,1
0.16807422041893,1
-0.552940964698792,1
0.289684623479843,1
-1.66813123226166,1
-5.66582727432251,1
-7.22981023788452,1
-5.21637630462646,1
-3.57929134368896,1
-5.15268611907959,1
-7.05807256698608,1
-4.68502616882324,1
1.85316967964172,1
8.00363063812256,1
10.4689235687256,1
9.94114780426025,1
8.49170970916748,1
6.89526510238647,1
5.19191789627075,1
3.99182438850403,1
4.18885612487793,1
6.26199436187744,1
10.1162443161011,1
14.5209054946899,1
16.7516231536865,1
14.631646156311,1
9.64851379394531,1
6.31530332565308,1
7.20425653457642,1
10.058837890625,1
11.3260040283203,1
11.031156539917,1
11.7195281982422,1
13.4309892654419,1
13.0521564483643,1
9.35335350036621,1
5.49509477615356,1
4.42006587982178,1
4.10138940811157,1
0.454481482505798,1
-6.19721651077271,1
-11.1324987411499,1
-11.9037504196167,1
-11.5851373672485,1
-13.9450330734253,1
-18.1817760467529,1
-20.8140888214111,1
-21.0060710906982,1
-21.2229270935059,1
-23.1717319488525,1
-25.5557765960693,1
-26.1799011230469,1
-24.7055568695068,1
-22.8714771270752,1
-22.7307472229004,1
-24.5667591094971,1
-26.1092586517334,1
-24.7125720977783,1
-21.0888500213623,1
-19.3378124237061,1
-21.6422367095947,1
-24.7005252838135,1
-24.2576637268066,1
-21.882495880127,1
-23.2119007110596,1
-29.3987865447998,1
-34.7794227600098,1
-34.7251586914062,1
-31.7011184692383,1
-30.4098625183105,1
-30.1247406005859,1
-26.2293262481689,1
-17.9848957061768,1
-10.2627801895142,1
-7.14512062072754,1
-7.27176380157471,1
-6.68545913696289,1
-3.78062224388123,1
0.0129934912547469,1
2.86273694038391,1
4.49241733551025,1
6.20846605300903,1
9.48848247528076,1
13.8890428543091,1
16.5143718719482,1
14.8245182037354,1
9.96064567565918,1
5.87293100357056,1
5.13267993927002,1
7.19658470153809,1
10.7508583068848,1
15.459059715271,1
20.5582447052002,1
23.8955020904541,1
24.0040683746338,1
21.9464645385742,1
19.8191318511963,1
18.4284687042236,1
17.4731903076172,1
16.8689880371094,1
16.6372127532959,1
16.3086795806885,1
15.4483222961426,1
13.9940671920776,1
11.4857788085938,1
7.3146915435791,1
2.55339360237122,1
-0.2414241284132,1
-0.428049445152283,1
-0.624819219112396,1
-2.7275915145874,1
-4.49932193756104,1
-3.06873416900635,1
-0.543485760688782,1
-2.24368000030518,1
-9.01752758026123,1
-14.9963150024414,1
-14.7642059326172,1
-10.1409044265747,1
-7.32947587966919,1
-8.67743110656738,1
-10.0534067153931,1
-6.64271688461304,1
0.770693838596344,1
6.77820825576782,1
7.93107604980469,1
6.59656810760498,1
7.43512487411499,1
11.3687229156494,1
15.1685981750488,1
16.8648014068604,1
18.715202331543,1
23.2087154388428,1
28.4389171600342,1
30.2698669433594,1
27.9746856689453,1
24.6548404693604,1
22.3905658721924,1
20.2756633758545,1
17.8941307067871,1
17.4603233337402,1
20.5900192260742,1
25.2085971832275,1
27.9629821777344,1
28.3526668548584,1
28.2656326293945,1
28.2850608825684,1
26.7822551727295,1
22.6214580535889,1
16.8802165985107,1
11.5508766174316,1
7.93186330795288,1
6.5843243598938,1
7.39597797393799,1
8.89256000518799,1
8.5918140411377,1
5.21011877059937,1
0.150871142745018,1
-4.0406346321106,1
-6.39127922058105,1
-7.76111364364624,1
-8.66096210479736,1
-8.31949329376221,1
-6.67100191116333,1
-6.01955890655518,1
-9.02106380462646,1
-15.145281791687,1
-20.7399654388428,1
-23.1116638183594,1
-23.2367382049561,1
-23.6536140441895,1
-24.9655170440674,1
-25.8055381774902,1
-25.3921947479248,1
-24.2750701904297,1
-22.5920867919922,1
-19.3335742950439,1
-14.0245409011841,1
-7.92608499526978,1
-2.50183939933777,1
2.7816162109375,1
9.99075508117676,1
19.7498950958252,1
29.3630886077881,1
34.8323669433594,1
35.1696434020996,1
34.0317993164062,1
35.9782829284668,1
41.2900505065918,1
46.0103607177734,1
47.483512878418,1
47.8882827758789,1
50.7527389526367,1
55.5200042724609,1
58.0664329528809,1
56.2479591369629,1
52.4393539428711,1
49.9322509765625,1
48.7582473754883,1
46.3813438415527,1
41.5574722290039,1
36.1612167358398,1
33.0506210327148,1
32.6099128723145,1
31.9723262786865,1
28.3182220458984,1
22.7389945983887,1
19.328296661377,1
19.8403434753418,1
21.2106304168701,1
20.04030418396,1
17.5622272491455,1
17.2122535705566,1
18.484058380127,1
17.0954513549805,1
11.5178127288818,1
5.51438474655151,1
2.72122883796692,1
1.8808217048645,1
-0.368043929338455,1
-4.3516993522644,1
-7.5521035194397,1
-8.52011680603027,1
-8.31529235839844,1
-8.78496360778809,1
-11.0907497406006,1
-15.2926959991455,1
-20.0701351165771,1
-23.465705871582,1
-24.7635345458984,1
-24.7247848510742,1
-23.5429859161377,1
-20.4407958984375,1
-16.236608505249,1
-13.8159132003784,1
-13.9790592193604,1
-13.0088586807251,1
-7.19298982620239,1
1.85234498977661,1
9.6162109375,1
15.313455581665,1
22.240873336792,1
31.6216659545898,1
40.0693130493164,1
44.4266510009766,1
45.9578285217285,1
47.8628997802734,1
50.9477996826172,1
53.8504791259766,1
55.9902763366699,1
58.1006698608398,1
60.4195594787598,1
61.9406280517578,1
61.3781318664551,1
58.1996879577637,1
53.0904273986816,1
47.6505966186523,1
42.8426818847656,1
37.7287101745605,1
31.2021255493164,1
25.1403102874756,1
23.5292778015137,1
27.1799221038818,1
31.5094509124756,1
31.7808513641357,1
28.970386505127,1
27.6994037628174,1
29.2391586303711,1
29.8060245513916,1
26.1531829833984,1
19.9667835235596,1
15.3715381622314,1
14.0098390579224,1
14.1687059402466,1
13.6721515655518,1
12.1969089508057,1
11.0883016586304,1
11.6410942077637,1
13.3694515228271,1
14.0755596160889,1
12.4713869094849,1
10.3060531616211,1
9.99626541137695,1
10.0889921188354,1
5.97025108337402,1
-3.35435914993286,1
-11.9694347381592,1
-13.5434513092041,1
-9.33578491210938,1
-5.96605587005615,1
-6.01440668106079,1
-5.48580694198608,1
-1.61177861690521,1
1.63166439533234,1
-0.733289062976837,1
-6.44605398178101,1
-8.11065483093262,1
-2.80700492858887,1
4.64022350311279,1
8.73230934143066,1
9.89541912078857,1
11.815634727478,1
14.788857460022,1
15.1789855957031,1
11.1860027313232,1
6.16736316680908,1
4.80408382415771,1
7.4595422744751,1
10.2764654159546,1
10.7372493743896,1
11.2155866622925,1
15.6954488754272,1
23.9123592376709,1
30.855920791626,1
32.6165313720703,1
30.9468288421631,1
30.545352935791,1
32.9794502258301,1
35.4951629638672,1
35.7305793762207,1
35.2022438049316,1
36.8254623413086,1
40.4088096618652,1
42.4364166259766,1
40.1561470031738,1
34.5949630737305,1
29.181489944458,1
26.0613555908203,1
24.1705188751221,1
20.7118721008301,1
14.2298240661621,1
6.01803970336914,1
-1.63190960884094,1
-8.13222789764404,1
-14.6132354736328,1
-21.1306056976318,1
-25.2920207977295,1
-24.9818553924561,1
-21.6494007110596,1
-18.9811000823975,1
-18.2352027893066,1
-16.9057884216309,1
-12.8755788803101,1
-7.89324045181274,1
-4.96724081039429,1
-3.57567834854126,1
-0.184922829270363,1
6.52993869781494,1
13.7694692611694,1
18.9880104064941,1
23.7860126495361,1
31.24094581604,1
40.6483001708984,1
47.5666580200195,1
49.2325553894043,1
47.8973274230957,1
47.9540405273438,1
51.0575523376465,1
55.2142677307129,1
58.0698165893555,1
59.7079925537109,1
61.6072196960449,1
63.4993286132812,1
62.716854095459,1
57.6256828308105,1
50.8827476501465,1
47.365364074707,1
48.4635162353516,1
50.259162902832,1
48.534839630127,1
44.0097541809082,1
40.797306060791,1
40.7732009887695,1
41.8092994689941,1
41.3392562866211,1
39.3382606506348,1
37.1989898681641,1
35.5137138366699,1
34.0659255981445,1
32.991268157959,1
32.8974113464355,1
34.0047416687012,1
35.4029502868652,1
35.1162872314453,1
31.6120758056641,1
26.0444602966309,1
22.131649017334,1
22.2952995300293,1
24.5228748321533,1
25.015453338623,1
23.6382637023926,1
24.1708354949951,1
28.5258960723877,1
33.3164939880371,1
33.897647857666,1
30.0899505615234,1
25.7776660919189,1
23.6798915863037,1
22.7127742767334,1
20.7275733947754,1
18.1440029144287,1
17.6614990234375,1
20.6762428283691,1
25.0813102722168,1
27.4997596740723,1
27.4358081817627,1
27.8423500061035,1
31.0162200927734,1
35.5208473205566,1
38.6957168579102,1
40.8713455200195,1
44.6958122253418,1
50.7870674133301,1
56.6153755187988,1
59.8641357421875,1
60.6133880615234,1
59.948169708252,1
58.8117332458496,1
58.7312774658203,1
61.1633148193359,1
65.2123718261719,1
68.2208633422852,1
69.3470153808594,1
70.0792617797852,1
70.5188674926758,1
68.3709030151367,1
63.0782279968262,1
57.5151405334473,1
53.2878265380859,1
47.787425994873,1
39.1225929260254,1
30.7441177368164,1
26.7184600830078,1
24.6523361206055,1
18.5602397918701,1
7.88544225692749,1
-1.75614500045776,1
-7.20717477798462,1
-11.7651901245117,1
-18.6746253967285,1
-25.3501014709473,1
-27.5313739776611,1
-26.2190628051758,1
-26.5166893005371,1
-30.5496692657471,1
-34.8019561767578,1
-34.8728065490723,1
-30.8690185546875,1
-27.0582008361816,1
-26.676305770874,1
-27.8919620513916,1
-25.7871150970459,1
-18.6110916137695,1
-10.607967376709,1
-6.97882223129272,1
-7.17027759552002,1
-5.83277988433838,1
-0.0525660812854767,1
7.71769571304321,1
14.6277570724487,1
21.743444442749,1
31.2139015197754,1
41.7844581604004,1
50.0362014770508,1
54.7510719299316,1
57.5136642456055,1
59.787166595459,1
61.597297668457,1
62.5954399108887,1
62.508487701416,1
60.8436279296875,1
57.5771827697754,1
53.5375556945801,1
48.8427238464355,1
42.1421661376953,1
33.2254524230957,1
25.0652351379395,1
20.6399688720703,1
18.5414714813232,1
14.8495254516602,1
9.15771675109863,1
5.10916662216187,1
4.06254911422729,1
1.99176681041718,1
-4.86771726608276,1
-14.1585273742676,1
-20.7039222717285,1
-24.2052669525146,1
-29.6286945343018,1
-39.6268157958984,1
-50.2249870300293,1
-55.9400177001953,1
-56.7718162536621,1
-57.4126739501953,1
-60.5035438537598,1
-63.5315475463867,1
-62.8868141174316,1
-58.7514686584473,1
-54.4923934936523,1
-52.3549957275391,1
-51.4849052429199,1
-50.1225357055664,1
-48.3675537109375,1
-48.0586090087891,1
-50.3432235717773,1
-53.9631652832031,1
-56.1901397705078,1
-55.4897041320801,1
-53.0105171203613,1
-51.0165061950684,1
-50.0169067382812,1
-48.3572578430176,1
-44.9696731567383,1
-41.4176406860352,1
-40.1169319152832,1
-41.1123886108398,1
-41.9443283081055,1
-40.6541061401367,1
-37.6412544250488,1
-34.0989990234375,1
-29.5956554412842,1
-22.1779022216797,1
-10.9077291488647,1
2.1656060218811,1
13.1765432357788,1
20.2192268371582,1
25.811544418335,1
34.4659690856934,1
47.4067039489746,1
61.0764083862305,1
71.775276184082,1
79.9773712158203,1
88.0355834960938,1
95.2179489135742,1
98.3954620361328,1
97.3441696166992,1
95.5442581176758,1
94.6256103515625,1
91.6179580688477,1
83.9963073730469,1
74.4889450073242,1
67.6400299072266,1
63.5467910766602,1
58.7337112426758,1
52.3740005493164,1
47.6726417541504,1
46.5459671020508,1
46.3824119567871,1
43.764762878418,1
39.1740341186523,1
35.9943313598633,1
35.7847480773926,1
36.0380973815918,1
32.5673065185547,1
23.757137298584,1
12.7029161453247,1
4.77625560760498,1
2.23539423942566,1
1.85863208770752,1
-0.661659359931946,1
-4.77414464950562,1
-6.01567125320435,1
-2.84431576728821,1
0.689699530601501,1
0.499586910009384,1
-2.13912391662598,1
-3.20605039596558,1
-2.01258182525635,1
-1.59198951721191,1
-3.76465034484863,1
-6.87363815307617,1
-8.88032817840576,1
-10.3611145019531,1
-13.3402986526489,1
-18.5269165039062,1
-24.7202663421631,1
-30.1762237548828,1
-33.8301048278809,1
-35.6618385314941,1
-36.3686561584473,1
-36.4901733398438,1
-35.9470558166504,1
-34.9916915893555,1
-35.2053108215332,1
-38.0174674987793,1
-41.7030029296875,1
-41.4467239379883,1
-34.0135917663574,1
-21.6526374816895,1
-9.52038669586182,1
0.64859002828598,1
12.1164197921753,1
27.6175746917725,1
44.5964965820312,1
58.2447967529297,1
67.9689483642578,1
77.7277374267578,1
89.8671264648438,1
101.79076385498,1
110.055595397949,1
114.942687988281,1
118.534248352051,1
120.256156921387,1
117.541175842285,1
110.195411682129,1
100.961944580078,1
91.5762100219727,1
81.1054000854492,1
69.0022201538086,1
57.2810707092285,1
48.1532325744629,1
41.1204948425293,1
33.8284339904785,1
24.7407550811768,1
13.9930963516235,1
2.73875069618225,1
-7.3786735534668,1
-15.1829309463501,1
-21.316858291626,1
-27.5929183959961,1
-34.3102188110352,1
-39.7382850646973,1
-43.2826156616211,1
-47.2341346740723,1
-53.4196968078613,1
-59.673454284668,1
-62.3081893920898,1
-61.3270111083984,1
-60.2190933227539,1
-60.5102195739746,1
-59.6035346984863,1
-55.2587242126465,1
-49.684398651123,1
-47.0350570678711,1
-48.2474060058594,1
-50.658374786377,1
-52.2191963195801,1
-53.7484130859375,1
-56.4670639038086,1
-59.1655311584473,1
-59.3337707519531,1
-56.509204864502,1
-53.105541229248,1
-51.7135848999023,1
-52.5231971740723,1
-53.8682174682617,1
-54.4918975830078,1
-54.3207473754883,1
-53.3548927307129,1
-51.0594253540039,1
-47.3553619384766,1
-43.4453887939453,1
-40.8572769165039,1
-39.7501068115234,1
-38.5378570556641,1
-35.1557807922363,1
-28.6314659118652,1
-19.7258415222168,1
-10.3040704727173,1
-1.95017552375793,1
4.95243358612061,1
10.790135383606,1
15.7069702148438,1
19.5651435852051,1
22.8207912445068,1
26.6718368530273,1
31.9956378936768,1
38.5951614379883,1
45.7020034790039,1
52.6477890014648,1
58.6794166564941,1
62.7047691345215,1
63.9471206665039,1
62.8087272644043,1
60.6694450378418,1
58.7108268737793,1
56.9833450317383,1
54.615421295166,1
51.0802040100098,1
47.4165229797363,1
45.8180541992188,1
47.3288269042969,1
49.971794128418,1
50.004711151123,1
45.5517539978027,1
38.5996971130371,1
32.8928527832031,1
30.0424537658691,1
28.2993221282959,1
25.3149719238281,1
21.4231624603271,1
19.1335639953613,1
19.1962547302246,1
18.5726432800293,1
13.8593692779541,1
6.12915515899658,1
0.185724958777428,1
-1.38578248023987,1
-1.08861112594604,1
-2.07797765731812,1
-3.05543875694275,1
-0.227515280246735,1
6.603835105896,1
12.8183403015137,1
14.2228212356567,1
11.463059425354,1
8.56714344024658,1
8.63399696350098,1
11.6757707595825,1
15.5729417800903,1
18.3304538726807,1
19.7852954864502,1
21.2606086730957,1
23.3556842803955,1
24.9069557189941,1
25.1567687988281,1
25.9638900756836,1
29.8998432159424,1
36.4657936096191,1
42.3650207519531,1
45.721752166748,1
47.8270797729492,1
50.1284141540527,1
51.8934020996094,1
52.3017044067383,1
52.8823852539062,1
55.7250022888184,1
60.1987762451172,1
63.4178428649902,1
63.6447792053223,1
61.6306228637695,1
58.7177085876465,1
55.2344284057617,1
51.2283744812012,1
47.6081123352051,1
45.6427383422852,1
45.5881118774414,1
46.3699150085449,1
46.8426895141602,1
47.3392562866211,1
49.6263084411621,1
54.7087554931641,1
60.6698532104492,1
63.7163963317871,1
62.138801574707,1
58.4497146606445,1
56.3342323303223,1
55.9280853271484,1
54.0076713562012,1
49.3352966308594,1
45.6262588500977,1
47.0989990234375,1
52.1595764160156,1
54.4533081054688,1
50.7256050109863,1
44.9173545837402,1
42.7681427001953,1
44.667308807373,1
46.7292098999023,1
47.5484466552734,1
49.9319839477539,1
55.4966011047363,1
61.3300018310547,1
63.9840431213379,1
63.9898262023926,1
63.8072547912598,1
63.3590240478516,1
60.8748588562012,1
57.2989768981934,1
56.5163421630859,1
60.7032890319824,1
67.6626205444336,1
73.237419128418,1
74.6664581298828,1
71.490852355957,1
65.2609939575195,1
59.0042572021484,1
55.2822723388672,1
53.9916763305664,1
53.2091598510742,1
52.261043548584,1
52.205867767334,1
53.0722198486328,1
52.9269065856934,1
50.7231826782227,1
48.0431175231934,1
46.5661277770996,1
45.5804595947266,1
43.8673553466797,1
42.6722755432129,1
44.4026260375977,1
48.6396789550781,1
51.4306831359863,1
49.0596122741699,1
41.6183204650879,1
32.669979095459,1
25.9572849273682,1
22.4017314910889,1
19.9627418518066,1
16.5708065032959,1
13.0314607620239,1
12.0148544311523,1
13.9675884246826,1
15.6778192520142,1
14.1610555648804,1
10.6772422790527,1
8.92948150634766,1
9.82388114929199,1
10.3614063262939,1
8.33572769165039,1
6.04000568389893,1
7.35278367996216,1
11.8443593978882,1
14.2429723739624,1
10.9529647827148,1
5.41555070877075,1
4.43245601654053,1
9.38290500640869,1
14.236403465271,1
13.7138366699219,1
10.3024101257324,1
9.94972801208496,1
13.0512752532959,1
14.5013122558594,1
12.2417936325073,1
10.3567752838135,1
12.0037279129028,1
14.1426410675049,1
12.6291236877441,1
8.90305137634277,1
7.31380033493042,1
7.94353818893433,1
6.66217756271362,1
1.71508252620697,1
-3.74311256408691,1
-6.04331541061401,1
-4.90753793716431,1
-2.5211820602417,1
-1.23554074764252,1
-2.67955851554871,1
-7.00969219207764,1
-12.5932970046997,1
-18.1018676757812,1
-24.6064987182617,1
-33.2831840515137,1
-41.4223976135254,1
-44.1022682189941,1
-40.6389083862305,1
-36.0002784729004,1
-34.000171661377,1
-32.1690864562988,1
-26.2768898010254,1
-17.6237831115723,1
-11.8305997848511,1
-10.9843921661377,1
-11.0450572967529,1
-8.11208724975586,1
-3.89976835250854,1
-2.66925740242004,1
-4.98021554946899,1
-7.67400455474854,1
-9.3251485824585,1
-12.3652381896973,1
-18.9501361846924,1
-27.335901260376,1
-34.0753364562988,1
-38.065845489502,1
-40.4106178283691,1
-41.4870719909668,1
-40.5612525939941,1
-37.8898468017578,1
-34.8529586791992,1
-31.8368530273438,1
-28.05592918396,1
-23.8196792602539,1
-20.9106826782227,1
-20.0635471343994,1
-19.9962291717529,1
-19.6659183502197,1
-19.4206790924072,1
-18.9970436096191,1
-16.8512878417969,1
-13.2053813934326,1
-11.3555793762207,1
-13.3114318847656,1
-15.9377517700195,1
-14.6825618743896,1
-10.0548181533813,1
-6.63004159927368,1
-5.78475666046143,1
-3.74278831481934,1
1.59924113750458,1
5.81943368911743,1
3.31885886192322,1
-4.58859062194824,1
-10.8312969207764,1
-11.5405073165894,1
-10.391167640686,1
-12.9498662948608,1
-19.3443450927734,1
-24.6229038238525,1
-25.1045112609863,1
-22.1219940185547,1
-19.4737815856934,1
-18.8860397338867,1
-18.818998336792,1
-16.9908218383789,1
-13.1186418533325,1
-8.97940826416016,1
-6.12369632720947,1
-4.09907579421997,1
-1.44056379795074,1
1.79955387115479,1
3.60075449943542,1
2.72818470001221,1
1.08918607234955,1
2.05038452148438,1
6.60634183883667,1
12.5659866333008,1
17.7416305541992,1
22.4331932067871,1
27.7552356719971,1
32.6181335449219,1
34.1431999206543,1
31.271183013916,1
26.680908203125,1
24.2289371490479,1
24.8913822174072,1
26.0892028808594,1
25.0606098175049,1
21.9777660369873,1
19.0587100982666,1
17.3311862945557,1
15.7093343734741,1
13.3631162643433,1
11.3769340515137,1
11.0664472579956,1
11.9066514968872,1
12.704270362854,1
14.154408454895,1
18.3302669525146,1
25.4181270599365,1
32.4701309204102,1
36.0958290100098,1
35.6053237915039,1
33.0461006164551,1
30.7542839050293,1
29.3227310180664,1
27.7967739105225,1
25.7158279418945,1
24.5586357116699,1
26.055549621582,1
28.7920703887939,1
28.3824691772461,1
22.693603515625,1
15.3822040557861,1
11.7055006027222,1
11.7453899383545,1
10.9754581451416,1
7.36993789672852,1
4.11162996292114,1
3.99708867073059,1
4.77329444885254,1
2.63814067840576,1
-2.16016101837158,1
-6.31312799453735,1
-8.48382949829102,1
-10.1218147277832,1
-11.8802614212036,1
-12.363073348999,1
-10.8833122253418,1
-9.1312313079834,1
-9.22433757781982,1
-11.4545288085938,1
-14.436710357666,1
-16.4230098724365,1
-16.3762989044189,1
-14.9290189743042,1
-14.3356971740723,1
-16.2574729919434,1
-19.6023025512695,1
-21.9357089996338,1
-23.0440101623535,1
-25.3768119812012,1
-30.4893245697021,1
-36.7783584594727,1
-41.6977081298828,1
-44.7186088562012,1
-46.7380523681641,1
-47.6770210266113,1
-46.4632682800293,1
-43.1975517272949,1
-39.8715400695801,1
-38.5030403137207,1
-39.1888465881348,1
-40.2076721191406,1
-39.6973915100098,1
-37.1794776916504,1
-33.5806770324707,1
-29.682315826416,1
-24.8155078887939,1
-17.9178295135498,1
-9.94004154205322,1
-3.80666041374207,1
-1.00767529010773,1
0.64334100484848,1
4.33790588378906,1
10.0750207901001,1
15.0340538024902,1
17.9601345062256,1
20.8658123016357,1
25.4172782897949,1
29.5479068756104,1
29.6178512573242,1
25.2860145568848,1
20.3904418945312,1
18.7531719207764,1
20.4096908569336,1
22.5538139343262,1
23.168586730957,1
22.5352096557617,1
21.3860149383545,1
19.0528659820557,1
14.58775806427,1
9.16675758361816,1
5.66875457763672,1
5.13570785522461,1
4.94436836242676,1
1.94804775714874,1
-3.25297260284424,1
-7.05732011795044,1
-7.96018648147583,1
-8.9188232421875,1
-13.574239730835,1
-21.5214462280273,1
-28.894437789917,1
-32.997428894043,1
-34.6925163269043,1
-36.0775527954102,1
-37.2622337341309,1
-36.481258392334,1
-33.0160026550293,1
-28.9278602600098,1
-27.1470890045166,1
-27.9972972869873,1
-28.6119251251221,1
-26.5037899017334,1
-22.9156265258789,1
-21.2108840942383,1
-22.2266712188721,1
-23.2013454437256,1
-21.9391860961914,1
-19.9709148406982,1
-19.890022277832,1
-21.070873260498,1
-20.4835529327393,1
-17.2030582427979,1
-13.4678163528442,1
-10.9354677200317,1
-8.46481227874756,1
-4.86681509017944,1
-1.77687454223633,1
-1.82426238059998,1
-5.0671591758728,1
-9.1170768737793,1
-12.117956161499,1
-13.8161582946777,1
-14.208402633667,1
-13.1896696090698,1
-11.5621423721313,1
-10.4622268676758,1
-9.50968551635742,1
-7.44174814224243,1
-5.01620388031006,1
-4.99198579788208,1
-8.0120964050293,1
-10.6688327789307,1
-9.6395788192749,1
-6.05916738510132,1
-3.26505017280579,1
-1.41741263866425,1
2.31154894828796,1
8.19246196746826,1
12.125147819519,1
10.9590873718262,1
7.00059127807617,1
4.79879426956177,1
5.04077863693237,1
4.48033857345581,1
1.36742758750916,1
-2.17541718482971,1
-4.06608247756958,1
-5.94409036636353,1
-10.8256673812866,1
-18.4120235443115,1
-25.2180633544922,1
-29.1906795501709,1
-31.7508926391602,1
-34.4336853027344,1
-35.7851676940918,1
-33.7587738037109,1
-30.1371326446533,1
-29.8977947235107,1
-35.5889358520508,1
-44.0855026245117,1
-49.9887962341309,1
-51.288875579834,1
-50.6789360046387,1
-51.8133239746094,1
-55.2037391662598,1
-57.8097686767578,1
-56.2800903320312,1
-50.5190696716309,1
-43.8451728820801,1
-39.2802696228027,1
-36.2156639099121,1
-31.831298828125,1
-25.4007720947266,1
-19.1635475158691,1
-14.3385419845581,1
-8.6419620513916,1
0.109114371240139,1
9.40401554107666,1
14.086597442627,1
13.0381717681885,1
10.9021587371826,1
11.8657608032227,1
14.1005582809448,1
12.7771778106689,1
7.29369497299194,1
2.30290603637695,1
1.07222485542297,1
0.759385406970978,1
-3.46956586837769,1
-11.1141757965088,1
-16.1433601379395,1
-14.5039567947388,1
-9.28667449951172,1
-6.65608739852905,1
-8.06001377105713,1
-8.94031715393066,1
-5.23618793487549,1
1.12482714653015,1
4.66118860244751,1
3.11836886405945,1
-0.0776689574122429,1
-0.279065281152725,1
3.05807518959045,1
6.61499834060669,1
7.96219301223755,1
8.2980432510376,1
9.86761093139648,1
12.0589780807495,1
11.8376016616821,1
8.0186710357666,1
3.33900475502014,1
1.19182991981506,1
1.40358304977417,1
0.972616732120514,1
-1.21350049972534,1
-2.41083860397339,1
0.220313131809235,1
5.35550403594971,1
8.93434810638428,1
9.48351860046387,1
9.85000991821289,1
12.8388891220093,1
17.0046806335449,1
18.6586112976074,1
17.1002788543701,1
15.3995933532715,1
15.6796722412109,1
15.8984146118164,1
12.7309532165527,1
6.27056884765625,1
0.0941870287060738,1
-2.86007857322693,1
-2.92241668701172,1
-2.20034146308899,1
-1.78594362735748,1
-1.0244460105896,1
0.963917136192322,1
3.50621247291565,1
4.33829641342163,1
1.71823823451996,1
-3.51220345497131,1
-8.85840797424316,1
-13.3030939102173,1
-18.0937728881836,1
-23.7314720153809,1
-28.0906505584717,1
-29.4265518188477,1
-29.7685585021973,1
-32.5444374084473,1
-37.4346160888672,1
-40.7649421691895,1
-41.3206672668457,1
-42.3465728759766,1
-46.1604881286621,1
-49.7409706115723,1
-48.5015525817871,1
-42.8287162780762,1
-37.7853012084961,1
-36.7190132141113,1
-37.9254684448242,1
-38.0590476989746,1
-36.3963088989258,1
-34.2823524475098,1
-31.7970104217529,1
-26.9938945770264,1
-18.7098541259766,1
-9.05584621429443,1
-2.21235513687134,1
-0.605749785900116,1
-2.66668462753296,1
-4.7328782081604,1
-4.89324331283569,1
-4.25594043731689,1
-4.43647146224976,1
-4.90754222869873,1
-3.73750376701355,1
-0.437415033578873,1
3.11821317672729,1
4.88924217224121,1
4.99608421325684,1
5.22336292266846,1
6.56251049041748,1
8.11587905883789,1
8.71575450897217,1
8.81107521057129,1
9.68474769592285,1
10.9243068695068,1
10.0280656814575,1
5.32865810394287,1
-1.5877228975296,1
-7.56501865386963,1
-11.5959310531616,1
-15.5953426361084,1
-21.389835357666,1
-28.1282234191895,1
-33.2950057983398,1
-35.6560974121094,1
-36.5478477478027,1
-38.381778717041,1
-42.2358169555664,1
-47.0471496582031,1
-51.1443786621094,1
-54.182975769043,1
-56.9057083129883,1
-59.18212890625,1
-59.7146263122559,1
-58.4459342956543,1
-57.8377380371094,1
-60.1159019470215,1
-64.0718460083008,1
-66.6169738769531,1
-67.2795715332031,1
-68.9324111938477,1
-73.5172958374023,1
-79.0601043701172,1
-82.1635437011719,1
-82.1495666503906,1
-81.349853515625,1
-81.9312896728516,1
-83.5630569458008,1
-84.0726470947266,1
-81.9008560180664,1
-78.0727386474609,1
-75.60546875,1
-76.229621887207,1
-78.0731887817383,1
-78.1597366333008,1
-77.0853271484375,1
-78.7043228149414,1
-84.1689605712891,1
-89.0459365844727,1
-88.7784271240234,1
-84.9238357543945,1
-82.6064453125,1
-82.9306106567383,1
-82.046630859375,1
-78.0704956054688,1
-74.6611633300781,1
-75.5577392578125,1
-78.758171081543,1
-79.3819580078125,1
-76.6203918457031,1
-74.2328796386719,1
-74.2082214355469,1
-73.1590881347656,1
-66.5854110717773,1
-55.1434745788574,1
-44.7817802429199,1
-40.5408592224121,1
-41.220344543457,1
-40.9599761962891,1
-35.889533996582,1
-27.9553146362305,1
-21.2725276947021,1
-16.0911769866943,1
-9.04339122772217,1
0.531304776668549,1
7.79064464569092,1
8.00620555877686,1
2.79736256599426,1
-2.02136445045471,1
-3.60590529441833,1
-4.12334728240967,1
-6.15824031829834,1
-9.33088970184326,1
-12.1007423400879,1
-14.2188892364502,1
-16.1697254180908,1
-18.1048450469971,1
-20.3918609619141,1
-23.4505844116211,1
-26.0000400543213,1
-25.322826385498,1
-20.6597003936768,1
-14.7355041503906,1
-10.4951219558716,1
-8.02463054656982,1
-6.37099885940552,1
-6.30978441238403,1
-8.41122531890869,1
-9.73951244354248,1
-6.25397062301636,1
1.44516217708588,1
8.36537456512451,1
12.0266571044922,1
15.5490674972534,1
21.7961864471436,1
27.704626083374,1
28.1050395965576,1
23.5477199554443,1
20.1685581207275,1
21.6628036499023,1
25.0999374389648,1
26.0404586791992,1
24.7900047302246,1
25.1466827392578,1
28.6126708984375,1
32.6054267883301,1
34.2802810668945,1
34.1013793945312,1
34.9167327880859,1
38.3723678588867,1
42.8879280090332,1
45.206916809082,1
43.9402351379395,1
41.1468925476074,1
39.520336151123,1
38.2593727111816,1
33.5532913208008,1
23.9232120513916,1
13.0717935562134,1
5.54285287857056,1
1.07426631450653,1
-4.00035285949707,1
-10.4010696411133,1
-14.3193140029907,1
-13.0226774215698,1
-9.12077140808105,1
-7.25381803512573,1
-8.36899375915527,1
-9.59243774414062,1
-8.78499698638916,1
-6.72112274169922,1
-4.74964666366577,1
-2.63321352005005,1
0.131636410951614,1
2.1592698097229,1
0.928526043891907,1
-4.29959440231323,1
-11.2172117233276,1
-16.4956474304199,1
-18.6813564300537,1
-18.6802005767822,1
-17.6650066375732,1
-15.4077615737915,1
-11.2796859741211,1
-6.40250158309937,1
-3.67712998390198,1
-5.15763998031616,1
-9.82838439941406,1
-14.4874114990234,1
-16.7443428039551,1
-16.8407802581787,1
-16.5815505981445,1
-16.9586906433105,1
-17.3897590637207,1
-17.4219207763672,1
-18.439525604248,1
-22.5095233917236,1
-29.293399810791,1
-35.2696876525879,1
-37.0295066833496,1
-34.7108421325684,1
-31.016393661499,1
-27.3436450958252,1
-22.648229598999,1
-16.4488887786865,1
-11.0502405166626,1
-9.2146110534668,1
-10.4560861587524,1
-11.4018211364746,1
-9.87897300720215,1
-7.10508251190186,1
-5.21598339080811,1
-4.03099918365479,1
-1.76262307167053,1
1.65718102455139,1
3.89531898498535,1
3.47216653823853,1
2.24733924865723,1
3.37826704978943,1
7.5361156463623,1
12.553858757019,1
16.53684425354,1
19.7445087432861,1
23.0045204162598,1
25.5786228179932,1
25.5420818328857,1
21.7754383087158,1
15.002236366272,1
7.19327592849731,1
0.240211978554726,1
-5.20189762115479,1
-9.79630661010742,1
-14.1510257720947,1
-17.6100444793701,1
-19.2898483276367,1
-20.0944290161133,1
-22.0655651092529,1
-25.1461086273193,1
-26.3252716064453,1
-23.4827289581299,1
-18.8480186462402,1
-16.6083030700684,1
-17.5858974456787,1
-18.5600662231445,1
-17.1917495727539,1
-15.3503952026367,1
-16.1341381072998,1
-19.1011371612549,1
-20.5602378845215,1
-18.3244800567627,1
-14.266583442688,1
-11.5061454772949,1
-10.3894357681274,1
-8.48818683624268,1
-4.11271142959595,1
1.47643482685089,1
5.75034952163696,1
8.01931476593018,1
10.0294027328491,1
13.4628868103027,1
17.5382499694824,1
19.6954708099365,1
18.4669227600098,1
14.8079500198364,1
10.2405014038086,1
4.734619140625,1
-2.26854705810547,1
-9.30182456970215,1
-13.4572982788086,1
-14.1529369354248,1
-14.2811841964722,1
-16.0468330383301,1
-17.3947582244873,1
-15.1013603210449,1
-10.4766721725464,1
-8.74665546417236,1
-12.3733339309692,1
-18.1144733428955,1
-22.1373691558838,1
-25.2288780212402,1
-30.3824920654297,1
-37.1175270080566,1
-41.5444107055664,1
-41.8013877868652,1
-40.5847663879395,1
-41.6755714416504,1
-46.0055732727051,1
-51.8772735595703,1
-57.2329521179199,1
-60.5237121582031,1
-60.5840644836426,1
-57.0312767028809,1
-50.4814453125,1
-41.8696594238281,1
-32.1790771484375,1
-23.1002864837646,1
-16.7022285461426,1
-13.4786033630371,1
-11.6297435760498,1
-9.35443496704102,1
-7.0254864692688,1
-5.82451963424683,1
-5.09366846084595,1
-3.05844449996948,1
-0.154157295823097,1
0.458664983510971,1
-3.37196326255798,1
-9.87925815582275,1
-15.2341375350952,1
-17.4181804656982,1
-17.325798034668,1
-16.8393478393555,1
-16.9806499481201,1
-17.6199188232422,1
-18.0183353424072,1
-17.6698951721191,1
-17.0408039093018,1
-17.115686416626,1
-17.9041805267334,1
-18.2401828765869,1
-17.6646366119385,1
-17.3259029388428,1
-17.8094120025635,1
-17.3000984191895,1
-13.9382152557373,1
-9.39065933227539,1
-7.67955780029297,1
-10.3690242767334,1
-15.2674789428711,1
-20.2871990203857,1
-25.7948131561279,1
-31.7984790802002,1
-35.6445922851562,1
-35.3175735473633,1
-33.4664535522461,1
-34.9614868164062,1
-40.773120880127,1
-47.146671295166,1
-51.1529731750488,1
-54.1800804138184,1
-58.5248374938965,1
-62.8081245422363,1
-63.3362731933594,1
-59.5505638122559,1
-55.9519309997559,1
-57.7092056274414,1
-65.0942001342773,1
-73.0636520385742,1
-76.3698272705078,1
-74.6542129516602,1
-72.1441040039062,1
-72.5280685424805,1
-74.9872436523438,1
-75.9140853881836,1
-73.9208374023438,1
-71.7582092285156,1
-72.8219299316406,1
-76.7981185913086,1
-79.9046249389648,1
-79.2381744384766,1
-75.6900787353516,1
-71.9995498657227,1
-68.9094009399414,1
-64.8017730712891,1
-59.2720718383789,1
-55.2435913085938,1
-55.8724517822266,1
-60.0965347290039,1
-63.3804244995117,1
-63.1622543334961,1
-61.4551277160645,1
-60.8736038208008,1
-60.0447578430176,1
-55.5019721984863,1
-47.6216468811035,1
-41.8200149536133,1
-42.511100769043,1
-47.5154724121094,1
-50.5373916625977,1
-48.931640625,1
-46.8595428466797,1
-49.5273056030273,1
-55.8696670532227,1
-59.7204780578613,1
-58.5106086730957,1
-57.5803070068359,1
-63.2455711364746,1
-73.6216278076172,1
-80.3574676513672,1
-79.2111587524414,1
-74.4035186767578,1
-71.0301971435547,1
-67.8141098022461,1
-61.2525825500488,1
-53.7428894042969,1
-51.9765472412109,1
-57.5716896057129,1
-64.2301712036133,1
-65.5187072753906,1
-61.6939086914062,1
-56.8849296569824,1
-52.7400550842285,1
-47.9370040893555,1
-42.376091003418,1
-38.6133728027344,1
-38.7662239074707,1
-41.6522216796875,1
-43.7013854980469,1
-42.5040664672852,1
-39.5016403198242,1
-38.7690315246582,1
-42.179615020752,1
-46.277156829834,1
-46.0002632141113,1
-41.7144355773926,1
-39.7619590759277,1
-44.5104675292969,1
-52.4726638793945,1
-56.9674072265625,1
-56.6028594970703,1
-55.4587821960449,1
-55.7192916870117,1
-54.5946235656738,1
-49.8000946044922,1
-44.3427276611328,1
-42.9546775817871,1
-45.6202049255371,1
-47.6731452941895,1
-45.9245796203613,1
-42.1355361938477,1
-39.7708282470703,1
-39.0968856811523,1
-36.9475059509277,1
-31.0078907012939,1
-23.2140483856201,1
-18.2077007293701,1
-18.4747867584229,1
-21.7571754455566,1
-24.0210514068604,1
-24.5403156280518,1
-26.5289936065674,1
-32.2117652893066,1
-38.9067802429199,1
-41.8318748474121,1
-40.2050895690918,1
-38.2904891967773,1
-39.752742767334,1
-42.9939231872559,1
-43.8421859741211,1
-41.6759338378906,1
-40.3194160461426,1
-42.5882759094238,1
-46.4119033813477,1
-48.0801696777344,1
-47.8564720153809,1
-49.8349571228027,1
-56.2343635559082,1
-64.2026901245117,1
-69.4479904174805,1
-71.3698501586914,1
-72.6717300415039,1
-74.5570068359375,1
-74.621711730957,1
-70.3622283935547,1
-63.2830924987793,1
-57.8388557434082,1
-56.4292030334473,1
-56.881965637207,1
-55.5946235656738,1
-52.0895156860352,1
-48.9131088256836,1
-47.2891426086426,1
-45.1113624572754,1
-40.6135597229004,1
-36.2850151062012,1
-36.3742141723633,1
-40.6577644348145,1
-43.5361824035645,1
-40.4494247436523,1
-32.9243202209473,1
-25.4931983947754,1
-19.4645214080811,1
-12.3297624588013,1
-2.55730056762695,1
7.72307014465332,1
15.1539402008057,1
18.3935375213623,1
18.4648342132568,1
17.2922115325928,1
16.3829174041748,1
16.0386714935303,1
15.7361288070679,1
15.83664894104,1
17.9413185119629,1
22.006742477417,1
24.3216075897217,1
21.2825756072998,1
14.9624032974243,1
11.4658794403076,1
12.9178829193115,1
14.6921558380127,1
12.5113286972046,1
8.71054077148438,1
8.01448917388916,1
9.73288822174072,1
8.79965591430664,1
3.77648591995239,1
-0.826191902160645,1
-1.00886785984039,1
1.83033180236816,1
4.20383405685425,1
5.63371610641479,1
7.89211750030518,1
11.0045289993286,1
12.7622032165527,1
11.6950063705444,1
8.43286991119385,1
4.06088447570801,1
-1.30160701274872,1
-7.71094703674316,1
-13.8976621627808,1
-17.1985549926758,1
-15.4689197540283,1
-9.62086772918701,1
-3.95149087905884,1
-2.61038184165955,1
-5.26538610458374,1
-7.50300216674805,1
-6.22768497467041,1
-3.22221827507019,1
-2.04924511909485,1
-2.83372902870178,1
-2.46862840652466,1
0.242013812065125,1
2.07423377037048,1
-0.896164178848267,1
-8.30537605285645,1
-15.4384593963623,1
-17.9011688232422,1
-15.7309980392456,1
-12.8020086288452,1
-12.3930320739746,1
-13.8437032699585,1
-14.2505931854248,1
-13.0340480804443,1
-12.9419708251953,1
-15.7529230117798,1
-19.1856250762939,1
-20.2424411773682,1
-19.8956546783447,1
-21.1313438415527,1
-23.0204181671143,1
-20.8230838775635,1
-12.9930391311646,1
-4.41221523284912,1
-0.520429015159607,1
-0.99844217300415,1
-1.74951171875,1
-0.783160090446472,1
0.967330574989319,1
3.12897062301636,1
6.74229526519775,1
11.9164199829102,1
17.253116607666,1
21.5387840270996,1
24.0414505004883,1
23.7532501220703,1
20.7161483764648,1
17.5941066741943,1
17.2491474151611,1
18.8988666534424,1
19.3009548187256,1
17.4913196563721,1
15.1590194702148,1
12.273549079895,1
6.43062448501587,1
-1.99786245822906,1
-8.04080486297607,1
-8.33576202392578,1
-6.27968597412109,1
-7.53343391418457,1
-12.2206659317017,1
-15.2444801330566,1
-13.544792175293,1
-9.52173042297363,1
-7.0856876373291,1
-7.23353481292725,1
-8.32222747802734,1
-8.64021396636963,1
-7.77167177200317,1
-6.53381681442261,1
-5.87045288085938,1
-5.11878967285156,1
-2.21295642852783,1
2.89888525009155,1
6.26357316970825,1
4.07982397079468,1
-1.59809195995331,1
-4.49420499801636,1
-1.77354347705841,1
3.27296495437622,1
7.17011976242065,1
11.0821695327759,1
17.1636714935303,1
23.2374668121338,1
25.0754528045654,1
22.720516204834,1
20.6934719085693,1
21.8412494659424,1
24.1739101409912,1
24.6068019866943,1
23.219331741333,1
22.2812805175781,1
22.6380405426025,1
22.7109336853027,1
20.592041015625,1
16.1132946014404,1
10.9419441223145,1
7.08151149749756,1
5.24606704711914,1
4.65340757369995,1
4.38789129257202,1
4.4134407043457,1
4.78895378112793,1
4.6019172668457,1
2.70469808578491,1
-0.831652462482452,1
-5.01437950134277,1
-9.33955860137939,1
-13.6416244506836,1
-16.6469306945801,1
-16.2066383361816,1
-11.6225004196167,1
-4.96520662307739,1
0.339777290821075,1
1.89559805393219,1
-0.232283592224121,1
-3.29532861709595,1
-3.29279685020447,1
1.79277169704437,1
9.80432987213135,1
16.6391735076904,1
20.7022476196289,1
23.4970607757568,1
25.7432022094727,1
25.5515518188477,1
21.809663772583,1
16.9613304138184,1
14.136266708374,1
13.3219356536865,1
13.1316118240356,1
14.8520383834839,1
20.8697681427002,1
29.1330051422119,1
33.2145690917969,1
29.5460605621338,1
21.7707347869873,1
15.9759483337402,1
13.9293460845947,1
13.3688068389893,1
13.0438375473022,1
14.2201490402222,1
17.5442752838135,1
21.1432838439941,1
22.4634590148926,1
20.4891395568848,1
15.8355541229248,1
9.79449272155762,1
3.40188455581665,1
-3.37026953697205,1
-11.0978422164917,1
-18.7130317687988,1
-23.0138740539551,1
-22.3972854614258,1
-20.3427772521973,1
-22.3841705322266,1
-29.3353633880615,1
-36.2515449523926,1
-39.0066719055176,1
-39.1271553039551,1
-40.2850570678711,1
-42.401912689209,1
-42.1651382446289,1
-38.4165992736816,1
-34.0585327148438,1
-32.2029418945312,1
-32.4789237976074,1
-32.119987487793,1
-29.6691131591797,1
-26.6461849212646,1
-25.6185626983643,1
-26.9318656921387,1
-27.7620220184326,1
-25.1356563568115,1
-19.910530090332,1
-16.4428424835205,1
-17.4407272338867,1
-20.3871250152588,1
-20.648551940918,1
-17.3437156677246,1
-13.9911642074585,1
-13.3019876480103,1
-13.7343149185181,1
-12.5590829849243,1
-10.6142978668213,1
-11.6346426010132,1
-17.0452461242676,1
-23.6784858703613,1
-27.7114219665527,1
-29.2714309692383,1
-31.2672824859619,1
-34.4510459899902,1
-36.2820777893066,1
-35.3788261413574,1
-34.5865097045898,1
-37.499153137207,1
-43.3511619567871,1
-47.9129829406738,1
-48.8783531188965,1
-47.6212577819824,1
-45.4383316040039,1
-40.9623947143555,1
-32.6855773925781,1
-22.003044128418,1
-12.0269002914429,1
-4.49833345413208,1
0.918435513973236,1
5.35298299789429,1
9.76981449127197,1
14.2062740325928,1
17.1605415344238,1
17.0575675964355,1
14.9448547363281,1
13.6738348007202,1
13.2526979446411,1
9.6580753326416,1
0.66018158197403,1
-9.48800659179688,1
-14.6118087768555,1
-14.4714345932007,1
-14.1559219360352,1
-16.1166400909424,1
-17.1713256835938,1
-14.4953880310059,1
-10.6893157958984,1
-10.4206247329712,1
-14.4240093231201,1
-19.4800281524658,1
-23.1401519775391,1
-26.0903854370117,1
-30.0314273834229,1
-34.8867950439453,1
-38.6225624084473,1
-39.5013046264648,1
-38.4282569885254,1
-38.5854988098145,1
-41.9023017883301,1
-46.3715744018555,1
-48.3662071228027,1
-47.351879119873,1
-46.1926727294922,1
-46.5080413818359,1
-46.2942199707031,1
-43.4086418151855,1
-39.0481414794922,1
-35.6970520019531,1
-33.3915405273438,1
-30.5678234100342,1
-27.567024230957,1
-26.5010356903076,1
-27.7725372314453,1
-29.2340793609619,1
-29.2964324951172,1
-28.9032516479492,1
-29.7316856384277,1
-32.0060615539551,1
-34.7728576660156,1
-36.9091148376465,1
-37.1222076416016,1
-34.3604850769043,1
-29.2195892333984,1
-23.8107490539551,1
-19.3344306945801,1
-15.0696725845337,1
-10.8345956802368,1
-8.68032932281494,1
-9.87783336639404,1
-11.3117170333862,1
-7.93566560745239,1
0.955926597118378,1
10.7742176055908,1
17.9060115814209,1
24.0665149688721,1
32.3388900756836,1
41.271427154541,1
46.1761589050293,1
45.3601684570312,1
41.7727355957031,1
38.4331016540527,1
35.416072845459,1
32.2935562133789,1
30.6003112792969,1
31.7878952026367,1
34.4132270812988,1
35.3982696533203,1
33.2886695861816,1
28.9486236572266,1
24.0169792175293,1
20.01096534729,1
17.9895782470703,1
17.7069244384766,1
17.8913536071777,1
18.3871002197266,1
20.5917434692383,1
24.302396774292,1
26.0201187133789,1
23.0021305084229,1
17.6605567932129,1
14.7147216796875,1
14.6945295333862,1
13.9517450332642,1
11.0636205673218,1
8.91340351104736,1
9.07451248168945,1
8.28733444213867,1
3.28005218505859,1
-4.02820110321045,1
-9.45858097076416,1
-12.4256219863892,1
-15.1332559585571,1
-17.3371963500977,1
-16.116907119751,1
-11.0689144134521,1
-6.27641916275024,1
-5.98147392272949,1
-10.4190483093262,1
-16.6582355499268,1
-21.6897449493408,1
-23.9957695007324,1
-23.729907989502,1
-22.1469326019287,1
-19.8863296508789,1
-15.9567251205444,1
-9.95442771911621,1
-4.79770088195801,1
-4.52673768997192,1
-8.832350730896,1
-12.5938234329224,1
-12.2360830307007,1
-9.89585399627686,1
-9.12929153442383,1
-8.88075065612793,1
-5.06288146972656,1
2.90549230575562,1
10.762451171875,1
15.0339965820312,1
16.9577045440674,1
19.3411350250244,1
21.7200527191162,1
20.9615058898926,1
16.0572204589844,1
10.2364463806152,1
7.54371070861816,1
8.11221885681152,1
7.83663272857666,1
3.11204242706299,1
-4.56167602539062,1
-9.6808614730835,1
-8.76104927062988,1
-4.15925216674805,1
-0.808013498783112,1
-0.146275714039803,1
0.583833158016205,1
3.08094167709351,1
4.75144672393799,1
2.31740832328796,1
-3.25535154342651,1
-7.94879198074341,1
-10.1411018371582,1
-12.190938949585,1
-16.0688133239746,1
-19.7518787384033,1
-19.6641674041748,1
-15.596076965332,1
-11.3116292953491,1
-10.2313365936279,1
-11.9129104614258,1
-13.5017442703247,1
-13.8339166641235,1
-14.7670850753784,1
-18.0148506164551,1
-21.7112197875977,1
-21.7676677703857,1
-17.0259685516357,1
-11.5212755203247,1
-10.1393756866455,1
-12.7817840576172,1
-14.7442264556885,1
-12.8621301651001,1
-9.12173271179199,1
-7.16775512695312,1
-7.09108257293701,1
-5.78635549545288,1
-1.87244403362274,1
2.00338411331177,1
2.51293516159058,1
-0.0559181198477745,1
-2.06890249252319,1
-0.718829274177551,1
3.1857967376709,1
6.88312578201294,1
9.20083904266357,1
11.3524560928345,1
14.2411308288574,1
16.3474502563477,1
15.5436658859253,1
12.5157766342163,1
10.6954212188721,1
12.1506853103638,1
14.7847051620483,1
14.8970165252686,1
11.985767364502,1
9.42464447021484,1
9.99107837677002,1
12.1090183258057,1
11.8812990188599,1
8.39911460876465,1
5.31685876846313,1
6.4029393196106,1
10.8161468505859,1
14.4240694046021,1
15.3617897033691,1
16.1548385620117,1
19.526330947876,1
23.9417667388916,1
25.2627696990967,1
22.1620616912842,1
17.829345703125,1
15.9971017837524,1
17.0070323944092,1
18.8136558532715,1
20.6487579345703,1
23.9086475372314,1
29.2542400360107,1
34.3159790039062,1
35.7483901977539,1
33.5519371032715,1
31.8630123138428,1
34.2483673095703,1
39.1142463684082,1
41.8060150146484,1
41.1942863464355,1
41.4563331604004,1
45.8717842102051,1
51.3555641174316,1
52.1324806213379,1
47.5988121032715,1
42.9402008056641,1
41.8730964660645,1
42.5508995056152,1
42.2441139221191,1
42.6879386901855,1
47.4144172668457,1
55.2450218200684,1
60.1534385681152,1
58.1957015991211,1
52.0311050415039,1
47.213020324707,1
45.5992965698242,1
44.3406600952148,1
40.9817314147949,1
37.4461936950684,1
37.5900917053223,1
41.6131553649902,1
44.9751472473145,1
43.7380676269531,1
39.4582901000977,1
36.9363670349121,1
37.8844146728516,1
39.3870887756348,1
39.038818359375,1
38.8034744262695,1
41.7528495788574,1
46.7397537231445,1
49.1339530944824,1
46.6169776916504,1
41.8819007873535,1
39.1054534912109,1
39.6063575744629,1
41.7985229492188,1
43.8474731445312,1
45.0257949829102,1
45.2389183044434,1
44.4963760375977,1
42.780330657959,1
39.9264831542969,1
35.992603302002,1
32.0153045654297,1
29.4808197021484,1
28.2959022521973,1
26.2880096435547,1
22.0265789031982,1
17.3731956481934,1
15.4093255996704,1
16.0758209228516,1
16.0361461639404,1
13.3695211410522,1
10.1642293930054,1
9.09158515930176,1
9.39204216003418,1
8.57766246795654,1
6.96823263168335,1
7.5943169593811,1
11.3874883651733,1
15.1496877670288,1
15.654149055481,1
14.0229291915894,1
14.2132005691528,1
17.815938949585,1
21.9942245483398,1
22.796142578125,1
19.5518016815186,1
15.3937788009644,1
13.5815553665161,1
13.8910207748413,1
13.3915328979492,1
10.8261785507202,1
8.751389503479,1
9.91969871520996,1
12.6866521835327,1
12.6714553833008,1
9.05493640899658,1
6.11601305007935,1
6.99747133255005,1
8.77464866638184,1
6.59173345565796,1
0.924433588981628,1
-2.8888041973114,1
-1.93250703811646,1
1.1138162612915,1
2.88194823265076,1
4.16315412521362,1
7.92534732818604,1
14.5480432510376,1
21.1786098480225,1
24.8662147521973,1
24.8483142852783,1
22.6342754364014,1
21.1294460296631,1
22.7540988922119,1
27.0858993530273,1
31.0934925079346,1
32.6779594421387,1
32.7475318908691,1
32.597957611084,1
31.1764583587646,1
27.4785499572754,1
24.3323745727539,1
26.3234043121338,1
33.8298492431641,1
42.1947402954102,1
47.5103416442871,1
50.3096542358398,1
52.3331756591797,1
52.6949234008789,1
49.8148460388184,1
45.2914543151855,1
42.8197860717773,1
43.5573081970215,1
44.779655456543,1
43.3830146789551,1
39.2360687255859,1
34.6654586791992,1
31.4906044006348,1
28.9394226074219,1
24.3761348724365,1
16.3794765472412,1
7.06237506866455,1
0.382042706012726,1
-2.07097148895264,1
-2.2028501033783,1
-1.84010851383209,1
-0.137225985527039,1
3.75198364257812,1
7.38408803939819,1
7.45186281204224,1
4.92280864715576,1
4.61723470687866,1
9.09425449371338,1
15.5636930465698,1
19.9491806030273,1
21.7068576812744,1
22.8544750213623,1
23.8577880859375,1
22.8106250762939,1
18.4517841339111,1
12.3135528564453,1
7.38640356063843,1
5.21192264556885,1
4.54068470001221,1
2.97155523300171,1
0.170042410492897,1
-1.13920772075653,1
1.37794244289398,1
5.63148164749146,1
6.79127979278564,1
3.64478039741516,1
0.691945791244507,1
2.06728672981262,1
5.73276424407959,1
6.76469039916992,1
4.88352489471436,1
4.63757848739624,1
8.00106048583984,1
10.9201011657715,1
8.99161815643311,1
3.42787384986877,1
-1.22799062728882,1
-3.22608804702759,1
-4.46139001846313,1
-6.22259759902954,1
-7.16308212280273,1
-5.88358449935913,1
-3.42135238647461,1
-2.23698472976685,1
-3.59543776512146,1
-6.34093379974365,1
-7.85092878341675,1
-6.50784254074097,1
-3.86657333374023,1
-3.78193950653076,1
-8.40816688537598,1
-15.6560688018799,1
-21.7877769470215,1
-25.7866878509521,1
-29.3928699493408,1
-33.2832412719727,1
-35.7201194763184,1
-35.6944732666016,1
-35.1886024475098,1
-36.6718711853027,1
-39.6481971740723,1
-41.5469207763672,1
-41.5174598693848,1
-41.4621658325195,1
-42.9141883850098,1
-44.3022842407227,1
-42.5163230895996,1
-36.9794921875,1
-31.1614990234375,1
-29.386266708374,1
-32.4238243103027,1
-37.1232299804688,1
-40.6440811157227,1
-43.9669075012207,1
-50.1014366149902,1
-59.4216194152832,1
-68.4331665039062,1
-73.4628295898438,1
-74.1209106445312,1
-72.3399353027344,1
-69.3427047729492,1
-65.1911163330078,1
-60.9222145080566,1
-59.2533874511719,1
-62.1448097229004,1
-68.2672958374023,1
-73.8814544677734,1
-76.4035797119141,1
-76.5174789428711,1
-76.3196792602539,1
-75.9067077636719,1
-73.0609893798828,1
-66.8216552734375,1
-60.1145935058594,1
-57.1977348327637,1
-58.7328987121582,1
-61.1522598266602,1
-61.328067779541,1
-60.0303764343262,1
-59.5760116577148,1
-59.8342170715332,1
-58.9933547973633,1
-57.6956062316895,1
-59.5139083862305,1
-66.2291030883789,1
-74.5681457519531,1
-79.3585662841797,1
-79.0268020629883,1
-76.3392181396484,1
-74.0661849975586,1
-71.6465530395508,1
-66.7194137573242,1
-58.921501159668,1
-51.1803169250488,1
-47.186351776123,1
-47.8610153198242,1
-50.4795265197754,1
-51.3254814147949,1
-48.8949699401855,1
-44.0177993774414,1
-37.4468116760254,1
-29.1940364837646,1
-20.8901195526123,1
-16.5113830566406,1
-18.2978954315186,1
-23.068078994751,1
-25.6640205383301,1
-25.910816192627,1
-28.6422595977783,1
-35.8309364318848,1
-42.5059394836426,1
-43.2406005859375,1
-39.7579956054688,1
-38.1931953430176,1
-40.515754699707,1
-43.2351760864258,1
-44.2978324890137,1
-46.3644943237305,1
-51.6742744445801,1
-57.6649932861328,1
-60.3946189880371,1
-59.6727104187012,1
-58.075309753418,1
-56.8401107788086,1
-55.4905204772949,1
-53.9891586303711,1
-52.355354309082,1
-49.1974067687988,1
-43.5869369506836,1
-37.731861114502,1
-34.7546882629395,1
-34.1765632629395,1
-32.909122467041,1
-30.7788219451904,1
-31.1786098480225,1
-35.0353164672852,1
-38.0818977355957,1
-36.8001899719238,1
-33.9360160827637,1
-34.4135322570801,1
-37.8185157775879,1
-39.4004364013672,1
-37.9649963378906,1
-38.0034294128418,1
-42.6841583251953,1
-48.7443389892578,1
-50.9879302978516,1
-49.1286964416504,1
-46.9347496032715,1
-46.1012916564941,1
-44.4868011474609,1
-40.3273277282715,1
-35.1629447937012,1
-31.6278591156006,1
-30.312219619751,1
-29.9197330474854,1
-29.3232498168945,1
-28.54736328125,1
-28.3943977355957,1
-29.5511417388916,1
-31.6273574829102,1
-33.4262390136719,1
-35.1849594116211,1
-39.827766418457,1
-49.8409729003906,1
-62.8325996398926,1
-72.668830871582,1
-75.9197692871094,1
-74.9863739013672,1
-73.7798919677734,1
-72.9012832641602,1
-71.1389541625977,1
-69.3915328979492,1
-69.9231414794922,1
-72.6851654052734,1
-75.2869491577148,1
-76.2862548828125,1
-75.9783401489258,1
-74.1657104492188,1
-69.8645629882812,1
-63.6376647949219,1
-57.9296760559082,1
-54.4442977905273,1
-52.9411354064941,1
-52.8188781738281,1
-53.752326965332,1
-54.3648910522461,1
-52.6726455688477,1
-48.8032341003418,1
-45.1495475769043,1
-42.815788269043,1
-40.210807800293,1
-36.5716247558594,1
-34.3850517272949,1
-35.947582244873,1
-39.3978157043457,1
-41.0025291442871,1
-40.187931060791,1
-39.2334976196289,1
-38.5743217468262,1
-35.8606643676758,1
-30.2618389129639,1
-24.6933765411377,1
-22.3593463897705,1
-23.1476898193359,1
-24.734203338623,1
-25.3885440826416,1
-24.2866859436035,1
-20.8603515625,1
-15.7525959014893,1
-11.2892217636108,1
-9.31598949432373,1
-9.50529479980469,1
-11.1169567108154,1
-14.8040113449097,1
-20.5303573608398,1
-25.2685737609863,1
-25.9437503814697,1
-24.059268951416,1
-23.9859619140625,1
-26.5453720092773,1
-27.9650650024414,1
-26.2547798156738,1
-24.8485240936279,1
-27.4589424133301,1
-32.2112998962402,1
-34.1752166748047,1
-32.0437164306641,1
-28.8606224060059,1
-26.7433757781982,1
-24.1943473815918,1
-19.1600666046143,1
-12.3019580841064,1
-6.22171306610107,1
-2.83126163482666,1
-2.16301083564758,1
-2.86938428878784,1
-3.57771182060242,1
-4.32231426239014,1
-6.32571935653687,1
-9.69978332519531,1
-12.4548292160034,1
-13.4609527587891,1
-15.4478483200073,1
-22.3911838531494,1
-33.7849311828613,1
-44.2081108093262,1
-49.5399436950684,1
-51.1998748779297,1
-52.7322883605957,1
-54.4821586608887,1
-54.1630592346191,1
-51.3541145324707,1
-48.4000396728516,1
-46.8031730651855,1
-45.2859992980957,1
-42.3097877502441,1
-38.6329116821289,1
-36.048412322998,1
-34.6855850219727,1
-32.8912658691406,1
-29.3164939880371,1
-24.1597023010254,1
-18.6620750427246,1
-14.1020526885986,1
-10.9508028030396,1
-8.40321063995361,1
-5.15564775466919,1
-1.11589336395264,1
2.49110817909241,1
5.3955249786377,1
9.20456886291504,1
14.3101587295532,1
17.1805896759033,1
13.728048324585,1
5.27580118179321,1
-2.073481798172,1
-4.8143572807312,1
-5.35673761367798,1
-6.28103494644165,1
-5.22051048278809,1
0.569878995418549,1
7.13292551040649,1
6.76824188232422,1
-1.93106555938721,1
-11.876895904541,1
-16.7242393493652,1
-18.1078643798828,1
-21.1221103668213,1
-26.0188980102539,1
-28.3673915863037,1
-26.1437759399414,1
-22.8186302185059,1
-22.8823757171631,1
-26.8114490509033,1
-31.4913311004639,1
-34.1023902893066,1
-34.3439064025879,1
-33.3123931884766,1
-31.2635707855225,1
-27.2137203216553,1
-21.0443916320801,1
-15.387188911438,1
-13.9962596893311,1
-17.6844177246094,1
-23.0576858520508,1
-26.311824798584,1
-27.2976303100586,1
-28.3748340606689,1
-29.9869995117188,1
-29.56520652771,1
-25.2780456542969,1
-19.0060596466064,1
-14.2227067947388,1
-11.8225660324097,1
-9.57360649108887,1
-5.63776302337646,1
-1.26679384708405,1
0.804743885993958,1
0.0817380174994469,1
-0.693497776985168,1
1.25554573535919,1
5.17593955993652,1
7.5658597946167,1
6.79825782775879,1
5.75152826309204,1
8.48408222198486,1
14.8148860931396,1
20.2270984649658,1
21.7909107208252,1
22.1069393157959,1
25.338623046875,1
30.5713443756104,1
32.2523345947266,1
27.8168296813965,1
22.0032787322998,1
21.5095100402832,1
27.107213973999,1
33.7219276428223,1
37.5600357055664,1
39.9660224914551,1
43.4242210388184,1
46.5349731445312,1
45.3201141357422,1
38.5202369689941,1
29.4085998535156,1
22.2477035522461,1
18.488000869751,1
16.9281959533691,1
16.2991466522217,1
16.4051151275635,1
16.9494247436523,1
16.5227546691895,1
13.7691650390625,1
9.53853702545166,1
7.06555509567261,1
9.26754856109619,1
15.8659381866455,1
23.6735439300537,1
29.8657169342041,1
34.4721412658691,1
39.1964874267578,1
44.1992301940918,1
47.2354316711426,1
46.7231063842773,1
44.7956581115723,1
45.4868621826172,1
49.5439949035645,1
53.0796775817871,1
52.8780937194824,1
51.1155700683594,1
51.9405708312988,1
54.5149230957031,1
53.5751533508301,1
47.3490371704102,1
40.3623733520508,1
36.2784233093262,1
32.4646682739258,1
25.6628360748291,1
19.3891124725342,1
19.9288330078125,1
26.6102104187012,1
32.1876258850098,1
32.9047470092773,1
32.2420349121094,1
33.5387229919434,1
34.8652687072754,1
33.9003219604492,1
32.6198883056641,1
33.2678108215332,1
33.820671081543,1
31.8357448577881,1
29.5377197265625,1
30.4019794464111,1
33.2675132751465,1
34.8279418945312,1
35.9420700073242,1
39.9193840026855,1
45.6831665039062,1
48.700366973877,1
48.8167037963867,1
50.920051574707,1
56.1953735351562,1
58.6602210998535,1
53.6590995788574,1
45.0315437316895,1
39.6089477539062,1
38.0880165100098,1
36.196720123291,1
32.7053565979004,1
30.8454456329346,1
31.8829231262207,1
31.9996185302734,1
27.1036052703857,1
17.8169651031494,1
8.14051342010498,1
1.15870380401611,1
-2.52899312973022,1
-3.61553049087524,1
-2.93472814559937,1
-1.07472407817841,1
1.62643539905548,1
4.49882173538208,1
6.12988138198853,1
5.58801937103271,1
4.1236515045166,1
4.21734046936035,1
6.36918640136719,1
8.27334880828857,1
8.15764331817627,1
7.47670078277588,1
8.5441951751709,1
10.4163932800293,1
9.50906658172607,1
4.54361581802368,1
-1.28675723075867,1
-4.18486356735229,1
-4.17366027832031,1
-4.04993915557861,1
-4.99847984313965,1
-5.489089012146,1
-4.65229654312134,1
-4.65738153457642,1
-8.41360092163086,1
-15.7825260162354,1
-23.298921585083,1
-27.4379253387451,1
-27.3189067840576,1
-24.2684192657471,1
-19.5996150970459,1
-13.4240198135376,1
-5.66221952438354,1
2.20354723930359,1
7.33257961273193,1
8.38537502288818,1
7.74507570266724,1
9.27813339233398,1
13.4426345825195,1
16.3897914886475,1
15.2127513885498,1
12.3325595855713,1
12.1540460586548,1
14.2770862579346,1
13.5338220596313,1
7.60366725921631,1
1.26951229572296,1
0.672006726264954,1
5.57075929641724,1
10.6377277374268,1
13.4937953948975,1
17.5869426727295,1
26.1142749786377,1
36.2100639343262,1
41.5445556640625,1
39.3315391540527,1
32.6382713317871,1
26.2981662750244,1
22.3923053741455,1
19.8112945556641,1
16.6713905334473,1
12.2904233932495,1
7.24530410766602,1
2.14777851104736,1
-3.14236164093018,1
-8.63677024841309,1
-12.8744411468506,1
-13.7340450286865,1
-11.1092224121094,1
-7.52919387817383,1
-5.15144824981689,1
-3.38395547866821,1
-0.957924664020538,1
0.868012607097626,1
-0.435799241065979,1
-4.51187086105347,1
-7.77501010894775,1
-7.90475273132324,1
-6.63793087005615,1
-7.05602121353149,1
-9.76723194122314,1
-13.092472076416,1
-15.8144073486328,1
-18.2870445251465,1
-21.3818111419678,1
-25.3091907501221,1
-29.042407989502,1
-30.4505767822266,1
-27.8844776153564,1
-22.1307353973389,1
-15.7042970657349,1
-9.80757808685303,1
-3.74574756622314,1
1.76636409759521,1
3.17684578895569,1
-1.62892115116119,1
-9.35314273834229,1
-14.7626008987427,1
-17.336181640625,1
-20.8586769104004,1
-26.2692356109619,1
-29.0196685791016,1
-25.5415573120117,1
-19.1656246185303,1
-16.4401035308838,1
-19.1273021697998,1
-22.9468116760254,1
-23.6070175170898,1
-21.0252132415771,1
-17.2827434539795,1
-13.2590703964233,1
-8.84334087371826,1
-4.90222978591919,1
-3.24505567550659,1
-4.82847547531128,1
-8.7935266494751,1
-13.1978578567505,1
-16.4816913604736,1
-18.4962368011475,1
-20.0602931976318,1
-21.1304264068604,1
-19.9930686950684,1
-15.5331888198853,1
-10.0359344482422,1
-7.76003122329712,1
-9.97763156890869,1
-13.1475954055786,1
-13.2456493377686,1
-10.3855590820312,1
-7.42840766906738,1
-5.30332565307617,1
-2.23957753181458,1
2.56437969207764,1
7.04253721237183,1
8.88672256469727,1
8.32406616210938,1
7.14432001113892,1
6.18752670288086,1
5.18592643737793,1
4.53161144256592,1
5.69980144500732,1
9.39733600616455,1
13.8578958511353,1
15.7147903442383,1
12.9993534088135,1
7.17768430709839,1
1.67903971672058,1
-1.63557505607605,1
-3.59151005744934,1
-4.85095405578613,1
-3.47199010848999,1
2.78810095787048,1
12.2898111343384,1
20.0058574676514,1
22.8474159240723,1
22.6594905853271,1
22.9057388305664,1
24.0788688659668,1
24.1035289764404,1
22.2315082550049,1
20.3786373138428,1
20.4663925170898,1
21.9617137908936,1
22.6264324188232,1
20.9734115600586,1
17.7342510223389,1
15.4723558425903,1
16.7426776885986,1
21.8766765594482,1
28.424280166626,1
33.3681144714355,1
35.8431167602539,1
36.9078712463379,1
36.8780670166016,1
34.514045715332,1
29.6289482116699,1
25.011812210083,1
23.9456882476807,1
26.1891651153564,1
28.1824569702148,1
27.5137672424316,1
25.4927845001221,1
24.3363189697266,1
23.3134613037109,1
19.7311573028564,1
13.4739437103271,1
8.35319042205811,1
7.91185808181763,1
11.4157972335815,1
15.7001495361328,1
20.0686187744141,1
26.8322067260742,1
36.4789047241211,1
44.8280258178711,1
47.1957359313965,1
44.3459587097168,1
41.8134536743164,1
43.2118759155273,1
46.478199005127,1
47.5970878601074,1
45.8918151855469,1
43.6208343505859,1
41.4747734069824,1
37.1106071472168,1
28.7399196624756,1
18.471549987793,1
10.8158073425293,1
8.32781600952148,1
9.5918436050415,1
11.4611692428589,1
12.5556659698486,1
13.9261360168457,1
16.3214912414551,1
17.8454151153564,1
15.6901779174805,1
10.2064361572266,1
5.50911664962769,1
4.83441781997681,1
6.56115484237671,1
6.72151708602905,1
4.75553798675537,1
4.24325895309448,1
7.53394794464111,1
12.2236137390137,1
14.5809803009033,1
14.6389694213867,1
15.5714311599731,1
18.855863571167,1
22.6103668212891,1
25.0174217224121,1
27.1801147460938,1
31.2883625030518,1
37.1050148010254,1
41.7231559753418,1
42.6909103393555,1
40.5616607666016,1
38.2121696472168,1
37.9972076416016,1
39.8036575317383,1
41.9873390197754,1
43.936695098877,1
46.7234497070312,1
50.531177520752,1
52.5261535644531,1
49.2356414794922,1
41.1425971984863,1
32.9379081726074,1
28.2949676513672,1
26.1057090759277,1
23.3638610839844,1
20.2276840209961,1
19.71262550354,1
22.6534881591797,1
25.5599956512451,1
24.545919418335,1
19.8421382904053,1
15.0979976654053,1
13.091926574707,1
13.5984792709351,1
15.3134803771973,1
18.3428249359131,1
23.7482242584229,1
31.0501041412354,1
37.4516906738281,1
40.3822937011719,1
40.4113006591797,1
40.5575866699219,1
42.4785537719727,1
44.4383811950684,1
43.9090194702148,1
41.3549880981445,1
39.922061920166,1
41.2633781433105,1
43.073787689209,1
41.719783782959,1
36.6706848144531,1
31.1245536804199,1
28.1167106628418,1
27.1208038330078,1
25.4252967834473,1
22.2287292480469,1
19.6631450653076,1
19.1678771972656,1
18.4059276580811,1
13.5034255981445,1
3.86271810531616,1
-6.96517610549927,1
-15.2140130996704,1
-20.0527801513672,1
-22.5504360198975,1
-23.4471263885498,1
-23.1629543304443,1
-22.7355804443359,1
-23.2015705108643,1
-24.3776683807373,1
-25.112434387207,1
-24.3666019439697,1
-21.500883102417,1
-16.1667518615723,1
-8.65910148620605,1
0.00040317588718608,1
8.60204124450684,1
15.6536922454834,1
18.8260173797607,1
16.3166122436523,1
9.76550960540771,1
4.0957555770874,1
2.70236039161682,1
3.95462727546692,1
4.35968637466431,1
4.0730504989624,1
6.53099966049194,1
12.7015161514282,1
18.6283531188965,1
20.0285091400146,1
17.4368267059326,1
14.9538974761963,1
14.7062358856201,1
14.3847074508667,1
10.5893039703369,1
3.4409077167511,1
-3.2327766418457,1
-6.38806676864624,1
-7.47108316421509,1
-10.4862775802612,1
-16.6071681976318,1
-22.5110511779785,1
-24.9024200439453,1
-24.7232913970947,1
-24.7291851043701,1
-24.3209419250488,1
-20.2678070068359,1
-12.8212432861328,1
-7.45005035400391,1
-8.38634872436523,1
-12.9526376724243,1
-15.1702899932861,1
-13.6013145446777,1
-12.3586111068726,1
-14.5178384780884,1
-17.7338066101074,1
-17.6198654174805,1
-13.3235540390015,1
-8.00926780700684,1
-4.85226202011108,1
-4.14035224914551,1
-4.10224914550781,1
-3.46217131614685,1
-2.76947164535522,1
-3.31155872344971,1
-4.90249967575073,1
-5.55515432357788,1
-4.23918771743774,1
-3.15414714813232,1
-5.19793653488159,1
-9.02477073669434,1
-9.16629028320312,1
-2.53716802597046,1
7.30864715576172,1
14.7417306900024,1
19.2767486572266,1
24.918342590332,1
32.661792755127,1
37.5810699462891,1
35.2119903564453,1
28.0954704284668,1
23.0669136047363,1
23.1730613708496,1
25.237377166748,1
25.5087451934814,1
24.8046875,1
26.3170909881592,1
29.937593460083,1
31.3606929779053,1
27.26171875,1
19.6695747375488,1
13.8402080535889,1
12.3786029815674,1
13.0473260879517,1
12.7835216522217,1
12.316930770874,1
15.0214967727661,1
21.4364910125732,1
27.0556221008301,1
27.0018539428711,1
21.9580860137939,1
17.5765285491943,1
17.8664035797119,1
21.0203914642334,1
22.9641094207764,1
23.4934158325195,1
26.2560882568359,1
32.4287300109863,1
37.2853507995605,1
35.4904327392578,1
28.5999546051025,1
24.1707897186279,1
26.8623352050781,1
33.1865081787109,1
36.790771484375,1
36.6112480163574,1
36.6748390197754,1
38.7194519042969,1
38.8496437072754,1
32.8888359069824,1
22.4256973266602,1
13.2235069274902,1
8.78499317169189,1
7.694176197052,1
7.0051703453064,1
6.08881902694702,1
6.21206045150757,1
7.40362358093262,1
7.10534429550171,1
2.43938088417053,1
-6.37663221359253,1
-15.5179014205933,1
-21.1033477783203,1
-23.0433940887451,1
-24.46262550354,1
-27.4019184112549,1
-30.5979518890381,1
-32.1919708251953,1
-32.9847602844238,1
-35.1946029663086,1
-38.7233467102051,1
-40.7748908996582,1
-39.4361152648926,1
-35.8642082214355,1
-32.1100273132324,1
-28.2130470275879,1
-22.9281692504883,1
-16.7342948913574,1
-12.4012365341187,1
-11.9510469436646,1
-13.9496517181396,1
-14.7398176193237,1
-12.1613216400146,1
-7.24667549133301,1
-2.19467687606812,1
2.26829600334167,1
6.67422533035278,1
10.6398963928223,1
12.3726806640625,1
10.8106718063354,1
7.3930492401123,1
4.90237903594971,1
4.66852807998657,1
5.33904314041138,1
4.51563119888306,1
1.53107571601868,1
-1.63262546062469,1
-2.66007709503174,1
-2.05910110473633,1
-2.8226170539856,1
-6.18395280838013,1
-9.15368938446045,1
-8.28360748291016,1
-5.07121706008911,1
-4.71588087081909,1
-9.09486293792725,1
-14.113561630249,1
-15.7917337417603,1
-16.224006652832,1
-20.3787631988525,1
-28.4382858276367,1
-34.9852485656738,1
-35.8833122253418,1
-32.6717643737793,1
-29.0037631988525,1
-25.5307960510254,1
-20.5943450927734,1
-14.4492340087891,1
-10.0064392089844,1
-9.1041431427002,1
-9.86369323730469,1
-8.76373386383057,1
-4.58494997024536,1
0.757574260234833,1
5.24601030349731,1
9.52232360839844,1
15.6711683273315,1
23.5954093933105,1
30.0381736755371,1
31.9958610534668,1
30.1826038360596,1
27.8962879180908,1
26.8973827362061,1
25.9067993164062,1
23.4155731201172,1
20.5407524108887,1
19.9841938018799,1
22.6233463287354,1
26.1683197021484,1
27.5147342681885,1
26.0337448120117,1
24.0162448883057,1
23.6653232574463,1
24.1684226989746,1
22.7198219299316,1
18.5299301147461,1
14.3891906738281,1
13.0443487167358,1
12.9922847747803,1
9.88662242889404,1
2.27122759819031,1
-5.99048519134521,1
-10.0099325180054,1
-9.23707008361816,1
-7.06222820281982,1
-5.86847543716431,1
-4.5293927192688,1
-1.27523458003998,1
2.79441452026367,1
4.85999250411987,1
4.53885459899902,1
4.81273365020752,1
7.9983983039856,1
12.4546451568604,1
14.9839763641357,1
15.3892812728882,1
16.11350440979,1
17.4993209838867,1
16.5335235595703,1
11.7810125350952,1
6.98523235321045,1
7.10269498825073,1
12.0956363677979,1
17.4729843139648,1
20.4344177246094,1
22.5046730041504,1
25.6342334747314,1
28.4063510894775,1
27.7335739135742,1
23.0380344390869,1
17.3428173065186,1
14.4672718048096,1
15.5169448852539,1
17.8305530548096,1
17.6253242492676,1
14.248194694519,1
10.9832944869995,1
10.3822193145752,1
9.95677185058594,1
5.10251712799072,1
-4.01074647903442,1
-11.755166053772,1
-14.2723226547241,1
-14.3497295379639,1
-17.0282039642334,1
-22.7198619842529,1
-27.4828987121582,1
-28.7707557678223,1
-27.8820056915283,1
-26.9593696594238,1
-26.2673625946045,1
-25.1412563323975,1
-23.7906379699707,1
-23.0546245574951,1
-23.0911140441895,1
-22.9880447387695,1
-21.5930023193359,1
-18.8222637176514,1
-16.2316341400146,1
-15.602087020874,1
-16.5286712646484,1
-16.3942947387695,1
-13.6043109893799,1
-9.7770299911499,1
-7.36313009262085,1
-6.07866954803467,1
-3.72567510604858,1
-0.188990205526352,1
1.7516758441925,1
0.235858201980591,1
-2.95120620727539,1
-4.65370798110962,1
-4.11869382858276,1
-3.15872931480408,1
-3.1839165687561,1
-3.45003485679626,1
-2.43423390388489,1
-0.122733682394028,1
1.69039964675903,1
1.4298369884491,1
-0.30931156873703,1
-1.40512108802795,1
-0.842207312583923,1
0.194227874279022,1
0.423001110553741,1
0.539104759693146,1
1.64443325996399,1
2.16450786590576,1
-1.43400359153748,1
-10.0447158813477,1
-19.6663360595703,1
-25.2010059356689,1
-25.843770980835,1
-25.3477630615234,1
-26.9998836517334,1
-29.5418872833252,1
-28.8572292327881,1
-23.3762016296387,1
-16.6947212219238,1
-13.8376550674438,1
-15.3296184539795,1
-16.7331428527832,1
-14.6858615875244,1
-11.2126607894897,1
-9.93905258178711,1
-9.81257724761963,1
-6.25888013839722,1
1.56731534004211,1
8.69636154174805,1
10.9714727401733,1
10.3474397659302,1
11.1318235397339,1
13.6670179367065,1
15.013427734375,1
14.2820634841919,1
13.7481079101562,1
15.0375366210938,1
17.1256694793701,1
18.2886943817139,1
17.8817749023438,1
16.1538257598877,1
14.0938329696655,1
13.1448011398315,1
13.3291530609131,1
12.4806308746338,1
9.535231590271,1
7.3942084312439,1
9.23683547973633,1
12.7136869430542,1
12.0533838272095,1
6.41338634490967,1
1.63520073890686,1
2.01201891899109,1
4.67586183547974,1
5.07902193069458,1
4.1455192565918,1
5.60154867172241,1
8.67382717132568,1
8.62390804290771,1
4.13616418838501,1
-0.448269903659821,1
-1.25399672985077,1
0.322868049144745,1
0.589389860630035,1
-1.15905523300171,1
-2.30913615226746,1
-0.571011900901794,1
3.70611381530762,1
8.38647174835205,1
11.7953300476074,1
14.3263235092163,1
17.9379119873047,1
23.4541282653809,1
28.5777606964111,1
29.8650054931641,1
26.8526401519775,1
22.7136917114258,1
20.160026550293,1
18.226541519165,1
14.3858480453491,1
8.64522075653076,1
3.68128943443298,1
1.26311087608337,1
0.41506028175354,1
-0.457017183303833,1
-1.20482349395752,1
-0.828968644142151,1
0.13683508336544,1
-0.377951264381409,1
-3.38694643974304,1
-7.2227029800415,1
-9.22285938262939,1
-8.74791431427002,1
-7.78518724441528,1
-8.36586570739746,1
-10.0833406448364,1
-10.9848165512085,1
-10.6570234298706,1
-11.1090927124023,1
-13.9265146255493,1
-17.7134876251221,1
-19.8372268676758,1
-20.0979614257812,1
-20.6297016143799,1
-22.0178833007812,1
-22.0073089599609,1
-19.4936809539795,1
-17.6135730743408,1
-20.1700191497803,1
-25.9352283477783,1
-29.5155029296875,1
-28.0765342712402,1
-24.471643447876,1
-22.7518100738525,1
-22.9600429534912,1
-22.005916595459,1
-18.0542697906494,1
-12.2651233673096,1
-7.15515565872192,1
-4.69219827651978,1
-5.20781183242798,1
-6.96735668182373,1
-7.64244222640991,1
-7.19650745391846,1
-8.03875350952148,1
-11.1418371200562,1
-13.9297847747803,1
-14.2939252853394,1
-14.9606246948242,1
-20.3255443572998,1
-29.3938255310059,1
-35.6665573120117,1
-34.8862457275391,1
-29.5969257354736,1
-24.5420150756836,1
-20.6049156188965,1
-15.760199546814,1
-9.8473596572876,1
-5.33503484725952,1
-4.00837993621826,1
-5.18535089492798,1
-6.97992086410522,1
-7.67797183990479,1
-6.19559049606323,1
-2.72062301635742,1
1.18245780467987,1
4.09523487091064,1
5.9570107460022,1
7.05599403381348,1
6.99204635620117,1
5.93555927276611,1
5.57175588607788,1
6.82902240753174,1
7.74339008331299,1
5.98176145553589,1
2.7626576423645,1
1.48746621608734,1
2.70571494102478,1
3.50069093704224,1
2.27771258354187,1
0.947864830493927,1
1.10801076889038,1
1.05223858356476,1
-1.31227695941925,1
-4.83595132827759,1
-6.83327436447144,1
-6.85857772827148,1
-6.41145801544189,1
-6.07411336898804,1
-5.3689661026001,1
-4.60864925384521,1
-4.37700796127319,1
-3.6650025844574,1
-1.09167468547821,1
2.17376327514648,1
3.39509606361389,1
2.44449424743652,1
2.13919830322266,1
3.44910097122192,1
3.30386471748352,1
-0.702608227729797,1
-5.66441583633423,1
-6.40861558914185,1
-2.17856645584106,1
2.85462641716003,1
5.74590396881104,1
8.19059562683105,1
12.4498872756958,1
16.7011775970459,1
17.4032173156738,1
15.1302537918091,1
14.5592079162598,1
17.9099597930908,1
21.3833866119385,1
20.3410530090332,1
16.0950241088867,1
14.2534170150757,1
16.6306533813477,1
18.3921909332275,1
14.7262754440308,1
7.45723628997803,1
2.27248477935791,1
1.12096011638641,1
0.799525797367096,1
-1.38697397708893,1
-4.28198099136353,1
-6.19807720184326,1
-8.34036922454834,1
-12.6034679412842,1
-17.8407592773438,1
-20.8242950439453,1
-20.1217021942139,1
-17.0305252075195,1
-13.195556640625,1
-9.15096092224121,1
-5.02453327178955,1
-1.08774888515472,1
2.45626592636108,1
5.22382116317749,1
6.61728620529175,1
7.10309410095215,1
8.63100910186768,1
12.1038179397583,1
15.2238864898682,1
15.0472650527954,1
12.2120304107666,1
10.0335597991943,1
9.4432487487793,1
7.9189133644104,1
4.29924964904785,1
1.44334197044373,1
1.98805630207062,1
3.8687732219696,1
2.83556342124939,1
-1.87866592407227,1
-7.106614112854,1
-10.4064245223999,1
-12.6882219314575,1
-16.0084686279297,1
-20.615571975708,1
-24.7770328521729,1
-26.6232299804688,1
-25.9352855682373,1
-24.3827667236328,1
-23.3358745574951,1
-21.1892910003662,1
-14.6823396682739,1
-4.25984954833984,1
4.02866744995117,1
4.88635206222534,1
0.800110876560211,1
-0.837486386299133,1
2.70897698402405,1
6.91839170455933,1
7.79869556427002,1
7.80336999893188,1
11.1269540786743,1
16.4583034515381,1
18.634313583374,1
16.1586170196533,1
12.9384756088257,1
12.3665475845337,1
13.1366548538208,1
12.1392841339111,1
9.00425148010254,1
5.93407249450684,1
4.18066453933716,1
2.23135161399841,1
-2.60777807235718,1
-11.245623588562,1
-21.1614208221436,1
-27.951976776123,1
-29.4028759002686,1
-27.8272686004639,1
-27.1404972076416,1
-27.860279083252,1
-27.0405235290527,1
-23.6875820159912,1
-21.7089042663574,1
-25.2996692657471,1
-32.8217697143555,1
-38.0848541259766,1
-37.6537055969238,1
-34.342456817627,1
-32.7112655639648,1
-33.4790649414062,1
-34.2414360046387,1
-34.0819511413574,1
-34.619686126709,1
-36.4752540588379,1
-37.3725662231445,1
-35.1235504150391,1
-30.7608318328857,1
-26.8155174255371,1
-23.5260334014893,1
-19.1282825469971,1
-13.7896127700806,1
-10.6625785827637,1
-11.8902883529663,1
-15.4676027297974,1
-17.769926071167,1
-17.9926528930664,1
-18.199743270874,1
-19.6939792633057,1
-21.5028057098389,1
-22.5881462097168,1
-23.6893367767334,1
-26.1914043426514,1
-30.1834259033203,1
-34.1927032470703,1
-36.2434577941895,1
-35.2265396118164,1
-32.1912879943848,1
-30.1556491851807,1
-31.2466888427734,1
-33.8977165222168,1
-34.5395584106445,1
-32.5674934387207,1
-31.6683807373047,1
-34.8993759155273,1
-40.1587524414062,1
-42.636848449707,1
-40.8175811767578,1
-37.6027030944824,1
-35.5185165405273,1
-33.2783088684082,1
-28.2278537750244,1
-20.5799427032471,1
-13.5572261810303,1
-9.76949214935303,1
-8.67714500427246,1
-7.70644903182983,1
-5.0694785118103,1
-1.11620128154755,1
2.80621576309204,1
6.32141256332397,1
10.2982053756714,1
14.9826345443726,1
18.715913772583,1
19.7659244537354,1
19.262845993042,1
20.648681640625,1
25.5592212677002,1
31.8364868164062,1
36.8341522216797,1
41.0730056762695,1
46.4486846923828,1
51.8823013305664,1
53.8118743896484,1
51.2636299133301,1
47.4765014648438,1
45.2705154418945,1
43.4220657348633,1
39.669792175293,1
35.2463607788086,1
33.5790023803711,1
35.2920036315918,1
37.1303253173828,1
35.8876495361328,1
31.4617919921875,1
25.9027862548828,1
21.1075973510742,1
17.7357959747314,1
15.2135667800903,1
12.759482383728,1
11.1507959365845,1
12.5253858566284,1
16.9523639678955,1
20.5557804107666,1
19.8070850372314,1
16.9890327453613,1
17.8161640167236,1
23.2117614746094,1
27.3128395080566,1
25.3196678161621,1
19.6784973144531,1
15.531268119812,1
12.9825534820557,1
8.08852291107178,1
0.159299522638321,1
-6.54261922836304,1
-8.91594886779785,1
-9.03018188476562,1
-10.3849782943726,1
-12.8539924621582,1
-13.5495281219482,1
-11.3038654327393,1
-8.2744779586792,1
-7.53023433685303,1
-10.2796201705933,1
-15.157675743103,1
-19.3786277770996,1
-20.8596286773682,1
-19.7606792449951,1
-17.6957111358643,1
-15.5133953094482,1
-12.9066696166992,1
-10.3161573410034,1
-9.42513847351074,1
-10.7238426208496,1
-12.261116027832,1
-12.4915084838867,1
-12.909499168396,1
-15.5031099319458,1
-18.5283317565918,1
-17.8680934906006,1
-12.9060029983521,1
-8.29530334472656,1
-8.73611164093018,1
-14.0039434432983,1
-20.3524990081787,1
-24.9553356170654,1
-27.3253993988037,1
-27.832160949707,1
-26.9736824035645,1
-25.7802886962891,1
-25.4245681762695,1
-26.3334484100342,1
-28.2157516479492,1
-30.3858222961426,1
-31.5136814117432,1
-30.0561275482178,1
-25.8639945983887,1
-20.440185546875,1
-14.6641578674316,1
-7.48400831222534,1
1.67704796791077,1
10.3920736312866,1
15.3080749511719,1
16.4445648193359,1
17.3232536315918,1
20.6067810058594,1
25.5254173278809,1
30.2120952606201,1
34.6646728515625,1
39.8705902099609,1
44.9412956237793,1
46.8875961303711,1
43.6387100219727,1
36.5652236938477,1
29.5027694702148,1
25.2924671173096,1
23.4546051025391,1
21.3914356231689,1
17.6883277893066,1
13.6022548675537,1
10.9231290817261,1
9.05274772644043,1
5.38267183303833,1
-1.24174845218658,1
-8.5128927230835,1
-12.9711875915527,1
-13.7909297943115,1
-13.1662521362305,1
-13.0126457214355,1
-12.7265615463257,1
-11.0953874588013,1
-9.26693820953369,1
-9.95943450927734,1
-13.7010822296143,1
-17.6476211547852,1
-19.0143585205078,1
-18.3828086853027,1
-18.3105926513672,1
-19.4851379394531,1
-19.9021797180176,1
-17.9140739440918,1
-14.8061122894287,1
-13.7196025848389,1
-16.4722099304199,1
-21.8373489379883,1
-26.8674621582031,1
-29.6919708251953,1
-30.6990337371826,1
-30.8322868347168,1
-29.6079483032227,1
-26.1848659515381,1
-22.1035385131836,1
-20.8096084594727,1
-23.510368347168,1
-27.3533916473389,1
-29.2737331390381,1
-29.9973735809326,1
-31.925085067749,1
-34.1939697265625,1
-33.0337181091309,1
-27.3623847961426,1
-21.1034717559814,1
-18.3983116149902,1
-18.4537162780762,1
-17.1502056121826,1
-12.7635202407837,1
-7.8691725730896,1
-5.40519046783447,1
-4.67835712432861,1
-2.53079438209534,1
2.17212700843811,1
6.69557523727417,1
7.67006349563599,1
5.32422018051147,1
3.23855352401733,1
3.85981011390686,1
5.6238055229187,1
5.3582911491394,1
2.41222643852234,1
-1.15687561035156,1
-4.02031183242798,1
-7.19268178939819,1
-11.6258869171143,1
-15.8917760848999,1
-17.6980400085449,1
-16.8656101226807,1
-15.2067975997925,1
-13.638219833374,1
-11.0098752975464,1
-6.30754518508911,1
-0.780126810073853,1
3.12102150917053,1
4.33693742752075,1
3.82129573822021,1
2.9006233215332,1
2.00212240219116,1
1.09076833724976,1
0.525934219360352,1
0.986984014511108,1
2.77358365058899,1
5.35441827774048,1
7.49362421035767,1
7.98224496841431,1
6.64358806610107,1
4.55613279342651,1
2.87926697731018,1
1.59779369831085,1
0.00388586590997875,1
-1.73347580432892,1
-2.48265695571899,1
-2.04568338394165,1
-2.25280976295471,1
-5.14307403564453,1
-10.1352071762085,1
-13.8345937728882,1
-13.1354427337646,1
-8.30855751037598,1
-2.55208849906921,1
1.58504903316498,1
4.63364505767822,1
8.2794828414917,1
11.5774955749512,1
11.0200166702271,1
5.28737306594849,1
-1.77419555187225,1
-4.92034387588501,1
-3.47478842735291,1
-1.3359979391098,1
-1.33940970897675,1
-2.26606416702271,1
-2.12049603462219,1
-1.75500595569611,1
-3.3823254108429,1
-7.03851270675659,1
-10.5102872848511,1
-12.0809106826782,1
-11.8108386993408,1
-10.5836095809937,1
-9.20774269104004,1
-8.20858287811279,1
-7.61985301971436,1
-7.35619211196899,1
-8.23850631713867,1
-11.5438175201416,1
-16.7221145629883,1
-21.0137786865234,1
-22.7052841186523,1
-23.2774524688721,1
-24.4955520629883,1
-25.0340938568115,1
-22.8474731445312,1
-19.7763080596924,1
-20.0116081237793,1
-23.7485466003418,1
-26.1181259155273,1
-23.7415180206299,1
-19.0289001464844,1
-15.9506168365479,1
-14.5254507064819,1
-12.4475994110107,1
-10.0429840087891,1
-9.97406768798828,1
-12.6837472915649,1
-15.3226003646851,1
-15.386547088623,1
-13.0298080444336,1
-9.58130550384521,1
-5.96080303192139,1
-2.97330904006958,1
-1.34961497783661,1
-1.10616338253021,1
-2.22450637817383,1
-5.53457164764404,1
-10.8247766494751,1
-14.6220445632935,1
-13.0987520217896,1
-7.64015293121338,1
-3.88828158378601,1
-3.73951649665833,1
-2.09576654434204,1
5.4256763458252,1
14.7458295822144,1
17.7190799713135,1
12.7157363891602,1
6.00514602661133,1
2.60862851142883,1
0.566964328289032,1
-3.97644734382629,1
-9.94915771484375,1
-12.9077281951904,1
-11.5885486602783,1
-9.65528011322021,1
-10.9533929824829,1
-15.1303863525391,1
-18.5901927947998,1
-18.7112979888916,1
-16.264741897583,1
-13.6875324249268,1
-11.6275854110718,1
-8.31799602508545,1
-2.83208608627319,1
2.45584845542908,1
4.41634321212769,1
3.48704671859741,1
3.19439315795898,1
5.34321403503418,1
8.17597389221191,1
10.0618352890015,1
12.4048366546631,1
17.0164260864258,1
22.3763236999512,1
24.7886066436768,1
22.5448837280273,1
17.2339496612549,1
11.486346244812,1
6.86435508728027,1
3.41579008102417,1
-0.0325916893780231,1
-4.63366985321045,1
-9.56520175933838,1
-12.3574094772339,1
-12.4512271881104,1
-12.9172172546387,1
-16.4777431488037,1
-21.1409912109375,1
-22.7422351837158,1
-21.0917568206787,1
-20.0240440368652,1
-21.1620712280273,1
-21.5849285125732,1
-19.1915912628174,1
-16.7603034973145,1
-17.9397525787354,1
-21.7329425811768,1
-24.1131534576416,1
-23.5559463500977,1
-21.7986736297607,1
-19.990364074707,1
-17.3229885101318,1
-13.5155029296875,1
-9.91422462463379,1
-7.5883674621582,1
-6.34987020492554,1
-5.99540185928345,1
-6.6370096206665,1
-7.58000040054321,1
-7.85998201370239,1
-8.15166568756104,1
-9.93938159942627,1
-12.352484703064,1
-12.4211225509644,1
-9.57302856445312,1
-7.22212553024292,1
-7.98352718353271,1
-9.62496566772461,1
-8.35552501678467,1
-4.35806035995483,1
-0.877932965755463,1
1.16925024986267,1
4.03907346725464,1
8.55432891845703,1
12.3591012954712,1
14.104455947876,1
16.3145160675049,1
21.8755073547363,1
29.7479438781738,1
36.5969543457031,1
41.3001365661621,1
45.2618179321289,1
48.9561729431152,1
50.8061065673828,1
49.7389907836914,1
46.8826217651367,1
44.2102699279785,1
42.8049774169922,1
42.6593437194824,1
43.015251159668,1
42.9191856384277,1
42.5155296325684,1
43.1816215515137,1
44.712589263916,1
43.334545135498,1
35.5968475341797,1
24.3528308868408,1
17.2375221252441,1
17.7024688720703,1
20.8937282562256,1
20.8521690368652,1
18.6933555603027,1
19.8357219696045,1
25.0269374847412,1
28.8188247680664,1
27.0700359344482,1
21.942361831665,1
18.1271476745605,1
17.0187339782715,1
16.3929061889648,1
14.0658893585205,1
10.28089427948,1
7.37568235397339,1
7.88343286514282,1
12.1538829803467,1
17.746374130249,1
22.3944187164307,1
27.2072601318359,1
34.6928749084473,1
43.573429107666,1
48.7945823669434,1
48.1775894165039,1
46.021167755127,1
47.3370704650879,1
50.6882858276367,1
50.3526649475098,1
44.7193908691406,1
38.7375679016113,1
37.511402130127,1
40.7316780090332,1
44.9056396484375,1
48.4587936401367,1
52.1696166992188,1
55.799243927002,1
56.9560699462891,1
53.7475318908691,1
47.1260452270508,1
39.862133026123,1
33.7623977661133,1
28.5337429046631,1
23.3127326965332,1
18.618766784668,1
15.8803768157959,1
14.7832622528076,1
12.2395792007446,1
5.47199535369873,1
-4.09991884231567,1
-11.7090578079224,1
-14.3578968048096,1
-13.3926334381104,1
-11.124813079834,1
-6.98485946655273,1
0.597585082054138,1
9.55290412902832,1
14.6418714523315,1
13.436128616333,1
9.56832790374756,1
8.542311668396,1
11.8027820587158,1
16.6398601531982,1
20.8933200836182,1
25.4600067138672,1
31.8464031219482,1
38.8715744018555,1
42.8951148986816,1
41.1386413574219,1
34.5501441955566,1
27.4487533569336,1
24.0331001281738,1
24.8417987823486,1
26.9147396087646,1
27.6473579406738,1
27.5995674133301,1
28.6862087249756,1
30.7318782806396,1
31.8224582672119,1
31.9091243743896,1
33.7086753845215,1
38.9572372436523,1
45.5649757385254,1
50.2464408874512,1
52.9145660400391,1
56.2877655029297,1
61.2495918273926,1
64.8737335205078,1
64.2255783081055,1
60.67431640625,1
58.5225677490234,1
59.5862846374512,1
61.0912094116211,1
59.8750991821289,1
57.0836372375488,1
56.4762001037598,1
58.3148040771484,1
57.674186706543,1
50.4771728515625,1
39.4488906860352,1
31.5053939819336,1
29.7485961914062,1
30.7472152709961,1
30.0981464385986,1
27.7669906616211,1
26.1838817596436,1
25.2814750671387,1
22.2689762115479,1
15.7298622131348,1
7.49195432662964,1
0.272444903850555,1
-4.60640478134155,1
-6.83952188491821,1
-6.40535116195679,1
-4.15172529220581,1
-1.80971419811249,1
-0.447017788887024,1
0.218979135155678,1
0.370663493871689,0
-0.745788037776947,0
-3.07223844528198,0
-4.33303356170654,0
-2.20164442062378,0
2.41260814666748,0
5.89327239990234,0
5.92799282073975,0
3.65106868743896,0
1.49064266681671,0
0.358240067958832,0
-0.117800280451775,0
0.248256385326385,0
2.20884013175964,0
5.35294103622437,0
7.64516019821167,0
7.31785011291504,0
4.85232257843018,0
2.74534392356873,0
3.44123721122742,0
7.53098487854004,0
13.6170902252197,0
19.5524711608887,0
23.7988529205322,0
25.9535827636719,0
26.4794235229492,0
26.2127838134766,0
25.9076442718506,0
25.8006763458252,0
25.5677947998047,0
25.0406303405762,0
24.9298286437988,0
26.257495880127,0
28.8549613952637,0
31.0708236694336,0
31.5224170684814,0
30.661075592041,0
29.8863754272461,0
29.4941501617432,0
28.5426273345947,0
26.7473812103271,0
25.2787475585938,0
25.0210227966309,0
24.94264793396,0
23.2607250213623,0
19.8615112304688,0
16.4422702789307,0
14.1681566238403,0
12.2544631958008,0
9.40824222564697,0
5.85276126861572,0
2.99044561386108,0
1.37511932849884,0
0.0264224596321583,0
-2.0497829914093,0
-4.4141788482666,0
-5.66963529586792,0
-4.88631010055542,0
-2.14890813827515,0
1.87801766395569,0
6.42379808425903,0
10.9663953781128,0
15.6328630447388,0
20.9665603637695,0
26.7555465698242,0
31.490894317627,0
33.881893157959,0
34.7582397460938,0
36.4013900756836,0
39.7959747314453,0
43.5621757507324,0
45.9969902038574,0
47.154956817627,0
48.3079299926758,0
50.3635482788086,0
53.6956520080566,0
58.5443534851074,0
64.2177581787109,0
68.4393081665039,0
69.0172348022461,0
66.1797790527344,0
62.0800933837891,0
58.0553436279297,0
53.7185668945312,0
48.8633918762207,0
44.6238479614258,0
41.9236717224121,0
39.9850921630859,0
37.4648094177246,0
34.3662376403809,0
31.8606376647949,0
30.707727432251,0
30.7241802215576,0
31.4160385131836,0
32.2532730102539,0
32.5186920166016,0
31.666862487793,0
29.8400535583496,0
27.6355819702148,0
25.6281833648682,0
24.4664936065674,0
24.8094902038574,0
26.3997344970703,0
27.7020645141602,0
27.4482517242432,0
26.2757568359375,0
25.8553142547607,0
26.6380519866943,0
27.6628398895264,0
28.5631408691406,0
30.3255653381348,0
33.520435333252,0
36.9714889526367,0
39.0471420288086,0
39.4843368530273,0
39.0932006835938,0
38.3339004516602,0
37.1725807189941,0
35.8394432067871,0
34.4813003540039,0
32.1006126403809,0
27.1418418884277,0
19.7742080688477,0
12.7738828659058,0
9.16454219818115,0
9.13183307647705,0
10.0932121276855,0
9.98035430908203,0
9.62644004821777,0
11.233226776123,0
15.071572303772,0
18.9836959838867,0
21.355281829834,0
23.256103515625,0
26.6446228027344,0
31.3332099914551,0
35.154411315918,0
36.8390235900879,0
37.2593269348145,0
37.705924987793,0
38.363224029541,0
38.919261932373,0
39.312126159668,0
39.1507720947266,0
37.643138885498,0
35.0101852416992,0
32.7782440185547,0
31.5303325653076,0
29.5472736358643,0
25.214786529541,0
19.8040657043457,0
15.9400129318237,0
13.8920831680298,0
11.5558090209961,0
7.96617794036865,0
4.44813013076782,0
1.84573888778687,0
-0.96685117483139,0
-4.71787071228027,0
-8.12271404266357,0
-10.3846750259399,0
-13.4827098846436,0
-19.5442638397217,0
-26.8595142364502,0
-31.0463962554932,0
-30.1251392364502,0
-26.2726554870605,0
-22.2764301300049,0
-18.4147834777832,0
-13.7831840515137,0
-8.82927417755127,0
-4.77007865905762,0
-1.21560907363892,0
3.89846801757812,0
11.7208662033081,0
20.73362159729,0
28.0351085662842,0
32.0725631713867,0
33.8654251098633,0
35.6345176696777,0
38.4410057067871,0
41.3628387451172,0
42.9467964172363,0
42.9998168945312,0
42.5398330688477,0
42.3214454650879,0
42.1059608459473,0
41.3882064819336,0
40.2408256530762,0
39.3137702941895,0
39.4206848144531,0
41.0739631652832,0
43.8852653503418,0
46.5268440246582,0
48.0260314941406,0
49.0957069396973,0
51.3198013305664,0
54.9130516052246,0
58.2817344665527,0
60.0820350646973,0
60.6077842712402,0
60.6412467956543,0
60.2054595947266,0
59.4956398010254,0
59.9968490600586,0
63.1056785583496,0
67.8837051391602,0
71.4650497436523,0
71.8171157836914,0
69.2843551635742,0
65.4995498657227,0
61.7391052246094,0
58.4935836791992,0
55.7238464355469,0
52.9545593261719,0
49.4437789916992,0
44.6902389526367,0
38.8599166870117,0
32.7385902404785,0
27.2135982513428,0
22.550594329834,0
18.1698627471924,0
13.5402278900146,0
9.35742664337158,0
7.23572015762329,0
7.92068958282471,0
10.3205509185791,0
12.6614627838135,0
14.1543245315552,0
15.2590217590332,0
16.9115524291992,0
19.9242324829102,0
24.603889465332,0
30.3988227844238,0
36.1596603393555,0
41.0279960632324,0
44.9021797180176,0
48.2445678710938,0
52.0459632873535,0
57.6028442382812,0
65.0659637451172,0
72.1919403076172,0
76.0171661376953,0
76.1522903442383,0
74.9520568847656,0
74.003044128418,0
72.3388214111328,0
69.1211929321289,0
66.0094528198242,0
64.857795715332,0
64.3263702392578,0
61.0454521179199,0
53.7812156677246,0
44.6976890563965,0
36.699535369873,0
31.0111713409424,0
27.1780071258545,0
23.9931888580322,0
20.383228302002,0
16.492488861084,0
13.7771110534668,0
13.0340776443481,0
12.7653751373291,0
10.8394775390625,0
7.45713376998901,0
4.77774477005005,0
3.41807198524475,0
1.02509939670563,0
-4.81962728500366,0
-13.3841876983643,0
-21.4501781463623,0
-26.6041564941406,0
-29.0214576721191,0
-30.2855625152588,0
-31.3413162231445,0
-31.9230175018311,0
-31.5420951843262,0
-30.3943309783936,0
-29.0764541625977,0
-27.871753692627,0
-26.8952789306641,0
-26.678258895874,0
-27.7027435302734,0
-29.2446823120117,0
-29.6739749908447,0
-28.3809776306152,0
-26.521541595459,0
-25.2264537811279,0
-24.062967300415,0
-22.3709945678711,0
-21.3295860290527,0
-23.0037231445312,0
-27.2704982757568,0
-31.2392635345459,0
-32.4574356079102,0
-31.6599540710449,0
-31.3725872039795,0
-32.4860382080078,0
-33.5570869445801,0
-33.4704666137695,0
-33.2812652587891,0
-34.4259872436523,0
-36.0395355224609,0
-35.7106399536133,0
-32.9928855895996,0
-30.5663356781006,0
-31.0384330749512,0
-33.787483215332,0
-36.2632827758789,0
-37.5317115783691,0
-38.7579383850098,0
-40.4514770507812,0
-41.294807434082,0
-40.3980445861816,0
-39.1085166931152,0
-39.3563194274902,0
-41.1217880249023,0
-42.78564453125,0
-43.5080909729004,0
-44.0335388183594,0
-45.133861541748,0
-46.2353019714355,0
-45.9828262329102,0
-43.7008285522461,0
-39.9409294128418,0
-35.8058052062988,0
-32.1534957885742,0
-29.6025714874268,0
-28.8964920043945,0
-30.5394115447998,0
-33.9387245178223,0
-37.6431617736816,0
-40.8110542297363,0
-43.6451530456543,0
-45.8995780944824,0
-46.2985649108887,0
-44.8035011291504,0
-44.2277870178223,0
-47.2841339111328,0
-52.4178085327148,0
-55.1358070373535,0
-53.7838287353516,0
-51.4545822143555,0
-51.3720016479492,0
-53.0314292907715,0
-54.412166595459,0
-55.5170669555664,0
-57.4063529968262,0
-59.5221824645996,0
-60.6026306152344,0
-61.1823463439941,0
-62.6837768554688,0
-64.7280044555664,0
-65.7585601806641,0
-65.8560028076172,0
-66.5024642944336,0
-67.7914581298828,0
-68.3923187255859,0
-68.3938980102539,0
-69.5717697143555,0
-72.1612091064453,0
-73.8315658569336,0
-73.1655502319336,0
-72.1831970214844,0
-73.6696319580078,0
-77.2455978393555,0
-79.9333724975586,0
-80.0850067138672,0
-79.0243225097656,0
-78.6446380615234,0
-78.8016204833984,0
-78.0111465454102,0
-76.1615371704102,0
-75.2910537719727,0
-77.129280090332,0
-80.642951965332,0
-83.1777114868164,0
-83.878303527832,0
-84.5827484130859,0
-86.9267883300781,0
-90.0345458984375,0
-92.0722427368164,0
-92.804328918457,0
-93.126594543457,0
-92.9503326416016,0
-91.3406066894531,0
-88.4660949707031,0
-85.7005615234375,0
-83.5981597900391,0
-81.1578140258789,0
-77.5398864746094,0
-73.5117340087891,0
-70.6550598144531,0
-69.6379165649414,0
-69.527946472168,0
-68.5786209106445,0
-65.8471298217773,0
-62.3197441101074,0
-60.0548782348633,0
-59.9067687988281,0
-60.7655944824219,0
-61.459587097168,0
-62.3446655273438,0
-64.1457748413086,0
-66.3867416381836,0
-68.3406066894531,0
-70.5779876708984,0
-73.8983993530273,0
-77.4380950927734,0
-79.6908874511719,0
-80.9066848754883,0
-82.4915924072266,0
-84.3903350830078,0
-85.3196258544922,0
-85.5329132080078,0
-86.8229522705078,0
-89.2845687866211,0
-90.5570068359375,0
-89.2215194702148,0
-86.5953826904297,0
-83.8402633666992,0
-79.6209182739258,0
-72.6853256225586,0
-65.0621871948242,0
-60.2500190734863,0
-58.9793701171875,0
-58.8008918762207,0
-57.3846740722656,0
-54.3383255004883,0
-50.0286521911621,0
-44.5924606323242,0
-38.600902557373,0
-33.3946075439453,0
-30.0595626831055,0
-28.5514602661133,0
-28.0718116760254,0
-28.0738430023193,0
-28.9676322937012,0
-31.8280200958252,0
-36.8162574768066,0
-41.8227958679199,0
-43.7993469238281,0
-42.0558624267578,0
-39.1783638000488,0
-37.8818092346191,0
-38.1103744506836,0
-38.352466583252,0
-38.5558128356934,0
-39.9144592285156,0
-42.3602752685547,0
-44.1694831848145,0
-44.119815826416,0
-42.5806312561035,0
-40.3157691955566,0
-37.516170501709,0
-34.3944473266602,0
-31.7367744445801,0
-30.3155879974365,0
-30.1467247009277,0
-30.5028076171875,0
-30.5205383300781,0
-30.0678520202637,0
-30.1610832214355,0
-31.8873596191406,0
-34.6770515441895,0
-36.6722450256348,0
-37.272632598877,0
-37.8524055480957,0
-38.9623146057129,0
-38.5970764160156,0
-35.183219909668,0
-30.8875179290771,0
-29.3380298614502,0
-30.7452583312988,0
-32.1245193481445,0
-32.2447967529297,0
-33.2699203491211,0
-36.7106819152832,0
-40.581413269043,0
-42.122200012207,0
-41.2223129272461,0
-39.4037628173828,0
-37.0091438293457,0
-33.1991004943848,0
-27.6581573486328,0
-20.7631053924561,0
-13.0253105163574,0
-5.81205463409424,0
-1.62057518959045,0
-1.89605033397675,0
-5.06829261779785,0
-8.19619560241699,0
-10.1349563598633,0
-11.8054962158203,0
-13.9026336669922,0
-15.8660621643066,0
-16.8979892730713,0
-16.657995223999,0
-15.0907144546509,0
-12.7445230484009,0
-11.0524368286133,0
-11.1219806671143,0
-12.4377241134644,0
-13.8108673095703,0
-15.1164684295654,0
-16.701530456543,0
-17.6033878326416,0
-16.3131351470947,0
-13.3881959915161,0
-11.4017429351807,0
-11.8297624588013,0
-13.6966228485107,0
-15.8855628967285,0
-18.9343338012695,0
-23.3615016937256,0
-27.6966781616211,0
-29.7893047332764,0
-29.396900177002,0
-28.1591815948486,0
-27.3808517456055,0
-26.9322471618652,0
-26.147029876709,0
-24.8231296539307,0
-23.162389755249,0
-21.241512298584,0
-18.8307094573975,0
-15.8573598861694,0
-13.1443119049072,0
-12.2002220153809,0
-13.5417976379395,0
-15.5852127075195,0
-16.3345546722412,0
-16.0006713867188,0
-16.4771595001221,0
-18.145544052124,0
-19.1106224060059,0
-18.3475761413574,0
-17.6880435943604,0
-19.2740516662598,0
-22.5575141906738,0
-25.5044937133789,0
-27.5537204742432,0
-29.4721069335938,0
-31.1973075866699,0
-31.9947490692139,0
-32.3757667541504,0
-33.7488327026367,0
-36.057804107666,0
-37.4932098388672,0
-36.7707366943359,0
-34.3316802978516,0
-31.3058547973633,0
-28.6729602813721,0
-27.2661094665527,0
-27.0011768341064,0
-26.267749786377,0
-23.8813743591309,0
-21.4796504974365,0
-21.792781829834,0
-24.4126567840576,0
-25.8188972473145,0
-24.294734954834,0
-22.2005748748779,0
-22.0623607635498,0
-22.8722858428955,0
-22.220157623291,0
-20.144100189209,0
-18.5908432006836,0
-18.3952465057373,0
-19.0317039489746,0
-20.400691986084,0
-22.7002544403076,0
-25.1876487731934,0
-27.0656814575195,0
-29.0320949554443,0
-31.99609375,0
-34.7789840698242,0
-35.1750869750977,0
-33.0254707336426,0
-30.2063045501709,0
-27.7622108459473,0
-25.236349105835,0
-22.906909942627,0
-22.3329944610596,0
-24.0018539428711,0
-26.3705406188965,0
-28.0653285980225,0
-29.4385948181152,0
-31.2855319976807,0
-33.7064933776855,0
-37.0165367126465,0
-41.9592475891113,0
-47.8155212402344,0
-51.8979148864746,0
-52.4016151428223,0
-50.539794921875,0
-48.4588813781738,0
-46.3200340270996,0
-43.1817665100098,0
-39.6955604553223,0
-37.8023414611816,0
-38.2883110046387,0
-40.7450370788574,0
-45.6375007629395,0
-53.9414482116699,0
-64.270622253418,0
-72.7286605834961,0
-76.8634719848633,0
-78.0215606689453,0
-78.3452987670898,0
-77.0729217529297,0
-72.0473022460938,0
-64.1360549926758,0
-57.5404014587402,0
-55.133487701416,0
-55.4228172302246,0
-55.2287521362305,0
-53.889404296875,0
-53.1580009460449,0
-53.7314529418945,0
-53.9780044555664,0
-52.4822883605957,0
-50.1699066162109,0
-48.8251647949219,0
-48.5445404052734,0
-48.0464935302734,0
-47.0586051940918,0
-46.8775215148926,0
-48.3098526000977,0
-50.3068580627441,0
-51.3801879882812,0
-51.6655197143555,0
-52.7849388122559,0
-55.9092903137207,0
-60.5058403015137,0
-64.9162292480469,0
-67.8502807617188,0
-69.3648376464844,0
-70.5008850097656,0
-71.9271011352539,0
-73.2070999145508,0
-73.8412628173828,0
-74.6552810668945,0
-77.0897827148438,0
-80.9866256713867,0
-84.2911071777344,0
-85.5593109130859,0
-85.6495666503906,0
-85.9587478637695,0
-85.9748992919922,0
-84.0855941772461,0
-80.4298706054688,0
-77.2934417724609,0
-76.2449722290039,0
-75.9764099121094,0
-73.6486282348633,0
-67.8710632324219,0
-59.9483451843262,0
-52.6049461364746,0
-47.8746070861816,0
-45.9613609313965,0
-45.6731262207031,0
-45.7481346130371,0
-45.7785720825195,0
-46.086109161377,0
-47.0911407470703,0
-48.8440704345703,0
-50.7108192443848,0
-51.3662490844727,0
-49.7604141235352,0
-46.6577491760254,0
-44.7767677307129,0
-46.6437339782715,0
-52.3164749145508,0
-59.6105880737305,0
-66.3139724731445,0
-71.6034622192383,0
-75.4803848266602,0
-77.7182159423828,0
-77.9187088012695,0
-76.38818359375,0
-74.4071273803711,0
-73.1469116210938,0
-72.2073135375977,0
-69.7562942504883,0
-64.7301177978516,0
-58.5218315124512,0
-53.4935340881348,0
-49.9364738464355,0
-45.8532981872559,0
-40.064826965332,0
-33.9770660400391,0
-29.3820953369141,0
-26.0314674377441,0
-22.9041137695312,0
-20.7378807067871,0
-21.3738136291504,0
-25.0878353118896,0
-30.3229503631592,0
-35.6868515014648,0
-40.4548683166504,0
-43.5536956787109,0
-44.3189277648926,0
-44.326114654541,0
-46.1510963439941,0
-49.9379005432129,0
-53.6038818359375,0
-56.99560546875,0
-62.8380279541016,0
-71.9769744873047,0
-80.5483703613281,0
-84.4672012329102,0
-84.6372451782227,0
-84.8055038452148,0
-85.9439697265625,0
-86.1959381103516,0
-85.3628158569336,0
-85.5265502929688,0
-87.0985107421875,0
-87.8325576782227,0
-86.5018615722656,0
-84.3329772949219,0
-81.7532730102539,0
-76.9070739746094,0
-69.0657958984375,0
-60.7393112182617,0
-54.3980751037598,0
-49.4312858581543,0
-44.3799018859863,0
-39.8466987609863,0
-36.7440757751465,0
-33.7783737182617,0
-29.5824737548828,0
-25.6652889251709,0
-24.085168838501,0
-23.553560256958,0
-21.4010276794434,0
-18.5472221374512,0
-18.5571041107178,0
-21.8470077514648,0
-24.9384346008301,0
-26.2003173828125,0
-28.2086944580078,0
-32.7124633789062,0
-37.1038780212402,0
-38.5816307067871,0
-38.683292388916,0
-40.2818298339844,0
-42.345100402832,0
-41.6051445007324,0
-38.3332595825195,0
-36.5140228271484,0
-38.243278503418,0
-41.3195037841797,0
-42.9668312072754,0
-43.0240707397461,0
-42.5187187194824,0
-41.6768608093262,0
-40.6818161010742,0
-40.3930206298828,0
-40.989917755127,0
-41.540340423584,0
-41.9570388793945,0
-43.5579986572266,0
-46.5231437683105,0
-48.8842697143555,0
-49.7558784484863,0
-51.5521087646484,0
-56.6149253845215,0
-63.1659278869629,0
-67.3882598876953,0
-68.6081314086914,0
-69.4617080688477,0
-71.3035278320312,0
-72.5839157104492,0
-72.1744232177734,0
-71.3311386108398,0
-71.2314682006836,0
-70.9969100952148,0
-69.6281356811523,0
-67.970329284668,0
-67.1659851074219,0
-66.7254028320312,0
-65.8090209960938,0
-65.1227645874023,0
-65.6587753295898,0
-66.4058456420898,0
-65.287239074707,0
-62.1801681518555,0
-59.4226760864258,0
-59.2215003967285,0
-61.6397247314453,0
-65.0687561035156,0
-67.6206436157227,0
-68.0802764892578,0
-66.5575790405273,0
-64.4622039794922,0
-63.1837043762207,0
-62.7300033569336,0
-62.131404876709,0
-60.8285369873047,0
-58.8402862548828,0
-55.9593811035156,0
-52.107479095459,0
-48.6223297119141,0
-47.8231811523438,0
-50.4960136413574,0
-54.5460548400879,0
-56.9226760864258,0
-56.5520896911621,0
-54.8746871948242,0
-53.822452545166,0
-53.7760925292969,0
-53.3481826782227,0
-50.7636528015137,0
-45.4662399291992,0
-38.594108581543,0
-31.9907913208008,0
-26.926233291626,0
-23.8861541748047,0
-23.0909252166748,0
-24.4285354614258,0
-26.9531841278076,0
-29.3357124328613,0
-31.0866165161133,0
-32.6446723937988,0
-33.9898948669434,0
-33.9670562744141,0
-31.5684394836426,0
-27.402250289917,0
-23.354907989502,0
-21.0377025604248,0
-20.7267265319824,0
-21.3146629333496,0
-21.1055908203125,0
-19.3371982574463,0
-17.2673988342285,0
-17.0789241790771,0
-19.3324394226074,0
-22.2554321289062,0
-23.9814014434814,0
-24.5826530456543,0
-25.2200393676758,0
-26.225492477417,0
-27.0397930145264,0
-27.3779850006104,0
-27.3590202331543,0
-26.893856048584,0
-25.942777633667,0
-25.0525531768799,0
-24.7171821594238,0
-24.526876449585,0
-23.8479080200195,0
-22.9748363494873,0
-22.6081466674805,0
-22.5313320159912,0
-21.9595565795898,0
-21.0041904449463,0
-20.510669708252,0
-20.3823280334473,0
-19.384428024292,0
-17.0411491394043,0
-14.6254425048828,0
-13.6399784088135,0
-14.1727590560913,0
-15.4525623321533,0
-17.2755012512207,0
-19.8957061767578,0
-22.8429584503174,0
-24.9219951629639,0
-25.6126804351807,0
-25.7212829589844,0
-26.1363945007324,0
-26.3304996490479,0
-24.7346591949463,0
-20.6341724395752,0
-15.2172288894653,0
-10.5337419509888,0
-7.74213647842407,0
-6.61127614974976,0
-6.34663915634155,0
-6.34782981872559,0
-6.20370149612427,0
-5.45068550109863,0
-3.59833216667175,0
-0.350552052259445,0
4.13486385345459,0
9.1590633392334,0
13.9274225234985,0
18.2072830200195,0
22.0500011444092,0
24.5758018493652,0
23.9233322143555,0
19.4838333129883,0
13.6880235671997,0
10.0610857009888,0
9.33030033111572,0
8.86661434173584,0
6.4649772644043,0
3.20720672607422,0
1.56596601009369,0
1.93610215187073,0
2.54418420791626,0
2.00038743019104,0
0.27668559551239,0
-2.30838561058044,0
-5.0113730430603,0
-5.51640605926514,0
-1.21167957782745,0
7.26287412643433,0
15.4833002090454,0
19.7445697784424,0
20.7659358978271,0
21.2098655700684,0
20.8466911315918,0
16.9571418762207,0
9.43349838256836,0
2.47127294540405,0
-0.249084174633026,0
0.00125514576211572,0
-0.602014303207397,0
-2.8905189037323,0
-4.11862421035767,0
-2.78852128982544,0
-1.3719162940979,0
-2.81859683990479,0
-6.06555461883545,0
-7.21765899658203,0
-4.77659034729004,0
-1.5155998468399,0
-0.642948091030121,0
-2.10451674461365,0
-4.07735204696655,0
-6.49508047103882,0
-10.7282075881958,0
-16.3448696136475,0
-20.8457889556885,0
-23.1421394348145,0
-25.0146827697754,0
-28.0242500305176,0
-30.9028053283691,0
-31.5238857269287,0
-29.9947376251221,0
-28.1766777038574,0
-27.3094902038574,0
-27.7032661437988,0
-29.6278591156006,0
-32.6690406799316,0
-35.1338386535645,0
-36.0336494445801,0
-36.8965911865234,0
-39.6140518188477,0
-43.1927261352539,0
-44.8387641906738,0
-43.7042770385742,0
-41.1618957519531,0
-37.791187286377,0
-32.8877601623535,0
-27.0197792053223,0
-22.1191844940186,0
-18.4569530487061,0
-14.5118637084961,0
-10.9501285552979,0
-11.6804122924805,0
-18.8536319732666,0
-29.102954864502,0
-37.2127914428711,0
-41.9757499694824,0
-45.9631004333496,0
-50.6982231140137,0
-54.9633407592773,0
-57.7328643798828,0
-60.0716667175293,0
-63.1718063354492,0
-66.1972427368164,0
-67.3162536621094,0
-66.1114959716797,0
-63.904125213623,0
-61.8655624389648,0
-59.6913795471191,0
-56.5350341796875,0
-52.6658477783203,0
-49.1717109680176,0
-45.8827781677246,0
-40.9296836853027,0
-33.5059204101562,0
-26.0959644317627,0
-22.1364154815674,0
-21.7459468841553,0
-21.763370513916,0
-20.2106838226318,0
-18.5180721282959,0
-18.4195442199707,0
-18.7375411987305,0
-17.0114974975586,0
-13.0962371826172,0
-9.34580612182617,0
-7.79521656036377,0
-8.59931182861328,0
-10.8491468429565,0
-13.5706958770752,0
-15.9757261276245,0
-17.7278156280518,0
-19.0959243774414,0
-20.4734878540039,0
-21.9893360137939,0
-23.7051181793213,0
-25.4658527374268,0
-26.3977146148682,0
-25.6953067779541,0
-24.2827758789062,0
-24.2606945037842,0
-26.0436363220215,0
-27.7058258056641,0
-28.153392791748,0
-29.0160713195801,0
-31.8119411468506,0
-35.1743316650391,0
-37.1161003112793,0
-38.3719825744629,0
-40.7405815124512,0
-43.3359375,0
-43.5512733459473,0
-40.9892387390137,0
-37.3393096923828,0
-33.0833053588867,0
-27.9509010314941,0
-24.2060585021973,0
-24.959867477417,0
-28.4307231903076,0
-28.4598693847656,0
-22.6717987060547,0
-16.0694847106934,0
-14.0512561798096,0
-15.7190885543823,0
-17.275634765625,0
-18.3510990142822,0
-20.6260147094727,0
-22.8776912689209,0
-22.3452262878418,0
-19.6197052001953,0
-17.5349159240723,0
-16.1406364440918,0
-13.5174407958984,0
-11.0827789306641,0
-12.8690242767334,0
-18.88623046875,0
-24.1845970153809,0
-26.0218067169189,0
-27.4040470123291,0
-31.3854274749756,0
-36.0698471069336,0
-38.1112632751465,0
-37.5731544494629,0
-36.013298034668,0
-32.7785797119141,0
-27.0014915466309,0
-21.0754814147949,0
-18.1198711395264,0
-17.204833984375,0
-14.7512531280518,0
-9.84201145172119,0
-4.57721185684204,0
0.342556029558182,0
6.58087301254272,0
14.3037033081055,0
20.7278995513916,0
23.6574268341064,0
24.0153713226318,0
23.8461265563965,0
23.9071483612061,0
24.1952514648438,0
24.8907470703125,0
25.688720703125,0
25.8602352142334,0
25.9719352722168,0
27.9066581726074,0
32.0742073059082,0
36.139217376709,0
37.7396926879883,0
37.0694046020508,0
35.5448226928711,0
33.5108795166016,0
31.0149307250977,0
29.4474124908447,0
30.0178985595703,0
31.2071380615234,0
30.1592197418213,0
26.6036014556885,0
23.0967216491699,0
20.9787864685059,0
18.444055557251,0
13.6579427719116,0
7.59563589096069,0
2.04558515548706,0
-3.41603469848633,0
-9.99287509918213,0
-16.1843700408936,0
-18.6298561096191,0
-16.6357288360596,0
-13.2514209747314,0
-10.8422794342041,0
-7.78157615661621,0
-1.18961548805237,0
8.55589485168457,0
17.9579315185547,0
24.1583499908447,0
26.6872177124023,0
26.0936374664307,0
23.1262950897217,0
19.6173973083496,0
18.2329597473145,0
20.2370338439941,0
24.4299697875977,0
29.0479621887207,0
33.9325752258301,0
40.0734825134277,0
47.564079284668,0
54.7907829284668,0
59.5801391601562,0
60.954532623291,0
60.0602684020996,0
59.4114532470703,0
60.648624420166,0
62.8116035461426,0
63.270336151123,0
60.4524421691895,0
55.1461181640625,0
49.2350044250488,0
44.0924072265625,0
40.3520851135254,0
38.0647773742676,0
36.4235305786133,0
34.2560806274414,0
31.5815010070801,0
29.9960193634033,0
30.8052654266357,0
33.4289627075195,0
36.2785453796387,0
38.328197479248,0
38.9593315124512,0
37.3124771118164,0
33.2977905273438,0
28.7175121307373,0
25.7988986968994,0
24.7165546417236,0
23.9451923370361,0
22.9511260986328,0
22.9367618560791,0
24.6909503936768,0
27.3420257568359,0
29.8975982666016,0
32.5567016601562,0
35.505744934082,0
37.6174850463867,0
37.6430320739746,0
35.9810943603516,0
34.027229309082,0
32.2451133728027,0
30.1192474365234,0
27.7211723327637,0
25.9130077362061,0
24.7788352966309,0
23.0743789672852,0
19.8987770080566,0
16.2085113525391,0
13.9824686050415,0
14.201244354248,0
16.1468734741211,0
18.4480800628662,0
20.2803001403809,0
21.5758857727051,0
22.5857028961182,0
23.5865516662598,0
24.9232177734375,0
27.0042896270752,0
29.9402236938477,0
33.0769805908203,0
35.1036682128906,0
35.0079002380371,0
33.0846557617188,0
30.7456169128418,0
28.9868183135986,0
27.1205348968506,0
23.5377674102783,0
18.0216884613037,0
12.8384552001953,0
10.8210096359253,0
12.4831876754761,0
15.8579797744751,0
19.2115612030029,0
22.6040782928467,0
26.0284080505371,0
27.4709873199463,0
24.7417430877686,0
18.7575073242188,0
12.9434995651245,0
9.20242118835449,0
6.49751043319702,0
3.94502234458923,0
2.94806623458862,0
4.7381420135498,0
7.6949610710144,0
9.23221778869629,0
9.17728900909424,0
9.14212799072266,0
9.3882942199707,0
8.57109451293945,0
6.07732009887695,0
2.33430242538452,0
-2.84653067588806,0
-9.723313331604,0
-16.4687480926514,0
-20.3224029541016,0
-21.4568309783936,0
-23.1008358001709,0
-26.9883823394775,0
-31.3369255065918,0
-34.5305595397949,0
-37.908130645752,0
-42.7448959350586,0
-46.8887596130371,0
-47.2697143554688,0
-44.2935218811035,0
-40.8805923461914,0
-38.0188255310059,0
-34.1236114501953,0
-28.5220928192139,0
-22.8630313873291,0
-18.7215747833252,0
-15.9382877349854,0
-13.7934284210205,0
-12.0653400421143,0
-10.4845685958862,0
-8.68881988525391,0
-7.14829683303833,0
-6.78675699234009,0
-7.36257743835449,0
-7.4721360206604,0
-6.32901477813721,0
-4.30715894699097,0
-1.83098614215851,0
0.676587283611298,0
1.85750162601471,0
0.55184143781662,0
-1.74445629119873,0
-1.77784979343414,0
1.28084623813629,0
4.73240661621094,0
6.5129714012146,0
8.01271915435791,0
10.8485898971558,0
13.1452350616455,0
12.0342168807983,0
8.63066673278809,0
7.20171499252319,0
9.44829750061035,0
12.5801658630371,0
13.6787395477295,0
13.3068513870239,0
13.4730005264282,0
14.0959615707397,0
13.3786783218384,0
10.603307723999,0
6.74849987030029,0
2.68022131919861,0
-1.77284562587738,0
-6.72349452972412,0
-11.1904191970825,0
-13.731201171875,0
-13.8975515365601,0
-12.7122659683228,0
-11.5178337097168,0
-10.4616947174072,0
-8.62433052062988,0
-5.88630771636963,0
-3.89962935447693,0
-4.29031610488892,0
-6.35270881652832,0
-7.75647449493408,0
-7.4352912902832,0
-6.42420196533203,0
-5.71248245239258,0
-4.9219012260437,0
-3.86513018608093,0
-3.84458374977112,0
-5.96806573867798,0
-9.13178157806396,0
-11.277437210083,0
-12.2065601348877,0
-13.5830249786377,0
-16.2359466552734,0
-19.0258121490479,0
-20.7320041656494,0
-21.631778717041,0
-22.3874416351318,0
-22.4465141296387,0
-20.7573986053467,0
-17.6228046417236,0
-14.6085157394409,0
-12.4841394424438,0
-10.2770414352417,0
-6.96630430221558,0
-3.47161483764648,0
-1.98835325241089,0
-3.31001305580139,0
-5.69202566146851,0
-6.95326566696167,0
-7.15617418289185,0
-8.25819969177246,0
-11.1397590637207,0
-14.0226469039917,0
-14.4308528900146,0
-12.0873432159424,0
-9.12621784210205,0
-7.78441524505615,0
-8.63020324707031,0
-10.8333806991577,0
-13.2637691497803,0
-15.1788473129272,0
-16.5464782714844,0
-17.9495258331299,0
-19.717601776123,0
-21.1721382141113,0
-21.3850879669189,0
-20.5641937255859,0
-19.5757293701172,0
-17.8955249786377,0
-13.5120878219604,0
-5.8476390838623,0
2.37815427780151,0
7.58461618423462,0
8.94163608551025,0
8.19288444519043,0
6.59219264984131,0
3.91284537315369,0
0.366506487131119,0
-2.61141562461853,0
-4.21097278594971,0
-5.29425430297852,0
-6.69274473190308,0
-7.75919008255005,0
-7.66113138198853,0
-7.07675933837891,0
-7.43609189987183,0
-9.12487125396729,0
-11.3878479003906,0
-13.4100437164307,0
-14.656681060791,0
-14.8321523666382,0
-14.4361305236816,0
-14.7429065704346,0
-16.340892791748,0
-18.397159576416,0
-20.2687892913818,0
-22.7976112365723,0
-26.5640659332275,0
-29.8395519256592,0
-30.4083957672119,0
-29.1191806793213,0
-29.2943878173828,0
-32.1871604919434,0
-35.152458190918,0
-35.2217330932617,0
-32.5800399780273,0
-29.1827869415283,0
-25.6107025146484,0
-21.1929035186768,0
-16.2208824157715,0
-11.9348297119141,0
-8.61923027038574,0
-5.61220502853394,0
-3.24603533744812,0
-2.90966725349426,0
-4.67104434967041,0
-6.5183277130127,0
-6.90174770355225,0
-6.66024398803711,0
-7.19090938568115,0
-7.82381772994995,0
-6.73412132263184,0
-4.05181884765625,0
-2.291428565979,0
-3.36013031005859,0
-6.48336887359619,0
-9.70600509643555,0
-12.3761558532715,0
-15.2014436721802,0
-18.4144897460938,0
-20.901517868042,0
-21.2097721099854,0
-18.8867359161377,0
-14.7402334213257,0
-10.11683177948,0
-6.04473066329956,0
-2.8759913444519,0
-0.49256956577301,0
1.36886274814606,0
3.04142284393311,0
4.88887882232666,0
7.03358507156372,0
9.20296669006348,0
11.0412874221802,0
12.4051065444946,0
13.1348495483398,0
12.8046865463257,0
11.0411777496338,0
7.89760398864746,0
3.7113881111145,0
-0.984299898147583,0
-5.17150688171387,0
-7.78378820419312,0
-9.15001487731934,0
-11.2373361587524,0
-15.3760538101196,0
-20.2838306427002,0
-23.5377998352051,0
-24.4955959320068,0
-24.3248443603516,0
-23.6213626861572,0
-21.9715824127197,0
-19.9343547821045,0
-19.2387771606445,0
-20.1397895812988,0
-20.3979358673096,0
-18.154317855835,0
-14.4921684265137,0
-11.8539371490479,0
-11.0162487030029,0
-11.0100421905518,0
-11.1249198913574,0
-11.409873008728,0
-11.6922054290771,0
-11.6836757659912,0
-11.9562339782715,0
-13.3856925964355,0
-15.4320068359375,0
-16.2130718231201,0
-14.8034133911133,0
-12.6341857910156,0
-12.0695095062256,0
-14.0860366821289,0
-17.6965732574463,0
-21.1164417266846,0
-23.0445804595947,0
-23.294900894165,0
-22.8961505889893,0
-23.47727394104,0
-25.898530960083,0
-29.2962627410889,0
-31.914493560791,0
-33.115234375,0
-34.1876335144043,0
-36.8294982910156,0
-41.1160087585449,0
-45.3733940124512,0
-47.8477172851562,0
-48.0683135986328,0
-46.8036079406738,0
-45.2989311218262,0
-44.5088119506836,0
-44.4495010375977,0
-44.2440719604492,0
-43.3453712463379,0
-42.6288299560547,0
-43.4852447509766,0
-45.8064422607422,0
-47.8756141662598,0
-48.5428276062012,0
-48.4338722229004,0
-48.4797096252441,0
-48.436653137207,0
-47.821907043457,0
-47.2333641052246,0
-47.283504486084,0
-46.8227157592773,0
-43.8621253967285,0
-38.2490081787109,0
-32.0513648986816,0
-27.1372146606445,0
-23.6482028961182,0
-21.1167068481445,0
-19.6778354644775,0
-19.4252433776855,0
-19.6419582366943,0
-19.6381778717041,0
-19.7233848571777,0
-20.5344123840332,0
-21.9041080474854,0
-23.1498165130615,0
-24.0597915649414,0
-24.9056148529053,0
-25.9398040771484,0
-27.6313915252686,0
-30.863317489624,0
-35.8127822875977,0
-40.8615989685059,0
-43.8029861450195,0
-44.3225860595703,0
-44.3749694824219,0
-45.9006004333496,0
-49.0583229064941,0
-52.9711532592773,0
-57.1511917114258,0
-61.4204635620117,0
-65.1193161010742,0
-67.3897476196289,0
-68.1595687866211,0
-68.2151794433594,0
-68.2696533203125,0
-68.3603897094727,0
-68.1823883056641,0
-67.6570816040039,0
-66.9759674072266,0
-66.1693878173828,0
-64.8592224121094,0
-62.7063179016113,0
-60.0804023742676,0
-57.7706680297852,0
-55.7174110412598,0
-52.6469764709473,0
-47.7221527099609,0
-42.1494522094727,0
-38.1909332275391,0
-36.785026550293,0
-37.1303901672363,0
-38.3316116333008,0
-40.0521621704102,0
-41.5585784912109,0
-41.8597946166992,0
-41.3452835083008,0
-41.6799240112305,0
-43.3169898986816,0
-44.7674026489258,0
-45.3408546447754,0
-46.7581329345703,0
-50.4073753356934,0
-54.6702308654785,0
-57.1744346618652,0
-58.4567642211914,0
-60.8185043334961,0
-64.3471984863281,0
-67.0177307128906,0
-68.5858154296875,0
-71.2131881713867,0
-75.5025863647461,0
-78.8747406005859,0
-79.3825531005859,0
-78.7207336425781,0
-79.5147094726562,0
-81.47900390625,0
-82.4494323730469,0
-81.9062805175781,0
-81.1197204589844,0
-80.477653503418,0
-78.9152984619141,0
-75.8590316772461,0
-71.8510437011719,0
-67.2371139526367,0
-62.0092353820801,0
-57.1419486999512,0
-54.305004119873,0
-53.605842590332,0
-53.0092391967773,0
-50.7492637634277,0
-47.208381652832,0
-43.6964225769043,0
-40.4925956726074,0
-37.1226387023926,0
-33.7666893005371,0
-31.18528175354,0
-29.5491523742676,0
-28.3439617156982,0
-27.3854484558105,0
-27.1440334320068,0
-27.9629726409912,0
-29.4768218994141,0
-30.8880519866943,0
-31.4963855743408,0
-31.0477046966553,0
-29.9772415161133,0
-29.3004493713379,0
-29.8736152648926,0
-31.6096038818359,0
-33.5336303710938,0
-34.656852722168,0
-34.8954010009766,0
-35.3436126708984,0
-37.4500274658203,0
-41.3199081420898,0
-44.8610191345215,0
-45.5477256774902,0
-43.382682800293,0
-41.0576667785645,0
-40.4771347045898,0
-40.3198699951172,0
-38.36279296875,0
-35.1670379638672,0
-33.3639717102051,0
-33.5402679443359,0
-33.1415977478027,0
-30.0406513214111,0
-25.1031723022461,0
-20.0714912414551,0
-14.7915744781494,0
-8.41177177429199,0
-2.11327171325684,0
1.63336491584778,0
2.25222229957581,0
1.49357616901398,0
0.568566560745239,0
-1.16584765911102,0
-3.99312663078308,0
-6.17276191711426,0
-5.9638466835022,0
-4.26144552230835,0
-3.62414598464966,0
-5.11414337158203,0
-7.51632642745972,0
-9.44036674499512,0
-10.6539335250854,0
-11.2212142944336,0
-10.9340124130249,0
-10.1867771148682,0
-9.98098850250244,0
-10.2420272827148,0
-9.57152843475342,0
-7.83789682388306,0
-7.52934551239014,0
-10.7218475341797,0
-15.8061542510986,0
-19.4211463928223,0
-20.8827610015869,0
-22.1214809417725,0
-23.6476955413818,0
-23.8373508453369,0
-22.7904014587402,0
-23.4472923278809,0
-27.0855503082275,0
-30.6115894317627,0
-30.8687801361084,0
-29.4527149200439,0
-30.3309726715088,0
-34.2214622497559,0
-38.4710578918457,0
-41.5555763244629,0
-44.340648651123,0
-47.062255859375,0
-48.3629684448242,0
-47.9736824035645,0
-47.5829544067383,0
-48.0330848693848,0
-47.9581604003906,0
-46.3771438598633,0
-44.6364669799805,0
-44.3578338623047,0
-44.9872360229492,0
-44.8557434082031,0
-43.632640838623,0
-42.4352264404297,0
-42.2221183776855,0
-43.0766716003418,0
-44.4495849609375,0
-45.2732048034668,0
-44.3843879699707,0
-41.5296401977539,0
-37.5538940429688,0
-33.2948379516602,0
-28.9307689666748,0
-24.5824756622314,0
-20.595043182373,0
-16.8991661071777,0
-13.1233711242676,0
-9.72141075134277,0
-7.86632823944092,0
-7.77979135513306,0
-8.41509628295898,0
-9.33434867858887,0
-11.3936748504639,0
-14.6304397583008,0
-16.9883575439453,0
-16.5468978881836,0
-13.8521814346313,0
-10.5754594802856,0
-7.02965879440308,0
-2.89663481712341,0
0.445679903030396,0
0.650197565555573,0
-2.55944895744324,0
-7.02169322967529,0
-11.029465675354,0
-14.8174390792847,0
-18.8102340698242,0
-22.2712421417236,0
-24.6426906585693,0
-26.785795211792,0
-29.6906147003174,0
-32.8657875061035,0
-35.0670318603516,0
-35.9228401184082,0
-35.8850593566895,0
-35.2453536987305,0
-34.3000030517578,0
-34.0355644226074,0
-35.439037322998,0
-38.1257553100586,0
-40.5458374023438,0
-41.6647758483887,0
-41.8519172668457,0
-42.1541213989258,0
-43.2375259399414,0
-44.8731307983398,0
-45.845401763916,0
-44.6521186828613,0
-41.2116622924805,0
-37.7978897094727,0
-37.1961860656738,0
-39.609245300293,0
-42.2785491943359,0
-42.6261215209961,0
-40.9982833862305,0
-39.7082977294922,0
-40.0318946838379,0
-41.0351333618164,0
-41.2007217407227,0
-40.3953094482422,0
-39.8148345947266,0
-40.1707649230957,0
-40.4673118591309,0
-39.2138481140137,0
-36.8643913269043,0
-35.9834671020508,0
-38.1163139343262,0
-41.4247550964355,0
-42.9997291564941,0
-42.9770660400391,0
-44.1546325683594,0
-47.3257331848145,0
-49.6007881164551,0
-48.7310371398926,0
-46.8086318969727,0
-47.2789497375488,0
-49.617057800293,0
-49.7561874389648,0
-45.5142974853516,0
-39.0373916625977,0
-33.4916458129883,0
-29.5964584350586,0
-26.3188800811768,0
-23.0799140930176,0
-19.8618221282959,0
-16.4168224334717,0
-12.9919757843018,0
-11.2019948959351,0
-12.5464105606079,0
-15.9830026626587,0
-18.2671527862549,0
-17.311149597168,0
-14.5447006225586,0
-13.2540693283081,0
-14.7711496353149,0
-16.9348087310791,0
-16.5329132080078,0
-12.8487682342529,0
-8.31374549865723,0
-5.75608062744141,0
-5.5597710609436,0
-5.74117136001587,0
-4.35156536102295,0
-1.35928845405579,0
1.58880650997162,0
2.75673270225525,0
1.7087789773941,0
-0.392417877912521,0
-1.66222631931305,0
-0.952182471752167,0
1.21200728416443,0
3.03502178192139,0
2.87416386604309,0
0.429470926523209,0
-3.29277086257935,0
-7.07364130020142,0
-10.4817247390747,0
-13.7945537567139,0
-17.1137771606445,0
-19.894323348999,0
-21.4574661254883,0
-21.6718349456787,0
-20.9155654907227,0
-19.6626396179199,0
-18.4331645965576,0
-17.8628044128418,0
-18.2759914398193,0
-19.1884994506836,0
-19.637939453125,0
-19.0633544921875,0
-17.5836772918701,0
-15.4784955978394,0
-12.8316669464111,0
-9.82986831665039,0
-7.10542488098145,0
-5.51705121994019,0
-5.54710960388184,0
-6.86528778076172,0
-8.47151374816895,0
-9.45381832122803,0
-9.74002933502197,0
-9.97425079345703,0
-10.6357002258301,0
-11.5813474655151,0
-12.4859561920166,0
-13.1979265213013,0
-13.4347190856934,0
-12.7918939590454,0
-11.5783166885376,0
-11.0370197296143,0
-11.9940433502197,0
-13.7760581970215,0
-15.3555965423584,0
-17.1290397644043,0
-20.3487453460693,0
-24.8755683898926,0
-28.7725296020508,0
-30.3957710266113,0
-29.7733917236328,0
-27.618558883667,0
-24.2858467102051,0
-20.3915576934814,0
-17.2265033721924,0
-15.4747791290283,0
-14.4295902252197,0
-13.5683116912842,0
-13.9386129379272,0
-16.4857978820801,0
-19.7242851257324,0
-20.9534454345703,0
-19.6226253509521,0
-17.6131153106689,0
-16.0234718322754,0
-13.6834325790405,0
-9.5767707824707,0
-4.91368007659912,0
-1.63487267494202,0
-0.265832334756851,0
-0.414135098457336,0
-1.96201622486115,0
-4.27972364425659,0
-5.5606837272644,0
-4.84528779983521,0
-3.83699727058411,0
-4.70614337921143,0
-6.70998954772949,0
-7.16958951950073,0
-5.44738101959229,0
-3.49541711807251,0
-2.30890989303589,0
-0.444574236869812,0
3.11690878868103,0
7.06750202178955,0
10.0912017822266,0
12.9772882461548,0
16.6322021484375,0
19.7088184356689,0
20.3902206420898,0
19.3733539581299,0
18.7941570281982,0
18.932243347168,0
18.4401264190674,0
17.6170635223389,0
18.8017425537109,0
22.769947052002,0
26.8345890045166,0
27.7883167266846,0
25.463659286499,0
22.2720108032227,0
20.1692390441895,0
19.1354446411133,0
17.973087310791,0
15.5849275588989,0
11.7926054000854,0
7.61255931854248,0
4.46265363693237,0
2.64630174636841,0
1.0381772518158,0
-1.3343790769577,0
-3.97519707679749,0
-5.67245006561279,0
-5.95293045043945,0
-5.22014045715332,0
-4.10255718231201,0
-3.33663368225098,0
-3.57052731513977,0
-4.39665460586548,0
-4.27951097488403,0
-2.54046297073364,0
-0.725181102752686,0
-0.55266135931015,0
-1.04953849315643,0
0.317997366189957,0
3.60454082489014,0
5.60864162445068,0
3.9263973236084,0
-0.060861274600029,0
-3.44543814659119,0
-5.40569877624512,0
-6.92603063583374,0
-8.24096775054932,0
-8.75154495239258,0
-8.94531440734863,0
-10.1868553161621,0
-12.4793548583984,0
-14.3501844406128,0
-15.3702430725098,0
-17.005786895752,0
-20.2139854431152,0
-23.7481384277344,0
-25.8954925537109,0
-26.6555938720703,0
-26.9932727813721,0
-26.9129734039307,0
-25.6870422363281,0
-23.4907169342041,0
-21.4763126373291,0
-20.2937107086182,0
-19.4634628295898,0
-18.1596031188965,0
-15.9482173919678,0
-12.9700946807861,0
-10.0129861831665,0
-8.06838893890381,0
-7.21350288391113,0
-6.47797060012817,0
-5.58571767807007,0
-6.07821273803711,0
-9.47205448150635,0
-14.8296995162964,0
-19.6056747436523,0
-22.5383338928223,0
-24.0272521972656,0
-23.8914070129395,0
-21.0326881408691,0
-15.9593448638916,0
-11.4768753051758,0
-9.45663356781006,0
-8.4284496307373,0
-5.91939401626587,0
-1.99536716938019,0
1.24258494377136,0
2.86694860458374,0
3.96045017242432,0
5.53033113479614,0
7.26817655563354,0
8.45479774475098,0
8.713698387146,0
7.6803674697876,0
5.10607099533081,0
1.55285584926605,0
-1.94889235496521,0
-5.05511236190796,0
-8.02277755737305,0
-10.5298757553101,0
-11.7762985229492,0
-11.9558486938477,0
-12.3690662384033,0
-13.5375146865845,0
-14.2436046600342,0
-13.0665674209595,0
-9.97628116607666,0
-5.79970836639404,0
-1.15117764472961,0
3.10174679756165,0
5.20532608032227,0
3.94950222969055,0
0.730192959308624,0
-1.17473840713501,0
0.0138985197991133,0
2.68818497657776,0
3.94933938980103,0
2.99550485610962,0
1.57078492641449,0
1.30989015102386,0
1.78206884860992,0
1.64824998378754,0
0.861534297466278,0
0.643596231937408,0
1.50051259994507,0
2.41090536117554,0
2.38967561721802,0
2.05787944793701,0
2.95281910896301,0
5.55729007720947,0
8.55982780456543,0
10.0810518264771,0
9.43820667266846,0
7.71425724029541,0
6.51509475708008,0
5.99560070037842,0
4.44309234619141,0
0.447981834411621,0
-4.67827367782593,0
-7.59990835189819,0
-6.37857389450073,0
-2.50665903091431,0
0.753993928432465,0
1.35649847984314,0
-0.487003445625305,0
-3.32777333259583,0
-5.77292966842651,0
-7.14515542984009,0
-7.49681568145752,0
-7.08327960968018,0
-6.01811265945435,0
-4.79840087890625,0
-4.63837766647339,0
-6.21401453018188,0
-8.29903221130371,0
-8.9435453414917,0
-7.94057178497314,0
-6.61859846115112,0
-5.20924139022827,0
-2.41409087181091,0
2.03910422325134,0
6.77960968017578,0
11.7037782669067,0
18.8798389434814,0
28.6194667816162,0
36.9880638122559,0
40.081356048584,0
39.3554077148438,0
39.6415252685547,0
42.6025123596191,0
45.3169250488281,0
45.3104667663574,0
43.8732872009277,0
43.6080131530762,0
45.2791938781738,0
48.3060188293457,0
52.3654174804688,0
57.1037635803223,0
61.6528205871582,0
65.6547775268555,0
69.6899490356445,0
73.7170715332031,0
76.2262725830078,0
76.0940399169922,0
74.423713684082,0
73.3945541381836,0
73.8711700439453,0
75.1876678466797,0
76.8330154418945,0
79.2508697509766,0
83.0288772583008,0
88.0871353149414,0
93.7700805664062,0
99.2833862304688,0
103.960174560547,0
107.323783874512,0
108.946922302246,0
108.338981628418,0
105.215888977051,0
99.8328857421875,0
92.8102874755859,0
84.8898010253906,0
77.2576141357422,0
71.4688110351562,0
67.8611526489258,0
64.2648773193359,0
57.9116096496582,0
49.1133460998535,0
41.4925346374512,0
37.538459777832,0
35.2802047729492,0
30.8894653320312,0
23.6717319488525,0
16.6331348419189,0
12.4951143264771,0
11.2264623641968,0
11.834415435791,0
14.4697914123535,0
19.3372993469238,0
24.679271697998,0
27.4924659729004,0
26.1225395202637,0
21.2957019805908,0
15.0023107528687,0
9.39523983001709,0
6.39611530303955,0
6.79040241241455,0
9.11500644683838,0
10.4466609954834,0
9.11097049713135,0
6.16416168212891,0
3.69438791275024,0
2.26746296882629,0
0.865929961204529,0
-0.99212259054184,0
-2.15146255493164,0
-1.22188723087311,0
1.4183976650238,0
3.50066161155701,0
2.78862309455872,0
-0.95281046628952,0
-5.91797590255737,0
-10.1386814117432,0
-13.1761531829834,0
-15.7154865264893,0
-17.8357086181641,0
-18.5075702667236,0
-16.9846115112305,0
-13.8621826171875,0
-10.2022228240967,0
-6.21174097061157,0
-1.44417953491211,0
4.14908075332642,0
10.0603523254395,0
15.7688102722168,0
20.7984752655029,0
24.5828189849854,0
26.9026947021484,0
28.0463085174561,0
27.8630962371826,0
25.2511043548584,0
19.612585067749,0
12.4186000823975,0
6.15931940078735,0
1.9277435541153,0
-0.839316129684448,0
-2.50391340255737,0
-2.60542154312134,0
-1.20388174057007,0
0.664829969406128,0
2.34974884986877,0
4.1416335105896,0
6.01494455337524,0
7.15551233291626,0
7.38097953796387,0
7.61927366256714,0
8.00881004333496,0
6.90219354629517,0
3.16980338096619,0
-1.59053766727448,0
-4.85159778594971,0
-6.39849472045898,0
-7.73987293243408,0
-8.57694911956787,0
-6.31507778167725,0
0.108986534178257,0
7.96881532669067,0
13.8301830291748,0
17.5191211700439,0
21.2343368530273,0
25.6049270629883,0
28.7876853942871,0
29.3574924468994,0
27.9739799499512,0
25.7327327728271,0
22.9099369049072,0
20.3346614837646,0
20.0641975402832,0
23.0089359283447,0
27.2842102050781,0
30.7924880981445,0
34.2156143188477,0
39.1482963562012,0
44.2343711853027,0
46.1249465942383,0
44.1382179260254,0
40.8931465148926,0
37.8689918518066,0
33.6422309875488,0
27.8414821624756,0
23.5407485961914,0
23.229866027832,0
24.8683662414551,0
24.902172088623,0
23.5006885528564,0
23.6421298980713,0
26.0384006500244,0
28.2377738952637,0
28.5111408233643,0
27.6827201843262,0
26.9527206420898,0
26.5437679290771,0
26.8560600280762,0
28.493709564209,0
30.580041885376,0
31.2756748199463,0
30.556583404541,0
30.3465194702148,0
31.381275177002,0
32.2886810302734,0
32.4344825744629,0
32.9476928710938,0
33.6584243774414,0
31.8772010803223,0
26.4090785980225,0
20.4627990722656,0
17.8398761749268,0
17.8581428527832,0
16.9646816253662,0
14.229510307312,0
11.96946144104,0
11.2250270843506,0
9.86415481567383,0
5.82948160171509,0
-0.266486346721649,0
-6.62264966964722,0
-12.1735754013062,0
-16.1314487457275,0
-17.6165733337402,0
-16.9467258453369,0
-15.7221307754517,0
-14.5395965576172,0
-12.1358308792114,0
-7.90024375915527,0
-3.56997752189636,0
-0.880303740501404,0
1.04442095756531,0
4.05445432662964,0
7.67590999603271,0
9.4175910949707,0
7.9129695892334,0
4.01292610168457,0
-0.908640086650848,0
-5.9307279586792,0
-9.85334491729736,0
-11.1582736968994,0
-9.16049098968506,0
-4.27296876907349,0
2.78389430046082,0
10.9246864318848,0
18.0829734802246,0
22.1456394195557,0
22.7413501739502,0
21.0056800842285,0
17.6846733093262,0
12.9363098144531,0
8.00242137908936,0
5.07386255264282,0
4.56168365478516,0
3.98737263679504,0
0.877795279026031,0
-4.01931762695312,0
-7.45597267150879,0
-7.13233947753906,0
-3.6985080242157,0
0.132481783628464,0
1.70759701728821,0
0.147337630391121,0
-3.12284111976624,0
-5.47807550430298,0
-5.17555475234985,0
-2.4858295917511,0
1.10211896896362,0
4.38058805465698,0
7.11653089523315,0
9.85658931732178,0
13.2929306030273,0
17.3267688751221,0
20.5153923034668,0
20.980016708374,0
18.2709445953369,0
14.0293569564819,0
10.5058784484863,0
8.63218593597412,0
7.66008043289185,0
6.36133670806885,0
4.39600563049316,0
2.71858787536621,0
2.7162070274353,0
4.77917003631592,0
7.78899478912354,0
10.144118309021,0
10.9571876525879,0
10.0616207122803,0
7.69236326217651,0
5.01181983947754,0
4.06405544281006,0
5.52239036560059,0
6.72275400161743,0
3.98039412498474,0
-2.54241943359375,0
-8.17776584625244,0
-9.18040466308594,0
-7.23131513595581,0
-6.742271900177,0
-8.77864265441895,0
-10.0439767837524,0
-7.82169103622437,0
-3.55067181587219,0
-0.500560939311981,0
0.431711733341217,0
1.1059490442276,0
3.1996476650238,0
6.46764230728149,0
9.75096321105957,0
12.2974119186401,0
13.6981134414673,0
13.5503959655762,0
11.878791809082,0
9.38059139251709,0
6.75444555282593,0
4.24153137207031,0
2.21868133544922,0
1.46008431911469,0
1.891526222229,0
1.68119561672211,0
-1.03024244308472,0
-5.47628021240234,0
-8.68563938140869,0
-8.92332363128662,0
-7.47344827651978,0
-6.46617555618286,0
-6.31203413009644,0
-6.27754735946655,0
-6.27523756027222,0
-6.48303747177124,0
-5.96448945999146,0
-3.42418193817139,0
0.885553240776062,0
5.43456220626831,0
9.27930641174316,0
12.162184715271,0
13.1995391845703,0
11.5388402938843,0
8.37437343597412,0
6.03345060348511,0
4.45098209381104,0
0.833137333393097,0
-6.03917789459229,0
-13.3604764938354,0
-17.8531246185303,0
-19.9003639221191,0
-21.979793548584,0
-24.4799499511719,0
-25.7690715789795,0
-25.6500682830811,0
-25.8146934509277,0
-26.7214851379395,0
-26.6502094268799,0
-24.5842132568359,0
-21.8482627868652,0
-19.8901062011719,0
-18.3065814971924,0
-16.272029876709,0
-14.2760210037231,0
-12.928204536438,0
-11.3012638092041,0
-8.18547916412354,0
-4.21765518188477,0
-1.05643928050995,0
1.15731644630432,0
3.87381076812744,0
7.78325462341309,0
11.9997024536133,0
15.7950382232666,0
19.5503387451172,0
23.2922019958496,0
25.6319885253906,0
25.31005859375,0
23.0166435241699,0
20.5120143890381,0
18.3963775634766,0
15.9624328613281,0
13.063380241394,0
10.7267370223999,0
9.49349594116211,0
8.2602071762085,0
5.56854772567749,0
1.4855250120163,0
-2.33750939369202,0
-3.88528895378113,0
-1.64099454879761,0
4.69077301025391,0
13.15891456604,0
19.9899711608887,0
22.6042747497559,0
22.1291484832764,0
21.6273574829102,0
22.0402984619141,0
21.5873737335205,0
19.2919406890869,0
16.8778228759766,0
15.963508605957,0
15.1380577087402,0
11.7332353591919,0
5.67177581787109,0
-0.309549421072006,0
-4.1274790763855,0
-6.59495544433594,0
-10.0478553771973,0
-15.6879148483276,0
-22.361457824707,0
-27.322057723999,0
-28.4282836914062,0
-26.3166255950928,0
-24.1210670471191,0
-24.344841003418,0
-26.46994972229,0
-28.4127864837646,0
-29.463098526001,0
-30.332706451416,0
-30.9613418579102,0
-30.3562259674072,0
-28.7231979370117,0
-27.6959609985352,0
-27.7400169372559,0
-27.1146621704102,0
-24.4220409393311,0
-20.5673828125,0
-16.8918628692627,0
-12.9207601547241,0
-7.83765697479248,0
-3.03058314323425,0
-0.72675085067749,0
-0.378061652183533,0
1.13893413543701,0
5.26176786422729,0
9.8680534362793,0
12.5586795806885,0
13.7246313095093,0
14.7747812271118,0
15.0617237091064,0
12.9373788833618,0
9.1118688583374,0
6.50873374938965,0
6.67582082748413,0
8.4256706237793,0
10.4430150985718,0
13.1448516845703,0
16.9351539611816,0
20.391960144043,0
21.7163600921631,0
20.8475074768066,0
18.6680450439453,0
15.0832176208496,0
9.6125602722168,0
3.29978823661804,0
-1.83927249908447,0
-5.21716022491455,0
-7.89385795593262,0
-10.3561820983887,0
-11.8261070251465,0
-12.179310798645,0
-12.7363567352295,0
-14.1357622146606,0
-14.8812217712402,0
-13.3964471817017,0
-10.5626964569092,0
-8.73834991455078,0
-8.89060115814209,0
-10.2816982269287,0
-12.653510093689,0
-16.8133773803711,0
-22.5706653594971,0
-27.6968479156494,0
-30.0633602142334,0
-30.0252056121826,0
-29.7255573272705,0
-30.5163631439209,0
-31.8269557952881,0
-32.0944938659668,0
-29.9822731018066,0
-25.075382232666,0
-18.2769069671631,0
-11.3059530258179,0
-5.09240818023682,0
0.856249511241913,0
6.60513877868652,0
10.1975011825562,0
9.79787254333496,0
7.16938400268555,0
6.5770001411438,0
9.45453357696533,0
12.4293575286865,0
12.0858898162842,0
9.56951427459717,0
8.18556308746338,0
8.03660774230957,0
6.1863226890564,0
1.81185162067413,0
-1.95056557655334,0
-2.16484189033508,0
0.239776805043221,0
2.25213718414307,0
2.62392354011536,0
2.58580684661865,0
3.7123019695282,0
6.18122816085815,0
8.56838703155518,0
8.75335597991943,0
5.73945569992065,0
1.00704658031464,0
-2.80667543411255,0
-4.89199733734131,0
-6.79050254821777,0
-9.58062744140625,0
-12.0860176086426,0
-12.6967353820801,0
-11.3628568649292,0
-8.58572101593018,0
-4.11609506607056,0
1.54661750793457,0
5.84360647201538,0
6.81369209289551,0
6.27373027801514,0
7.71415758132935,0
11.333909034729,0
14.0726537704468,0
14.9152717590332,0
16.9566993713379,0
22.6346988677979,0
29.5860157012939,0
33.7170715332031,0
34.7399215698242,0
35.9219779968262,0
39.1135177612305,0
42.7953109741211,0
45.1607322692871,0
46.6105995178223,0
48.2502746582031,0
49.7388763427734,0
49.9747314453125,0
48.892894744873,0
47.2858009338379,0
45.2502746582031,0
41.8427886962891,0
36.2884635925293,0
28.9600601196289,0
21.1146278381348,0
14.0010871887207,0
8.29082679748535,0
4.17231607437134,0
1.72833216190338,0
0.901423156261444,0
1.03137171268463,0
0.944115996360779,0
0.0431720614433289,0
-0.878627777099609,0
-0.447225093841553,0
1.72531950473785,0
4.6953558921814,0
7.2863392829895,0
9.02699947357178,0
9.971360206604,0
9.99745273590088,0
8.48149299621582,0
4.75031471252441,0
-0.871468961238861,0
-6.56251764297485,0
-10.2623300552368,0
-11.6307048797607,0
-11.9628505706787,0
-11.9736070632935,0
-10.9651670455933,0
-8.84871959686279,0
-7.41257095336914,0
-8.19136619567871,0
-10.3821859359741,0
-12.518837928772,0
-14.8239765167236,0
-17.6651706695557,0
-18.9850063323975,0
-16.4164485931396,0
-11.4691677093506,0
-8.16596794128418,0
-7.31679439544678,0
-5.77734518051147,0
-2.19755983352661,0
0.541025817394257,0
0.619050860404968,0
1.16977190971375,0
5.6736912727356,0
12.4475269317627,0
17.5846862792969,0
21.1909046173096,0
26.2126140594482,0
32.2210693359375,0
35.2850799560547,0
34.3710632324219,0
33.3927459716797,0
35.50048828125,0
39.0631675720215,0
41.2796630859375,0
42.6390533447266,0
45.2708473205566,0
49.176456451416,0
52.8463516235352,0
56.1046447753906,0
59.6032066345215,0
62.3071594238281,0
62.1017227172852,0
58.8671569824219,0
54.9499778747559,0
52.3523445129395,0
50.9037322998047,0
49.318058013916,0
46.7227249145508,0
42.9436340332031,0
38.4233322143555,0
34.0978012084961,0
30.4179382324219,0
26.386531829834,0
20.5709934234619,0
13.2414836883545,0
6.40641927719116,0
1.32101714611053,0
-2.92034006118774,0
-7.51127243041992,0
-11.6322889328003,0
-13.4533576965332,0
-13.2512502670288,0
-13.9206438064575,0
-17.489538192749,0
-22.1035423278809,0
-23.8884506225586,0
-21.5388698577881,0
-17.4136028289795,0
-13.6999378204346,0
-9.43564701080322,0
-2.92482233047485,0
4.31458425521851,0
8.60565280914307,0
9.00772190093994,0
8.67018890380859,0
10.5047397613525,0
13.5448169708252,0
14.8620052337646,0
13.4485082626343,0
10.6044893264771,0
7.6717095375061,0
5.12361192703247,0
3.13684964179993,0
1.37748265266418,0
-1.25972127914429,0
-5.07896947860718,0
-8.2052698135376,0
-8.51484298706055,0
-6.62014961242676,0
-4.98498153686523,0
-4.19603729248047,0
-2.50919222831726,0
0.326873034238815,0
1.35090982913971,0
-1.87033843994141,0
-7.61462640762329,0
-12.1277370452881,0
-14.1211833953857,0
-14.9703769683838,0
-15.3573656082153,0
-14.477822303772,0
-12.6769599914551,0
-12.1578340530396,0
-13.9562883377075,0
-16.2150993347168,0
-16.8865013122559,0
-16.6038608551025,0
-17.2509078979492,0
-18.9230403900146,0
-20.2603778839111,0
-21.0714206695557,0
-22.522331237793,0
-24.8240394592285,0
-26.6010761260986,0
-26.7254314422607,0
-25.0921192169189,0
-21.3940582275391,0
-15.065468788147,0
-7.11559152603149,0
-0.193119034171104,0
4.24535608291626,0
7.32290315628052,0
10.242865562439,0
12.1297197341919,0
12.0143709182739,0
11.4238615036011,0
12.5940837860107,0
14.802586555481,0
14.9987659454346,0
12.1697206497192,0
8.83132171630859,0
7.62690925598145,0
8.46532821655273,0
10.0773124694824,0
12.7549114227295,0
17.9424018859863,0
25.827205657959,0
34.7361145019531,0
42.8202476501465,0
49.4558525085449,0
54.9792060852051,0
59.7146263122559,0
63.5437850952148,0
66.2971954345703,0
68.4486236572266,0
71.1861343383789,0
75.449592590332,0
80.9182357788086,0
86.2449722290039,0
90.2068634033203,0
92.3340454101562,0
92.7052764892578,0
91.7262878417969,0
89.9610900878906,0
87.5395965576172,0
83.8306732177734,0
78.3434753417969,0
71.7958221435547,0
65.546760559082,0
60.1532173156738,0
55.3589935302734,0
51.2695541381836,0
48.3370056152344,0
46.1892700195312,0
43.8205184936523,0
41.2080116271973,0
39.4320678710938,0
38.8626556396484,0
38.6894760131836,0
38.752872467041,0
40.1052780151367,0
42.7336082458496,0
44.4565887451172,0
43.7392234802246,0
42.2714881896973,0
42.6923484802246,0
44.5463600158691,0
44.7906036376953,0
42.2112655639648,0
39.1294288635254,0
38.1563568115234,0
39.0220642089844,0
39.5406608581543,0
38.4018898010254,0
35.8404350280762,0
32.2981643676758,0
27.6693897247314,0
21.8996047973633,0
15.6678104400635,0
10.2127590179443,0
6.49020624160767,0
4.39536046981812,0
2.87930178642273,0
1.09818947315216,0
-0.630387365818024,0
-1.41794490814209,0
-1.32908284664154,0
-1.69749391078949,0
-3.48891472816467,0
-5.69467210769653,0
-6.11944723129272,0
-4.08173990249634,0
-1.68828153610229,0
-1.43309497833252,0
-2.66110467910767,0
-1.96976375579834,0
2.05140519142151,0
6.15547847747803,0
6.47947263717651,0
4.06440877914429,0
3.38928723335266,0
5.66939353942871,0
7.28659057617188,0
5.94293880462646,0
4.43863439559937,0
5.61554622650146,0
6.92714691162109,0
4.26204681396484,0
-0.839772343635559,0
-2.76789402961731,0
-0.227511659264565,0
1.93561482429504,0
0.298495918512344,0
-2.32750272750854,0
-1.90509867668152,0
0.759986877441406,0
2.20039486885071,0
2.0735912322998,0
3.15773797035217,0
6.58034563064575,0
10.1877641677856,0
11.6127977371216,0
10.7207040786743,0
8.87149524688721,0
7.36608123779297,0
6.65683746337891,0
5.890540599823,0
3.47279953956604,0
-0.878908097743988,0
-5.26895189285278,0
-7.98848295211792,0
-9.79229068756104,0
-12.1307992935181,0
-14.059175491333,0
-13.2545928955078,0
-9.73247241973877,0
-5.99843549728394,0
-3.37394571304321,0
-0.807602524757385,0
2.04080510139465,0
3.28563618659973,0
1.82448089122772,0
-0.384880572557449,0
-0.851634204387665,0
0.431014508008957,0
2.39109063148499,0
5.6420750617981,0
11.4474267959595,0
18.9293384552002,0
25.7454795837402,0
31.0826892852783,0
35.771915435791,0
39.7794799804688,0
41.9636116027832,0
42.4216461181641,0
42.7321319580078,0
43.2514953613281,0
42.1918182373047,0
38.2832946777344,0
32.6997451782227,0
27.353157043457,0
22.6712951660156,0
18.1351184844971,0
13.8850622177124,0
10.6471281051636,0
8.7742280960083,0
8.22207546234131,0
8.87311840057373,0
10.2582607269287,0
11.6046924591064,0
12.6654720306396,0
13.8348255157471,0
15.1740036010742,0
16.3120231628418,0
17.5876178741455,0
19.8470268249512,0
22.3669185638428,0
22.5529518127441,0
19.0983638763428,0
14.2793893814087,0
11.4801654815674,0
11.2427215576172,0
11.4875135421753,0
11.0055341720581,0
10.6133861541748,0
10.8504695892334,0
10.6961011886597,0
9.32551956176758,0
7.43029928207397,0
5.70505332946777,0
3.34014773368835,0
-0.682709634304047,0
-5.78857707977295,0
-10.791540145874,0
-15.9745311737061,0
-22.3773097991943,0
-29.1659660339355,0
-33.7216873168945,0
-35.0118827819824,0
-35.2020874023438,0
-36.8135757446289,0
-39.6505126953125,0
-41.9792709350586,0
-43.5616836547852,0
-45.4934120178223,0
-47.6054725646973,0
-48.3473472595215,0
-47.4752540588379,0
-46.704963684082,0
-46.9301948547363,0
-46.6542930603027,0
-44.2971801757812,0
-40.5235900878906,0
-37.0173263549805,0
-34.2887229919434,0
-32.1148147583008,0
-30.9155025482178,0
-30.948673248291,0
-31.0375213623047,0
-30.0248413085938,0
-28.999942779541,0
-30.126522064209,0
-33.381893157959,0
-36.3487510681152,0
-37.4074630737305,0
-37.2871170043945,0
-36.9836502075195,0
-36.0275039672852,0
-33.9233894348145,0
-31.8493232727051,0
-31.3310394287109,0
-31.8827247619629,0
-31.5435848236084,0
-29.8344440460205,0
-28.9353427886963,0
-31.2506542205811,0
-36.3525085449219,0
-41.1458473205566,0
-43.1678161621094,0
-43.1033096313477,0
-43.4736175537109,0
-45.2052841186523,0
-46.5872383117676,0
-45.9813919067383,0
-44.4381980895996,0
-44.4745330810547,0
-46.8297805786133,0
-49.8848114013672,0
-52.2664985656738,0
-54.4299736022949,0
-57.0302734375,0
-59.2089042663574,0
-59.8747520446777,0
-59.8522834777832,0
-61.0996055603027,0
-63.9303779602051,0
-66.5334320068359,0
-67.4671401977539,0
-67.1560363769531,0
-66.3972702026367,0
-64.9883346557617,0
-63.0312461853027,0
-62.289176940918,0
-64.442253112793,0
-68.5490036010742,0
-72.0329208374023,0
-74.1015853881836,0
-76.5196304321289,0
-80.8268890380859,0
-86.4338455200195,0
-91.9446029663086,0
-96.8186874389648,0
-100.916152954102,0
-103.662307739258,0
-104.693023681641,0
-104.594581604004,0
-104.257942199707,0
-103.985862731934,0
-103.463775634766,0
-101.901817321777,0
-98.3594055175781,0
-93.2099609375,0
-89.1112213134766,0
-88.5722732543945,0
-90.3135147094727,0
-90.4180145263672,0
-87.8661880493164,0
-86.1619567871094,0
-87.8349761962891,0
-90.156852722168,0
-89.0420227050781,0
-84.9655075073242,0
-81.5359802246094,0
-79.6161880493164,0
-76.849494934082,0
-72.6921768188477,0
-69.8176345825195,0
-69.5878524780273,0
-69.6175308227539,0
-67.5665054321289,0
-64.6563262939453,0
-63.2401847839355,0
-62.7373924255371,0
-60.4187393188477,0
-55.4882354736328,0
-50.4139709472656,0
-48.2762985229492,0
-49.9992218017578,0
-54.1121482849121,0
-58.3032112121582,0
-61.1055145263672,0
-62.5291786193848,0
-63.1324806213379,0
-62.6539154052734,0
-60.2240905761719,0
-56.0103416442871,0
-51.694034576416,0
-48.7747344970703,0
-47.1228179931641,0
-45.814884185791,0
-44.7769088745117,0
-44.8880996704102,0
-46.8432006835938,0
-50.5195999145508,0
-55.2075080871582,0
-60.0261344909668,0
-64.4043045043945,0
-68.5019149780273,0
-72.7811965942383,0
-76.8042297363281,0
-78.9478912353516,0
-77.9451217651367,0
-74.5548477172852,0
-71.1848526000977,0
-69.7192306518555,0
-69.7690658569336,0
-69.045295715332,0
-65.667724609375,0
-60.3749923706055,0
-56.0747985839844,0
-54.6327590942383,0
-54.6362800598145,0
-53.4565010070801,0
-51.112419128418,0
-50.2699241638184,0
-52.0799179077148,0
-54.0383682250977,0
-53.2134552001953,0
-50.0348472595215,0
-47.2220344543457,0
-46.0578842163086,0
-45.6485748291016,0
-45.2890090942383,0
-45.5163536071777,0
-46.746883392334,0
-48.5965766906738,0
-50.9580688476562,0
-54.3790588378906,0
-58.8292579650879,0
-63.1252670288086,0
-66.0987548828125,0
-67.59326171875,0
-68.0588150024414,0
-68.0428848266602,0
-68.3954772949219,0
-70.032844543457,0
-72.9204864501953,0
-75.9103012084961,0
-77.9879608154297,0
-79.0805969238281,0
-79.4150238037109,0
-79.0385055541992,0
-78.5102691650391,0
-78.9599075317383,0
-80.317253112793,0
-80.2564697265625,0
-76.5315780639648,0
-70.3338851928711,0
-65.6767578125,0
-64.767692565918,0
-65.3709335327148,0
-63.9881134033203,0
-60.6008453369141,0
-58.3246574401855,0
-58.5451965332031,0
-58.6636009216309,0
-55.7508583068848,0
-50.7663154602051,0
-47.3188591003418,0
-46.9691505432129,0
-47.6385688781738,0
-46.636589050293,0
-43.6214904785156,0
-40.2080917358398,0
-38.0182647705078,0
-37.7270317077637,0
-39.017162322998,0
-40.8394050598145,0
-42.3654975891113,0
-43.9487457275391,0
-46.3850402832031,0
-49.1899604797363,0
-50.7530326843262,0
-50.4027481079102,0
-49.0133476257324,0
-47.2712821960449,0
-44.9670639038086,0
-42.6594581604004,0
-42.187557220459,0
-44.1910057067871,0
-46.6009140014648,0
-47.1517333984375,0
-46.1996955871582,0
-45.4732933044434,0
-45.2317657470703,0
-44.5563316345215,0
-43.4935760498047,0
-42.7954483032227,0
-42.1479835510254,0
-40.7781753540039,0
-39.4111328125,0
-39.4743118286133,0
-40.5615043640137,0
-40.8271446228027,0
-39.8368835449219,0
-38.8578262329102,0
-38.242015838623,0
-36.7681617736816,0
-33.8877868652344,0
-30.4064388275146,0
-26.4796447753906,0
-21.1856231689453,0
-14.7745399475098,0
-9.15587329864502,0
-5.28606557846069,0
-2.11776852607727,0
1.0168092250824,0
3.13507986068726,0
3.6800799369812,0
3.6105523109436,0
3.26758790016174,0
1.54490649700165,0
-1.35130870342255,0
-2.844158411026,0
-1.72718870639801,0
-0.691945254802704,0
-2.71103262901306,0
-6.8611421585083,0
-10.3975191116333,0
-13.2530078887939,0
-17.4628372192383,0
-23.3518104553223,0
-29.3616676330566,0
-34.809513092041,0
-39.8244323730469,0
-43.293212890625,0
-44.0567398071289,0
-43.7038803100586,0
-44.9130744934082,0
-47.2486000061035,0
-48.0668754577637,0
-47.6355934143066,0
-49.4652328491211,0
-54.7379608154297,0
-60.2619438171387,0
-63.4801635742188,0
-65.876220703125,0
-69.2900695800781,0
-72.2750625610352,0
-73.0291748046875,0
-73.1622161865234,0
-75.0762023925781,0
-77.5251770019531,0
-77.4521560668945,0
-75.0985565185547,0
-73.5235214233398,0
-73.3353500366211,0
-71.5824508666992,0
-66.5910034179688,0
-60.7844657897949,0
-57.214542388916,0
-55.5106811523438,0
-53.1010627746582,0
-49.2064552307129,0
-45.8021202087402,0
-44.8182830810547,0
-45.5968399047852,0
-45.5692901611328,0
-43.1876564025879,0
-39.7253952026367,0
-37.6541938781738,0
-37.3394355773926,0
-36.4719009399414,0
-33.4628753662109,0
-30.2607116699219,0
-30.3375453948975,0
-34.4032783508301,0
-39.6843757629395,0
-43.3540115356445,0
-45.1627464294434,0
-46.500316619873,0
-48.4182281494141,0
-51.3037261962891,0
-55.3325653076172,0
-60.1610336303711,0
-64.6098403930664,0
-67.4726181030273,0
-68.6150436401367,0
-68.9553070068359,0
-69.4585342407227,0
-70.2698440551758,0
-70.6140594482422,0
-69.4133071899414,0
-66.2008514404297,0
-61.583080291748,0
-56.7536544799805,0
-52.5101776123047,0
-48.6763153076172,0
-44.2976379394531,0
-38.4176025390625,0
-31.0153732299805,0
-23.3417453765869,0
-17.0149307250977,0
-12.5268545150757,0
-8.75136661529541,0
-3.9826340675354,0
2.58006310462952,0
10.0090131759644,0
15.9074678421021,0
18.0332355499268,0
16.5347499847412,0
14.165943145752,0
13.1654109954834,0
12.351541519165,0
8.91102695465088,0
2.82087469100952,0
-2.74464535713196,0
-5.86405086517334,0
-8.25098419189453,0
-11.9249610900879,0
-15.8918914794922,0
-18.3205070495605,0
-20.2318859100342,0
-24.1857223510742,0
-30.0359859466553,0
-34.7574729919434,0
-36.5752182006836,0
-36.9822998046875,0
-38.240348815918,0
-40.8149490356445,0
-43.9206886291504,0
-46.8887519836426,0
-48.9826126098633,0
-49.0799942016602,0
-46.7595825195312,0
-43.2215995788574,0
-40.2591018676758,0
-38.5041923522949,0
-37.2780113220215,0
-36.0511016845703,0
-35.3915328979492,0
-36.1025276184082,0
-37.7864379882812,0
-39.0391044616699,0
-39.242748260498,0
-39.2394104003906,0
-39.5349006652832,0
-38.8663749694824,0
-35.9441986083984,0
-31.8061332702637,0
-28.4395351409912,0
-25.411060333252,0
-20.2396030426025,0
-12.2619171142578,0
-3.53861355781555,0
4.61702299118042,0
13.0839920043945,0
21.7571678161621,0
28.0749855041504,0
30.8187789916992,0
32.6207427978516,0
36.0371589660645,0
39.4607353210449,0
39.89013671875,0
37.6710357666016,0
35.1488838195801,0
32.448112487793,0
28.4377822875977,0
24.523473739624,0
23.1561679840088,0
23.2106304168701,0
21.3442039489746,0
17.9460639953613,0
17.0323047637939,0
19.4357242584229,0
20.9464359283447,0
19.179817199707,0
17.8421401977539,0
21.0433311462402,0
26.7276191711426,0
29.4036922454834,0
27.2462348937988,0
22.9715270996094,0
19.134729385376,0
16.1411781311035,0
14.3353633880615,0
14.6162843704224,0
16.4180545806885,0
17.4928150177002,0
16.5162048339844,0
14.3960952758789,0
12.5672054290771,0
11.3991556167603,0
10.7646369934082,0
10.8598928451538,0
11.6394033432007,0
12.2273454666138,0
11.71910572052,0
10.3178863525391,0
9.1744213104248,0
9.13960552215576,0
9.91232299804688,0
10.4482431411743,0
10.1252794265747,0
9.40852355957031,0
9.31263637542725,0
10.326584815979,0
11.9688940048218,0
13.1821393966675,0
12.9850187301636,0
11.1090955734253,0
8.37901973724365,0
6.07676076889038,0
4.45138931274414,0
2.3649754524231,0
-0.941282987594604,0
-4.41962289810181,0
-6.56569290161133,0
-7.49953603744507,0
-8.31019401550293,0
-8.99527740478516,0
-8.9809103012085,0
-9.22959423065186,0
-11.1352825164795,0
-12.9338521957397,0
-10.2690877914429,0
-1.95881927013397,0
7.32332944869995,0
12.3766078948975,0
13.52308177948,0
14.7659521102905,0
17.597053527832,0
19.9275054931641,0
20.3440170288086,0
19.7774772644043,0
18.6874828338623,0
16.0374298095703,0
12.1870155334473,0
9.83622074127197,0
10.3839054107666,0
11.6748104095459,0
11.2305946350098,0
9.7060022354126,0
9.02750110626221,0
8.90150547027588,0
7.81713771820068,0
6.32963132858276,0
6.34254264831543,0
7.42469835281372,0
6.77698659896851,0
3.40880560874939,0
-0.136816397309303,0
-1.30135011672974,0
-0.825834512710571,0
-1.20707750320435,0
-3.25753211975098,0
-5.72206783294678,0
-7.48594617843628,0
-8.68296241760254,0
-9.88803482055664,0
-11.3864059448242,0
-13.2815551757812,0
-15.5012216567993,0
-17.4980621337891,0
-18.3629055023193,0
-17.3447933197021,0
-14.1596059799194,0
-9.06672477722168,0
-2.97219967842102,0
2.77045965194702,0
7.1165509223938,0
9.94748878479004,0
11.7582550048828,0
12.7705755233765,0
12.5651435852051,0
10.7560892105103,0
8.10953140258789,0
6.79247331619263,0
8.90244007110596,0
14.3412265777588,0
20.5696125030518,0
25.0616188049316,0
27.6967868804932,0
30.0905685424805,0
33.0318603515625,0
35.7280769348145,0
37.5103530883789,0
39.0045127868652,0
41.2564315795898,0
44.7594375610352,0
49.7195930480957,0
56.1001625061035,0
62.7191505432129,0
67.3420104980469,0
68.5476303100586,0
66.8061599731445,0
63.196403503418,0
58.1718559265137,0
52.3410377502441,0
47.0204048156738,0
42.6029853820801,0
37.6090660095215,0
31.1793575286865,0
25.5289478302002,0
23.6600246429443,0
25.1517734527588,0
26.7597560882568,0
27.1821784973145,0
28.4275302886963,0
31.7376136779785,0
35.0432548522949,0
36.2195358276367,0
36.5828590393066,0
38.7898178100586,0
42.7513465881348,0
46.2016105651855,0
48.5154151916504,0
51.277458190918,0
55.0324020385742,0
57.8484230041504,0
57.8171310424805,0
55.3561248779297,0
52.3809661865234,0
50.5096473693848,0
50.6018905639648,0
52.6394958496094,0
55.1359786987305,0
55.6994857788086,0
53.1994323730469,0
48.8324241638184,0
44.4479560852051,0
40.5596160888672,0
36.7049407958984,0
32.9726486206055,0
30.120397567749,0
28.5245704650879,0
27.92529296875,0
28.0653591156006,0
28.8063182830811,0
29.6281852722168,0
29.6862392425537,0
28.5985584259033,0
26.9772758483887,0
26.1928100585938,0
27.6170463562012,0
31.6746921539307,0
37.3750038146973,0
43.1628189086914,0
48.4109725952148,0
53.4055519104004,0
57.5390472412109,0
58.6708145141602,0
55.5500755310059,0
50.3062934875488,0
46.9220237731934,0
47.0062942504883,0
48.3339004516602,0
47.9882354736328,0
45.7455291748047,0
43.5221748352051,0
42.4066696166992,0
41.5044555664062,0
39.5264511108398,0
36.4322891235352,0
33.2236061096191,0
30.8425960540771,0
29.7574920654297,0
30.1881484985352,0
32.0047607421875,0
34.2686538696289,0
35.4259834289551,0
34.5488052368164,0
32.4260292053223,0
31.0229339599609,0
31.6236610412598,0
33.6860847473145,0
35.6749496459961,0
36.7412223815918,0
37.2210388183594,0
37.6441955566406,0
37.8796920776367,0
37.6502532958984,0
37.524040222168,0
38.5772247314453,0
40.7622261047363,0
42.362361907959,0
42.0134658813477,0
40.9480972290039,0
41.9036102294922,0
45.5493965148926,0
49.4311981201172,0
51.1592330932617,0
51.0298843383789,0
50.162841796875,0
47.8542976379395,0
43.3551940917969,0
39.2161026000977,0
39.408763885498,0
43.7594680786133,0
47.5016021728516,0
47.5788764953613,0
46.4094924926758,0
47.4829902648926,0
50.0296401977539,0
51.0681266784668,0
50.8810348510742,0
52.7348594665527,0
57.4598693847656,0
61.6392097473145,0
62.0008239746094,0
59.2183990478516,0
56.1833229064941,0
54.167179107666,0
52.0369453430176,0
48.3510360717773,0
42.9735946655273,0
36.8316917419434,0
30.9423351287842,0
25.9212532043457,0
22.0925598144531,0
19.5894546508789,0
18.1263370513916,0
17.1211128234863,0
16.621898651123,0
17.6024265289307,0
20.2660083770752,0
22.5550117492676,0
22.1787433624268,0
20.189151763916,0
20.3242435455322,0
24.0994682312012,0
28.9067935943604,0
32.2176094055176,0
35.0787544250488,0
39.3091201782227,0
43.6644020080566,0
45.9601821899414,0
47.4614868164062,0
51.5589179992676,0
58.5871887207031,0
65.2937088012695,0
69.433464050293,0
71.7449035644531,0
73.0847320556641,0
72.7945938110352,0
70.8518600463867,0
68.9267730712891,0
68.0977172851562,0
67.6578826904297,0
67.1165237426758,0
67.2419891357422,0
68.2500839233398,0
69.2504959106445,0
70.5161743164062,0
73.8326416015625,0
79.1179962158203,0
83.0671005249023,0
83.1455459594727,0
81.0728149414062,0
80.2695922851562,0
81.3659286499023,0
82.3188705444336,0
81.6821441650391,0
79.5804138183594,0
76.4151458740234,0
72.772331237793,0
69.9743957519531,0
68.7059707641602,0
67.5277252197266,0
64.6390228271484,0
60.850414276123,0
59.0281562805176,0
60.5624771118164,0
63.7263069152832,0
65.4598770141602,0
63.7795333862305,0
58.9513549804688,0
53.495288848877,0
50.3881645202637,0
49.9057998657227,0
49.0222015380859,0
45.5260810852051,0
41.6971168518066,0
41.5176734924316,0
44.8373107910156,0
47.2795600891113,0
46.206916809082,0
43.6648101806641,0
42.192985534668,0
40.6530799865723,0
36.5925025939941,0
30.8444423675537,0
26.8802719116211,0
26.1617603302002,0
26.6489639282227,0
26.1426906585693,0
25.1193981170654,0
25.4562931060791,0
27.5293560028076,0
29.4558410644531,0
28.8653182983398,0
25.161563873291,0
20.3046073913574,0
17.2060279846191,0
16.9023876190186,0
17.6809120178223,0
17.6783485412598,0
17.6958065032959,0
20.0062961578369,0
24.6102180480957,0
28.6969928741455,0
30.6132831573486,0
32.5558815002441,0
37.6952896118164,0
45.7344779968262,0
53.3230514526367,0
58.5466957092285,0
62.9725036621094,0
68.8016738891602,0
75.6995620727539,0
81.4864349365234,0
84.9319839477539,0
86.7323913574219,0
88.2304000854492,0
90.1458892822266,0
92.3407821655273,0
93.9872131347656,0
93.9228439331055,0
91.3862838745117,0
86.4886703491211,0
79.7670440673828,0
71.6033706665039,0
62.5337333679199,0
53.6975936889648,0
46.0481948852539,0
39.053295135498,0
31.0792331695557,0
21.5498485565186,0
12.1530590057373,0
5.29926013946533,0
1.66992616653442,0
-0.122479431331158,0
-1.58772969245911,0
-2.75341844558716,0
-2.69859480857849,0
-1.14176774024963,0
1.05505967140198,0
2.93274235725403,0
4.56894969940186,0
6.87670946121216,0
10.3217525482178,0
14.1195936203003,0
16.9149742126465,0
18.1021671295166,0
18.0996971130371,0
17.3514003753662,0
15.699782371521,0
13.1779899597168,0
10.8631868362427,0
10.0880641937256,0
10.9792718887329,0
12.7501964569092,0
15.5381278991699,0
20.7358436584473,0
28.7371959686279,0
37.3109169006348,0
43.5536079406738,0
47.2738265991211,0
51.1937141418457,0
57.4351959228516,0
64.673454284668,0
69.3491287231445,0
69.2262420654297,0
65.2160797119141,0
59.9761047363281,0
55.3396186828613,0
51.2603759765625,0
46.875373840332,0
42.082160949707,0
37.781135559082,0
34.7244911193848,0
32.620361328125,0
30.6012172698975,0
28.211540222168,0
25.5923557281494,0
23.0188598632812,0
20.7341537475586,0
19.0082950592041,0
17.7922782897949,0
16.4141063690186,0
14.2210655212402,0
11.6035814285278,0
9.92284393310547,0
10.3077306747437,0
12.7467498779297,0
16.1628875732422,0
19.0054569244385,0
20.1879119873047,0
20.241283416748,0
21.302267074585,0
24.9335250854492,0
29.9069366455078,0
33.1771430969238,0
33.2752838134766,0
31.7758636474609,0
31.2248783111572,0
32.7937965393066,0
36.2818260192871,0
40.8607139587402,0
44.8411293029785,0
46.1121253967285,0
44.3611755371094,0
42.0783882141113,0
41.8885345458984,0
43.4202117919922,0
44.1896476745605,0
43.0232391357422,0
41.0189018249512,0
39.5259971618652,0
38.9969253540039,0
39.7141265869141,0
41.5862121582031,0
42.8493347167969,0
41.1371421813965,0
36.9616394042969,0
34.406436920166,0
36.8368492126465,0
43.056396484375,0
49.1859931945801,0
53.3343048095703,0
56.5980491638184,0
60.0545616149902,0
63.0090827941895,0
64.7034301757812,0
66.026123046875,0
68.3434295654297,0
71.3218002319336,0
72.8482284545898,0
70.9856185913086,0
65.6155624389648,0
58.4097213745117,0
51.653923034668,0
47.1053237915039,0
45.5715408325195,0
46.9473686218262,0
50.0454711914062,0
52.5529823303223,0
52.3320732116699,0
49.6356239318848,0
47.3865661621094,0
48.2154235839844,0
51.6380195617676,0
55.2799453735352,0
58.3572425842285,0
62.1628227233887,0
67.0742263793945,0
71.2115936279297,0
73.0019683837891,0
73.2625198364258,0
73.2904434204102,0
72.3643035888672,0
69.0807876586914,0
64.2961883544922,0
60.617057800293,0
59.1818809509277,0
58.8552665710449,0
58.6915740966797,0
59.3085327148438,0
61.2562484741211,0
63.6158638000488,0
65.1394119262695,0
65.7380599975586,0
66.0075454711914,0
66.0523910522461,0
65.5304489135742,0
64.3038101196289,0
62.4356498718262,0
59.9487495422363,0
56.9588966369629,0
53.5726470947266,0
49.3833312988281,0
43.6987495422363,0
36.7136535644531,0
30.0140075683594,0
25.5483779907227,0
24.3343448638916,0
26.0857753753662,0
29.4431705474854,0
32.5564079284668,0
34.3196296691895,0
35.282886505127,0
36.6002464294434,0
38.0375938415527,0
38.1068267822266,0
36.3143081665039,0
33.8095932006836,0
31.2960090637207,0
28.0876064300537,0
24.4485416412354,0
23.0394248962402,0
25.7794246673584,0
30.2402095794678,0
31.7894954681396,0
29.2775726318359,0
26.0972480773926,0
25.0434741973877,0
24.60573387146,0
21.8396320343018,0
17.0373001098633,0
13.4359102249146,0
13.1309995651245,0
15.2249584197998,0
17.7827014923096,0
19.9421405792236,0
21.9445304870605,0
24.4019985198975,0
27.806978225708,0
31.7438144683838,0
34.479248046875,0
34.4683647155762,0
32.4579162597656,0
30.8540344238281,0
30.6435070037842,0
30.3204250335693,0
28.5147514343262,0
26.1159801483154,0
24.4798603057861,0
22.9088115692139,0
19.9908218383789,0
16.8355178833008,0
16.5307998657227,0
19.8636112213135,0
23.6080455780029,0
24.2853775024414,0
22.2443008422852,0
20.4487609863281,0
19.979061126709,0
18.6060562133789,0
14.1096458435059,0
7.54680919647217,0
2.15754437446594,0
-0.426805704832077,0
-1.72556924819946,0
-3.99315452575684,0
-7.28787183761597,0
-9.80918598175049,0
-10.5648345947266,0
-10.3321619033813,0
-9.87116432189941,0
-8.7358226776123,0
-6.72333908081055,0
-5.1268515586853,0
-5.01214551925659,0
-5.1160135269165,0
-3.33447480201721,0
0.0296300128102303,0
2.54406881332397,0
3.42375540733337,0
5.03466176986694,0
9.69837284088135,0
16.4482307434082,0
22.0715789794922,0
24.4216823577881,0
23.7984523773193,0
21.9762783050537,0
20.9186058044434,0
21.8521976470947,0
24.6077976226807,0
28.0297870635986,0
31.4235019683838,0
35.1229133605957,0
39.3256568908691,0
43.0956039428711,0
45.0486869812012,0
44.5131340026855,0
41.7061424255371,0
37.395191192627,0
32.6408042907715,0
28.1689033508301,0
23.758113861084,0
18.8825855255127,0
13.8677453994751,0
9.46642875671387,0
5.56040954589844,0
1.74761891365051,0
-0.887740015983582,0
-0.507785201072693,0
2.60726356506348,0
5.83836364746094,0
7.44605350494385,0
8.07407665252686,0
8.5576229095459,0
8.78078460693359,0
9.80230331420898,0
14.2416830062866,0
22.4332618713379,0
30.5214786529541,0
34.7889976501465,0
35.833740234375,0
35.9067687988281,0
34.4192161560059,0
29.6892471313477,0
23.471435546875,0
19.3162021636963,0
16.8058414459229,0
11.8491115570068,0
3.42570543289185,0
-4.02377653121948,0
-6.55837965011597,0
-5.72840785980225,0
-5.50338554382324,0
-6.95132684707642,0
-8.50940227508545,0
-9.47453212738037,0
-10.2039308547974,0
-9.77002334594727,0
-6.28332281112671,0
0.337870985269547,0
8.057785987854,0
15.6449737548828,0
24.2148933410645,0
35.0200042724609,0
46.8720779418945,0
56.9095001220703,0
63.4766578674316,0
67.1948699951172,0
69.2407073974609,0
69.7640991210938,0
68.7400283813477,0
67.473876953125,0
67.6896438598633,0
68.9485931396484,0
68.3587493896484,0
63.6247596740723,0
55.4411926269531,0
46.0643501281738,0
36.5610046386719,0
26.7709655761719,0
17.2327518463135,0
9.35868644714355,0
3.6335301399231,0
-0.86802476644516,0
-4.76334428787231,0
