-52.7230186462402,0
-55.1842613220215,0
-58.9019508361816,0
-62.5345077514648,0
-64.5460433959961,0
-65.7630920410156,0
-67.6852264404297,0
-69.4173202514648,0
-68.6660842895508,0
-65.1877746582031,0
-61.0176963806152,0
-57.3804397583008,0
-53.271411895752,0
-47.3481597900391,0
-39.754695892334,0
-31.6664390563965,0
-24.1061496734619,0
-17.6890659332275,0
-12.8584108352661,0
-9.84378242492676,0
-8.40070247650146,0
-7.55917119979858,0
-5.78693389892578,0
-2.09590411186218,0
2.71404433250427,0
6.64147138595581,0
8.82303047180176,0
10.5758562088013,0
13.4427442550659,0
16.9147262573242,0
19.049108505249,0
18.9392871856689,0
17.6672306060791,0
17.1172122955322,0
18.7613353729248,0
23.3162059783936,0
30.3080406188965,0
37.5954895019531,0
42.3127632141113,0
43.1686019897461,0
41.6234130859375,0
40.2407150268555,0
39.9434471130371,0
39.4487419128418,0
37.4538536071777,0
34.4409980773926,0
31.4558925628662,0
27.8847026824951,0
22.3678874969482,0
16.189582824707,0
13.3490734100342,0
15.4556722640991,0
18.4032421112061,0
16.9839515686035,0
11.8600606918335,0
8.40012264251709,0
8.51668834686279,0
7.88264894485474,0
3.07644605636597,0
-2.49703812599182,0
-3.43601942062378,0
-0.407785296440125,0
1.19097244739532,0
-0.521711885929108,0
-1.96367835998535,0
-0.76279878616333,0
0.509436666965485,0
-0.742691099643707,0
-2.64540553092957,0
-2.47767853736877,0
-1.72643983364105,0
-3.56209349632263,0
-7.05797052383423,0
-8.18155670166016,0
-6.00644063949585,0
-3.84447073936462,0
-3.7725145816803,0
-3.83057260513306,0
-1.8967616558075,0
1.05656552314758,0
3.53612184524536,0
6.52403736114502,0
11.3773002624512,0
16.7972545623779,0
20.6195850372314,0
23.1611804962158,0
25.9393501281738,0
28.066255569458,0
27.1028327941895,0
23.3857269287109,0
20.4141864776611,0
20.1234378814697,0
20.23362159729,0
17.5262508392334,0
11.8808851242065,0
5.66937971115112,0
0.642867684364319,0
-2.88336610794067,0
-4.6578540802002,0
-4.19637203216553,0
-1.87344229221344,0
1.05604100227356,0
3.92287826538086,0
7.25219297409058,0
11.4276113510132,0
15.4061794281006,0
17.4982624053955,0
17.1991233825684,0
15.5183525085449,0
13.4999332427979,0
11.3002281188965,0
9.08414173126221,0
7.76227188110352,0
7.76307964324951,0
7.81691837310791,0
6.52095508575439,0
4.87784767150879,0
5.48392200469971,0
8.89108943939209,0
12.5797157287598,0
14.2488241195679,0
14.291374206543,0
13.8528423309326,0
12.3313703536987,0
8.80871200561523,0
4.72487020492554,0
2.75620174407959,0
3.37836265563965,0
4.51426649093628,0
4.43747997283936,0
3.18501448631287,0
1.16112112998962,0
-1.67659747600555,0
-4.85077095031738,0
-7.26194047927856,0
-8.53452491760254,0
-9.04047584533691,0
-8.36655044555664,0
-5.62466049194336,0
-1.90873038768768,0
-0.349951595067978,0
-2.28356170654297,0
-4.95638370513916,0
-4.8485894203186,0
-2.18591833114624,0
-0.191213116049767,0
-0.520281612873077,0
-1.59805810451508,0
-1.42931878566742,0
0.0745273977518082,0
2.14875864982605,0
4.65882253646851,0
7.31614398956299,0
8.66848278045654,0
7.35490226745605,0
3.88076829910278,0
0.000728616898413748,0
-3.34203863143921,0
-6.42178249359131,0
-9.38214778900146,0
-11.8157176971436,0
-13.9656095504761,0
-17.2021579742432,0
-22.4769859313965,0
-28.6919288635254,0
-33.1926383972168,0
-33.8787155151367,0
-30.8373489379883,0
-26.3493957519531,0
-23.4746799468994,0
-24.0995426177979,0
-27.8294315338135,0
-32.7823295593262,0
-37.467586517334,0
-41.6019592285156,0
-45.2306365966797,0
-47.9096031188965,0
-49.2600212097168,0
-49.7259712219238,0
-49.9934959411621,0
-49.7826728820801,0
-47.8383903503418,0
-43.2997360229492,0
-36.8935852050781,0
-30.6903018951416,0
-26.5327663421631,0
-24.4262104034424,0
-22.6250114440918,0
-19.7710781097412,0
-16.6173992156982,0
-14.6095542907715,0
-12.9351215362549,0
-8.81988716125488,0
-1.65955066680908,0
4.87315702438354,0
6.68066644668579,0
4.2172646522522,0
1.56787264347076,0
1.10383415222168,0
1.39963161945343,0
0.483973354101181,0
-1.46047806739807,0
-3.56285667419434,0
-6.02520561218262,0
-8.70756340026855,0
-9.77385711669922,0
-7.94717931747437,0
-5.02221202850342,0
-3.85931539535522,0
-4.53923606872559,0
-4.96011924743652,0
-5.00917291641235,0
-7.25203943252563,0
-12.6980934143066,0
-18.6102638244629,0
-22.2657737731934,0
-24.7515430450439,0
-28.6274070739746,0
-33.2743072509766,0
-35.527400970459,0
-34.5123863220215,0
-32.8271217346191,0
-32.3896331787109,0
-31.8889484405518,0
-29.6448707580566,0
-26.5746841430664,0
-24.260368347168,0
-21.7406444549561,0
-16.6727104187012,0
-8.9360933303833,0
-0.89164936542511,0
5.57807159423828,0
10.2897090911865,0
13.3209047317505,0
14.5783576965332,0
15.0217952728271,0
16.2543087005615,0
18.3610134124756,0
19.9860687255859,0
21.0839939117432,0
23.5257225036621,0
27.9571990966797,0
32.0721626281738,0
33.6479530334473,0
33.8137283325195,0
35.4163208007812,0
39.0586547851562,0
42.6210784912109,0
44.2515068054199,0
44.1056365966797,0
43.1374168395996,0
41.5108222961426,0
38.4940643310547,0
33.3196411132812,0
26.2965469360352,0
19.3973217010498,0
14.912691116333,0
12.7690725326538,0
10.1318473815918,0
4.71031951904297,0
-2.56630825996399,0
-9.45819282531738,0
-15.7374715805054,0
-22.5463256835938,0
-29.3032302856445,0
-33.9041519165039,0
-36.0033988952637,0
-37.5075569152832,0
-39.2988700866699,0
-40.006175994873,0
-39.0094871520996,0
-38.1231994628906,0
-38.6332015991211,0
-38.9242897033691,0
-37.3274841308594,0
-35.4550590515137,0
-35.7210807800293,0
-36.6369819641113,0
-34.074333190918,0
-27.2695960998535,0
-20.1170444488525,0
-15.4153642654419,0
-11.0317115783691,0
-3.89586782455444,0
4.80171823501587,0
11.4644708633423,0
15.5969495773315,0
19.8940105438232,0
25.135009765625,0
28.6450023651123,0
28.8844661712646,0
28.4376621246338,0
30.3754043579102,0
33.904613494873,0
36.2022590637207,0
37.0433883666992,0
38.4881172180176,0
40.417724609375,0
39.7049827575684,0
34.7830924987793,0
28.4236335754395,0
24.2241191864014,0
22.0961971282959,0
19.3505859375,0
15.2470941543579,0
12.0215721130371,0
11.2591953277588,0
11.3128461837769,0
9.35624885559082,0
4.89304304122925,0
0.0941768288612366,0
-2.9958918094635,0
-4.77815580368042,0
-7.62326097488403,0
-13.4856929779053,0
-22.0821857452393,0
-31.3830013275146,0
-39.8110160827637,0
-47.442512512207,0
-54.5705947875977,0
-59.8613624572754,0
-61.4805946350098,0
-60.0810050964355,0
-58.7942924499512,0
-59.3610687255859,0
-60.032829284668,0
-58.8820991516113,0
-57.5966644287109,0
-59.5768051147461,0
-65.1805801391602,0
-71.6959457397461,0
-77.7720108032227,0
-84.6583480834961,0
-92.42333984375,0
-98.286979675293,0
-100.431991577148,0
-100.6591796875,0
-100.989974975586,0
-100.092575073242,0
-95.9863433837891,0
-90.4035110473633,0
-86.9962692260742,0
-86.1410675048828,0
-84.8866119384766,0
-81.6058883666992,0
-77.2835998535156,0
-72.2078704833984,0
-65.1199264526367,0
-56.682014465332,0
-50.4721488952637,0
-48.6875495910645,0
-49.2180023193359,0
-48.7451286315918,0
-46.724781036377,0
-44.4785957336426,0
-42.1650543212891,0
-38.7933006286621,0
-33.9760704040527,0
-27.5865325927734,0
-18.6268768310547,0
-6.60713291168213,0
6.39751100540161,0
17.1328086853027,0
24.7615547180176,0
31.5945873260498,0
40.0459518432617,0
50.049690246582,0
59.6959381103516,0
67.3865966796875,0
73.0156936645508,0
77.6844711303711,0
82.4313659667969,0
86.7716217041016,0
88.6497192382812,0
86.5816497802734,0
81.7817611694336,0
77.2492752075195,0
74.4696044921875,0
71.7787628173828,0
66.4599990844727,0
57.9297103881836,0
48.3286628723145,0
40.3259429931641,0
34.9158973693848,0
31.1703872680664,0
27.4257545471191,0
22.5120506286621,0
16.4191246032715,0
10.3172950744629,0
5.72418832778931,0
3.07503437995911,0
1.0171457529068,0
-2.45823955535889,0
-8.00099945068359,0
-14.3283014297485,0
-19.7591743469238,0
-23.7740421295166,0
-26.6290817260742,0
-28.0029964447021,0
-27.0426425933838,0
-23.8434200286865,0
-19.9655132293701,0
-16.9680995941162,0
-15.0870037078857,0
-14.0415306091309,0
-14.5273637771606,0
-17.6709079742432,0
-22.9507694244385,0
-27.8921871185303,0
-30.4621162414551,0
-30.9335117340088,0
-30.675910949707,0
-29.9470882415771,0
-27.9638481140137,0
-24.5820636749268,0
-20.6090774536133,0
-16.7258625030518,0
-13.4313306808472,0
-11.8153791427612,0
-12.6502990722656,0
-14.5160627365112,0
-14.7426872253418,0
-12.8994512557983,0
-11.3916902542114,0
-11.4959154129028,0
-11.0087366104126,0
-7.88647651672363,0
-4.30920743942261,0
-4.02861642837524,0
-6.52238798141479,0
-7.26381778717041,0
-4.12342119216919,0
-0.229109868407249,0
0.713845908641815,0
-0.970252811908722,0
-2.83972215652466,0
-4.31158494949341,0
-6.08750534057617,0
-7.30400800704956,0
-6.35689401626587,0
-4.05632448196411,0
-3.21734881401062,0
-4.95737552642822,0
-7.56573057174683,0
-9.22941112518311,0
-9.82357120513916,0
-9.73626613616943,0
-9.08736419677734,0
-8.73577785491943,0
-9.95189476013184,0
-12.0780868530273,0
-12.3662433624268,0
-9.35555744171143,0
-4.81577730178833,0
-1.10880267620087,0
1.73501563072205,0
4.75779819488525,0
7.37946224212646,0
7.92066431045532,0
5.99457216262817,0
2.74528121948242,0
-0.546125888824463,0
-2.66021299362183,0
-2.28103137016296,0
0.543476760387421,0
3.55502033233643,0
4.7483696937561,0
5.03862428665161,0
6.63208055496216,0
9.45458984375,0
11.3756818771362,0
11.5890312194824,0
11.5235118865967,0
12.4567565917969,0
14.2724657058716,0
16.5348777770996,0
18.7738590240479,0
19.7799549102783,0
18.7305698394775,0
16.973518371582,0
16.4947128295898,0
16.7139587402344,0
15.2846412658691,0
12.0107936859131,0
8.96919727325439,0
6.39679908752441,0
1.95266318321228,0
-4.68664836883545,0
-9.97626876831055,0
-11.4495086669922,0
-11.6346635818481,0
-14.2603406906128,0
-18.7007942199707,0
-21.2667121887207,0
-20.6837196350098,0
-19.2351684570312,0
-19.0403251647949,0
-19.9537105560303,0
-21.1735973358154,0
-22.6423377990723,0
-24.3695220947266,0
-25.8980312347412,0
-26.8921794891357,0
-27.328670501709,0
-26.9844589233398,0
-25.415397644043,0
-22.3655891418457,0
-17.8535003662109,0
-12.3993444442749,0
-7.44518041610718,0
-4.41109323501587,0
-2.58077025413513,0
0.90579491853714,0
7.92645454406738,0
17.2354125976562,0
26.2826442718506,0
33.8075370788574,0
39.5426216125488,0
43.0692825317383,0
44.7858619689941,0
46.6066856384277,0
49.6291389465332,0
52.3462295532227,0
53.4316787719727,0
54.9010925292969,0
59.3767852783203,0
64.9843444824219,0
66.7067642211914,0
63.1981010437012,0
58.7290725708008,0
57.2340774536133,0
57.6704864501953,0
57.0659599304199,0
55.2316055297852,0
53.8165702819824,0
52.7119903564453,0
50.349609375,0
46.559627532959,0
42.4833183288574,0
38.1803741455078,0
32.7687835693359,0
26.7534694671631,0
21.8883152008057,0
18.5423965454102,0
15.3344259262085,0
11.7893991470337,0
9.24085998535156,0
8.26602745056152,0
7.21076822280884,0
4.62173318862915,0
1.58418071269989,0
-0.0119320265948772,0
-0.346133083105087,0
-0.861281335353851,0
-1.36307334899902,0
-0.306410223245621,0
1.95525050163269,0
2.66179466247559,0
0.481032282114029,0
-2.04721879959106,0
-1.60075080394745,0
1.59992074966431,0
4.51428890228271,0
5.69416904449463,0
6.76575613021851,0
9.34178352355957,0
12.5440797805786,0
14.5478315353394,0
15.1404008865356,0
15.6436548233032,0
17.3112525939941,0
20.7799224853516,0
26.0768947601318,0
31.9463062286377,0
35.970386505127,0
36.7165260314941,0
35.2804489135742,0
33.5495262145996,0
31.646598815918,0
28.6147861480713,0
25.0101299285889,0
22.7322254180908,0
22.2229156494141,0
21.927661895752,0
21.1641731262207,0
21.6179885864258,0
24.8882942199707,0
30.0655384063721,0
35.0134696960449,0
38.7215118408203,0
40.8345108032227,0
39.9956932067871,0
34.8039474487305,0
26.1707973480225,0
16.7620716094971,0
7.82679462432861,0
-1.71207225322723,0
-12.4946556091309,0
-22.8437690734863,0
-30.8906631469727,0
-37.2154846191406,0
-43.5156555175781,0
-49.2742614746094,0
-52.0067329406738,0
-51.2696914672852,0
-50.3321380615234,0
-52.3813514709473,0
-56.4221115112305,0
-58.881175994873,0
-58.514045715332,0
-57.3223342895508,0
-56.6359443664551,0
-55.153980255127,0
-52.125301361084,0
-49.8300094604492,0
-50.402099609375,0
-51.9078140258789,0
-50.7368354797363,0
-47.2175941467285,0
-45.518684387207,0
-47.7504043579102,0
-51.5063438415527,0
-54.2844886779785,0
-57.0001182556152,0
-60.9900245666504,0
-64.3288803100586,0
-64.1459503173828,0
-60.9152870178223,0
-57.4486045837402,0
-54.8621520996094,0
-52.7143898010254,0
-52.2212028503418,0
-55.4641342163086,0
-61.0701637268066,0
-64.2523956298828,0
-62.3640022277832,0
-57.6027984619141,0
-53.0086441040039,0
-48.6911087036133,0
-43.8081092834473,0
-39.4855613708496,0
-37.0193901062012,0
-34.9453353881836,0
-30.7672500610352,0
-24.7003555297852,0
-19.1833095550537,0
-15.2117300033569,0
-11.4545774459839,0
-6.7478289604187,0
-1.40194976329803,0
3.84222364425659,0
8.29844284057617,0
10.9555826187134,0
11.5287199020386,0
11.7921123504639,0
13.8249626159668,0
16.7880306243896,0
17.5314407348633,0
14.8222227096558,0
10.8971786499023,0
8.18651294708252,0
6.70046758651733,0
5.73663854598999,0
5.81478261947632,0
6.83696985244751,0
6.01342344284058,0
0.349622368812561,0
-9.27350521087646,0
-18.8616256713867,0
-26.1147060394287,0
-32.2413520812988,0
-38.6823692321777,0
-44.5516014099121,0
-48.7190780639648,0
-52.4366340637207,0
-57.6868896484375,0
-63.883129119873,0
-68.4675445556641,0
-70.5193099975586,0
-71.5995559692383,0
-72.845344543457,0
-73.4952850341797,0
-73.1201095581055,0
-73.0878372192383,0
-74.1058349609375,0
-73.9225845336914,0
-69.7245941162109,0
-62.1214408874512,0
-54.5984344482422,0
-49.139476776123,0
-44.3378791809082,0
-38.1021537780762,0
-30.5034656524658,0
-23.3505172729492,0
-18.320426940918,0
-16.2100296020508,0
-16.9067096710205,0
-19.2557563781738,0
-21.6595287322998,0
-23.4634227752686,0
-25.2548065185547,0
-27.4216060638428,0
-29.025016784668,0
-28.5224380493164,0
-25.1705493927002,0
-19.5403804779053,0
-13.2265033721924,0
-8.16953563690186,0
-5.48736524581909,0
-4.60617971420288,0
-4.07178258895874,0
-3.31615328788757,0
-2.85657405853271,0
-2.65258479118347,0
-1.43886053562164,0
1.61544406414032,0
5.45577430725098,0
8.25475120544434,0
9.49446487426758,0
10.1799058914185,0
11.4001216888428,0
13.4671449661255,0
16.1459941864014,0
18.8163738250732,0
20.4654998779297,0
20.4204978942871,0
19.3578262329102,0
18.9618244171143,0
20.2238636016846,0
22.4655780792236,0
24.3560104370117,0
25.5878772735596,0
27.1424751281738,0
29.9112930297852,0
33.2922286987305,0
35.3477783203125,0
34.5888252258301,0
31.7466945648193,0
29.4842052459717,0
29.8852519989014,0
32.338809967041,0
34.4752426147461,0
35.1502265930176,0
35.6302680969238,0
37.4334411621094,0
39.8580474853516,0
40.5849189758301,0
38.4659271240234,0
34.9359016418457,0
32.6545219421387,0
33.197395324707,0
35.9641876220703,0
38.9661750793457,0
40.8103713989258,0
42.0395278930664,0
44.0253257751465,0
46.4559173583984,0
47.0707244873047,0
44.6083793640137,0
40.7566375732422,0
37.884033203125,0
36.0442771911621,0
34.1209754943848,0
32.9440536499023,0
34.5904388427734,0
38.6718139648438,0
42.018741607666,0
42.6361351013184,0
41.5377578735352,0
39.851806640625,0
36.6479148864746,0
31.0207557678223,0
24.0663986206055,0
17.07985496521,0
9.79352569580078,0
2.29783201217651,0
-3.26964664459229,0
-5.40637302398682,0
-6.16112089157104,0
-8.75857925415039,0
-13.3167686462402,0
-17.4945869445801,0
-20.463903427124,0
-23.2239685058594,0
-25.3751983642578,0
-24.9641132354736,0
-22.1900367736816,0
-20.3066139221191,0
-21.4566192626953,0
-23.7456073760986,0
-23.9336185455322,0
-21.5391540527344,0
-19.0377292633057,0
-19.22096824646,0
-23.3411693572998,0
-30.5558776855469,0
-38.0710182189941,0
-42.9307556152344,0
-44.7796936035156,0
-45.9732894897461,0
-48.1593627929688,0
-50.0143661499023,0
-49.5099716186523,0
-47.1313705444336,0
-45.1781539916992,0
-44.6591186523438,0
-44.6329765319824,0
-44.2869987487793,0
-44.0220336914062,0
-44.469970703125,0
-45.8369140625,0
-48.3468780517578,0
-52.0530281066895,0
-55.9594306945801,0
-58.5603828430176,0
-59.733699798584,0
-61.0628395080566,0
-63.6979179382324,0
-66.873420715332,0
-69.3925170898438,0
-71.730712890625,0
-75.2914505004883,0
-79.714485168457,0
-82.3883972167969,0
-81.3810882568359,0
-77.9758071899414,0
-75.2347106933594,0
-74.406364440918,0
-73.8976364135742,0
-71.770133972168,0
-67.9357604980469,0
-63.4558219909668,0
-59.0917625427246,0
-55.6328430175781,0
-54.4831619262695,0
-56.2639617919922,0
-59.3648796081543,0
-61.5456047058105,0
-62.7716903686523,0
-64.8363876342773,0
-68.3004760742188,0
-71.7465286254883,0
-74.364501953125,0
-77.160400390625,0
-80.6453018188477,0
-83.2611083984375,0
-83.6758041381836,0
-83.2365646362305,0
-84.234504699707,0
-86.471076965332,0
-87.4446640014648,0
-85.7646942138672,0
-82.6665267944336,0
-79.8975448608398,0
-77.6058959960938,0
-75.0217132568359,0
-72.11279296875,0
-69.4304275512695,0
-66.6692199707031,0
-62.4832420349121,0
-56.1176452636719,0
-48.6409721374512,0
-41.9361839294434,0
-36.6225242614746,0
-31.6347103118896,0
-26.0296497344971,0
-20.6301784515381,0
-17.4892845153809,0
-18.085729598999,0
-22.3160514831543,0
-28.7993602752686,0
-35.8548545837402,0
-42.6880569458008,0
-49.8953857421875,0
-58.1277465820312,0
-66.0704650878906,0
-71.000846862793,0
-72.0924835205078,0
-71.8117752075195,0
-72.8102569580078,0
-74.7637023925781,0
-75.9718017578125,0
-76.7663650512695,0
-78.8968887329102,0
-82.2954177856445,0
-85.2636795043945,0
-87.7349395751953,0
-91.388427734375,0
-96.058235168457,0
-98.9889907836914,0
-98.7034225463867,0
-96.8326416015625,0
-94.7288665771484,0
-91.1423645019531,0
-85.3794250488281,0
-80.1396636962891,0
-78.3010482788086,0
-78.7200775146484,0
-78.3143692016602,0
-76.9163589477539,0
-76.6376953125,0
-77.2873992919922,0
-76.3136520385742,0
-73.4875640869141,0
-71.8986892700195,0
-73.1887969970703,0
-75.0309753417969,0
-75.0216751098633,0
-74.376594543457,0
-75.6541748046875,0
-78.8729629516602,0
-82.1833114624023,0
-84.9236907958984,0
-87.6669692993164,0
-90.0997695922852,0
-91.0429611206055,0
-90.3080444335938,0
-88.9819946289062,0
-88.2141265869141,0
-88.9073638916016,0
-91.8048400878906,0
-96.3035202026367,0
-99.8274841308594,0
-100.111045837402,0
-97.7172698974609,0
-94.7162475585938,0
-91.5170135498047,0
-87.1515426635742,0
-82.4010009765625,0
-79.9477767944336,0
-80.6327438354492,0
-81.8310089111328,0
-80.9645233154297,0
-78.9870910644531,0
-78.684440612793,0
-80.5771636962891,0
-82.3891372680664,0
-82.2112121582031,0
-80.3649520874023,0
-77.7881164550781,0
-74.1163635253906,0
-68.4677963256836,0
-61.401782989502,0
-54.7751502990723,0
-49.5801391601562,0
-45.094856262207,0
-40.7955093383789,0
-38.011962890625,0
-38.1936683654785,0
-39.8647651672363,0
-39.174243927002,0
-34.1594505310059,0
-26.9986362457275,0
-20.9867820739746,0
-16.6379528045654,0
-12.4094896316528,0
-8.26010704040527,0
-6.12690210342407,0
-6.78216218948364,0
-8.38815689086914,0
-9.05855178833008,0
-9.24269008636475,0
-10.328311920166,0
-12.0041904449463,0
-12.5640869140625,0
-11.4937257766724,0
-10.4341611862183,0
-11.3463678359985,0
-14.4659557342529,0
-18.3786125183105,0
-21.8220272064209,0
-25.2299423217773,0
-30.3581295013428,0
-38.083423614502,0
-46.8193817138672,0
-54.0628967285156,0
-59.5976409912109,0
-65.6110763549805,0
-72.7013854980469,0
-77.5566101074219,0
-76.862922668457,0
-72.5258941650391,0
-69.9729232788086,0
-71.1512756347656,0
-72.5067443847656,0
-71.0945358276367,0
-69.2048950195312,0
-70.1080017089844,0
-71.8950500488281,0
-69.6475296020508,0
-62.6266250610352,0
-55.0190200805664,0
-49.4982032775879,0
-44.4352989196777,0
-38.7375907897949,0
-35.1089935302734,0
-35.6608581542969,0
-37.5863990783691,0
-36.9866065979004,0
-35.0254516601562,0
-36.2294807434082,0
-41.5164794921875,0
-46.9682426452637,0
-49.6648788452148,0
-50.7693061828613,0
-51.6055641174316,0
-50.3016815185547,0
-44.8501243591309,0
-37.205207824707,0
-31.5184745788574,0
-29.4141998291016,0
-29.439151763916,0
-30.4517078399658,0
-32.9717788696289,0
-37.0839195251465,0
-41.2649879455566,0
-44.0415229797363,0
-45.2811050415039,0
-45.1952857971191,0
-43.5411529541016,0
-40.7450370788574,0
-38.4907341003418,0
-37.7614250183105,0
-36.9872741699219,0
-33.5851440429688,0
-27.1400012969971,0
-19.7926540374756,0
-13.4525079727173,0
-7.90915250778198,0
-2.13551354408264,0
3.65840673446655,0
8.1681432723999,0
10.6632614135742,0
11.7007646560669,0
12.3395795822144,0
13.2125606536865,0
14.2992477416992,0
15.1851758956909,0
15.5293664932251,0
15.4310712814331,0
15.1678495407104,0
14.5605783462524,0
13.15602684021,0
11.2519826889038,0
9.89040851593018,0
9.18947219848633,0
7.62930536270142,0
4.19992303848267,0
0.456230938434601,0
-1.41643798351288,0
-2.29449653625488,0
-5.46761655807495,0
-11.5857105255127,0
-16.6492385864258,0
-16.8382701873779,0
-13.6406049728394,0
-11.8278961181641,0
-13.2493982315063,0
-15.1427669525146,0
-14.3711414337158,0
-10.8590269088745,0
-6.43282508850098,0
-2.45916676521301,0
0.555927038192749,0
2.81090903282166,0
5.49487447738647,0
9.62105941772461,0
13.8463020324707,0
15.2915372848511,0
13.5188913345337,0
11.6970252990723,0
12.4165525436401,0
14.444019317627,0
15.6413106918335,0
17.0576992034912,0
21.1296882629395,0
26.9869823455811,0
30.8700046539307,0
30.9782161712646,0
28.879337310791,0
26.1130599975586,0
22.6855373382568,0
19.5543098449707,0
19.1518459320068,0
21.7726783752441,0
24.2555313110352,0
24.2635021209717,0
23.3980484008789,0
23.7403755187988,0
23.6778602600098,0
20.2859363555908,0
14.1930198669434,0
8.53054618835449,0
3.93130159378052,0
-1.63699173927307,0
-8.12387561798096,0
-12.4325723648071,0
-13.2518119812012,0
-13.3748559951782,0
-15.4237747192383,0
-18.1841716766357,0
-19.4346656799316,0
-19.9155254364014,0
-21.6212882995605,0
-23.8698291778564,0
-24.2510604858398,0
-22.7270317077637,0
-21.8322372436523,0
-22.9158477783203,0
-24.7105369567871,0
-25.6769371032715,0
-25.3037986755371,0
-22.7237930297852,0
-16.5095062255859,0
-6.92922210693359,0
3.28317642211914,0
11.4459953308105,0
17.106164932251,0
21.1816711425781,0
24.1998767852783,0
25.9810009002686,0
26.0563182830811,0
24.091236114502,0
20.8145294189453,0
18.2138080596924,0
17.2477951049805,0
15.7622222900391,0
10.9672937393188,0
3.93290615081787,0
-1.29146325588226,0
-3.68747854232788,0
-7.14389038085938,0
-14.6944198608398,0
-23.9757652282715,0
-30.9823055267334,0
-35.7965850830078,0
-41.3152198791504,0
-47.9505767822266,0
-53.1906318664551,0
-55.7821807861328,0
-57.0349540710449,0
-57.9684829711914,0
-58.1015548706055,0
-57.4635772705078,0
-57.174129486084,0
-57.2510948181152,0
-56.0394287109375,0
-52.8235931396484,0
-49.3164176940918,0
-47.5251235961914,0
-47.3747863769531,0
-47.3069458007812,0
-46.2514495849609,0
-44.2887268066406,0
-42.168701171875,0
-40.8230361938477,0
-40.8080558776855,0
-41.7463455200195,0
-42.5387573242188,0
-42.1380424499512,0
-39.9132614135742,0
-35.7882041931152,0
-30.6962871551514,0
-26.368350982666,0
-23.7680644989014,0
-22.151798248291,0
-20.4697380065918,0
-18.9291439056396,0
-17.9973297119141,0
-16.7406253814697,0
-13.9541368484497,0
-10.5312786102295,0
-8.73983955383301,0
-9.08194065093994,0
-9.72305965423584,0
-9.34431838989258,0
-8.7616491317749,0
-9.07305526733398,0
-9.76644420623779,0
-9.58705902099609,0
-8.21094226837158,0
-6.27307748794556,0
-4.51594400405884,0
-3.43471026420593,0
-3.07754063606262,0
-2.91546034812927,0
-2.59070897102356,0
-2.73670935630798,0
-4.05268812179565,0
-5.6826171875,0
-5.88726139068604,0
-4.4514422416687,0
-2.93013095855713,0
-2.18455266952515,0
-1.27693688869476,0
0.572945594787598,0
2.48341679573059,0
3.23079395294189,0
2.76697778701782,0
1.63012754917145,0
0.231993779540062,0
-0.404354631900787,0
1.15877032279968,0
4.45537567138672,0
6.45510625839233,0
5.03349447250366,0
2.10482239723206,0
1.38108170032501,0
3.65344619750977,0
6.23188829421997,0
6.68157052993774,0
5.10643529891968,0
2.81697130203247,0
0.856579303741455,0
0.271827399730682,0
1.89765739440918,0
5.03564739227295,0
7.87513065338135,0
10.0329179763794,0
13.153413772583,0
18.0352725982666,0
22.819896697998,0
25.5189189910889,0
26.8980617523193,0
28.8963241577148,0
31.3089332580566,0
32.5684509277344,0
33.3578491210938,0
36.4783325195312,0
42.4900665283203,0
48.2234535217285,0
51.063591003418,0
52.3701095581055,0
54.5985641479492,0
57.0511589050293,0
57.3777542114258,0
56.0750961303711,0
55.9593772888184,0
57.1371803283691,0
56.0622749328613,0
50.8805236816406,0
44.7429847717285,0
41.7073631286621,0
41.5610809326172,0
41.261833190918,0
39.9798393249512,0
39.7321891784668,0
41.572624206543,0
44.0973281860352,0
46.0860214233398,0
48.1338729858398,0
50.7635116577148,0
52.9024200439453,0
53.4898529052734,0
53.236213684082,0
53.5402565002441,0
54.5837860107422,0
55.5773162841797,0
56.0924491882324,0
56.0017929077148,0
54.6660346984863,0
51.4512100219727,0
46.9990844726562,0
42.9937858581543,0
40.4181976318359,0
38.6037979125977,0
36.2642059326172,0
33.2174873352051,0
30.9110927581787,0
31.1928100585938,0
34.3930969238281,0
38.6037445068359,0
41.2062835693359,0
41.3686027526855,0
40.8074798583984,0
41.81005859375,0
44.6548728942871,0
47.298152923584,0
47.5989227294922,0
45.601146697998,0
43.5391502380371,0
43.8326606750488,0
47.3146324157715,0
53.1567039489746,0
59.769660949707,0
65.4502105712891,0
68.9569473266602,0
70.4421920776367,0
71.5023727416992,0
73.273078918457,0
74.6871719360352,0
73.8808746337891,0
71.2438049316406,0
69.4077301025391,0
69.7975234985352,0
70.9566802978516,0
71.1369934082031,0
70.7238922119141,0
70.7085494995117,0
70.4819793701172,0
69.2225723266602,0
68.3435974121094,0
70.1651000976562,0
74.494743347168,0
78.658935546875,0
80.9264297485352,0
81.9532623291016,0
82.6191864013672,0
82.4106979370117,0
80.8045501708984,0
78.8544006347656,0
78.2627029418945,0
79.3999252319336,0
80.9220886230469,0
81.1355056762695,0
79.4727935791016,0
76.7764129638672,0
74.204963684082,0
71.9674377441406,0
69.5515594482422,0
67.0559310913086,0
65.183952331543,0
63.5243835449219,0
60.2494583129883,0
54.7041397094727,0
49.2779541015625,0
47.2026443481445,0
48.9590721130371,0
52.1080703735352,0
54.2144432067871,0
54.6856346130371,0
54.1502113342285,0
53.4327507019043,0
53.0890083312988,0
52.843677520752,0
51.5094451904297,0
48.2994956970215,0
44.038990020752,0
40.3894386291504,0
38.2866020202637,0
37.742992401123,0
38.3051605224609,0
38.6707153320312,0
36.782356262207,0
31.7751541137695,0
25.3163261413574,0
19.7578678131104,0
15.6426334381104,0
12.3971719741821,0
10.547908782959,0
11.2547979354858,0
14.0915641784668,0
17.2688007354736,0
19.8217372894287,0
21.7144718170166,0
22.256254196167,0
20.8354339599609,0
19.1241455078125,0
19.8610572814941,0
23.0965824127197,0
26.4140796661377,0
29.3958892822266,0
34.431266784668,0
41.5400543212891,0
46.0411796569824,0
44.5037231445312,0
40.3728828430176,0
39.7419662475586,0
43.0440673828125,0
45.2613754272461,0
43.9726333618164,0
42.5930633544922,0
44.5194892883301,0
48.1756324768066,0
50.2889442443848,0
51.1159553527832,0
53.3879127502441,0
57.7783241271973,0
62.313549041748,0
65.3255157470703,0
66.3273696899414,0
64.5749740600586,0
59.5979614257812,0
53.2981109619141,0
48.882926940918,0
46.8950614929199,0
44.4037818908691,0
39.1577682495117,0
32.5927848815918,0
27.2162666320801,0
22.6278438568115,0
16.3214740753174,0
7.82021522521973,0
-0.169661268591881,0
-5.01913595199585,0
-6.93351984024048,0
-7.79080533981323,0
-8.5609245300293,0
-9.01797676086426,0
-9.28098678588867,0
-10.2407083511353,0
-12.3270988464355,0
-14.8120889663696,0
-16.743278503418,0
-17.9683704376221,0
-18.854024887085,0
-19.6034812927246,0
-20.4627494812012,0
-22.0688953399658,0
-24.6431217193604,0
-27.0487785339355,0
-27.8006591796875,0
-27.2301635742188,0
-27.475887298584,0
-29.6427001953125,0
-31.9516525268555,0
-31.7536602020264,0
-28.747200012207,0
-25.0194396972656,0
-22.2531967163086,0
-20.1479530334473,0
-17.4587783813477,0
-13.2108154296875,0
-6.78514719009399,0
1.57380831241608,0
9.68267059326172,0
14.4527158737183,0
15.3337965011597,0
15.6244449615479,0
18.7414207458496,0
23.9239292144775,0
27.5945110321045,0
28.7658863067627,0
30.7544364929199,0
36.6256294250488,0
44.789421081543,0
50.7026062011719,0
51.9176712036133,0
49.8461227416992,0
47.1747550964355,0
45.3490791320801,0
44.5159339904785,0
44.0612411499023,0
42.5477256774902,0
38.600715637207,0
32.9018325805664,0
28.3040504455566,0
26.8519725799561,0
27.4179039001465,0
27.4190311431885,0
26.0981311798096,0
24.4692230224609,0
22.43212890625,0
18.1890773773193,0
11.221471786499,0
3.88883399963379,0
-1.38899087905884,0
-5.18913125991821,0
-9.63800430297852,0
-15.0423002243042,0
-20.2331237792969,0
-25.6709079742432,0
-33.2639694213867,0
-42.4543762207031,0
-49.3243560791016,0
-51.4139289855957,0
-51.3710746765137,0
-53.4718551635742,0
-57.8624382019043,0
-60.8951225280762,0
-60.5008583068848,0
-58.4138793945312,0
-57.0136222839355,0
-56.7069091796875,0
-57.1312828063965,0
-58.3873977661133,0
-59.7554054260254,0
-59.3150749206543,0
-56.565502166748,0
-53.8531303405762,0
-53.4352378845215,0
-54.4313926696777,0
-54.5741882324219,0
-53.8391151428223,0
-54.0299453735352,0
-55.2972297668457,0
-55.4972991943359,0
-53.2526817321777,0
-49.6123542785645,0
-45.995719909668,0
-42.0534324645996,0
-36.476203918457,0
-28.9016246795654,0
-20.149938583374,0
-11.1393814086914,0
-2.22099947929382,0
6.6251277923584,0
15.1534376144409,0
22.2701454162598,0
26.370138168335,0
26.8047962188721,0
24.782018661499,0
22.1949481964111,0
19.8648433685303,0
17.6011848449707,0
15.3990421295166,0
13.4136266708374,0
11.123254776001,0
7.88289546966553,0
4.16058540344238,0
0.800365209579468,0
-2.87326073646545,0
-8.5382719039917,0
-16.1564826965332,0
-23.3897075653076,0
-28.2894592285156,0
-31.1170520782471,0
-32.942455291748,0
-34.071949005127,0
-34.7915725708008,0
-36.1809349060059,0
-38.9595108032227,0
-42.538028717041,0
-46.1068344116211,0
-49.4865570068359,0
-52.0289039611816,0
-52.1600875854492,0
-49.3126945495605,0
-44.9978523254395,0
-40.589599609375,0
-35.435432434082,0
-28.7724094390869,0
-21.9871006011963,0
-16.7433185577393,0
-12.0496320724487,0
-5.85254716873169,0
1.07230114936829,0
5.63900518417358,0
6.82866668701172,0
6.83355140686035,0
7.38456678390503,0
7.40296602249146,0
5.06566333770752,0
0.0866336971521378,0
-6.7433032989502,0
-14.0878677368164,0
-19.3518047332764,0
-19.9874782562256,0
-17.0601444244385,0
-15.3152523040771,0
-17.7441501617432,0
-21.8767566680908,0
-23.5894927978516,0
-22.867395401001,0
-22.9988555908203,0
-25.1594657897949,0
-27.1286926269531,0
-27.436279296875,0
-27.6214752197266,0
-29.3216915130615,0
-31.6600723266602,0
-33.1742095947266,0
-34.4722213745117,0
-36.931697845459,0
-39.8798141479492,0
-41.2980995178223,0
-41.0426177978516,0
-41.2736854553223,0
-43.2789421081543,0
-45.6142158508301,0
-46.2637367248535,0
-45.2055816650391,0
-43.536735534668,0
-41.191291809082,0
-37.440616607666,0
-33.2636528015137,0
-30.9927921295166,0
-31.0216064453125,0
-30.8607120513916,0
-28.741096496582,0
-26.458869934082,0
-26.6533622741699,0
-28.3853855133057,0
-28.063175201416,0
-24.7581729888916,0
-22.0528755187988,0
-23.6756343841553,0
-29.2448787689209,0
-35.6145935058594,0
-40.863597869873,0
-45.2600708007812,0
-49.2058715820312,0
-52.0764579772949,0
-53.093822479248,0
-52.2209167480469,0
-50.1299057006836,0
-47.9349708557129,0
-46.7576751708984,0
-46.976245880127,0
-48.1644401550293,0
-50.1500015258789,0
-53.5109252929688,0
-58.4052047729492,0
-63.5253639221191,0
-66.9554672241211,0
-67.6528091430664,0
-65.7354354858398,0
-62.2441902160645,0
-59.1911926269531,0
-58.515697479248,0
-59.8219146728516,0
-60.3230743408203,0
-58.4086532592773,0
-56.0007629394531,0
-55.5412826538086,0
-55.9480361938477,0
-54.2629547119141,0
-50.6855316162109,0
-48.7497215270996,0
-50.0734558105469,0
-52.01513671875,0
-51.8013610839844,0
-50.2662200927734,0
-49.5414237976074,0
-49.1958351135254,0
-47.2382583618164,0
-43.736156463623,0
-40.7600746154785,0
-39.085578918457,0
-37.4341125488281,0
-35.3169593811035,0
-34.3922843933105,0
-35.8757362365723,0
-38.1590881347656,0
-38.6027145385742,0
-37.055793762207,0
-36.0071411132812,0
-37.110408782959,0
-38.9052848815918,0
-38.8082122802734,0
-36.607536315918,0
-34.8239784240723,0
-35.6415519714355,0
-38.4899063110352,0
-41.0226211547852,0
-41.6535377502441,0
-40.4503440856934,0
-38.0619316101074,0
-34.6595153808594,0
-29.9937400817871,0
-24.0784473419189,0
-17.7764778137207,0
-12.68141746521,0
-9.87137126922607,0
-8.54511260986328,0
-6.6853175163269,0
-3.63806056976318,0
-1.09767663478851,0
-0.498686820268631,0
-0.365845561027527,0
1.97473812103271,0
6.36580944061279,0
9.632004737854,0
10.0010232925415,0
9.78487205505371,0
12.3316440582275,0
17.6691722869873,0
22.8847522735596,0
26.0719585418701,0
27.9808788299561,0
29.7935371398926,0
31.1164836883545,0
30.9206237792969,0
29.204381942749,0
26.6977844238281,0
23.6279563903809,0
19.7815475463867,0
15.3957967758179,0
10.9502620697021,0
6.09364414215088,0
-0.272358894348145,0
-8.45384502410889,0
-17.0572948455811,0
-24.0251846313477,0
-28.3078861236572,0
-30.3356971740723,0
-31.333610534668,0
-32.6608695983887,0
-35.4784088134766,0
-40.2357444763184,0
-46.1508941650391,0
-51.5255393981934,0
-54.8930397033691,0
-55.8522491455078,0
-54.8491668701172,0
-52.5082511901855,0
-49.3749771118164,0
-45.9955825805664,0
-42.8401718139648,0
-40.1533164978027,0
-38.0297088623047,0
-36.4154319763184,0
-34.718936920166,0
-31.6723918914795,0
-26.1870155334473,0
-18.4627494812012,0
-9.88723945617676,0
-1.8614410161972,0
4.85509538650513,0
9.87362861633301,0
13.1805667877197,0
15.5516042709351,0
17.9526519775391,0
20.1332321166992,0
20.8491153717041,0
19.9915332794189,0
19.1948184967041,0
19.4287719726562,0
19.4637546539307,0
18.2017154693604,0
17.0611953735352,0
17.8812370300293,0
19.6497497558594,0
20.1343288421631,0
20.0508403778076,0
22.1621208190918,0
26.1496963500977,0
28.2158164978027,0
26.86354637146,0
25.2416458129883,0
25.7770938873291,0
26.1864700317383,0
23.7307014465332,0
20.0661754608154,0
17.9764003753662,0
15.9542837142944,0
10.7743330001831,0
3.85711741447449,0
-0.107974357903004,0
-0.491932690143585,0
-1.53282427787781,0
-5.20069742202759,0
-8.22506999969482,0
-7.90549993515015,0
-6.41401100158691,0
-6.73455905914307,0
-7.96329355239868,0
-7.78721237182617,0
-6.96017360687256,0
-7.97249317169189,0
-10.9036445617676,0
-13.5949440002441,0
-15.0244789123535,0
-16.181941986084,0
-18.3495311737061,0
-22.2394104003906,0
-27.7489624023438,0
-33.028205871582,0
-35.3544273376465,0
-34.7704582214355,0
-35.0014724731445,0
-38.3406715393066,0
-41.4916877746582,0
-39.7348937988281,0
-33.9224624633789,0
-29.5078811645508,0
-29.0018081665039,0
-29.3543682098389,0
-27.4159259796143,0
-24.2168064117432,0
-22.1939945220947,0
-21.1364307403564,0
-19.0744895935059,0
-15.3402547836304,0
-10.8146524429321,0
-6.39268779754639,0
-2.70394945144653,0
-0.240386098623276,0
1.53572511672974,0
4.19559669494629,0
8.36189270019531,0
12.7516450881958,0
16.0914993286133,0
18.6639862060547,0
20.9007892608643,0
22.0248985290527,0
21.6780910491943,0
21.5317058563232,0
23.3374767303467,0
26.3275337219238,0
28.4894618988037,0
29.5516757965088,0
30.4775524139404,0
30.6284255981445,0
28.1223812103271,0
23.1993999481201,0
18.7200584411621,0
16.577054977417,0
15.7206449508667,0
14.6228580474854,0
13.6096591949463,0
13.4368686676025,0
13.4384727478027,0
12.8813772201538,0
12.7222051620483,0
13.8967247009277,0
14.744236946106,0
12.4736289978027,0
7.08847999572754,0
1.73869824409485,0
-1.27788770198822,0
-3.1074481010437,0
-6.14897298812866,0
-10.6844444274902,0
-14.8873977661133,0
-17.4989967346191,0
-19.3946208953857,0
-22.5439319610596,0
-27.9154930114746,0
-34.3530006408691,0
-39.4109535217285,0
-41.6119842529297,0
-41.9082679748535,0
-42.4447784423828,0
-43.9860458374023,0
-45.4366264343262,0
-45.9562835693359,0
-46.2039527893066,0
-46.6961097717285,0
-46.0622901916504,0
-42.2614364624023,0
-35.1104393005371,0
-26.5625324249268,0
-18.7937793731689,0
-12.8361959457397,0
-8.48317909240723,0
-4.38600635528564,0
1.1715145111084,0
8.08205509185791,0
13.3729028701782,0
14.2152843475342,0
12.0667896270752,0
11.8326272964478,0
16.2708072662354,0
23.0292720794678,0
28.1205787658691,0
30.479341506958,0
31.6078281402588,0
32.2860145568848,0
31.7639827728271,0
29.6023807525635,0
26.3935565948486,0
22.6679706573486,0
18.4638195037842,0
14.0261850357056,0
9.86342239379883,0
6.10383367538452,0
2.61247253417969,0
-0.4639672935009,0
-3.05631995201111,0
-5.67844390869141,0
-8.69207572937012,0
-11.5814094543457,0
-13.9683418273926,0
-16.6521682739258,0
-20.2448425292969,0
-23.4564933776855,0
-24.6913604736328,0
-25.0890865325928,0
-27.5983905792236,0
-32.4773101806641,0
-36.0613861083984,0
-35.3921661376953,0
-32.180591583252,0
-30.1453590393066,0
-29.6145420074463,0
-27.3287105560303,0
-21.5829925537109,0
-15.1277532577515,0
-11.7861642837524,0
-11.7421207427979,0
-11.872540473938,0
-10.0493803024292,0
-7.12878036499023,0
-4.40285634994507,0
-1.09575176239014,0
4.02000045776367,0
9.5671854019165,0
12.2893342971802,0
11.0612316131592,0
8.46415615081787,0
7.61176347732544,0
8.70667743682861,0
9.69850540161133,0
9.23500537872314,0
7.65767431259155,0
5.77558183670044,0
4.12171506881714,0
3.28411388397217,0
3.71338272094727,0
4.930748462677,0
5.66655349731445,0
4.99275207519531,0
2.96746158599854,0
0.367111682891846,0
-1.72719740867615,0
-2.3976948261261,0
-1.61499035358429,0
-0.296447932720184,0
0.945384323596954,0
2.81927514076233,0
6.46842384338379,0
11.9081583023071,0
18.1207599639893,0
24.358060836792,0
30.3620052337646,0
35.4976119995117,0
38.9224624633789,0
40.9568214416504,0
43.3264503479004,0
47.4861526489258,0
53.233283996582,0
59.2771453857422,0
64.4738388061523,0
67.9346618652344,0
68.5410385131836,0
65.4497604370117,0
59.3374176025391,0
52.4361572265625,0
46.6416397094727,0
41.7078590393066,0
35.949348449707,0
28.7565479278564,0
21.4709568023682,0
15.2133541107178,0
8.94768524169922,0
1.15727722644806,0
-7.14157629013062,0
-13.0917339324951,0
-15.9474401473999,0
-18.2259349822998,0
-21.9148368835449,0
-25.4834613800049,0
-26.3757705688477,0
-24.932933807373,0
-23.5266666412354,0
-22.6253929138184,0
-20.3364505767822,0
-15.9349699020386,0
-11.4608287811279,0
-9.0781831741333,0
-8.73612880706787,0
-9.36423683166504,0
-10.6555986404419,0
-12.2950592041016,0
-12.6914968490601,0
-10.169508934021,0
-4.95808553695679,0
1.26177453994751,0
7.38244676589966,0
13.218879699707,0
18.2095108032227,0
21.3826236724854,0
23.0089778900146,0
25.0309829711914,0
29.0612392425537,0
34.7010726928711,0
40.5762138366699,0
46.3193855285645,0
52.3808479309082,0
58.161937713623,0
61.8493156433105,0
62.7951278686523,0
63.0206871032715,0
65.1367645263672,0
69.1351699829102,0
72.52783203125,0
73.7353897094727,0
73.9119491577148,0
74.7126541137695,0
75.6151504516602,0
75.0036315917969,0
73.2557907104492,0
72.7942199707031,0
74.7582473754883,0
77.3495788574219,0
78.4220962524414,0
78.3287658691406,0
78.7319717407227,0
79.469108581543,0
78.5284652709961,0
75.1859283447266,0
71.4214935302734,0
69.4635620117188,0
69.0939483642578,0
68.3240356445312,0
65.9543991088867,0
62.4314002990723,0
58.6320152282715,0
54.9231910705566,0
51.4273414611816,0
48.2959594726562,0
45.3754692077637,0
42.076358795166,0
37.8550415039062,0
32.6362266540527,0
26.7340278625488,0
20.5635471343994,0
14.3437337875366,0
7.84446620941162,0
0.624540686607361,0
-7.13247203826904,0
-14.3060188293457,0
-19.9511394500732,0
-24.5406246185303,0
-29.3116569519043,0
-34.357349395752,0
-38.3447303771973,0
-40.5546875,0
-42.2150650024414,0
-44.8066062927246,0
-47.6252784729004,0
-48.4395217895508,0
-46.7468147277832,0
-45.0427169799805,0
-45.9795799255371,0
-49.1174736022949,0
-51.6720008850098,0
-52.0218162536621,0
-51.0131874084473,0
-49.7799491882324,0
-48.0353088378906,0
-45.3889541625977,0
-42.8251190185547,0
-41.3185653686523,0
-39.9626121520996,0
-37.3527221679688,0
-34.3682403564453,0
-33.484546661377,0
-35.1367149353027,0
-36.6830253601074,0
-35.4873695373535,0
-31.2850360870361,0
-24.9670257568359,0
-17.1432094573975,0
-9.13482475280762,0
-3.40048670768738,0
-0.994134664535522,0
0.247345745563507,0
3.15899348258972,0
7.7653374671936,0
12.0045146942139,0
14.9753742218018,0
17.4970321655273,0
20.1149463653564,0
22.7056045532227,0
25.8165550231934,0
30.3140621185303,0
35.573860168457,0
39.7805061340332,0
42.1756057739258,0
43.4959030151367,0
44.3083839416504,0
44.6518821716309,0
45.2130851745605,0
46.8399848937988,0
48.7354736328125,0
49.176929473877,0
48.2808227539062,0
47.8433609008789,0
48.0141792297363,0
46.6635780334473,0
43.0362586975098,0
39.4948196411133,0
38.0427017211914,0
37.322395324707,0
34.9937705993652,0
31.1807765960693,0
27.3820018768311,0
23.7062034606934,0
19.8398551940918,0
17.4187622070312,0
18.2466697692871,0
20.5995826721191,0
20.4974136352539,0
16.9983348846436,0
13.3251304626465,0
11.9210290908813,0
11.2366065979004,0
8.99305629730225,0
6.09986448287964,0
4.84422492980957,0
4.79967069625854,0
3.5147910118103,0
0.860924124717712,0
-0.162485510110855,0
2.408686876297,0
6.7949161529541,0
10.1247243881226,0
12.1097345352173,0
14.4599599838257,0
17.6584701538086,0
20.1980495452881,0
20.9270210266113,0
20.6598224639893,0
21.0718421936035,0
22.9285659790039,0
25.7593784332275,0
28.5402774810791,0
30.2945098876953,0
30.587158203125,0
29.9348182678223,0
29.5170574188232,0
30.1476364135742,0
31.4987621307373,0
32.3325538635254,0
31.5157508850098,0
29.0998706817627,0
26.5490016937256,0
25.4786319732666,0
25.9020938873291,0
26.278657913208,0
25.6614303588867,0
24.9562206268311,0
25.2898788452148,0
26.054500579834,0
25.861234664917,0
24.7832679748535,0
24.0473308563232,0
23.7882461547852,0
22.8442821502686,0
20.8350830078125,0
18.7202796936035,0
17.0424613952637,0
15.4165620803833,0
14.269250869751,0
15.1308708190918,0
18.121524810791,0
20.806245803833,0
20.9402961730957,0
19.0950870513916,0
17.191011428833,0
15.6482400894165,0
13.6789426803589,0
11.5039834976196,0
10.3500347137451,0
10.5333127975464,0
11.1843357086182,0
11.7913198471069,0
12.627082824707,0
13.7717447280884,0
15.1221475601196,0
17.3026542663574,0
21.0960712432861,0
25.9511737823486,0
30.651008605957,0
35.6058349609375,0
42.5591850280762,0
51.3386154174805,0
58.8869972229004,0
62.9279365539551,0
65.0167465209961,0
68.1024780273438,0
72.1525802612305,0
74.3750991821289,0
73.3078842163086,0
70.3762817382812,0
67.1757659912109,0
63.3841438293457,0
58.2253494262695,0
52.2534980773926,0
46.4629669189453,0
40.8664283752441,0
35.1923179626465,0
30.0155296325684,0
25.9599380493164,0
22.6618709564209,0
19.8512687683105,0
18.51393699646,0
19.1467018127441,0
19.4905261993408,0
16.4424171447754,0
10.5771160125732,0
6.42040920257568,0
7.00785398483276,0
9.99458885192871,0
10.8263511657715,0
8.32850742340088,0
4.94503307342529,0
2.30619549751282,0
-0.565096199512482,0
-4.23741960525513,0
-6.87791395187378,0
-7.03566026687622,0
-6.57006072998047,0
-8.39237117767334,0
-12.0371417999268,0
-13.9684228897095,0
-12.4205541610718,0
-9.58476448059082,0
-8.09591102600098,0
-7.41366052627563,0
-5.35132217407227,0
-1.7915700674057,0
1.23462617397308,0
2.6171612739563,0
3.22518992424011,0
3.82013249397278,0
3.88674402236938,0
3.30323338508606,0
3.62664890289307,0
6.43720293045044,0
11.1618423461914,0
15.7084789276123,0
18.9250259399414,0
21.3838634490967,0
23.7281665802002,0
25.2061710357666,0
24.4089241027832,0
21.0956344604492,0
16.6195125579834,0
12.3320446014404,0
8.07559967041016,0
2.99320316314697,0
-2.25521922111511,0
-5.22771644592285,0
-4.43641948699951,0
-1.6043074131012,0
-0.0571689233183861,0
-1.20102298259735,0
-3.80056262016296,0
-6.59329271316528,0
-10.0724220275879,0
-15.128758430481,0
-21.146427154541,0
-26.3855419158936,0
-29.6858596801758,0
-31.1928768157959,0
-31.9252529144287,0
-33.0854110717773,0
-35.2011680603027,0
-37.438835144043,0
-38.2487258911133,0
-37.0273017883301,0
-34.5676918029785,0
-31.7195644378662,0
-28.599193572998,0
-25.4954471588135,0
-23.2505664825439,0
-21.8696060180664,0
-20.0294017791748,0
-17.2954540252686,0
-15.763503074646,0
-17.7845726013184,0
-22.6962776184082,0
-27.587984085083,0
-30.836353302002,0
-32.8666801452637,0
-33.7213363647461,0
-32.5723495483398,0
-30.3781318664551,0
-30.4001350402832,0
-34.2802619934082,0
-39.3901596069336,0
-42.1607055664062,0
-42.7931938171387,0
-44.2880249023438,0
-47.4597816467285,0
-49.6261901855469,0
-48.629810333252,0
-45.8172416687012,0
-43.9089813232422,0
-43.5753593444824,0
-43.4856185913086,0
-42.6076354980469,0
-40.9306716918945,0
-38.4521675109863,0
-34.8840980529785,0
-30.3782062530518,0
-25.5602436065674,0
-20.7159042358398,0
-15.6057176589966,0
-10.1916475296021,0
-5.11359977722168,0
-1.42553007602692,0
-0.0124415894970298,0
-0.823447585105896,0
-2.29537487030029,0
-2.24511766433716,0
-0.243974521756172,0
1.39001846313477,0
0.169766038656235,0
-3.16241884231567,0
-5.13775873184204,0
-3.59597682952881,0
0.200265109539032,0
3.97387886047363,0
7.41947984695435,0
11.5956325531006,0
16.454044342041,0
20.6020107269287,0
23.0969619750977,0
23.9591522216797,0
23.0789985656738,0
20.2671298980713,0
16.6234760284424,0
14.1201496124268,0
12.9705696105957,0
10.8322219848633,0
5.78200149536133,0
-1.07984399795532,0
-7.31386280059814,0
-12.2614908218384,0
-16.6788387298584,0
-20.2326679229736,0
-21.8757057189941,0
-22.473913192749,0
-24.2010536193848,0
-26.703634262085,0
-26.7633876800537,0
-23.2130165100098,0
-19.421028137207,0
-18.5818767547607,0
-18.9438018798828,0
-16.920467376709,0
-13.1857442855835,0
-11.4814949035645,0
-11.7126693725586,0
-8.79205226898193,0
0.0665193870663643,0
10.4850692749023,0
16.0304565429688,0
16.120267868042,0
16.1356639862061,0
20.7119255065918,0
29.4060249328613,0
38.7522201538086,0
46.4086151123047,0
52.6446075439453,0
58.979419708252,0
66.1847229003906,0
73.4016723632812,0
79.0048675537109,0
82.3414840698242,0
84.4042053222656,0
86.6831512451172,0
89.6476287841797,0
92.3904418945312,0
93.3184280395508,0
91.2109680175781,0
86.3240509033203,0
80.6844482421875,0
76.6198501586914,0
74.6595230102539,0
73.3662719726562,0
71.2756042480469,0
68.1638717651367,0
64.2556533813477,0
59.4371109008789,0
54.173511505127,0
50.4107437133789,0
50.3075561523438,0
53.9940795898438,0
59.2077827453613,0
63.2348098754883,0
64.9379730224609,0
65.0295181274414,0
64.7721099853516,0
64.5390472412109,0
63.5539894104004,0
60.9430389404297,0
56.8407897949219,0
52.3433685302734,0
48.6590957641602,0
46.493278503418,0
45.6690292358398,0
44.6899337768555,0
41.2296447753906,0
34.2415237426758,0
25.595251083374,0
18.5391292572021,0
14.2998943328857,0
11.1768960952759,0
7.32349538803101,0
3.39398074150085,0
1.75794625282288,0
3.73555684089661,0
8.19136142730713,0
12.4387435913086,0
14.2902994155884,0
13.8957214355469,0
13.8221321105957,0
16.4154415130615,0
20.6205215454102,0
22.4755420684814,0
19.6099586486816,0
14.2954626083374,0
10.8336381912231,0
10.6081790924072,0
11.2428255081177,0
10.4951477050781,0
9.38542747497559,0
10.8349666595459,0
16.0789337158203,0
23.1006259918213,0
28.3399257659912,0
29.7125091552734,0
28.158353805542,0
26.248851776123,0
25.2547931671143,0
24.2217845916748,0
22.4803581237793,0
22.1122169494629,0
26.2696437835693,0
35.0277519226074,0
44.5647048950195,0
51.2157859802246,0
55.1711006164551,0
59.2074928283691,0
64.6606063842773,0
69.9438247680664,0
72.8651885986328,0
73.338249206543,0
73.3662643432617,0
74.6073760986328,0
76.2963638305664,0
76.0019302368164,0
72.7065277099609,0
68.5047225952148,0
66.3119506835938,0
66.3209686279297,0
66.1268692016602,0
64.2068099975586,0
61.4040412902832,0
58.5796089172363,0
54.9896011352539,0
50.2689323425293,0
46.1684951782227,0
44.5229148864746,0
44.7485618591309,0
44.9981269836426,0
44.5112724304199,0
43.1230125427246,0
40.0929641723633,0
35.8686180114746,0
33.5456771850586,0
35.373607635498,0
38.6318550109863,0
38.5579948425293,0
35.1353988647461,0
33.0049476623535,0
34.1525077819824,0
35.1219367980957,0
33.2654685974121,0
31.4019985198975,0
32.9323387145996,0
35.652515411377,0
34.7381935119629,0
30.023157119751,0
25.8262214660645,0
24.1723079681396,0
22.5548877716064,0
18.9743747711182,0
15.3006753921509,0
14.0489826202393,0
14.7506580352783,0
15.5466442108154,0
16.3595905303955,0
18.3994998931885,0
21.8110961914062,0
25.7118816375732,0
29.6969242095947,0
33.5620155334473,0
36.2112045288086,0
36.7629928588867,0
36.6084518432617,0
38.504524230957,0
43.1326713562012,0
47.9922752380371,0
50.4618644714355,0
50.8426856994629,0
51.3948745727539,0
53.1582946777344,0
54.918342590332,0
54.9724922180176,0
52.7376098632812,0
48.589729309082,0
43.1762275695801,0
37.1694641113281,0
30.8738594055176,0
23.8223037719727,0
15.5866231918335,0
7.1938681602478,0
0.636721849441528,0
-3.54526042938232,0
-7.06407833099365,0
-11.5083494186401,0
-16.3689708709717,0
-20.5145778656006,0
-24.3356742858887,0
-28.652904510498,0
-32.3291702270508,0
-33.1221046447754,0
-30.8231143951416,0
-27.6886882781982,0
-25.6663608551025,0
-24.8987693786621,0
-24.9494018554688,0
-25.4130306243896,0
-24.9058074951172,0
-21.6758136749268,0
-16.2639636993408,0
-11.7419967651367,0
-10.0621480941772,0
-9.63034343719482,0
-7.66926336288452,0
-3.55203342437744,0
1.47022831439972,0
6.37460803985596,0
10.5951337814331,0
13.3763780593872,0
14.7189140319824,0
16.1283264160156,0
18.6572246551514,0
20.9217433929443,0
20.9853248596191,0
19.7242813110352,0
20.1222286224365,0
23.0904998779297,0
26.096284866333,0
26.6956920623779,0
25.7369918823242,0
25.886661529541,0
28.1320972442627,0
31.1708106994629,0
33.7485504150391,0
36.0853652954102,0
38.6944198608398,0
40.9737586975098,0
41.9140968322754,0
41.6866722106934,0
41.3662223815918,0
41.0444717407227,0
39.5244750976562,0
36.5475311279297,0
34.031608581543,0
33.6691093444824,0
34.0984268188477,0
32.3262329101562,0
27.7975234985352,0
23.1674194335938,0
20.7841682434082,0
20.2648582458496,0
20.0822086334229,0
19.5792140960693,0
18.3861713409424,0
15.7016773223877,0
11.7065658569336,0
8.32622718811035,0
6.97557210922241,0
6.63222789764404,0
5.68708467483521,0
4.54803848266602,0
4.55882501602173,0
5.34162712097168,0
5.42637777328491,0
4.91940927505493,0
5.17590522766113,0
6.03922653198242,0
5.93125343322754,0
4.95740032196045,0
5.31147813796997,0
7.66264009475708,0
9.57024955749512,0
9.05552005767822,0
7.67330884933472,0
7.81168746948242,0
8.35773754119873,0
5.86063098907471,0
-0.210118174552917,0
-6.04802083969116,0
-8.20566844940186,0
-7.6868200302124,0
-7.85512685775757,0
-9.59350681304932,0
-10.6387844085693,0
-9.5294361114502,0
-8.05897998809814,0
-8.71873760223389,0
-11.0737762451172,0
-12.4199905395508,0
-11.6070384979248,0
-10.2940464019775,0
-9.99260902404785,0
-9.6979455947876,0
-7.72549438476562,0
-4.53769826889038,0
-1.893070936203,0
0.102882526814938,0
2.94472289085388,0
6.77570056915283,0
9.79870510101318,0
11.4168481826782,0
13.8724517822266,0
19.2417621612549,0
26.3195304870605,0
32.3238792419434,0
36.5978775024414,0
40.4834823608398,0
44.1809844970703,0
46.2609939575195,0
46.4496192932129,0
46.416633605957,0
46.9235610961914,0
46.3895416259766,0
43.7103118896484,0
40.6308555603027,0
39.3372650146484,0
38.9523124694824,0
36.6757469177246,0
31.7929039001465,0
26.2854022979736,0
21.5470199584961,0
16.7081050872803,0
10.709789276123,0
4.15389060974121,0
-1.76401555538177,0
-6.75142621994019,0
-11.0052623748779,0
-14.4461917877197,0
-17.1196937561035,0
-19.3606948852539,0
-20.9979763031006,0
-21.5478248596191,0
-21.7448062896729,0
-23.4012184143066,0
-26.7807388305664,0
-29.5274772644043,0
-29.4496116638184,0
-27.081823348999,0
-24.1214828491211,0
-20.7790508270264,0
-16.6566829681396,0
-13.0793800354004,0
-11.9658174514771,0
-12.7510757446289,0
-12.9947347640991,0
-12.1799869537354,0
-12.3388681411743,0
-14.2407350540161,0
-15.5477123260498,0
-14.2650556564331,0
-11.9504642486572,0
-11.3867206573486,0
-12.3546342849731,0
-12.0636768341064,0
-9.29053211212158,0
-5.73144912719727,0
-2.89953255653381,0
0.204485416412354,0
5.09067869186401,0
10.8107767105103,0
14.7586793899536,0
16.1643199920654,0
17.1486663818359,0
19.7584896087646,0
23.2679023742676,0
25.6998271942139,0
27.3123836517334,0
30.6225757598877,0
36.3839111328125,0
41.1916122436523,0
40.7397994995117,0
34.9412155151367,0
28.1821327209473,0
24.3617458343506,0
23.1588516235352,0
21.8213558197021,0
19.2246265411377,0
16.6569728851318,0
15.1172361373901,0
13.6003322601318,0
10.6794900894165,0
6.66084623336792,0
3.05451369285583,0
0.316510915756226,0
-2.66936540603638,0
-6.63944911956787,0
-10.5672578811646,0
-13.0121259689331,0
-14.140100479126,0
-15.2654333114624,0
-16.6137790679932,0
-16.8765430450439,0
-15.388482093811,0
-13.5843210220337,0
-13.3843975067139,0
-14.8284673690796,0
-16.3052673339844,0
-16.6557464599609,0
-15.8434810638428,0
-13.6674509048462,0
-9.27519702911377,0
-2.64329385757446,0
4.44760322570801,0
9.94549751281738,0
13.6228704452515,0
16.7306365966797,0
19.8367767333984,0
22.1343574523926,0
23.0715618133545,0
23.563814163208,0
24.9184093475342,0
27.2838001251221,0
29.9066009521484,0
32.3005828857422,0
34.2013740539551,0
34.78271484375,0
33.0999221801758,0
29.3393363952637,0
24.6677761077881,0
19.7601051330566,0
14.3089876174927,0
7.89628314971924,0
0.326912879943848,0
-8.6685094833374,0
-18.507381439209,0
-26.504301071167,0
-29.6774024963379,0
-28.6869411468506,0
-27.9397659301758,0
-30.3356761932373,0
-33.8725242614746,0
-35.5269813537598,0
-36.5729370117188,0
-40.7412185668945,0
-47.8571243286133,0
-53.0929679870605,0
-53.2767066955566,0
-50.6669464111328,0
-48.9135589599609,0
-48.1340560913086,0
-46.4357872009277,0
-44.1978950500488,0
-43.5591087341309,0
-44.3520164489746,0
-43.7729377746582,0
-40.6041793823242,0
-37.1082153320312,0
-35.4679756164551,0
-34.4102363586426,0
-31.2806606292725,0
-26.282413482666,0
-22.4411716461182,0
-21.5585823059082,0
-22.194845199585,0
-22.1350440979004,0
-21.1584072113037,0
-20.3371562957764,0
-19.8639755249023,0
-19.0563106536865,0
-17.9041271209717,0
-17.0512409210205,0
-16.2779235839844,0
-14.4572744369507,0
-11.5028276443481,0
-9.2432975769043,0
-9.49917030334473,0
-11.757137298584,0
-13.421971321106,0
-12.2471580505371,0
-8.24013423919678,0
-3.42642974853516,0
-0.0431348644196987,0
1.14158487319946,0
0.901655733585358,0
0.104302041232586,0
-1.32404983043671,0
-3.56412720680237,0
-5.62037658691406,0
-5.98635911941528,0
-4.63665866851807,0
-3.32096123695374,0
-3.58065295219421,0
-5.38165044784546,0
-7.98120880126953,0
-10.9539346694946,0
-13.6197452545166,0
-14.5445156097412,0
-12.8082790374756,0
-9.1976432800293,0
-5.04954051971436,0
-0.431250333786011,0
5.24275350570679,0
11.119647026062,0
15.0949411392212,0
16.4871788024902,0
17.1581382751465,0
19.2037754058838,0
22.5814476013184,0
25.9417114257812,0
28.8055839538574,0
31.4417133331299,0
33.0360908508301,0
31.812198638916,0
27.5242710113525,0
22.5315628051758,0
19.4787864685059,0
18.6897468566895,0
18.6793231964111,0
18.4098682403564,0
17.7842235565186,0
16.3927135467529,0
13.4336633682251,0
9.27653789520264,0
5.89361047744751,0
5.01573038101196,0
6.504554271698,0
8.98712062835693,0
11.3763742446899,0
13.2663688659668,0
14.6186370849609,0
15.8447494506836,0
17.6542816162109,0
19.9904689788818,0
21.4754276275635,0
20.7081546783447,0
17.8712215423584,0
14.3446207046509,0
11.0582494735718,0
8.1174488067627,0
5.80815076828003,0
4.75165367126465,0
4.72460985183716,0
4.24873971939087,0
1.95674097537994,0
-2.05199360847473,0
-6.52672910690308,0
-10.312686920166,0
-13.069390296936,0
-15.2408075332642,0
-17.6199798583984,0
-20.6233768463135,0
-23.9149131774902,0
-27.1835193634033,0
-31.1666126251221,0
-36.9891090393066,0
-44.2736320495605,0
-50.9046058654785,0
-55.1440658569336,0
-57.0615615844727,0
-57.427921295166,0
-56.4489669799805,0
-54.4275093078613,0
-52.3156318664551,0
-50.2932319641113,0
-46.9805526733398,0
-41.553882598877,0
-35.3593788146973,0
-29.5493106842041,0
-22.5758285522461,0
-12.7306985855103,0
-1.96611332893372,0
6.36376905441284,0
12.9644231796265,0
21.476053237915,0
31.509069442749,0
37.6864624023438,0
37.4238128662109,0
34.8360710144043,0
33.8250122070312,0
31.8542003631592,0
25.16432762146,0
16.4714984893799,0
11.5207538604736,0
9.95239925384521,0
5.95150756835938,0
-2.35255289077759,0
-10.3173637390137,0
-14.6170644760132,0
-17.907470703125,0
-23.371955871582,0
-29.3987846374512,0
-32.8631362915039,0
-34.1668510437012,0
-35.6891098022461,0
-37.8370208740234,0
-39.8311882019043,0
-42.3784141540527,0
-46.4431762695312,0
-50.8735122680664,0
-54.102970123291,0
-56.7970390319824,0
-59.8339195251465,0
-60.9538459777832,0
-57.0014686584473,0
-49.1456031799316,0
-42.3613052368164,0
-39.2965431213379,0
-37.8267936706543,0
-35.5933494567871,0
-33.8180618286133,0
-34.7036247253418,0
-37.4320831298828,0
-39.2707176208496,0
-39.353141784668,0
-38.9129600524902,0
-38.4158935546875,0
-36.9103164672852,0
-34.2948150634766,0
-31.9914875030518,0
-30.626916885376,0
-28.7955799102783,0
-25.2392768859863,0
-21.0060138702393,0
-18.1679096221924,0
-17.2253379821777,0
-17.1762580871582,0
-17.7909450531006,0
-20.3800678253174,0
-25.971492767334,0
-33.5954284667969,0
-40.9426727294922,0
-46.5593719482422,0
-51.136287689209,0
-56.3820381164551,0
-62.4058723449707,0
-66.7568817138672,0
-67.1673889160156,0
-65.1021270751953,0
-64.7874755859375,0
-67.9723052978516,0
-71.5360412597656,0
-71.8526077270508,0
-69.8139266967773,0
-69.0987854003906,0
-70.5062255859375,0
-70.978874206543,0
-68.2021255493164,0
-63.2981376647949,0
-58.2492713928223,0
-53.1539535522461,0
-47.2632026672363,0
-40.8396606445312,0
-34.7377624511719,0
-29.6439266204834,0
-26.6946620941162,0
-27.0806980133057,0
-29.6914157867432,0
-30.7668075561523,0
-27.6263256072998,0
-21.7119483947754,0
-16.4492206573486,0
-13.1525688171387,0
-10.7135610580444,0
-8.41913509368896,0
-6.9920334815979,0
-6.9500527381897,0
-7.64841413497925,0
-8.26416969299316,0
-8.59838199615479,0
-8.62985801696777,0
-8.13969898223877,0
-7.17994689941406,0
-6.59350872039795,0
-7.85309982299805,0
-12.0665950775146,0
-18.5005283355713,0
-24.3056488037109,0
-27.0705642700195,0
-28.0344104766846,0
-31.2041301727295,0
-38.3925018310547,0
-46.7486190795898,0
-52.5812454223633,0
-55.9754676818848,0
-59.5295257568359,0
-63.8627395629883,0
-67.2813339233398,0
-69.5378952026367,0
-72.7827987670898,0
-77.9085083007812,0
-82.4266662597656,0
-83.4882888793945,0
-81.4522094726562,0
-78.9889831542969,0
-77.6324844360352,0
-76.495361328125,0
-73.8367080688477,0
-69.0316696166992,0
-63.4721984863281,0
-59.9711265563965,0
-60.3994827270508,0
-63.300350189209,0
-64.8137817382812,0
-62.7522201538086,0
-58.7783012390137,0
-55.6286125183105,0
-53.3531494140625,0
-49.8471031188965,0
-44.3406372070312,0
-38.3946723937988,0
-33.3991355895996,0
-28.8901462554932,0
-24.012939453125,0
-19.2840251922607,0
-15.8248262405396,0
-13.5685510635376,0
-11.3376035690308,0
-8.55223178863525,0
-5.97660207748413,0
-4.5506067276001,0
-4.10791540145874,0
-3.78875494003296,0
-3.50337553024292,0
-4.30884218215942,0
-7.06580400466919,0
-11.2184371948242,0
-15.3929319381714,0
-18.8448925018311,0
-21.7321224212646,0
-24.3703708648682,0
-27.1171779632568,0
-30.677339553833,0
-35.2630920410156,0
-39.436279296875,0
-41.2056274414062,0
-40.6072769165039,0
-39.7268371582031,0
-39.6338882446289,0
-38.9739379882812,0
-36.5398368835449,0
-33.4661674499512,0
-31.3615798950195,0
-29.8040084838867,0
-27.5841464996338,0
-25.1902942657471,0
-23.8967990875244,0
-23.3291473388672,0
-22.3021907806396,0
-21.4332714080811,0
-22.3529853820801,0
-24.5675010681152,0
-25.7315082550049,0
-25.1051959991455,0
-24.0350818634033,0
-22.6499824523926,0
-19.0991020202637,0
-13.2561178207397,0
-8.4348783493042,0
-7.55642223358154,0
-9.66961479187012,0
-12.2276182174683,0
-14.9736709594727,0
-19.1216430664062,0
-23.8801174163818,0
-26.6196422576904,0
-26.5248260498047,0
-25.8940181732178,0
-27.2144603729248,0
-30.3705387115479,0
-33.365478515625,0
-34.7232475280762,0
-34.339282989502,0
-32.545825958252,0
-29.4298248291016,0
-25.5192489624023,0
-22.6262302398682,0
-22.8496475219727,0
-25.9904327392578,0
-28.6439990997314,0
-27.1912040710449,0
-21.6782989501953,0
-15.444372177124,0
-10.7716484069824,0
-6.5790228843689,0
-1.1770213842392,0
4.49699449539185,0
8.11884307861328,0
9.34057235717773,0
9.82841300964355,0
10.3649415969849,0
10.1385221481323,0
9.216552734375,0
9.5616569519043,0
12.4789628982544,0
16.6871795654297,0
20.4304370880127,0
24.305850982666,0
30.0540390014648,0
37.0416259765625,0
42.0688438415527,0
43.088550567627,0
41.4624900817871,0
39.7603378295898,0
38.6740455627441,0
37.199047088623,0
34.8559303283691,0
32.3155288696289,0
30.2041034698486,0
28.5640106201172,0
27.4700927734375,0
27.0734100341797,0
26.8228549957275,0
25.6318302154541,0
23.3724269866943,0
21.5851879119873,0
22.0160789489746,0
24.6584396362305,0
27.8700637817383,0
30.4844608306885,0
33.1133346557617,0
36.7297782897949,0
40.3688507080078,0
41.5398101806641,0
39.5829124450684,0
37.5841217041016,0
39.5401077270508,0
45.8381996154785,0
52.8443145751953,0
56.9843597412109,0
57.8845672607422,0
57.2717819213867,0
56.3698806762695,0
55.254222869873,0
53.6250114440918,0
51.1923027038574,0
47.9262428283691,0
44.4647979736328,0
41.4423370361328,0
38.0936126708984,0
32.8788452148438,0
26.1406898498535,0
20.5202522277832,0
17.6083240509033,0
15.8475952148438,0
13.3980951309204,0
11.49742603302,0
12.6257619857788,0
16.3126373291016,0
19.4478302001953,0
20.5048313140869,0
20.786491394043,0
21.1154441833496,0
19.8864593505859,0
15.6281089782715,0
9.6504020690918,0
4.65550327301025,0
1.80754840373993,0
0.482586830854416,0
0.193957522511482,0
1.42167115211487,0
4.48364448547363,0
8.24357128143311,0
10.283748626709,0
8.76242256164551,0
4.55035591125488,0
1.04141438007355,0
0.86114627122879,0
3.03208804130554,0
4.53638172149658,0
4.28266477584839,0
3.759122133255,0
3.8464081287384,0
3.45239210128784,0
2.24344563484192,0
2.27702641487122,0
4.97347021102905,0
8.29710674285889,0
9.41157054901123,0
8.94885730743408,0
9.89433765411377,0
12.8539981842041,0
15.499662399292,0
16.9021034240723,0
19.2385139465332,0
23.9600887298584,0
28.9708862304688,0
31.6295261383057,0
32.6526794433594,0
34.7346343994141,0
38.5014038085938,0
42.2474136352539,0
45.0922088623047,0
47.9171676635742,0
50.9881820678711,0
52.8358840942383,0
52.3183822631836,0
50.2084007263184,0
47.6831703186035,0
44.3892784118652,0
39.3104248046875,0
32.9995040893555,0
27.5419845581055,0
24.0620803833008,0
21.3039283752441,0
17.4986839294434,0
13.1655225753784,0
10.8373413085938,0
11.6066055297852,0
13.083441734314,0
11.9972333908081,0
8.21754741668701,0
4.57952070236206,0
2.82537412643433,0
1.65584993362427,0
-0.619271457195282,0
-3.4931800365448,0
-5.61725521087646,0
-7.04309463500977,0
-8.32929229736328,0
-8.7654504776001,0
-7.71240663528442,0
-6.84244728088379,0
-8.44931507110596,0
-11.6462755203247,0
-12.8111953735352,0
-10.347728729248,0
-6.71536064147949,0
-4.79169034957886,0
-4.32029724121094,0
-3.42035102844238,0
-1.91345930099487,0
-1.19980645179749,0
-1.72608733177185,0
-2.42413806915283,0
-2.26824736595154,0
-0.786457180976868,0
2.67041993141174,0
8.32212352752686,0
14.3843021392822,0
17.9737205505371,0
18.6043682098389,0
19.389289855957,0
23.2713966369629,0
28.8995265960693,0
32.0857315063477,0
31.176025390625,0
28.9071273803711,0
28.2478790283203,0
28.3916358947754,0
26.5731067657471,0
22.5456161499023,0
18.9323883056641,0
17.4880409240723,0
17.3850612640381,0
17.6084518432617,0
18.7907791137695,0
21.5135383605957,0
24.516731262207,0
26.102840423584,0
26.205680847168,0
25.738224029541,0
24.9486865997314,0
23.9050178527832,0
23.6917667388916,0
25.3519458770752,0
28.0292091369629,0
29.7307147979736,0
29.7764987945557,0
29.1995449066162,0
28.9451293945312,0
28.9397411346436,0
28.7602882385254,0
28.1137275695801,0
27.0120677947998,0
26.519079208374,0
28.4474468231201,0
32.6274070739746,0
35.3224029541016,0
32.7538909912109,0
25.9487075805664,0
19.5466804504395,0
15.8058710098267,0
12.8034000396729,0
9.08628463745117,0
6.31550168991089,0
5.16439962387085,0
2.03476619720459,0
-6.37185716629028,0
-17.0769863128662,0
-23.6319408416748,0
-24.4859638214111,0
-24.4738693237305,0
-27.2498607635498,0
-30.2065334320068,0
-29.1344356536865,0
-24.8637599945068,0
-21.8198146820068,0
-21.3582992553711,0
-20.2265090942383,0
-15.8760766983032,0
-10.1037168502808,0
-5.994065284729,0
-3.5883355140686,0
-0.733519971370697,0
3.13978552818298,0
6.57745695114136,0
9.03176593780518,0
11.7227506637573,0
15.0097703933716,0
17.0036849975586,0
16.0293235778809,0
13.018180847168,0
10.070384979248,0
7.76219463348389,0
5.47917127609253,0
3.6200532913208,0
3.52801656723022,0
5.26949596405029,0
7.13264608383179,0
7.70289897918701,0
7.24797964096069,0
6.71353721618652,0
6.37627124786377,0
5.84130144119263,0
4.54038715362549,0
2.05181694030762,0
-1.2223356962204,0
-3.66078066825867,0
-3.768385887146,0
-2.04720664024353,0
-0.380419313907623,0
0.598363816738129,0
2.15269589424133,0
5.13134956359863,0
8.58507919311523,0
11.3954801559448,0
13.6903619766235,0
15.5656824111938,0
15.9342889785767,0
14.1703939437866,0
11.6958475112915,0
10.1825017929077,0
9.06990146636963,0
6.77508020401001,0
3.78938603401184,0
2.50614261627197,0
4.03466653823853,0
7.01577043533325,0
9.697678565979,0
11.4698839187622,0
12.1626968383789,0
11.5817995071411,0
10.137716293335,0
8.32733821868896,0
5.26744318008423,0
-0.375332236289978,0
-7.38630390167236,0
-12.044189453125,0
-12.4371700286865,0
-10.9675159454346,0
-10.9825191497803,0
-12.4755172729492,0
-13.1022968292236,0
-12.2506294250488,0
-11.6502294540405,0
-12.3039398193359,0
-13.1326141357422,0
-12.9788875579834,0
-12.101580619812,0
-11.0773077011108,0
-9.65472888946533,0
-7.46022844314575,0
-4.8898458480835,0
-2.66760158538818,0
-1.12301909923553,0
-0.171576663851738,0
0.64954936504364,0
2.19630694389343,0
4.87543535232544,0
7.62379884719849,0
8.71200370788574,0
7.86292934417725,0
6.56531047821045,0
5.88763666152954,0
5.11683797836304,0
3.3010938167572,0
1.10331511497498,0
0.0182450525462627,0
0.368542939424515,0
1.1551730632782,0
1.45048582553864,0
0.830775618553162,0
-1.1971652507782,0
-4.76566505432129,0
-8.52295589447021,0
-10.382700920105,0
-10.0610818862915,0
-9.73553562164307,0
-11.271556854248,0
-13.8267984390259,0
-15.6066789627075,0
-17.261438369751,0
-21.3781280517578,0
-28.1714115142822,0
-33.7784118652344,0
-34.4639015197754,0
-31.3585319519043,0
-29.0070838928223,0
-29.5310096740723,0
-30.3281402587891,0
-28.0913200378418,0
-23.2778949737549,0
-19.2933101654053,0
-18.2950229644775,0
-19.2672443389893,0
-19.8803997039795,0
-18.9648571014404,0
-17.0133399963379,0
-15.1509256362915,0
-14.0731287002563,0
-13.7596187591553,0
-13.9658756256104,0
-14.677414894104,0
-15.6118144989014,0
-15.4861755371094,0
-12.9105596542358,0
-8.54160022735596,0
-5.33101320266724,0
-5.6534309387207,0
-8.82530498504639,0
-12.3928871154785,0
-15.0970754623413,0
-17.1912937164307,0
-18.3852252960205,0
-17.4282760620117,0
-14.1599216461182,0
-10.3986434936523,0
-7.82915687561035,0
-5.93739652633667,0
-3.0490300655365,0
1.07279980182648,0
4.65023040771484,0
5.93007659912109,0
5.19163608551025,0
4.49556112289429,0
5.65643358230591,0
8.65337467193604,0
12.0229177474976,0
14.5916919708252,0
16.5271167755127,0
18.7395534515381,0
21.7388000488281,0
25.3062400817871,0
28.8539924621582,0
31.6973838806152,0
33.1713790893555,0
32.7216339111328,0
29.7661743164062,0
23.7181034088135,0
14.9368448257446,0
5.66526412963867,0
-1.18682992458344,0
-4.79456377029419,0
-6.95303201675415,0
-9.25556182861328,0
-11.036997795105,0
-11.1811609268188,0
-10.5474834442139,0
-10.7897300720215,0
-11.6884469985962,0
-11.7505588531494,0
-10.9702033996582,0
-10.7480602264404,0
-11.1561422348022,0
-10.6569118499756,0
-8.95196151733398,0
-7.77974796295166,0
-8.0006856918335,0
-8.05448150634766,0
-6.61397695541382,0
-4.87610626220703,0
-4.58429861068726,0
-5.33486843109131,0
-5.69520616531372,0
-5.73457908630371,0
-6.36101055145264,0
-7.02830410003662,0
-6.39418983459473,0
-4.93097257614136,0
-4.65587997436523,0
-6.1196665763855,0
-7.62786436080933,0
-7.79780626296997,0
-7.03783655166626,0
-5.95118284225464,0
-4.1112003326416,0
-1.34470236301422,0
1.32453179359436,0
3.07106447219849,0
4.23277950286865,0
4.80246543884277,0
3.4914436340332,0
-0.072825163602829,0
-3.4646782875061,0
-3.90665507316589,0
-2.04987049102783,0
-1.18847465515137,0
-2.75154590606689,0
-4.60925579071045,0
-4.26708364486694,0
-1.92489647865295,0
0.428702563047409,0
1.59016120433807,0
2.05488133430481,0
3.54703688621521,0
8.23475456237793,0
17.0006084442139,0
27.6055755615234,0
35.9911003112793,0
40.6253509521484,0
44.2718811035156,0
49.9882545471191,0
56.6759300231934,0
60.689525604248,0
61.034912109375,0
60.3996276855469,0
60.9775886535645,0
61.8271369934082,0
61.2885665893555,0
59.934741973877,0
59.6222839355469,0
60.9643783569336,0
63.307258605957,0
66.3134994506836,0
69.899284362793,0
72.9523849487305,0
73.7332229614258,0
71.8672561645508,0
68.8670120239258,0
66.1945724487305,0
63.5029525756836,0
59.4211883544922,0
53.8716468811035,0
49.0372924804688,0
47.6230659484863,0
50.0593605041504,0
53.7248497009277,0
55.3418769836426,0
54.017219543457,0
51.4260711669922,0
49.1756172180176,0
46.9296073913574,0
43.4495429992676,0
38.5900764465332,0
33.5765075683594,0
29.8775367736816,0
28.4243927001953,0
29.3049945831299,0
31.3134937286377,0
32.174373626709,0
30.2636775970459,0
26.2057075500488,0
22.1036396026611,0
19.2009811401367,0
16.9688129425049,0
14.5329599380493,0
12.2593593597412,0
11.5456304550171,0
13.3417148590088,0
17.099479675293,0
21.1401710510254,0
24.1978321075439,0
26.7060928344727,0
30.1245975494385,0
34.6107215881348,0
37.9668273925781,0
37.8734283447266,0
35.0547180175781,0
33.1715202331543,0
35.1549911499023,0
40.3087844848633,0
45.5284004211426,0
48.9059715270996,0
51.4217643737793,0
55.046932220459,0
59.8003807067871,0
63.4025688171387,0
64.0318374633789,0
62.6838150024414,0
61.7890625,0
61.7202796936035,0
60.2051963806152,0
55.8120498657227,0
50.4209632873535,0
46.7344207763672,0
44.5072441101074,0
41.4194641113281,0
37.2418403625488,0
34.5492553710938,0
34.6637344360352,0
35.1937065124512,0
33.1024856567383,0
28.7269916534424,0
25.0913467407227,0
24.1737957000732,0
25.507495880127,0
27.8867778778076,0
30.6468677520752,0
33.1505126953125,0
34.4516639709473,0
33.9811210632324,0
31.7819366455078,0
27.8601245880127,0
22.1180171966553,0
15.1987771987915,0
8.56687259674072,0
3.17859697341919,0
-1.45583617687225,0
-6.32729864120483,0
-11.2884616851807,0
-14.9189519882202,0
-16.1046848297119,0
-15.3835487365723,0
-14.4625272750854,0
-14.5324201583862,0
-15.3275213241577,0
-15.7642412185669,0
-15.0508155822754,0
-13.0493488311768,0
-10.1551733016968,0
-7.30310726165771,0
-5.59823846817017,0
-5.30251550674438,0
-5.63209009170532,0
-6.2659707069397,0
-8.40172672271729,0
-13.1365051269531,0
-19.3038215637207,0
-24.4432773590088,0
-27.6406402587891,0
-29.6439781188965,0
-30.4112930297852,0
-29.0466709136963,0
-26.6682910919189,0
-26.495059967041,0
-29.546106338501,0
-32.7650756835938,0
-33.5550003051758,0
-33.9094200134277,0
-37.1728782653809,0
-42.4102210998535,0
-45.4698791503906,0
-44.8306427001953,0
-42.790584564209,0
-40.9330825805664,0
-38.1319351196289,0
-33.9444274902344,0
-30.5926971435547,0
-29.7882595062256,0
-30.0618133544922,0
-29.153980255127,0
-27.1778354644775,0
-25.6110897064209,0
-24.8696193695068,0
-24.9264068603516,0
-26.9817867279053,0
-32.1749458312988,0
-39.233959197998,0
-45.4959411621094,0
-50.1083526611328,0
-54.4706840515137,0
-59.5140991210938,0
-64.2472534179688,0
-67.3653335571289,0
-68.7853698730469,0
-68.7805709838867,0
-66.7320098876953,0
-62.0224761962891,0
-55.8419647216797,0
-50.8072700500488,0
-48.26904296875,0
-46.7979621887207,0
-44.2367706298828,0
-40.8008575439453,0
-38.8027954101562,0
-39.1464080810547,0
-39.6375045776367,0
-37.6602096557617,0
-33.2250442504883,0
-28.1379165649414,0
-23.4079494476318,0
-19.1880302429199,0
-16.2134952545166,0
-15.0516738891602,0
-14.435604095459,0
-12.6607255935669,0
-10.4412145614624,0
-10.0755252838135,0
-11.94313621521,0
-14.3997964859009,0
-17.022008895874,0
-20.7259674072266,0
-24.2376022338867,0
-24.2809600830078,0
-20.905065536499,0
-19.0034523010254,0
-21.9698162078857,0
-26.887659072876,0
-29.0995216369629,0
-28.8966312408447,0
-29.8933715820312,0
-32.6503448486328,0
-34.1866111755371,0
-33.0712966918945,0
-30.9255352020264,0
-28.867956161499,0
-26.2079982757568,0
-23.147928237915,0
-21.294189453125,0
-20.5474433898926,0
-18.6518020629883,0
-15.1026172637939,0
-12.5889692306519,0
-12.9391632080078,0
-14.3026428222656,0
-14.3856544494629,0
-14.1160612106323,0
-15.5468492507935,0
-18.000919342041,0
-19.4646224975586,0
-20.8775291442871,0
-25.520679473877,0
-33.6903648376465,0
-41.0779418945312,0
-44.0787467956543,0
-44.5930366516113,0
-47.249641418457,0
-52.8393249511719,0
-57.0969467163086,0
-56.389965057373,0
-52.4697227478027,0
-50.1703109741211,0
-51.6613807678223,0
-54.8357696533203,0
-56.9278297424316,0
-57.5663681030273,0
-57.6080741882324,0
-56.7980308532715,0
-54.1954650878906,0
-50.1199607849121,0
-46.0758895874023,0
-42.8783836364746,0
-40.1219100952148,0
-37.5200157165527,0
-35.4947509765625,0
-34.1072044372559,0
-32.6119079589844,0
-30.7799434661865,0
-29.6722583770752,0
-30.0362720489502,0
-30.5440521240234,0
-28.9309349060059,0
-24.8114776611328,0
-20.0916423797607,0
-16.2839622497559,0
-12.7619352340698,0
-8.64370727539062,0
-5.34189891815186,0
-5.55838489532471,0
-9.82444763183594,0
-15.4994487762451,0
-19.5654201507568,0
-21.205753326416,0
-21.1451854705811,0
-19.8222713470459,0
-17.3614253997803,0
-14.4693431854248,0
-12.0059785842896,0
-10.0215873718262,0
-8.3516149520874,0
-7.86338567733765,0
-9.85095977783203,0
-14.1645154953003,0
-19.0696086883545,0
-23.1603298187256,0
-26.4203777313232,0
-29.1689224243164,0
-31.0908203125,0
-31.9909687042236,0
-32.724479675293,0
-34.4965744018555,0
-37.4746856689453,0
-40.6401443481445,0
-42.813892364502,0
-43.4032135009766,0
-42.4347915649414,0
-40.5369873046875,0
-38.9343872070312,0
-38.7706718444824,0
-39.9340553283691,0
-40.8409004211426,0
-39.9684715270996,0
-37.6247138977051,0
-35.7140846252441,0
-35.7036323547363,0
-37.4298934936523,0
-39.9935493469238,0
-42.7656288146973,0
-44.8533020019531,0
-44.7712821960449,0
-42.146842956543,0
-39.1314697265625,0
-38.3682060241699,0
-39.7217330932617,0
-40.819465637207,0
-40.8609924316406,0
-41.7355117797852,0
-44.6918106079102,0
-48.0016708374023,0
-49.215087890625,0
-48.1032104492188,0
-45.9714050292969,0
-43.4994506835938,0
-40.8428497314453,0
-38.6682586669922,0
-37.3388404846191,0
-35.8582458496094,0
-33.1361770629883,0
-29.5497264862061,0
-25.8879356384277,0
-21.7797813415527,0
-16.9316730499268,0
-13.0904912948608,0
-12.7138414382935,0
-15.9266033172607,0
-20.4244651794434,0
-24.0527877807617,0
-25.9647617340088,0
-25.8805675506592,0
-24.2095603942871,0
-22.6256980895996,0
-22.4908294677734,0
-22.7628192901611,0
-21.4223613739014,0
-18.8999671936035,0
-17.8472061157227,0
-19.2058277130127,0
-20.8003425598145,0
-20.5844917297363,0
-19.1774387359619,0
-18.1262245178223,0
-17.5645160675049,0
-16.9594326019287,0
-16.5754547119141,0
-16.5584812164307,0
-15.6697759628296,0
-12.5807676315308,0
-7.83597278594971,0
-3.23658061027527,0
0.184921458363533,0
2.39718055725098,0
3.16008400917053,0
1.97924518585205,0
-0.867676317691803,0
-4.38684940338135,0
-7.91122484207153,0
-11.1380043029785,0
-13.2454929351807,0
-13.1765127182007,0
-11.2290992736816,0
-9.53627014160156,0
-10.2797966003418,0
-13.6301136016846,0
-17.7959613800049,0
-20.9955310821533,0
-23.1086387634277,0
-25.2850017547607,0
-28.0502223968506,0
-30.282922744751,0
-30.6452560424805,0
-29.8147735595703,0
-30.1915493011475,0
-32.8887481689453,0
-36.0912322998047,0
-37.4851722717285,0
-37.4561576843262,0
-38.2139129638672,0
-40.1092300415039,0
-40.9839515686035,0
-39.7500152587891,0
-38.5099449157715,0
-39.6586303710938,0
-42.4453887939453,0
-44.3523139953613,0
-44.8558502197266,0
-45.5649757385254,0
-47.0990715026855,0
-48.2915573120117,0
-48.6340599060059,0
-49.0034790039062,0
-49.2432632446289,0
-47.5553665161133,0
-43.7900619506836,0
-41.1331596374512,0
-42.2967147827148,0
-45.4331436157227,0
-46.1806678771973,0
-42.9627952575684,0
-38.0506706237793,0
-33.9889945983887,0
-31.3839912414551,0
-30.0713005065918,0
-29.9853477478027,0
-30.3809108734131,0
-30.2244033813477,0
-29.9375057220459,0
-30.9430541992188,0
-32.9770584106445,0
-33.8184432983398,0
-32.456127166748,0
-30.5492706298828,0
-29.6641464233398,0
-28.9547557830811,0
-27.0184078216553,0
-24.4445743560791,0
-22.9329967498779,0
-23.19553565979,0
-25.2024517059326,0
-29.0588874816895,0
-33.8876113891602,0
-37.2400741577148,0
-37.720775604248,0
-37.1137771606445,0
-37.7771072387695,0
-39.0587196350098,0
-38.8144302368164,0
-37.4921607971191,0
-37.6121711730957,0
-39.5317459106445,0
-40.9472808837891,0
-40.8023643493652,0
-40.4985809326172,0
-40.6623764038086,0
-40.009349822998,0
-38.5118980407715,0
-38.4263534545898,0
-40.5244636535645,0
-42.3721923828125,0
-42.4036445617676,0
-42.7159118652344,0
-45.1771202087402,0
-47.5266265869141,0
-46.7519683837891,0
-44.2759132385254,0
-43.9323234558105,0
-45.9939498901367,0
-47.1713562011719,0
-46.1490097045898,0
-45.2384338378906,0
-46.0409355163574,0
-46.8410987854004,0
-45.4436912536621,0
-42.1368179321289,0
-38.7703590393066,0
-36.7321090698242,0
-36.4580307006836,0
-37.1637687683105,0
-36.6861953735352,0
-33.5237884521484,0
-29.4177093505859,0
-27.9164333343506,0
-29.9849376678467,0
-33.0883255004883,0
-34.9417114257812,0
-35.7792510986328,0
-36.3963851928711,0
-36.7038612365723,0
-37.2887191772461,0
-39.6015357971191,0
-42.9869918823242,0
-44.2445526123047,0
-42.2988128662109,0
-40.8039817810059,0
-43.3488883972168,0
-48.1591644287109,0
-50.8800468444824,0
-51.1379165649414,0
-52.4836158752441,0
-56.3447914123535,0
-60.1103935241699,0
-61.8878784179688,0
-63.4349403381348,0
-66.7072906494141,0
-70.5000915527344,0
-72.7830200195312,0
-74.1511001586914,0
-76.3299331665039,0
-78.6438903808594,0
-78.7409591674805,0
-76.3827362060547,0
-74.1078872680664,0
-74.0113372802734,0
-75.7726898193359,0
-78.1077270507812,0
-80.3590850830078,0
-82.029411315918,0
-82.2133255004883,0
-80.4311752319336,0
-77.2495651245117,0
-73.5052871704102,0
-69.5265808105469,0
-65.3588943481445,0
-60.9883651733398,0
-56.143871307373,0
-50.7006416320801,0
-45.3583297729492,0
-40.8698463439941,0
-36.4956359863281,0
-30.600715637207,0
-23.2309761047363,0
-16.6378726959229,0
-12.4069890975952,0
-9.36070251464844,0
-5.38622617721558,0
-0.256340384483337,0
4.59331464767456,0
8.23394775390625,0
10.8668518066406,0
12.8081388473511,0
14.0429935455322,0
14.5141019821167,0
14.0506420135498,0
12.517484664917,0
10.7820053100586,0
10.6873817443848,0
12.8722524642944,0
15.2650232315063,0
15.1918830871582,0
12.7314195632935,0
10.5646667480469,0
10.4540271759033,0
11.2784690856934,0
11.1185474395752,0
10.2141809463501,0
10.7244653701782,0
13.6372175216675,0
16.8894138336182,0
17.4378147125244,0
15.1195459365845,0
13.3470821380615,0
15.2288150787354,0
19.9236755371094,0
24.0940284729004,0
26.1982936859131,0
27.4995365142822,0
29.1840782165527,0
30.8399448394775,0
32.2320594787598,0
34.2717247009277,0
37.1246871948242,0
39.2225074768066,0
39.4007415771484,0
38.4452514648438,0
37.3667297363281,0
35.8494911193848,0
33.8598785400391,0
33.1624526977539,0
35.3723831176758,0
39.5651626586914,0
43.459602355957,0
46.0070152282715,0
47.2769775390625,0
46.8716697692871,0
44.3639717102051,0
40.7107887268066,0
37.4552841186523,0
34.7363166809082,0
31.4147720336914,0
26.9239883422852,0
21.9070377349854,0
17.3353805541992,0
13.9348049163818,0
12.1796808242798,0
12.1417274475098,0
13.5645942687988,0
16.1295356750488,0
18.8294677734375,0
19.3785133361816,0
16.0824871063232,0
10.5312309265137,0
6.23867654800415,0
4.08633136749268,0
1.7947154045105,0
-1.18654811382294,0
-1.79917418956757,0
1.39509177207947,0
4.61432075500488,0
4.10214614868164,0
2.33369517326355,0
4.57489633560181,0
10.8288307189941,0
15.9288473129272,0
17.0518932342529,0
16.3770046234131,0
16.0418167114258,0
15.2952146530151,0
13.9924354553223,0
14.4116897583008,0
17.1364688873291,0
18.6947135925293,0
16.3080215454102,0
12.3860034942627,0
11.0997552871704,0
12.3386974334717,0
12.4825468063354,0
10.2309980392456,0
8.26310539245605,0
9.04129219055176,0
11.9185075759888,0
15.1816701889038,0
18.5546684265137,0
22.3412170410156,0
25.7912139892578,0
27.897388458252,0
28.7503223419189,0
28.558479309082,0
26.1855735778809,0
20.6850757598877,0
14.1555967330933,0
10.8203935623169,0
12.3347463607788,0
15.7265033721924,0
17.3577938079834,0
17.4881591796875,0
19.0353546142578,0
22.9002704620361,0
27.0423412322998,0
29.9508285522461,0
32.3495025634766,0
34.838508605957,0
36.2572479248047,0
35.5755958557129,0
33.4621734619141,0
30.701545715332,0
26.9692821502686,0
22.7720069885254,0
20.6795387268066,0
22.2739925384521,0
25.0528907775879,0
24.8592872619629,0
20.876974105835,0
15.9722547531128,0
12.4271440505981,0
9.76297473907471,0
7.04602479934692,0
5.03882217407227,0
5.02260684967041,0
6.88762140274048,0
9.32601737976074,0
11.080361366272,0
11.5128421783447,0
10.7967529296875,0
9.96837139129639,0
10.0683574676514,0
11.0384912490845,0
12.2630281448364,0
14.1639604568481,0
17.9660110473633,0
23.4888114929199,0
28.5670890808105,0
31.6566219329834,0
34.0089569091797,0
37.9062614440918,0
43.1516952514648,0
46.7439422607422,0
46.2945899963379,0
42.6302604675293,0
38.3386077880859,0
34.6382675170898,0
30.8817501068115,0
26.7316284179688,0
23.0902767181396,0
20.2960433959961,0
17.0586223602295,0
12.6501131057739,0
8.91476917266846,0
7.93583822250366,0
8.29971885681152,0
6.37373018264771,0
1.59952902793884,0
-2.39314913749695,0
-3.29292988777161,0
-4.00342750549316,0
-8.56818675994873,0
-16.0632343292236,0
-21.6989269256592,0
-23.3544483184814,0
-23.8468647003174,0
-26.2429485321045,0
-29.6708450317383,0
-31.2391891479492,0
-30.3312034606934,0
-29.0578746795654,0
-28.960391998291,0
-28.9363784790039,0
-27.0214385986328,0
-23.4457550048828,0
-20.8115825653076,0
-20.8771266937256,0
-22.0952243804932,0
-21.5626659393311,0
-18.9710292816162,0
-16.8320388793945,0
-16.6259613037109,0
-16.9537315368652,0
-16.4783954620361,0
-16.3061752319336,0
-17.4926929473877,0
-18.2487659454346,0
-16.3633689880371,0
-12.9880247116089,0
-10.916316986084,0
-10.0471572875977,0
-8.08386325836182,0
-5.41671991348267,0
-5.34855318069458,0
-8.73907661437988,0
-12.2393474578857,0
-13.4664421081543,0
-14.6003007888794,0
-18.6597595214844,0
-25.0100078582764,0
-31.0918827056885,0
-36.2761726379395,0
-41.1760864257812,0
-44.8945274353027,0
-45.8875122070312,0
-44.4610824584961,0
-41.9152030944824,0
-38.3856964111328,0
-34.0611534118652,0
-31.1945533752441,0
-31.7475566864014,0
-33.7754669189453,0
-33.3900337219238,0
-30.0511627197266,0
-26.774974822998,0
-25.1945381164551,0
-23.8670654296875,0
-21.9987850189209,0
-21.3134021759033,0
-22.8210754394531,0
-24.7605514526367,0
-25.6405906677246,0
-26.8413600921631,0
-29.9773998260498,0
-33.5713577270508,0
-34.776927947998,0
-33.2518272399902,0
-31.0760478973389,0
-29.5693454742432,0
-28.3998565673828,0
-27.6183433532715,0
-28.3842506408691,0
-30.9439487457275,0
-33.2102394104004,0
-32.4314613342285,0
-28.0609436035156,0
-22.4046993255615,0
-18.2240581512451,0
-15.8551540374756,0
-13.1319208145142,0
-8.34480667114258,0
-2.5784285068512,0
1.70457589626312,0
3.83775925636292,0
5.28681707382202,0
6.81611585617065,0
7.03098773956299,0
4.63385486602783,0
0.825204133987427,0
-2.01892375946045,0
-3.52362585067749,0
-5.58790159225464,0
-9.23656749725342,0
-12.5561351776123,0
-12.8443937301636,0
-10.2807531356812,0
-8.11790561676025,0
-8.90721321105957,0
-11.7187194824219,0
-14.0577669143677,0
-15.585789680481,0
-18.2855968475342,0
-23.217414855957,0
-29.0207672119141,0
-33.9548873901367,0
-37.4408493041992,0
-38.7863845825195,0
-36.6220588684082,0
-31.4176712036133,0
-26.8153533935547,0
-25.9421157836914,0
-27.1924171447754,0
-26.1413078308105,0
-21.3774356842041,0
-16.0121326446533,0
-13.1836080551147,0
-12.4172792434692,0
-11.288366317749,0
-8.76821041107178,0
-5.61526489257812,0
-2.6184024810791,0
0.235440328717232,0
3.20868754386902,0
6.12666654586792,0
8.21237564086914,0
8.79592704772949,0
8.60080814361572,0
9.56874942779541,0
12.2221126556396,0
14.0281839370728,0
12.4243488311768,0
9.07172393798828,0
8.40221786499023,0
11.5607233047485,0
14.8353404998779,0
15.4354124069214,0
15.7287817001343,0
19.2167854309082,0
24.8297882080078,0
28.7409286499023,0
30.42311668396,0
32.9687995910645,0
37.6538772583008,0
42.1240386962891,0
44.8575210571289,0
47.8789329528809,0
53.1470832824707,0
58.9557495117188,0
62.3900566101074,0
63.6488265991211,0
65.385871887207,0
68.6613998413086,0
71.9720993041992,0
74.104362487793,0
75.7952423095703,0
78.0578918457031,0
80.3721694946289,0
81.4064254760742,0
80.8357391357422,0
79.6778182983398,0
78.8486557006836,0
77.7178344726562,0
74.4790115356445,0
68.283821105957,0
60.7131690979004,0
54.3544311523438,0
49.9358177185059,0
45.8233909606934,0
40.5039329528809,0
34.3447074890137,0
28.3468322753906,0
22.4280052185059,0
16.0003414154053,0
9.36868572235107,0
3.37805247306824,0
-1.80842983722687,0
-6.53739500045776,0
-10.6450672149658,0
-13.5769824981689,0
-15.3948631286621,0
-17.0065879821777,0
-19.4443073272705,0
-23.0043296813965,0
-26.4792156219482,0
-27.1735038757324,0
-22.9689083099365,0
-15.164439201355,0
-8.20761394500732,0
-5.58615255355835,0
-6.7129020690918,0
-8.58656215667725,0
-9.40546035766602,0
-9.48253440856934,0
-9.795166015625,0
-11.2103853225708,0
-14.3956422805786,0
-18.905574798584,0
-22.8200588226318,0
-24.7254333496094,0
-25.5923042297363,0
-27.1760845184326,0
-28.948938369751,0
-28.3854503631592,0
-24.3927268981934,0
-18.8882102966309,0
-14.5526857376099,0
-12.2161836624146,0
-10.9289875030518,0
-9.59423828125,0
-7.84237480163574,0
-5.8480920791626,0
-3.97852897644043,0
-2.72029304504395,0
-2.80030155181885,0
-5.01738452911377,0
-9.36198329925537,0
-14.3066215515137,0
-17.8592567443848,0
-19.7193698883057,0
-21.5145854949951,0
-24.3107395172119,0
-26.8222122192383,0
-27.0152187347412,0
-24.7529525756836,0
-21.7364253997803,0
-19.1953544616699,0
-16.6245708465576,0
-12.6339349746704,0
-6.3064341545105,0
2.08617043495178,0
11.0875940322876,0
18.951286315918,0
24.9280281066895,0
29.3524074554443,0
32.3677635192871,0
33.5550880432129,0
33.3908996582031,0
33.9021301269531,0
36.6588592529297,0
40.8179168701172,0
44.3921012878418,0
46.8841171264648,0
49.244312286377,0
51.5774612426758,0
52.6364402770996,0
51.9776420593262,0
51.2233200073242,0
52.3525581359863,0
55.4870223999023,0
59.0597724914551,0
61.6598167419434,0
63.0616760253906,0
63.7766342163086,0
64.2938461303711,0
64.7789077758789,0
65.0428314208984,0
64.6613998413086,0
63.3557014465332,0
61.2652206420898,0
58.5433769226074,0
54.6851501464844,0
48.8205795288086,0
41.0715217590332,0
33.1558685302734,0
26.956916809082,0
22.7230758666992,0
19.4891548156738,0
17.126350402832,0
16.8042430877686,0
19.1072311401367,0
22.8920135498047,0
26.7419738769531,0
30.507776260376,0
34.4380950927734,0
37.7969169616699,0
39.8011512756348,0
41.402961730957,0
44.576358795166,0
49.8415489196777,0
55.7250442504883,0
60.6853485107422,0
64.4445495605469,0
67.4493865966797,0
70.2377548217773,0
73.413215637207,0
77.0304183959961,0
79.9360198974609,0
81.0596008300781,0
81.407585144043,0
82.977424621582,0
85.15478515625,0
84.2304153442383,0
77.8974838256836,0
68.6133728027344,0
60.6198348999023,0
54.8144683837891,0
48.9366149902344,0
42.2629280090332,0
37.160213470459,0
35.112548828125,0
33.7129402160645,0
29.6634902954102,0
23.5303993225098,0
19.2467937469482,0
19.048002243042,0
20.8619747161865,0
21.2085018157959,0
19.0726451873779,0
16.0033321380615,0
13.7441129684448,0
13.203763961792,0
14.9228715896606,0
18.749095916748,0
23.0762805938721,0
25.9256553649902,0
27.063175201416,0
27.815465927124,0
28.6942367553711,0
28.8848400115967,0
28.6265163421631,0
30.0842380523682,0
34.2999496459961,0
38.7207145690918,0
39.8148536682129,0
37.4907569885254,0
34.9473075866699,0
34.399974822998,0
34.9306793212891,0
34.7528533935547,0
33.6924781799316,0
32.6307258605957,0
31.8538627624512,0
30.9900894165039,0
29.9537677764893,0
29.2631206512451,0
29.6416168212891,0
31.3573513031006,0
33.5959510803223,0
34.8919448852539,0
35.0286979675293,0
36.0690994262695,0
40.1921997070312,0
46.633113861084,0
52.2006492614746,0
54.9592666625977,0
55.9873962402344,0
57.2743034362793,0
59.4435348510742,0
62.0995635986328,0
64.9250640869141,0
67.5634155273438,0
69.5580215454102,0
71.2224044799805,0
73.5700454711914,0
76.6559829711914,0
79.0059509277344,0
79.4792556762695,0
78.7458572387695,0
78.0778427124023,0
77.5373764038086,0
76.2614135742188,0
73.8877944946289,0
70.9189834594727,0
68.2028121948242,0
66.5595245361328,0
66.1780700683594,0
65.8428802490234,0
63.633731842041,0
59.0776100158691,0
53.747142791748,0
48.9979820251465,0
44.1438903808594,0
38.0107612609863,0
31.4308681488037,0
26.5859222412109,0
24.0887870788574,0
22.3456401824951,0
20.2640514373779,0
19.2194137573242,0
21.2059364318848,0
25.7498512268066,0
30.1899280548096,0
33.2033882141113,0
36.4745330810547,0
41.660270690918,0
46.844367980957,0
48.1873741149902,0
45.1523933410645,0
41.8737983703613,0
42.3461990356445,0
46.0495338439941,0
49.7644958496094,0
52.2059898376465,0
54.9383239746094,0
59.5504684448242,0
65.7813873291016,0
72.0353240966797,0
76.2732696533203,0
76.8999404907227,0
74.2472610473633,0
70.7276992797852,0
68.1794738769531,0
65.6913070678711,0
61.4167327880859,0
55.5781364440918,0
49.8235816955566,0
44.4355850219727,0
38.3957672119141,0
31.7926044464111,0
25.9281997680664,0
21.1406497955322,0
16.5398330688477,0
11.8178977966309,0
7.42542266845703,0
3.14860987663269,0
-1.58527493476868,0
-6.32946014404297,0
-10.4933471679688,0
-14.8860378265381,0
-19.9581661224365,0
-23.372838973999,0
-22.5822124481201,0
-19.3940944671631,0
-18.1886405944824,0
-19.4847145080566,0
-19.5178813934326,0
-16.9476146697998,0
-15.1373748779297,0
-15.7624750137329,0
-15.0094833374023,0
-9.56955337524414,0
-2.30508136749268,0
2.39248919487,0
5.5931715965271,0
11.0934839248657,0
18.0434093475342,0
22.0989093780518,0
23.0508918762207,0
25.4643001556396,0
31.2020740509033,0
36.6351547241211,0
38.6887130737305,0
38.8115997314453,0
38.7923927307129,0
37.0493354797363,0
32.1030883789062,0
26.1808948516846,0
21.8799877166748,0
17.9334259033203,0
11.9205827713013,0
5.15518665313721,0
1.11344754695892,0
0.344340741634369,0
0.630493700504303,0
1.30383110046387,0
3.60931444168091,0
7.09963607788086,0
9.50085163116455,0
10.6169080734253,0
12.9143123626709,0
17.3235473632812,0
21.5528869628906,0
23.784200668335,0
25.2573490142822,0
27.686767578125,0
30.5326404571533,0
32.5106391906738,0
33.7629203796387,0
34.8131561279297,0
35.1045379638672,0
34.2316474914551,0
33.0728416442871,0
32.1539001464844,0
30.457820892334,0
27.4715461730957,0
24.8318862915039,0
24.1251754760742,0
24.4924831390381,0
24.3277854919434,0
23.9587707519531,0
24.5187435150146,0
25.4592380523682,0
25.6694774627686,0
26.1239547729492,0
28.6701507568359,0
32.5508995056152,0
34.824592590332,0
34.3883094787598,0
33.1867141723633,0
33.0646171569824,0
33.6875381469727,0
34.2172584533691,0
34.8775405883789,0
35.7567367553711,0
35.8385047912598,0
34.7074317932129,0
34.1340217590332,0
36.4863243103027,0
41.945728302002,0
48.3053512573242,0
53.3394775390625,0
56.6027526855469,0
58.8606796264648,0
60.2937049865723,0
59.6690483093262,0
55.4682426452637,0
47.7969360351562,0
38.835506439209,0
31.1800327301025,0
25.9785995483398,0
22.769437789917,0
20.5723342895508,0
18.776517868042,0
17.4958801269531,0
17.505823135376,0
19.3250045776367,0
21.9207553863525,0
22.9422149658203,0
20.871374130249,0
16.5455436706543,0
12.1462097167969,0
9.22292137145996,0
7.9816107749939,0
7.57900953292847,0
6.53680658340454,0
3.85074186325073,0
0.489865005016327,0
-1.11842489242554,0
0.0491402894258499,0
2.18399500846863,0
2.93516039848328,0
2.01458883285522,0
0.458156108856201,0
-1.38798332214355,0
-3.52186393737793,0
-5.00086879730225,0
-5.01608037948608,0
-4.72649097442627,0
-6.09570980072021,0
-9.13506126403809,0
-12.0171928405762,0
-13.5859546661377,0
-13.811544418335,0
-11.9989223480225,0
-6.97251319885254,0
0.418902486562729,0
7.20727729797363,0
11.8158416748047,0
15.9147052764893,0
21.440746307373,0
27.2123146057129,0
30.2690277099609,0
29.8561916351318,0
28.2948169708252,0
27.9060707092285,0
28.5951824188232,0
29.0753421783447,0
29.402982711792,0
31.0981731414795,0
34.8144721984863,0
38.9164924621582,0
41.0693969726562,0
40.8381042480469,0
39.8504753112793,0
39.3937301635742,0
38.8444786071777,0
36.980396270752,0
33.9887084960938,0
31.2161827087402,0
29.3373584747314,0
27.8600292205811,0
26.4886779785156,0
25.9287967681885,0
26.7688331604004,0
28.2068614959717,0
28.748498916626,0
28.1240978240967,0
27.7425193786621,0
28.8469409942627,0
30.8108863830566,0
32.0750427246094,0
32.4870262145996,0
33.4385223388672,0
35.2764129638672,0
35.9755897521973,0
33.7274475097656,0
30.0712127685547,0
28.6941165924072,0
31.0589637756348,0
34.7061958312988,0
36.2804756164551,0
34.9816093444824,0
32.4972877502441,0
30.7349662780762,0
30.4463424682617,0
31.1325798034668,0
31.2905120849609,0
29.3336811065674,0
25.2035007476807,0
20.686824798584,0
17.3359088897705,0
14.4732341766357,0
10.1950197219849,0
4.13422632217407,0
-1.82846283912659,0
-5.73580312728882,0
-7.45490121841431,0
-7.98011493682861,0
-7.78499412536621,0
-6.93480396270752,0
-6.51557731628418,0
-8.57005882263184,0
-13.918664932251,0
-20.8456420898438,0
-26.9467697143555,0
-31.8774909973145,0
-37.0731010437012,0
-42.828010559082,0
-47.1792030334473,0
-48.3275527954102,0
-46.8579711914062,0
-44.5158767700195,0
-41.8775177001953,0
-38.6177558898926,0
-35.2345581054688,0
-32.7308692932129,0
-30.9098434448242,0
-28.7854900360107,0
-26.6736755371094,0
-25.972785949707,0
-26.4832744598389,0
-25.9153079986572,0
-23.0105495452881,0
-19.4110069274902,0
-17.0694484710693,0
-15.3223829269409,0
-12.4024543762207,0
-8.80715656280518,0
-6.80582141876221,0
-6.73858499526978,0
-6.12896156311035,0
-3.19977760314941,0
0.624782919883728,0
3.03212308883667,0
4.23313236236572,0
6.17297029495239,0
8.87596035003662,0
9.76483726501465,0
7.30498743057251,0
3.65579462051392,0
2.22717237472534,0
3.44065451622009,0
4.61368274688721,0
3.80838823318481,0
1.8613166809082,0
0.0733967423439026,0
-2.15223002433777,0
-5.87960433959961,0
-10.2131195068359,0
-13.3091278076172,0
-15.2003927230835,0
-17.5275344848633,0
-20.5598239898682,0
-22.6482677459717,0
-23.1008033752441,0
-23.4958763122559,0
-25.0718517303467,0
-26.561450958252,0
-26.0828628540039,0
-23.9306373596191,0
-21.959493637085,0
-21.106803894043,0
-21.01416015625,0
-21.3723297119141,0
-22.1432781219482,0
-23.0249538421631,0
-24.1480407714844,0
-26.7066078186035,0
-31.2774562835693,0
-36.0006523132324,0
-38.2010269165039,0
-37.4733543395996,0
-35.3031196594238,0
-32.080207824707,0
-26.9805221557617,0
-20.8396072387695,0
-16.1501903533936,0
-13.2143449783325,0
-9.16679382324219,0
-2.56339764595032,0
3.62331438064575,0
5.92857503890991,0
5.13103246688843,0
4.22391939163208,0
3.52769947052002,0
1.47569227218628,0
-0.794837772846222,0
0.0747184157371521,0
4.36992216110229,0
8.63717269897461,0
11.3445444107056,0
14.9855613708496,0
20.3866729736328,0
23.0314636230469,0
18.8112297058105,0
10.5429649353027,0
4.28365325927734,0
0.949447095394135,0
-3.40274333953857,0
-9.65189170837402,0
-13.5754137039185,0
-12.7929372787476,0
-10.4821786880493,0
-9.63626003265381,0
-8.12489414215088,0
-3.0939633846283,0
3.37203454971313,0
7.55985736846924,0
10.5879135131836,0
16.3474063873291,0
24.1575965881348,0
28.9380207061768,0
28.9723644256592,0
28.3176670074463,0
30.0805740356445,0
32.0607490539551,0
31.5491828918457,0
30.3581104278564,0
31.59352684021,0
34.2857780456543,0
35.0134468078613,0
33.1605529785156,0
31.0263938903809,0
29.7554244995117,0
28.480224609375,0
26.9598598480225,0
25.8932247161865,0
24.6121253967285,0
21.3207836151123,0
16.0619049072266,0
11.1018085479736,0
7.91287708282471,0
5.89951276779175,0
4.57014656066895,0
4.73639392852783,0
6.63637828826904,0
8.81928157806396,0
10.2014608383179,0
11.8183088302612,0
15.1270437240601,0
19.4874935150146,0
22.7463188171387,0
23.9893531799316,0
24.5662212371826,0
26.2717704772949,0
29.2081928253174,0
31.7393798828125,0
32.2365646362305,0
30.4483795166016,0
27.0902614593506,0
22.6583518981934,0
17.3932819366455,0
12.1975965499878,0
8.44205570220947,0
6.46837329864502,0
5.20461559295654,0
3.68537998199463,0
1.96845138072968,0
0.124428816139698,0
-2.36922430992126,0
-5.4475531578064,0
-8.04295349121094,0
-9.90870761871338,0
-12.4421129226685,0
-16.2943935394287,0
-19.5623893737793,0
-20.2023792266846,0
-19.0989856719971,0
-18.5473499298096,0
-18.41721534729,0
-16.2282180786133,0
-10.9536333084106,0
-4.62798595428467,0
0.10765740275383,0
2.40186262130737,0
2.89109373092651,0
2.43754029273987,0
1.51892912387848,0
0.0317141599953175,0
-2.14991664886475,0
-3.83175921440125,0
-2.81099271774292,0
1.1167356967926,0
4.70071697235107,0
4.89330768585205,0
3.11857604980469,0
3.43918514251709,0
6.94279956817627,0
10.7364721298218,0
12.6808490753174,0
14.2611742019653,0
17.7226581573486,0
22.6413135528564,0
26.8731536865234,0
29.5172729492188,0
31.4756813049316,0
33.6910972595215,0
35.8845672607422,0
37.0680503845215,0
37.0882682800293,0
37.4693336486816,0
39.9778938293457,0
44.0805320739746,0
47.1270408630371,0
47.9106292724609,0
48.3641014099121,0
50.0744171142578,0
50.8931617736816,0
47.7269592285156,0
41.6143493652344,0
36.8173980712891,0
35.1479377746582,0
34.4955863952637,0
33.3353652954102,0
33.2617721557617,0
35.719367980957,0
39.1978225708008,0
41.7828674316406,0
44.4067344665527,0
49.2007331848145,0
55.8116149902344,0
61.607738494873,0
65.137451171875,0
67.5343856811523,0
70.3185424804688,0
73.0701446533203,0
73.8587493896484,0
71.5999755859375,0
67.5741119384766,0
64.2220306396484,0
62.1533508300781,0
58.9298477172852,0
51.8613243103027,0
41.8438110351562,0
33.0839233398438,0
28.678503036499,0
27.7115077972412,0
27.2759838104248,0
26.0208377838135,0
24.593391418457,0
23.6148548126221,0
22.8740577697754,0
22.4434337615967,0
23.2352561950684,0
25.8226547241211,0
29.1496276855469,0
30.862190246582,0
29.0895233154297,0
24.142993927002,0
18.5158786773682,0
14.8018827438354,0
13.3713598251343,0
12.4215278625488,0
10.3740634918213,0
7.51873970031738,0
4.99333524703979,0
3.13494777679443,0
1.74721992015839,0
1.22000396251678,0
2.0068576335907,0
3.20653963088989,0
3.0729353427887,0
1.20779180526733,0
-0.89710146188736,0
-1.91435205936432,0
-2.23147702217102,0
-2.8828649520874,0
-3.96024250984192,0
-5.04428100585938,0
-6.55158424377441,0
-9.48953056335449,0
-13.9920921325684,0
-19.0472164154053,0
-23.8053226470947,0
-28.3814296722412,0
-33.030689239502,0
-37.1461944580078,0
-39.7002868652344,0
-40.515438079834,0
-40.5133247375488,0
-40.5421485900879,0
-40.4015579223633,0
-39.4099578857422,0
-37.6244430541992,0
-35.8556098937988,0
-34.4570426940918,0
-32.7909164428711,0
-30.2527465820312,0
-27.3223819732666,0
-25.0597076416016,0
-23.7295246124268,0
-22.3315353393555,0
-19.5393905639648,0
-15.0737752914429,0
-10.230523109436,0
-6.84417724609375,0
-5.45594167709351,0
-4.96329355239868,0
-4.64274120330811,0
-5.63424968719482,0
-8.94096183776855,0
-12.6579971313477,0
-13.6663522720337,0
-12.301344871521,0
-12.481481552124,0
-16.0439891815186,0
-19.9333229064941,0
-21.1853942871094,0
-21.8115291595459,0
-25.2409591674805,0
-29.9546318054199,0
-31.1618461608887,0
-28.2482357025146,0
-25.889253616333,0
-26.953218460083,0
-28.6499061584473,0
-27.7147827148438,0
-25.7294368743896,0
-26.3098888397217,0
-29.5675392150879,0
-32.7062759399414,0
-34.5438423156738,0
-35.9347114562988,0
-36.3463516235352,0
-33.6758689880371,0
-28.2378311157227,0
-24.0189342498779,0
-24.2448425292969,0
-27.3411388397217,0
-28.9790134429932,0
-27.1663398742676,0
-23.642505645752,0
-20.6313343048096,0
-17.9984817504883,0
-14.2605791091919,0
-9.34597396850586,0
-5.19672584533691,0
-3.54502964019775,0
-3.71596741676331,0
-3.16911220550537,0
-0.292697429656982,0
3.7389395236969,0
6.4022650718689,0
7.05070924758911,0
7.89588069915771,0
11.2108945846558,0
16.2362632751465,0
20.0245552062988,0
21.2641887664795,0
21.9586486816406,0
24.8367309570312,0
30.2731609344482,0
36.6625289916992,0
42.8176612854004,0
48.5551681518555,0
53.3430099487305,0
56.0479888916016,0
56.4619522094727,0
55.9368324279785,0
55.822883605957,0
55.9421119689941,0
55.2057571411133,0
53.2278861999512,0
50.6289672851562,0
47.977897644043,0
45.1814842224121,0
42.1093559265137,0
39.2840995788574,0
37.4286041259766,0
36.4587097167969,0
35.5145072937012,0
34.1855239868164,0
33.1022720336914,0
32.7838973999023,0
32.4354515075684,0
30.7857913970947,0
27.8468418121338,0
24.7577953338623,0
21.9360218048096,0
18.6709976196289,0
14.8150672912598,0
11.4081163406372,0
8.81447124481201,0
5.54344367980957,0
0.207929685711861,0
-6.14458656311035,0
-11.0037021636963,0
-13.3170881271362,0
-14.2839479446411,0
-15.4449996948242,0
-17.006010055542,0
-17.9899368286133,0
-17.2291374206543,0
-14.2651929855347,0
-9.90738582611084,0
-5.74693489074707,0
-2.63224530220032,0
-0.0548879653215408,0
2.42293858528137,0
3.96010375022888,0
3.72154664993286,0
2.63440465927124,0
2.29818773269653,0
2.40274953842163,0
0.937826931476593,0
-2.79402136802673,0
-6.97700881958008,0
-9.70170307159424,0
-11.231315612793,0
-13.0367040634155,0
-15.6768999099731,0
-18.539400100708,0
-20.7451858520508,0
-21.3681221008301,0
-19.6729431152344,0
-16.3023357391357,0
-13.5141115188599,0
-12.9987106323242,0
-14.0625200271606,0
-15.2293939590454,0
-16.7729072570801,0
-19.7132892608643,0
-22.8977870941162,0
-23.8404331207275,0
-22.8828506469727,0
-23.5719661712646,0
-27.4183082580566,0
-31.0053424835205,0
-30.7861747741699,0
-28.5539989471436,0
-28.7139701843262,0
-31.3137950897217,0
-31.804162979126,0
-27.8740577697754,0
-22.6025123596191,0
-19.5551013946533,0
-18.2940158843994,0
-17.0271587371826,0
-16.839879989624,0
-20.0378856658936,0
-25.684928894043,0
-29.9581871032715,0
-30.7592029571533,0
-29.6790084838867,0
-29.3342571258545,0
-30.5481796264648,0
-32.302791595459,0
-33.0714797973633,0
-32.0843505859375,0
-30.2985706329346,0
-29.9163665771484,0
-31.9610633850098,0
-34.7567100524902,0
-35.8613967895508,0
-34.8920822143555,0
-33.2207145690918,0
-31.7330722808838,0
-30.663818359375,0
-31.037769317627,0
-34.0340270996094,0
-38.8117332458496,0
-42.9784736633301,0
-45.641845703125,0
-48.2361259460449,0
-51.7899627685547,0
-55.0489807128906,0
-56.0904121398926,0
-54.472038269043,0
-51.1347923278809,0
-47.5134239196777,0
-45.4059562683105,0
-46.2296905517578,0
-49.3056373596191,0
-51.9721565246582,0
-52.4400749206543,0
-51.5633850097656,0
-50.8166160583496,0
-49.7531394958496,0
-47.0794334411621,0
-43.5172462463379,0
-41.6477088928223,0
-42.7400398254395,0
-45.2676124572754,0
-47.1563568115234,0
-48.3581314086914,0
-50.2911148071289,0
-53.4346580505371,0
-56.6879272460938,0
-59.1551132202148,0
-61.4884834289551,0
-64.7922668457031,0
-68.9158401489258,0
-72.9904556274414,0
-77.4479675292969,0
-83.9353866577148,0
-92.5396423339844,0
-100.497055053711,0
-105.046485900879,0
-106.660316467285,0
-107.767845153809,0
-108.897071838379,0
-108.263946533203,0
-105.230430603027,0
-101.730651855469,0
-99.2945861816406,0
-96.7994689941406,0
-92.8295440673828,0
-88.6325149536133,0
-86.5702590942383,0
-86.5232849121094,0
-86.154296875,0
-84.6375274658203,0
-83.9908981323242,0
-86.0917892456055,0
-89.8676071166992,0
-92.2939529418945,0
-91.4354858398438,0
-88.162956237793,0
-85.6202239990234,0
-87.0013275146484,0
-92.5787658691406,0
-98.4733810424805,0
-99.6292037963867,0
-94.8970336914062,0
-88.3201904296875,0
-84.6240997314453,0
-84.4263763427734,0
-84.9707641601562,0
-84.5063171386719,0
-83.966796875,0
-84.4186630249023,0
-84.9299468994141,0
-84.0508270263672,0
-82.2358245849609,0
-81.4143447875977,0
-82.4202651977539,0
-83.8803634643555,0
-83.8285522460938,0
-81.8956604003906,0
-79.7301025390625,0
-79.3932647705078,0
-81.1565246582031,0
-82.7413787841797,0
-81.31591796875,0
-76.8090896606445,0
-72.576774597168,0
-71.6507263183594,0
-72.7815170288086,0
-71.9361724853516,0
-67.8411483764648,0
-63.7788887023926,0
-62.6828918457031,0
-62.750602722168,0
-60.5158653259277,0
-56.8123321533203,0
-56.0549125671387,0
-59.5171699523926,0
-63.0019874572754,0
-62.6071166992188,0
-59.652587890625,0
-57.6528511047363,0
-57.0751914978027,0
-56.1212882995605,0
-54.7242012023926,0
-54.1223945617676,0
-53.5190162658691,0
-51.0460052490234,0
-47.8293228149414,0
-47.1429710388184,0
-48.9641876220703,0
-49.2985877990723,0
-46.2524719238281,0
-43.0002098083496,0
-42.6437110900879,0
-43.6926651000977,0
-43.5570182800293,0
-43.3494071960449,0
-45.3463439941406,0
-47.9402351379395,0
-47.5771713256836,0
-44.5887031555176,0
-42.5324935913086,0
-41.882266998291,0
-38.9035530090332,0
-31.7098159790039,0
-23.3429832458496,0
-17.1583023071289,0
-12.7506589889526,0
-8.85009765625,0
-7.27187967300415,0
-10.7388401031494,0
-18.2604560852051,0
-25.5638904571533,0
-29.5746173858643,0
-30.4512042999268,0
-29.8162174224854,0
-28.9512958526611,0
-28.4398040771484,0
-27.9103832244873,0
-26.244665145874,0
-23.3007183074951,0
-21.1232357025146,0
-22.2201843261719,0
-26.9288578033447,0
-33.4855995178223,0
-40.0463523864746,0
-45.4041366577148,0
-48.616512298584,0
-49.8865280151367,0
-51.4706115722656,0
-55.578426361084,0
-61.1246032714844,0
-64.4884567260742,0
-64.01953125,0
-62.0070190429688,0
-61.4922256469727,0
-62.9960746765137,0
-65.5381393432617,0
-69.0146713256836,0
-73.5532302856445,0
-77.6183853149414,0
-79.1477890014648,0
-78.4763717651367,0
-78.0714416503906,0
-78.9772033691406,0
-79.4286193847656,0
-77.9423141479492,0
-76.0904769897461,0
-76.405876159668,0
-78.2794647216797,0
-78.0001907348633,0
-73.2320327758789,0
-65.8496017456055,0
-59.3665161132812,0
-54.6842613220215,0
-49.8554382324219,0
-43.5351219177246,0
-36.7261772155762,0
-30.5312118530273,0
-23.9737663269043,0
-15.7678499221802,0
-7.33498954772949,0
-1.73773181438446,0
0.674679279327393,0
3.33794403076172,0
8.91963005065918,0
15.3840065002441,0
18.499906539917,0
17.2222576141357,0
14.3192796707153,0
12.0589284896851,0
9.77716445922852,0
6.15108489990234,0
1.60413920879364,0
-2.54055380821228,0
-5.50054025650024,0
-6.65307426452637,0
-5.54361391067505,0
-3.4690055847168,0
-3.18927049636841,0
-5.54010391235352,0
-8.15717506408691,0
-9.32828807830811,0
-10.9916038513184,0
-15.2931270599365,0
-20.1308498382568,0
-21.830135345459,0
-21.2262840270996,0
-22.7819175720215,0
-27.4761962890625,0
-30.9963855743408,0
-30.4647598266602,0
-28.9176425933838,0
-30.4202976226807,0
-33.8007278442383,0
-34.6275596618652,0
-31.5807323455811,0
-27.3997135162354,0
-24.3169746398926,0
-21.7944412231445,0
-18.8427600860596,0
-15.7765588760376,0
-12.8994665145874,0
-9.53554630279541,0
-5.4899263381958,0
-2.17082285881042,0
-1.13154447078705,0
-2.07075977325439,0
-3.05369687080383,0
-2.56427979469299,0
-1.02604138851166,0
-0.30914181470871,0
-1.65250682830811,0
-4.09588670730591,0
-5.50625038146973,0
-5.29490232467651,0
-5.05927038192749,0
-5.815260887146,0
-5.92627620697021,0
-3.48927760124207,0
0.0604387298226357,0
1.12302505970001,0
-1.16900968551636,0
-3.65912175178528,0
-3.68518018722534,0
-2.62716269493103,0
-3.25125885009766,0
-5.33203077316284,0
-6.32990694046021,0
-5.50546979904175,0
-4.78429555892944,0
-5.62960338592529,0
-7.40720987319946,0
-9.22826480865479,0
-11.2411012649536,0
-13.3224010467529,0
-14.4546098709106,0
-14.5316457748413,0
-15.1388711929321,0
-17.3082141876221,0
-20.0352153778076,0
-22.395528793335,0
-25.4713687896729,0
-30.1766910552979,0
-34.4563522338867,0
-35.158447265625,0
-32.189525604248,0
-28.396390914917,0
-25.4135189056396,0
-22.0307579040527,0
-17.0074825286865,0
-11.0925512313843,0
-5.29695129394531,0
0.78078418970108,0
7.50275182723999,0
13.5504865646362,0
17.2589950561523,0
18.711254119873,0
19.2903671264648,0
19.8989009857178,0
20.6902618408203,0
21.7585163116455,0
22.8254737854004,0
22.7864151000977,0
20.8731269836426,0
18.054479598999,0
16.1513423919678,0
15.6202993392944,0
15.2098064422607,0
13.8826446533203,0
12.2117767333984,0
11.6265430450439,0
12.8302364349365,0
15.1194143295288,0
16.8726825714111,0
16.7010688781738,0
14.5476226806641,0
11.749960899353,0
9.79925918579102,0
9.08792209625244,0
8.96448516845703,0
8.61733436584473,0
7.57005071640015,0
5.80118894577026,0
3.99650096893311,0
3.30492329597473,0
4.06304979324341,0
5.01177263259888,0
4.74509000778198,0
3.96303796768188,0
5.23190450668335,0
10.03297996521,0
16.8219680786133,0
22.6716270446777,0
26.3154544830322,0
28.743724822998,0
30.9616184234619,0
32.1514739990234,0
30.7023048400879,0
26.7428512573242,0
22.7595195770264,0
21.1118679046631,0
21.2712306976318,0
20.3824615478516,0
16.72585105896,0
11.7410440444946,0
8.08231639862061,0
6.573326587677,0
6.15406179428101,0
6.17120170593262,0
7.06951236724854,0
8.7277889251709,0
9.82665538787842,0
9.79268836975098,0
10.2024698257446,0
12.9463863372803,0
17.4374256134033,0
20.8302555084229,0
21.1091594696045,0
19.2104091644287,0
17.8890762329102,0
18.9942302703857,0
22.1485462188721,0
25.7783260345459,0
28.8468208312988,0
31.23703956604,0
32.8294067382812,0
33.2134971618652,0
32.7130737304688,0
32.6837921142578,0
33.7455825805664,0
34.393684387207,0
32.6883392333984,0
28.8610363006592,0
24.6819381713867,0
20.6284465789795,0
15.8193759918213,0
10.9117774963379,0
8.53076457977295,0
9.71004867553711,0
12.0173292160034,0
12.5804662704468,0
10.9664945602417,0
7.53713083267212,0
1.42293274402618,0
-7.18963098526001,0
-14.7296133041382,0
-17.7614192962646,0
-17.9376354217529,0
-19.8297462463379,0
-24.1906909942627,0
-27.3558540344238,0
-27.7178955078125,0
-28.2684154510498,0
-30.7650947570801,0
-31.5487480163574,0
-26.6747245788574,0
-18.4084377288818,0
-12.5272483825684,0
-10.6612424850464,0
-9.43868541717529,0
-6.65102005004883,0
-3.94464564323425,0
-2.63909959793091,0
-0.731498301029205,0
3.98233342170715,0
10.438042640686,0
16.1336479187012,0
20.7126903533936,0
25.5863628387451,0
30.8533210754395,0
34.2866325378418,0
33.1515808105469,0
26.4615497589111,0
16.3139247894287,0
7.32592535018921,0
3.07985806465149,0
2.19503045082092,0
-0.432592183351517,0
-7.46355676651001,0
-16.1718635559082,0
-23.0120849609375,0
-28.4718418121338,0
-34.552848815918,0
-39.477409362793,0
-38.9442863464355,0
-32.3558654785156,0
-24.2253322601318,0
-18.871955871582,0
-16.6288070678711,0
-15.9178066253662,0
-16.1555995941162,0
-17.3282833099365,0
-18.9723701477051,0
-20.9746189117432,0
-23.6942291259766,0
-26.2659511566162,0
-26.5165519714355,0
-23.6552734375,0
-19.4784049987793,0
-15.9166555404663,0
-12.9833145141602,0
-10.1577396392822,0
-8.09253215789795,0
-7.60196256637573,0
-8.28539276123047,0
-9.32975387573242,0
-10.4005842208862,0
-10.742506980896,0
-8.97782135009766,0
-5.12380027770996,0
-1.34016144275665,0
0.763557314872742,0
2.09633922576904,0
3.7770049571991,0
4.49014472961426,0
2.43832850456238,0
-1.13864421844482,0
-3.02278280258179,0
-2.35763049125671,0
-1.58697474002838,0
-2.86582255363464,0
-5.61447954177856,0
-8.14405727386475,0
-9.77098751068115,0
-10.2882452011108,0
-8.83689403533936,0
-4.83653450012207,0
0.503456115722656,0
4.9028697013855,0
7.30839204788208,0
8.62360191345215,0
9.90598487854004,0
10.6003217697144,0
9.31692314147949,0
6.06482887268066,0
2.64340090751648,0
0.455948740243912,0
-1.06760156154633,0
-3.05433034896851,0
-5.10818862915039,0
-5.96874952316284,0
-5.67351722717285,0
-5.45591449737549,0
-5.76090812683105,0
-6.19543933868408,0
-7.42182445526123,0
-10.8623704910278,0
-15.9550580978394,0
-20.0537757873535,0
-22.2342967987061,0
-24.8959102630615,0
-29.7777938842773,0
-34.5203323364258,0
-35.7612342834473,0
-34.125862121582,0
-33.0637664794922,0
-33.4318542480469,0
-32.4872779846191,0
-28.4581508636475,0
-23.1436100006104,0
-19.2152099609375,0
-17.5646133422852,0
-18.335334777832,0
-21.8715724945068,0
-26.8094215393066,0
-29.4089374542236,0
-27.189510345459,0
-21.9564819335938,0
-17.0305824279785,0
-12.6586694717407,0
-6.83822965621948,0
-0.0939278155565262,0
3.66966152191162,0
1.68691110610962,0
-4.77216482162476,0
-12.9161691665649,0
-21.4694118499756,0
-29.7812747955322,0
-36.2424011230469,0
-40.1111259460449,0
-43.6100273132324,0
-49.3574752807617,0
-56.078914642334,0
-59.7204551696777,0
-59.2569427490234,0
-58.6050224304199,0
-61.3543434143066,0
-65.8315887451172,0
-67.5078582763672,0
-64.8697509765625,0
-60.4391441345215,0
-56.5891456604004,0
-53.0066604614258,0
-48.7534446716309,0
-44.549388885498,0
-41.6150665283203,0
-39.5360221862793,0
-36.8243103027344,0
-33.1491470336914,0
-29.7494621276855,0
-27.6853828430176,0
-26.7589206695557,0
-26.4912548065186,0
-27.3086338043213,0
-29.9794311523438,0
-34.1666984558105,0
-38.4044761657715,0
-41.7792434692383,0
-45.0252838134766,0
-49.4417114257812,0
-55.1357879638672,0
-60.9981460571289,0
-66.11962890625,0
-70.3063430786133,0
-73.1431732177734,0
-73.5720520019531,0
-71.0175247192383,0
-66.4820556640625,0
-62.0611419677734,0
-59.4892082214355,0
-59.0840301513672,0
-59.6645240783691,0
-59.6364555358887,0
-58.7678871154785,0
-58.5760726928711,0
-59.9645843505859,0
-60.8906745910645,0
-58.1558494567871,0
-51.814022064209,0
-45.9045639038086,0
-43.8636817932129,0
-44.8108253479004,0
-45.4959831237793,0
-44.2738304138184,0
-41.5967445373535,0
-38.116870880127,0
-34.4912948608398,0
-32.2232322692871,0
-32.4532012939453,0
-34.1711235046387,0
-35.5112953186035,0
-36.5582046508789,0
-38.8636894226074,0
-42.1932258605957,0
-43.8896102905273,0
-42.0368957519531,0
-37.5320510864258,0
-32.3544006347656,0
-27.3434619903564,0
-22.5005321502686,0
-18.0278854370117,0
-13.9192047119141,0
-9.57039642333984,0
-5.04108428955078,0
-2.06139230728149,0
-2.54434490203857,0
-6.19485187530518,0
-10.3911457061768,0
-12.4621515274048,0
-11.6885690689087,0
-9.25225257873535,0
-6.68832635879517,0
-4.43516254425049,0
-1.81972873210907,0
1.43086040019989,0
3.9277400970459,0
3.60819935798645,0
0.209898263216019,0
-3.94233536720276,0
-6.14971780776978,0
-5.95771646499634,0
-5.1929931640625,0
-5.84155511856079,0
-8.34126377105713,0
-11.5158357620239,0
-13.513087272644,0
-12.9374513626099,0
-9.60999011993408,0
-4.31881427764893,0
2.23451685905457,0
9.86474227905273,0
18.0562400817871,0
25.3237323760986,0
30.1648406982422,0
32.4184226989746,0
33.0162506103516,0
32.5780601501465,0
31.0168228149414,0
28.529899597168,0
26.1872444152832,0
25.198429107666,0
25.9586658477783,0
27.9269943237305,0
30.1452713012695,0
31.9953937530518,0
33.8831214904785,0
36.9082336425781,0
41.1176719665527,0
44.3088340759277,0
43.688117980957,0
38.9073143005371,0
32.3719329833984,0
26.2776050567627,0
20.7723598480225,0
15.8367948532104,0
13.3158550262451,0
15.1010646820068,0
19.8893508911133,0
23.8116512298584,0
24.5186614990234,0
23.032585144043,0
21.2361087799072,0
19.3796367645264,0
17.1370220184326,0
15.5502920150757,0
16.028507232666,0
17.8988056182861,0
18.7184982299805,0
17.2895679473877,0
15.0789556503296,0
14.0754766464233,0
14.1399078369141,0
13.2522287368774,0
9.89448547363281,0
4.36009311676025,0
-2.15287160873413,0
-8.79888916015625,0
-14.9455423355103,0
-19.4300117492676,0
-21.0259227752686,0
-19.831148147583,0
-17.3082847595215,0
-14.4591836929321,0
-10.8727922439575,0
-6.48347187042236,0
-3.2479076385498,0
-3.22495174407959,0
-5.26298856735229,0
-5.84716653823853,0
-3.89158034324646,0
-2.5456645488739,0
-4.81405162811279,0
-9.13525295257568,0
-11.3725671768188,0
-10.243800163269,0
-8.69378280639648,0
-10.2345285415649,0
-15.6919193267822,0
-23.3602313995361,0
-30.6720371246338,0
-35.6576690673828,0
-38.1432189941406,0
-39.5706977844238,0
-40.6611976623535,0
-39.834888458252,0
-35.3669586181641,0
-28.4070091247559,0
-21.9319801330566,0
-17.1874198913574,0
-13.3814401626587,0
-10.5568895339966,0
-10.0044002532959,0
-11.5116157531738,0
-13.0305204391479,0
-13.9455595016479,0
-15.9465379714966,0
-19.3785552978516,0
-21.4702968597412,0
-20.1997528076172,0
-17.6482639312744,0
-17.0217475891113,0
-17.9285316467285,0
-17.2440509796143,0
-13.727147102356,0
-9.25588893890381,0
-5.88628339767456,0
-3.96819305419922,0
-3.21832370758057,0
-3.72590446472168,0
-5.37917232513428,0
-7.34937334060669,0
-8.37082386016846,0
-7.10500192642212,0
-2.88670110702515,0
3.13254022598267,0
8.57334136962891,0
12.6655035018921,0
17.3213119506836,0
23.8516254425049,0
29.9643058776855,0
32.4506530761719,0
32.0930938720703,0
32.9412078857422,0
36.4909744262695,0
39.486255645752,0
38.6707496643066,0
35.4126129150391,0
33.845344543457,0
35.7967567443848,0
39.2498741149902,0
41.0626449584961,0
39.7713279724121,0
36.101490020752,0
31.9700736999512,0
29.1186923980713,0
28.1611785888672,0
28.8385105133057,0
31.007209777832,0
34.684814453125,0
39.1086883544922,0
42.8362236022949,0
45.2656402587891,0
47.1264381408691,0
48.9116630554199,0
49.8159713745117,0
48.9954948425293,0
46.9711723327637,0
44.8428802490234,0
42.8134918212891,0
40.3702812194824,0
37.2572364807129,0
33.4789047241211,0
29.211820602417,0
25.6179695129395,0
24.5959911346436,0
26.3391647338867,0
28.2369327545166,0
28.0352973937988,0
27.2037601470947,0
28.9343032836914,0
33.3860511779785,0
37.573673248291,0
39.8921661376953,0
41.7510375976562,0
44.0626335144043,0
45.2338333129883,0
44.2987174987793,0
43.4248809814453,0
44.9864387512207,0
47.8944854736328,0
49.1067047119141,0
47.4773292541504,0
43.9590873718262,0
39.197940826416,0
33.3919792175293,0
27.9000205993652,0
24.5875949859619,0
23.5576839447021,0
23.2291736602783,0
22.5545387268066,0
21.8013820648193,0
21.5653324127197,0
22.3786582946777,0
24.676441192627,0
27.6934947967529,0
29.2210025787354,0
28.2469711303711,0
27.122579574585,0
29.1198310852051,0
34.3031730651855,0
39.6973114013672,0
43.0206718444824,0
44.3186340332031,0
44.5346260070801,0
44.6893539428711,0
46.0108642578125,0
48.5489234924316,0
49.9920463562012,0
48.193717956543,0
44.5169868469238,0
42.2801895141602,0
42.5006141662598,0
44.0629653930664,0
47.3609657287598,0
53.7906074523926,0
61.4726028442383,0
65.967414855957,0
66.6230850219727,0
67.9130249023438,0
72.1426849365234,0
74.8522796630859,0
70.9551315307617,0
62.3922119140625,0
55.5147476196289,0
52.6698112487793,0
50.67822265625,0
46.9953727722168,0
43.2144355773926,0
41.817798614502,0
42.7063293457031,0
44.2637519836426,0
45.7167282104492,0
47.1006546020508,0
48.1831359863281,0
48.5210990905762,0
48.0261039733887,0
47.0983009338379,0
46.6642417907715,0
47.8185119628906,0
50.5235939025879,0
53.0069618225098,0
53.6802978515625,0
53.4371109008789,0
54.5898361206055,0
57.5224800109863,0
60.0075378417969,0
60.199462890625,0
58.6990852355957,0
56.8692359924316,0
54.4411773681641,0
49.891918182373,0
42.4618148803711,0
33.0106811523438,0
23.4863967895508,0
16.0626373291016,0
12.0381536483765,0
11.0418939590454,0
11.9238805770874,0
14.3984546661377,0
18.4733734130859,0
22.2738571166992,0
22.8732776641846,0
20.4428367614746,0
19.0315170288086,0
21.0478839874268,0
23.3307418823242,0
21.9158687591553,0
18.8227100372314,0
19.7394390106201,0
25.7078018188477,0
32.1960487365723,0
37.1278610229492,0
44.3417587280273,0
56.3580474853516,0
68.4676513671875,0
74.3846435546875,0
74.6646347045898,0
74.6942291259766,0
76.2654342651367,0
76.3360214233398,0
73.4890441894531,0
70.2914505004883,0
68.2768859863281,0
65.1105651855469,0
58.7111778259277,0
50.8293914794922,0
44.3579711914062,0
39.6167106628418,0
35.343921661377,0
31.1959743499756,0
27.1593990325928,0
22.3279476165771,0
16.5148296356201,0
11.7356309890747,0
9.94792461395264,0
10.3266267776489,0
10.7233581542969,0
10.8409147262573,0
11.870322227478,0
13.764256477356,0
15.2365007400513,0
16.3151893615723,0
18.7229824066162,0
23.363883972168,0
29.077320098877,0
34.2769050598145,0
38.5085601806641,0
42.136646270752,0
45.7827491760254,0
50.356330871582,0
56.3437652587891,0
62.5872383117676,0
66.8180923461914,0
67.8572158813477,0
66.4687576293945,0
63.8805274963379,0
60.4686851501465,0
56.02392578125,0
50.0986633300781,0
41.8881950378418,0
31.2336273193359,0
20.2237014770508,0
12.1989212036133,0
8.25175762176514,0
6.12273454666138,0
3.5666389465332,0
1.23638868331909,0
0.749619781970978,0
1.42237722873688,0
1.14280784130096,0
-0.283911287784576,0
-0.947990238666534,0
0.243025198578835,0
2.56318879127502,0
5.34406757354736,0
8.62730979919434,0
11.5879764556885,0
12.587119102478,0
11.7727136611938,0
11.7054204940796,0
14.086820602417,0
17.3834400177002,0
19.0628700256348,0
18.7608108520508,0
17.552677154541,0
15.300350189209,0
10.9141817092896,0
4.78233289718628,0
-1.23362731933594,0
-6.36312961578369,0
-11.5594873428345,0
-17.078929901123,0
-21.2665824890137,0
-22.8489894866943,0
-23.0406894683838,0
-23.8345756530762,0
-24.8976287841797,0
-23.7537727355957,0
-18.9518508911133,0
-11.6464576721191,0
-3.77900958061218,0
3.9878261089325,0
11.8557615280151,0
19.5963973999023,0
26.8655014038086,0
34.0983581542969,0
41.6207580566406,0
48.080509185791,0
51.3980178833008,0
51.663257598877,0
51.5196685791016,0
52.6928825378418,0
53.379955291748,0
50.4919815063477,0
43.7613105773926,0
36.1090621948242,0
30.2738418579102,0
26.6356658935547,0
24.3891716003418,0
23.1683979034424,0
22.7400913238525,0
22.2847766876221,0
21.203369140625,0
20.3885173797607,0
21.818380355835,0
26.4844017028809,0
32.7473564147949,0
37.1182327270508,0
37.4182014465332,0
35.3765144348145,0
35.0693473815918,0
38.0144004821777,0
40.9846725463867,0
40.1659774780273,0
36.4418296813965,0
34.2310829162598,0
35.4384994506836,0
37.4010925292969,0
37.4886131286621,0
36.8739318847656,0
37.9886894226074,0
40.4923553466797,0
42.2412071228027,0
42.9881324768066,0
44.5225105285645,0
47.4448699951172,0
49.9274864196777,0
49.8587837219238,0
46.7942161560059,0
41.8427925109863,0
36.9801940917969,0
34.3542289733887,0
34.7546882629395,0
36.486255645752,0
36.8375930786133,0
34.8021240234375,0
31.4402923583984,0
27.7817897796631,0
23.7161331176758,0
19.0457153320312,0
14.2273778915405,0
9.5546293258667,0
4.60354042053223,0
-1.05661904811859,0
-7.38250350952148,0
-14.2702341079712,0
-21.4442596435547,0
-27.6229419708252,0
-30.9635963439941,0
-31.1432151794434,0
-30.2511806488037,0
-30.7190895080566,0
-32.6400718688965,0
-33.7598075866699,0
-32.0049324035645,0
-27.6333866119385,0
-22.9450263977051,0
-20.0620899200439,0
-18.9712219238281,0
-17.7852401733398,0
-14.9594945907593,0
-10.8389854431152,0
-6.65830516815186,0
-2.65216588973999,0
1.7880744934082,0
6.27104091644287,0
9.08375549316406,0
9.25587272644043,0
7.94189262390137,0
6.93958806991577,0
6.56508541107178,0
6.04158592224121,0
5.57968807220459,0
6.6874213218689,0
10.0116853713989,0
13.9281330108643,0
16.2033748626709,0
16.5799160003662,0
16.6833686828613,0
17.501953125,0
18.2179183959961,0
17.9986763000488,0
17.7066268920898,0
18.6547870635986,0
20.381103515625,0
21.1440277099609,0
20.5183410644531,0
20.0806732177734,0
21.1911773681641,0
23.2434329986572,0
24.613883972168,0
24.4507846832275,0
23.0145378112793,0
20.9758415222168,0
18.8632736206055,0
16.716438293457,0
14.1395378112793,0
11.3235721588135,0
9.9170970916748,0
11.8028221130371,0
16.7944602966309,0
22.5407752990723,0
26.831205368042,0
28.8460388183594,0
28.2012310028076,0
24.7237739562988,0
20.0043849945068,0
17.3354969024658,0
18.5175399780273,0
21.7100582122803,0
23.777738571167,0
23.9317970275879,0
23.7842597961426,0
24.6344051361084,0
26.2323780059814,0
27.7846660614014,0
28.6662521362305,0
28.2061920166016,0
26.1451416015625,0
23.6338558197021,0
22.7783889770508,0
24.6347827911377,0
28.1013870239258,0
31.1703910827637,0
33.0193138122559,0
34.5336685180664,0
36.8759078979492,0
40.0497856140137,0
43.2588691711426,0
46.2234535217285,0
49.1092796325684,0
51.1339263916016,0
50.7316436767578,0
47.8903694152832,0
44.8378753662109,0
43.0080947875977,0
40.7040557861328,0
35.7188911437988,0
28.9918365478516,0
22.9501304626465,0
17.1529655456543,0
9.33488082885742,0
1.05105602741241,0
-2.01827883720398,0
2.40177655220032,0
8.71310997009277,0
9.78737926483154,0
5.70281410217285,0
2.55616426467896,0
3.66232419013977,0
5.93642139434814,0
5.40541076660156,0
2.5866551399231,0
0.493663728237152,0
-0.141223847866058,0
-0.96275120973587,0
-2.46156048774719,0
-3.13060903549194,0
-2.37020611763,0
-2.04081726074219,0
-4.03504610061646,0
-7.59018278121948,0
-10.2299585342407,0
-10.6192598342896,0
-9.3094654083252,0
-7.26493740081787,0
-5.1580376625061,0
-4.0147442817688,0
-4.94825887680054,0
-7.71804761886597,0
-10.7688808441162,0
-13.3812847137451,0
-16.7449645996094,0
-22.0414257049561,0
-28.2893962860107,0
-33.1251220703125,0
-35.2921333312988,0
-35.4714736938477,0
-34.8962173461914,0
-33.9715614318848,0
-32.3759956359863,0
-30.1387519836426,0
-28.3763332366943,0
-28.5363140106201,0
-30.3735218048096,0
-31.1600189208984,0
-28.2164707183838,0
-22.2994499206543,0
-16.9539318084717,0
-14.0175256729126,0
-11.461597442627,0
-6.72226047515869,0
-0.467020571231842,0
4.68897771835327,0
7.93903684616089,0
10.5444326400757,0
12.987738609314,0
14.3252534866333,0
14.5519962310791,0
15.2996892929077,0
17.205638885498,0
18.2729606628418,0
16.1951141357422,0
11.3837089538574,0
6.49622058868408,0
3.5245246887207,0
2.438716173172,0
2.3901698589325,0
3.08194637298584,0
4.63245296478271,0
6.74452924728394,0
8.55520057678223,0
9.32992076873779,0
9.16202354431152,0
8.84250640869141,0
8.91079998016357,0
8.91224479675293,0
7.81073379516602,0
5.08482265472412,0
1.15365064144135,0
-3.17525887489319,0
-7.22505044937134,0
-10.4383430480957,0
-12.5443296432495,0
-14.1222248077393,0
-16.4305191040039,0
-19.9883136749268,0
-23.5746116638184,0
-25.4402656555176,0
-25.6392593383789,0
-26.3877067565918,0
-29.5590896606445,0
-34.320930480957,0
-38.1116790771484,0
-39.8340835571289,0
-40.9411888122559,0
-42.866138458252,0
-44.6115112304688,0
-44.3083572387695,0
-42.4649543762207,0
-41.5948677062988,0
-42.4535522460938,0
-42.9435424804688,0
-41.7879180908203,0
-40.9658813476562,0
-42.4867935180664,0
-44.7241325378418,0
-44.861255645752,0
-43.6505393981934,0
-44.1179733276367,0
-45.9933204650879,0
-45.6086006164551,0
-42.1084365844727,0
-39.5426902770996,0
-40.7809867858887,0
-43.110424041748,0
-42.7796287536621,0
-40.6807327270508,0
-39.7392921447754,0
-39.0355949401855,0
-34.9644584655762,0
-27.1921482086182,0
-19.2692222595215,0
-13.6486368179321,0
-9.99941444396973,0
-8.4648380279541,0
-10.4891748428345,0
-15.4911947250366,0
-20.3590431213379,0
-23.6978740692139,0
-27.5287628173828,0
-33.2413711547852,0
-38.7524795532227,0
-41.6149063110352,0
-42.4982452392578,0
-43.4289245605469,0
-44.519645690918,0
-44.5973930358887,0
-43.4982452392578,0
-41.6247215270996,0
-38.4882049560547,0
-33.7130317687988,0
-28.5132789611816,0
-24.4301071166992,0
-21.6408443450928,0
-20.1793918609619,0
-21.4500350952148,0
-26.196418762207,0
-31.8786277770996,0
-34.7400588989258,0
-34.3954849243164,0
-34.0522308349609,0
-35.9297103881836,0
-38.4946174621582,0
-38.6848449707031,0
-35.0508232116699,0
-28.1292858123779,0
-19.52707862854,0
-11.6463966369629,0
-6.81715536117554,0
-5.23754549026489,0
-4.42336845397949,0
-1.7966423034668,0
2.56309032440186,0
6.49758958816528,0
8.53015232086182,0
9.04113292694092,0
8.97290802001953,0
8.54023265838623,0
7.5926718711853,0
6.52667665481567,0
6.26419258117676,0
7.55379486083984,0
10.5753831863403,0
14.8884859085083,0
19.3362865447998,0
22.3917675018311,0
23.5076694488525,0
24.2082233428955,0
26.7875347137451,0
31.2654361724854,0
34.5236968994141,0
33.6111640930176,0
29.4701194763184,0
26.1359920501709,0
26.4229049682617,0
29.7392177581787,0
34.0956878662109,0
38.456672668457,0
42.3957023620605,0
45.0435752868652,0
45.7041358947754,0
44.62353515625,0
42.1015930175781,0
37.7582092285156,0
31.8137512207031,0
26.1349945068359,0
22.5258483886719,0
20.634744644165,0
19.0908088684082,0
18.0697479248047,0
18.6819171905518,0
19.8715381622314,0
18.2781829833984,0
12.3163566589355,0
4.9367208480835,0
0.952667832374573,0
2.25125932693481,0
6.63247346878052,0
10.8222417831421,0
13.474814414978,0
15.2504119873047,0
16.9781169891357,0
18.4111995697021,0
18.6799011230469,0
17.5406284332275,0
15.7360410690308,0
13.9485559463501,0
11.8507928848267,0
8.84099006652832,0
5.47685098648071,0
3.07500696182251,0
1.53691172599792,0
-1.17887938022614,0
-6.24750185012817,0
-11.5380163192749,0
-13.921760559082,0
-13.9551773071289,0
-15.7658061981201,0
-20.9191875457764,0
-24.7216682434082,0
-21.6199569702148,0
-13.2849016189575,0
-7.52898979187012,0
-8.54224395751953,0
-12.0108575820923,0
-12.0065698623657,0
-9.14669799804688,0
-8.14960765838623,0
-9.77687931060791,0
-10.3357973098755,0
-8.65740489959717,0
-8.19526767730713,0
-10.8106384277344,0
-13.1656522750854,0
-11.9704637527466,0
-9.13483238220215,0
-8.30037593841553,0
-8.93145751953125,0
-7.66824865341187,0
-3.91532301902771,0
-0.278607070446014,0
1.70272374153137,0
2.59208703041077,0
2.12856817245483,0
-1.06207311153412,0
-6.26414394378662,0
-10.3141832351685,0
-11.4656744003296,0
-11.1219806671143,0
-10.7736673355103,0
-9.64723491668701,0
-6.69262027740479,0
-2.75251603126526,0
0.90857070684433,0
4.62289094924927,0
9.05949306488037,0
12.8884420394897,0
13.3721904754639,0
9.16681385040283,0
1.84203016757965,0
-5.07146549224854,0
-8.45564937591553,0
-8.08491039276123,0
-7.22586965560913,0
-9.75138092041016,0
-16.0289344787598,0
-22.4773349761963,0
-25.6272354125977,0
-25.7081737518311,0
-25.7876987457275,0
-28.3281993865967,0
-33.1038436889648,0
-37.6478538513184,0
-39.2452812194824,0
-37.1440467834473,0
-33.0874786376953,0
-29.2366580963135,0
-26.0386753082275,0
-23.1200122833252,0
-21.3449687957764,0
-21.8558521270752,0
-23.422233581543,0
-23.4368019104004,0
-22.0388278961182,0
-22.6084384918213,0
-27.126314163208,0
-33.5094413757324,0
-38.933708190918,0
-43.3831367492676,0
-47.9793243408203,0
-51.8480453491211,0
-53.0312767028809,0
-51.2793655395508,0
-47.905345916748,0
-43.8442001342773,0
-39.4818649291992,0
-35.2077522277832,0
-30.5574626922607,0
-24.3117370605469,0
-17.2771987915039,0
-13.2132291793823,0
-14.5606088638306,0
-18.8090419769287,0
-21.9319896697998,0
-23.94944190979,0
-27.5457458496094,0
-32.2124710083008,0
-34.2329978942871,0
-32.826961517334,0
-31.8469905853271,0
-33.6975135803223,0
-35.3379135131836,0
-32.855541229248,0
-27.1957683563232,0
-22.4807586669922,0
-20.5478820800781,0
-19.9765377044678,0
-19.2454376220703,0
-18.1340713500977,0
-16.7288799285889,0
-15.4776592254639,0
-15.7866554260254,0
-18.3988456726074,0
-21.586051940918,0
-23.0687561035156,0
-23.28639793396,0
-24.3392219543457,0
-25.8825855255127,0
-24.9894180297852,0
-20.8335208892822,0
-16.8030910491943,0
-16.4004344940186,0
-19.0483589172363,0
-21.7813091278076,0
-23.5504150390625,0
-25.6945362091064,0
-28.9638557434082,0
-32.245964050293,0
-34.1934204101562,0
-34.4663734436035,0
-33.2600021362305,0
-31.0194282531738,0
-28.8267993927002,0
-27.6945533752441,0
-26.9399833679199,0
-24.3405723571777,0
-18.6537952423096,0
-11.4391965866089,0
-5.92117404937744,0
-4.38665866851807,0
-6.6269998550415,0
-10.0533409118652,0
-11.2397260665894,0
-8.62500667572021,0
-4.3979811668396,0
-2.65773963928223,0
-4.79944038391113,0
-7.69918251037598,0
-7.59485912322998,0
-4.73444843292236,0
-2.49703145027161,0
-2.65682220458984,0
-3.82708811759949,0
-4.61483860015869,0
-5.70704984664917,0
-7.73628711700439,0
-9.35784435272217,0
-9.39505481719971,0
-9.31546592712402,0
-11.1507692337036,0
-13.7614812850952,0
-13.8300304412842,0
-10.628607749939,0
-7.25768089294434,0
-6.35239267349243,0
-6.78851175308228,0
-6.03533029556274,0
-3.96344876289368,0
-2.38970637321472,0
-1.95869708061218,0
-1.57435739040375,0
-0.466714084148407,0
1.1518177986145,0
3.37652540206909,0
6.56312465667725,0
9.67023944854736,0
10.5849609375,0
8.94092082977295,0
7.02713346481323,0
6.90777635574341,0
8.15655612945557,0
9.67387676239014,0
12.0616931915283,0
16.0797348022461,0
19.8322162628174,0
20.2221622467041,0
17.2712001800537,0
14.6016864776611,0
15.024094581604,0
17.6979427337646,0
20.4454917907715,0
22.7435569763184,0
25.0638732910156,0
27.1393661499023,0
28.7635726928711,0
30.9194355010986,0
34.030330657959,0
36.0898590087891,0
34.7775192260742,0
30.8842849731445,0
27.4981689453125,0
26.2595844268799,0
26.7102794647217,0
28.867919921875,0
33.4607849121094,0
39.3506736755371,0
43.9691200256348,0
47.5025749206543,0
53.6042938232422,0
63.9688835144043,0
74.7685012817383,0
81.0627899169922,0
82.8678283691406,0
84.0252380371094,0
86.4351501464844,0
88.6200180053711,0
89.4606552124023,0
90.0383682250977,0
91.158935546875,0
91.6106872558594,0
90.0258941650391,0
86.8661727905273,0
83.5548477172852,0
80.6524353027344,0
77.5847320556641,0
73.518928527832,0
68.2204971313477,0
62.5730133056641,0
58.0859756469727,0
55.1800003051758,0
52.4005012512207,0
48.3816223144531,0
44.1435394287109,0
42.0948791503906,0
43.0160942077637,0
45.4884223937988,0
48.1674003601074,0
50.9499664306641,0
53.7024421691895,0
55.6201133728027,0
56.6751747131348,0
58.397388458252,0
62.1249351501465,0
67.0882263183594,0
71.0288391113281,0
72.4284439086914,0
71.641227722168,0
69.9870681762695,0
68.0331878662109,0
64.9207305908203,0
59.6597175598145,0
53.0428009033203,0
47.4547424316406,0
44.3020782470703,0
42.5384674072266,0
40.6251220703125,0
39.0335960388184,0
39.3699913024902,0
41.525089263916,0
43.3965187072754,0
43.5742568969727,0
42.8836479187012,0
42.8116188049316,0
43.3653907775879,0
42.8851432800293,0
39.406379699707,0
32.3147048950195,0
23.4634037017822,0
16.3367767333984,0
12.7635116577148,0
10.3646688461304,0
4.68063974380493,0
-5.69716453552246,0
-17.36061668396,0
-25.9970760345459,0
-30.7056560516357,0
-33.4554481506348,0
-35.6336555480957,0
-36.9669532775879,0
-37.3230972290039,0
-37.3984260559082,0
-36.9851036071777,0
-34.2753601074219,0
-28.3149299621582,0
-21.2694988250732,0
-16.5957279205322,0
-15.1123857498169,0
-14.4647083282471,0
-12.731954574585,0
-10.8272705078125,0
-10.3702392578125,0
-10.8002605438232,0
-10.3574981689453,0
-8.9263801574707,0
-7.75141763687134,0
-6.67181253433228,0
-3.95322275161743,0
0.791289091110229,0
5.69778442382812,0
9.46249961853027,0
12.9704513549805,0
16.828821182251,0
19.263729095459,0
18.6105060577393,0
16.7525272369385,0
17.6956081390381,0
22.9124069213867,0
30.024564743042,0
36.1429405212402,0
40.6492004394531,0
44.2204666137695,0
46.8982238769531,0
48.3437614440918,0
49.0279884338379,0
49.8266906738281,0
50.5958213806152,0
50.0344429016113,0
47.1039772033691,0
42.1865577697754,0
36.8616561889648,0
32.8772430419922,0
31.1867942810059,0
31.3061637878418,0
31.2457752227783,0
28.5927467346191,0
22.5438137054443,0
15.1122341156006,0
9.71552085876465,0
8.00088977813721,0
8.29301452636719,0
7.68904876708984,0
5.47686910629272,0
3.68612742424011,0
4.08303833007812,0
5.55834913253784,0
5.47610473632812,0
3.36018204689026,0
1.98326766490936,0
4.1068377494812,0
8.97004413604736,0
13.2398691177368,0
15.1613874435425,0
16.1818561553955,0
18.0943908691406,0
20.4500961303711,0
22.2086868286133,0
24.3465061187744,0
28.3897228240967,0
33.0100517272949,0
34.8742599487305,0
33.1870651245117,0
30.7093868255615,0
29.3029117584229,0
27.0562000274658,0
21.6127624511719,0
14.3243999481201,0
8.84622478485107,0
6.80356025695801,0
6.83858394622803,0
6.91544437408447,0
5.57685089111328,0
1.86546587944031,0
-3.76055860519409,0
-8.93871879577637,0
-11.8509464263916,0
-13.6668787002563,0
-16.5428886413574,0
-19.8648738861084,0
-20.9755020141602,0
-19.2453689575195,0
-16.5270481109619,0
-13.4499473571777,0
-8.46696472167969,0
-1.50429034233093,0
4.54221868515015,0
7.62259817123413,0
9.21208667755127,0
11.205735206604,0
12.6460962295532,0
12.1985893249512,0
11.856237411499,0
14.8160314559937,0
20.5854263305664,0
25.4267406463623,0
27.4535617828369,0
28.4203910827637,0
30.4125061035156,0
33.4738273620605,0
36.6763648986816,0
38.7587356567383,0
37.4539985656738,0
31.4520378112793,0
23.9511337280273,0
20.7896499633789,0
23.186939239502,0
25.4690322875977,0
22.4452056884766,0
16.1476593017578,0
12.1515026092529,0
11.8599843978882,0
12.5660495758057,0
13.3893928527832,0
16.155689239502,0
20.5212554931641,0
23.0649757385254,0
22.5393123626709,0
22.1563758850098,0
24.7329444885254,0
28.5116367340088,0
29.8389167785645,0
27.6648864746094,0
23.3664474487305,0
18.045238494873,0
12.179648399353,0
6.7260799407959,0
2.7100088596344,0
0.431967467069626,0
0.0733816921710968,0
1.86278653144836,0
4.67850017547607,0
6.1424446105957,0
5.56400442123413,0
5.32935333251953,0
7.70211935043335,0
11.480016708374,0
13.598240852356,0
13.0562562942505,0
11.4467802047729,0
10.3414325714111,0
9.94843101501465,0
9.90268802642822,0
9.75025177001953,0
8.86697196960449,0
7.17645835876465,0
5.69188213348389,0
5.37157106399536,0
5.97222280502319,0
6.92918014526367,0
8.4714822769165,0
10.7435302734375,0
12.9094581604004,0
14.5724039077759,0
16.9827423095703,0
21.1188640594482,0
25.6413345336914,0
28.7195701599121,0
30.7273654937744,0
32.6101417541504,0
32.6200141906738,0
28.0615539550781,0
20.1843528747559,0
13.7676906585693,0
10.9919090270996,0
8.97106170654297,0
4.73494672775269,0
-0.443127155303955,0
-3.73899555206299,0
-5.12671041488647,0
-6.3468451499939,0
-7.32151508331299,0
-6.42146301269531,0
-3.40277314186096,0
0.313058435916901,0
3.72501301765442,0
6.6196813583374,0
8.3961353302002,0
8.3936824798584,0
6.97490119934082,0
4.71514844894409,0
1.22174060344696,0
-3.52436137199402,0
-7.54209804534912,0
-8.78270053863525,0
-8.17772960662842,0
-8.44885063171387,0
-10.1531476974487,0
-11.3566074371338,0
-11.1985120773315,0
-10.9998378753662,0
-11.1762752532959,0
-9.76855754852295,0
-5.50929403305054,0
-0.320381760597229,0
2.95315194129944,0
3.9476215839386,0
4.46545314788818,0
5.96571969985962,0
8.82819175720215,0
13.0116500854492,0
17.7158718109131,0
21.0020389556885,0
21.3912715911865,0
19.6494789123535,0
17.7622127532959,0
16.4833641052246,0
15.1989288330078,0
13.8506441116333,0
13.2998313903809,0
13.5993518829346,0
13.5348806381226,0
12.5483865737915,0
11.7609128952026,0
12.0937519073486,0
12.4688777923584,0
11.3340921401978,0
9.60594081878662,0
10.6405458450317,0
16.8279228210449,0
26.8616600036621,0
36.6479644775391,0
42.5062065124512,0
43.4802284240723,0
41.2023048400879,0
37.938549041748,0
34.5809860229492,0
30.3683776855469,0
24.5738086700439,0
18.0994186401367,0
12.8489208221436,0
9.69302845001221,0
7.8198709487915,0
6.19999933242798,0
4.91574668884277,0
4.65088796615601,0
5.35504770278931,0
5.75673675537109,0
4.0115442276001,0
-0.922924876213074,0
-7.84367799758911,0
-13.4448404312134,0
-15.0598392486572,0
-13.428750038147,0
-11.6026697158813,0
-11.0215349197388,0
-10.3269691467285,0
-8.51844024658203,0
-7.11134099960327,0
-7.67162370681763,0
-9.05879974365234,0
-9.28362560272217,0
-8.83353137969971,0
-9.70541191101074,0
-11.9695062637329,0
-14.0251207351685,0
-15.9465951919556,0
-19.5919818878174,0
-24.9909324645996,0
-29.5681457519531,0
-32.0132522583008,0
-34.1603698730469,0
-37.3640937805176,0
-39.6030311584473,0
-38.7660331726074,0
-36.990062713623,0
-38.4829750061035,0
-43.5989074707031,0
-48.2432479858398,0
-49.6393890380859,0
-49.8911476135254,0
-52.3855476379395,0
-56.6940002441406,0
-59.206111907959,0
-58.0255851745605,0
-55.0682830810547,0
-52.9592819213867,0
-51.4741668701172,0
-48.2353401184082,0
-42.3286781311035,0
-35.8994026184082,0
-31.7463760375977,0
-30.1002712249756,0
-28.6399536132812,0
-25.6275024414062,0
-22.2222728729248,0
-21.1648368835449,0
-23.4254055023193,0
-26.7243270874023,0
-27.6451416015625,0
-25.1025791168213,0
-21.4040489196777,0
-19.6032104492188,0
-19.9790554046631,0
-19.8138122558594,0
-16.9483127593994,0
-12.705041885376,0
-10.2592496871948,0
-10.5281381607056,0
-11.0607109069824,0
-9.16343975067139,0
-4.752366065979,0
0.454557329416275,0
5.24393653869629,0
9.37446308135986,0
12.7060203552246,0
15.0398044586182,0
16.2778072357178,0
15.9245929718018,0
13.2859764099121,0
9.13492774963379,0
6.02848529815674,0
5.40412139892578,0
5.30032205581665,0
2.90533685684204,0
-1.27335977554321,0
-3.99294281005859,0
-3.70249342918396,0
-1.98928010463715,0
-0.621067583560944,0
0.197745949029922,0
0.157244175672531,0
-1.73158895969391,0
-4.8735876083374,0
-6.82231330871582,0
-6.82265186309814,0
-7.23563861846924,0
-9.5574951171875,0
-11.4086217880249,0
-10.1214208602905,0
-7.45935297012329,0
-7.51161623001099,0
-10.7774934768677,0
-13.6170063018799,0
-13.5206327438354,0
-11.8669500350952,0
-10.794114112854,0
-10.0059452056885,0
-8.00204181671143,0
-4.52469873428345,0
-0.179887846112251,0
5.11071681976318,0
11.5503091812134,0
17.8481578826904,0
21.7194023132324,0
22.3136653900146,0
21.3032131195068,0
21.09303855896,0
22.3050518035889,0
23.4631671905518,0
23.0917186737061,0
21.6557674407959,0
21.0693626403809,0
22.4215221405029,0
24.6177787780762,0
25.4611721038818,0
23.9281425476074,0
21.2019329071045,0
19.3297290802002,0
18.7701625823975,0
17.5756778717041,0
13.6516876220703,0
7.80983638763428,0
3.56452035903931,0
3.3900625705719,0
6.18819856643677,0
9.28913402557373,0
11.8003816604614,0
14.4351444244385,0
16.772928237915,0
16.7547435760498,0
13.162618637085,0
7.17623901367188,0
1.20616805553436,0
-2.69324350357056,0
-3.35639977455139,0
-1.02894282341003,0
2.34253311157227,0
4.77161550521851,0
6.57561826705933,0
9.73528289794922,0
14.6245679855347,0
18.9812145233154,0
20.7666873931885,0
20.4749393463135,0
19.6744575500488,0
18.7184352874756,0
17.1300945281982,0
15.0811710357666,0
13.0665168762207,0
10.8556566238403,0
8.05245113372803,0
5.1671290397644,0
3.03267908096313,0
1.66640532016754,0
0.736813306808472,0
0.569261252880096,0
1.46967744827271,0
2.43451523780823,0
1.77472651004791,0
-1.1220166683197,0
-5.66291189193726,0
-11.3348350524902,0
-17.8035469055176,0
-23.8536796569824,0
-27.81614112854,0
-29.630350112915,0
-31.3597755432129,0
-34.8925094604492,0
-39.7795066833496,0
-43.895191192627,0
-45.5965385437012,0
-44.6248245239258,0
-41.4641914367676,0
-36.7025566101074,0
-31.015100479126,0
-25.2811737060547,0
-20.6245555877686,0
-18.3667507171631,0
-19.4910182952881,0
-23.7001152038574,0
-29.2870960235596,0
-34.5282897949219,0
-39.1518821716309,0
-43.875675201416,0
-48.4771385192871,0
-51.1061782836914,0
-50.1140785217285,0
-46.202033996582,0
-41.9904747009277,0
-39.3742294311523,0
-37.9079475402832,0
-36.0116806030273,0
-33.0832595825195,0
-29.8078651428223,0
-26.8047561645508,0
-23.7988605499268,0
-20.1596450805664,0
-15.6974630355835,0
-10.9018650054932,0
-6.82597398757935,0
-4.54778337478638,0
-4.08690118789673,0
-4.01835584640503,0
-3.03021335601807,0
-1.79450821876526,0
-2.15017867088318,0
-4.21773099899292,0
-5.70033740997314,0
-4.83303833007812,0
-2.80729508399963,0
-1.97480773925781,0
-2.38241958618164,0
-1.61400234699249,0
2.03104162216187,0
7.5178337097168,0
12.4636478424072,0
15.4411010742188,0
16.3477821350098,0
15.2979364395142,0
12.1262998580933,0
7.04453182220459,0
1.18297278881073,0
-4.02725553512573,0
-8.02903842926025,0
-11.3132057189941,0
-14.2268362045288,0
-16.1523380279541,0
-16.5679378509521,0
-16.5280666351318,0
-17.8407135009766,0
-20.528657913208,0
-22.4157676696777,0
-22.0851821899414,0
-21.1761913299561,0
-22.3814754486084,0
-25.6941146850586,0
-28.2045345306396,0
-27.7273616790771,0
-25.2367572784424,0
-23.1699314117432,0
-22.4705200195312,0
-22.2323570251465,0
-21.5274906158447,0
-20.444896697998,0
-19.512378692627,0
-19.087911605835,0
-19.4215869903564,0
-20.4501361846924,0
-21.2116088867188,0
-20.2467613220215,0
-17.2317085266113,0
-13.7818117141724,0
-11.9073905944824,0
-11.7746047973633,0
-11.6358470916748,0
-10.0673561096191,0
-7.68171691894531,0
-6.22564315795898,0
-6.27421140670776,0
-6.35549688339233,0
-4.48580360412598,0
-0.137661710381508,0
5.83998918533325,0
13.11390209198,0
22.7046279907227,0
35.1657829284668,0
48.4689483642578,0
58.9905090332031,0
64.9969863891602,0
68.4547805786133,0
73.0567855834961,0
80.9106063842773,0
91.0558929443359,0
100.236145019531,0
104.941558837891,0
103.926956176758,0
99.4190139770508,0
94.9863891601562,0
91.7694854736328,0
87.9490814208984,0
82.3689880371094,0
76.7840805053711,0
73.0492324829102,0
69.8015594482422,0
64.3466415405273,0
56.9795913696289,0
50.7163696289062,0
46.7024269104004,0
42.4862251281738,0
35.6608276367188,0
27.0946731567383,0
19.2975616455078,0
13.2090530395508,0
8.15705966949463,0
3.90390539169312,0
0.890020489692688,0
-1.36310720443726,0
-4.50641965866089,0
-9.37979412078857,0
-14.4720087051392,0
-17.1154975891113,0
-16.2990226745605,0
-13.9335451126099,0
-13.0234851837158,0
-14.7642288208008,0
-17.9103374481201,0
-20.7756690979004,0
-22.7455711364746,0
-23.4396533966064,0
-21.8043346405029,0
-17.4646682739258,0
-12.2466955184937,0
-8.6749382019043,0
-7.10559463500977,0
-5.94615888595581,0
-4.81178569793701,0
-5.64414739608765,0
-9.81792163848877,0
-15.4480152130127,0
-18.8459815979004,0
-18.1741771697998,0
-14.7375993728638,0
-10.8618049621582,0
-7.24078226089478,0
-2.60446739196777,0
4.19498586654663,0
12.1397190093994,0
18.681245803833,0
22.566707611084,0
25.0878734588623,0
27.8136692047119,0
30.2972278594971,0
31.6290397644043,0
33.2375869750977,0
37.5154571533203,0
43.6525268554688,0
47.7411613464355,0
48.0901756286621,0
47.7401275634766,0
49.7360725402832,0
52.1089286804199,0
50.3893585205078,0
44.0196113586426,0
37.2780609130859,0
33.8122329711914,0
32.7459259033203,0
30.7955131530762,0
26.2050380706787,0
19.5271320343018,0
11.9416646957397,0
4.2130069732666,0
-3.08401107788086,0
-9.22578048706055,0
-13.3970899581909,0
-15.0914764404297,0
-14.7465047836304,0
-13.9216957092285,0
-14.3800077438354,0
-16.8878173828125,0
-21.0829200744629,0
-26.1851062774658,0
-31.3464660644531,0
-35.6329689025879,0
-38.409496307373,0
-39.7926368713379,0
-40.3957748413086,0
-40.8952026367188,0
-42.1191520690918,0
-44.7987747192383,0
-48.4498519897461,0
-51.2672157287598,0
-52.2859840393066,0
-52.9742164611816,0
-55.1603927612305,0
-57.9217567443848,0
-58.5923843383789,0
-56.8160858154297,0
-55.0914688110352,0
-54.4378662109375,0
-52.0555953979492,0
-45.2773246765137,0
-36.0726127624512,0
-29.0469913482666,0
-25.7462673187256,0
-23.5371990203857,0
-20.0687942504883,0
-16.2479496002197,0
-13.9374074935913,0
-12.7893781661987,0
-10.9186782836914,0
-7.63059616088867,0
-3.99225950241089,0
-1.06202948093414,0
1.36770761013031,0
4.2615761756897,0
8.11718559265137,0
12.2366199493408,0
15.1467819213867,0
16.1243057250977,0
16.2620410919189,0
17.256311416626,0
19.02024269104,0
19.5090160369873,0
17.2839164733887,0
13.1322536468506,0
8.54113674163818,0
3.83170509338379,0
-1.15964818000793,0
-5.74664402008057,0
-9.21891784667969,0
-12.1469459533691,0
-15.2443981170654,0
-17.6262874603271,0
-18.1035995483398,0
-17.7736339569092,0
-19.030101776123,0
-21.842004776001,0
-23.4699192047119,0
-22.8314437866211,0
-22.9517288208008,0
-27.3819561004639,0
-35.596508026123,0
-43.715145111084,0
-48.8664512634277,0
-51.0835762023926,0
-51.521728515625,0
-50.8267517089844,0
-49.4753494262695,0
-48.1510772705078,0
-47.0559692382812,0
-45.5758171081543,0
-43.1146354675293,0
-39.9765739440918,0
-37.3216667175293,0
-36.3484382629395,0
-37.1698913574219,0
-38.3422164916992,0
-38.2979316711426,0
-37.6840667724609,0
-39.0918312072754,0
-43.4441986083984,0
-47.9903259277344,0
-49.7028198242188,0
-49.5733375549316,0
-50.9052505493164,0
-53.7495040893555,0
-54.3271102905273,0
-50.8009605407715,0
-46.3505706787109,0
-44.4795951843262,0
-44.0073547363281,0
-41.7658576965332,0
-38.4128799438477,0
-37.6167297363281,0
-39.7224502563477,0
-40.1917304992676,0
-35.7383003234863,0
-29.0360736846924,0
-25.074197769165,0
-24.69651222229,0
-24.3299045562744,0
-21.2225589752197,0
-16.2078018188477,0
-11.0513744354248,0
-5.5561671257019,0
1.3271404504776,0
9.0591516494751,0
16.0235729217529,0
21.9425735473633,0
28.0587902069092,0
34.8347015380859,0
41.0600852966309,0
45.8046684265137,0
49.7436714172363,0
53.3412742614746,0
54.8859176635742,0
52.2072639465332,0
46.0815811157227,0
40.035758972168,0
36.2743873596191,0
33.3613090515137,0
28.8577766418457,0
22.9300594329834,0
17.8071880340576,0
14.2926549911499,0
10.67444896698,0
5.54139089584351,0
0.252550810575485,0
-2.60495162010193,0
-2.67457413673401,0
-2.41228270530701,0
-4.02195262908936,0
-7.00478172302246,0
-9.51892948150635,0
-11.16419506073,0
-12.9978675842285,0
-15.2576589584351,0
-16.9349613189697,0
-17.9637451171875,0
-20.0230255126953,0
-24.1337451934814,0
-28.9020652770996,0
-32.5041351318359,0
-35.2464332580566,0
-38.4963989257812,0
-41.8677520751953,0
-43.3252601623535,0
-41.820442199707,0
-38.2096672058105,0
-33.7500686645508,0
-29.3205833435059,0
-26.033727645874,0
-24.7199764251709,0
-24.301197052002,0
-22.2359352111816,0
-17.3617725372314,0
-11.2460241317749,0
-6.16056632995605,0
-2.75021743774414,0
-0.312074154615402,0
1.60712611675262,0
2.77746725082397,0
2.95632028579712,0
2.31603837013245,0
1.36403715610504,0
0.671765565872192,0
0.463806003332138,0
0.47535040974617,0
0.52840381860733,0
1.09874618053436,0
2.90733671188354,0
6.19054698944092,0
10.7687959671021,0
16.3079719543457,0
21.8932456970215,0
26.1240539550781,0
28.7714939117432,0
31.7284774780273,0
36.8484191894531,0
43.202091217041,0
48.1683197021484,0
51.1441497802734,0
54.1903686523438,0
58.5613250732422,0
62.657413482666,0
64.5922546386719,0
65.0997161865234,0
66.1147689819336,0
67.378662109375,0
66.3852691650391,0
61.6814613342285,0
54.7422065734863,0
48.1653480529785,0
42.9770584106445,0
38.1980323791504,0
32.3636054992676,0
24.8543148040771,0
16.1062049865723,0
7.19539785385132,0
-0.738522410392761,0
-7.11768770217896,0
-12.1988868713379,0
-16.5332260131836,0
-20.0878276824951,0
-22.2272796630859,0
-22.7241439819336,0
-22.2976455688477,0
-21.6095314025879,0
-20.0315227508545,0
-16.2040061950684,0
-9.91775989532471,0
-2.79521512985229,0
3.12279462814331,0
6.97946929931641,0
9.20391750335693,0
10.7421722412109,0
12.5771722793579,0
15.3446502685547,0
18.70237159729,0
21.336368560791,0
22.2706260681152,0
22.248649597168,0
23.3818817138672,0
27.1413974761963,0
32.6861305236816,0
37.2787780761719,0
38.5600242614746,0
36.5543556213379,0
33.3023376464844,0
30.4916210174561,0
27.9185657501221,0
24.5513191223145,0
20.3724403381348,0
16.3372688293457,0
13.068829536438,0
10.8260202407837,0
10.5198469161987,0
13.1625394821167,0
17.8730449676514,0
21.8695373535156,0
23.3575859069824,0
23.4011650085449,0
23.9481773376465,0
24.9292087554932,0
24.6491947174072,0
22.5986061096191,0
20.4761486053467,0
20.3131618499756,0
22.5602245330811,0
26.1684226989746,0
29.7065906524658,0
32.1354713439941,0
33.1440544128418,0
33.05615234375,0
32.0787124633789,0
29.6818065643311,0
25.2799396514893,0
19.513126373291,0
14.1235599517822,0
10.326153755188,0
7.84726524353027,0
5.69251489639282,0
3.16788029670715,0
-0.0794350951910019,0
-4.1919412612915,0
-8.69594287872314,0
-12.5227165222168,0
-14.9912099838257,0
-16.3807525634766,0
-17.1964435577393,0
-17.4765758514404,0
-17.2505645751953,0
-16.9280948638916,0
-16.6245899200439,0
-15.9395761489868,0
-15.2674932479858,0
-16.4488582611084,0
-20.8186206817627,0
-27.1329574584961,0
-32.7927055358887,0
-36.7463989257812,0
-39.6899452209473,0
-41.6342010498047,0
-41.1150665283203,0
-37.2577171325684,0
-31.2090282440186,0
-24.9996280670166,0
-20.0691318511963,0
-17.0813102722168,0
-15.7767057418823,0
-14.6937675476074,0
-12.6114149093628,0
-10.7159309387207,0
-11.5394744873047,0
-15.0943164825439,0
-18.2573165893555,0
-19.2578639984131,0
-20.3529930114746,0
-23.7962112426758,0
-27.3052959442139,0
-26.8669128417969,0
-22.8693923950195,0
-19.5917568206787,0
-18.7025146484375,0
-17.34006690979,0
-13.6605882644653,0
-10.1282711029053,0
-8.75155639648438,0
-6.51941871643066,0
0.557954609394073,0
10.9144878387451,0
19.2333011627197,0
23.9198837280273,0
28.2207508087158,0
33.5571708679199,0
36.5562477111816,0
34.8792686462402,0
32.0102653503418,0
32.720947265625,0
36.3006973266602,0
38.2151222229004,0
37.080207824707,0
35.8180503845215,0
36.1206130981445,0
35.8604393005371,0
32.9388771057129,0
28.197732925415,0
22.8928928375244,0
16.2974872589111,0
8.07656288146973,0
0.673951208591461,0
-3.42485642433167,0
-5.34846687316895,0
-8.08606052398682,0
-12.1124744415283,0
-15.5753393173218,0
-18.3014297485352,0
-22.5062618255615,0
-29.0426120758057,0
-35.613166809082,0
-39.7415580749512,0
-41.3751258850098,0
-41.3834838867188,0
-39.603458404541,0
-36.2037582397461,0
-33.3539695739746,0
-33.0483856201172,0
-33.7518272399902,0
-31.4939613342285,0
-24.6870727539062,0
-16.248571395874,0
-10.3327312469482,0
-8.14997959136963,0
-7.73947381973267,0
-6.89493656158447,0
-5.17507410049438,0
-3.22488069534302,0
-1.11951589584351,0
1.96497082710266,0
6.44312524795532,0
11.1991672515869,0
14.5025987625122,0
16.1983108520508,0
18.1117668151855,0
21.5245399475098,0
25.0467128753662,0
26.3972644805908,0
25.8994998931885,0
26.1897487640381,0
27.9652786254883,0
28.2650051116943,0
24.6975536346436,0
19.6999530792236,0
17.9468688964844,0
20.1679782867432,0
22.5541610717773,0
22.6568355560303,0
22.5785675048828,0
24.5275859832764,0
26.1277122497559,0
23.4403781890869,0
17.1530437469482,0
11.9802703857422,0
10.0943927764893,0
8.94943618774414,0
6.5283784866333,0
4.95611524581909,0
6.54697036743164,0
9.22013664245605,0
9.18495941162109,0
6.5095362663269,0
4.50451755523682,0
4.32383298873901,0
3.78202080726624,0
1.75297999382019,0
0.331393599510193,0
1.43772685527802,0
3.97277402877808,0
5.92816638946533,0
7.21726608276367,0
8.61133003234863,0
9.45415687561035,0
8.4329891204834,0
5.80250692367554,0
3.19197106361389,0
1.62216472625732,0
0.881924867630005,0
0.440095365047455,0
0.0330411680042744,0
-0.24634025990963,0
0.17953260242939,0
1.79105639457703,0
3.83430886268616,0
4.78028440475464,0
4.41701126098633,0
4.0708384513855,0
3.93982291221619,0
1.98273420333862,0
-3.03854823112488,0
-9.05709743499756,0
-13.2880477905273,0
-16.0284576416016,0
-19.4898567199707,0
-23.7835960388184,0
-26.8203449249268,0
-27.8400344848633,0
-28.2128963470459,0
-28.6318740844727,0
-28.3762626647949,0
-27.8895378112793,0
-29.0986518859863,0
-31.9645709991455,0
-33.5163459777832,0
-32.1004219055176,0
-30.0728168487549,0
-29.9318714141846,0
-29.9628124237061,0
-26.8196849822998,0
-21.1438102722168,0
-17.2242469787598,0
-17.3312282562256,0
-19.4677238464355,0
-20.9893226623535,0
-21.4408092498779,0
-20.9182205200195,0
-18.4729022979736,0
-13.9104661941528,0
-9.17687129974365,0
-6.03143262863159,0
-3.70266938209534,0
-0.61211359500885,0
2.79979634284973,0
4.9529013633728,0
6.0082106590271,0
7.79138851165771,0
11.1054821014404,0
14.8718662261963,0
17.7833938598633,0
19.204273223877,0
18.6814422607422,0
16.4357681274414,0
14.3403406143188,0
14.3269386291504,0
15.3237991333008,0
13.8007106781006,0
8.32480430603027,0
1.80734825134277,0
-2.06711316108704,0
-3.17508172988892,0
-4.23870134353638,0
-7.043044090271,0
-11.1737260818481,0
-15.6588020324707,0
-19.7497386932373,0
-22.2101154327393,0
-21.8204460144043,0
-19.1177921295166,0
-16.2562580108643,0
-14.6039571762085,0
-13.5734195709229,0
-12.2114658355713,0
-10.6529340744019,0
-9.30716514587402,0
-7.90712976455688,0
-6.53444147109985,0
-6.56359815597534,0
-8.99574947357178,0
-12.3422613143921,0
-13.928050994873,0
-13.3837366104126,0
-13.1150741577148,0
-14.7528438568115,0
-16.8622932434082,0
-17.3589305877686,0
-16.6770629882812,0
-16.6105365753174,0
-16.8865203857422,0
-15.3469495773315,0
-11.6681203842163,0
-8.50857448577881,0
-7.97114896774292,0
-8.90614318847656,0
-9.21749114990234,0
-9.17259311676025,0
-10.3567504882812,0
-12.5078344345093,0
-13.981897354126,0
-14.9943408966064,0
-17.5623893737793,0
-21.6714038848877,0
-24.2615661621094,0
-23.5297088623047,0
-21.8994770050049,0
-22.3767910003662,0
-23.572151184082,0
-21.3840427398682,0
-15.2031135559082,0
-9.3232536315918,0
-7.40620279312134,0
-8.11429405212402,0
-7.75133466720581,0
-5.28698062896729,0
-2.66935110092163,0
-1.22900259494781,0
-0.0746897011995316,0
1.9957263469696,0
4.86451959609985,0
7.88859558105469,0
11.0327796936035,0
14.4884576797485,0
17.8948936462402,0
20.5734710693359,0
22.232931137085,0
23.1986541748047,0
24.2698669433594,0
26.3803596496582,0
29.8484115600586,0
33.7958946228027,0
36.8173789978027,0
38.3559646606445,0
38.8130302429199,0
38.1472396850586,0
35.276741027832,0
29.5322875976562,0
21.9991436004639,0
14.4701194763184,0
7.51385259628296,0
0.724863708019257,0
-5.38752365112305,0
-9.42889595031738,0
-11.5492849349976,0
-14.1617202758789,0
-18.8760871887207,0
-23.9586715698242,0
-26.7521171569824,0
-27.8542804718018,0
-30.4303894042969,0
-35.354679107666,0
-39.7345161437988,0
-41.1432304382324,0
-40.7126541137695,0
-40.4156723022461,0
-39.6927261352539,0
-37.124195098877,0
-33.4882202148438,0
-30.2584095001221,0
-26.4768295288086,0
-20.391637802124,0
-13.3479652404785,0
-8.49835681915283,0
-5.90007734298706,0
-2.61548686027527,0
1.98138427734375,0
4.89719200134277,0
4.60619592666626,0
3.60833430290222,0
3.98980164527893,0
3.93647313117981,0
1.36978244781494,0
-1.82799625396729,0
-2.51428818702698,0
-1.27282214164734,0
-1.3700647354126,0
-3.92403030395508,0
-7.25543737411499,0
-10.3050394058228,0
-13.587628364563,0
-16.9047431945801,0
-19.0012378692627,0
-19.9640636444092,0
-21.6947784423828,0
-25.347677230835,0
-29.9443817138672,0
-33.8894958496094,0
-36.3223304748535,0
-36.7795562744141,0
-35.2647132873535,0
-33.1478042602539,0
-32.3986358642578,0
-33.2311859130859,0
-33.8389854431152,0
-33.1050567626953,0
-32.1779747009277,0
-32.4872894287109,0
-33.5954399108887,0
-34.4092674255371,0
-35.5455093383789,0
-38.7174301147461,0
-43.9758262634277,0
-49.2256889343262,0
-52.9085502624512,0
-55.8472633361816,0
-59.5884399414062,0
-63.8325805664062,0
-66.6873626708984,0
-67.1539916992188,0
-66.2142105102539,0
-65.3526916503906,0
-65.0446319580078,0
-65.1089401245117,0
-65.5802688598633,0
-66.4179611206055,0
-67.0301742553711,0
-67.1569976806641,0
-67.9434509277344,0
-70.9901733398438,0
-76.2031097412109,0
-81.5904846191406,0
-85.5868453979492,0
-88.7237167358398,0
-92.3985061645508,0
-96.7153549194336,0
-100.456687927246,0
-102.824783325195,0
-104.126007080078,0
-104.612663269043,0
-103.720611572266,0
-101.152565002441,0
-97.980354309082,0
-95.519775390625,0
-93.2488632202148,0
-89.1541366577148,0
-82.6719436645508,0
-76.1031112670898,0
-71.9677352905273,0
-69.7602157592773,0
-66.9102554321289,0
-62.6575775146484,0
-59.0542221069336,0
-57.6903381347656,0
-57.3103065490723,0
-55.8265647888184,0
-53.2398529052734,0
-51.0470542907715,0
-49.7438430786133,0
-48.5380973815918,0
-46.952320098877,0
-45.2174530029297,0
-43.5280570983887,0
-42.2470169067383,0
-42.1982154846191,0
-43.1944427490234,0
-43.0433959960938,0
-40.0532379150391,0
-35.9237365722656,0
-33.6507225036621,0
-32.8715324401855,0
-30.3876457214355,0
-25.6975688934326,0
-22.452880859375,0
-22.8008785247803,0
-23.5496616363525,0
-20.670783996582,0
-15.2781314849854,0
-11.9876861572266,0
-12.735125541687,0
-15.2839660644531,0
-17.0216293334961,0
-17.2319850921631,0
-15.9656229019165,0
-13.5427618026733,0
-11.2898197174072,0
-10.2808237075806,0
-9.26392364501953,0
-6.32125377655029,0
-2.59804511070251,0
-1.35467660427094,0
-2.66623473167419,0
-2.3472945690155,0
2.17758798599243,0
7.83905124664307,0
10.2274217605591,0
9.63375759124756,0
9.56242656707764,0
10.5223197937012,0
9.12405490875244,0
3.73347854614258,0
-2.2948431968689,0
-4.6865816116333,0
-3.43789982795715,0
-1.94865489006042,0
-2.23664736747742,0
-3.27179050445557,0
-3.71593475341797,0
-3.9209189414978,0
-4.33503246307373,0
-3.76940059661865,0
-1.07520377635956,0
2.17979955673218,0
2.72710299491882,0
-0.413881659507751,0
-4.59952020645142,0
-6.99888801574707,0
-7.9738507270813,0
-9.74444389343262,0
-12.7064924240112,0
-14.8774061203003,0
-14.8038368225098,0
-13.3553400039673,0
-12.3249979019165,0
-12.5789985656738,0
-13.9790735244751,0
-15.7988033294678,0
-16.541353225708,0
-14.6099510192871,0
-10.2256860733032,0
-5.76888799667358,0
-3.05003905296326,0
-0.9871706366539,0
2.58930611610413,0
7.28362560272217,0
10.0689725875854,0
9.20682621002197,0
6.71626424789429,0
6.07469844818115,0
8.51108360290527,0
12.6331224441528,0
16.9276332855225,0
21.1468658447266,0
25.3372936248779,0
29.0322685241699,0
32.0648956298828,0
35.1188888549805,0
38.5093727111816,0
41.1063461303711,0
41.6595458984375,0
40.8982734680176,0
40.9550476074219,0
42.4997406005859,0
43.8072929382324,0
43.4097671508789,0
42.5026550292969,0
43.3992233276367,0
46.1331024169922,0
48.0395851135254,0
46.8283271789551,0
42.982666015625,0
38.8140068054199,0
36.0231895446777,0
34.590087890625,0
33.2964973449707,0
30.7855892181396,0
26.6522617340088,0
22.076623916626,0
19.0525665283203,0
18.5372352600098,0
19.6724681854248,0
21.1682395935059,0
22.8788051605225,0
25.3289833068848,0
28.1972846984863,0
30.3865051269531,0
31.5834789276123,0
32.6216163635254,0
33.9234466552734,0
34.5699348449707,0
33.4847869873047,0
30.5873508453369,0
26.0145130157471,0
19.3607044219971,0
11.1291666030884,0
4.02554273605347,0
0.690811455249786,0
0.342916995286942,0
-0.0722179263830185,0
-1.27409076690674,0
-1.05497753620148,0
0.744831264019012,0
0.105162560939789,0
-5.56521940231323,0
-12.3385276794434,0
-14.2353315353394,0
-11.3623161315918,0
-9.12916469573975,0
-9.70718479156494,0
-9.27289390563965,0
-4.94925832748413,0
0.420614659786224,0
3.20964908599854,0
4.6395149230957,0
7.62396240234375,0
11.0137348175049,0
11.6439542770386,0
10.4338321685791,0
11.5439834594727,0
15.83948802948,0
19.8171882629395,0
21.4830780029297,0
22.8074035644531,0
25.0412864685059,0
26.0043525695801,0
24.5952796936035,0
24.337890625,0
28.8120002746582,0
35.8206253051758,0
39.8740386962891,0
39.2637367248535,0
37.0704727172852,0
35.7670822143555,0
34.5991325378418,0
32.6757316589355,0
31.0515995025635,0
30.3593940734863,0
29.3087272644043,0
27.4931125640869,0
27.3693389892578,0
30.9606971740723,0
36.0677757263184,0
38.4793815612793,0
37.4297370910645,0
36.3679656982422,0
38.1655769348145,0
41.7070159912109,0
43.8860816955566,0
43.3440971374512,0
41.3800735473633,0
40.3573379516602,0
42.0245132446289,0
46.3689575195312,0
51.1592979431152,0
53.3691711425781,0
52.0885200500488,0
49.6452026367188,0
49.0062446594238,0
50.3964614868164,0
51.3542633056641,0
49.9136810302734,0
46.6650848388672,0
43.4025573730469,0
40.6887435913086,0
37.6242866516113,0
33.7070960998535,0
29.8657207489014,0
27.1556034088135,0
25.0761299133301,0
22.1311054229736,0
18.0561542510986,0
14.5686120986938,0
13.4160747528076,0
14.2397689819336,0
14.9337139129639,0
13.8311519622803,0
11.1399908065796,0
8.45904636383057,0
7.08714151382446,0
6.52892780303955,0
4.85076522827148,0
1.34933161735535,0
-1.36917150020599,0
0.317097932100296,0
6.13840436935425,0
11.3062715530396,0
12.172155380249,0
10.6713590621948,0
11.0945501327515,0
14.1184921264648,0
16.9782009124756,0
18.5887336730957,0
20.849235534668,0
24.5240154266357,0
27.3295612335205,0
27.611701965332,0
27.2141990661621,0
28.6035957336426,0
30.9015865325928,0
30.947452545166,0
27.4023971557617,0
21.9399795532227,0
16.7281875610352,0
12.2666873931885,0
7.91808366775513,0
3.68482112884521,0
0.857441186904907,0
0.611029624938965,0
1.97441756725311,0
2.15679168701172,0
-0.141717672348022,0
-2.6687433719635,0
-2.59222316741943,0
-0.956466138362885,0
-1.83149552345276,0
-6.88335227966309,0
-13.2650003433228,0
-17.682991027832,0
-20.2181148529053,0
-22.8295040130615,0
-26.1170921325684,0
-29.2162914276123,0
-31.3328800201416,0
-31.7403507232666,0
-29.5879993438721,0
-25.3766326904297,0
-21.5322647094727,0
-19.9143142700195,0
-19.6332912445068,0
-18.6409130096436,0
-16.346134185791,0
-13.2618522644043,0
-9.48873043060303,0
-5.49888849258423,0
-3.19719648361206,0
-3.79502940177917,0
-5.34031105041504,0
-4.90888547897339,0
-3.0205705165863,0
-3.2896134853363,0
-7.39055490493774,0
-12.8473377227783,0
-16.6456165313721,0
-18.8278656005859,0
-21.1669273376465,0
-24.0295562744141,0
-26.3719787597656,0
-27.9339542388916,0
-29.6101093292236,0
-31.6743259429932,0
-32.9018058776855,0
-31.8383255004883,0
-28.4028930664062,0
-24.0545959472656,0
-20.6540813446045,0
-19.1077690124512,0
-18.739673614502,0
-17.8902797698975,0
-15.412428855896,0
-11.7745866775513,0
-8.55278968811035,0
-6.63718938827515,0
-5.11056423187256,0
-2.35720157623291,0
1.71238791942596,0
5.30522680282593,0
7.09000730514526,0
8.05538177490234,0
9.9298620223999,0
12.3200025558472,0
13.0432224273682,0
11.3156433105469,0
8.84451770782471,0
7.30294132232666,0
6.64114189147949,0
6.90614891052246,0
9.66433429718018,0
15.5848169326782,0
21.985013961792,0
25.2674903869629,0
25.2435035705566,0
24.6421871185303,0
24.5856170654297,0
23.2994899749756,0
19.8250331878662,0
16.1505641937256,0
13.9937086105347,0
11.6267890930176,0
6.26346111297607,0
-1.54424715042114,0
-8.37412738800049,0
-12.5394468307495,0
-15.9474687576294,0
-20.8820419311523,0
-26.7889766693115,0
-31.282470703125,0
-33.0926742553711,0
-32.7561073303223,0
-31.0495204925537,0
-28.0648994445801,0
-23.8415489196777,0
-18.9350490570068,0
-13.9785795211792,0
-9.15400218963623,0
-4.45048666000366,0
-0.244067370891571,0
2.71413993835449,0
4.00890588760376,0
4.16599798202515,0
4.27691888809204,0
4.81348705291748,0
5.0541353225708,0
4.13338327407837,0
2.52286624908447,0
1.77904307842255,0
2.68131279945374,0
4.37767171859741,0
5.79012203216553,0
7.13719606399536,0
9.33489513397217,0
12.3566188812256,0
15.0253639221191,0
16.2928409576416,0
16.0934219360352,0
15.0544595718384,0
13.9071760177612,0
13.0624141693115,0
12.3341979980469,0
11.2959089279175,0
10.1996746063232,0
9.90672302246094,0
10.2745676040649,0
9.42891216278076,0
5.85196256637573,0
0.708421051502228,0
-3.36775350570679,0
-5.63522863388062,0
-7.75531196594238,0
-10.7361650466919,0
-13.1832437515259,0
-13.4987592697144,0
-12.2928342819214,0
-11.1400537490845,0
-9.86846542358398,0
-6.83686113357544,0
-1.80960738658905,0
2.95951724052429,0
5.09948301315308,0
4.81475257873535,0
4.64484786987305,0
6.83989286422729,0
11.2915630340576,0
15.8564653396606,0
18.4704837799072,0
19.0539970397949,0
19.5302467346191,0
21.9112682342529,0
26.1961212158203,0
30.2068748474121,0
31.756721496582,0
31.0193614959717,0
30.3725643157959,0
31.6797065734863,0
34.3046264648438,0
36.5087738037109,0
38.2369155883789,0
41.0582275390625,0
45.2420310974121,0
48.700740814209,0
49.8919105529785,0
50.2279510498047,0
51.8505592346191,0
54.0160293579102,0
53.8195037841797,0
50.0575790405273,0
44.0775947570801,0
36.8586044311523,0
27.9726905822754,0
18.3026065826416,0
11.108437538147,0
8.38242435455322,0
7.78710651397705,0
5.34496164321899,0
0.228981584310532,0
-5.00306081771851,0
-8.15362453460693,0
-9.35304546356201,0
-9.69860553741455,0
-9.96280574798584,0
-10.7892551422119,0
-12.5287351608276,0
-14.5386962890625,0
-15.8022260665894,0
-16.304292678833,0
-16.6626129150391,0
-16.5234050750732,0
-14.7246265411377,0
-11.1892681121826,0
-7.39241647720337,0
-4.74371242523193,0
-3.53439831733704,0
-3.39376997947693,0
-3.57198929786682,0
-2.9352343082428,0
-1.09658122062683,0
0.60292387008667,0
0.781811356544495,0
0.333128899335861,0
0.971590220928192,0
1.70080721378326,0
-0.437270939350128,0
-5.57247161865234,0
-10.1484327316284,0
-12.306658744812,0
-14.9434490203857,0
-20.8348121643066,0
-27.362735748291,0
-29.6310653686523,0
-27.320894241333,0
-24.6730728149414,0
-24.2136344909668,0
-24.3081760406494,0
-23.3441352844238,0
-22.7126312255859,0
-24.1345233917236,0
-26.7206287384033,0
-28.5597667694092,0
-29.4284744262695,0
-30.2522983551025,0
-31.305082321167,0
-32.5387649536133,0
-34.5575714111328,0
-37.7156143188477,0
-41.0753173828125,0
-43.5599822998047,0
-45.301887512207,0
-46.6047515869141,0
-46.5390930175781,0
-44.1697158813477,0
-40.6149749755859,0
-38.347583770752,0
-38.6751976013184,0
-41.0232963562012,0
-44.189395904541,0
-47.0392875671387,0
-48.4894676208496,0
-48.2338333129883,0
-47.1596183776855,0
-45.786506652832,0
-42.8926162719727,0
-37.2648506164551,0
-30.2324256896973,0
-24.4894428253174,0
-20.642391204834,0
-17.053050994873,0
-13.1931982040405,0
-10.8929319381714,0
-11.6117820739746,0
-14.3822441101074,0
-17.2592926025391,0
-19.1911239624023,0
-19.7715721130371,0
-18.8605918884277,0
-17.4310455322266,0
-17.3950424194336,0
-19.6458702087402,0
-23.3457279205322,0
-27.621395111084,0
-32.5506973266602,0
-37.9964027404785,0
-43.1250915527344,0
-47.7055969238281,0
-52.1211967468262,0
-55.4679718017578,0
-55.852954864502,0
-53.7657470703125,0
-52.9058418273926,0
-55.800422668457,0
-60.2890167236328,0
-62.2781982421875,0
-60.6055221557617,0
-57.3143196105957,0
-54.447135925293,0
-52.6274223327637,0
-51.7199363708496,0
-50.6980438232422,0
-47.5732040405273,0
-41.5483131408691,0
-34.7952308654785,0
-30.2612113952637,0
-28.1603889465332,0
-26.3425045013428,0
-23.5132122039795,0
-20.1595706939697,0
-16.8387508392334,0
-13.7834424972534,0
-12.0574312210083,0
-12.8538513183594,0
-15.3708953857422,0
-17.3611831665039,0
-18.179349899292,0
-19.4490833282471,0
-22.2833042144775,0
-25.7570705413818,0
-28.8415241241455,0
-31.9902648925781,0
-35.7582130432129,0
-39.5138854980469,0
-42.9291915893555,0
-47.4833984375,0
-54.8438758850098,0
-64.3466873168945,0
-73.3811798095703,0
-79.8523864746094,0
-83.2311706542969,0
-83.7711563110352,0
-82.0682830810547,0
-79.3014755249023,0
-76.7690353393555,0
-75.0114288330078,0
-73.9927444458008,0
-73.8335189819336,0
-74.4296112060547,0
-74.5813140869141,0
-72.7337493896484,0
-68.9064254760742,0
-65.0959930419922,0
-63.4974212646484,0
-64.8475723266602,0
-68.3830871582031,0
-72.5186080932617,0
-75.5198135375977,0
-76.5373992919922,0
-76.3199462890625,0
-76.1745223999023,0
-76.1753311157227,0
-75.4046249389648,0
-74.0024185180664,0
-73.5102310180664,0
-74.5949325561523,0
-75.7905197143555,0
-75.3963088989258,0
-73.4999008178711,0
-71.2038040161133,0
-68.9900360107422,0
-66.8951721191406,0
-65.0850067138672,0
-62.9045829772949,0
-58.5243110656738,0
-51.2641067504883,0
-43.4161605834961,0
-37.8669853210449,0
-34.5030784606934,0
-30.9804458618164,0
-26.6667156219482,0
-23.5751686096191,0
-23.3046493530273,0
-25.2188491821289,0
-28.0595569610596,0
-31.3078060150146,0
-34.3071212768555,0
-36.0317115783691,0
-36.7091865539551,0
-38.0055541992188,0
-40.6155433654785,0
-43.2459678649902,0
-44.9295120239258,0
-46.495964050293,0
-48.3557739257812,0
-48.7154922485352,0
-46.1554985046387,0
-42.7225341796875,0
-41.9873008728027,0
-44.530933380127,0
-47.6593894958496,0
-49.4061317443848,0
-50.3709526062012,0
-51.1644096374512,0
-50.50830078125,0
-47.3728981018066,0
-43.4674491882324,0
-41.812572479248,0
-43.3385391235352,0
-46.166145324707,0
-47.9358291625977,0
-47.7239646911621,0
-45.894214630127,0
-43.4416275024414,0
-41.9279556274414,0
-42.9601898193359,0
-46.6814422607422,0
-51.0482788085938,0
-53.4533538818359,0
-53.1243133544922,0
-51.2921676635742,0
-49.0320930480957,0
-46.0209007263184,0
-42.0268402099609,0
-38.5178680419922,0
-37.2859153747559,0
-37.7649269104004,0
-37.3544082641602,0
-34.742000579834,0
-31.3700294494629,0
-28.8744373321533,0
-26.6414260864258,0
-23.3093967437744,0
-19.457124710083,0
-16.7628059387207,0
-14.9293451309204,0
-11.6102104187012,0
-5.79543685913086,0
0.499232202768326,0
4.75020027160645,0
6.80016231536865,0
8.19146537780762,0
9.59053611755371,0
10.1236753463745,0
8.97013187408447,0
6.59098339080811,0
4.14716386795044,0
2.09207129478455,0
-0.381509959697723,0
-4.27299165725708,0
-9.08197212219238,0
-12.8083620071411,0
-14.3679237365723,0
-15.4370975494385,0
-18.557788848877,0
-23.5291919708252,0
-27.3002223968506,0
-27.8557319641113,0
-26.552734375,0
-25.6309032440186,0
-24.8373928070068,0
-22.0003681182861,0
-16.1390113830566,0
-8.53457546234131,0
-1.10598456859589,0
4.95115518569946,0
9.03566360473633,0
10.9172592163086,0
11.0320959091187,0
10.3621006011963,0
9.64749526977539,0
8.84455680847168,0
7.44461679458618,0
5.4561882019043,0
4.17795658111572,0
5.38139533996582,0
8.89076042175293,0
11.6134452819824,0
10.6150693893433,0
6.98863744735718,0
4.53406190872192,0
4.22355890274048,0
2.63269400596619,0
-2.72694540023804,0
-9.14683723449707,0
-12.2856969833374,0
-12.018159866333,0
-11.5628061294556,0
-12.0066413879395,0
-11.4581861495972,0
-9.56202983856201,0
-8.90570735931396,0
-10.545205116272,0
-11.3372745513916,0
-8.06159400939941,0
-2.11747789382935,0
2.469477891922,0
4.50740003585815,0
6.38937091827393,0
9.71818733215332,0
12.9177932739258,0
14.0570640563965,0
13.9477825164795,0
14.7276306152344,0
16.4495544433594,0
17.0978717803955,0
15.9402685165405,0
14.9788570404053,0
16.2664070129395,0
19.2109603881836,0
21.8559608459473,0
23.819242477417,0
26.1483993530273,0
28.617504119873,0
29.2758274078369,0
27.304162979126,0
24.6469402313232,0
23.6267929077148,0
23.8801918029785,0
22.8012294769287,0
18.6106300354004,0
12.2136859893799,0
6.27876663208008,0
2.87106275558472,0
1.63805305957794,0
0.232081726193428,0
-2.85343599319458,0
-6.01846551895142,0
-6.35221195220947,0
-3.79414629936218,0
-1.76159155368805,0
-2.84948110580444,0
-5.68343639373779,0
-7.46164798736572,0
-8.03359508514404,0
-9.34728908538818,0
-11.7730941772461,0
-13.4611225128174,0
-13.4573287963867,0
-13.365195274353,0
-15.1221923828125,0
-18.4252510070801,0
-21.209451675415,0
-21.9949131011963,0
-21.1235771179199,0
-19.9346656799316,0
-19.0243396759033,0
-17.4184341430664,0
-13.8419618606567,0
-8.88065910339355,0
-4.94926261901855,0
-3.43339896202087,0
-2.84712529182434,0
-1.02505052089691,0
1.69755113124847,0
3.21066117286682,0
3.13936328887939,0
3.53009128570557,0
5.59346961975098,0
7.69141960144043,0
7.73922348022461,0
6.24052238464355,0
5.30534362792969,0
5.22931241989136,0
3.80303382873535,0
-0.562131941318512,0
-6.24752330780029,0
-9.9822301864624,0
-10.5637731552124,0
-9.90530681610107,0
-10.1429681777954,0
-10.8127584457397,0
-9.89316272735596,0
-6.95935821533203,0
-3.76616907119751,0
-1.6498749256134,0
0.100845731794834,0
2.708909034729,0
6.13759469985962,0
9.77582931518555,0
13.6577968597412,0
17.713680267334,0
20.7091083526611,0
21.4293422698975,0
20.4532070159912,0
19.3405361175537,0
18.3318881988525,0
16.2819862365723,0
12.83314037323,0
9.1560640335083,0
6.08088302612305,0
2.69387340545654,0
-2.3877739906311,0
-8.98375797271729,0
-15.4180641174316,0
-20.4573822021484,0
-24.4940586090088,0
-28.5215740203857,0
-32.3866424560547,0
-34.8384208679199,0
-35.4597854614258,0
-35.5735473632812,0
-36.3666534423828,0
-36.9545135498047,0
-35.873706817627,0
-34.1593322753906,0
-34.8582611083984,0
-38.8915786743164,0
-43.2779884338379,0
-44.6764030456543,0
-43.2990264892578,0
-41.9008369445801,0
-41.941047668457,0
-42.359790802002,0
-41.6471519470215,0
-39.6306457519531,0
-37.2169227600098,0
-35.3379592895508,0
-34.2274436950684,0
-33.289623260498,0
-31.9140453338623,0
-30.6070747375488,0
-30.6069049835205,0
-32.0837478637695,0
-33.7982063293457,0
-35.1746101379395,0
-37.4841003417969,0
-41.8909111022949,0
-47.3738861083984,0
-51.8791236877441,0
-54.6184883117676,0
-55.7417373657227,0
-54.6352195739746,0
-50.685001373291,0
-45.6468238830566,0
-43.1317939758301,0
-44.9408187866211,0
-49.2425308227539,0
-53.1226081848145,0
-55.784423828125,0
-58.3055305480957,0
-61.1941566467285,0
-63.5704040527344,0
-64.6152420043945,0
-64.6770324707031,0
-64.5431365966797,0
-64.2427062988281,0
-63.0785331726074,0
-60.6368637084961,0
-57.4078598022461,0
-54.4382820129395,0
-52.5096588134766,0
-51.4937934875488,0
-50.3309516906738,0
-47.8973236083984,0
-44.2676048278809,0
-40.9589424133301,0
-39.5040435791016,0
-39.9264335632324,0
-41.0742073059082,0
-42.144287109375,0
-43.064624786377,0
-43.5768432617188,0
-43.1335144042969,0
-41.9422035217285,0
-40.9670333862305,0
-40.5034790039062,0
-39.9599151611328,0
-39.5507392883301,0
-40.6769332885742,0
-43.5794563293457,0
-46.0946044921875,0
-46.3121337890625,0
-45.2855796813965,0
-45.1656379699707,0
-45.4772415161133,0
-43.5794830322266,0
-38.7081298828125,0
-33.3529815673828,0
-30.1935501098633,0
-29.4250774383545,0
-29.5285625457764,0
-28.9516124725342,0
-26.5002956390381,0
-21.8962421417236,0
-16.8358821868896,0
-13.8171396255493,0
-12.8190097808838,0
-10.7823810577393,0
-5.75550079345703,0
0.157942935824394,0
3.97283434867859,0
6.39641761779785,0
10.3035049438477,0
15.3068780899048,0
17.4435806274414,0
15.1140670776367,0
11.9943914413452,0
12.0052175521851,0
14.1127119064331,0
15.0183534622192,0
14.8236598968506,0
15.9608688354492,0
17.4145755767822,0
14.8786478042603,0
7.73252058029175,0
1.42364943027496,0
0.360429376363754,0
1.89636516571045,0
0.654947280883789,0
-3.91631078720093,0
-8.30484008789062,0
-11.3051776885986,0
-14.8698101043701,0
-19.1048755645752,0
-21.2568168640137,0
-20.5984039306641,0
-20.0438861846924,0
-21.0100021362305,0
-20.2404193878174,0
-14.4778900146484,0
-5.88016796112061,0
0.207565188407898,0
1.69435679912567,0
1.40738523006439,0
2.75116539001465,0
5.749671459198,0
7.75093603134155,0
7.13601398468018,0
5.86904954910278,0
7.85380744934082,0
14.0003118515015,0
19.758918762207,0
19.6849060058594,0
14.3719758987427,0
10.1214399337769,0
10.9548168182373,0
13.9555139541626,0
14.3299121856689,0
12.1988201141357,0
11.2861242294312,0
12.6668615341187,0
13.5110788345337,0
11.82248878479,0
9.31505107879639,0
8.83588981628418,0
10.9451360702515,0
13.8178720474243,0
15.2454929351807,0
14.3008804321289,0
12.048095703125,0
10.8183727264404,0
11.9983186721802,0
14.7337074279785,0
17.6411418914795,0
21.0371189117432,0
25.8878173828125,0
31.1175003051758,0
34.2210388183594,0
34.8453140258789,0
35.5951042175293,0
38.3785591125488,0
41.8338241577148,0
43.7450294494629,0
44.4870681762695,0
46.2354011535645,0
49.601692199707,0
53.010440826416,0
55.2405815124512,0
56.7476119995117,0
58.0425987243652,0
58.315315246582,0
56.664665222168,0
53.8076171875,0
51.4997177124023,0
50.6488151550293,0
50.8735847473145,0
51.5887222290039,0
52.4219436645508,0
52.5204200744629,0
50.6929130554199,0
46.947437286377,0
43.0292549133301,0
40.4159889221191,0
38.236701965332,0
34.3491439819336,0
28.3911952972412,0
22.4641666412354,0
18.3945426940918,0
15.6074199676514,0
12.7236166000366,0
10.3012952804565,0
10.3704309463501,0
13.3061571121216,0
16.6608352661133,0
17.6756687164307,0
15.8761529922485,0
12.4031419754028,0
7.74598455429077,0
1.49435234069824,0
-5.95156860351562,0
-12.9002885818481,0
-18.0918750762939,0
-21.9282398223877,0
-25.2979221343994,0
-27.8595409393311,0
-28.3415851593018,0
-26.2000923156738,0
-22.1704654693604,0
-17.3750648498535,0
-12.7351875305176,0
-9.21934032440186,0
-7.68174457550049,0
-8.04236221313477,0
-9.23785400390625,0
-10.3278074264526,0
-11.1598253250122,0
-11.8246421813965,0
-12.3359308242798,0
-13.3401384353638,0
-16.1979808807373,0
-21.3333606719971,0
-26.9925918579102,0
-30.7572631835938,0
-32.1843490600586,0
-33.0239677429199,0
-34.9150924682617,0
-37.8874435424805,0
-41.1900100708008,0
-44.3661804199219,0
-46.9266166687012,0
-47.9253463745117,0
-46.7981910705566,0
-44.2581024169922,0
-41.6996726989746,0
-39.9487571716309,0
-39.0193748474121,0
-38.6837310791016,0
-38.6911125183105,0
-38.7411499023438,0
-38.8924674987793,0
-39.8222770690918,0
-42.0789947509766,0
-45.2191467285156,0
-48.3032989501953,0
-51.1426315307617,0
-54.3477401733398,0
-58.100227355957,0
-61.6270408630371,0
-64.1832427978516,0
-65.9284286499023,0
-67.3383560180664,0
-68.1312637329102,0
-67.3790893554688,0
-64.7098007202148,0
-61.0307998657227,0
-57.7990303039551,0
-55.4965972900391,0
-52.9073944091797,0
-48.1936492919922,0
-40.9118576049805,0
-32.7387542724609,0
-25.8514423370361,0
-20.7688865661621,0
-16.2643585205078,0
-11.2802104949951,0
-6.27187824249268,0
-2.57431030273438,0
-1.13958346843719,0
-2.16477131843567,0
-5.17847919464111,0
-8.84439945220947,0
-11.2936754226685,0
-11.6724328994751,0
-11.2694215774536,0
-12.1903209686279,0
-14.7636556625366,0
-17.1388454437256,0
-17.828296661377,0
-17.7352199554443,0
-18.8516292572021,0
-21.6336288452148,0
-24.8623504638672,0
-27.8111934661865,0
-31.0047416687012,0
-34.4156036376953,0
-36.4917640686035,0
-36.3239936828613,0
-35.8676948547363,0
-38.1784973144531,0
-43.3465576171875,0
-47.7134742736816,0
-47.757698059082,0
-43.6757736206055,0
-38.3599815368652,0
-33.8146629333496,0
-29.8059978485107,0
-25.5849494934082,0
-21.4322242736816,0
-18.0305576324463,0
-15.2658281326294,0
-12.4330205917358,0
-9.2120475769043,0
-5.71196746826172,0
-1.77814126014709,0
2.8369562625885,0
7.44437026977539,0
10.5211181640625,0
11.5286149978638,0
11.8811407089233,0
12.9993362426758,0
13.8166837692261,0
11.7008209228516,0
6.02571058273315,0
-0.682297885417938,0
-5.8143744468689,0
-9.47144603729248,0
-13.0977573394775,0
-16.5967998504639,0
-18.4635105133057,0
-18.1003570556641,0
-16.2084503173828,0
-13.0610494613647,0
-8.18579196929932,0
-2.14734745025635,0
2.81625127792358,0
4.70929479598999,0
3.58624577522278,0
1.08334803581238,0
-1.1180956363678,0
-2.13494896888733,0
-2.0808846950531,0
-1.92435455322266,0
-2.61634826660156,0
-4.0267219543457,0
-5.11674451828003,0
-5.23049211502075,0
-4.77261400222778,0
-4.62445640563965,0
-5.2601900100708,0
-6.18033027648926,0
-5.87625932693481,0
-3.16332650184631,0
0.565915763378143,0
1.41392540931702,0
-3.05944418907166,0
-10.5591087341309,0
-16.7118072509766,0
-20.6299781799316,0
-25.3212928771973,0
-32.2803077697754,0
-38.5143127441406,0
-40.2986526489258,0
-37.5491905212402,0
-32.6301498413086,0
-26.7435741424561,0
-19.7893199920654,0
-12.5311450958252,0
-6.46895980834961,0
-2.12759304046631,0
0.494012862443924,0
0.380936235189438,0
-3.24659752845764,0
-8.21605968475342,0
-10.3237504959106,0
-7.74978923797607,0
-2.98081874847412,0
0.3698410987854,0
1.36297369003296,0
1.66149687767029,0
2.83933854103088,0
4.79299116134644,0
6.36209201812744,0
6.80022192001343,0
6.62256908416748,0
7.03709411621094,0
8.44706058502197,0
10.0038356781006,0
11.1271705627441,0
12.6622581481934,0
15.3705453872681,0
17.9063377380371,0
17.9961242675781,0
15.5439071655273,0
12.808952331543,0
11.2992305755615,0
10.3957624435425,0
9.6063232421875,0
9.98541641235352,0
11.9088249206543,0
13.3253355026245,0
12.3589897155762,0
10.5142192840576,0
10.8856906890869,0
13.5665626525879,0
15.2462139129639,0
13.6848955154419,0
10.398832321167,0
8.04010200500488,0
7.03996515274048,0
6.29546022415161,0
5.71861982345581,0
6.10405015945435,0
7.08286714553833,0
7.31873226165771,0
6.98852109909058,0
8.2357349395752,0
12.1818332672119,0
16.6811828613281,0
18.3534622192383,0
16.4082794189453,0
13.3424882888794,0
11.9257154464722,0
12.4371356964111,0
13.0735559463501,0
12.3518486022949,0
10.6648292541504,0
9.72065353393555,0
10.6521062850952,0
12.6151285171509,0
13.4996585845947,0
12.4437942504883,0
11.3213167190552,0
12.8177175521851,0
16.9321422576904,0
20.486780166626,0
20.7870273590088,0
18.8606548309326,0
17.8879261016846,0
18.8917579650879,0
19.5933227539062,0
17.9385147094727,0
15.2348442077637,0
14.4157991409302,0
15.8950653076172,0
16.9266319274902,0
15.4055223464966,0
12.7149906158447,0
11.6366138458252,0
12.4697008132935,0
12.9823017120361,0
12.0314111709595,0
11.2837343215942,0
12.5263795852661,0
14.8378572463989,0
15.9825534820557,0
15.7569484710693,0
16.0530834197998,0
17.680118560791,0
19.0946159362793,0
19.0662078857422,0
18.9354457855225,0
20.623722076416,0
23.2522163391113,0
23.715518951416,0
20.8425693511963,0
17.3594627380371,0
16.8096256256104,0
19.5864276885986,0
23.2500820159912,0
26.1694889068604,0
29.1641216278076,0
33.1561889648438,0
36.7441902160645,0
37.6287727355957,0
36.1006774902344,0
35.5495872497559,0
38.8307952880859,0
45.0070190429688,0
50.5992851257324,0
53.5409164428711,0
54.6881065368652,0
55.4253425598145,0
55.2281532287598,0
52.6330337524414,0
47.9673156738281,0
43.8654937744141,0
42.8976440429688,0
45.3536148071289,0
49.4769401550293,0
53.2378044128418,0
55.607494354248,0
56.6266479492188,0
56.7756538391113,0
56.3792991638184,0
55.6280059814453,0
55.1015663146973,0
55.7384719848633,0
57.7795028686523,0
60.170051574707,0
61.8539047241211,0
63.4118690490723,0
66.2583160400391,0
70.1061401367188,0
72.6360855102539,0
72.4734649658203,0
71.3481826782227,0
71.9802474975586,0
74.3534469604492,0
75.5271987915039,0
73.2222595214844,0
68.3279876708984,0
63.3479309082031,0
59.4698333740234,0
56.3177070617676,0
54.0848426818848,0
54.2424468994141,0
57.4076385498047,0
61.6694831848145,0
64.4454040527344,0
65.5560455322266,0
66.820930480957,0
68.574592590332,0
68.6422576904297,0
65.7696762084961,0
62.1633453369141,0
60.7170372009277,0
60.9040946960449,0
59.6379356384277,0
55.6008567810059,0
50.3556060791016,0
45.2124557495117,0
39.4053001403809,0
32.0796203613281,0
24.235595703125,0
17.7650127410889,0
13.7496175765991,0
12.1889686584473,0
12.1986703872681,0
12.2258949279785,0
11.4419174194336,0
11.0587511062622,0
12.6702947616577,0
15.2496166229248,0
15.8409605026245,0
13.4950942993164,0
10.146692276001,0
7.08802366256714,0
3.46947145462036,0
-0.48393651843071,0
-1.91018629074097,0
0.734175503253937,0
4.68418979644775,0
6.53535413742065,0
6.78960371017456,0
7.72577953338623,0
8.65417098999023,0
7.11029958724976,0
3.79420804977417,0
2.18441963195801,0
3.02489066123962,0
2.91930675506592,0
-0.662131071090698,0
-6.20589828491211,0
-11.3198575973511,0
-16.1469459533691,0
-21.6126842498779,0
-26.4918804168701,0
-28.7402973175049,0
-28.6764888763428,0
-28.5626640319824,0
-29.2936897277832,0
-29.314868927002,0
-27.04221534729,0
-22.9417114257812,0
-18.4550342559814,0
-13.6439828872681,0
-7.13023376464844,0
1.2608208656311,0
8.7695779800415,0
11.9775743484497,0
10.7759323120117,0
8.5547924041748,0
7.97013854980469,0
8.27180671691895,0
7.89300584793091,0
7.63078451156616,0
9.05690956115723,0
11.3226566314697,0
12.4725751876831,0
13.1194534301758,0
15.4768581390381,0
18.7393589019775,0
18.9557723999023,0
14.5333871841431,0
8.81788539886475,0
5.69836378097534,0
5.33486557006836,0
6.03695344924927,0
7.76441717147827,0
11.1694068908691,0
14.9196605682373,0
16.7276020050049,0
16.216344833374,0
14.6713161468506,0
12.8185110092163,0
10.8065729141235,0
9.38424110412598,0
8.84911346435547,0
7.57169389724731,0
3.92046737670898,0
-0.763965249061584,0
-3.39037942886353,0
-3.04472708702087,0
-1.4517970085144,0
0.270958542823792,0
2.79139876365662,0
6.19927883148193,0
8.88016033172607,0
9.55596351623535,0
8.67952728271484,0
7.30189561843872,0
6.30150651931763,0
6.96954536437988,0
10.1209020614624,0
13.9708585739136,0
15.1776094436646,0
13.0033369064331,0
10.2827272415161,0
9.12637138366699,0
8.00950145721436,0
4.82332229614258,0
0.653976500034332,0
-1.73962438106537,0
-1.66863679885864,0
-0.445934027433395,0
1.19514882564545,0
3.2203516960144,0
4.69182348251343,0
4.49018669128418,0
3.25188589096069,0
2.42365336418152,0
1.7308828830719,0
-0.19060643017292,0
-2.83662939071655,0
-3.97837686538696,0
-3.15638494491577,0
-2.76415967941284,0
-4.80257940292358,0
-8.41905879974365,0
-11.6488780975342,0
-13.8716058731079,0
-15.1943140029907,0
-14.8052005767822,0
-11.7726354598999,0
-6.9729151725769,0
-2.62693428993225,0
0.162671536207199,0
2.32646369934082,0
5.13771438598633,0
8.5674524307251,0
11.7424659729004,0
14.3220720291138,0
16.6978435516357,0
19.0369052886963,0
20.8228225708008,0
21.6020164489746,0
21.8654689788818,0
22.8919658660889,0
25.7626075744629,0
30.5551147460938,0
36.2547874450684,0
41.3510894775391,0
44.8700942993164,0
47.0315971374512,0
48.497142791748,0
48.7872924804688,0
46.2372436523438,0
40.2081604003906,0
32.5269165039062,0
25.5107269287109,0
19.149829864502,0
11.9419527053833,0
4.31139516830444,0
-1.046630859375,0
-2.94618082046509,0
-3.6738224029541,0
-5.66983842849731,0
-8.00345039367676,0
-8.2225456237793,0
-6.47675609588623,0
-5.29907894134521,0
-5.81131362915039,0
-6.73093557357788,0
-7.19317531585693,0
-7.95095157623291,0
-9.13995361328125,0
-9.33151435852051,0
-7.9661979675293,0
-6.53435659408569,0
-5.87357044219971,0
-4.37296915054321,0
-0.820070266723633,0
2.71426391601562,0
3.21274018287659,0
0.773133039474487,0
-2.00921893119812,0
-3.74868202209473,0
-4.83148097991943,0
-5.04993486404419,0
-3.66043376922607,0
-1.75973999500275,0
-1.69744026660919,0
-3.6010890007019,0
-5.0439600944519,0
-4.80344390869141,0
-4.38944864273071,0
-4.92445993423462,0
-5.11545133590698,0
-3.82909512519836,0
-2.49249577522278,0
-3.13229417800903,0
-5.64295530319214,0
-8.64629364013672,0
-11.6587705612183,0
-14.8670072555542,0
-18.0748653411865,0
-21.3760204315186,0
-25.5705108642578,0
-30.3617858886719,0
-33.4294586181641,0
-33.0318756103516,0
-30.4716529846191,0
-28.2733592987061,0
-26.9076614379883,0
-25.0551929473877,0
-22.0765933990479,0
-18.1273994445801,0
-12.4879159927368,0
-4.03354358673096,0
6.61565780639648,0
17.0871448516846,0
25.3818893432617,0
30.7365970611572,0
32.9115371704102,0
32.4222450256348,0
31.2712726593018,0
31.5432224273682,0
33.0380096435547,0
33.8222160339355,0
33.1684188842773,0
32.2132186889648,0
31.5025520324707,0
29.9093399047852,0
26.8534278869629,0
23.8868389129639,0
22.7940521240234,0
23.29345703125,0
23.9092578887939,0
24.1498489379883,0
24.2655200958252,0
23.3801403045654,0
19.7150955200195,0
13.1152276992798,0
6.04077672958374,0
1.15285313129425,0
-1.36421525478363,0
-3.05677962303162,0
-4.19369077682495,0
-2.99570298194885,0
1.57925474643707,0
7.63481092453003,0
12.4325227737427,0
16.067777633667,0
21.0266742706299,0
27.8110523223877,0
33.2698745727539,0
34.7351264953613,0
34.0237770080566,0
34.988452911377,0
38.0023498535156,0
39.6646537780762,0
38.1125450134277,0
35.8023490905762,0
35.7369079589844,0
37.1555099487305,0
37.0656509399414,0
34.8633880615234,0
33.115421295166,0
33.7875213623047,0
35.4246215820312,0
34.6211280822754,0
29.4867458343506,0
21.468921661377,0
14.3209590911865,0
11.0851593017578,0
11.2465152740479,0
10.9253778457642,0
6.77554798126221,0
-0.260054379701614,0
-5.90174341201782,0
-7.14528226852417,0
-4.74795866012573,0
-1.00553965568542,0
3.22313475608826,0
8.14198780059814,0
13.0884685516357,0
17.052978515625,0
20.8437538146973,0
26.6299896240234,0
34.6635932922363,0
42.128303527832,0
46.4417915344238,0
48.4389114379883,0
50.6589050292969,0
53.3380966186523,0
54.3219146728516,0
53.0192756652832,0
52.0715065002441,0
53.8540115356445,0
57.0262641906738,0
58.3684463500977,0
57.0822944641113,0
55.2698745727539,0
54.5005035400391,0
54.0024566650391,0
52.581787109375,0
50.4099617004395,0
48.0470962524414,0
45.2987098693848,0
42.284049987793,0
40.404972076416,0
40.7588233947754,0
42.4133796691895,0
43.8019256591797,0
45.1770057678223,0
47.8476715087891,0
51.2686538696289,0
53.0270690917969,0
52.1292152404785,0
50.2580070495605,0
48.8224945068359,0
46.677417755127,0
42.3685493469238,0
37.181510925293,0
33.9302520751953,0
33.5709762573242,0
35.1373672485352,0
38.5115013122559,0
44.7917671203613,0
53.7117881774902,0
63.1236953735352,0
71.90673828125,0
81.2570419311523,0
91.7952346801758,0
101.283058166504,0
107.076354980469,0
109.631164550781,0
111.62540435791,0
114.292503356934,0
116.49486541748,0
117.118446350098,0
116.595336914062,0
115.886581420898,0
115.302398681641,0
114.614097595215,0
113.438056945801,0
111.417205810547,0
108.639373779297,0
105.563919067383,0
101.912094116211,0
96.4447250366211,0
88.9233779907227,0
81.2651290893555,0
74.9989624023438,0
68.4696197509766,0
59.1232795715332,0
48.433650970459,0
41.5791053771973,0
41.1670951843262,0
43.7341346740723,0
44.0865745544434,0
41.1548538208008,0
37.614917755127,0
35.3751754760742,0
34.0705947875977,0
33.3981971740723,0
34.2668151855469,0
37.1097450256348,0
40.8941078186035,0
44.5998802185059,0
48.4729995727539,0
53.052562713623,0
57.8068580627441,0
61.4662094116211,0
63.2228317260742,0
63.1524658203125,0
61.9720458984375,0
60.8215370178223,0
60.7167358398438,0
61.5340614318848,0
61.7982215881348,0
60.1309547424316,0
56.9220771789551,0
54.1296730041504,0
53.3429107666016,0
54.2323570251465,0
54.800048828125,0
52.9552383422852,0
48.1872138977051,0
42.2745552062988,0
38.2619438171387,0
38.0812530517578,0
40.9917869567871,0
44.7201995849609,0
47.9330062866211,0
50.7639579772949,0
53.0497207641602,0
53.6184539794922,0
52.225643157959,0
50.9406089782715,0
52.0835075378418,0
55.3503837585449,0
58.4894561767578,0
60.5537719726562,0
62.900707244873,0
66.8799667358398,0
72.0425567626953,0
77.0404434204102,0
81.0388641357422,0
83.7939224243164,0
85.4772644042969,0
86.8814849853516,0
88.7453918457031,0
90.5131149291992,0
90.895751953125,0
89.96435546875,0
89.2530364990234,0
89.1866226196289,0
87.9378433227539,0
83.9243469238281,0
78.2912063598633,0
73.7294769287109,0
71.5908660888672,0
71.1415710449219,0
70.9924240112305,0
70.3272171020508,0
69.0786895751953,0
67.4416580200195,0
65.0381698608398,0
60.8856811523438,0
55.056079864502,0
49.6954727172852,0
46.6190528869629,0
44.422248840332,0
40.6071662902832,0
36.451774597168,0
36.1378936767578,0
39.9932975769043,0
42.6320304870605,0
40.3381576538086,0
36.6581115722656,0
36.9325637817383,0
40.1462020874023,0
40.9695243835449,0
38.324878692627,0
36.6389389038086,0
38.4645614624023,0
40.7485122680664,0
40.0001640319824,0
37.4708709716797,0
37.0045013427734,0
40.0912742614746,0
45.0155715942383,0
49.4072532653809,0
52.1230621337891,0
53.5567169189453,0
54.991641998291,0
56.9820022583008,0
58.420108795166,0
58.4345512390137,0
58.698673248291,0
61.5911903381348,0
66.0715866088867,0
68.1558074951172,0
66.2213592529297,0
62.9805679321289,0
60.7852478027344,0
57.8743057250977,0
51.7639083862305,0
44.2075386047363,0
39.5911254882812,0
39.2348976135254,0
40.1712074279785,0
39.4555854797363,0
37.1420555114746,0
34.5689163208008,0
31.9552211761475,0
28.8849353790283,0
25.8857231140137,0
24.2508392333984,0
24.6035919189453,0
26.279748916626,0
28.0556392669678,0
29.237377166748,0
29.981294631958,0
30.4770221710205,0
30.0677356719971,0
27.90891456604,0
24.6264095306396,0
22.312629699707,0
22.296012878418,0
23.8324146270752,0
25.6306381225586,0
27.4014644622803,0
28.7664127349854,0
28.1033916473389,0
24.6152820587158,0
20.8391227722168,0
20.6300792694092,0
24.4537715911865,0
28.750997543335,0
30.3870658874512,0
29.7580757141113,0
28.8743305206299,0
28.4324741363525,0
27.9463958740234,0
27.0468425750732,0
25.2248096466064,0
21.6598110198975,0
16.746654510498,0
12.5021238327026,0
9.83969879150391,0
6.71061754226685,0
1.02337384223938,0
-5.54893445968628,0
-9.19127941131592,0
-8.99878025054932,0
-7.65069675445557,0
-6.76574468612671,0
-4.61506271362305,0
0.115912042558193,0
4.94076681137085,0
6.46395492553711,0
5.18542623519897,0
4.73570585250854,0
6.86856889724731,0
9.67846870422363,0
10.7858858108521,0
10.0414752960205,0
8.68765830993652,0
7.83820104598999,0
8.35888671875,0
10.3758449554443,0
12.1775884628296,0
11.4581346511841,0
8.56874561309814,0
6.69266128540039,0
7.69466400146484,0
9.74560356140137,0
10.4507255554199,0
10.1357583999634,0
9.90872764587402,0
8.57408237457275,0
4.61809253692627,0
0.0819906666874886,0
-1.04614806175232,0
1.81682026386261,0
5.2320499420166,0
6.72817754745483,0
7.30485057830811,0
8.15475654602051,0
8.01123237609863,0
5.63807821273804,0
2.75228238105774,0
2.13439846038818,0
3.83566188812256,0
5.22434329986572,0
4.52534675598145,0
2.89444017410278,0
2.76422786712646,0
4.84307956695557,0
7.21050071716309,0
7.58835697174072,0
6.2814245223999,0
