-29.4437580108643,0
-31.3520202636719,0
-30.6906280517578,0
-24.9081001281738,0
-16.1647663116455,0
-9.48602294921875,0
-6.06083917617798,0
-2.13894319534302,0
4.43746995925903,0
10.4622201919556,0
12.0996437072754,0
10.0504198074341,0
7.30764293670654,0
4.43013572692871,0
0.248562023043633,0
-4.58191967010498,0
-8.20086097717285,0
-10.804666519165,0
-14.1156892776489,0
-18.0100269317627,0
-20.658296585083,0
-22.0043487548828,0
-24.2382946014404,0
-28.3352737426758,0
-32.6134910583496,0
-35.3854637145996,0
-36.7626113891602,0
-37.0548095703125,0
-35.7018356323242,0
-33.0685386657715,0
-31.2748832702637,0
-31.501392364502,0
-31.869743347168,0
-29.8314914703369,0
-25.8186893463135,0
-22.8025283813477,0
-22.6813831329346,0
-24.7159671783447,0
-27.4365711212158,0
-30.5228443145752,0
-34.261833190918,0
-38.182315826416,0
-41.0948829650879,0
-42.276969909668,0
-42.135383605957,0
-41.6668739318848,0
-41.5022468566895,0
-41.6003456115723,0
-41.7218742370605,0
-41.8281555175781,0
-41.8204460144043,0
-41.2009010314941,0
-39.3804512023926,0
-36.1623344421387,0
-31.6011924743652,0
-25.7447052001953,0
-19.1640701293945,0
-13.474310874939,0
-10.3310537338257,0
-9.72109603881836,0
-10.1403331756592,0
-10.8080377578735,0
-12.7063722610474,0
-16.6349010467529,0
-21.0333480834961,0
-23.0001201629639,0
-21.3855648040771,0
-17.8081684112549,0
-14.3316383361816,0
-10.9564142227173,0
-5.96425008773804,0
1.61354005336761,0
10.3501720428467,0
17.301736831665,0
20.5993385314941,0
21.2831840515137,0
22.1631412506104,0
24.3730239868164,0
25.6861820220947,0
23.4938449859619,0
19.100736618042,0
16.955171585083,0
18.842601776123,0
21.0129299163818,0
18.9941940307617,0
13.6686811447144,0
9.86543941497803,0
9.66256427764893,0
10.2443580627441,0
8.67940902709961,0
5.57761669158936,0
2.64090466499329,0
-0.509602606296539,0
-4.67303466796875,0
-8.2244291305542,0
-8.7740478515625,0
-6.78316402435303,0
-4.98311758041382,0
-4.59303903579712,0
-4.43312740325928,0
-3.61100077629089,0
-2.67086935043335,0
-1.72406423091888,0
0.324453920125961,0
3.85164332389832,0
7.60760831832886,0
10.6759004592896,0
13.8096113204956,0
17.7920227050781,0
21.9392318725586,0
25.6013259887695,0
29.9490146636963,0
36.479362487793,0
44.2616233825684,0
50.4426002502441,0
53.6123123168945,0
55.2128601074219,0
57.0974388122559,0
58.8514099121094,0
58.4905853271484,0
55.273365020752,0
50.7435493469238,0
46.8580780029297,0
43.9397277832031,0
41.1029205322266,0
38.163402557373,0
35.9985656738281,0
34.8508949279785,0
33.4540557861328,0
30.6556720733643,0
26.9868602752686,0
23.469274520874,0
19.7434616088867,0
15.230372428894,0
11.7873487472534,0
12.7697248458862,0
18.6916885375977,0
25.8303565979004,0
30.2269401550293,0
31.2454795837402,0
30.0500106811523,0
27.0108680725098,0
22.9141845703125,0
20.5801887512207,0
21.8586616516113,0
24.1058750152588,0
23.3405113220215,0
20.511661529541,0
20.5757617950439,0
24.8912391662598,0
28.9345932006836,0
29.2750968933105,0
28.52809715271,0
30.3038902282715,0
32.8275680541992,0
31.8630924224854,0
27.716760635376,0
24.5437984466553,0
23.6306991577148,0
22.2268238067627,0
19.2682476043701,0
17.4003410339355,0
17.668083190918,0
16.4888706207275,0
10.8979320526123,0
3.78032302856445,0
0.214781820774078,0
0.280535966157913,0
-0.572072684764862,0
-4.22984218597412,0
-6.77298545837402,0
-4.00600624084473,0
2.50316643714905,0
7.23280715942383,0
7.46626710891724,0
5.9355354309082,0
6.63054895401001,0
10.004581451416,0
13.6020288467407,0
16.2435092926025,0
19.4502735137939,0
24.4235191345215,0
29.6244087219238,0
32.9799385070801,0
35.4054412841797,0
39.8736534118652,0
46.9360618591309,0
53.3608512878418,0
56.0481185913086,0
55.3378677368164,0
53.1108245849609,0
49.6747932434082,0
44.9805374145508,0
41.4302978515625,0
41.8595504760742,0
44.6315803527832,0
44.3818283081055,0
39.0180511474609,0
32.7438583374023,0
29.8667984008789,0
28.5809364318848,0
24.3414440155029,0
17.1520652770996,0
10.8375558853149,0
5.92586994171143,0
-1.27903234958649,0
-11.3306884765625,0
-18.6051864624023,0
-18.9216117858887,0
-16.3897018432617,0
-18.2869930267334,0
-25.2689895629883,0
-31.3198795318604,0
-32.6442260742188,0
-31.87424659729,0
-32.6157875061035,0
-33.8566970825195,0
-32.0141868591309,0
-26.1601428985596,0
-18.8832626342773,0
-12.9128007888794,0
-8.42698669433594,0
-3.37087154388428,0
4.11669826507568,0
13.1074666976929,0
19.8961372375488,0
21.8557777404785,0
21.0730876922607,0
22.1996231079102,0
26.4840850830078,0
30.3661594390869,0
30.8631267547607,0
29.6034889221191,0
29.5635929107666,0
30.2642230987549,0
29.2626876831055,0
26.9745826721191,0
26.4591808319092,0
28.598747253418,0
30.7801208496094,0
30.9567451477051,0
30.0651226043701,0
29.2697849273682,0
27.5500659942627,0
23.9149951934814,0
19.948055267334,0
17.9274978637695,0
17.7968883514404,0
18.1118793487549,0
18.7478828430176,0
20.2466907501221,0
21.3758506774902,0
20.1224040985107,0
16.8919239044189,0
14.047664642334,0
12.2267417907715,0
9.93280601501465,0
7.1056079864502,0
5.75857210159302,0
5.85650634765625,0
4.07985305786133,0
-0.847032606601715,0
-4.64285612106323,0
-2.83676338195801,0
2.380774974823,0
4.80664443969727,0
2.76449704170227,0
0.589741468429565,0
1.5032354593277,0
3.6245448589325,0
4.55241394042969,0
5.57090091705322,0
8.28892803192139,0
10.270697593689,0
7.97198724746704,0
2.56863784790039,0
-0.895479261875153,0
0.12044870108366,0
3.23431277275085,0
5.19596719741821,0
5.49988842010498,0
5.3000545501709,0
5.20985698699951,0
5.36672735214233,0
5.96911287307739,0
6.70165920257568,0
7.00328159332275,0
7.70257186889648,0
10.8569641113281,0
16.8951969146729,0
23.2571487426758,0
27.1256923675537,0
28.5160236358643,0
29.5296363830566,0
31.5251007080078,0
34.2764205932617,0
37.0933876037598,0
39.351016998291,0
40.3503684997559,0
39.9102745056152,0
38.8697662353516,0
38.0170440673828,0
36.7896881103516,0
33.9589462280273,0
29.3845081329346,0
24.3003196716309,0
20.1159954071045,0
17.6358203887939,0
17.0851097106934,0
18.0668544769287,0
19.6761360168457,0
21.3234691619873,0
23.2594242095947,0
25.822437286377,0
28.6007881164551,0
30.9212818145752,0
32.7165718078613,0
34.2833976745605,0
35.6463165283203,0
36.8127212524414,0
38.1027755737305,0
39.3297843933105,0
39.0337944030762,0
35.6380310058594,0
29.5361747741699,0
23.286169052124,0
19.3495216369629,0
17.893856048584,0
17.0194053649902,0
15.0075998306274,0
12.1401290893555,0
10.3065118789673,0
11.2132415771484,0
15.4070463180542,0
22.532564163208,0
31.2051486968994,0
38.5581092834473,0
41.9291839599609,0
42.2036781311035,0
43.5802688598633,0
47.9961166381836,0
51.5442047119141,0
49.4646415710449,0
43.5407524108887,0
40.5114555358887,0
42.9648704528809,0
46.076416015625,0
44.9164237976074,0
40.9705276489258,0
38.4895095825195,0
37.4917831420898,0
34.454776763916,0
28.5839862823486,0
23.3331756591797,0
21.4580612182617,0
21.6673889160156,0
21.1502952575684,0
19.2829895019531,0
17.6107730865479,0
17.4699821472168,0
18.8895015716553,0
21.3896408081055,0
24.9025955200195,0
29.5652828216553,0
34.7643089294434,0
38.9879417419434,0
41.3486022949219,0
42.9264869689941,0
45.3397827148438,0
48.0297012329102,0
48.8763999938965,0
48.1377067565918,0
49.3317413330078,0
54.2147521972656,0
58.8037338256836,0
57.3439064025879,0
49.4467811584473,0
40.3501091003418,0
34.314208984375,0
30.8308391571045,0
27.7527008056641,0
24.8283939361572,0
22.5200958251953,0
20.0017566680908,0
16.676290512085,0
13.9702339172363,0
13.1965732574463,0
12.7122020721436,0
9.75261688232422,0
4.81495475769043,0
1.80551767349243,0
3.20476412773132,0
6.79419279098511,0
8.30071544647217,0
6.48897218704224,0
4.44546747207642,0
5.62534141540527,0
9.36865901947021,0
11.4137058258057,0
9.26382827758789,0
5.85091114044189,0
6.20002222061157,0
10.9032802581787,0
15.3292446136475,0
16.0571765899658,0
15.634181022644,0
18.9548397064209,0
26.596923828125,0
34.3754692077637,0
38.8261451721191,0
40.3915176391602,0
40.9135437011719,0
40.5159301757812,0
38.2780685424805,0
34.4106140136719,0
30.1220722198486,0
25.9041080474854,0
21.3324756622314,0
16.6550922393799,0
13.5841274261475,0
13.8499422073364,0
17.1638774871826,0
21.2272624969482,0
24.0935668945312,0
26.1427936553955,0
29.1027870178223,0
33.3547554016113,0
37.2620964050293,0
39.4824714660645,0
40.8153915405273,0
42.7272567749023,0
44.6064071655273,0
43.7932319641113,0
38.711311340332,0
31.3335266113281,0
25.8968982696533,0
24.9142761230469,0
26.5519847869873,0
26.453727722168,0
22.5009860992432,0
17.1484985351562,0
14.2733421325684,0
14.4817867279053,0
15.0989723205566,0
14.3561925888062,0
13.2280788421631,0
12.6606349945068,0
11.6535606384277,0
9.72970104217529,0
9.06505680084229,0
11.74303150177,0
16.3759574890137,0
20.0225353240967,0
22.261754989624,0
24.4174633026123,0
25.6540203094482,0
23.5622081756592,0
18.7671051025391,0
15.1294956207275,0
14.252911567688,0
13.3667602539062,0
10.4402952194214,0
7.8750467300415,0
8.31521320343018,0
9.74246215820312,0
8.36811065673828,0
4.37021446228027,0
0.79200142621994,0
-1.90974152088165,0
-5.81174468994141,0
-10.4928998947144,0
-12.769154548645,0
-12.197904586792,0
-12.3500661849976,0
-14.8094024658203,0
-15.9370851516724,0
-12.2861480712891,0
-5.92523336410522,0
-1.15641665458679,0
1.39657056331635,0
3.76143980026245,0
5.81489181518555,0
5.89634990692139,0
5.22802448272705,0
7.03871774673462,0
10.889612197876,0
12.1975526809692,0
8.91612911224365,0
5.11147594451904,0
5.69124507904053,0
10.3263998031616,0
15.1346368789673,0
18.3057861328125,0
21.1765556335449,0
24.9356098175049,0
29.1581230163574,0
33.3039817810059,0
37.2690238952637,0
40.353385925293,0
41.6049308776855,0
41.2949829101562,0
40.2846603393555,0
37.8894958496094,0
32.4811553955078,0
24.8049087524414,0
18.6198673248291,0
16.7111797332764,0
17.7037487030029,0
18.3048686981201,0
17.6444530487061,0
17.742374420166,0
20.291919708252,0
24.6870918273926,0
29.0757369995117,0
31.8002071380615,0
31.7559471130371,0
28.9860324859619,0
25.4079608917236,0
23.4407539367676,0
23.1385955810547,0
22.0897045135498,0
19.1569232940674,0
16.7705879211426,0
17.7737255096436,0
21.1337738037109,0
23.0814552307129,0
22.0476608276367,0
19.9374504089355,0
18.3073120117188,0
16.0055541992188,0
11.7667007446289,0
6.7757511138916,0
2.7547619342804,0
-0.817212343215942,0
-5.37021446228027,0
-10.1580467224121,0
-12.7887134552002,0
-12.5006160736084,0
-10.9229907989502,0
-9.53991222381592,0
-8.08516979217529,0
-5.72812032699585,0
-2.48915433883667,0
0.92288613319397,0
3.66902923583984,0
4.79188299179077,0
3.4338641166687,0
-0.406964153051376,0
-5.34844446182251,0
-8.90552139282227,0
-8.8668851852417,0
-5.49913692474365,0
-2.26113128662109,0
-2.59439420700073,0
-5.49796915054321,0
-6.28722333908081,0
-2.78741550445557,0
1.50358593463898,0
2.29011821746826,0
0.342856168746948,0
-0.304497241973877,0
1.3527706861496,0
1.96400225162506,0
-1.55597639083862,0
-8.73038768768311,0
-16.8191318511963,0
-23.2540378570557,0
-26.8625755310059,0
-28.4864025115967,0
-30.0411014556885,0
-31.4490776062012,0
-29.7570858001709,0
-23.5540142059326,0
-16.6607322692871,0
-13.9968671798706,0
-14.8542594909668,0
-14.5097341537476,0
-12.2204151153564,0
-12.5998430252075,0
-17.8312358856201,0
-23.4858875274658,0
-24.9392623901367,0
-23.9806423187256,0
-25.208776473999,0
-28.5980186462402,0
-30.131383895874,0
-28.6920509338379,0
-27.8650054931641,0
-30.3080272674561,0
-33.9030418395996,0
-35.3461837768555,0
-35.4705505371094,0
-38.5791282653809,0
-46.6812400817871,0
-56.1564826965332,0
-61.2553939819336,0
-60.5252876281738,0
-58.4740524291992,0
-60.2463722229004,0
-65.7778930664062,0
-70.6243362426758,0
-71.7522583007812,0
-70.1976470947266,0
-67.8281021118164,0
-64.1503372192383,0
-57.9406852722168,0
-50.2341423034668,0
-43.4759864807129,0
-38.3422012329102,0
-33.2426452636719,0
-26.841833114624,0
-19.6278324127197,0
-12.9168462753296,0
-7.46951961517334,0
-3.33405494689941,0
-0.233176156878471,0
2.19159603118896,0
4.06113576889038,0
4.98375225067139,0
4.25883769989014,0
1.43452847003937,0
-3.06055331230164,0
-7.4434552192688,0
-9.24501705169678,0
-7.65620279312134,0
-5.18306159973145,0
-5.5597620010376,0
-9.76390743255615,0
-15.6087875366211,0
-21.4684658050537,0
-28.0907459259033,0
-35.6547470092773,0
-41.5736427307129,0
-43.5336952209473,0
-43.1036567687988,0
-43.830436706543,0
-46.7277526855469,0
-49.9365234375,0
-51.9551124572754,0
-52.7069358825684,0
-51.9099311828613,0
-48.9037208557129,0
-44.183780670166,0
-39.2852668762207,0
-35.2736778259277,0
-32.6823997497559,0
-31.916389465332,0
-31.8494434356689,0
-29.4781494140625,0
-23.7666568756104,0
-18.6540546417236,0
-18.7716255187988,0
-22.7971153259277,0
-24.9133110046387,0
-22.8137874603271,0
-20.092622756958,0
-20.0081272125244,0
-21.2687892913818,0
-21.8293704986572,0
-22.9218139648438,0
-26.4742870330811,0
-31.2449474334717,0
-34.3703422546387,0
-34.9743003845215,0
-33.9676055908203,0
-31.9248924255371,0
-29.3055305480957,0
-27.3121814727783,0
-26.4463481903076,0
-25.3250713348389,0
-22.6043281555176,0
-18.9480609893799,0
-15.7904825210571,0
-13.6952333450317,0
-13.3311853408813,0
-16.1094284057617,0
-21.814453125,0
-27.2904491424561,0
-29.855504989624,0
-30.8393898010254,0
-33.5232391357422,0
-38.6958694458008,0
-44.5328369140625,0
-49.7997512817383,0
-54.6027030944824,0
-58.6934967041016,0
-61.7332916259766,0
-64.9723587036133,0
-70.0991134643555,0
-76.3669509887695,0
-81.2256317138672,0
-84.0183334350586,0
-86.7991027832031,0
-91.0883865356445,0
-95.9648056030273,0
-99.9440994262695,0
-102.660118103027,0
-103.808288574219,0
-102.355697631836,0
-98.1682891845703,0
-93.2063751220703,0
-89.8008575439453,0
-88.2436370849609,0
-86.6809234619141,0
-82.8592376708984,0
-75.8822784423828,0
-67.2245864868164,0
-60.1879844665527,0
-57.2251243591309,0
-57.475902557373,0
-57.9430618286133,0
-57.1646766662598,0
-56.4198150634766,0
-57.2117652893066,0
-59.2290115356445,0
-61.2493095397949,0
-62.3356323242188,0
-61.4360466003418,0
-57.6524963378906,0
-52.092113494873,0
-47.7910499572754,0
-46.2576332092285,0
-45.4259376525879,0
-42.7626190185547,0
-39.3059539794922,0
-38.5713310241699,0
-41.9695701599121,0
-47.3351745605469,0
-51.9601554870605,0
-55.1856956481934,0
-57.5242156982422,0
-58.8469924926758,0
-58.5536308288574,0
-56.8899383544922,0
-55.2398223876953,0
-55.1303672790527,0
-57.0895233154297,0
-60.261344909668,0
-63.1438293457031,0
-65.0081176757812,0
-66.5284271240234,0
-68.6615982055664,0
-71.0450820922852,0
-72.0363235473633,0
-70.3860168457031,0
-66.4236755371094,0
-61.5182800292969,0
-56.8357162475586,0
-52.8369445800781,0
-49.6183586120605,0
-47.3459892272949,0
-46.3210983276367,0
-46.675220489502,0
-47.986930847168,0
-49.3713760375977,0
-50.2785148620605,0
-51.2042846679688,0
-53.1939582824707,0
-56.4517288208008,0
-59.8822975158691,0
-62.4416160583496,0
-64.5569305419922,0
-67.4203720092773,0
-70.9207077026367,0
-73.2691497802734,0
-73.1544876098633,0
-71.4151458740234,0
-69.7802658081055,0
-68.7407684326172,0
-67.9165954589844,0
-67.9642181396484,0
-70.2245559692383,0
-74.1877975463867,0
-77.212760925293,0
-77.8256530761719,0
-77.815673828125,0
-79.6914749145508,0
-83.3273086547852,0
-86.8447036743164,0
-89.7281341552734,0
-92.7713394165039,0
-95.453727722168,0
-96.0795516967773,0
-94.9194564819336,0
-94.6709365844727,0
-96.7495880126953,0
-99.301887512207,0
-100.253799438477,0
-100.281311035156,0
-100.939208984375,0
-101.639945983887,0
-100.819839477539,0
-98.8543701171875,0
-97.302001953125,0
-96.075439453125,0
-93.9998168945312,0
-91.7045516967773,0
-91.1025466918945,0
-91.9111251831055,0
-91.5066070556641,0
-88.7796478271484,0
-85.5034332275391,0
-83.1397094726562,0
-80.9943695068359,0
-78.6391372680664,0
-77.3765029907227,0
-77.6144256591797,0
-77.3349838256836,0
-75.2796096801758,0
-73.4114761352539,0
-73.8489303588867,0
-75.4561004638672,0
-76.2430114746094,0
-77.1990356445312,0
-80.2936477661133,0
-84.0138397216797,0
-84.8165893554688,0
-82.517463684082,0
-80.1893539428711,0
-78.5270004272461,0
-74.6613159179688,0
-67.9173202514648,0
-62.5339813232422,0
-61.8638954162598,0
-63.0218086242676,0
-60.9217376708984,0
-55.7811317443848,0
-52.6639671325684,0
-54.0540390014648,0
-56.7033462524414,0
-56.7170753479004,0
-54.6190948486328,0
-53.5074882507324,0
-54.3663787841797,0
-55.6629257202148,0
-56.4312782287598,0
-56.9569854736328,0
-56.4308700561523,0
-52.7658538818359,0
-46.0410308837891,0
-39.9939041137695,0
-38.0313873291016,0
-39.0298118591309,0
-39.3330574035645,0
-37.990592956543,0
-37.194953918457,0
-37.7560806274414,0
-37.5463409423828,0
-35.5385322570801,0
-34.2119674682617,0
-35.660228729248,0
-37.6170959472656,0
-36.2400245666504,0
-31.5979290008545,0
-27.6142292022705,0
-27.1684226989746,0
-29.7406749725342,0
-33.4771614074707,0
-37.013729095459,0
-39.2497177124023,0
-39.7641868591309,0
-39.8603096008301,0
-41.1760177612305,0
-43.0293579101562,0
-43.2916793823242,0
-42.1727828979492,0
-42.6069183349609,0
-45.9898147583008,0
-50.0007247924805,0
-52.1630630493164,0
-53.4678993225098,0
-56.464672088623,0
-61.2002906799316,0
-65.1740188598633,0
-66.5301818847656,0
-65.4347305297852,0
-62.8416748046875,0
-59.7508583068848,0
-57.5639152526855,0
-57.495246887207,0
-59.2077102661133,0
-60.9239196777344,0
-61.0185737609863,0
-58.9497146606445,0
-55.1112976074219,0
-50.8623123168945,0
-48.3635940551758,0
-48.8794937133789,0
-50.8927154541016,0
-51.0902252197266,0
-47.8421440124512,0
-42.8721771240234,0
-38.8620719909668,0
-36.2428321838379,0
-33.4431304931641,0
-29.9291973114014,0
-27.4982395172119,0
-27.8720588684082,0
-30.0452213287354,0
-31.3906669616699,0
-31.1089057922363,0
-30.9033946990967,0
-31.7526912689209,0
-31.900842666626,0
-29.7087230682373,0
-27.1284866333008,0
-27.7116622924805,0
-31.3633842468262,0
-33.9204292297363,0
-32.9004364013672,0
-31.1794891357422,0
-33.1063804626465,0
-38.7294616699219,0
-44.2090301513672,0
-47.0116386413574,0
-48.2164688110352,0
-49.7753562927246,0
-51.8066215515137,0
-53.3824806213379,0
-54.4420852661133,0
-55.8212471008301,0
-58.0061111450195,0
-60.5071029663086,0
-62.1645202636719,0
-61.9416198730469,0
-59.9797630310059,0
-58.0735855102539,0
-58.5600433349609,0
-62.3968658447266,0
-68.4937362670898,0
-74.8413467407227,0
-79.9648742675781,0
-83.5150146484375,0
-86.038330078125,0
-88.1348419189453,0
-89.4670944213867,0
-88.9875411987305,0
-86.7601318359375,0
-84.875862121582,0
-85.2117309570312,0
-86.5309295654297,0
-85.5167999267578,0
-81.0133819580078,0
-75.4440994262695,0
-71.1374435424805,0
-67.0809860229492,0
-61.063159942627,0
-53.7053833007812,0
-47.9389724731445,0
-44.7995452880859,0
-42.1850547790527,0
-38.3284301757812,0
-34.3900909423828,0
-32.4280471801758,0
-32.3644142150879,0
-32.5158996582031,0
-32.2552299499512,0
-32.6305351257324,0
-34.6569747924805,0
-38.1027984619141,0
-41.7155914306641,0
-43.8032913208008,0
-43.144172668457,0
-40.5295143127441,0
-39.0517158508301,0
-41.3985328674316,0
-46.6878280639648,0
-51.1809959411621,0
-52.4183464050293,0
-51.5385246276855,0
-51.0811576843262,0
-51.5960578918457,0
-51.2640419006348,0
-48.2742004394531,0
-42.7707214355469,0
-36.5886116027832,0
-31.4842395782471,0
-27.600061416626,0
-23.6379318237305,0
-18.6319618225098,0
-13.1264753341675,0
-8.04782772064209,0
-2.99430632591248,0
3.10560035705566,0
9.79217720031738,0
15.1056652069092,0
18.2425022125244,0
20.679500579834,0
23.8353252410889,0
26.9948387145996,0
28.7280349731445,0
29.1765995025635,0
29.3857517242432,0
29.1583347320557,0
27.3202705383301,0
23.8567028045654,0
20.1583385467529,0
17.0279769897461,0
13.7962808609009,0
9.71070003509521,0
5.13438320159912,0
1.05509757995605,0
-1.80715811252594,0
-3.33062791824341,0
-4.23436260223389,0
-5.85982894897461,0
-8.6501579284668,0
-10.9074716567993,0
-10.3468074798584,0
-7.11265897750854,0
-3.99175810813904,0
-3.1515417098999,0
-3.68893980979919,0
-2.88897442817688,0
0.879639089107513,0
6.68176651000977,0
11.5207214355469,0
12.5452127456665,0
10.2309036254883,0
9.12769317626953,0
13.1737461090088,0
19.9941596984863,0
22.8265628814697,0
19.4190235137939,0
15.7484178543091,0
18.2038192749023,0
25.0039958953857,0
29.5246925354004,0
30.2793445587158,0
32.1869812011719,0
37.7544136047363,0
42.5241622924805,0
41.6516342163086,0
36.763557434082,0
32.8714866638184,0
31.3625411987305,0
29.8171634674072,0
26.9715976715088,0
23.932487487793,0
21.1768836975098,0
18.04709815979,0
15.413125038147,0
15.6583118438721,0
19.278434753418,0
24.0428104400635,0
28.3628463745117,0
33.1635627746582,0
39.2617301940918,0
44.854076385498,0
47.1501960754395,0
45.4824981689453,0
41.8760452270508,0
39.4056739807129,0
40.3043212890625,0
44.282772064209,0
48.2309455871582,0
49.1327209472656,0
47.8102989196777,0
47.9573860168457,0
50.8076477050781,0
53.2007522583008,0
52.4624481201172,0
50.6542129516602,0
51.2483901977539,0
53.4236030578613,0
53.2858963012695,0
50.1788520812988,0
47.8696937561035,0
48.5774345397949,0
49.3485450744629,0
46.6657562255859,0
42.2937545776367,0
41.3769226074219,0
45.3661804199219,0
49.8070182800293,0
49.9674301147461,0
46.6134414672852,0
44.5548133850098,0
46.2809219360352,0
48.8550109863281,0
47.6183242797852,0
41.887336730957,0
35.8452606201172,0
33.9184722900391,0
36.3883285522461,0
40.1575775146484,0
42.8863792419434,0
44.8710174560547,0
46.892879486084,0
48.0913047790527,0
47.2998657226562,0
45.4626388549805,0
44.9264526367188,0
46.4893493652344,0
48.7852630615234,0
50.7269554138184,0
52.7207527160645,0
54.7471199035645,0
55.1209602355957,0
52.6983604431152,0
48.9992446899414,0
46.3124313354492,0
44.6171264648438,0
42.4494438171387,0
40.1973571777344,0
39.9707298278809,0
42.006477355957,0
43.8471908569336,0
44.2693290710449,0
45.9164695739746,0
52.1845054626465,0
62.6287231445312,0
73.1534576416016,0
80.1184844970703,0
82.8728179931641,0
82.8873443603516,0
82.0514755249023,0
81.7046051025391,0
81.8687896728516,0
81.2120590209961,0
78.8192672729492,0
75.9588394165039,0
74.7775955200195,0
75.122673034668,0
74.3186416625977,0
70.8047637939453,0
66.2647399902344,0
62.6812477111816,0
58.8282470703125,0
52.2460746765137,0
44.2065582275391,0
39.5803413391113,0
40.6426734924316,0
43.5474548339844,0
43.0394973754883,0
38.9699211120605,0
35.5672950744629,0
35.1921691894531,0
35.8496894836426,0
35.1551132202148,0
33.9577178955078,0
34.605842590332,0
37.284610748291,0
39.66064453125,0
39.5841941833496,0
37.2999687194824,0
35.3366279602051,0
36.3987464904785,0
40.7517547607422,0
45.7691421508789,0
48.8577766418457,0
50.3645477294922,0
52.2967796325684,0
54.8563690185547,0
56.4136848449707,0
56.7072257995605,0
57.4026908874512,0
58.9787406921387,0
59.7711029052734,0
59.165210723877,0
59.106029510498,0
60.7916641235352,0
62.0545501708984,0
59.9456672668457,0
54.369815826416,0
47.6153030395508,0
41.7996597290039,0
38.1189804077148,0
36.898609161377,0
36.8073692321777,0
35.3443603515625,0
31.1930751800537,0
24.7721519470215,0
16.4075546264648,0
6.75273036956787,0
-0.646014928817749,0
-1.43955910205841,0
3.05550575256348,0
5.90634918212891,0
3.96498870849609,0
2.59527707099915,0
6.7677698135376,0
12.0224933624268,0
10.6407375335693,0
3.81066370010376,0
0.139959126710892,0
2.86346650123596,0
5.91892719268799,0
3.70429611206055,0
-1.94251918792725,0
-6.68047761917114,0
-9.80461883544922,0
-12.3527202606201,0
-13.6346416473389,0
-13.1535415649414,0
-12.7652130126953,0
-13.8380708694458,0
-14.8079967498779,0
-14.0463666915894,0
-12.6132459640503,0
-11.9053058624268,0
-11.3530149459839,0
-10.8279104232788,0
-12.1954298019409,0
-15.4354820251465,0
-16.3373908996582,0
-11.9597415924072,0
-5.83869171142578,0
-3.39330196380615,0
-4.27873706817627,0
-4.28142881393433,0
-3.1313202381134,0
-4.3809552192688,0
-7.86515235900879,0
-8.87410354614258,0
-6.19223403930664,0
-4.59709644317627,0
-6.5660195350647,0
-7.39569520950317,0
-2.75824451446533,0
3.93945670127869,0
7.06044864654541,0
7.60288953781128,0
10.2751207351685,0
14.315842628479,0
14.1896810531616,0
8.62764930725098,0
2.19061183929443,0
-2.74080276489258,0
-9.13732624053955,0
-18.7340068817139,0
-28.015983581543,0
-33.5523681640625,0
-36.6752433776855,0
-39.8227081298828,0
-42.289867401123,0
-42.930850982666,0
-43.491771697998,0
-45.5251922607422,0
-46.9234466552734,0
-45.4986763000488,0
-43.7402038574219,0
-45.8289794921875,0
-51.325740814209,0
-55.8079147338867,0
-56.9807167053223,0
-56.3899230957031,0
-55.3317337036133,0
-52.6818199157715,0
-47.4195175170898,0
-40.6279602050781,0
-34.1708946228027,0
-29.121000289917,0
-25.8154945373535,0
-23.9715957641602,0
-22.6686363220215,0
-21.4394912719727,0
-21.0264453887939,0
-21.8254127502441,0
-22.4129085540771,0
-21.3645286560059,0
-19.8297176361084,0
-20.26416015625,0
-22.9604415893555,0
-25.8124942779541,0
-27.381893157959,0
-28.3882846832275,0
-30.19801902771,0
-33.3991012573242,0
-37.7437705993652,0
-42.137134552002,0
-45.0863494873047,0
-46.4908981323242,0
-48.1897430419922,0
-51.207389831543,0
-53.7757263183594,0
-54.3821563720703,0
-55.3327598571777,0
-59.7794380187988,0
-65.7590942382812,0
-67.3586654663086,0
-62.6795501708984,0
-56.7920608520508,0
-54.8253364562988,0
-55.2191848754883,0
-52.5057029724121,0
-44.7611999511719,0
-35.374927520752,0
-28.1739864349365,0
-23.2443656921387,0
-17.8540935516357,0
-10.1283264160156,0
-1.13561463356018,0
6.58928632736206,0
12.2885255813599,0
17.7150936126709,0
23.8766956329346,0
28.5889797210693,0
29.4479484558105,0
28.1110019683838,0
28.4147834777832,0
30.5260925292969,0
30.7439193725586,0
27.7848873138428,0
25.2439956665039,0
26.0525074005127,0
28.2107105255127,0
28.5041961669922,0
27.0947551727295,0
25.4110260009766,0
22.6281661987305,0
18.042797088623,0
14.4160575866699,0
14.5340576171875,0
16.015661239624,0
14.0382919311523,0
8.3578462600708,0
3.1565535068512,0
0.308573126792908,0
-2.53497648239136,0
-6.78282117843628,0
-10.4691514968872,0
-12.2117128372192,0
-13.3943634033203,0
-14.6083688735962,0
-13.7229614257812,0
-9.79048156738281,0
-5.54798316955566,0
-3.40061068534851,0
-1.79540538787842,0
1.54764902591705,0
5.43061971664429,0
7.56695032119751,0
9.07220458984375,0
12.7377891540527,0
18.0262470245361,0
21.5896453857422,0
22.2210559844971,0
21.6190452575684,0
20.409423828125,0
17.3076133728027,0
12.8618383407593,0
10.242449760437,0
10.8236675262451,0
12.1724710464478,0
12.1788740158081,0
12.1433229446411,0
13.514536857605,0
14.5191850662231,0
13.2678356170654,0
12.0113019943237,0
14.3186674118042,0
18.9858570098877,0
20.9295902252197,0
18.5428295135498,0
16.4835510253906,0
19.7022933959961,0
27.3601455688477,0
34.4075736999512,0
37.3125801086426,0
36.473217010498,0
34.2892532348633,0
32.7021598815918,0
32.2452735900879,0
32.3496780395508,0
32.5591278076172,0
33.4532165527344,0
35.5514526367188,0
37.4246482849121,0
36.5486450195312,0
32.598819732666,0
28.2329616546631,0
25.6617221832275,0
24.0631103515625,0
21.6556663513184,0
18.6865234375,0
16.4682273864746,0
14.6054582595825,0
11.4493083953857,0
6.96545886993408,0
3.10871124267578,0
1.16416025161743,0
0.306795537471771,0
-0.859855592250824,0
-2.58971071243286,0
-4.18796253204346,0
-4.92267179489136,0
-4.38891458511353,0
-2.71172404289246,0
-0.622547626495361,0
1.24143362045288,0
3.12448239326477,0
5.64990377426147,0
8.7281436920166,0
11.8109474182129,0
15.1516180038452,0
19.8614883422852,0
26.5717525482178,0
34.8146553039551,0
43.7464942932129,0
52.5068550109863,0
59.6561546325684,0
63.3864440917969,0
63.1139869689941,0
60.4330177307129,0
57.9251136779785,0
57.1850738525391,0
58.1219673156738,0
59.6294364929199,0
60.4804916381836,0
59.8967323303223,0
57.8339309692383,0
54.9400253295898,0
52.1856002807617,0
50.2725296020508,0
48.9042625427246,0
46.5732307434082,0
41.95654296875,0
36.1970100402832,0
32.8591079711914,0
34.2014274597168,0
37.9277992248535,0
39.3277359008789,0
36.5932312011719,0
32.0938529968262,0
28.1184368133545,0
23.9172782897949,0
18.4621486663818,0
13.7765398025513,0
12.6777305603027,0
14.2317037582397,0
14.4850912094116,0
11.7659749984741,0
8.52979183197021,0
7.32309722900391,0
7.56429481506348,0
7.71838665008545,0
8.32914352416992,0
10.6033487319946,0
13.3767414093018,0
14.0983533859253,0
12.4589576721191,0
10.692099571228,0
10.099723815918,0
9.52676868438721,0
8.12434196472168,0
7.65851449966431,0
10.4025182723999,0
15.6772880554199,0
20.1304149627686,0
21.2860050201416,0
19.7023677825928,0
17.7543506622314,0
17.4117412567139,0
19.3728218078613,0
23.2838573455811,0
28.0369567871094,0
32.1910095214844,0
34.741870880127,0
35.6991119384766,0
35.8560981750488,0
35.917781829834,0
35.8357009887695,0
35.2177658081055,0
34.5765075683594,0
35.5620384216309,0
38.9206275939941,0
42.5125427246094,0
43.1582565307617,0
41.0533256530762,0
40.2859268188477,0
43.3325729370117,0
46.9277801513672,0
46.1062431335449,0
41.1830635070801,0
37.2806701660156,0
37.0816802978516,0
37.8137626647949,0
36.3171234130859,0
33.2590179443359,0
30.1873779296875,0
25.7448348999023,0
17.9825057983398,0
8.22098159790039,0
-0.592240989208221,0
-7.58412408828735,0
-12.6627902984619,0
-13.3142738342285,0
-7.24611902236938,0
2.07407164573669,0
7.15365934371948,0
4.94982481002808,0
-0.00090077961795032,0
-2.31310820579529,0
-2.05332589149475,0
-2.08965706825256,0
-2.32032465934753,0
-0.0330347195267677,0
5.44742584228516,0
11.7721891403198,0
16.8827342987061,0
20.6012992858887,0
22.7345161437988,0
22.0384635925293,0
18.0871143341064,0
12.5970430374146,0
7.64225435256958,0
3.32896327972412,0
-1.66718542575836,0
-7.62553071975708,0
-12.930890083313,0
-15.8641319274902,0
-16.3931179046631,0
-15.6321334838867,0
-14.1317844390869,0
-11.6848936080933,0
-8.65116310119629,0
-6.09304237365723,0
-3.90726470947266,0
-0.0197042040526867,0
7.09280967712402,0
15.5648460388184,0
21.5195560455322,0
23.4588603973389,0
23.6138877868652,0
24.1994380950928,0
24.0295295715332,0
20.5722179412842,0
14.395565032959,0
9.22530078887939,0
7.29793167114258,0
6.73221921920776,0
4.69830894470215,0
1.72494745254517,0
1.08395540714264,0
4.43456125259399,0
9.76534271240234,0
13.757532119751,0
14.9335441589355,0
14.3048648834229,0
14.0661544799805,0
15.9153347015381,0
19.5722274780273,0
22.5810871124268,0
22.4784870147705,0
19.3059864044189,0
14.9164695739746,0
9.90769863128662,0
3.08588457107544,0
-5.55506896972656,0
-13.5468769073486,0
-19.0930671691895,0
-23.6909656524658,0
-29.5708160400391,0
-35.6297378540039,0
-38.0458831787109,0
-34.5237236022949,0
-26.4315204620361,0
-17.4541168212891,0
-11.5999956130981,0
-11.2706680297852,0
-14.8997144699097,0
-17.1788272857666,0
-14.1639814376831,0
-7.80822038650513,0
-2.92385864257812,0
-0.293675750494003,0
3.62725210189819,0
9.96133232116699,0
14.6676588058472,0
14.4348373413086,0
11.5936946868896,0
10.1875562667847,0
10.0370807647705,0
8.48359870910645,0
6.25224113464355,0
7.30134963989258,0
12.9242811203003,0
19.3933906555176,0
21.9904899597168,0
18.9761600494385,0
11.5575847625732,0
2.64006042480469,0
-4.08901882171631,0
-6.6697211265564,0
-7.30760955810547,0
-9.93144512176514,0
-14.7721538543701,0
-18.2252368927002,0
-18.9266185760498,0
-20.3202476501465,0
-24.9739570617676,0
-29.7377529144287,0
-30.0911960601807,0
-26.9830684661865,0
-25.2299537658691,0
-26.4184761047363,0
-27.8509540557861,0
-28.2879581451416,0
-30.0755367279053,0
-34.4108428955078,0
-38.5725440979004,0
-39.942081451416,0
-39.5492630004883,0
-39.2489356994629,0
-38.2312545776367,0
-35.215461730957,0
-31.7116813659668,0
-29.6560878753662,0
-27.5472812652588,0
-22.8535671234131,0
-17.2908039093018,0
-15.3077526092529,0
-17.1185035705566,0
-17.6697368621826,0
-13.9820623397827,0
-9.53135967254639,0
-8.85015869140625,0
-11.031268119812,0
-11.8724813461304,0
-10.1679258346558,0
-8.12471294403076,0
-6.83236074447632,0
-5.29350805282593,0
-3.77372169494629,0
-4.28868246078491,0
-6.81895971298218,0
-8.12123584747314,0
-5.80465126037598,0
-1.33718824386597,0
2.46610593795776,0
4.98615264892578,0
7.20493984222412,0
9.22923946380615,0
10.3036966323853,0
10.2468538284302,0
9.20402431488037,0
6.8577036857605,0
3.48903012275696,0
0.90681654214859,0
0.363770991563797,0
0.103209555149078,0
-2.78503346443176,0
-7.91862010955811,0
-11.100658416748,0
-8.9940185546875,0
-2.74592709541321,0
4.01113224029541,0
9.44929027557373,0
14.3982448577881,0
19.5234203338623,0
23.3007583618164,0
23.4713478088379,0
20.0072154998779,0
15.903660774231,0
14.5452356338501,0
16.232442855835,0
17.8466625213623,0
16.4236583709717,0
12.5273180007935,0
9.14298629760742,0
7.56579208374023,0
5.90872287750244,0
2.15779089927673,0
-2.75130891799927,0
-6.11492824554443,0
-6.85251522064209,0
-6.27589416503906,0
-5.79307126998901,0
-5.36512517929077,0
-4.60097455978394,0
-4.16015195846558,0
-5.09033823013306,0
-7.10900926589966,0
-8.39204025268555,0
-7.48158931732178,0
-5.29074668884277,0
-4.74683618545532,0
-7.9524884223938,0
-13.8156652450562,0
-19.1348514556885,0
-22.0364856719971,0
-23.4490661621094,0
-25.014612197876,0
-26.8350563049316,0
-27.977575302124,0
-27.8498229980469,0
-25.9482898712158,0
-21.6839790344238,0
-16.1656227111816,0
-12.7724514007568,0
-13.4724082946777,0
-15.4403944015503,0
-14.2840433120728,0
-10.2183589935303,0
-7.47888898849487,0
-7.25499582290649,0
-5.44760322570801,0
0.668082773685455,0
7.65709972381592,0
11.2712459564209,0
13.4110345840454,0
18.9867458343506,0
27.3308982849121,0
31.9844245910645,0
29.48264503479,0
23.7479381561279,0
20.0791301727295,0
18.5914115905762,0
16.2362976074219,0
12.5062437057495,0
9.70979118347168,0
8.73072052001953,0
7.60086965560913,0
4.37929439544678,0
-0.574972867965698,0
-5.43676710128784,0
-8.57705974578857,0
-9.26564311981201,0
-8.02472877502441,0
-6.62459278106689,0
-6.77094316482544,0
-8.35420989990234,0
-9.45712757110596,0
-8.29757404327393,0
-5.04702138900757,0
-1.97356736660004,0
-1.82056355476379,0
-5.26571846008301,0
-9.68066024780273,0
-11.4652404785156,0
-10.1374549865723,0
-8.72654247283936,0
-9.34577083587646,0
-10.4439449310303,0
-10.2087955474854,0
-10.4197769165039,0
-13.7365350723267,0
-18.6554298400879,0
-21.2141227722168,0
-21.2818737030029,0
-22.733226776123,0
-26.7532005310059,0
-29.4673862457275,0
-27.8715839385986,0
-23.932804107666,0
-20.5232906341553,0
-17.3348731994629,0
-13.8080759048462,0
-12.1287822723389,0
-13.2311878204346,0
-13.1342220306396,0
-8.16353702545166,0
-1.50026631355286,0
0.720929741859436,0
-1.65900480747223,0
-3.32030582427979,0
-2.20276808738708,0
-1.85555827617645,0
-4.41689586639404,0
-6.87224531173706,0
-6.21042919158936,0
-3.60945177078247,0
-1.07660734653473,0
2.06330466270447,0
6.50198841094971,0
10.0927639007568,0
10.8096113204956,0
10.1613969802856,0
10.7085428237915,0
12.103720664978,0
12.4544343948364,0
12.0181503295898,0
12.5421800613403,0
13.9033145904541,0
14.2770557403564,0
13.289270401001,0
12.5123481750488,0
12.7923154830933,0
13.1171770095825,0
12.3861303329468,0
10.7596225738525,0
9.06481647491455,0
8.02895450592041,0
7.94268226623535,0
7.84409093856812,0
5.44218349456787,0
-0.44321870803833,0
-7.51849937438965,0
-12.1109180450439,0
-13.8885746002197,0
-16.1991539001465,0
-20.8287086486816,0
-25.0032196044922,0
-25.6340789794922,0
-24.2905235290527,0
-24.7206249237061,0
-26.7151775360107,0
-26.5168037414551,0
-23.4231262207031,0
-21.5728893280029,0
-23.5151119232178,0
-26.107702255249,0
-25.8104267120361,0
-24.608003616333,0
-26.4618949890137,0
-30.2112808227539,0
-31.0662879943848,0
-28.3804473876953,0
-26.8531742095947,0
-29.4751605987549,0
-33.8925514221191,0
-37.1132164001465,0
-39.5878829956055,0
-42.4315071105957,0
-44.120059967041,0
-42.7815208435059,0
-39.4038696289062,0
-36.1522827148438,0
-33.1964302062988,0
-29.4048023223877,0
-24.6738185882568,0
-19.4881992340088,0
-13.4156141281128,0
-5.98056936264038,0
1.82792556285858,0
8.3723030090332,0
12.8537969589233,0
15.0837097167969,0
15.1320600509644,0
14.2411365509033,0
14.5634346008301,0
16.7575340270996,0
19.2238960266113,0
20.7406940460205,0
22.1503009796143,0
24.2346744537354,0
25.8455448150635,0
25.7961311340332,0
24.9168758392334,0
24.4552516937256,0
23.9828681945801,0
22.7331409454346,0
21.4716205596924,0
20.925048828125,0
19.7246856689453,0
16.3368682861328,0
12.0876359939575,0
9.71316719055176,0
9.355712890625,0
8.50703525543213,0
5.94856309890747,0
3.32942867279053,0
2.16990447044373,0
1.30100202560425,0
-1.42612111568451,0
-5.9458122253418,0
-9.80983829498291,0
-11.0620765686035,0
-10.4540538787842,0
-10.4263381958008,0
-12.0902519226074,0
-13.7857751846313,0
-13.0914306640625,0
-9.86876010894775,0
-6.35397052764893,0
-4.19180679321289,0
-2.56781673431396,0
0.082692064344883,0
3.52056097984314,0
5.99600553512573,0
6.69353723526001,0
6.73389959335327,0
7.62150716781616,0
9.64585304260254,0
12.3434114456177,0
15.8323583602905,0
20.6134052276611,0
26.0182113647461,0
30.0393962860107,0
31.5594940185547,0
32.0025787353516,0
33.5619468688965,0
36.2014083862305,0
37.8741722106934,0
37.5465545654297,0
36.1862945556641,0
34.5053520202637,0
31.9028358459473,0
28.7169818878174,0
27.5296154022217,0
30.4120712280273,0
36.0269050598145,0
41.108829498291,0
44.0091018676758,0
45.4473571777344,0
46.6940307617188,0
48.4109382629395,0
50.4752159118652,0
51.7185287475586,0
50.7602767944336,0
48.1528396606445,0
46.3285446166992,0
46.1338386535645,0
45.2105102539062,0
41.744026184082,0
37.9628524780273,0
37.1661796569824,0
38.6402740478516,0
38.847900390625,0
37.1582794189453,0
36.9666748046875,0
40.631031036377,0
46.1125869750977,0
49.6170997619629,0
49.6139640808105,0
47.4879150390625,0
45.7560577392578,0
46.1331787109375,0
48.123950958252,0
49.4642753601074,0
49.0478439331055,0
48.7134857177734,0
50.4276924133301,0
52.6983184814453,0
52.4413795471191,0
49.9109420776367,0
48.6463012695312,0
50.3619575500488,0
53.1209297180176,0
55.228199005127,0
57.4836769104004,0
60.0921325683594,0
60.6879348754883,0
57.9792366027832,0
54.9021797180176,0
55.1488876342773,0
57.9800262451172,0
59.3515243530273,0
57.4351463317871,0
54.3472061157227,0
52.6512756347656,0
52.6792526245117,0
53.6426391601562,0
55.1128425598145,0
56.3980178833008,0
56.1309204101562,0
53.9574127197266,0
51.8873481750488,0
52.5782775878906,0
56.3040199279785,0
60.5832023620605,0
62.9542236328125,0
63.1836624145508,0
62.2534828186035,0
60.2451629638672,0
56.6718826293945,0
52.5508804321289,0
50.1638412475586,0
49.9501266479492,0
49.2583885192871,0
45.6279907226562,0
40.1777877807617,0
36.0495948791504,0
34.419620513916,0
34.2262840270996,0
35.3699111938477,0
39.4261589050293,0
46.4532012939453,0
53.3180656433105,0
56.4842567443848,0
55.0421867370605,0
50.1265144348145,0
43.1644515991211,0
36.1465225219727,0
31.9100303649902,0
31.8633899688721,0
34.0695152282715,0
35.5429306030273,0
36.0606651306152,0
37.7144088745117,0
40.7512245178223,0
42.0710792541504,0
38.7532615661621,0
31.6288928985596,0
24.312292098999,0
19.5921287536621,0
17.6888046264648,0
17.3379306793213,0
17.4584636688232,0
17.8115291595459,0
18.6935997009277,0
20.1696586608887,0
21.6088809967041,0
22.2678108215332,0
22.2863388061523,0
22.4444980621338,0
22.7702827453613,0
22.2954711914062,0
20.785737991333,0
19.8358058929443,0
21.112943649292,0
23.8423118591309,0
25.2382907867432,0
23.6400909423828,0
20.3019256591797,0
17.6035537719727,0
16.1350421905518,0
14.3330917358398,0
10.9746341705322,0
7.33466386795044,0
6.16934013366699,0
8.46086883544922,0
11.8813037872314,0
13.2180547714233,0
11.9278898239136,0
10.228982925415,0
9.89776229858398,0
10.655237197876,0
12.1982145309448,0
15.7298040390015,0
21.6355133056641,0
26.9535083770752,0
27.6674251556396,0
23.4248962402344,0
17.9038372039795,0
14.2474279403687,0
12.0726795196533,0
9.52955532073975,0
6.31017160415649,0
3.36230564117432,0
1.0639386177063,0
-0.785181045532227,0
-1.99494552612305,0
-2.51848220825195,0
-3.59959840774536,0
-6.98401021957397,0
-12.7785215377808,0
-19.0092830657959,0
-23.6895275115967,0
-26.846212387085,0
-30.1352119445801,0
-34.6099739074707,0
-39.1672821044922,0
-41.3812675476074,0
-39.8958358764648,0
-35.8156242370605,0
-31.5914249420166,0
-28.692907333374,0
-26.5408611297607,0
-23.5006618499756,0
-18.6578063964844,0
-12.7715625762939,0
-7.68019247055054,0
-4.58760738372803,0
-2.87344455718994,0
-0.975880920886993,0
1.51060211658478,0
3.30141139030457,0
3.27020883560181,0
2.07599806785583,0
1.37645792961121,0
1.96981823444366,0
3.29012870788574,0
4.3571834564209,0
4.82137250900269,0
5.3923773765564,0
7.27760887145996,0
10.6169357299805,0
13.7409057617188,0
15.1449460983276,0
15.9496974945068,0
18.5533313751221,0
22.6503925323486,0
24.9159832000732,0
23.5691947937012,0
20.9163227081299,0
19.8972225189209,0
20.3667697906494,0
20.7681312561035,0
21.3374214172363,0
22.943265914917,0
24.170166015625,0
22.4430770874023,0
17.4903621673584,0
11.4626960754395,0
6.24395418167114,0
2.61726927757263,0
1.17300963401794,0
1.80253660678864,0
3.01666951179504,0
3.8712432384491,0
5.67672824859619,0
9.55500316619873,0
13.3848552703857,0
14.0301265716553,0
12.0944957733154,0
11.6050081253052,0
14.9654979705811,0
20.6592025756836,0
26.0199813842773,0
30.1132011413574,0
33.772533416748,0
38.4943428039551,0
44.9805107116699,0
51.2637634277344,0
53.3534927368164,0
49.8165397644043,0
44.4317932128906,0
41.682991027832,0
40.9279861450195,0
38.2421875,0
32.8791999816895,0
27.9423236846924,0
25.0938587188721,0
22.8448543548584,0
20.3980121612549,0
18.935884475708,0
18.1151580810547,0
15.4543437957764,0
11.0110292434692,0
8.9539041519165,0
11.9522981643677,0
16.8718090057373,0
18.9005908966064,0
17.937614440918,0
17.8620719909668,0
20.4675598144531,0
23.0853099822998,0
22.588020324707,0
19.6932373046875,0
17.9147624969482,0
18.7402496337891,0
19.4369602203369,0
16.867395401001,0
12.5826005935669,0
11.5091066360474,0
15.009204864502,0
18.3433971405029,0
17.0954895019531,0
13.2532958984375,0
11.7231435775757,0
13.2923173904419,0
15.3653516769409,0
17.9708137512207,0
23.616870880127,0
31.2596378326416,0
35.8861351013184,0
35.5283546447754,0
34.0801658630371,0
35.2163124084473,0
37.7346267700195,0
39.4075965881348,0
41.5234794616699,0
46.1897048950195,0
51.9751091003418,0
55.8350601196289,0
57.4775619506836,0
58.491340637207,0
58.6270332336426,0
56.3860931396484,0
52.5834999084473,0
50.1574287414551,0
50.4726753234863,0
52.2528038024902,0
54.1394081115723,0
56.1914710998535,0
58.9412117004395,0
62.906135559082,0
68.7401809692383,0
75.7052688598633,0
80.2855224609375,0
79.0285491943359,0
73.1813430786133,0
67.8366546630859,0
65.5373229980469,0
63.3749313354492,0
58.0419883728027,0
51.2262229919434,0
47.3144111633301,0
47.3269309997559,0
48.2653541564941,0
47.9044075012207,0
46.9948806762695,0
46.3599624633789,0
45.0661239624023,0
43.0553245544434,0
42.964729309082,0
46.8312110900879,0
52.575366973877,0
56.5799369812012,0
59.0172500610352,0
63.5111694335938,0
71.2230758666992,0
78.4636764526367,0
81.8961486816406,0
83.7151794433594,0
88.8534545898438,0
97.8833770751953,0
105.479820251465,0
106.41886138916,0
101.174415588379,0
94.761833190918,0
91.5303039550781,0
92.1716232299805,0
94.6914978027344,0
96.7277908325195,0
97.0674057006836,0
96.016731262207,0
94.5803070068359,0
93.0085754394531,0
90.5256805419922,0
86.9100952148438,0
83.5212020874023,0
81.6185455322266,0
80.2433471679688,0
77.4851837158203,0
73.9035263061523,0
72.6633071899414,0
75.2319259643555,0
78.615234375,0
78.6373596191406,0
74.9578475952148,0
70.6691207885742,0
67.2614669799805,0
62.6499366760254,0
55.2293510437012,0
47.6567230224609,0
44.3199920654297,0
45.8593826293945,0
48.5305328369141,0
49.1321716308594,0
48.3354835510254,0
48.1416091918945,0
48.1090965270996,0
46.3157920837402,0
43.0361518859863,0
40.6261405944824,0
39.4915161132812,0
37.1000862121582,0
32.6133499145508,0
29.9312553405762,0
33.023868560791,0
39.4844207763672,0
42.5989074707031,0
40.2177047729492,0
37.6914672851562,0
40.0647010803223,0
44.7613677978516,0
45.4834594726562,0
41.2180862426758,0
36.980770111084,0
36.1752967834473,0
36.8794937133789,0
36.7658500671387,0
37.2521514892578,0
39.9814033508301,0
42.5132293701172,0
41.4216384887695,0
37.9838752746582,0
36.7821655273438,0
39.0901908874512,0
41.3982734680176,0
41.0423927307129,0
40.0234336853027,0
41.9340629577637,0
47.5384178161621,0
54.791316986084,0
61.2284660339355,0
64.9233093261719,0
64.883171081543,0
62.1071243286133,0
58.8971138000488,0
55.8370323181152,0
51.066162109375,0
44.0287132263184,0
37.9958839416504,0
36.4075202941895,0
37.9320106506348,0
37.9374694824219,0
34.4423866271973,0
29.9803009033203,0
27.5503921508789,0
27.3438816070557,0
28.091796875,0
29.1792488098145,0
30.0239734649658,0
29.1201305389404,0
25.4992256164551,0
20.4155025482178,0
16.2322750091553,0
14.0051040649414,0
13.1229457855225,0
12.8599119186401,0
13.0580883026123,0
13.2856206893921,0
12.5563898086548,0
10.5998868942261,0
8.74908924102783,0
8.54118537902832,0
9.47907829284668,0
9.32610321044922,0
7.26740169525146,0
5.72961950302124,0
7.60477018356323,0
12.1024227142334,0
15.2845420837402,0
15.1498050689697,0
14.2987098693848,0
16.386531829834,0
21.4868869781494,0
26.6600494384766,0
30.0093441009521,0
32.0512275695801,0
33.4745597839355,0
33.831714630127,0
32.9812545776367,0
32.0276527404785,0
31.75417137146,0
31.1997833251953,0
28.9491310119629,0
25.3543128967285,0
22.4224052429199,0
21.4483489990234,0
21.5370388031006,0
20.9805221557617,0
19.7930011749268,0
20.0184707641602,0
23.032039642334,0
27.288179397583,0
30.0588874816895,0
31.299861907959,0
33.9999084472656,0
39.7828903198242,0
45.7762031555176,0
47.6575202941895,0
44.936279296875,0
41.0553588867188,0
38.4739074707031,0
36.1237983703613,0
32.5260620117188,0
29.0715389251709,0
28.1697006225586,0
29.3533039093018,0
29.5863647460938,0
27.3430042266846,0
24.3372173309326,0
22.69580078125,0
22.1531524658203,0
21.0329341888428,0
18.6677322387695,0
15.6127614974976,0
12.5056886672974,0
10.1190805435181,0
9.64862728118896,0
11.16614818573,0
12.2427368164062,0
10.0321311950684,0
4.74362564086914,0
-0.631451964378357,0
-3.98204922676086,0
-5.60656023025513,0
-6.20513820648193,0
-5.79176902770996,0
-5.04578399658203,0
-5.14114761352539,0
-5.31611967086792,0
-3.23382496833801,0
1.07095289230347,0
4.49969005584717,0
5.73613405227661,0
7.5013165473938,0
11.5678462982178,0
15.0752649307251,0
15.511568069458,0
16.1733360290527,0
21.6499843597412,0
29.9933776855469,0
35.1176872253418,0
35.9466361999512,0
36.8854370117188,0
39.0248527526855,0
37.6805076599121,0
30.7587280273438,0
23.3430042266846,0
20.4340419769287,0
20.2692184448242,0
19.067195892334,0
17.903995513916,0
19.5432643890381,0
21.5653057098389,0
18.6325359344482,0
10.467472076416,0
2.44826722145081,0
-1.4576153755188,0
-2.0433189868927,0
-1.33956742286682,0
0.00631427671760321,0
1.3027970790863,0
1.32379055023193,0
0.0246912706643343,0
-1.84326875209808,0
-4.74500370025635,0
-9.13112354278564,0
-12.7135972976685,0
-12.5556964874268,0
-9.61760425567627,0
-7.22000455856323,0
-5.09929990768433,0
0.257870584726334,0
8.88471794128418,0
16.3953876495361,0
21.2615718841553,0
27.1596794128418,0
35.2924575805664,0
40.4297943115234,0
39.132984161377,0
36.5612869262695,0
39.0924034118652,0
44.2904434204102,0
45.089241027832,0
40.9873428344727,0
37.3343086242676,0
34.9969444274902,0
29.3403587341309,0
20.28759765625,0
14.9070863723755,0
16.5760536193848,0
18.4001502990723,0
12.3576364517212,0
0.298757314682007,0
-9.38859176635742,0
-12.9114770889282,0
-13.4923410415649,0
-14.3623504638672,0
-14.8350381851196,0
-13.7636489868164,0
-12.4517383575439,0
-12.1175575256348,0
-11.0056591033936,0
-6.38767385482788,0
1.40449512004852,0
8.84103393554688,0
13.2054986953735,0
15.3052740097046,0
17.4484634399414,0
20.0526752471924,0
22.1004009246826,0
24.3251762390137,0
29.0758895874023,0
36.1634826660156,0
41.7377586364746,0
43.3382949829102,0
43.5457496643066,0
45.7266807556152,0
48.291259765625,0
47.0098609924316,0
41.728687286377,0
36.3988418579102,0
32.8428001403809,0
29.2153930664062,0
25.16650390625,0
23.4574031829834,0
24.4934616088867,0
23.9172973632812,0
18.8749732971191,0
13.0684757232666,0
11.7771520614624,0
14.5539999008179,0
17.0517673492432,0
18.2817134857178,0
21.4477596282959,0
27.9966716766357,0
35.0628852844238,0
39.5002937316895,0
41.2207489013672,0
41.6886825561523,0
41.8682327270508,0
42.6889915466309,0
45.1327171325684,0
48.5438423156738,0
50.6247634887695,0
50.1885185241699,0
48.3810615539551,0
46.3762359619141,0
43.6390075683594,0
39.5561866760254,0
35.0956382751465,0
31.483341217041,0
28.6221923828125,0
26.198938369751,0
25.0223045349121,0
25.5873355865479,0
26.2713108062744,0
24.7274684906006,0
20.6367683410645,0
15.7466192245483,0
11.7887086868286,0
9.75134944915771,0
10.4379501342773,0
13.7430124282837,0
17.5208969116211,0
19.2467670440674,0
19.2877330780029,0
20.6943416595459,0
24.8241291046143,0
28.816333770752,0
29.0162792205811,0
25.9921188354492,0
24.2691059112549,0
27.1203861236572,0
33.2434616088867,0
39.0097770690918,0
42.4559898376465,0
43.9898681640625,0
44.3455352783203,0
43.5815582275391,0
41.8857192993164,0
39.8011665344238,0
37.2587394714355,0
33.449104309082,0
28.1307926177979,0
22.3645629882812,0
17.6200752258301,0
14.5594263076782,0
12.4888105392456,0
9.38722038269043,0
3.2458655834198,0
-5.0926833152771,0
-10.9674558639526,0
-10.0230493545532,0
-3.57585453987122,0
2.25316548347473,0
3.19889783859253,0
0.416147321462631,0
-3.01329636573792,0
-6.0724024772644,0
-8.82676410675049,0
-10.449746131897,0
-10.793628692627,0
-11.938346862793,0
-15.6443433761597,0
-20.7142105102539,0
-24.9803104400635,0
-28.2225551605225,0
-30.9656982421875,0
-32.4483833312988,0
-32.5383071899414,0
-33.6424903869629,0
-37.2873725891113,0
-40.3985900878906,0
-38.9096717834473,0
-34.1139678955078,0
-31.2829914093018,0
-32.316951751709,0
-34.0233612060547,0
-33.9162635803223,0
-33.2374267578125,0
-33.0288505554199,0
-31.5498561859131,0
-27.9995822906494,0
-25.4393520355225,0
-26.9999389648438,0
-31.3194122314453,0
-34.6358757019043,0
-36.0455169677734,0
-37.8815269470215,0
-41.435977935791,0
-44.9268455505371,0
-46.2303733825684,0
-45.898006439209,0
-46.2956733703613,0
-48.2309532165527,0
-49.6032257080078,0
-48.1483917236328,0
-44.9412651062012,0
-43.5014419555664,0
-44.9966659545898,0
-46.4211616516113,0
-45.0473289489746,0
-42.5208511352539,0
-41.7878112792969,0
-41.6727523803711,0
-38.4900131225586,0
-32.6018257141113,0
-28.9774188995361,0
-30.30495262146,0
-33.5748558044434,0
-35.197380065918,0
-35.7430152893066,0
-37.1300430297852,0
-38.4915962219238,0
-38.2031517028809,0
-37.5751724243164,0
-38.7906875610352,0
-40.5791702270508,0
-39.5257568359375,0
-35.0270767211914,0
-29.7844066619873,0
-25.7552700042725,0
-22.6594696044922,0
-20.4965686798096,0
-20.5742950439453,0
-23.309627532959,0
-27.1181125640869,0
-30.1048889160156,0
-31.3717937469482,0
-30.7681121826172,0
-29.2627372741699,0
-29.4107322692871,0
-33.0474510192871,0
-38.1059188842773,0
-40.0353050231934,0
-37.196418762207,0
-32.8142395019531,0
-30.5715255737305,0
-30.1254653930664,0
-28.3094730377197,0
-23.3513851165771,0
-16.4909057617188,0
-10.3364419937134,0
-6.81243324279785,0
-6.12641191482544,0
-6.87993955612183,0
-7.62338638305664,0
-8.71540069580078,0
-11.9739179611206,0
-18.1901798248291,0
-25.8458976745605,0
-32.5926475524902,0
-37.0678215026855,0
-39.0499458312988,0
-39.0761108398438,0
-38.4155693054199,0
-38.2767181396484,0
-38.5033302307129,0
-38.1032638549805,0
-37.2996139526367,0
-37.4491844177246,0
-38.289966583252,0
-37.1363410949707,0
-32.2056884765625,0
-25.3476543426514,0
-19.8098011016846,0
-16.1993103027344,0
-12.3216314315796,0
-6.53974390029907,0
0.214496329426765,0
5.66625833511353,0
8.32442283630371,0
8.35147571563721,0
6.91162919998169,0
4.5753607749939,0
0.46410009264946,0
-5.97883653640747,0
-12.2452516555786,0
-13.7579336166382,0
-9.00065326690674,0
-2.11651277542114,0
1.56061911582947,0
1.500821352005,0
1.23071587085724,0
2.29375100135803,0
1.96458995342255,0
-2.29716825485229,0
-8.75993633270264,0
-13.7192497253418,0
-16.4019794464111,0
-19.1710605621338,0
-23.057373046875,0
-25.5262317657471,0
-23.9704780578613,0
-19.897331237793,0
-17.4826698303223,0
-18.2037372589111,0
-19.1488151550293,0
-17.4029731750488,0
-14.0050830841064,0
-11.8645629882812,0
-11.3455696105957,0
-10.2774124145508,0
-7.56669664382935,0
-4.35413265228271,0
-1.80768084526062,0
-0.0583180785179138,0
0.725587546825409,0
0.557734251022339,0
1.05499875545502,0
4.15080070495605,0
8.89992046356201,0
11.873119354248,0
11.1870813369751,0
7.76318693161011,0
2.36328816413879,0
-5.43552255630493,0
-14.4274282455444,0
-21.477668762207,0
-25.8621273040771,0
-30.7169342041016,0
-37.9142112731934,0
-44.5182952880859,0
-46.9904174804688,0
-45.9656448364258,0
-43.6670341491699,0
-39.4860725402832,0
-32.2923393249512,0
-24.8957462310791,0
-21.2718048095703,0
-20.403190612793,0
-17.8785762786865,0
-13.3739891052246,0
-11.3326740264893,0
-13.2969026565552,0
-14.6666078567505,0
-11.4491186141968,0
-6.14735698699951,0
-3.77180409431458,0
-4.92551231384277,0
-6.38707447052002,0
-6.80453443527222,0
-8.18482685089111,0
-12.1333026885986,0
-17.6058521270752,0
-22.87184715271,0
-27.6466407775879,0
-32.5310287475586,0
-37.7168426513672,0
-43.1537170410156,0
-49.278736114502,0
-56.6220283508301,0
-64.5764312744141,0
-71.036018371582,0
-73.8119659423828,0
-72.6158752441406,0
-69.2757339477539,0
-65.6995849609375,0
-62.1890869140625,0
-58.3652610778809,0
-54.951229095459,0
-53.149772644043,0
-52.3128623962402,0
-49.8170166015625,0
-43.9576072692871,0
-36.0307159423828,0
-28.9589061737061,0
-24.6292762756348,0
-23.0408744812012,0
-23.0515003204346,0
-22.9290828704834,0
-20.6319770812988,0
-14.7258462905884,0
-5.51555299758911,0
4.91013669967651,0
13.9897499084473,0
20.2654590606689,0
23.8628444671631,0
25.5071601867676,0
25.430570602417,0
23.8958511352539,0
22.5261135101318,0
23.4818210601807,0
26.3849411010742,0
27.4804725646973,0
23.5704021453857,0
16.0600452423096,0
9.43435859680176,0
6.35783529281616,0
6.08937168121338,0
6.91143369674683,0
7.4140043258667,0
5.48287677764893,0
-0.745788633823395,0
-9.67884635925293,0
-16.5140228271484,0
-18.3669414520264,0
-17.3922080993652,0
-17.3814830780029,0
-19.1119232177734,0
-20.8671493530273,0
-21.9298114776611,0
-23.202766418457,0
-25.0867252349854,0
-26.817476272583,0
-27.7977619171143,0
-28.2211608886719,0
-28.5698108673096,0
-29.4409313201904,0
-31.3064727783203,0
-33.4277954101562,0
-33.6986541748047,0
-30.7696399688721,0
-25.8375587463379,0
-21.2620677947998,0
-17.9134883880615,0
-14.8941431045532,0
-11.3315172195435,0
-7.38041400909424,0
-3.81108736991882,0
-1.37513935565948,0
-0.0860880315303802,0
1.3762720823288,0
4.55170297622681,0
8.69685554504395,0
10.5244207382202,0
7.59301519393921,0
1.17445623874664,0
-5.07951593399048,0
-8.3262186050415,0
-7.85771083831787,0
-5.09413528442383,0
-3.41283988952637,0
-5.82435989379883,0
-10.9393186569214,0
-13.3842191696167,0
-10.6539611816406,0
-7.2824273109436,0
-8.87508487701416,0
-14.2260847091675,0
-18.1377696990967,0
-20.6922950744629,0
-27.3060512542725,0
-38.5565567016602,0
-46.5922393798828,0
-45.4106903076172,0
-39.6237754821777,0
-37.8119163513184,0
-40.5728073120117,0
-41.242862701416,0
-36.8790397644043,0
-31.9369430541992,0
-30.3951282501221,0
-30.2545948028564,0
-28.3549251556396,0
-25.8250007629395,0
-25.0268688201904,0
-24.4477062225342,0
-21.0075054168701,0
-15.6782884597778,0
-12.5000095367432,0
-12.537841796875,0
-12.7110996246338,0
-10.9012050628662,0
-8.72227573394775,0
-8.28879737854004,0
-9.28172874450684,0
-10.6878204345703,0
-12.9656562805176,0
-16.6757392883301,0
-20.7610607147217,0
-23.9434986114502,0
-26.4952144622803,0
-29.1452198028564,0
-31.4992370605469,0
-32.9459228515625,0
-33.8437919616699,0
-34.3874702453613,0
-33.7121810913086,0
-31.8452568054199,0
-31.1737327575684,0
-33.7768898010254,0
-38.1740303039551,0
-41.0045051574707,0
-41.5035095214844,0
-42.0830421447754,0
-44.5006484985352,0
-47.5161972045898,0
-48.7786331176758,0
-47.5342979431152,0
-45.0264167785645,0
-43.2010307312012,0
-43.0950202941895,0
-43.7044715881348,0
-42.8046531677246,0
-39.7191619873047,0
-36.3282089233398,0
-33.9263496398926,0
-30.3590393066406,0
-22.8798065185547,0
-13.4058656692505,0
-7.79107093811035,0
-9.00509738922119,0
-13.6048278808594,0
-16.3996315002441,0
-16.5216655731201,0
-16.974552154541,0
-19.654052734375,0
-23.1525192260742,0
-25.15016746521,0
-25.1012668609619,0
-24.2903289794922,0
-24.5026416778564,0
-27.1241092681885,0
-32.7987060546875,0
-41.3284683227539,0
-51.7444648742676,0
-62.209098815918,0
-69.8668365478516,0
-71.885871887207,0
-67.9978103637695,0
-61.9109916687012,0
-58.7868461608887,0
-60.551197052002,0
-64.411491394043,0
-66.5687255859375,0
-66.4805755615234,0
-66.4950790405273,0
-68.2362594604492,0
-71.1065673828125,0
-73.9688415527344,0
-75.9857559204102,0
-75.2348175048828,0
-68.9862823486328,0
-57.1906814575195,0
-44.003345489502,0
-33.5738677978516,0
-25.3615093231201,0
-16.0260353088379,0
-5.17672491073608,0
3.76034879684448,0
8.51980304718018,0
10.8108243942261,0
13.1651649475098,0
15.580171585083,0
16.7922916412354,0
16.7162952423096,0
15.8223304748535,0
13.8659029006958,0
11.1615371704102,0
9.52264022827148,0
9.72972869873047,0
9.45969390869141,0
6.42495107650757,0
2.70176124572754,0
2.81547737121582,0
7.42575788497925,0
11.8509073257446,0
11.6971797943115,0
7.46748113632202,0
2.41706657409668,0
-1.80742299556732,0
-5.46693754196167,0
-8.29752159118652,0
-9.14071655273438,0
-7.68628883361816,0
-5.05473852157593,0
-2.72514867782593,0
-1.70166373252869,0
-2.22439670562744,0
-3.48607993125916,0
-4.28578805923462,0
-4.65452575683594,0
-5.75245237350464,0
-7.3036470413208,0
-6.86111688613892,0
-3.40199112892151,0
0.0388204604387283,0
0.0330920964479446,0
-2.10754728317261,0
-2.19596600532532,0
0.378428637981415,0
2.01821684837341,0
1.19194006919861,0
1.07797861099243,0
4.15113115310669,0
7.88913059234619,0
8.50701522827148,0
5.92553520202637,0
2.10986065864563,0
-2.82542777061462,0
-9.52338218688965,0
-16.6333656311035,0
-22.6238956451416,0
-28.4204540252686,0
-34.8429756164551,0
-39.7862586975098,0
-42.2123374938965,0
-46.4933395385742,0
-56.9815063476562,0
-69.6495056152344,0
-75.9817047119141,0
-75.3781127929688,0
-76.4309310913086,0
-83.9710006713867,0
-92.0426254272461,0
-93.4984664916992,0
-90.1882400512695,0
-88.3691482543945,0
-89.1017761230469,0
-89.4662017822266,0
-89.708251953125,0
-92.308479309082,0
-95.7589416503906,0
-95.8924026489258,0
-93.02490234375,0
-91.9312057495117,0
-94.4217987060547,0
-97.2582244873047,0
-98.1609115600586,0
-98.7422332763672,0
-100.020935058594,0
-99.7628173828125,0
-96.5102310180664,0
-92.4118576049805,0
-89.7185211181641,0
-87.8351287841797,0
-86.2208404541016,0
-86.8142700195312,0
-90.3522720336914,0
-92.9177474975586,0
-89.9923629760742,0
-82.6851425170898,0
-76.5189437866211,0
-74.6223907470703,0
-75.1736221313477,0
-75.3021621704102,0
-74.2836837768555,0
-72.161018371582,0
-68.0540313720703,0
-61.6387100219727,0
-54.7450370788574,0
-49.6401443481445,0
-46.3594741821289,0
-43.2732162475586,0
-40.0383338928223,0
-38.352294921875,0
-39.2845649719238,0
-41.2607955932617,0
-41.9458770751953,0
-41.3849258422852,0
-41.7193565368652,0
-44.0261077880859,0
-47.3293228149414,0
-51.1751518249512,0
-57.0629119873047,0
-65.880126953125,0
-75.5888671875,0
-83.4560012817383,0
-89.4378967285156,0
-95.1555328369141,0
-100.454742431641,0
-103.693000793457,0
-105.042373657227,0
-106.437393188477,0
-107.855178833008,0
-106.675094604492,0
-101.772605895996,0
-95.4703979492188,0
-89.9863433837891,0
-84.5672378540039,0
-77.9682235717773,0
-71.2135772705078,0
-65.4555282592773,0
-59.2987403869629,0
-51.2021408081055,0
-42.7929801940918,0
-36.3949508666992,0
-30.5122623443604,0
-21.8390979766846,0
-11.6221494674683,0
-5.74983263015747,0
-7.21385669708252,0
-12.0834302902222,0
-15.1185960769653,0
-16.444845199585,0
-19.6904754638672,0
-25.5103149414062,0
-30.6931743621826,0
-33.2711410522461,0
-34.8493347167969,0
-36.8014755249023,0
-37.1579360961914,0
-33.5498809814453,0
-27.4705181121826,0
-22.9041957855225,0
-21.4760837554932,0
-21.778694152832,0
-23.3592643737793,0
-27.916748046875,0
-35.2730369567871,0
-41.5688095092773,0
-44.2853355407715,0
-46.5362129211426,0
-52.6261024475098,0
-60.9467239379883,0
-65.7896728515625,0
-65.7544784545898,0
-65.2799377441406,0
-66.7533798217773,0
-66.2042007446289,0
-59.6756134033203,0
-49.711124420166,0
-41.4891929626465,0
-35.3123664855957,0
-27.429500579834,0
-16.8175220489502,0
-6.5586314201355,0
1.35246407985687,0
8.44335174560547,0
16.1737194061279,0
23.2425365447998,0
27.9361267089844,0
30.7509384155273,0
32.9961433410645,0
34.366886138916,0
33.6213417053223,0
30.9664154052734,0
28.3817920684814,0
27.5121059417725,0
27.8443012237549,0
27.1925563812256,0
23.9367828369141,0
18.5072364807129,0
12.1881799697876,0
4.77305221557617,0
-5.26842403411865,0
-17.9245281219482,0
-30.5421695709229,0
-40.6897430419922,0
-48.7355270385742,0
-56.1623077392578,0
-62.737174987793,0
-67.4345092773438,0
-71.206916809082,0
-76.3512496948242,0
-83.3296890258789,0
-90.4383773803711,0
-96.5360641479492,0
-101.757209777832,0
-105.382652282715,0
-105.702575683594,0
-102.948707580566,0
-99.9811401367188,0
-98.6348190307617,0
-97.3780059814453,0
-94.2643432617188,0
-90.3432998657227,0
-87.8327484130859,0
-86.1355438232422,0
-82.4197998046875,0
-75.9721145629883,0
-69.4414596557617,0
-65.1336822509766,0
-62.0758857727051,0
-57.8654708862305,0
-52.0308151245117,0
-46.2213172912598,0
-41.8243713378906,0
-38.6018753051758,0
-35.2863349914551,0
-30.5193748474121,0
-23.6067504882812,0
-15.6107540130615,0
-9.67940902709961,0
-8.90642833709717,0
-13.1538105010986,0
-18.7063827514648,0
-21.6279106140137,0
-20.94162940979,0
-18.2617416381836,0
-15.2829160690308,0
-12.3168296813965,0
-8.28960609436035,0
-1.06204307079315,0
11.4340877532959,0
28.9027557373047,0
47.8855247497559,0
64.6000747680664,0
78.2354278564453,0
90.1185150146484,0
100.42350769043,0
107.988212585449,0
113.111152648926,0
117.614570617676,0
121.393676757812,0
121.680335998535,0
117.074394226074,0
109.691291809082,0
101.500480651855,0
91.0802917480469,0
76.4500885009766,0
58.9006652832031,0
41.1078491210938,0
23.3778476715088,0
5.17237901687622,0
-11.2700452804565,0
-23.0015354156494,0
-31.2534008026123,0
-39.7573280334473,0
-48.1706924438477,0
-52.0107460021973,0
-50.287052154541,0
-48.3571319580078,0
-50.6083297729492,0
-54.2886962890625,0
-54.0485534667969,0
-49.6836776733398,0
-45.5374908447266,0
-44.0478401184082,0
-43.6639099121094,0
-42.2844200134277,0
-39.4707107543945,0
-35.6817283630371,0
-32.1527137756348,0
-31.2234573364258,0
-34.2015838623047,0
-39.1742477416992,0
-43.2936134338379,0
-46.5758590698242,0
-50.6176452636719,0
-54.3146362304688,0
-54.7978248596191,0
-52.949878692627,0
-53.6070861816406,0
-58.4156913757324,0
-62.3940124511719,0
-60.7022361755371,0
-55.8833236694336,0
-54.3478889465332,0
-57.1738166809082,0
-58.6626472473145,0
-54.0196876525879,0
-44.7240905761719,0
-35.3370132446289,0
-28.0857238769531,0
-22.272367477417,0
-16.8120021820068,0
-11.3573169708252,0
-6.09873723983765,0
-1.94743931293488,0
0.0289989951997995,0
0.453007757663727,0
1.65033304691315,0
4.42474842071533,0
6.11071920394897,0
3.75726580619812,0
-1.58901715278625,0
-5.87718820571899,0
-6.88040399551392,0
-5.85073375701904,0
-4.53076124191284,0
-3.11396527290344,0
-1.88937842845917,0
-2.3987283706665,0
-5.1639666557312,0
-7.81804227828979,0
-7.59473276138306,0
-5.07890176773071,0
-3.62400460243225,0
-5.07250308990479,0
-7.6345386505127,0
-8.4472599029541,0
-7.03482627868652,0
-5.41795539855957,0
-5.40074586868286,0
-6.57226705551147,0
-6.87639236450195,0
-4.61582279205322,0
-0.00116193783469498,0
4.60033893585205,0
5.85733652114868,0
1.96112847328186,0
-5.0330982208252,0
-9.79100322723389,0
-8.06728458404541,0
-0.932287454605103,0
6.29513502120972,0
9.61362457275391,0
9.58298110961914,0
8.50530052185059,0
6.36934089660645,0
1.73888576030731,0
-4.31621170043945,0
-8.0810604095459,0
-7.65954208374023,0
-5.4074649810791,0
-4.55851316452026,0
-4.86675500869751,0
-3.28771257400513,0
1.70835435390472,0
8.19251155853271,0
13.0427360534668,0
14.6644563674927,0
13.2465009689331,0
9.94090843200684,0
6.81281757354736,0
6.32916736602783,0
9.05031585693359,0
12.0911512374878,0
11.7748775482178,0
8.28558921813965,0
5.8725061416626,0
7.34779977798462,0
10.1343460083008,0
9.73297214508057,0
5.87769746780396,0
2.54520010948181,0
2.10355472564697,0
2.38313817977905,0
0.401208132505417,0
-3.56304383277893,0
-7.20085430145264,0
-9.56029605865479,0
-11.2836713790894,0
-12.7789812088013,0
-14.1796560287476,0
-16.3328170776367,0
-19.8070011138916,0
-23.168981552124,0
-23.9822978973389,0
-21.5616359710693,0
-17.4015254974365,0
-12.9831600189209,0
-8.59473037719727,0
-4.35157299041748,0
-0.778736174106598,0
2.18490767478943,0
5.49271583557129,0
9.44739151000977,0
12.6378726959229,0
13.325098991394,0
11.6514644622803,0
9.85231113433838,0
10.1371765136719,0
12.3816604614258,0
13.8656511306763,0
11.5899515151978,0
5.29045104980469,0
-2.03581857681274,0
-7.10428905487061,0
-9.54374313354492,0
-11.3711957931519,0
-13.684458732605,0
-15.431492805481,0
-15.8932867050171,0
-16.6586894989014,0
-19.5278549194336,0
-23.3212223052979,0
-24.8141078948975,0
-22.9863777160645,0
-20.4406051635742,0
-19.614673614502,0
-19.037296295166,0
-15.107985496521,0
-7.25739622116089,0
0.382673859596252,0
3.2220504283905,0
1.45423483848572,0
0.2746262550354,0
4.65207004547119,0
13.9187889099121,0
21.8358192443848,0
22.6212329864502,0
17.0351829528809,0
11.6770534515381,0
11.8160381317139,0
16.0318775177002,0
19.0328826904297,0
18.5452651977539,0
17.1464519500732,0
17.50146484375,0
18.4826164245605,0
17.1284465789795,0
12.3339672088623,0
4.82271528244019,0
-5.01623678207397,0
-16.9298648834229,0
-29.0025825500488,0
-38.3630180358887,0
-44.0889930725098,0
-47.8923301696777,0
-51.5572471618652,0
-55.0501861572266,0
-57.5412826538086,0
-58.7743225097656,0
-58.5395050048828,0
-56.0901870727539,0
-51.4432907104492,0
-46.4895172119141,0
-43.2948570251465,0
-41.5801963806152,0
-39.4020195007324,0
-36.3559226989746,0
-34.3312950134277,0
-34.3601951599121,0
-34.4887847900391,0
-32.4978179931641,0
-29.6597442626953,0
-29.4601860046387,0
-32.6165046691895,0
-35.6635932922363,0
-35.2793655395508,0
-32.0295372009277,0
-28.4840564727783,0
-25.3295192718506,0
-21.3507289886475,0
-16.2867488861084,0
-11.4852733612061,0
-7.88189888000488,0
-5.15040063858032,0
-2.92620277404785,0
-1.29082190990448,0
0.0663163736462593,0
1.59552788734436,0
2.54166269302368,0
1.42933619022369,0
-1.53348159790039,0
-3.85819053649902,0
-3.35169911384583,0
-0.475645571947098,0
2.31036901473999,0
2.85754656791687,0
0.889211177825928,0
-1.83229804039001,0
-2.89782857894897,0
-1.87354707717896,0
-1.43202197551727,0
-4.5218448638916,0
-10.4500913619995,0
-15.4130659103394,0
-17.1006164550781,0
-16.9535713195801,0
-17.3998165130615,0
-18.8512134552002,0
-20.4217147827148,0
-21.8436126708984,0
-23.2948799133301,0
-24.4794025421143,0
-24.9372253417969,0
-24.323055267334,0
-21.9807281494141,0
-17.9235305786133,0
-14.762017250061,0
-16.164981842041,0
-21.8727416992188,0
-26.6385307312012,0
-26.3750782012939,0
-23.2449131011963,0
-21.8881282806396,0
-22.6347599029541,0
-22.3212947845459,0
-20.6879711151123,0
-21.2307472229004,0
-25.2185478210449,0
-29.4751758575439,0
-31.9784889221191,0
-35.5694885253906,0
-42.8826942443848,0
-50.5629997253418,0
-52.7168807983398,0
-48.9501953125,0
-45.0200119018555,0
-45.404857635498,0
-48.4898376464844,0
-49.7535133361816,0
-46.8366622924805,0
-40.2808837890625,0
-31.8150634765625,0
-23.8927192687988,0
-19.3511371612549,0
-19.3454685211182,0
-21.9857063293457,0
-24.2606887817383,0
-24.8884315490723,0
-24.4767360687256,0
-23.8400897979736,0
-23.4413890838623,0
-23.6968650817871,0
-24.2153720855713,0
-23.1129150390625,0
-18.7998085021973,0
-12.5734434127808,0
-7.88974475860596,0
-6.55332660675049,0
-6.84500408172607,0
-6.04690313339233,0
-3.72724843025208,0
-1.61077451705933,0
-1.02226674556732,0
-1.7160392999649,0
-3.00566387176514,0
-4.73312425613403,0
-6.59451770782471,0
-7.37767696380615,0
-5.87965822219849,0
-2.54252672195435,0
0.529765248298645,0
1.41873919963837,0
-0.0699071884155273,0
-2.57200860977173,0
-4.05531740188599,0
-2.42667984962463,0
3.42531251907349,0
12.0204439163208,0
19.4119358062744,0
22.3879356384277,0
21.5309047698975,0
19.9846649169922,0
19.3340644836426,0
18.1178665161133,0
14.5494661331177,0
9.02648830413818,0
3.12528228759766,0
-2.5605673789978,0
-8.43283176422119,0
-14.5949678421021,0
-20.6461505889893,0
-26.2431869506836,0
-31.0280094146729,0
-34.5467529296875,0
-36.9820213317871,0
-39.2672424316406,0
-41.6464042663574,0
-42.9556465148926,0
-42.3832168579102,0
-40.9985275268555,0
-40.0843086242676,0
-38.8893432617188,0
-36.151969909668,0
-33.393238067627,0
-34.0224838256836,0
-38.62841796875,0
-43.6513557434082,0
-45.9267616271973,0
-46.3459358215332,0
-47.3866653442383,0
-49.1208114624023,0
-50.0794563293457,0
-50.5780372619629,0
-52.2309455871582,0
-54.7094650268555,0
-55.8335113525391,0
-54.9584655761719,0
-53.7162094116211,0
-53.156623840332,0
-52.7772331237793,0
-52.8906898498535,0
-55.0594520568848,0
-58.972843170166,0
-61.6193046569824,0
-61.29833984375,0
-59.9919090270996,0
-59.6611557006836,0
-58.6359367370605,0
-54.598560333252,0
-49.3141937255859,0
-46.9087600708008,0
-48.3087768554688,0
-50.7449760437012,0
-52.3092384338379,0
-53.4276924133301,0
-53.6916770935059,0
-51.2249412536621,0
-46.7581329345703,0
-45.0221900939941,0
-49.488109588623,0
-57.5788536071777,0
-63.5234031677246,0
-64.877197265625,0
-64.0694274902344,0
-64.1490173339844,0
-65.1457977294922,0
-64.8240051269531,0
-61.5199966430664,0
-55.627269744873,0
-48.9579467773438,0
-43.1363983154297,0
-38.5307922363281,0
-34.5463523864746,0
-30.5732460021973,0
-26.283088684082,0
-21.454137802124,0
-16.4099884033203,0
-12.5148019790649,0
-11.2566375732422,0
-12.749963760376,0
-15.9033422470093,0
-19.7670516967773,0
-23.5435752868652,0
-25.6986808776855,0
-25.0391159057617,0
-22.929313659668,0
-22.2855052947998,0
-23.4773101806641,0
-23.3716926574707,0
-20.104944229126,0
-17.0737342834473,0
-19.7610683441162,0
-29.1009483337402,0
-40.0535850524902,0
-46.8992767333984,0
-48.4478034973145,0
-47.7447929382324,0
-48.012996673584,0
-49.8341445922852,0
-51.8753814697266,0
-53.2929954528809,0
-54.4720649719238,0
-55.293571472168,0
-53.9794616699219,0
-49.1823806762695,0
-42.6925354003906,0
-37.9496078491211,0
-35.5097732543945,0
-32.1777000427246,0
-25.6811485290527,0
-18.0509452819824,0
-12.4968795776367,0
-8.6107292175293,0
-3.15644788742065,0
5.21395587921143,0
14.5952625274658,0
22.9738101959229,0
30.1697216033936,0
36.0857009887695,0
39.3674201965332,0
39.3100662231445,0
37.729850769043,0
37.2094688415527,0
37.9079742431641,0
37.5753364562988,0
34.8335380554199,0
31.084379196167,0
28.3280563354492,0
26.0539531707764,0
21.9066276550293,0
15.3580532073975,0
8.70942401885986,0
3.43996572494507,0
-2.42503905296326,0
-11.143967628479,0
-21.0444412231445,0
-28.6943950653076,0
-34.475513458252,0
-41.7986297607422,0
-50.3446578979492,0
-55.0522880554199,0
-54.1633262634277,0
-53.4347877502441,0
-58.0942115783691,0
-64.5571899414062,0
-66.0555191040039,0
-64.0066146850586,0
-66.4208602905273,0
-75.0376281738281,0
-81.6914443969727,0
-80.0885772705078,0
-74.5966033935547,0
-72.8523101806641,0
-74.8142929077148,0
-75.0993881225586,0
-72.9561309814453,0
-73.1060943603516,0
-77.3487319946289,0
-81.5302886962891,0
-82.0143585205078,0
-80.2198791503906,0
-78.7489166259766,0
-77.0664367675781,0
-73.7925033569336,0
-70.2937927246094,0
-68.6686782836914,0
-67.772216796875,0
-64.4668884277344,0
-58.3542938232422,0
-52.4816513061523,0
-48.8918914794922,0
-45.4837913513184,0
-38.3256988525391,0
-26.1500091552734,0
-11.7046499252319,0
0.97576504945755,0
9.93712615966797,0
15.8822679519653,0
20.1180305480957,0
23.0930767059326,0
25.396068572998,0
28.8389663696289,0
34.749137878418,0
41.5871772766113,0
46.4029960632324,0
48.9839820861816,0
52.278923034668,0
57.6733932495117,0
62.1254005432129,0
61.8984565734863,0
57.390869140625,0
51.8996353149414,0
46.8468971252441,0
41.0269546508789,0
34.0558433532715,0
27.5161037445068,0
22.0913639068604,0
16.027551651001,0
7.63560009002686,0
-2.2358386516571,0
-11.2956247329712,0
-18.3305015563965,0
-23.8036575317383,0
-28.6391773223877,0
-32.9511299133301,0
-35.6866035461426,0
-35.8484115600586,0
-34.7711982727051,0
-36.2431144714355,0
-42.5131454467773,0
-50.5645713806152,0
-54.7531661987305,0
-53.6457557678223,0
-51.9845657348633,0
-54.7337989807129,0
-61.0254898071289,0
-65.5823059082031,0
-64.9862899780273,0
-60.9515724182129,0
-57.850456237793,0
-58.199577331543,0
-60.6564903259277,0
-62.0568504333496,0
-61.253288269043,0
-60.2752113342285,0
-61.0962295532227,0
-62.524585723877,0
-62.1758155822754,0
-60.5354423522949,0
-60.1264305114746,0
-60.8324127197266,0
-59.6407814025879,0
-55.9237937927246,0
-53.1826972961426,0
-53.4788513183594,0
-53.6172828674316,0
-49.9178886413574,0
-43.9621543884277,0
-39.9189872741699,0
-38.2288246154785,0
-35.9715042114258,0
-32.1251525878906,0
-28.1503086090088,0
-23.8866786956787,0
-17.1143455505371,0
-7.43304967880249,0
3.14451742172241,0
13.807520866394,0
25.6055583953857,0
38.2254638671875,0
49.9339981079102,0
61.2661056518555,0
74.676399230957,0
89.6214828491211,0
102.454307556152,0
112.719680786133,0
124.647163391113,0
139.634658813477,0
151.909118652344,0
155.644195556641,0
152.693649291992,0
148.756973266602,0
144.865768432617,0
137.830017089844,0
127.23461151123,0
116.460113525391,0
107.034637451172,0
96.7301940917969,0
83.839111328125,0
69.5541305541992,0
55.3262252807617,0
40.9614219665527,0
26.2078685760498,0
11.8337669372559,0
-1.55621039867401,0
-14.0338850021362,0
-25.61692237854,0
-36.5486030578613,0
-47.6130142211914,0
-58.3526649475098,0
-66.3149108886719,0
-70.8248062133789,0
-76.2316436767578,0
-87.6272964477539,0
-103.626411437988,0
-117.303619384766,0
-124.791290283203,0
-129.179183959961,0
-134.786376953125,0
-141.301742553711,0
-145.813949584961,0
-147.821426391602,0
-149.33154296875,0
-151.296234130859,0
-152.437805175781,0
-151.413589477539,0
-148.685119628906,0
-146.148590087891,0
-145.460250854492,0
-146.576644897461,0
-147.874908447266,0
-148.098022460938,0
-147.854690551758,0
-148.367919921875,0
-149.165771484375,0
-148.316925048828,0
-144.830841064453,0
-139.457046508789,0
-133.107879638672,0
-125.980194091797,0
-118.440315246582,0
-111.171661376953,0
-103.829544067383,0
-94.9742050170898,0
-84.2522048950195,0
-73.4877853393555,0
-64.4022674560547,0
-55.9166603088379,0
-44.9902687072754,0
-29.9932022094727,0
-12.1195087432861,0
6.80994844436646,0
26.9257755279541,0
49.7544136047363,0
75.3984756469727,0
101.377586364746,0
124.73755645752,0
144.599990844727,0
161.941497802734,0
177.379638671875,0
190.114990234375,0
198.857162475586,0
202.807693481445,0
201.611511230469,0
195.138153076172,0
183.539703369141,0
167.021377563477,0
145.663269042969,0
120.271141052246,0
93.4363174438477,0
68.7446517944336,0
48.2751998901367,0
31.1274147033691,0
14.6991529464722,0
-2.64245128631592,0
-20.0845832824707,0
-35.3826370239258,0
-47.364200592041,0
-57.1670036315918,0
-66.4989776611328,0
-75.21875,0
-82.0816955566406,0
-87.703010559082,0
-94.4703903198242,0
-102.673126220703,0
-109.192863464355,0
-111.833145141602,0
-112.700225830078,0
-114.73494720459,0
-116.756736755371,0
-115.228485107422,0
-109.834381103516,0
-103.704551696777,0
-98.433349609375,0
-92.5541229248047,0
-85.4044647216797,0
-78.9485855102539,0
-74.4120101928711,0
-69.9203948974609,0
-63.1704216003418,0
-54.4353713989258,0
-45.4474411010742,0
-37.0208053588867,0
-29.2657318115234,0
-22.7988033294678,0
-18.2000904083252,0
-14.9134855270386,0
-11.6905860900879,0
-7.87219667434692,0
-4.04565238952637,0
-1.86227595806122,0
-2.78233313560486,0
-6.09709119796753,0
-8.79803466796875,0
-8.52951431274414,0
-5.74516153335571,0
-1.62223637104034,0
4.35366582870483,0
12.1088094711304,0
18.1282367706299,0
19.0823154449463,0
17.6657581329346,0
20.0212478637695,0
26.8834781646729,0
32.4276351928711,0
33.5134315490723,0
34.5933609008789,0
40.0802879333496,0
46.7562026977539,0
48.8339462280273,0
47.2201690673828,0
47.9035224914551,0
52.8124160766602,0
58.243293762207,0
62.152530670166,0
67.1440963745117,0
74.8551177978516,0
82.5051727294922,0
87.5884246826172,0
91.9596939086914,0
98.0997543334961,0
104.543464660645,0
108.866775512695,0
113.036392211914,0
121.420104980469,0
134.433212280273,0
148.837310791016,0
164.753799438477,0
187.389602661133,0
219.200622558594,0
254.708938598633,0
288.775909423828,0
329.465667724609,0
396.74462890625,0
503.738494873047,0
638.836486816406,0
767.57373046875,0
853.305358886719,0
878.7412109375,0
852.181396484375,0
796.835388183594,0
734.234008789062,0
674.770324707031,0
620.00146484375,0
570.048095703125,0
526.297912597656,0
488.088073730469,0
450.95556640625,0
410.892639160156,0
368.824371337891,0
328.436309814453,0
290.594421386719,0
252.788299560547,0
213.865615844727,0
176.099075317383,0
141.541961669922,0
109.10767364502,0
77.1794204711914,0
47.1228561401367,0
21.7662792205811,0
1.34480142593384,0
-16.7861976623535,0
-34.7395057678223,0
-52.2743873596191,0
-68.1609039306641,0
-81.5423355102539,0
-91.9879989624023,0
-100.058151245117,0
-108.027328491211,0
-118.100799560547,0
-129.26252746582,0
-137.688034057617,0
-141.251998901367,0
-141.992233276367,0
-142.881408691406,0
-143.800079345703,0
-142.625213623047,0
-139.229415893555,0
-135.989700317383,0
-134.347946166992,0
-132.989761352539,0
-130.156280517578,0
-126.210990905762,0
-122.719390869141,0
-119.70272064209,0
-115.026077270508,0
-106.719116210938,0
-95.4082794189453,0
-84.0551605224609,0
-75.1880264282227,0
-68.6116943359375,0
-62.1627082824707,0
-54.4114723205566,0
-45.7483787536621,0
-36.8372230529785,0
-27.4647884368896,0
-17.8236255645752,0
-9.66277313232422,0
-4.51345205307007,0
-1.25316894054413,0
2.96964287757874,0
9.47137546539307,0
17.1375713348389,0
24.8323860168457,0
33.1496734619141,0
43.2289428710938,0
55.0147705078125,0
67.359504699707,0
79.047233581543,0
89.2466049194336,0
97.7401275634766,0
105.21940612793,0
112.785438537598,0
120.856971740723,0
129.095092773438,0
137.388076782227,0
146.086624145508,0
155.304092407227,0
165.058166503906,0
176.109420776367,0
189.26042175293,0
203.550994873047,0
216.735412597656,0
228.173385620117,0
239.626388549805,0
252.260467529297,0
264.530181884766,0
274.399963378906,0
282.145050048828,0
289.210327148438,0
295.585906982422,0
300.449859619141,0
304.549255371094,0
309.55078125,0
315.267944335938,0
319.770843505859,0
322.370849609375,0
324.510894775391,0
327.527038574219,0
331.535736083984,0
336.775970458984,0
343.703216552734,0
350.886413574219,0
355.039947509766,0
354.656768798828,0
352.077911376953,0
350.589569091797,0
350.924377441406,0
352.102935791016,0
354.141387939453,0
357.664947509766,0
361.618133544922,0
363.755157470703,0
363.577728271484,0
363.053039550781,0
364.065826416016,0
366.478118896484,0
369.043518066406,0
371.076873779297,0
372.747802734375,0
374.555236816406,0
376.921936035156,0
379.768341064453,0
382.359954833984,0
384.094421386719,0
385.324035644531,0
386.716522216797,0
388.015441894531,0
388.350799560547,0
387.631683349609,0
386.546539306641,0
385.231506347656,0
383.220428466797,0
380.888092041016,0
379.524078369141,0
379.445892333984,0
379.311492919922,0
377.879211425781,0
375.063842773438,0
370.523162841797,0
362.942047119141,0
352.240417480469,0
341.137847900391,0
332.601837158203,0
326.541900634766,0
320.849548339844,0
314.887969970703,0
309.733581542969,0
305.48828125,0
301.000579833984,0
296.423767089844,0
293.453735351562,0
292.342041015625,0
291.083190917969,0
288.563629150391,0
286.198547363281,0
285.078948974609,0
283.659881591797,0
280.061950683594,0
274.923980712891,0
270.1328125,0
266.221313476562,0
262.793640136719,0
259.951751708984,0
257.342803955078,0
253.436294555664,0
248.051086425781,0
243.960113525391,0
243.173553466797,0
243.098510742188,0
239.836608886719,0
234.272079467773,0
230.742935180664,0
229.78450012207,0
226.819152832031,0
219.412704467773,0
211.598083496094,0
208.311981201172,0
208.575820922852,0
207.334457397461,0
202.15559387207,0
195.052841186523,0
188.789413452148,0
184.259414672852,0
181.097137451172,0
178.316207885742,0
174.177459716797,0
167.418960571289,0
159.098342895508,0
151.905807495117,0
147.300430297852,0
144.208236694336,0
140.568923950195,0
135.287094116211,0
128.722229003906,0
122.206451416016,0
117.245880126953,0
114.563552856445,0
113.745719909668,0
113.922218322754,0
114.36979675293,0
114.333343505859,0
113.268783569336,0
111.857757568359,0
111.58863067627,0
112.291862487793,0
111.359031677246,0
107.005233764648,0
101.189758300781,0
97.1350708007812,0
94.7303085327148,0
91.2326889038086,0
86.5447616577148,0
84.4568099975586,0
87.1640853881836,0
91.3537673950195,0
92.3384704589844,0
90.402099609375,0
90.0126724243164,0
93.3130264282227,0
97.5613327026367,0
99.6782531738281,0
100.44083404541,0
102.168983459473,0
104.069435119629,0
102.731864929199,0
97.1085433959961,0
90.4031066894531,0
85.9054718017578,0
82.834846496582,0
78.2597427368164,0
72.2009658813477,0
68.3137817382812,0
68.9406814575195,0
71.4186630249023,0
70.7685623168945,0
65.2616195678711,0
58.0042419433594,0
53.1803817749023,0
51.6775207519531,0
50.5858764648438,0
46.5914726257324,0
39.7190475463867,0
33.5441055297852,0
31.2377967834473,0
31.6431903839111,0
30.3880920410156,0
25.0603294372559,0
17.8199691772461,0
12.1597061157227,0
8.65957641601562,0
5.37014484405518,0
1.1004124879837,0
-3.65609121322632,0
-8.39562129974365,0
-13.1122055053711,0
-17.2272033691406,0
-19.9002304077148,0
-21.6653118133545,0
-24.1558094024658,0
-27.8035526275635,0
-31.2010269165039,0
-33.2415351867676,0
-34.6882095336914,0
-36.958740234375,0
-40.1020317077637,0
-42.5071716308594,0
-42.4427070617676,0
-40.1520690917969,0
-38.7002868652344,0
-41.7177391052246,0
-49.3509979248047,0
-57.6681709289551,0
-63.4888191223145,0
-68.2062606811523,0
-74.547004699707,0
-81.3558654785156,0
-85.3985900878906,0
-87.4365997314453,0
-91.6924591064453,0
-98.7377243041992,0
-103.97730255127,0
-105.075523376465,0
-105.895729064941,0
-109.830322265625,0
-113.749610900879,0
-113.156295776367,0
-109.867805480957,0
-109.110000610352,0
-111.153244018555,0
-111.633201599121,0
-109.173767089844,0
-106.810676574707,0
-105.794891357422,0
-103.851112365723,0
-100.75382232666,0
-99.966667175293,0
-102.317718505859,0
-102.962059020996,0
-98.0021514892578,0
-90.3322296142578,0
-85.2725143432617,0
-83.4785232543945,0
-82.1525650024414,0
-80.9028778076172,0
-81.8511428833008,0
-84.9061660766602,0
-87.2172088623047,0
-87.5809173583984,0
-88.0876159667969,0
-90.7246322631836,0
-94.8085784912109,0
-98.4094467163086,0
-100.378700256348,0
-100.592353820801,0
-100.029815673828,0
-100.931755065918,0
-105.02954864502,0
-111.176086425781,0
-116.451622009277,0
-119.974586486816,0
-123.646308898926,0
-128.493103027344,0
-132.584381103516,0
-134.188262939453,0
-135.229736328125,0
-139.343643188477,0
-147.185607910156,0
-155.799591064453,0
-162.629516601562,0
-168.247634887695,0
-174.436737060547,0
-181.011215209961,0
-185.84684753418,0
-187.677581787109,0
-187.769821166992,0
-188.470672607422,0
-190.540374755859,0
-192.405426025391,0
-192.102523803711,0
-189.620025634766,0
-187.037231445312,0
-186.583709716797,0
-188.969314575195,0
-193.286773681641,0
-197.569229125977,0
-199.327713012695,0
-196.948623657227,0
-191.73063659668,0
-187.732391357422,0
-188.070739746094,0
-191.542907714844,0
-194.30305480957,0
-194.713928222656,0
-194.608688354492,0
-195.263168334961,0
-194.440139770508,0
-189.345886230469,0
-181.151184082031,0
-174.109832763672,0
-170.411026000977,0
-168.105804443359,0
-164.489166259766,0
-159.49967956543,0
-154.754379272461,0
-150.747970581055,0
-146.469467163086,0
-141.144470214844,0
-135.218460083008,0
-129.844131469727,0
-125.983909606934,0
-123.615165710449,0
-121.414360046387,0
-117.872520446777,0
-113.214546203613,0
-109.537231445312,0
-108.633422851562,0
-110.540008544922,0
-114.519462585449,0
-119.937202453613,0
-125.288902282715,0
-128.251037597656,0
-128.645751953125,0
-130.038925170898,0
-135.997756958008,0
-145.472946166992,0
-154.342407226562,0
-161.030303955078,0
-167.739288330078,0
-176.074752807617,0
-184.63232421875,0
-191.883178710938,0
-198.496063232422,0
-205.119064331055,0
-210.360626220703,0
-213.226425170898,0
-215.794570922852,0
-221.011367797852,0
-228.752548217773,0
-236.15185546875,0
-241.253173828125,0
-244.595062255859,0
-247.670135498047,0
-251.394561767578,0
-255.757614135742,0
-259.680725097656,0
-261.569366455078,0
-260.998626708984,0
-259.280639648438,0
-257.629669189453,0
-255.985168457031,0
-254.740570068359,0
-255.938720703125,0
-260.737579345703,0
-266.964660644531,0
-271.502899169922,0
-274.099029541016,0
-276.302124023438,0
-277.660797119141,0
-276.246917724609,0
-272.601867675781,0
-269.518341064453,0
-267.438262939453,0
-263.794281005859,0
-258.139556884766,0
-254.090881347656,0
-253.77214050293,0
-253.617706298828,0
-249.034622192383,0
-240.868530273438,0
-233.40608215332,0
-227.477981567383,0
-219.934432983398,0
-209.782821655273,0
-200.485580444336,0
-194.940582275391,0
-191.759155273438,0
-188.50862121582,0
-185.746780395508,0
-185.120529174805,0
-185.412246704102,0
-183.743118286133,0
-180.171081542969,0
-178.12565612793,0
-179.763229370117,0
-183.214981079102,0
-185.551040649414,0
-186.679931640625,0
-188.541610717773,0
-191.379684448242,0
-193.092971801758,0
-192.749359130859,0
-192.865020751953,0
-196.613586425781,0
-203.620788574219,0
-210.406646728516,0
-214.85417175293,0
-218.042083740234,0
-220.931564331055,0
-221.692306518555,0
-218.512557983398,0
-213.482833862305,0
-210.689102172852,0
-210.786483764648,0
-210.391494750977,0
-207.226684570312,0
-202.94189453125,0
-199.71337890625,0
-196.871078491211,0
-192.995544433594,0
-189.248977661133,0
-187.972229003906,0
-189.114669799805,0
-190.606674194336,0
-191.676666259766,0
-193.327728271484,0
-195.678970336914,0
-197.277893066406,0
-197.489685058594,0
-197.462295532227,0
-197.944046020508,0
-197.972137451172,0
-196.819183349609,0
-195.692916870117,0
-196.000930786133,0
-196.931579589844,0
-196.432495117188,0
-194.100570678711,0
-191.295959472656,0
-188.335891723633,0
-183.627502441406,0
-176.697296142578,0
-170.368865966797,0
-167.75471496582,0
-167.771057128906,0
-166.198043823242,0
-161.340789794922,0
-155.716156005859,0
-151.048141479492,0
-145.08674621582,0
-136.386047363281,0
-129.330688476562,0
-129.566268920898,0
-135.463623046875,0
-139.424758911133,0
-138.152709960938,0
-136.256454467773,0
-137.935043334961,0
-140.678100585938,0
-140.8369140625,0
-140.557235717773,0
-143.813140869141,0
-148.758224487305,0
-150.123611450195,0
-147.768325805664,0
-146.797409057617,0
-149.250854492188,0
-151.309478759766,0
-149.718521118164,0
-145.961212158203,0
-142.485763549805,0
-139.360610961914,0
-136.757278442383,0
-136.53889465332,0
-138.678833007812,0
-139.742141723633,0
-138.058792114258,0
-137.331283569336,0
-141.581329345703,0
-148.942428588867,0
-154.29052734375,0
-156.32958984375,0
-158.04655456543,0
-161.040740966797,0
-163.572402954102,0
-164.523971557617,0
-165.643249511719,0
-168.60807800293,0
-172.466552734375,0
-175.491439819336,0
-177.887435913086,0
-181.256011962891,0
-186.294006347656,0
-191.98095703125,0
-196.508209228516,0
-198.54426574707,0
-198.08528137207,0
-196.265991210938,0
-193.890686035156,0
-190.287872314453,0
-184.265411376953,0
-175.978271484375,0
-167.032592773438,0
-158.878128051758,0
-151.875701904297,0
-145.750717163086,0
-140.137069702148,0
-134.859725952148,0
-130.416229248047,0
-127.778846740723,0
-126.904357910156,0
-126.143241882324,0
-124.362716674805,0
-122.907562255859,0
-123.691604614258,0
-125.83113861084,0
-126.402214050293,0
-124.61547088623,0
-122.837005615234,0
-122.768692016602,0
-122.955467224121,0
-121.396186828613,0
-118.615646362305,0
-116.395668029785,0
-115.02791595459,0
-113.830337524414,0
-113.279937744141,0
-114.498207092285,0
-117.194000244141,0
-120.025131225586,0
-122.543045043945,0
-124.87442779541,0
-125.913772583008,0
-124.147048950195,0
-120.428886413574,0
-117.670425415039,0
-117.08447265625,0
-116.691734313965,0
-114.386077880859,0
-110.555892944336,0
-106.535766601562,0
-102.431228637695,0
-98.2501525878906,0
-95.5817947387695,0
-95.8073196411133,0
-97.4654083251953,0
-97.7382965087891,0
-96.2320175170898,0
-95.0000610351562,0
-94.8443298339844,0
-94.1039276123047,0
-91.802116394043,0
-89.6232604980469,0
-89.2961196899414,0
-89.7077713012695,0
-88.3565368652344,0
-84.6641845703125,0
-80.2729721069336,0
-76.7760009765625,0
-74.6936111450195,0
-74.2669372558594,0
-75.6816787719727,0
-78.2910308837891,0
-80.5631790161133,0
-81.1276626586914,0
-79.7463989257812,0
-77.6332321166992,0
-76.9043960571289,0
-78.8081512451172,0
-82.1851348876953,0
-84.8345184326172,0
-86.7293319702148,0
-90.1035919189453,0
-95.5656356811523,0
-100.464431762695,0
-102.871452331543,0
-104.818382263184,0
-108.803588867188,0
-113.016998291016,0
-113.682418823242,0
-111.048202514648,0
-108.951713562012,0
-108.647407531738,0
-107.399322509766,0
-103.947868347168,0
-100.986915588379,0
-100.193305969238,0
-98.500373840332,0
-92.29296875,0
-82.8921051025391,0
-74.7900009155273,0
-69.7085723876953,0
-65.0372695922852,0
-57.7065696716309,0
-47.8333854675293,0
-38.6762886047363,0
-33.6577491760254,0
-32.7477035522461,0
-31.7760772705078,0
-27.0172691345215,0
-20.5240859985352,0
-18.2097473144531,0
-21.8665962219238,0
-26.5141086578369,0
-27.7526092529297,0
-28.382532119751,0
-34.2018890380859,0
-45.5404396057129,0
-57.1608085632324,0
-65.5178604125977,0
-71.9048080444336,0
-78.3917236328125,0
-84.6221542358398,0
-89.717414855957,0
-94.2174453735352,0
-98.5929260253906,0
-102.125831604004,0
-104.753379821777,0
-108.125839233398,0
-113.27108001709,0
-118.727600097656,0
-122.618072509766,0
-125.388008117676,0
-128.747100830078,0
-132.671371459961,0
-135.306198120117,0
-135.663040161133,0
-134.747772216797,0
-133.754196166992,0
-132.575576782227,0
-130.751907348633,0
-128.691436767578,0
-126.821739196777,0
-124.215400695801,0
-119.510093688965,0
-113.226371765137,0
-107.744338989258,0
-104.251197814941,0
-100.820655822754,0
-94.8042221069336,0
-86.5937194824219,0
-79.4466323852539,0
-75.387809753418,0
-72.7188262939453,0
-68.3616409301758,0
-61.6132354736328,0
-54.4399719238281,0
-48.599479675293,0
-43.7499809265137,0
-38.4736633300781,0
-32.1352996826172,0
-25.2688789367676,0
-18.7189483642578,0
-12.8766660690308,0
-7.44050359725952,0
-1.57287442684174,0
5.3641152381897,0
12.7029485702515,0
18.242618560791,0
19.7517032623291,0
16.9654235839844,0
11.8647699356079,0
6.91327142715454,0
3.24895310401917,0
0.44876030087471,0
-2.61194562911987,0
-6.88241910934448,0
-12.4403781890869,0
-18.2782821655273,0
-23.4150657653809,0
-28.5663890838623,0
-35.6893997192383,0
-45.0960006713867,0
-54.3011741638184,0
-61.319149017334,0
-68.0085678100586,0
-77.6321411132812,0
-89.333625793457,0
-98.0725631713867,0
-101.088905334473,0
-101.687400817871,0
-104.560272216797,0
-109.438514709473,0
-112.151542663574,0
-110.856269836426,0
-108.076835632324,0
-106.458473205566,0
-105.318939208984,0
-102.533714294434,0
-97.8609771728516,0
-92.8421401977539,0
-88.5375595092773,0
-84.9603424072266,0
-82.2773208618164,0
-80.9312896728516,0
-80.1262893676758,0
-77.2989349365234,0
-70.2500228881836,0
-59.8870582580566,0
-50.1303825378418,0
-44.575382232666,0
-43.4791793823242,0
-44.4385833740234,0
-45.6257057189941,0
-47.4215507507324,0
-50.8122634887695,0
-55.3117828369141,0
-59.2794876098633,0
-61.763858795166,0
-63.2081298828125,0
-64.4949340820312,0
-65.9815216064453,0
-67.5243301391602,0
-68.8695678710938,0
-69.6805801391602,0
-69.4739761352539,0
-68.1101150512695,0
-66.5833282470703,0
-66.7130889892578,0
-69.029182434082,0
-70.9975204467773,0
-68.8473815917969,0
-62.1242599487305,0
-55.2361106872559,0
-52.9954833984375,0
-55.4461326599121,0
-58.7606582641602,0
-60.3366584777832,0
-60.5089874267578,0
-59.5688209533691,0
-56.313060760498,0
-50.5408706665039,0
-44.2016143798828,0
-38.4568214416504,0
-31.9318904876709,0
-23.693790435791,0
-15.6743135452271,0
-9.80844116210938,0
-4.84383773803711,0
1.10300624370575,0
6.54888868331909,0
8.82647132873535,0
9.36198139190674,0
12.7075357437134,0
20.0050792694092,0
27.2417373657227,0
31.1956214904785,0
33.6560897827148,0
37.7202415466309,0
42.7314910888672,0
45.6368370056152,0
45.6015510559082,0
44.3913421630859,0
42.9388427734375,0
40.1543960571289,0
35.1800727844238,0
28.7751064300537,0
22.0185661315918,0
15.0888671875,0
7.8733377456665,0
0.763246536254883,0
-5.73933124542236,0
-11.6059627532959,0
-17.0565319061279,0
-22.1295547485352,0
-26.7229614257812,0
-30.7465915679932,0
-34.0726280212402,0
-36.6765213012695,0
-39.0474243164062,0
-42.0776786804199,0
-46.0027809143066,0
-49.5147323608398,0
-50.6481399536133,0
-49.0028038024902,0
-46.5152549743652,0
-45.1889038085938,0
-44.4501609802246,0
-42.0489692687988,0
-37.6039390563965,0
-33.5296363830566,0
-31.5686645507812,0
-29.9923400878906,0
-25.8924503326416,0
-19.2726440429688,0
-12.9025344848633,0
-8.47520732879639,0
-4.97891712188721,0
-1.23331212997437,0
1.79248046875,0
2.26766514778137,0
0.155163899064064,0
-2.44300293922424,0
-3.31820344924927,0
-1.95586228370667,0
0.590015113353729,0
3.20274472236633,0
5.75136756896973,0
8.45316028594971,0
10.6119413375854,0
10.9630146026611,0
9.45923137664795,0
7.63749599456787,0
6.68828058242798,0
6.29757928848267,0
6.18835258483887,0
7.52229738235474,0
11.4296894073486,0
17.089937210083,0
22.7451782226562,0
27.8831024169922,0
32.898006439209,0
37.2966270446777,0
40.063304901123,0
41.5088729858398,0
43.0448036193848,0
45.2534675598145,0
47.7539443969727,0
50.7428359985352,0
54.8248100280762,0
59.2605819702148,0
62.2953910827637,0
63.6597747802734,0
64.9914016723633,0
67.0797729492188,0
68.272346496582,0
66.6709213256836,0
62.8370361328125,0
59.1851921081543,0
57.1144256591797,0
55.4560966491699,0
51.6522102355957,0
44.2993316650391,0
34.6681900024414,0
25.4939804077148,0
18.093786239624,0
11.4148197174072,0
4.35522508621216,0
-2.33508729934692,0
-7.64914703369141,0
-12.2189273834229,0
-16.4835586547852,0
-18.3718395233154,0
-15.9839935302734,0
-11.9761924743652,0
-11.41637134552,0
-14.6584482192993,0
-16.1620464324951,0
-11.9851007461548,0
-4.96894359588623,0
-0.200220584869385,0
1.50510263442993,0
2.58874487876892,0
3.92816376686096,0
4.81091022491455,0
6.04296636581421,0
9.04306793212891,0
12.3960189819336,0
12.9058685302734,0
10.0551462173462,0
6.32563400268555,0
3.18311548233032,0
-0.0197382103651762,0
-3.02729058265686,0
-4.17518472671509,0
-3.82760548591614,0
-4.94667911529541,0
-8.66796493530273,0
-12.2317323684692,0
-13.2300233840942,0
-13.2740917205811,0
-15.0166025161743,0
-17.615665435791,0
-17.9448432922363,0
-14.9697189331055,0
-10.1772880554199,0
-4.59462213516235,0
1.65284311771393,0
7.08277606964111,0
9.25587940216064,0
8.23605155944824,0
7.20254993438721,0
8.35341930389404,0
10.1745719909668,0
10.4115705490112,0
10.0742979049683,0
12.0369348526001,0
16.256628036499,0
19.0696887969971,0
17.9461650848389,0
14.8419780731201,0
13.3572721481323,0
13.9140329360962,0
13.616587638855,0
10.3730030059814,0
5.29163503646851,0
0.782106578350067,0
-2.21510338783264,0
-4.45310878753662,0
-6.78919553756714,0
-9.12123966217041,0
-10.6454935073853,0
-10.9636058807373,0
-11.0116634368896,0
-12.3808517456055,0
-15.1764841079712,0
-17.3336200714111,0
-17.1179180145264,0
-15.4939641952515,0
-14.4538612365723,0
-13.6866436004639,0
-10.9646968841553,0
-5.50769662857056,0
1.33862948417664,0
8.67080879211426,0
16.6397476196289,0
24.316463470459,0
30.1011772155762,0
35.2300910949707,0
43.601749420166,0
56.2183227539062,0
68.6190338134766,0
76.1970443725586,0
79.6792297363281,0
82.7825393676758,0
86.7658920288086,0
90.5358428955078,0
94.3857421875,0
99.7947616577148,0
106.061317443848,0
110.57698059082,0
112.590476989746,0
113.902648925781,0
115.570037841797,0
116.436614990234,0
115.381370544434,0
112.841102600098,0
109.569900512695,0
105.718124389648,0
101.607643127441,0
97.8349990844727,0
94.2469329833984,0
90.1707000732422,0
85.7439193725586,0
81.6708679199219,0
77.8569717407227,0
73.8587951660156,0
70.38671875,0
68.4507217407227,0
67.1802444458008,0
64.6776733398438,0
61.1739082336426,0
59.0125961303711,0
58.9869651794434,0
59.0173645019531,0
57.3803520202637,0
55.0637168884277,0
53.623966217041,0
52.6259117126465,0
50.8193168640137,0
48.3360824584961,0
45.9173583984375,0
42.9984245300293,0
38.4061164855957,0
32.510913848877,0
27.1809520721436,0
23.7418899536133,0
22.0569343566895,0
21.4545192718506,0
21.6299991607666,0
22.6207294464111,0
24.3860359191895,0
26.2777671813965,0
26.902982711792,0
25.3924255371094,0
23.1674556732178,0
23.1967315673828,0
26.5185832977295,0
30.6066722869873,0
32.5274353027344,0
32.7341270446777,0
33.8928565979004,0
36.5810089111328,0
38.6198425292969,0
39.0546798706055,0
40.2564239501953,0
44.3843307495117,0
49.4219017028809,0
51.1520347595215,0
48.6956329345703,0
45.6880187988281,0
45.2442588806152,0
45.8124198913574,0
43.7910118103027,0
39.0304222106934,0
35.1190643310547,0
33.9823188781738,0
32.8729057312012,0
28.5308494567871,0
22.5246753692627,0
19.5563793182373,0
20.7611026763916,0
21.7531719207764,0
18.4448947906494,0
12.2787857055664,0
7.61547565460205,0
5.74695682525635,0
4.339111328125,0
2.02960968017578,0
0.332032293081284,0
0.444268494844437,0
1.14228522777557,0
1.47176897525787,0
3.25113916397095,0
8.49048042297363,0
15.5576572418213,0
20.5179557800293,0
22.0267333984375,0
22.5391311645508,0
24.3217887878418,0
26.4059810638428,0
26.470157623291,0
24.0687561035156,0
20.6023712158203,0
17.2168598175049,0
14.4150094985962,0
13.295804977417,0
15.3143358230591,0
20.1015720367432,0
24.5252132415771,0
25.0777263641357,0
21.4217624664307,0
17.1161231994629,0
16.3425254821777,0
19.7816123962402,0
23.9654083251953,0
24.8462944030762,0
21.6891574859619,0
17.2304496765137,0
14.5639371871948,0
14.5088443756104,0
15.5769624710083,0
15.5349788665771,0
13.1193037033081,0
9.20658206939697,0
6.3036584854126,0
5.91186952590942,0
6.49723434448242,0
5.3512806892395,0
2.41257452964783,0
0.398952573537827,0
0.634986221790314,0
0.923214793205261,0
-0.989066481590271,0
-3.71984434127808,0
-4.20063734054565,0
-2.02643823623657,0
0.684566676616669,0
3.06326103210449,0
6.24998807907104,0
10.3013782501221,0
13.1868438720703,0
13.7403516769409,0
13.2215414047241,0
12.8504676818848,0
12.1125469207764,0
10.9479694366455,0
11.1832437515259,0
13.4721822738647,0
14.7441596984863,0
11.6300554275513,0
5.27317237854004,0
-0.382849663496017,0
-4.39322137832642,0
-9.26156520843506,0
-15.36887550354,0
-18.9433269500732,0
-17.4271354675293,0
-13.7243700027466,0
-12.3672904968262,0
-13.4829349517822,0
-13.5596199035645,0
-11.0827836990356,0
-8.3390007019043,0
-7.77828931808472,0
-9.27621364593506,0
-11.4647941589355,0
-13.5167675018311,0
-14.684250831604,0
-13.8496227264404,0
-10.9421472549438,0
-7.97534799575806,0
-7.48209428787231,0
-10.0008993148804,0
-13.5915184020996,0
-15.8223400115967,0
-16.2298641204834,0
-16.8968143463135,0
-20.1567554473877,0
-25.3670635223389,0
-28.7972259521484,0
-27.7376251220703,0
-23.99880027771,0
-21.8345108032227,0
-22.8274955749512,0
-24.6872787475586,0
-25.0146083831787,0
-23.9346828460693,0
-22.2797985076904,0
-19.4761371612549,0
-14.8845157623291,0
-9.60896015167236,0
-4.99972295761108,0
-0.381392449140549,0
5.69105577468872,0
12.5024080276489,0
17.6364860534668,0
20.3154754638672,0
22.2397899627686,0
24.6607990264893,0
26.5131378173828,0
26.4615421295166,0
25.2806720733643,0
24.646577835083,0
24.3361301422119,0
22.382495880127,0
18.1624412536621,0
13.8758974075317,0
12.0603561401367,0
12.4357051849365,0
12.5193901062012,0
11.3050098419189,0
10.7793283462524,0
12.8275947570801,0
15.888373374939,0
16.6273956298828,0
14.6249618530273,0
13.1055355072021,0
14.3384046554565,0
16.5163154602051,0
16.7269477844238,0
15.219274520874,0
14.5220470428467,0
15.4558849334717,0
16.5374641418457,0
16.9322853088379,0
17.445255279541,0
18.2736740112305,0
18.016185760498,0
15.7413091659546,0
12.4613227844238,0
9.80693912506104,0
8.41078662872314,0
7.93922853469849,0
7.39500427246094,0
5.15101623535156,0
0.279089093208313,0
-5.67725896835327,0
-9.77209758758545,0
-10.9725484848022,0
-10.8677768707275,0
-10.7240781784058,0
-9.82849025726318,0
-7.55974674224854,0
-5.01373624801636,0
-3.21038389205933,0
-1.38412797451019,0
1.548663854599,0
5.38734436035156,0
9.7948579788208,0
15.1502304077148,0
20.6191921234131,0
23.6046104431152,0
23.7116775512695,0
25.3617382049561,0
32.9428863525391,0
44.3151969909668,0
53.0260772705078,0
56.9176597595215,0
60.3376426696777,0
66.7036056518555,0
73.1600341796875,0
75.4273910522461,0
74.6554794311523,0
75.4009780883789,0
78.4240951538086,0
79.8774795532227,0
77.6461181640625,0
74.4031829833984,0
72.9361953735352,0
71.6725845336914,0
67.3098983764648,0
59.9882431030273,0
53.1968650817871,0
49.3035545349121,0
47.4263305664062,0
45.5032043457031,0
42.511962890625,0
38.4969673156738,0
34.0253753662109,0
29.9368152618408,0
26.3340396881104,0
21.6759071350098,0
14.3319234848022,0
5.33007717132568,0
-2.07187724113464,0
-6.2532958984375,0
-9.16131401062012,0
-13.4187870025635,0
-18.9460201263428,0
-23.8179492950439,0
-27.2728404998779,0
-30.0830936431885,0
-32.6034469604492,0
-34.3595504760742,0
-35.449836730957,0
-36.5383110046387,0
-37.1282005310059,0
-35.4506149291992,0
-30.7980327606201,0
-24.8174743652344,0
-19.7455539703369,0
-16.248254776001,0
-13.5925798416138,0
-10.9097719192505,0
-7.43415069580078,0
-2.47886443138123,0
3.62312984466553,0
9.20148181915283,0
13.1334543228149,0
16.578369140625,0
21.4112911224365,0
27.11789894104,0
30.8062896728516,0
30.5918846130371,0
27.6698188781738,0
24.6344184875488,0
22.90212059021,0
22.1513214111328,0
21.0771083831787,0
18.2900829315186,0
13.780743598938,0
9.85923290252686,0
9.0021333694458,0
10.3424100875854,0
10.6103363037109,0
9.57115268707275,0
11.5401525497437,0
19.1298141479492,0
28.3613166809082,0
33.7620849609375,0
36.3003845214844,0
41.5290298461914,0
50.8365287780762,0
60.099983215332,0
67.5607833862305,0
77.2179183959961,0
92.166633605957,0
109.891845703125,0
127.618743896484,0
147.464706420898,0
171.375244140625,0
194.637481689453,0
210.244110107422,0
217.443695068359,0
220.062957763672,0
218.174362182617,0
208.645401000977,0
193.939498901367,0
182.457366943359,0
177.370819091797,0
171.773239135742,0
159.123458862305,0
142.979782104492,0
130.989181518555,0
123.566749572754,0
115.184379577637,0
104.424095153809,0
95.4589233398438,0
89.6854782104492,0
82.7078170776367,0
71.4986190795898,0
59.1426200866699,0
49.7173614501953,0
42.683837890625,0
35.5533294677734,0
28.8329086303711,0
24.6772308349609,0
22.6931018829346,0
20.5541591644287,0
17.6183300018311,0
14.965277671814,0
12.7018966674805,0
10.0639734268188,0
7.76417541503906,0
7.66133260726929,0
10.1540546417236,0
13.9728078842163,0
18.3417797088623,0
23.3412113189697,0
28.4600715637207,0
32.989688873291,0
37.6062927246094,0
43.1397743225098,0
47.8598136901855,0
48.8177261352539,0
46.3791580200195,0
44.4811973571777,0
45.2524642944336,0
46.2347183227539,0
44.6808471679688,0
41.8344612121582,0
40.3171119689941,0
39.517219543457,0
37.0509948730469,0
33.616813659668,0
32.580867767334,0
34.753231048584,0
37.2502746582031,0
38.5315856933594,0
41.2572059631348,0
48.2239685058594,0
58.0693092346191,0
67.5865478515625,0
76.611946105957,0
87.7593841552734,0
102.112014770508,0
118.037551879883,0
134.231750488281,0
151.097747802734,0
168.144897460938,0
182.312271118164,0
190.72998046875,0
194.181045532227,0
196.251480102539,0
199.311340332031,0
202.422821044922,0
203.130676269531,0
200.337097167969,0
195.045333862305,0
188.818359375,0
182.178939819336,0
174.714782714844,0
166.32014465332,0
157.669479370117,0
149.465896606445,0
142.015884399414,0
135.811172485352,0
131.515243530273,0
128.631332397461,0
125.199592590332,0
120.12427520752,0
115.230117797852,0
113.585731506348,0
116.044456481934,0
120.830833435059,0
126.376922607422,0
132.957015991211,0
141.196594238281,0
150.283065795898,0
158.178665161133,0
162.882476806641,0
163.685440063477,0
162.492858886719,0
163.843048095703,0
171.79231262207,0
185.910278320312,0
201.35368347168,0
213.383636474609,0
220.815246582031,0
224.788345336914,0
225.702056884766,0
222.438064575195,0
213.829284667969,0
200.083770751953,0
183.178863525391,0
166.061019897461,0
150.681396484375,0
136.609130859375,0
122.355308532715,0
107.903190612793,0
94.5804824829102,0
82.4490280151367,0
69.7638244628906,0
55.7692680358887,0
42.2464942932129,0
31.1048049926758,0
21.9626426696777,0
13.5397853851318,0
6.1033296585083,0
0.776929199695587,0
-2.6334216594696,0
-5.27510023117065,0
-7.35742521286011,0
-8.52760219573975,0
-9.67752838134766,0
-12.147364616394,0
-15.0118999481201,0
-15.5076179504395,0
-13.0788688659668,0
-10.9719228744507,0
-12.2262201309204,0
-15.4956703186035,0
-16.778694152832,0
-14.5097208023071,0
-10.8464708328247,0
-8.13551712036133,0
-6.38327026367188,0
-4.79765605926514,0
-3.64249014854431,0
-3.09501791000366,0
-1.83639633655548,0
1.32648992538452,0
5.43430471420288,0
9.10917282104492,0
13.8447885513306,0
23.2279243469238,0
38.6927871704102,0
58.2778358459473,0
80.1362762451172,0
104.838218688965,0
132.778106689453,0
161.292205810547,0
186.275421142578,0
205.371688842773,0
217.846862792969,0
222.740737915039,0
219.506500244141,0
209.751037597656,0
196.119812011719,0
179.948211669922,0
162.015380859375,0
144.611114501953,0
129.8017578125,0
115.959083557129,0
99.6005477905273,0
81.318359375,0
66.1219711303711,0
56.2313690185547,0
47.2699966430664,0
34.6130752563477,0
20.5036792755127,0
10.8159704208374,0
6.59177923202515,0
3.37556719779968,0
-1.67156064510345,0
-6.84471940994263,0
-10.7338495254517,0
-15.1462707519531,0
-20.9337577819824,0
-24.9416828155518,0
-24.6314659118652,0
-23.0709095001221,0
-25.3279819488525,0
-31.2454662322998,0
-35.7051239013672,0
-35.7059783935547,0
-33.5760917663574,0
-32.843391418457,0
-34.2239570617676,0
-36.604564666748,0
-39.0971221923828,0
-40.7624549865723,0
-40.6221618652344,0
-39.3537254333496,0
-39.0890274047852,0
-40.4693298339844,0
-41.9743728637695,0
-43.1155090332031,0
-45.5390892028809,0
-49.3044052124023,0
-51.0927848815918,0
-48.8705139160156,0
-45.7743301391602,0
-45.8513412475586,0
-47.8027420043945,0
-46.950309753418,0
-42.3196907043457,0
-37.519344329834,0
-34.9038925170898,0
-33.2101669311523,0
-31.4460182189941,0
-30.7934589385986,0
-31.2620391845703,0
-30.3123416900635,0
-26.8056488037109,0
-23.1009864807129,0
-21.0746002197266,0
-19.017219543457,0
-14.9845104217529,0
-10.5876359939575,0
-8.46861457824707,0
-7.93876886367798,0
-6.21871471405029,0
-2.80186223983765,0
0.240972205996513,0
1.48943531513214,0
1.19027256965637,0
-0.270873695611954,0
-2.48794293403625,0
-4.01354885101318,0
-3.40469360351562,0
-1.18090498447418,0
0.853017330169678,0
1.81260740756989,0
1.92553889751434,0
1.52512550354004,0
1.51713752746582,0
3.59036612510681,0
7.81642532348633,0
11.2583570480347,0
11.483362197876,0
10.2760725021362,0
10.8844633102417,0
12.7097520828247,0
12.5004768371582,0
10.2028875350952,0
9.07614135742188,0
9.54075717926025,0
7.77198839187622,0
2.1263689994812,0
-3.65578079223633,0
-6.42055606842041,0
-8.58539295196533,0
-13.450439453125,0
-19.128963470459,0
-21.9121437072754,0
-23.2045459747314,0
-27.7212238311768,0
-35.9282073974609,0
-43.7187004089355,0
-49.4654121398926,0
-55.8489189147949,0
-63.6527786254883,0
-69.1626052856445,0
-70.1136856079102,0
-69.6293716430664,0
-71.1469268798828,0
-73.3089599609375,0
-73.4677429199219,0
-72.8189086914062,0
-73.7306518554688,0
-74.7002029418945,0
-72.9848785400391,0
-70.4745330810547,0
-71.3347244262695,0
-74.2820281982422,0
-73.0633773803711,0
-65.7414093017578,0
-58.1315307617188,0
-55.6032905578613,0
-55.9741249084473,0
-53.862434387207,0
-48.6357345581055,0
-44.1165161132812,0
-42.5522003173828,0
-42.7541618347168,0
-43.1520843505859,0
-43.3196563720703,0
-42.9489898681641,0
-42.0956649780273,0
-42.0572662353516,0
-43.5539245605469,0
-44.5614013671875,0
-42.4902114868164,0
-38.0377540588379,0
-34.19287109375,0
-31.8561515808105,0
-29.544677734375,0
-27.318416595459,0
-27.3164825439453,0
-29.507080078125,0
-30.4702548980713,0
-28.1848068237305,0
-25.0552310943604,0
-24.081823348999,0
-24.6996383666992,0
-24.9035530090332,0
-25.0438537597656,0
-26.3558139801025,0
-27.4886703491211,0
-25.9966068267822,0
-22.3477458953857,0
-19.1129169464111,0
-16.7376174926758,0
-13.5112171173096,0
-9.51291942596436,0
-6.93436336517334,0
-6.01760625839233,0
-4.31654262542725,0
-1.16122615337372,0
0.588876724243164,0
-0.917857587337494,0
-3.24693202972412,0
-3.25884437561035,0
-1.50534093379974,0
-0.498829782009125,0
-0.676882266998291,0
-0.930705308914185,0
-1.49042367935181,0
-3.11440134048462,0
-4.45090579986572,0
-3.52016639709473,0
-1.47269952297211,0
-1.688316822052,0
-4.94714736938477,0
-8.47737407684326,0
-10.3905830383301,0
-12.1846179962158,0
-15.7127828598022,0
-20.2709274291992,0
-24.3466262817383,0
-28.1135272979736,0
-32.1341323852539,0
-35.1909599304199,0
-35.8335189819336,0
-35.3425903320312,0
-36.8509216308594,0
-41.5513954162598,0
-47.6313362121582,0
-53.1085968017578,0
-57.8596649169922,0
-62.1464500427246,0
-64.809196472168,0
-64.4823150634766,0
-62.0440673828125,0
-60.3353424072266,0
-60.9332275390625,0
-61.8096809387207,0
-58.867115020752,0
-50.0522499084473,0
-37.8449554443359,0
-27.2613086700439,0
-21.0227737426758,0
-16.9348335266113,0
-10.5962572097778,0
-0.488601684570312,0
10.6284770965576,0
19.5902786254883,0
26.7270183563232,0
34.7116889953613,0
44.3684692382812,0
53.3935546875,0
59.2659187316895,0
61.6925582885742,0
61.5066413879395,0
58.7952499389648,0
53.6669464111328,0
47.9825782775879,0
44.330867767334,0
43.0036544799805,0
41.4406089782715,0
37.426570892334,0
31.875804901123,0
27.4290733337402,0
24.8042869567871,0
21.8735275268555,0
16.7214469909668,0
10.5518093109131,0
6.42962265014648,0
5.40740203857422,0
5.25355958938599,0
3.59887170791626,0
1.15042424201965,0
0.359501540660858,0
1.37721002101898,0
1.16818249225616,0
-2.8335268497467,0
-9.65921020507812,0
-16.325647354126,0
-21.1781520843506,0
-24.4091129302979,0
-26.3167304992676,0
-27.0450744628906,0
-27.773717880249,0
-29.9624805450439,0
-32.7904930114746,0
-33.202564239502,0
-29.6137428283691,0
-24.0173816680908,0
-18.9192028045654,0
-13.5612411499023,0
-5.43349647521973,0
5.08477640151978,0
14.2608642578125,0
19.6933536529541,0
23.1411209106445,0
27.4632682800293,0
32.6403694152832,0
36.6463737487793,0
38.9636573791504,0
40.9677886962891,0
43.2427291870117,0
44.7394371032715,0
44.9767074584961,0
45.2787475585938,0
46.9379386901855,0
49.2455406188965,0
50.1725234985352,0
48.3345947265625,0
43.7607269287109,0
37.4171180725098,0
30.5112800598145,0
23.6683101654053,0
16.3168869018555,0
7.46154880523682,0
-2.53343677520752,0
-11.6311445236206,0
-18.1502723693848,0
-22.4563121795654,0
-25.9920692443848,0
-29.3142738342285,0
-32.0183296203613,0
-34.1064224243164,0
-36.2048873901367,0
-38.401538848877,0
-39.9946365356445,0
-40.8753776550293,0
-42.3851432800293,0
-46.0090560913086,0
-51.3377647399902,0
-55.8968086242676,0
-57.3238410949707,0
-55.7061386108398,0
-53.5500984191895,0
-53.2104797363281,0
-54.4791221618652,0
-55.1529006958008,0
-53.934024810791,0
-51.9596939086914,0
-51.0771636962891,0
-51.5237045288086,0
-52.2380409240723,0
-52.7118682861328,0
-53.0661354064941,0
-52.5262489318848,0
-49.5421142578125,0
-43.8995895385742,0
-37.2973289489746,0
-31.1477489471436,0
-25.1712684631348,0
-19.1184978485107,0
-14.4357538223267,0
-12.5345945358276,0
-12.2294826507568,0
-10.8471994400024,0
-7.8355655670166,0
-5.58523464202881,0
-6.2687029838562,0
-9.16243648529053,0
-11.6869583129883,0
-12.1252279281616,0
-10.6361598968506,0
-8.28203201293945,0
-5.90351486206055,0
-3.86613941192627,0
-2.41740608215332,0
-2.04741907119751,0
-3.38816332817078,0
-6.71815299987793,0
-11.6716976165771,0
-17.3084831237793,0
-22.0531902313232,0
-23.8236293792725,0
-21.4724597930908,0
-16.7846069335938,0
-13.9931077957153,0
-15.9860687255859,0
-21.2140560150146,0
-25.272102355957,0
-25.3450183868408,0
-22.3523082733154,0
-19.1619167327881,0
-17.8252582550049,0
-18.4822978973389,0
-19.8317489624023,0
-20.3028316497803,0
-19.4376640319824,0
-18.4325733184814,0
-18.9242172241211,0
-21.1269416809082,0
-23.5095520019531,0
-24.3714504241943,0
-23.505672454834,0
-22.3092136383057,0
-22.3137760162354,0
-23.4344844818115,0
-23.7735500335693,0
-21.6943225860596,0
-18.075439453125,0
-15.6542711257935,0
-15.8321189880371,0
-17.0132331848145,0
-16.6183013916016,0
-13.9076480865479,0
-10.2327823638916,0
-7.42794322967529,0
-6.78070116043091,0
-8.70631313323975,0
-12.305269241333,0
-15.7635984420776,0
-18.2144336700439,0
-20.7841129302979,0
-24.9144229888916,0
-30.2726230621338,0
-35.4864845275879,0
-40.4099807739258,0
-46.1399040222168,0
-52.8333473205566,0
-58.9790802001953,0
-63.216423034668,0
-65.73388671875,0
-67.3555450439453,0
-68.1509323120117,0
-67.5379409790039,0
-65.0994720458984,0
-60.7718124389648,0
-54.8090934753418,0
-48.1200981140137,0
-42.1202392578125,0
-37.5337600708008,0
-33.5799560546875,0
-28.9822483062744,0
-23.6658821105957,0
-18.8463516235352,0
-15.4704561233521,0
-13.260947227478,0
-11.4999141693115,0
-10.0642509460449,0
-9.16457653045654,0
-8.51702213287354,0
-7.42755508422852,0
-5.49648094177246,0
-2.70926904678345,0
0.842386722564697,0
4.57905387878418,0
7.14035606384277,0
7.72541236877441,0
7.8246111869812,0
10.1904821395874,0
15.4486083984375,0
21.0412216186523,0
24.5238628387451,0
26.6352920532227,0
29.5447807312012,0
32.9770393371582,0
34.2056884765625,0
31.9444026947021,0
28.3984680175781,0
26.8393115997314,0
28.4383945465088,0
32.1149253845215,0
36.2977981567383,0
39.8264312744141,0
41.8005714416504,0
41.6792907714844,0
39.6561851501465,0
36.4493637084961,0
32.4726829528809,0
27.2541580200195,0
19.9363803863525,0
10.7340335845947,0
1.6856232881546,0
-4.93885087966919,0
-9.06606197357178,0
-12.3394870758057,0
-14.7442846298218,0
-13.6472873687744,0
-7.82492589950562,0
-0.777769088745117,0
2.48696875572205,0
1.09069097042084,0
-1.93656861782074,0
-4.78732872009277,0
-8.43686389923096,0
-12.9667348861694,0
-16.0783157348633,0
-16.7092838287354,0
-17.0275802612305,0
-18.836986541748,0
-20.4995994567871,0
-19.554271697998,0
-16.1408615112305,0
-11.5145750045776,0
-5.43094921112061,0
1.96539461612701,0
7.42762327194214,0
7.51152515411377,0
3.59361004829407,0
0.470656156539917,0
-0.0837249904870987,0
-0.909132599830627,0
-3.90988326072693,0
-6.43766450881958,0
-5.27804374694824,0
-1.77653384208679,0
-0.225852832198143,0
-2.18940830230713,0
-4.99609231948853,0
-5.8169002532959,0
-5.04797267913818,0
-4.8636679649353,0
-5.90712785720825,0
-6.69208574295044,0
-5.63224697113037,0
-2.41703963279724,0
2.3949019908905,0
7.76187515258789,0
11.8291463851929,0
12.648907661438,0
10.261157989502,0
7.08131313323975,0
5.02550983428955,0
3.15278840065002,0
-0.282287538051605,0
-4.27132272720337,0
-5.83908700942993,0
-4.32576322555542,0
-2.4273316860199,0
-2.25700926780701,0
-2.632004737854,0
-1.56735014915466,0
0.470873177051544,0
1.60998010635376,0
1.54757118225098,0
1.52700483798981,0
2.05854272842407,0
2.55897688865662,0
3.08516573905945,0
4.72785139083862,0
7.8363151550293,0
10.8860931396484,0
11.7532796859741,0
9.86187553405762,0
6.7727518081665,0
4.54036474227905,0
3.51154780387878,0
2.21993255615234,0
-0.155688673257828,0
-2.07370066642761,0
-1.63644397258759,0
0.189528614282608,0
0.200165435671806,0
-3.04392290115356,0
-7.69540929794312,0
-11.565279006958,0
-14.5668535232544,0
-17.2545280456543,0
-19.0007152557373,0
-19.3764591217041,0
-19.8474140167236,0
-22.007640838623,0
-24.890811920166,0
-25.9122276306152,0
-24.0454120635986,0
-20.4019451141357,0
-16.0532627105713,0
-11.1265773773193,0
-6.14804553985596,0
-2.51625847816467,0
-0.822704911231995,0
0.453545391559601,0
3.90537047386169,0
10.9442853927612,0
20.4114189147949,0
29.1842384338379,0
34.8134841918945,0
38.2405586242676,0
43.1571311950684,0
51.6283531188965,0
61.1055145263672,0
67.2739181518555,0
69.3033142089844,0
70.2906646728516,0
72.5570907592773,0
74.8652191162109,0
75.1471328735352,0
73.8335876464844,0
72.8034439086914,0
72.406867980957,0
71.3142166137695,0
68.4356079101562,0
63.2939529418945,0
55.2747840881348,0
44.5066986083984,0
33.1439971923828,0
23.6657180786133,0
15.7571105957031,0
6.88281631469727,0
-3.64348220825195,0
-13.3133878707886,0
-20.1588268280029,0
-25.8571300506592,0
-33.343879699707,0
-42.4920692443848,0
-50.0844383239746,0
-53.8016777038574,0
-54.8378143310547,0
-56.4730377197266,0
-60.7364959716797,0
-66.2938613891602,0
-69.3309555053711,0
-67.2321472167969,0
-61.7059745788574,0
-57.0898323059082,0
-55.032901763916,0
-52.5813407897949,0
-46.6494064331055,0
-38.2745933532715,0
-30.2907943725586,0
-22.7250823974609,0
-13.7632007598877,0
-4.20317888259888,0
2.97546243667603,0
7.62631130218506,0
13.1879205703735,0
21.382007598877,0
29.6749286651611,0
35.664478302002,0
40.6267395019531,0
46.2210578918457,0
50.539665222168,0
50.6950073242188,0
47.464038848877,0
43.9835777282715,0
40.9577865600586,0
36.4909553527832,0
30.1309719085693,0
23.7920875549316,0
18.5236377716064,0
13.2329130172729,0
7.07937240600586,0
0.654531240463257,0
-5.75420188903809,0
-12.7656993865967,0
-20.1438617706299,0
-26.6220245361328,0
-32.2362899780273,0
-38.7734260559082,0
-47.0386276245117,0
-55.5858383178711,0
-62.9781036376953,0
-69.343132019043,0
-74.8304138183594,0
-78.7291107177734,0
-81.368766784668,0
-84.7250137329102,0
-89.4921569824219,0
-93.4885635375977,0
-94.8104934692383,0
-94.7765960693359,0
-95.6668853759766,0
-97.1841506958008,0
-97.5295791625977,0
-96.5889663696289,0
-95.3873062133789,0
-93.4351425170898,0
-89.5591430664062,0
-84.8709106445312,0
-81.9499969482422,0
-81.0138092041016,0
-79.5553894042969,0
-76.0309982299805,0
-71.3788223266602,0
-66.5144271850586,0
-60.9464988708496,0
-54.6733245849609,0
-49.0409774780273,0
-44.6541709899902,0
-40.5507736206055,0
-36.4968490600586,0
-33.8539657592773,0
-32.6214752197266,0
-29.5771789550781,0
-21.4565486907959,0
-9.05917549133301,0
3.32901620864868,0
11.9111328125,0
15.8127012252808,0
16.6254463195801,0
16.7420959472656,0
17.4283008575439,0
17.6836719512939,0
15.6484489440918,0
11.3015508651733,0
6.31676483154297,0
1.00946831703186,0
-6.28355598449707,0
-15.7110586166382,0
-24.150785446167,0
-28.6913032531738,0
-29.8537502288818,0
-29.5087490081787,0
-27.9214363098145,0
-25.5061321258545,0
-25.2807998657227,0
-29.7549800872803,0
-36.4038429260254,0
-40.2026023864746,0
-40.5620727539062,0
-41.9114799499512,0
-46.7845993041992,0
-52.1077041625977,0
-54.0010528564453,0
-53.1711235046387,0
-53.1764526367188,0
-55.3823661804199,0
-58.1051635742188,0
-59.6572113037109,0
-60.0378456115723,0
-60.0048599243164,0
-60.1833305358887,0
-61.1226501464844,0
-63.1443290710449,0
-66.0542755126953,0
-69.5633087158203,0
-73.7111358642578,0
-78.2640380859375,0
-82.0026931762695,0
-83.338508605957,0
-81.6323394775391,0
-77.4466400146484,0
-71.5496368408203,0
-64.2064590454102,0
-55.7162399291992,0
-47.2619438171387,0
-40.4610977172852,0
-35.6877479553223,0
-31.4332027435303,0
-26.1830310821533,0
-20.5411529541016,0
-16.2125186920166,0
-13.0396461486816,0
-9.00400257110596,0
-3.8682336807251,0
-0.718139588832855,0
-2.18162322044373,0
-6.63057422637939,0
-10.214409828186,0
-11.6105489730835,0
-12.4834203720093,0
-13.9691753387451,0
-15.3759717941284,0
-16.4520263671875,0
-18.5201892852783,0
-22.6862506866455,0
-28.5717868804932,0
-35.1495056152344,0
-41.273380279541,0
-45.4073066711426,0
-46.853702545166,0
-47.5006484985352,0
-50.2064628601074,0
-54.9823951721191,0
-58.9919662475586,0
-60.9170341491699,0
-62.7429237365723,0
-66.0649337768555,0
-69.3236236572266,0
-70.7090606689453,0
-71.6249237060547,0
-74.7779312133789,0
-80.2376251220703,0
-85.7450408935547,0
-89.8132400512695,0
-92.1811599731445,0
-92.129997253418,0
-88.9175415039062,0
-83.5326156616211,0
-77.7859420776367,0
-71.915283203125,0
-65.1137313842773,0
-57.9111824035645,0
-51.5458488464355,0
-45.1632690429688,0
-36.4089775085449,0
-25.2071857452393,0
-14.3046932220459,0
-5.31099128723145,0
3.19057106971741,0
12.4195613861084,0
20.8028602600098,0
26.278299331665,0
29.0485134124756,0
30.1107730865479,0
29.0339660644531,0
25.6569385528564,0
22.450496673584,0
22.1716632843018,0
23.733959197998,0
23.2783718109131,0
19.4270801544189,0
14.9018220901489,0
12.5273113250732,0
12.1734027862549,0
12.6048393249512,0
13.9147691726685,0
16.256311416626,0
17.7266330718994,0
15.7784938812256,0
10.4615716934204,0
4.77491855621338,0
1.81928241252899,0
2.50173687934875,0
5.72719812393188,0
9.71657085418701,0
13.0317869186401,0
15.0908355712891,0
15.9634265899658,0
15.6211853027344,0
13.9426107406616,0
11.8159866333008,0
11.2121534347534,0
12.9681100845337,0
15.1211719512939,0
14.9482555389404,0
12.4352254867554,0
10.0915117263794,0
9.25120735168457,0
8.48855304718018,0
6.51050519943237,0
4.85249519348145,0
6.10669898986816,0
10.3848733901978,0
15.1306896209717,0
18.1404209136963,0
19.5207576751709,0
20.774995803833,0
23.0241680145264,0
26.2259750366211,0
29.4117240905762,0
31.552225112915,0
32.4353256225586,0
32.4149360656738,0
31.3172073364258,0
28.7319469451904,0
25.8791484832764,0
25.4676914215088,0
28.08447265625,0
30.0876331329346,0
27.4268817901611,0
20.8837947845459,0
15.0378293991089,0
12.4440660476685,0
11.7999143600464,0
11.9975910186768,0
14.3244552612305,0
19.0045356750488,0
22.6784496307373,0
21.9753227233887,0
17.6332473754883,0
12.5321941375732,0
7.30269718170166,0
0.767569243907928,0
-6.39421606063843,0
-11.624942779541,0
-13.9115924835205,0
-14.4720649719238,0
-13.9885673522949,0
-11.8310499191284,0
-8.39622211456299,0
-5.53263378143311,0
-3.66907429695129,0
-0.800653219223022,0
4.37700796127319,0
10.1668252944946,0
14.1035766601562,0
15.9889936447144,0
17.2399864196777,0
18.4389953613281,0
19.0885791778564,0
18.9110698699951,0
17.8335361480713,0
15.2690858840942,0
10.9550485610962,0
6.27625513076782,0
3.36057901382446,0
2.73770928382874,0
2.90215110778809,0
2.32128095626831,0
1.01509118080139,0
-0.076522134244442,0
-0.611478865146637,0
-1.34049201011658,0
-3.28355240821838,0
-6.51630067825317,0
-9.79089641571045,0
-11.6493511199951,0
-11.9852132797241,0
-11.9789981842041,0
-12.2731971740723,0
-11.9330520629883,0
-9.70664119720459,0
-5.62645578384399,0
-0.806133210659027,0
3.50282764434814,0
5.91629886627197,0
5.18718385696411,0
2.00836777687073,0
-0.26893362402916,0
1.27915799617767,0
5.53962278366089,0
8.80626678466797,0
9.78547763824463,0
10.7547454833984,0
13.1747817993164,0
14.9605684280396,0
13.9819583892822,0
12.0815238952637,0
12.8552370071411,0
16.4663581848145,0
19.4654369354248,0
19.6033897399902,0
18.2218608856201,0
17.3208751678467,0
16.5143241882324,0
14.132887840271,0
9.85663318634033,0
4.79742765426636,0
-0.323683947324753,0
-5.79079389572144,0
-11.7781658172607,0
-17.4724655151367,0
-21.5815010070801,0
-23.4732303619385,0
-23.6126327514648,0
-22.8096523284912,0
-21.2208290100098,0
-18.4908008575439,0
-14.7563486099243,0
-10.6869974136353,0
-6.36276245117188,0
-1.24068892002106,0
4.21074342727661,0
8.22591876983643,0
10.2263116836548,0
12.2027940750122,0
15.8289947509766,0
19.3152618408203,0
19.5709247589111,0
17.0415382385254,0
15.6519365310669,0
17.5617542266846,0
20.5687923431396,0
21.7413368225098,0
21.3456115722656,0
21.5224132537842,0
22.640251159668,0
22.8588733673096,0
20.705451965332,0
16.7272567749023,0
12.7846965789795,0
10.3311634063721,0
8.99992656707764,0
6.6842565536499,0
1.81593203544617,0
-4.31960916519165,0
-8.71540260314941,0
-10.2903299331665,0
-10.8762187957764,0
-12.0739860534668,0
-12.9404239654541,0
-11.9471788406372,0
-9.77404689788818,0
-8.75241374969482,0
-10.3925285339355,0
-14.2811250686646,0
-18.2922973632812,0
-19.3718376159668,0
-16.0632610321045,0
-11.329719543457,0
-10.5152778625488,0
-14.6125478744507,0
-17.9084224700928,0
-15.0169582366943,0
-8.06241416931152,0
-3.15609264373779,0
-1.3264057636261,0
2.13179421424866,0
9.25355339050293,0
15.6250038146973,0
17.110424041748,0
16.2027683258057,0
18.4530391693115,0
25.3419437408447,0
34.1696243286133,0
43.1399421691895,0
52.6141662597656,0
61.7952117919922,0
67.8715286254883,0
69.369026184082,0
67.9153671264648,0
65.7310562133789,0
63.3284873962402,0
60.676082611084,0
58.7020721435547,0
57.9960517883301,0
57.3144073486328,0
55.3545417785645,0
53.4522399902344,0
54.4064788818359,0
58.3802185058594,0
62.0033226013184,0
62.7090454101562,0
62.424186706543,0
65.0538787841797,0
71.0202941894531,0
76.588508605957,0
78.8445053100586,0
79.0109939575195,0
79.6149444580078,0
80.3774795532227,0
79.106201171875,0
75.6558380126953,0
72.5734252929688,0
71.81982421875,0
72.7466125488281,0
73.4761199951172,0
72.6048965454102,0
69.458366394043,0
64.5875549316406,0
60.4240760803223,0
59.4547691345215,0
60.9545211791992,0
61.3585815429688,0
58.7672843933105,0
55.0969924926758,0
52.4924507141113,0
49.7382774353027,0
44.3630599975586,0
36.8137397766113,0
30.0728721618652,0
25.8469753265381,0
23.3526306152344,0
21.4250793457031,0
19.6301326751709,0
17.3747806549072,0
13.981689453125,0
9.9867639541626,0
6.84164953231812,0
5.09901809692383,0
4.09616470336914,0
3.31494426727295,0
2.76342678070068,0
2.29950451850891,0
2.0198118686676,0
2.91665124893188,0
5.48388385772705,0
8.17889976501465,0
9.36485767364502,0
10.3861675262451,0
14.070837020874,0
20.053783416748,0
24.567813873291,0
25.7866878509521,0
26.4598960876465,0
29.5762233734131,0
33.9652709960938,0
36.5446624755859,0
37.0726928710938,0
37.9351348876953,0
40.1738586425781,0
42.4284172058105,0
43.7087593078613,0
44.9087219238281,0
47.0216522216797,0
49.4573516845703,0
50.8976936340332,0
50.9314308166504,0
50.2894592285156,0
50.0177688598633,0
50.7643814086914,0
52.458625793457,0
54.3947982788086,0
55.8336563110352,0
56.6407012939453,0
57.2164268493652,0
57.8735427856445,0
58.5309104919434,0
59.022891998291,0
59.4453735351562,0
59.9767150878906,0
60.3190727233887,0
59.4558410644531,0
56.2495040893555,0
50.5336036682129,0
43.6656608581543,0
37.9260368347168,0
35.188419342041,0
35.7573623657227,0
38.1102447509766,0
39.9383659362793,0
39.9248504638672,0
38.497631072998,0
36.5306205749512,0
33.7085914611816,0
29.0117359161377,0
22.6337509155273,0
16.3225841522217,0
11.6179962158203,0
8.67439270019531,0
6.97434520721436,0
6.16896820068359,0
6.00723266601562,0
6.58119058609009,0
8.92780590057373,0
14.1288986206055,0
21.4164295196533,0
28.490550994873,0
34.1252212524414,0
38.9176826477051,0
42.9783706665039,0
44.9352722167969,0
44.4184379577637,0
43.5501098632812,0
44.1748886108398,0
45.1616401672363,0
44.4357719421387,0
42.3334350585938,0
40.5963363647461,0
38.9798164367676,0
35.5098762512207,0
29.9298000335693,0
24.5053195953369,0
21.1373271942139,0
19.6309452056885,0
19.142972946167,0
19.5065689086914,0
20.5741920471191,0
21.7289085388184,0
22.515287399292,0
22.5282459259033,0
20.6874160766602,0
16.4214191436768,0
11.8111877441406,0
10.2595081329346,0
11.9519662857056,0
12.7774810791016,0
9.49687004089355,0
4.16771793365479,0
1.04305243492126,0
0.388790339231491,0
-1.41795492172241,0
-5.81226921081543,0
-9.62928771972656,0
-10.1490802764893,0
-9.45273971557617,0
-10.9212484359741,0
-13.2750244140625,0
-11.7806625366211,0
-5.13614988327026,0
2.5138258934021,0
7.52931499481201,0
11.4715032577515,0
17.5636463165283,0
24.9554595947266,0
29.8330097198486,0
31.1420612335205,0
31.7623538970947,0
34.0023422241211,0
37.1387977600098,0
40.1011810302734,0
43.4503173828125,0
47.141544342041,0
49.1059532165527,0
48.448917388916,0
48.0145683288574,0
50.8397483825684,0
55.1921424865723,0
56.2429885864258,0
52.4650192260742,0
47.4743804931641,0
45.0852890014648,0
45.1891021728516,0
45.5274925231934,0
45.1287536621094,0
44.254566192627,0
42.6491394042969,0
39.9298133850098,0
36.8694496154785,0
34.3980293273926,0
31.7689952850342,0
27.5752143859863,0
22.599925994873,0
19.8296241760254,0
20.9220657348633,0
23.9553337097168,0
25.6864395141602,0
25.2316932678223,0
24.3057956695557,0
24.0867691040039,0
23.2197551727295,0
19.6168518066406,0
13.4756259918213,0
7.36039638519287,0
3.24596285820007,0
0.615686118602753,0
-1.83781409263611,0
-3.67509531974792,0
-3.39676594734192,0
-1.33724939823151,0
0.102615974843502,0
-0.134623616933823,0
0.209807142615318,0
3.79445314407349,0
9.86888217926025,0
15.2331390380859,0
18.5649929046631,0
21.7981243133545,0
26.9002857208252,0
33.0399360656738,0
37.8219413757324,0
40.1466102600098,0
40.8487014770508,0
41.178394317627,0
41.4429092407227,0
40.755500793457,0
37.7206344604492,0
31.8937129974365,0
24.7962913513184,0
18.7195701599121,0
14.3048048019409,0
10.3635997772217,0
6.41881561279297,0
3.93428587913513,0
4.14009428024292,0
6.17625427246094,0
8.8469705581665,0
12.839804649353,0
19.1445655822754,0
26.1127662658691,0
30.4514846801758,0
30.97043800354,0
29.1843814849854,0
26.2737331390381,0
21.9445838928223,0
16.8060989379883,0
13.2819528579712,0
12.7885961532593,0
13.8990650177002,0
14.6358184814453,0
14.7980451583862,0
14.6081438064575,0
13.0727376937866,0
9.83870220184326,0
7.12092447280884,0
7.25432157516479,0
9.29861164093018,0
10.6031455993652,0
10.9970369338989,0
12.6152830123901,0
15.8668155670166,0
18.6211223602295,0
19.7786312103271,0
20.7128944396973,0
22.2378749847412,0
22.8673152923584,0
21.5541572570801,0
19.9322261810303,0
20.1668758392334,0
22.275749206543,0
24.9712352752686,0
27.4093818664551,0
28.7325668334961,0
27.8700847625732,0
25.5721607208252,0
24.7928504943848,0
27.0724563598633,0
30.2791805267334,0
31.9713478088379,0
32.978630065918,0
35.0694313049316,0
37.1430244445801,0
37.140453338623,0
36.0957336425781,0
36.2471771240234,0
36.1401062011719,0
32.2250595092773,0
25.3183841705322,0
20.7419261932373,0
21.0069141387939,0
22.6991062164307,0
22.2227630615234,0
20.4685077667236,0
19.4680023193359,0
18.2229099273682,0
14.9746618270874,0
10.7360401153564,0
7.31448984146118,0
4.02223920822144,0
-0.485746085643768,0
-4.90249300003052,0
-6.97516536712646,0
-7.19277906417847,0
-7.78679847717285,0
-9.09847640991211,0
-9.73579120635986,0
-9.40471458435059,0
-8.81663131713867,0
-7.56235074996948,0
-4.81227684020996,0
-1.52170217037201,0
0.668606400489807,0
2.12306666374207,0
4.24402570724487,0
6.60365104675293,0
7.94358587265015,0
9.34464645385742,0
13.0324230194092,0
18.2172508239746,0
21.63747215271,0
22.498722076416,0
23.2997894287109,0
25.1705055236816,0
26.3338928222656,0
26.6284446716309,0
29.5578556060791,0
37.1853942871094,0
46.123233795166,0
51.7698593139648,0
54.2195243835449,0
56.663646697998,0
59.8488273620605,0
61.9743881225586,0
62.9891929626465,0
64.6925201416016,0
66.35595703125,0
64.3139038085938,0
57.3631210327148,0
49.4371490478516,0
45.0200309753418,0
44.3529472351074,0
45.1903762817383,0
46.8687896728516,0
49.634651184082,0
51.4776954650879,0
49.3194427490234,0
43.4002494812012,0
37.439567565918,0
33.8990745544434,0
31.8788261413574,0
30.4403591156006,0
30.6512432098389,0
32.3342819213867,0
32.0334281921387,0
27.8140735626221,0
24.0245151519775,0
26.6891117095947,0
34.5632591247559,0
39.5400848388672,0
37.1605110168457,0
32.4208602905273,0
32.7181282043457,0
38.6308250427246,0
45.0863227844238,0
48.8769836425781,0
50.6345329284668,0
50.7618713378906,0
48.3099555969238,0
44.4061508178711,0
42.693359375,0
44.7381210327148,0
47.8628082275391,0
49.1334953308105,0
49.013671875,0
49.2124824523926,0
49.1073265075684,0
46.7672843933105,0
42.3091506958008,0
37.9090805053711,0
35.0164794921875,0
33.4251403808594,0
32.6770668029785,0
32.5387649536133,0
32.1969985961914,0
30.7341728210449,0
28.6821460723877,0
27.665397644043,0
28.0216045379639,0
27.9312267303467,0
25.5766105651855,0
21.4605922698975,0
18.0442886352539,0
17.5144329071045,0
20.1438751220703,0
24.2719020843506,0
27.5207481384277,0
28.4948883056641,0
27.7879943847656,0
27.2488403320312,0
28.1063766479492,0
29.9321594238281,0
31.4093379974365,0
31.8360347747803,0
31.8512992858887,0
32.9098243713379,0
35.9201469421387,0
40.0578384399414,0
43.1234359741211,0
43.6382522583008,0
42.522029876709,0
42.1304397583008,0
43.7660179138184,0
46.8781127929688,0
50.474796295166,0
53.9760513305664,0
56.3796844482422,0
56.2169227600098,0
53.5138816833496,0
50.6177558898926,0
49.5171089172363,0
49.1018409729004,0
46.8868293762207,0
43.08349609375,0
40.8117523193359,0
41.7920265197754,0
43.6585884094238,0
42.5845375061035,0
37.4632110595703,0
30.6796646118164,0
25.6526832580566,0
24.1220302581787,0
24.7279453277588,0
23.8098258972168,0
19.1312065124512,0
13.4939250946045,0
12.657657623291,0
18.3059768676758,0
25.2385482788086,0
27.7722778320312,0
26.8642044067383,0
27.5208625793457,0
30.5157279968262,0
31.2277069091797,0
27.112247467041,0
21.7978706359863,0
19.6883659362793,0
20.1183815002441,0
19.9182205200195,0
19.2223815917969,0
21.0280246734619,0
26.0680770874023,0
31.5353527069092,0
34.7954368591309,0
35.6227607727051,0
34.6426010131836,0
32.2603569030762,0
29.9485397338867,0
30.3559036254883,0
34.6664848327637,0
40.9463005065918,0
46.124927520752,0
48.8212738037109,0
49.5250434875488,0
48.9862823486328,0
47.615894317627,0
46.1394004821777,0
45.6849212646484,0
46.7728004455566,0
48.6423988342285,0
50.0859298706055,0
50.9412574768066,0
52.2395668029785,0
54.582633972168,0
57.0460891723633,0
58.5448341369629,0
59.7000045776367,0
61.8550224304199,0
64.4087142944336,0
65.159065246582,0
63.8718757629395,0
63.2635726928711,0
64.9471664428711,0
66.4001846313477,0
64.2710266113281,0
59.3442840576172,0
55.3965644836426,0
53.6221160888672,0
51.2231254577637,0
46.0825424194336,0
40.1429710388184,0
36.6513786315918,0
35.812744140625,0
35.0176658630371,0
32.637996673584,0
29.9469699859619,0
29.1683483123779,0
30.6308116912842,0
32.3423843383789,0
32.109619140625,0
29.7104816436768,0
26.8368797302246,0
25.086311340332,0
24.4434032440186,0
23.8615837097168,0
22.8793392181396,0
22.2405548095703,0
22.9941673278809,0
25.1230964660645,0
27.1139984130859,0
27.3220233917236,0
26.1604995727539,0
26.1945743560791,0
28.9616031646729,0
32.366340637207,0
33.0463600158691,0
31.0590381622314,0
29.7986812591553,0
30.8393936157227,0
31.73659324646,0
30.4337024688721,0
28.9796867370605,0
30.0923843383789,0
32.0378379821777,0
30.4410037994385,0
24.4114246368408,0
17.4660129547119,0
12.4421701431274,0
8.87961959838867,0
6.08974504470825,0
5.40295457839966,0
7.51701831817627,0
10.1692037582397,0
10.9190807342529,0
10.7792663574219,0
12.6257658004761,0
16.7215824127197,0
20.1916904449463,0
20.9409370422363,0
19.9998016357422,0
19.3821887969971,0
19.2858085632324,0
18.5084438323975,0
16.5975036621094,0
14.2989931106567,0
12.2719879150391,0
10.5263166427612,0
9.14969539642334,0
8.56478023529053,0
8.71528720855713,0
8.8385009765625,0
8.65173530578613,0
9.10859489440918,0
11.1000719070435,0
13.7611179351807,0
15.1483287811279,0
14.6977005004883,0
13.9710245132446,0
14.4373207092285,0
15.2862949371338,0
14.2603998184204,0
10.3593292236328,0
4.96969938278198,0
0.261527687311172,0
-2.98191452026367,0
-5.5698823928833,0
-8.06328868865967,0
-9.28512382507324,0
-7.47630882263184,0
-3.16310167312622,0
0.201927408576012,0
-0.264500916004181,0
-3.14075827598572,0
-3.99811315536499,0
-0.570812046527863,0
4.86110734939575,0
8.57618141174316,0
9.18265914916992,0
7.5466628074646,0
4.8145899772644,0
1.9874267578125,0
0.109496280550957,0
-0.810311436653137,0
-2.22732639312744,0
-5.04456520080566,0
-8.08256912231445,0
-9.82474517822266,0
-10.502589225769,0
-11.0258073806763,0
-11.3166799545288,0
-11.5124483108521,0
-13.1090707778931,0
-16.4258937835693,0
-18.5492362976074,0
-16.9940528869629,0
-14.2508363723755,0
-15.0342693328857,0
-19.6374607086182,0
-23.9214630126953,0
-25.64772605896,0
-26.4789505004883,0
-27.3458194732666,0
-26.6252765655518,0
-24.3230895996094,0
-23.3260402679443,0
-24.0927124023438,0
-22.4640197753906,0
-16.0621604919434,0
-9.18896484375,0
-7.36373138427734,0
-9.70184516906738,0
-10.9282865524292,0
-9.02159881591797,0
-6.46466684341431,0
-4.97134447097778,0
-3.42313957214355,0
-1.17128169536591,0
0.367715269327164,0
0.242566764354706,0
-0.651467442512512,0
-1.49773144721985,0
-2.6806173324585,0
-4.35063457489014,0
-5.79140090942383,0
-6.90609884262085,0
-8.79963302612305,0
-12.2427253723145,0
-16.6164169311523,0
-20.6183948516846,0
-23.1302795410156,0
-23.6670761108398,0
-23.1145877838135,0
-23.4888191223145,0
-25.4432678222656,0
-26.6305599212646,0
-24.5717391967773,0
-20.7351608276367,0
-19.1901912689209,0
-21.0657405853271,0
-23.2679862976074,0
-23.6375370025635,0
-24.3060607910156,0
-27.8075065612793,0
-32.3540573120117,0
-34.1024971008301,0
-32.8989372253418,0
-32.5502166748047,0
-35.5463676452637,0
-40.3152351379395,0
-43.9837684631348,0
-45.1700325012207,0
-43.3168640136719,0
-38.0479888916016,0
-30.9228076934814,0
-25.7694988250732,0
-25.0520496368408,0
-26.9475860595703,0
-27.7464370727539,0
-26.0767631530762,0
-23.0265884399414,0
-19.4194393157959,0
-15.4894905090332,0
-12.5607852935791,0
-12.2560453414917,0
-13.96213722229,0
-15.5099458694458,0
-16.4731216430664,0
-18.200267791748,0
-20.3576259613037,0
-20.6452007293701,0
-19.0440998077393,0
-19.0426044464111,0
-22.4781684875488,0
-25.9357814788818,0
-25.1571235656738,0
-21.0354537963867,0
-18.0485172271729,0
-18.0253868103027,0
-18.7157325744629,0
-17.7914581298828,0
-14.954607963562,0
-10.3100271224976,0
-4.06448554992676,0
1.64402842521667,0
3.80799984931946,0
2.65441823005676,0
2.15176606178284,0
5.03562355041504,0
9.44261360168457,0
11.9302473068237,0
11.8933506011963,0
11.2471742630005,0
11.3358945846558,0
12.250901222229,0
14.3319568634033,0
18.2449474334717,0
23.5075206756592,0
28.216682434082,0
30.5499134063721,0
30.2354488372803,0
28.8680648803711,0
28.8823776245117,0
31.3328266143799,0
34.3966751098633,0
35.258243560791,0
33.9685440063477,0
33.8738098144531,0
37.1418342590332,0
41.4551391601562,0
42.9151573181152,0
41.0771064758301,0
38.913272857666,0
38.3377075195312,0
38.1680679321289,0
36.7384300231934,0
34.3390617370605,0
32.2065467834473,0
30.6980228424072,0
29.456506729126,0
28.2058448791504,0
26.4917888641357,0
23.7001132965088,0
20.2179317474365,0
17.4995956420898,0
15.9445028305054,0
13.8385057449341,0
9.85827350616455,0
5.71236371994019,0
4.35307788848877,0
5.82616090774536,0
6.86465215682983,0
4.88303327560425,0
0.600793123245239,0
-3.82962441444397,0
-7.47297382354736,0
-10.3137645721436,0
-11.8732690811157,0
-11.7158584594727,0
-10.5035963058472,0
-9.15970706939697,0
-7.59119844436646,0
-5.44461870193481,0
-3.39697790145874,0
-2.27757406234741,0
-1.54492378234863,0
-0.267958074808121,0
0.841228604316711,0
0.236513763666153,0
-1.76807916164398,0
-3.10552430152893,0
-3.02583932876587,0
-3.12828540802002,0
-4.7097282409668,0
-6.8584132194519,0
-8.08292007446289,0
-8.28204822540283,0
-8.02297496795654,0
-7.20194959640503,0
-5.66315126419067,0
-4.17806100845337,0
-3.67949819564819,0
-4.24487733840942,0
-5.62215089797974,0
-7.82595157623291,0
-10.4354038238525,0
-12.4438209533691,0
-13.7610683441162,0
-15.6205177307129,0
-18.3101959228516,0
-19.8739795684814,0
-18.7878360748291,0
-16.8315620422363,0
-17.132116317749,0
-19.8267555236816,0
-21.9230842590332,0
-21.6533279418945,0
-20.9204235076904,0
-22.5895557403564,0
-26.7923030853271,0
-31.0640048980713,0
-33.468620300293,0
-34.4917411804199,0
-35.7597579956055,0
-37.5974082946777,0
-38.6316604614258,0
-37.9883575439453,0
-36.9226379394531,0
-37.0979614257812,0
-37.8172340393066,0
-36.8686447143555,0
-34.2588157653809,0
-32.8171157836914,0
-34.057788848877,0
-35.5763511657715,0
-34.2265243530273,0
-30.1407146453857,0
-25.6691360473633,0
-21.8467597961426,0
-18.0684833526611,0
-13.9069404602051,0
-8.80836200714111,0
-1.18898737430573,0
9.23396778106689,0
18.8703594207764,0
23.1897201538086,0
22.359619140625,0
21.1280155181885,0
22.6386451721191,0
25.060661315918,0
25.2627868652344,0
23.3936538696289,0
22.2320423126221,0
23.3570404052734,0
25.3413352966309,0
25.3336849212646,0
22.0207901000977,0
17.2513465881348,0
14.1470985412598,0
12.9866008758545,0
10.3817358016968,0
4.16645669937134,0
-2.5083065032959,0
-4.76585960388184,0
-2.77301502227783,0
-1.6322124004364,0
-4.70305299758911,0
-10.3816118240356,0
-15.758508682251,0
-19.8934116363525,0
-22.5400238037109,0
-23.1601543426514,0
-22.8650932312012,0
-24.3261814117432,0
-27.889289855957,0
-30.4533824920654,0
-30.0658569335938,0
-28.8113536834717,0
-28.7840023040771,0
-27.9682598114014,0
-23.3774433135986,0
-16.3757305145264,0
-11.3265972137451,0
-9.93290615081787,0
-10.2886505126953,0
-11.1008501052856,0
-13.392599105835,0
-17.441370010376,0
-20.8923034667969,0
-21.2461929321289,0
-18.5480880737305,0
-14.5788621902466,0
-10.6107063293457,0
-6.81796312332153,0
-2.9489049911499,0
1.27607560157776,0
5.98845958709717,0
10.94655418396,0
15.741982460022,0
20.202449798584,0
24.1865615844727,0
27.318302154541,0
29.7067737579346,0
32.6047439575195,0
37.1810874938965,0
42.5497703552246,0
46.1481704711914,0
46.4485054016113,0
44.3753280639648,0
41.6315841674805,0
38.5775413513184,0
34.4905319213867,0
29.2271461486816,0
23.6494979858398,0
18.489049911499,0
13.4360847473145,0
7.50207805633545,0
0.00332100433297455,0
-8.93858432769775,0
-18.7494373321533,0
-28.9446697235107,0
-38.9066543579102,0
-47.2317085266113,0
-52.336311340332,0
-54.5031623840332,0
-56.4494781494141,0
-60.3741836547852,0
-64.7500915527344,0
-65.8308410644531,0
-62.6316032409668,0
-58.5928916931152,0
-57.4600143432617,0
-59.1714935302734,0
-61.0651206970215,0
-61.5989074707031,0
-61.0694732666016,0
-59.7612190246582,0
-57.630054473877,0
-55.5205154418945,0
-54.6746101379395,0
-54.9271392822266,0
-55.0495338439941,0
-54.871654510498,0
-55.1947135925293,0
-55.4298858642578,0
-53.5447311401367,0
-49.2248420715332,0
-45.0326194763184,0
-42.995475769043,0
-41.7367782592773,0
-38.8018836975098,0
-34.4692115783691,0
-30.9579296112061,0
-28.58278465271,0
-25.302677154541,0
-20.2618923187256,0
-15.334228515625,0
-12.1858720779419,0
-9.7334623336792,0
-5.95074892044067,0
-0.936005294322968,0
3.27025651931763,0
5.08741569519043,0
4.33774328231812,0
1.59053516387939,0
-2.04254913330078,0
-5.09727764129639,0
-7.18611288070679,0
-9.68100738525391,0
-13.491795539856,0
-16.9229393005371,0
-17.8139381408691,0
-17.3770332336426,0
-19.3494052886963,0
-25.0658283233643,0
-31.8835372924805,0
-37.1184043884277,0
-40.9495735168457,0
-44.406005859375,0
-47.2226371765137,0
-49.3730812072754,0
-52.1982040405273,0
-55.9157485961914,0
-58.3555107116699,0
-58.5705451965332,0
-59.2711868286133,0
-62.5172119140625,0
-65.1820526123047,0
-62.8044815063477,0
-56.6548881530762,0
-52.3693618774414,0
-51.7964096069336,0
-50.9142608642578,0
-46.6396026611328,0
-41.1060943603516,0
-37.2943458557129,0
-34.5180511474609,0
-31.1397342681885,0
-28.5736770629883,0
-28.9878215789795,0
-30.9078826904297,0
-30.7302398681641,0
-27.9245281219482,0
-25.6356449127197,0
-26.0648097991943,0
-27.7519798278809,0
-28.0149688720703,0
-26.3194236755371,0
-24.3785076141357,0
-23.7289543151855,0
-23.78635597229,0
-22.3091983795166,0
-18.1152725219727,0
-13.2048215866089,0
-10.8739070892334,0
-11.2258472442627,0
-10.3810558319092,0
-5.58980512619019,0
0.605037689208984,0
3.58648824691772,0
2.77373695373535,0
1.62133097648621,0
2.14351224899292,0
2.87884163856506,0
2.67391204833984,0
2.82351279258728,0
3.78160905838013,0
2.9456102848053,0
-1.54603731632233,0
-6.98487615585327,0
-9.17502593994141,0
-8.08085632324219,0
-7.25275182723999,0
-8.24142837524414,0
-8.84600925445557,0
-7.12133026123047,0
-4.04279518127441,0
-1.19859850406647,0
1.61310589313507,0
5.00694847106934,0
8.07327842712402,0
9.35711860656738,0
8.61303615570068,0
6.57239151000977,0
4.2708888053894,0
3.56028628349304,0
6.63745737075806,0
13.4443397521973,0
20.6388378143311,0
24.7742137908936,0
25.7484645843506,0
25.7498264312744,0
25.8277988433838,0
25.4086952209473,0
24.565315246582,0
24.4911422729492,0
25.4678440093994,0
26.1993465423584,0
25.7886924743652,0
24.9939041137695,0
24.8460445404053,0
25.2301940917969,0
25.7080078125,0
26.7439804077148,0
28.9362602233887,0
31.6066761016846,0
33.5415725708008,0
35.1346435546875,0
38.3292427062988,0
43.6174468994141,0
48.2041244506836,0
48.7031440734863,0
45.3633155822754,0
41.832332611084,0
40.3199691772461,0
38.9781265258789,0
35.4327125549316,0
31.0536460876465,0
29.153694152832,0
29.7636032104492,0
29.1902809143066,0
25.045654296875,0
18.9285831451416,0
13.2429571151733,0
8.08989238739014,0
2.87704873085022,0
-1.56228280067444,0
-4.86409759521484,0
-9.20813655853271,0
-16.5664024353027,0
-24.9741592407227,0
-30.5729103088379,0
-32.9366989135742,0
-35.3528060913086,0
-39.6829643249512,0
-43.9609184265137,0
-45.8762702941895,0
-45.8159103393555,0
-45.0652122497559,0
-43.5732650756836,0
-41.6019020080566,0
-41.5664901733398,0
-45.4638633728027,0
-51.3859710693359,0
-55.2593841552734,0
-55.8955688476562,0
-55.9652137756348,0
-57.7358283996582,0
-60.1312446594238,0
-60.8350715637207,0
-59.3183517456055,0
-56.4659194946289,0
-52.7732200622559,0
-48.6323013305664,0
-45.3651237487793,0
-43.9627342224121,0
-43.121524810791,0
-40.4379425048828,0
-35.6916732788086,0
-31.1351642608643,0
-28.0143241882324,0
-24.6412925720215,0
-19.0658855438232,0
-12.082423210144,0
-5.80946493148804,0
-0.285395175218582,0
6.33632802963257,0
14.4655723571777,0
22.3157081604004,0
29.0977821350098,0
36.8459396362305,0
47.5957489013672,0
60.1975402832031,0
71.7585067749023,0
81.4119186401367,0
90.6268539428711,0
99.9711074829102,0
107.665870666504,0
112.014930725098,0
113.708045959473,0
114.658897399902,0
115.42359161377,0
114.665328979492,0
110.706596374512,0
103.167358398438,0
93.7146759033203,0
85.4919204711914,0
80.7790832519531,0
78.5320129394531,0
75.1127548217773,0
68.1908874511719,0
59.1065139770508,0
50.7394523620605,0
44.1636238098145,0
38.4131698608398,0
32.5043792724609,0
26.3979625701904,0
20.6643772125244,0
16.2719078063965,0
13.9626569747925,0
13.0092496871948,0
11.7664747238159,0
10.329475402832,0
10.831036567688,0
13.7076148986816,0
16.0178909301758,0
15.8608551025391,0
16.0498657226562,0
19.8302364349365,0
24.8334522247314,0
25.8105430603027,0
22.3960800170898,0
19.0571613311768,0
17.3456649780273,0
13.8369770050049,0
7.23785352706909,0
2.09670901298523,0
2.47168111801147,0
6.17583179473877,0
8.65544891357422,0
8.9988899230957,0
8.50239753723145,0
6.540442943573,0
2.2841465473175,0
-1.57853066921234,0
-1.38579988479614,0
2.12303686141968,0
4.88114643096924,0
5.54219770431519,0
6.97457122802734,0
11.7669067382812,0
19.4322471618652,0
28.4923458099365,0
38.6264343261719,0
49.9860801696777,0
62.4059867858887,0
76.0582580566406,0
91.4442138671875,0
108.145767211914,0
124.494773864746,0
138.646041870117,0
149.432723999023,0
156.753189086914,0
161.959518432617,0
166.936752319336,0
171.59326171875,0
173.28205871582,0
170.124969482422,0
163.652374267578,0
156.25993347168,0
147.466812133789,0
135.495132446289,0
121.647132873535,0
109.540191650391,0
99.7901840209961,0
89.1377410888672,0
76.1849136352539,0
64.5945281982422,0
58.0203399658203,0
54.1879005432129,0
47.2288131713867,0
35.0332565307617,0
21.4415073394775,0
11.1992359161377,0
5.15474033355713,0
0.86691415309906,0
-4.23771858215332,0
-11.4462652206421,0
-20.8767433166504,0
-31.3313064575195,0
-40.5849647521973,0
-47.2557945251465,0
-52.4537773132324,0
-58.5934219360352,0
-66.4357986450195,0
-74.2735214233398,0
-80.4023513793945,0
-85.2565765380859,0
-90.0144729614258,0
-93.9181900024414,0
-94.8372268676758,0
-92.6883010864258,0
-90.4397811889648,0
-90.6607971191406,0
-92.4699401855469,0
-93.3077392578125,0
-92.5369720458984,0
-91.4000930786133,0
-90.245979309082,0
-88.1773300170898,0
-85.2770614624023,0
-82.6550903320312,0
-79.8683776855469,0
-74.9440078735352,0
-68.1816558837891,0
-63.4965858459473,0
-63.862678527832,0
-66.9051895141602,0
-67.2608871459961,0
-62.6591835021973,0
-55.8246421813965,0
-50.723014831543,0
-48.5491943359375,0
-47.3989105224609,0
-44.6702346801758,0
-39.5540084838867,0
-33.6159744262695,0
-28.7829475402832,0
-24.8478565216064,0
-19.9698905944824,0
-13.6596565246582,0
-7.52347421646118,0
-2.52185535430908,0
2.29312372207642,0
7.08876752853394,0
9.80565738677979,0
9.65857696533203,0
9.88571166992188,0
13.7291526794434,0
18.8645248413086,0
19.508846282959,0
14.1349964141846,0
7.87524175643921,0
6.48009443283081,0
10.4065837860107,0
15.7925462722778,0
19.0381565093994,0
19.1515350341797,0
17.2421798706055,0
15.1471757888794,0
13.7643365859985,0
11.9539670944214,0
7.80197048187256,0
1.28353226184845,0
-5.39393854141235,0
-10.4715232849121,0
-14.3961315155029,0
-18.2310199737549,0
-21.5764141082764,0
-23.3003883361816,0
-23.7281608581543,0
-24.8608131408691,0
-28.3296298980713,0
-33.7770805358887,0
-39.3207359313965,0
-43.1310920715332,0
-44.4599685668945,0
-43.6607971191406,0
-41.7464942932129,0
-39.8161201477051,0
-38.2011680603027,0
-35.7685470581055,0
-30.6931953430176,0
-22.8210144042969,0
-14.9918537139893,0
-10.775164604187,0
-10.5042428970337,0
-10.5724697113037,0
-7.38364315032959,0
-1.28338551521301,0
4.30554151535034,0
7.18220853805542,0
8.65504264831543,0
11.3517236709595,0
15.7189235687256,0
19.631103515625,0
21.3486213684082,0
21.8036994934082,0
23.1718883514404,0
25.7890377044678,0
27.799934387207,0
27.8442420959473,0
26.481351852417,0
24.2740573883057,0
20.1604976654053,0
13.3876600265503,0
6.03730583190918,0
1.50093972682953,0
0.466318875551224,0
0.186196759343147,0
-1.84565913677216,0
-4.93819141387939,0
-6.71737194061279,0
-6.62671279907227,0
-6.74072074890137,0
-9.01237392425537,0
-12.4420776367188,0
-13.858118057251,0
-11.8595857620239,0
-9.13127899169922,0
-9.53921222686768,0
-13.1939392089844,0
-16.1771335601807,0
-15.5922107696533,0
-12.973804473877,0
-11.595606803894,0
-12.1956739425659,0
-13.1258926391602,0
-13.4272489547729,0
-13.5828742980957,0
-13.719856262207,0
-13.0316209793091,0
-11.0483121871948,0
-8.08195686340332,0
-4.35853862762451,0
0.131106302142143,0
4.80252265930176,0
8.38938140869141,0
9.87278175354004,0
9.14345455169678,0
6.95950031280518,0
4.46366691589355,0
2.17571568489075,0
-0.736471593379974,0
-5.29363679885864,0
-10.5546455383301,0
-13.8969030380249,0
-14.0573558807373,0
-12.5867500305176,0
-11.5083770751953,0
-10.9507284164429,0
-10.0094757080078,0
-8.22155380249023,0
-4.77743577957153,0
1.83635222911835,0
11.109824180603,0
18.742374420166,0
20.3794174194336,0
16.6487083435059,0
11.8987054824829,0
8.30234050750732,0
4.40406513214111,0
-0.0664386451244354,0
-1.83935379981995,0
0.918556749820709,0
4.04656982421875,0
1.62440800666809,0
-6.13146257400513,0
-12.9550733566284,0
-14.6995267868042,0
-13.5841073989868,0
-12.9777393341064,0
-12.0236558914185,0
-8.73473262786865,0
-5.31221151351929,0
-5.53089189529419,0
-8.12949085235596,0
-8.0596809387207,0
-4.49544763565063,0
-2.25969457626343,0
-3.73406672477722,0
-4.57593441009521,0
-0.573151588439941,0
5.62524604797363,0
8.69895553588867,0
8.22175312042236,0
7.47637605667114,0
7.1753945350647,0
5.38327121734619,0
2.4538426399231,0
1.17081153392792,0
2.10755276679993,0
2.82716608047485,0
1.70377910137177,0
-0.81024444103241,0
-4.24140739440918,0
-7.84659099578857,0
-8.94064617156982,0
-5.56299161911011,0
-0.562656104564667,0
1.27835953235626,0
0.209160357713699,0
0.926133215427399,0
4.60741758346558,0
6.8205132484436,0
4.94144725799561,0
2.33899211883545,0
2.30352091789246,0
2.51904940605164,0
-0.518189191818237,0
-5.26110124588013,0
-7.78718566894531,0
-8.21199893951416,0
-9.76097297668457,0
-12.7252779006958,0
-13.8053464889526,0
-11.3913164138794,0
-7.86334037780762,0
-6.11350345611572,0
-6.48241138458252,0
-7.72641658782959,0
-8.93492889404297,0
-9.93039608001709,0
-11.2443838119507,0
-13.9166965484619,0
-18.1742763519287,0
-22.5525302886963,0
-25.4512729644775,0
-26.8963871002197,0
-27.4270191192627,0
-26.324104309082,0
-22.9630889892578,0
-18.9811096191406,0
-16.4890804290771,0
-14.5316543579102,0
-10.1199321746826,0
-2.88383388519287,0
4.03778600692749,0
8.09202480316162,0
9.56565093994141,0
9.38925075531006,0
7.95699882507324,0
7.09773778915405,0
9.55364513397217,0
14.4405498504639,0
16.627368927002,0
13.4857053756714,0
9.19127559661865,0
8.68233489990234,0
9.99614429473877,0
7.22461462020874,0
-0.625040352344513,0
-8.99256801605225,0
-15.4190063476562,0
-22.2479839324951,0
-30.9232444763184,0
-39.055419921875,0
-45.1366882324219,0
-51.1555252075195,0
-57.6716117858887,0
-61.0424499511719,0
-59.6261863708496,0
-58.7469863891602,0
-64.1599502563477,0
-72.9724731445312,0
-76.7110366821289,0
-72.4738006591797,0
-65.6091766357422,0
-61.2556686401367,0
-58.5891265869141,0
-54.8274917602539,0
-50.1177787780762,0
-45.7816734313965,0
-41.157154083252,0
-35.2012710571289,0
-29.0548496246338,0
-24.3921642303467,0
-20.9090232849121,0
-17.8935260772705,0
-16.7998695373535,0
-19.4680976867676,0
-24.4868507385254,0
-28.02952003479,0
-28.4094371795654,0
-27.6361999511719,0
-28.0254783630371,0
-29.1758060455322,0
-29.3065433502197,0
-28.3295822143555,0
-28.2002143859863,0
-30.3383598327637,0
-33.5097846984863,0
-34.6816215515137,0
-32.072437286377,0
-27.2793312072754,0
-23.990161895752,0
-24.2899284362793,0
-26.603178024292,0
-27.744348526001,0
-26.5143146514893,0
-24.3063793182373,0
-22.3228034973145,0
-19.5966835021973,0
-14.4835758209229,0
-7.09478902816772,0
0.832908272743225,0
7.85342216491699,0
13.4445543289185,0
17.4237899780273,0
20.588888168335,0
25.8295593261719,0
36.1327285766602,0
50.2404823303223,0
62.2377014160156,0
67.4370727539062,0
67.4921112060547,0
67.6201553344727,0
69.8359222412109,0
71.6931610107422,0
71.311149597168,0
70.2128829956055,0
70.1347045898438,0
70.0511245727539,0
68.4713516235352,0
66.5366668701172,0
66.2530517578125,0
66.9490127563477,0
66.256233215332,0
64.1250457763672,0
63.159854888916,0
64.6875610351562,0
66.8592987060547,0
67.4531936645508,0
66.5730209350586,0
65.3469543457031,0
63.4949378967285,0
59.8346252441406,0
54.5140991210938,0
49.3203468322754,0
45.8998146057129,0
44.5168228149414,0
44.3169136047363,0
44.0146446228027,0
42.4795913696289,0
39.3710708618164,0
35.2666473388672,0
30.908166885376,0
26.577938079834,0
22.3537063598633,0
18.2620067596436,0
13.7314167022705,0
7.79028940200806,0
0.684116661548615,0
-5.4351544380188,0
-8.48761081695557,0
-8.55927753448486,0
-7.00826072692871,0
-4.35561943054199,0
-0.712288916110992,0
2.29230952262878,0
2.3158757686615,0
-0.479797393083572,0
-2.8909707069397,0
-2.33346009254456,0
0.199827432632446,0
1.78059661388397,0
1.18851411342621,0
-0.0923418179154396,0
-0.0252762846648693,0
1.64122235774994,0
3.13293385505676,0
2.48744225502014,0
-0.375751703977585,0
-3.67259526252747,0
-5.87223339080811,0
-6.80996751785278,0
-6.1150279045105,0
-2.18388032913208,0
5.35250663757324,0
13.3008308410645,0
17.8175792694092,0
19.4500370025635,0
22.4630279541016,0
28.8508319854736,0
36.0290069580078,0
41.4066505432129,0
46.0539093017578,0
51.8320274353027,0
57.610782623291,0
61.2197265625,0
63.4002456665039,0
66.5885467529297,0
70.4986267089844,0
72.0867919921875,0
70.1232604980469,0
66.9908447265625,0
64.9359817504883,0
62.7789077758789,0
58.0271606445312,0
50.8424301147461,0
43.7967720031738,0
38.034725189209,0
31.8241233825684,0
23.7491512298584,0
15.6837663650513,0
10.7035255432129,0
8.60206699371338,0
5.8325662612915,0
0.604562163352966,0
-4.24525833129883,0
-5.44161033630371,0
-4.67709541320801,0
-6.68017959594727,0
-12.0820569992065,0
-15.7607326507568,0
-13.827205657959,0
-9.25068759918213,0
-7.58943796157837,0
-9.03221702575684,0
-8.65935516357422,0
-4.2965612411499,0
0.391631126403809,0
2.36690592765808,0
4.66701745986938,0
11.5654773712158,0
20.8312911987305,0
25.9894332885742,0
25.9230670928955,0
26.7577743530273,0
32.4576072692871,0
38.5733642578125,0
39.0264892578125,0
35.3349800109863,0
34.0673866271973,0
37.1720008850098,0
40.3458709716797,0
40.5420265197754,0
39.5390472412109,0
39.0629997253418,0
37.6135482788086,0
34.4938774108887,0
32.5273132324219,0
33.471076965332,0
34.2707824707031,0
31.7095394134521,0
28.0061893463135,0
27.4461212158203,0
29.384334564209,0
29.3616485595703,0
26.1597938537598,0
22.68115234375,0
19.8816184997559,0
15.283371925354,0
8.87160015106201,0
5.04871654510498,0
5.65383005142212,0
5.59471321105957,0
-0.172035604715347,0
-8.53390598297119,0
-12.1868228912354,0
-9.75568389892578,0
-6.41711139678955,0
-5.13252067565918,0
-3.3309154510498,0
0.523537397384644,0
2.93247056007385,0
1.14911961555481,0
-1.39882385730743,0
0.376029998064041,0
6.05307626724243,0
11.2348165512085,0
14.3862047195435,0
17.7202644348145,0
21.9901390075684,0
24.8107643127441,0
24.8206005096436,0
24.0066261291504,0
24.6249618530273,0
26.3525047302246,0
27.7077884674072,0
28.1813049316406,0
27.6928367614746,0
25.7329139709473,0
22.4912662506104,0
19.59690284729,0
18.4259338378906,0
18.4978561401367,0
18.4980449676514,0
18.0378475189209,0
17.4813957214355,0
16.8848628997803,0
16.2434120178223,0
16.2370548248291,0
17.5225982666016,0
19.4247703552246,0
20.3856296539307,0
19.8503837585449,0
18.8156242370605,0
18.192455291748,0
17.5476779937744,0
16.2758235931396,0
15.3330221176147,0
16.4162559509277,0
19.3998985290527,0
22.1079330444336,0
23.2986907958984,0
24.4454002380371,0
27.3603019714355,0
31.2950611114502,0
34.0361976623535,0
34.9219932556152,0
34.8722457885742,0
34.2011489868164,0
32.5963363647461,0
30.6838760375977,0
29.1444644927979,0
26.7678279876709,0
22.3405532836914,0
18.192985534668,0
18.1602001190186,0
21.4778881072998,0
22.7647609710693,0
19.5430393218994,0
15.6944665908813,0
15.1232242584229,0
16.0381965637207,0
14.9512958526611,0
12.818302154541,0
12.8053741455078,0
14.4743089675903,0
14.9619569778442,0
14.2877407073975,0
14.5688180923462,0
14.9393625259399,0
12.4327068328857,0
7.83918619155884,0
5.52816343307495,0
6.70632934570312,0
7.90776300430298,0
7.68445301055908,0
9.6544017791748,0
15.9661731719971,0
22.0624179840088,0
22.095947265625,0
17.0050354003906,0
13.2475023269653,0
14.9346189498901,0
20.5014133453369,0
25.9235935211182,0
27.9942817687988,0
25.4056396484375,0
20.0275344848633,0
16.7845687866211,0
19.0862655639648,0
24.4063777923584,0
27.2914543151855,0
26.4562644958496,0
25.3315162658691,0
25.4597816467285,0
23.8505191802979,0
18.6084537506104,0
12.9243535995483,0
10.3592357635498,0
9.48463535308838,0
6.96782684326172,0
3.31748700141907,0
1.08916079998016,0
-0.7395378947258,0
-5.37460422515869,0
-11.86838722229,0
-15.643798828125,0
-15.7259159088135,0
-15.8325681686401,0
-16.9893913269043,0
-15.3185443878174,0
-10.2547702789307,0
-8.62320613861084,0
-14.9352779388428,0
-22.5180625915527,0
-21.7604789733887,0
-14.5684299468994,0
-12.3205823898315,0
-19.631175994873,0
-28.4422359466553,0
-30.3994121551514,0
-27.4617729187012,0
-25.9159507751465,0
-26.1693572998047,0
-24.716775894165,0
-22.2752742767334,0
-22.998363494873,0
-27.015941619873,0
-30.0370235443115,0
-30.4760131835938,0
-31.5087337493896,0
-34.990364074707,0
-38.1646003723145,0
-38.4050559997559,0
-37.3120765686035,0
-37.5924301147461,0
-38.8761215209961,0
-39.2859916687012,0
-38.8264923095703,0
-38.5560836791992,0
-38.303150177002,0
-37.9039077758789,0
-39.0587196350098,0
-42.9796752929688,0
-47.3528938293457,0
-48.7361640930176,0
-47.3272972106934,0
-46.3585968017578,0
-47.2040176391602,0
-48.2121734619141,0
-48.1977119445801,0
-47.6787300109863,0
-46.3600845336914,0
-42.9774780273438,0
-38.5195045471191,0
-36.012809753418,0
-35.7207183837891,0
-34.1934051513672,0
-30.0817604064941,0
-27.2298450469971,0
-29.1209144592285,0
-33.5212745666504,0
-36.2048034667969,0
-37.2643165588379,0
-39.5683212280273,0
-42.9679298400879,0
-44.640811920166,0
-44.2090835571289,0
-44.1149368286133,0
-45.2177505493164,0
-45.9498863220215,0
-45.6488342285156,0
-44.9690971374512,0
-43.2429885864258,0
-39.3550682067871,0
-35.0367546081543,0
-33.0675163269043,0
-32.254207611084,0
-28.8852024078369,0
-23.4530334472656,0
-20.5924015045166,0
-21.2507038116455,0
-20.7403182983398,0
-16.8914833068848,0
-14.3313932418823,0
-16.9688415527344,0
-21.3764839172363,0
-22.3251972198486,0
-20.6368999481201,0
-20.2719383239746,0
-21.1493129730225,0
-20.8043384552002,0
-20.5776672363281,0
-23.5551090240479,0
-27.577220916748,0
-27.0706024169922,0
-22.1073951721191,0
-19.2937641143799,0
-22.2176570892334,0
-26.7941608428955,0
-28.5420093536377,0
-29.379711151123,0
-33.6740989685059,0
-41.3617553710938,0
-48.938289642334,0
-54.7426643371582,0
-59.484691619873,0
-63.2241096496582,0
-65.3575592041016,0
-66.5007095336914,0
-67.1587219238281,0
-65.4305648803711,0
-59.3736915588379,0
-51.1789131164551,0
-45.5593528747559,0
-43.9197387695312,0
-43.507381439209,0
-42.746955871582,0
-43.6764144897461,0
-47.7895698547363,0
-53.110538482666,0
-57.5188980102539,0
-61.5885887145996,0
-65.3652114868164,0
-65.8111038208008,0
-61.595043182373,0
-57.6004371643066,0
-59.181324005127,0
-63.366756439209,0
-62.0345649719238,0
-53.9240951538086,0
-46.7394561767578,0
-45.4299850463867,0
-45.339714050293,0
-41.2782440185547,0
-37.2987632751465,0
-40.7284049987793,0
-50.031982421875,0
-56.057201385498,0
-54.2466621398926,0
-48.7439460754395,0
-44.1771125793457,0
-40.1197967529297,0
-35.6150512695312,0
-33.1963386535645,0
-34.7840003967285,0
-37.5796852111816,0
-37.8094825744629,0
-36.062801361084,0
-35.7395553588867,0
-38.0399703979492,0
-41.2553367614746,0
-43.6183242797852,0
-44.5110626220703,0
-43.9701538085938,0
-42.796215057373,0
-42.0310173034668,0
-41.2358627319336,0
-39.1930160522461,0
-37.3477935791016,0
-39.5857162475586,0
-46.5440711975098,0
-53.2694931030273,0
-55.4684791564941,0
-55.1638946533203,0
-56.5914421081543,0
-59.4434471130371,0
-60.901481628418,0
-61.9876441955566,0
-65.9404449462891,0
-71.1141052246094,0
-71.6790161132812,0
-66.0708312988281,0
-59.2374382019043,0
-55.2494316101074,0
-52.9357833862305,0
-50.5944442749023,0
-49.6312217712402,0
-50.4926795959473,0
-49.576530456543,0
-44.1597290039062,0
-37.4265480041504,0
-35.0258560180664,0
-38.5693588256836,0
-44.9217262268066,0
-49.587532043457,0
-48.8213119506836,0
-41.6174354553223,0
-32.4700889587402,0
-29.1963596343994,0
-34.6542472839355,0
-42.7289695739746,0
-45.1467247009277,0
-39.774600982666,0
-30.0209083557129,0
-20.0257377624512,0
-13.9736604690552,0
-15.6838989257812,0
-23.3421764373779,0
-27.9510612487793,0
-23.2473163604736,0
-14.6547536849976,0
-11.7021036148071,0
-13.8867225646973,0
-12.3806047439575,0
-4.90358781814575,0
0.75843220949173,0
-0.20539964735508,0
-2.63868713378906,0
-1.59929382801056,0
-0.94647878408432,0
-5.72437572479248,0
-13.1306781768799,0
-18.3906402587891,0
-23.8119564056396,0
-33.4577217102051,0
-43.0030975341797,0
-44.5204772949219,0
-39.4793586730957,0
-37.3412399291992,0
-41.1991767883301,0
-44.0965232849121,0
-41.1476745605469,0
-36.3151245117188,0
-33.8990821838379,0
-31.4790172576904,0
-26.007698059082,0
-20.0033321380615,0
-16.2323341369629,0
-12.099925994873,0
-5.24637460708618,0
0.412588179111481,0
0.706195414066315,0
-1.20717918872833,0
-0.418016612529755,0
0.382127404212952,0
-4.6348876953125,0
-13.0948581695557,0
-16.7293682098389,0
-14.6443386077881,0
-15.0614757537842,0
-22.0267944335938,0
-28.8049907684326,0
-28.1146659851074,0
-21.9851684570312,0
-16.8291721343994,0
-14.2709531784058,0
-12.2151775360107,0
-11.0362043380737,0
-12.8562078475952,0
-16.4260864257812,0
-17.6233329772949,0
-14.7285995483398,0
-10.0734930038452,0
-7.00267219543457,0
-7.65518188476562,0
-12.7955522537231,0
-21.0946674346924,0
-28.8157634735107,0
-32.3438911437988,0
-31.1770038604736,0
-27.4872665405273,0
-23.5495624542236,0
-20.6603050231934,0
-19.2398662567139,0
-18.2204532623291,0
-15.1914529800415,0
-8.93141460418701,0
-1.32292926311493,0
4.67964315414429,0
8.42628479003906,0
11.4808883666992,0
14.7016439437866,0
17.0577907562256,0
17.2822532653809,0
15.2986469268799,0
11.8104333877563,0
7.5325174331665,0
3.12454390525818,0
-0.81597101688385,0
-3.93777966499329,0
-6.00264549255371,0
-6.82737731933594,0
-6.97758340835571,0
-8.20131683349609,0
-11.9687023162842,0
-17.0045604705811,0
-19.1035346984863,0
-14.7537574768066,0
-5.45812511444092,0
2.36147928237915,0
3.03940606117249,0
-2.46236729621887,0
-7.29311609268188,0
-5.91959857940674,0
0.290320783853531,0
5.57152700424194,0
6.71068859100342,0
5.55555200576782,0
5.07637119293213,0
5.78591012954712,0
7.24203824996948,0
10.5315389633179,0
16.511194229126,0
22.6547470092773,0
24.745433807373,0
22.0517749786377,0
18.2575225830078,0
16.3189067840576,0
14.7931938171387,0
11.0261793136597,0
6.07966327667236,0
3.8909170627594,0
6.21482515335083,0
10.829216003418,0
14.7786531448364,0
17.253511428833,0
18.7608318328857,0
19.2606391906738,0
18.1003379821777,0
14.9023170471191,0
10.1964569091797,0
6.07181167602539,0
5.77227783203125,0
10.4889268875122,0
16.0848770141602,0
15.5445747375488,0
6.54701852798462,0
-4.97349405288696,0
-11.0576772689819,0
-10.7757654190063,0
-10.7192649841309,0
-16.2978858947754,0
-24.8331089019775,0
-28.8634395599365,0
-25.2563323974609,0
-18.8696136474609,0
-16.5716018676758,0
-19.4901866912842,0
-23.3566589355469,0
-25.7410697937012,0
-29.3496723175049,0
-36.4872360229492,0
-43.5813102722168,0
-45.2937202453613,0
-42.8427352905273,0
-43.4715156555176,0
-50.715404510498,0
-59.2679061889648,0
-61.6487770080566,0
-56.8012199401855,0
-49.3246269226074,0
-42.6644554138184,0
-36.5937385559082,0
-30.3433494567871,0
-24.735013961792,0
-20.8004684448242,0
-18.3637943267822,0
-16.3293952941895,0
-13.2168760299683,0
-7.95805311203003,0
-1.56722152233124,0
2.9076201915741,0
4.00009393692017,0
4.45558023452759,0
7.85553073883057,0
13.3972072601318,0
17.0222434997559,0
17.4044151306152,0
17.2657470703125,0
18.3032779693604,0
18.7073879241943,0
17.2148952484131,0
15.8668546676636,0
16.3416748046875,0
16.9375457763672,0
16.2375144958496,0
16.5696048736572,0
19.8485679626465,0
22.7190475463867,0
20.969217300415,0
17.2287731170654,0
18.4037628173828,0
25.2580280303955,0
30.1811866760254,0
27.0514907836914,0
18.8112907409668,0
12.9963474273682,0
13.2952184677124,0
17.7667503356934,0
22.3837814331055,0
24.0452976226807,0
22.3656463623047,0
20.2310218811035,0
20.6896667480469,0
22.6978492736816,0
22.6983985900879,0
20.5649642944336,0
19.9126205444336,0
21.8407726287842,0
23.369083404541,0
23.6254634857178,0
25.9467277526855,0
31.1474952697754,0
34.4841957092285,0
32.8978691101074,0
29.3526248931885,0
25.6896705627441,0
18.017240524292,0
5.53746938705444,0
-3.00632810592651,0
-0.840000987052917,0
4.22602462768555,0
-0.292862981557846,0
-12.3346843719482,0
-18.4420566558838,0
-15.2475748062134,0
-14.0664825439453,0
-21.3708019256592,0
-28.4589385986328,0
-27.3384170532227,0
-24.9447574615479,0
-31.3587436676025,0
-42.4785499572754,0
-46.4373435974121,0
-42.3691825866699,0
-40.4185676574707,0
-44.7519073486328,0
-48.6942253112793,0
-48.207878112793,0
-48.9258689880371,0
-55.0493392944336,0
-60.2192916870117,0
-56.4316902160645,0
-46.3233909606934,0
-39.2719459533691,0
-38.6423797607422,0
-39.9872360229492,0
-39.9714546203613,0
-39.6300048828125,0
-38.7252388000488,0
-34.2691879272461,0
-27.0494117736816,0
-23.4204387664795,0
-26.5957374572754,0
-30.7777271270752,0
-28.7538452148438,0
-22.0325145721436,0
-18.0555210113525,0
-19.4110946655273,0
-21.7434139251709,0
-21.8112182617188,0
-21.4725246429443,0
-22.4213237762451,0
-22.5571250915527,0
-20.3874206542969,0
-18.6682434082031,0
-19.9682292938232,0
-21.5574474334717,0
-18.701961517334,0
-11.5846614837646,0
-5.44559526443481,0
-4.33541870117188,0
-7.43490028381348,0
-11.4051036834717,0
-14.1135005950928,0
-15.6083116531372,0
-16.6959362030029,0
-17.1493167877197,0
-15.5535736083984,0
-11.577278137207,0
-7.71081638336182,0
-6.60662603378296,0
-6.79041290283203,0
-4.10695171356201,0
1.69220077991486,0
5.35130643844604,0
3.16037940979004,0
-1.7148722410202,0
-3.87504148483276,0
-2.7386839389801,0
-1.31759405136108,0
-0.371400833129883,0
1.70690941810608,0
4.3405556678772,0
4.69218301773071,0
2.29787421226501,0
0.109595932066441,0
0.349059909582138,0
2.17068910598755,0
3.94044518470764,0
5.51725339889526,0
7.92103815078735,0
12.4206085205078,0
19.5792579650879,0
27.5560283660889,0
32.4025077819824,0
32.0883445739746,0
28.900369644165,0
25.6498966217041,0
21.5663089752197,0
15.028039932251,0
7.94275760650635,0
3.00402331352234,0
-1.44971907138824,0
-8.37620544433594,0
-14.9223499298096,0
-14.6642990112305,0
-7.38238286972046,0
-0.497039914131165,0
0.816397130489349,0
-0.485449880361557,0
0.705285668373108,0
4.84236621856689,0
9.38379192352295,0
12.8288488388062,0
14.4916114807129,0
14.0302648544312,0
13.4310550689697,0
15.8265237808228,0
20.5419368743896,0
23.2152252197266,0
22.3181285858154,0
21.0022716522217,0
21.0223426818848,0
20.4705467224121,0
19.7751712799072,0
23.4323997497559,0
32.0185394287109,0
38.912899017334,0
39.9428291320801,0
40.1699485778809,0
44.9943313598633,0
50.2892608642578,0
49.008674621582,0
43.0586471557617,0
39.9497108459473,0
40.571704864502,0
39.3006896972656,0
34.8087539672852,0
31.5763092041016,0
30.4081287384033,0
26.3549785614014,0
18.1548519134521,0
11.9222631454468,0
11.9367074966431,0
13.9016752243042,0
11.5355529785156,0
5.51170015335083,0
1.66758787631989,0
2.98484325408936,0
6.96222257614136,0
9.79517841339111,0
10.6688137054443,0
11.8139057159424,0
14.7544107437134,0
16.6579341888428,0
12.264199256897,0
1.03548097610474,0
-10.0922298431396,0
-14.2929916381836,0
-13.0416870117188,0
-12.788724899292,0
-15.7761678695679,0
-19.5146427154541,0
-23.5377388000488,0
-29.6380348205566,0
-35.522834777832,0
-35.8765640258789,0
-31.4585266113281,0
-29.8549995422363,0
-34.262279510498,0
-38.5232810974121,0
-37.3392372131348,0
-34.5588302612305,0
-35.6905136108398,0
-38.250431060791,0
-36.8292007446289,0
-33.3586654663086,0
-34.1450042724609,0
-39.0483551025391,0
-41.7438278198242,0
-40.0026245117188,0
-38.096565246582,0
-38.675952911377,0
-39.4584465026855,0
-39.1868171691895,0
-40.0859680175781,0
-42.3949584960938,0
-42.7640953063965,0
-40.6748542785645,0
-40.3974342346191,0
-43.1959533691406,0
-43.3478126525879,0
-36.4068717956543,0
-26.6251468658447,0
-21.0436000823975,0
-20.040735244751,0
-19.1983051300049,0
-17.392557144165,0
-16.819709777832,0
-16.7450294494629,0
-13.6665353775024,0
-7.69352722167969,0
-3.23538732528687,0
-2.50422167778015,0
-2.92219400405884,0
-1.94810032844543,0
-0.0959136635065079,0
2.23572945594788,0
6.56753778457642,0
12.5735464096069,0
16.2397785186768,0
15.0943593978882,0
12.7066602706909,0
14.3154783248901,0
19.4486141204834,0
22.5681991577148,0
20.4282283782959,0
15.0862588882446,0
9.52645969390869,0
4.39761161804199,0
0.515616357326508,0
0.475351005792618,0
4.52964401245117,0
7.91227054595947,0
6.60420894622803,0
3.97202324867249,0
6.81590843200684,0
15.7330369949341,0
24.8704872131348,0
31.0391883850098,0
36.3755302429199,0
40.6820030212402,0
39.1597747802734,0
31.9053249359131,0
27.7760143280029,0
31.890209197998,0
36.1245956420898,0
31.4297943115234,0
24.3090496063232,0
29.0031909942627,0
45.4421501159668,0
58.266902923584,0
59.0927543640137,0
56.4748573303223,0
59.3332328796387,0
63.1972122192383,0
60.6598472595215,0
54.7477149963379,0
51.8249549865723,0
49.316722869873,0
41.5239295959473,0
31.7675628662109,0
27.4099559783936,0
26.9776248931885,0
23.5923633575439,0
18.0029220581055,0
16.336799621582,0
17.2169551849365,0
14.1298065185547,0
9.76994800567627,0
13.6249847412109,0
23.5594844818115,0
24.9088039398193,0
12.8892068862915,0
1.44441545009613,0
2.05881905555725,0
7.18829298019409,0
5.09533500671387,0
-0.789104998111725,0
-0.281443238258362,0
5.22676801681519,0
7.50145864486694,0
7.9084529876709,0
13.6183404922485,0
21.3182697296143,0
20.6606540679932,0
12.7578525543213,0
9.5159912109375,0
13.5021839141846,0
13.9811964035034,0
6.25966739654541,0
-0.318488746881485,0
0.431174546480179,0
0.827396512031555,0
-5.54001426696777,0
-10.828971862793,0
-6.37325429916382,0
1.23889398574829,0
0.730145275592804,0
-4.5029821395874,0
-2.10591793060303,0
7.76906728744507,0
11.4430522918701,0
2.62980055809021,0
-8.6705436706543,0
-11.6149911880493,0
-8.34585571289062,0
-7.42701244354248,0
-11.5678606033325,0
-17.5710735321045,0
-22.5917091369629,0
-24.7379531860352,0
-21.7605476379395,0
-14.7630996704102,0
-10.2537450790405,0
-13.1253929138184,0
-19.4610404968262,0
-21.4121208190918,0
-18.0728225708008,0
-16.072229385376,0
-19.108081817627,0
-22.4691848754883,0
-20.450439453125,0
-14.7795600891113,0
-11.3244352340698,0
-10.8845701217651,0
-8.79531860351562,0
-3.7396252155304,0
-1.0077850818634,0
-3.923344373703,0
-6.99533939361572,0
-3.33883237838745,0
3.87425327301025,0
4.66695165634155,0
-3.29528045654297,0
-11.3483190536499,0
-13.0162935256958,0
-12.5794458389282,0
-15.8909940719604,0
-20.1055889129639,0
-19.6643104553223,0
-16.5971145629883,0
-16.2030715942383,0
-16.9666938781738,0
-14.7162246704102,0
-13.4690074920654,0
-20.1865139007568,0
-29.6910209655762,0
-28.1549816131592,0
-13.9331007003784,0
-1.61731374263763,0
-0.323673516511917,0
-1.13970839977264,0
5.66117668151855,0
13.4752731323242,0
11.5381956100464,0
4.40731906890869,0
4.32434749603271,0
10.2113351821899,0
10.818998336792,0
6.57350921630859,0
10.5227251052856,0
24.5423355102539,0
31.5055160522461,0
19.5487480163574,0
0.938321769237518,0
-4.72346115112305,0
3.02826070785522,0
8.90929698944092,0
6.38136339187622,0
4.13893175125122,0
8.01675891876221,0
10.1349697113037,0
1.77519190311432,0
-12.2554330825806,0
-19.9443511962891,0
-17.7657089233398,0
-12.6620311737061,0
-10.9125499725342,0
-12.1212692260742,0
-13.8390636444092,0
-15.541277885437,0
-16.217399597168,0
-13.053318977356,0
-5.57857513427734,0
1.78701055049896,0
4.03794479370117,0
0.768358409404755,0
-4.51212692260742,0
-8.16045475006104,0
-7.90450668334961,0
-3.06997489929199,0
4.14803838729858,0
9.33032512664795,0
10.3504123687744,0
10.1557941436768,0
12.7526750564575,0
17.4589824676514,0
19.6319961547852,0
16.5949573516846,0
10.5728187561035,0
5.80293750762939,0
4.47457981109619,0
5.63549375534058,0
6.98355913162231,0
7.60537433624268,0
8.98614978790283,0
12.3760499954224,0
15.4602098464966,0
14.1294918060303,0
8.29280567169189,0
2.94748997688293,0
1.6962411403656,0
2.0715274810791,0
-0.237312644720078,0
-5.25750732421875,0
-10.08935546875,0
-14.2015542984009,0
-19.4839324951172,0
-25.9761657714844,0
-31.0595779418945,0
-32.9641990661621,0
-33.0070724487305,0
-34.565803527832,0
-40.4758110046387,0
-49.552547454834,0
-55.2913970947266,0
-51.9881286621094,0
-43.6011810302734,0
-40.8123931884766,0
-45.8259925842285,0
-47.166934967041,0
-36.514476776123,0
-24.0401153564453,0
-26.0627555847168,0
-40.9005126953125,0
-49.9561538696289,0
-43.5073318481445,0
-32.7490425109863,0
-32.1085815429688,0
-40.8011245727539,0
-48.6121788024902,0
-51.0336112976074,0
-50.3967742919922,0
-48.132926940918,0
-44.3836097717285,0
-41.8575057983398,0
-43.0386734008789,0
-45.7668304443359,0
-46.6762390136719,0
-46.0300369262695,0
-44.5397033691406,0
-39.609546661377,0
-30.5358619689941,0
-23.1734085083008,0
-22.2130146026611,0
-22.1398944854736,0
-14.11168384552,0
0.0139869851991534,0
9.20083904266357,0
8.60277557373047,0
4.93026828765869,0
5.13664436340332,0
7.89840269088745,0
9.54388809204102,0
11.4316091537476,0
16.4851837158203,0
23.0645637512207,0
27.5555953979492,0
30.5503597259521,0
35.7264137268066,0
43.4631233215332,0
49.5004348754883,0
50.4861183166504,0
48.0869255065918,0
45.9123077392578,0
43.8778648376465,0
38.9035034179688,0
32.4364166259766,0
33.2717514038086,0
47.133129119873,0
64.6549835205078,0
68.2761688232422,0
54.5013580322266,0
40.9875602722168,0
44.3381690979004,0
57.7666244506836,0
61.269157409668,0
49.6634368896484,0
37.3460960388184,0
35.2267684936523,0
36.8943214416504,0
32.7427444458008,0
25.9921188354492,0
25.8716831207275,0
32.5823097229004,0
38.6439552307129,0
41.0020599365234,0
42.9814643859863,0
46.1875839233398,0
48.2833251953125,0
48.5828018188477,0
49.523983001709,0
51.8773384094238,0
53.284854888916,0
52.4412460327148,0
51.0363159179688,0
50.692684173584,0
50.8014831542969,0
50.1305961608887,0
48.5,0
46.3111381530762,0
43.7405319213867,0
40.5812034606934,0
36.3232421875,0
30.9985485076904,0
26.1325874328613,0
23.3710498809814,0
22.0073413848877,0
20.1481037139893,0
18.4975070953369,0
19.5807056427002,0
22.4228744506836,0
22.4521732330322,0
18.8381538391113,0
17.1433277130127,0
20.9973621368408,0
25.5398941040039,0
24.1424884796143,0
18.0966815948486,0
13.6758184432983,0
12.1631259918213,0
9.71112537384033,0
6.04479074478149,0
5.78561305999756,0
9.89322757720947,0
12.5454511642456,0
9.64214706420898,0
5.46449375152588,0
7.06215667724609,0
15.0580520629883,0
23.4461040496826,0
26.6950302124023,0
24.3603992462158,0
19.8973770141602,0
17.0823554992676,0
16.9881267547607,0
17.2657318115234,0
15.0125875473022,0
10.6372137069702,0
7.54175138473511,0
7.77456474304199,0
9.79706478118896,0
10.8999128341675,0
9.88342189788818,0
7.07756471633911,0
3.97193670272827,0
3.04935646057129,0
5.19570922851562,0
6.88913869857788,0
3.45880508422852,0
-3.81728267669678,0
-7.78845596313477,0
-4.51612377166748,0
1.7003585100174,0
5.08840703964233,0
6.17599058151245,0
9.04602909088135,0
14.3754148483276,0
19.7509269714355,0
24.0249099731445,0
26.4916305541992,0
24.4839019775391,0
17.4157886505127,0
10.7655630111694,0
9.46681499481201,0
9.39605331420898,0
3.4389226436615,0
-5.08010482788086,0
-5.02401208877563,0
4.87513065338135,0
11.5681581497192,0
5.8536958694458,0
-4.53471422195435,0
-7.37283992767334,0
-3.48397445678711,0
-2.44973635673523,0
-6.82689762115479,0
-11.7069644927979,0
-16.4453430175781,0
-24.5180168151855,0
-32.1752777099609,0
-29.9639568328857,0
-18.6817874908447,0
-12.2226724624634,0
-18.4479694366455,0
-26.8969802856445,0
-23.8661460876465,0
-12.3226842880249,0
-6.58947610855103,0
-11.5582304000854,0
-18.3675594329834,0
-19.9019031524658,0
-19.6647853851318,0
-22.5609703063965,0
-25.9436378479004,0
-25.0491752624512,0
-21.2428512573242,0
-19.2444477081299,0
-20.1590309143066,0
-22.406852722168,0
-26.2682495117188,0
-32.0404052734375,0
-36.1635131835938,0
-35.1556510925293,0
-32.1047134399414,0
-33.1969833374023,0
-38.2491798400879,0
-41.0553817749023,0
-39.5602264404297,0
-38.5872421264648,0
-40.3892707824707,0
-40.0155754089355,0
-34.5682525634766,0
-30.1992225646973,0
-32.9592590332031,0
-37.7191925048828,0
-34.8378868103027,0
-25.2790851593018,0
-19.6433773040771,0
-22.0192127227783,0
-24.1610546112061,0
-18.6972599029541,0
-10.0760040283203,0
-7.18841171264648,0
-10.822093963623,0
-14.4553928375244,0
-14.0504913330078,0
-11.2231330871582,0
-8.44540214538574,0
-6.3154444694519,0
-5.17086267471313,0
-5.38306951522827,0
-6.01972627639771,0
-6.14920568466187,0
-7.10775709152222,0
-10.7196283340454,0
-15.748854637146,0
-18.9286613464355,0
-19.1602268218994,0
-17.875020980835,0
-15.6224088668823,0
-11.7695941925049,0
-8.11559581756592,0
-9.13816356658936,0
-16.5020523071289,0
-25.6216335296631,0
-30.1745929718018,0
-28.9175071716309,0
-25.8925743103027,0
-24.7253952026367,0
-25.2821979522705,0
-25.9695262908936,0
-26.3770027160645,0
-26.0004291534424,0
-22.5852966308594,0
-14.6463174819946,0
-4.92222595214844,0
1.61104083061218,0
3.28789258003235,0
2.42941617965698,0
0.129375040531158,0
-5.71394205093384,0
-15.1498556137085,0
-23.0012607574463,0
-25.1175479888916,0
-25.226770401001,0
-30.2727642059326,0
-39.7413330078125,0
-45.2968673706055,0
-42.1872367858887,0
-35.8789329528809,0
-34.4843597412109,0
-38.2912101745605,0
-40.5735130310059,0
-36.8936920166016,0
-29.9315433502197,0
-25.4041347503662,0
-25.9176387786865,0
-29.3359661102295,0
-31.6400623321533,0
-30.8325786590576,0
-28.6893253326416,0
-28.8019485473633,0
-32.6349639892578,0
-37.897575378418,0
-41.1456604003906,0
-41.2922210693359,0
-39.7991142272949,0
-37.9932250976562,0
-35.4934005737305,0
-31.6171474456787,0
-27.3234405517578,0
-24.5629062652588,0
-23.5914745330811,0
-21.9994602203369,0
-17.3504314422607,0
-10.4041299819946,0
-4.79851293563843,0
-3.67805957794189,0
-7.26066207885742,0
-12.9527854919434,0
-16.5656032562256,0
-14.4442682266235,0
-6.86939334869385,0
0.894467949867249,0
3.69976377487183,0
2.79975438117981,0
3.93934988975525,0
8.97116470336914,0
13.720832824707,0
15.7041034698486,0
18.9195117950439,0
27.3485984802246,0
37.955135345459,0
45.1401863098145,0
49.1625022888184,0
54.5448188781738,0
61.9479675292969,0
67.4319229125977,0
69.0908126831055,0
68.9991073608398,0
68.7767868041992,0
68.3537445068359,0
68.9290924072266,0
71.6712417602539,0
73.3079528808594,0
68.868278503418,0
59.6019401550293,0
52.1591682434082,0
48.6807632446289,0
44.271053314209,0
36.4506874084473,0
29.9765911102295,0
28.3515663146973,0
27.1914463043213,0
21.5221691131592,0
14.3168649673462,0
11.5206089019775,0
12.6035976409912,0
12.4808235168457,0
9.81238746643066,0
6.98434734344482,0
4.09333229064941,0
-0.578541815280914,0
-5.48943519592285,0
-7.39888668060303,0
-7.07539033889771,0
-7.58515024185181,0
-7.8526496887207,0
-4.3227710723877,0
1.40274393558502,0
3.70605397224426,0
2.55820274353027,0
4.64360189437866,0
12.4050359725952,0
18.9186496734619,0
18.0525131225586,0
14.1642770767212,0
15.9408521652222,0
24.0129814147949,0
30.7719039916992,0
31.1939926147461,0
28.2483329772949,0
27.060245513916,0
28.2807693481445,0
29.1656665802002,0
28.2558345794678,0
26.4759540557861,0
25.0216197967529,0
24.6603889465332,0
26.8331050872803,0
32.8397064208984,0
40.6558990478516,0
44.5246734619141,0
40.4519157409668,0
31.8150615692139,0
26.6012020111084,0
28.1172752380371,0
31.1087074279785,0
28.9236946105957,0
22.0206031799316,0
16.3369598388672,0
14.8557195663452,0
14.7788982391357,0
13.1425285339355,0
11.4514265060425,0
13.0387954711914,0
18.1216697692871,0
23.4105472564697,0
25.6412086486816,0
24.3695697784424,0
22.0991725921631,0
22.3569469451904,0
26.6644992828369,0
32.6905860900879,0
36.3315124511719,0
36.2825584411621,0
35.5493087768555,0
37.7150497436523,0
42.8597717285156,0
48.2215118408203,0
51.7793121337891,0
53.630054473877,0
54.5581245422363,0
55.2499923706055,0
56.9683799743652,0
60.9281005859375,0
66.0149307250977,0
68.6870269775391,0
66.7507629394531,0
62.472770690918,0
60.2329750061035,0
61.2838897705078,0
62.5790481567383,0
61.0819129943848,0
57.3938903808594,0
54.1568031311035,0
52.6385116577148,0
52.7066841125488,0
54.8332939147949,0
59.3855400085449,0
64.1346893310547,0
65.4831390380859,0
63.2617416381836,0
61.7971420288086,0
64.3724517822266,0
68.6044998168945,0
69.6687240600586,0
66.5880355834961,0
62.4421882629395,0
59.3528938293457,0
56.8410186767578,0
55.138599395752,0
56.1283378601074,0
59.56298828125,0
61.8782005310059,0
61.1245346069336,0
60.166675567627,0
62.0203132629395,0
64.5007629394531,0
63.3536987304688,0
59.1797142028809,0
56.8755378723145,0
58.4918899536133,0
60.9805030822754,0
61.7533988952637,0
62.318920135498,0
64.5529632568359,0
66.8582077026367,0
66.7916870117188,0
65.2227935791016,0
65.0046920776367,0
66.8157958984375,0
68.8876647949219,0
70.1182174682617,0
71.1504898071289,0
72.6103591918945,0
74.1526184082031,0
75.2595367431641,0
75.5428237915039,0
74.2518157958984,0
70.7179946899414,0
65.3883209228516,0
59.541088104248,0
54.0850067138672,0
49.4228782653809,0
46.0755500793457,0
44.1690254211426,0
42.3327407836914,0
38.5044708251953,0
32.3798561096191,0
25.9376811981201,0
20.6240768432617,0
15.0369873046875,0
7.21843528747559,0
-0.872394502162933,0
-3.69596338272095,0
1.31443917751312,0
9.34973430633545,0
13.3570365905762,0
12.7966785430908,0
13.4013910293579,0
17.8117637634277,0
21.3771190643311,0
19.9029293060303,0
16.7108821868896,0
16.9632682800293,0
18.568021774292,0
15.5823974609375,0
9.07363414764404,0
6.76638889312744,0
11.1233968734741,0
15.5421504974365,0
15.109694480896,0
13.7530345916748,0
16.1317481994629,0
19.0743637084961,0
17.6183242797852,0
14.5521640777588,0
16.0704860687256,0
20.8128643035889,0
21.4931812286377,0
16.4818077087402,0
11.5773210525513,0
9.50180435180664,0
5.59576606750488,0
-3.28314876556396,0
-12.4196634292603,0
-16.0495376586914,0
-15.469612121582,0
-15.6994495391846,0
-17.7131595611572,0
-18.7840538024902,0
-18.1338844299316,0
-17.5620174407959,0
-17.6912574768066,0
-17.619068145752,0
-17.650562286377,0
-18.9076614379883,0
-20.6075820922852,0
-20.8476581573486,0
-19.9113330841064,0
-19.9689922332764,0
-21.5957679748535,0
-23.2632369995117,0
-24.2181854248047,0
-25.1010246276855,0
-25.5241012573242,0
-23.8580856323242,0
-20.0403785705566,0
-16.002067565918,0
-12.5060749053955,0
-8.08572578430176,0
-2.16463255882263,0
3.28465008735657,0
6.63302230834961,0
8.80784034729004,0
10.8603296279907,0
11.5404767990112,0
9.5770206451416,0
6.59265756607056,0
5.18056726455688,0
5.47317218780518,0
6.40636396408081,0
9.1710090637207,0
15.8727359771729,0
25.0200366973877,0
32.0828857421875,0
35.3666076660156,0
37.9466743469238,0
42.2416877746582,0
45.8015174865723,0
44.9341583251953,0
40.1311798095703,0
34.8704643249512,0
30.5176200866699,0
25.7051162719727,0
20.1966152191162,0
15.9406938552856,0
13.6232376098633,0
10.9749536514282,0
5.97290658950806,0
-0.105742052197456,0
-4.45306921005249,0
-6.49709224700928,0
-8.36379623413086,0
-11.967601776123,0
-16.8540000915527,0
-21.0458698272705,0
-23.3806610107422,0
-24.7339134216309,0
-26.9135303497314,0
-30.2761478424072,0
-32.8273506164551,0
-32.4362106323242,0
-29.8436031341553,0
-28.318696975708,0
-29.7641143798828,0
-32.1543159484863,0
-31.9761333465576,0
-28.8304424285889,0
-26.2775840759277,0
-27.6157836914062,0
-31.6339015960693,0
-33.5104522705078,0
-29.89111328125,0
-22.1996974945068,0
-14.4252653121948,0
-8.4599609375,0
-3.01912975311279,0
2.83965110778809,0
7.06123971939087,0
7.0505838394165,0
3.94772934913635,0
2.37485241889954,0
5.4357967376709,0
11.3479738235474,0
15.8367805480957,0
16.8841190338135,0
16.0617733001709,0
15.7221336364746,0
16.1802787780762,0
16.0417079925537,0
14.5850744247437,0
12.9890508651733,0
12.9419374465942,0
14.4603605270386,0
15.853138923645,0
16.0037574768066,0
15.6772155761719,0
15.6502733230591,0
14.476734161377,0
10.034704208374,0
3.37149739265442,0
-1.13765347003937,0
-0.658840656280518,0
2.59711074829102,0
4.25534534454346,0
2.89419746398926,0
0.272711306810379,0
-2.64545893669128,0
-7.05469083786011,0
-13.2610416412354,0
-18.8791694641113,0
-21.6268978118896,0
-22.3309879302979,0
-23.4742240905762,0
-25.7499694824219,0
-27.6941757202148,0
-28.079927444458,0
-27.0255432128906,0
-25.0629940032959,0
-22.7367038726807,0
-21.0622425079346,0
-20.7506332397461,0
-20.7042579650879,0
-18.7963218688965,0
-14.6798343658447,0
-10.4638528823853,0
-7.9010705947876,0
-6.25444316864014,0
-4.04998826980591,0
-1.80926704406738,0
-1.44335305690765,0
-3.34527111053467,0
-5.64786815643311,0
-6.61742734909058,0
-6.65857362747192,0
-7.38964509963989,0
-9.34181785583496,0
-11.1300554275513,0
-10.7183609008789,0
-7.19242095947266,0
-1.34997975826263,0
5.19019412994385,0
11.2388763427734,0
16.4259014129639,0
20.8453922271729,0
24.9262504577637,0
29.5180816650391,0
35.2939682006836,0
41.8210144042969,0
47.8857536315918,0
52.966869354248,0
57.5329437255859,0
61.4458694458008,0
63.1329536437988,0
61.3957824707031,0
57.4212532043457,0
53.8308334350586,0
51.9854049682617,0
51.2615203857422,0
50.7996482849121,0
50.7757415771484,0
51.6879539489746,0
53.2542915344238,0
54.4197082519531,0
54.0602645874023,0
51.6640319824219,0
47.7995338439941,0
43.8598136901855,0
40.8599319458008,0
38.6097602844238,0
36.4800987243652,0
34.5289497375488,0
33.12646484375,0
31.9234580993652,0
30.2152938842773,0
28.0302715301514,0
25.7518253326416,0
22.9816474914551,0
19.1914100646973,0
15.3699064254761,0
13.3208980560303,0
13.0929040908813,0
12.945707321167,0
12.438157081604,0
13.4221973419189,0
16.6203327178955,0
19.2617588043213,0
18.5353736877441,0
16.3051261901855,0
17.5624771118164,0
24.1247138977051,0
32.400520324707,0
38.1367073059082,0
41.0152320861816,0
42.9832763671875,0
43.9947738647461,0
42.1157646179199,0
37.3978004455566,0
32.9189796447754,0
31.0315322875977,0
30.4432182312012,0
28.5314922332764,0
25.4160556793213,0
23.8525981903076,0
25.3066215515137,0
27.8922691345215,0
28.7527866363525,0
27.3028907775879,0
25.3764247894287,0
24.9517993927002,0
26.5034580230713,0
29.0876235961914,0
31.2398567199707,0
31.8894367218018,0
30.9227504730225,0
28.978853225708,0
26.7253646850586,0
24.5619850158691,0
22.8346843719482,0
21.6696720123291,0
20.5625019073486,0
18.8900127410889,0
16.9434242248535,0
15.591552734375,0
14.7846975326538,0
13.5316963195801,0
11.7556486129761,0
10.8596420288086,0
11.6246919631958,0
12.7262544631958,0
12.4562883377075,0
11.0336933135986,0
10.1054763793945,0
10.7572660446167,0
13.098840713501,0
16.9253921508789,0
21.4822273254395,0
25.3543815612793,0
27.9992351531982,0
30.6599102020264,0
34.2018547058105,0
36.7523651123047,0
35.4212913513184,0
30.0966720581055,0
23.6208057403564,0
18.1955738067627,0
13.45765209198,0
8.29315376281738,0
2.68128848075867,0
-2.76656460762024,0
-7.39185428619385,0
-9.93325805664062,0
-9.01164531707764,0
-5.21310091018677,0
-1.46592283248901,0
-0.126379862427711,0
-0.330068200826645,0
0.79105669260025,0
4.59747505187988,0
9.35135936737061,0
12.0067987442017,0
11.1605987548828,0
8.1047534942627,0
4.96399259567261,0
2.21685194969177,0
-0.972451746463776,0
-4.01206541061401,0
-4.45489168167114,0
-1.64642345905304,0
1.03422522544861,0
-0.0194553453475237,0
-3.76992797851562,0
-6.38190126419067,0
-7.25068092346191,0
-9.58647060394287,0
-14.6615266799927,0
-19.3180370330811,0
-20.736837387085,0
-20.2538967132568,0
-20.0903205871582,0
-19.2581520080566,0
-15.8961544036865,0
-11.5716257095337,0
-9.56833934783936,0
-9.86059093475342,0
-9.3706693649292,0
-7.07784652709961,0
-5.49609184265137,0
-6.46213102340698,0
-8.41604518890381,0
-9.05867958068848,0
-8.29313087463379,0
-7.00720596313477,0
-4.90433645248413,0
-1.41394937038422,0
2.57017707824707,0
5.76408624649048,0
8.49230289459229,0
11.87522315979,0
15.6490821838379,0
18.6252174377441,0
20.9680194854736,0
24.0300388336182,0
27.827693939209,0
30.658597946167,0
31.7195358276367,0
32.1844787597656,0
32.8610458374023,0
32.7578544616699,0
31.3456058502197,0
30.3534183502197,0
31.2574405670166,0
32.3904457092285,0
31.081958770752,0
27.9036121368408,0
26.0257682800293,0
26.4580497741699,0
26.7232570648193,0
24.8405818939209,0
22.0874290466309,0
20.7524185180664,0
21.3527908325195,0
23.4326515197754,0
27.1808032989502,0
32.5231437683105,0
37.9741973876953,0
42.0780067443848,0
45.0024070739746,0
47.2469482421875,0
47.8218383789062,0
45.4616966247559,0
41.0402221679688,0
37.08984375,0
35.0956344604492,0
34.5310859680176,0
34.3251419067383,0
34.0107612609863,0
33.4569129943848,0
32.5632858276367,0
31.425874710083,0
30.2284812927246,0
29.0358810424805,0
28.011058807373,0
27.2875690460205,0
26.1579265594482,0
23.3178443908691,0
18.8755722045898,0
15.2046308517456,0
14.3958101272583,0
15.528359413147,0
16.1573448181152,0
16.0372219085693,0
17.1514739990234,0
19.8261585235596,0
21.3083667755127,0
19.5559520721436,0
16.4917259216309,0
15.4296159744263,0
16.4208374023438,0
16.5848827362061,0
14.8053159713745,0
13.5924167633057,0
15.488597869873,0
19.5842170715332,0
23.0213813781738,0
24.7065830230713,0
25.8601741790771,0
27.4756927490234,0
28.9985485076904,0
29.7233715057373,0
30.1548500061035,0
31.3769397735596,0
33.8596572875977,0
37.4135780334473,0
41.7012062072754,0
46.2236824035645,0
50.2917976379395,0
53.7094993591309,0
57.2645797729492,0
61.863582611084,0
67.2147903442383,0
72.0240707397461,0
75.6072006225586,0
78.609130859375,0
81.7917709350586,0
84.8592147827148,0
87.2044830322266,0
89.2150497436523,0
91.7501068115234,0
94.6236114501953,0
96.9231491088867,0
98.792350769043,0
101.228294372559,0
103.663955688477,0
103.74853515625,0
100.879600524902,0
98.1576766967773,0
98.6380844116211,0
100.776657104492,0
100.216262817383,0
95.6406860351562,0
90.018913269043,0
85.8186416625977,0
81.9668350219727,0
76.6809234619141,0
70.6233215332031,0
65.3555908203125,0
60.7137908935547,0
55.9730262756348,0
52.1415252685547,0
50.581844329834,0
50.1665191650391,0
48.3676490783691,0
45.0308876037598,0
42.7129287719727,0
42.8883743286133,0
43.8089637756348,0
42.8231620788574,0
39.2577018737793,0
34.3023223876953,0
29.4979381561279,0
26.2316417694092,0
25.4353694915771,0
26.5814838409424,0
27.7416973114014,0
27.6446533203125,0
27.0668792724609,0
27.3721351623535,0
28.4573860168457,0
29.2223625183105,0
29.422248840332,0
29.7117805480957,0
30.1001529693604,0
29.6951904296875,0
28.1353607177734,0
26.2332534790039,0
24.9184589385986,0
24.3042449951172,0
23.9754295349121,0
23.4743728637695,0
22.3372821807861,0
20.3840560913086,0
18.2541427612305,0
17.0764083862305,0
17.3220558166504,0
18.3513641357422,0
19.161247253418,0
19.1933975219727,0
18.4694900512695,0
17.3752155303955,0
16.1986598968506,0
14.5477809906006,0
11.725700378418,0
8.28950691223145,0
6.45478391647339,0
7.77051162719727,0
11.0036134719849,0
13.8320255279541,0
16.1059112548828,0
19.4218635559082,0
23.6581916809082,0
26.5250244140625,0
27.2678470611572,0
28.2500038146973,0
31.284553527832,0
34.4935340881348,0
34.9182319641113,0
32.747386932373,0
30.5737476348877,0
29.368673324585,0
27.7336177825928,0
24.9171562194824,0
22.120080947876,0
20.3237018585205,0
18.7819747924805,0
16.4492816925049,0
13.3903408050537,0
9.93907070159912,0
5.7967357635498,0
1.06205892562866,0
-2.81645488739014,0
-4.41808176040649,0
-4.33482265472412,0
-4.75353670120239,0
-7.04801273345947,0
-10.3650159835815,0
-12.5740480422974,0
-12.3327836990356,0
-10.4629230499268,0
-9.42893409729004,0
-10.7553148269653,0
-12.5236530303955,0
-10.4690933227539,0
-2.70472836494446,0
7.4783992767334,0
15.1958770751953,0
19.8601951599121,0
25.2480220794678,0
33.5174522399902,0
41.9359970092773,0
47.0688056945801,0
49.8132858276367,0
53.674919128418,0
59.4845771789551,0
64.8818435668945,0
68.5590057373047,0
71.8025741577148,0
75.2318572998047,0
76.9028167724609,0
75.2377700805664,0
71.9250717163086,0
70.0494918823242,0
70.2482757568359,0
70.1909408569336,0
67.4946441650391,0
62.2121810913086,0
56.6508979797363,0
53.2570991516113,0
52.5282020568848,0
52.9248275756836,0
52.985595703125,0
52.8872489929199,0
53.1450653076172,0
52.7390594482422,0
50.2254180908203,0
46.1567497253418,0
42.3160629272461,0
38.7454872131348,0
33.8850708007812,0
27.7810153961182,0
22.4782447814941,0
18.538703918457,0
13.9002838134766,0
7.4533371925354,0
1.22228336334229,0
-2.66112470626831,0
-4.92223596572876,0
-7.27719831466675,0
-9.70605087280273,0
-11.6098594665527,0
-13.6847648620605,0
-16.2598114013672,0
-17.5012607574463,0
-16.0015544891357,0
-13.8627347946167,0
-14.2220001220703,0
-16.3665714263916,0
-16.257209777832,0
-11.8891401290894,0
-5.52017545700073,0
-0.202586099505424,0
3.59033489227295,0
7.07386445999146,0
10.6665296554565,0
13.5697984695435,0
15.1051750183105,0
15.7707290649414,0
17.0811023712158,0
20.2522468566895,0
24.9114112854004,0
29.7526302337646,0
34.7101402282715,0
41.2106323242188,0
49.4291610717773,0
56.7304801940918,0
60.3488273620605,0
