12.554762840271,0
10.8509206771851,0
8.46881771087646,0
6.80364084243774,0
7.8836612701416,0
10.9330186843872,0
13.0040836334229,0
13.2583789825439,0
13.9231939315796,0
16.2564754486084,0
18.3173942565918,0
18.3021640777588,0
17.7739067077637,0
19.3787040710449,0
22.8235740661621,0
25.36696434021,0
25.5083084106445,0
24.2037677764893,0
22.8325252532959,0
21.6712188720703,0
20.2858581542969,0
18.2131729125977,0
15.4115447998047,0
12.8337564468384,0
11.9453449249268,0
12.8315286636353,0
13.6953649520874,0
13.2521371841431,0
12.4243621826172,0
12.2598695755005,0
11.5424108505249,0
8.57611179351807,0
4.37966823577881,0
1.65911030769348,0
1.06575238704681,0
0.945908308029175,0
0.583893418312073,0
0.957102417945862,0
1.96069645881653,0
1.72765207290649,0
-0.192257687449455,0
-1.40004241466522,0
0.0226139649748802,0
2.56364893913269,0
3.40415072441101,0
2.23558878898621,0
1.22425973415375,0
1.8895183801651,0
3.52874970436096,0
4.43498182296753,0
3.58927536010742,0
1.38547217845917,0
-0.520827174186707,0
-0.356302112340927,0
2.15616035461426,0
5.65046167373657,0
9.00517463684082,0
12.7615928649902,0
18.0225887298584,0
24.5491886138916,0
30.8285655975342,0
35.6924781799316,0
38.9677314758301,0
40.6094512939453,0
40.1156120300293,0
37.2539291381836,0
32.9857559204102,0
29.1117897033691,0
26.7675399780273,0
25.443775177002,0
23.8871574401855,0
21.9972763061523,0
21.2395648956299,0
22.8437328338623,0
26.2668342590332,0
30.0784320831299,0
33.6125259399414,0
36.6187324523926,0
37.8745651245117,0
35.8803749084473,0
31.1595020294189,0
26.3497352600098,0
23.3935050964355,0
21.833251953125,0
20.5134658813477,0
19.6317443847656,0
19.9120006561279,0
20.6346130371094,0
19.9969482421875,0
17.3796768188477,0
14.1999320983887,0
12.237491607666,0
11.642448425293,0
10.8561334609985,0
8.37162590026855,0
4.50206089019775,0
1.27630460262299,0
0.362243443727493,0
1.29103660583496,0
2.16907024383545,0
1.84698474407196,0
0.579859614372253,0
-1.27135419845581,0
-3.98108267784119,0
-7.5625958442688,0
-11.1714324951172,0
-13.9448480606079,0
-15.672251701355,0
-16.3502368927002,0
-16.152099609375,0
-16.2992649078369,0
-18.5946388244629,0
-23.0124530792236,0
-26.7870388031006,0
-27.2550983428955,0
-25.0748901367188,0
-23.4544334411621,0
-24.585470199585,0
-27.9203624725342,0
-31.5953197479248,0
-34.3524513244629,0
-36.1360092163086,0
-37.8122711181641,0
-40.3021240234375,0
-43.1050910949707,0
-43.7348213195801,0
-39.7050399780273,0
-31.5334892272949,0
-23.1144886016846,0
-18.4543972015381,0
-18.0206031799316,0
-18.5740871429443,0
-16.7911911010742,0
-12.9370393753052,0
-10.4169282913208,0
-11.4996843338013,0
-14.578161239624,0
-16.8513603210449,0
-18.6865482330322,0
-22.9208335876465,0
-29.8343067169189,0
-35.713264465332,0
-37.752815246582,0
-37.9214134216309,0
-39.7680778503418,0
-43.1735916137695,0
-44.940486907959,0
-43.6521034240723,0
-41.2537307739258,0
-40.0467185974121,0
-40.5163383483887,0
-42.2811126708984,0
-44.9938659667969,0
-47.7019653320312,0
-49.0001487731934,0
-48.5753936767578,0
-47.5978775024414,0
-47.3321495056152,0
-48.351634979248,0
-51.0228958129883,0
-55.3305206298828,0
-59.9201965332031,0
-62.5558204650879,0
-62.0451583862305,0
-59.0732116699219,0
-55.2292366027832,0
-52.0783233642578,0
-50.8153305053711,0
-51.4200477600098,0
-52.0997467041016,0
-50.8788414001465,0
-47.9582290649414,0
-45.4213600158691,0
-44.5461387634277,0
-44.5473785400391,0
-44.0240707397461,0
-42.4600639343262,0
-40.2029838562012,0
-38.1127395629883,0
-37.2553405761719,0
-37.7216453552246,0
-37.7617683410645,0
-35.4614944458008,0
-31.3348197937012,0
-27.7510776519775,0
-25.6047039031982,0
-23.2281513214111,0
-19.1585521697998,0
-14.3965520858765,0
-10.9910125732422,0
-9.51586246490479,0
-8.81518268585205,0
-7.37643480300903,0
-4.2731785774231,0
0.390514314174652,0
5.23887825012207,0
8.4753532409668,0
9.59914112091064,0
9.85421276092529,0
10.7069959640503,0
12.4181251525879,0
14.2274732589722,0
15.2600612640381,0
15.1568994522095,0
14.5072898864746,0
14.5727605819702,0
15.7007856369019,0
16.2098369598389,0
14.1046199798584,0
9.94963932037354,0
6.68954229354858,0
6.35838556289673,0
8.27518463134766,0
10.7418556213379,0
12.9226207733154,0
14.3912343978882,0
14.4530591964722,0
13.1699361801147,0
12.0311307907104,0
12.4281349182129,0
14.1440238952637,0
16.1863746643066,0
18.1926231384277,0
19.9990158081055,0
20.8558139801025,0
20.6031818389893,0
20.9752216339111,0
23.8449211120605,0
28.0986366271973,0
30.0915222167969,0
28.0471076965332,0
24.6637229919434,0
24.0537166595459,0
26.8217220306396,0
29.7187938690186,0
30.1105060577393,0
29.1254978179932,0
29.5441246032715,0
31.8353118896484,0
33.7936096191406,0
33.5762557983398,0
31.4307136535645,0
28.4090995788574,0
25.1845359802246,0
22.7728233337402,0
22.6303329467773,0
24.6269607543945,0
26.2003936767578,0
25.3181304931641,0
23.5891094207764,0
24.5621566772461,0
29.1588172912598,0
34.5985908508301,0
37.9100494384766,0
38.6670455932617,0
37.874137878418,0
36.1510429382324,0
34.1588745117188,0
33.2390251159668,0
33.9614105224609,0
34.8185195922852,0
33.9026908874512,0
31.5603199005127,0
30.1170330047607,0
31.1897602081299,0
34.4710655212402,0
38.9975318908691,0
44.2242736816406,0
49.645637512207,0
54.6857681274414,0
59.4494285583496,0
64.3617630004883,0
68.406982421875,0
69.0612640380859,0
65.2682418823242,0
59.6329078674316,0
56.1285820007324,0
55.9358520507812,0
56.9435386657715,0
57.145637512207,0
56.820255279541,0
56.9464492797852,0
57.0267105102539,0
55.4872055053711,0
51.470588684082,0
45.6116256713867,0
39.7241287231445,0
35.9632720947266,0
35.0814247131348,0
34.9293899536133,0
32.1088218688965,0
26.2064266204834,0
21.0780963897705,0
20.4009437561035,0
22.9844188690186,0
24.3718090057373,0
22.467679977417,0
19.4645309448242,0
18.2706661224365,0
19.1758499145508,0
20.6218605041504,0
21.4801921844482,0
21.5837707519531,0
21.2218837738037,0
21.0705642700195,0
21.7873916625977,0
22.9152126312256,0
22.9553146362305,0
21.2989368438721,0
19.4590530395508,0
19.5475463867188,0
21.8125190734863,0
24.3361015319824,0
25.1717624664307,0
24.5384845733643,0
24.8608551025391,0
28.3908519744873,0
34.5047225952148,0
39.8407402038574,0
41.8000564575195,0
41.3405532836914,0
41.1610260009766,0
41.6956634521484,0
40.854362487793,0
37.895149230957,0
35.2756843566895,0
35.4029808044434,0
37.2584342956543,0
37.9880180358887,0
36.7258071899414,0
34.9128150939941,0
33.4254302978516,0
31.4486026763916,0
28.2648124694824,0
24.3272686004639,0
20.0244598388672,0
14.8680191040039,0
8.73206996917725,0
2.80734157562256,0
-1.58179497718811,0
-4.30676364898682,0
-5.72517395019531,0
-5.47716045379639,0
-3.24592852592468,0
-0.279378682374954,0
1.36665999889374,0
1.36947798728943,0
1.69672334194183,0
4.03415870666504,0
7.61485481262207,0
10.3758382797241,0
11.4693040847778,0
11.6214208602905,0
11.6061086654663,0
11.6621618270874,0
12.2153224945068,0
13.7387361526489,0
15.5766658782959,0
16.1079196929932,0
14.5919733047485,0
11.8302621841431,0
8.52364063262939,0
4.28672313690186,0
-0.708620429039001,0
-4.32723188400269,0
-4.33938598632812,0
-1.1967830657959,0
2.58975696563721,0
5.61805772781372,0
8.60545253753662,0
12.2819938659668,0
16.0455951690674,0
19.2564296722412,0
22.2876491546631,0
25.3580303192139,0
27.660343170166,0
28.9055786132812,0
30.6791553497314,0
34.6481246948242,0
39.9065628051758,0
43.705322265625,0
44.7333717346191,0
44.1509819030762,0
43.1742744445801,0
41.2049865722656,0
37.0802574157715,0
30.9494018554688,0
23.9458789825439,0
16.8963489532471,0
10.3962087631226,0
5.43938255310059,0
2.69654726982117,0
1.43632769584656,0
0.309817224740982,0
-0.816715240478516,0
-0.767846763134003,0
1.16744029521942,0
4.21291828155518,0
6.92041301727295,0
8.31147003173828,0
8.3465404510498,0
8.10515785217285,0
9.25333309173584,0
12.1461725234985,0
14.5755653381348,0
13.9157934188843,0
10.6885614395142,0
8.15703201293945,0
7.63573455810547,0
6.18527364730835,0
0.593743324279785,0
-7.81549787521362,0
-14.4646825790405,0
-16.8633575439453,0
-16.5519599914551,0
-16.047779083252,0
-16.1734313964844,0
-16.8492450714111,0
-18.4030170440674,0
-20.8230304718018,0
-22.9478206634521,0
-23.7247676849365,0
-23.769681930542,0
-24.7481288909912,0
-27.4477596282959,0
-31.03830909729,0
-34.0357246398926,0
-35.6344985961914,0
-36.2597045898438,0
-36.9092102050781,0
-37.7074928283691,0
-37.3831443786621,0
-34.9795684814453,0
-31.9490756988525,0
-31.2049331665039,0
-33.5057411193848,0
-36.0050315856934,0
-35.5134925842285,0
-32.3192558288574,0
-29.2288608551025,0
-27.1906871795654,0
-23.8581886291504,0
-17.2725296020508,0
-9.38323020935059,0
-4.15733814239502,0
-2.64824342727661,0
-1.80305123329163,0
1.40830755233765,0
6.44010162353516,0
11.0040903091431,0
14.9746732711792,0
20.1187305450439,0
26.2506980895996,0
30.3268089294434,0
30.3973388671875,0
28.4700565338135,0
27.9430999755859,0
29.6430130004883,0
32.015998840332,0
33.9692344665527,0
35.5881576538086,0
36.9413452148438,0
38.2341957092285,0
40.5392684936523,0
44.2680282592773,0
47.3795166015625,0
47.4024353027344,0
45.0269203186035,0
43.2521629333496,0
42.9872245788574,0
42.2924766540527,0
40.4720077514648,0
39.7944717407227,0
41.6042594909668,0
43.3246536254883,0
41.5071411132812,0
36.1572647094727,0
30.0167102813721,0
24.9566268920898,0
21.1183834075928,0
18.4614810943604,0
16.9222297668457,0
15.5963582992554,0
13.6945896148682,0
11.9912748336792,0
11.7193546295166,0
12.42453956604,0
12.5574569702148,0
11.9288740158081,0
11.9209060668945,0
13.2834882736206,0
15.2483911514282,0
16.9860191345215,0
18.5536346435547,0
20.0333576202393,0
20.8659591674805,0
20.591344833374,0
19.623083114624,0
18.9937629699707,0
19.7254428863525,0
22.3534965515137,0
26.4487590789795,0
30.5629730224609,0
33.0839004516602,0
33.1848526000977,0
30.9490489959717,0
27.1990928649902,0
23.4297142028809,0
20.8275337219238,0
18.6234664916992,0
14.6152467727661,0
8.53346729278564,0
3.61754369735718,0
2.89923763275146,0
4.81272220611572,0
5.06429815292358,0
2.63956308364868,0
0.880968809127808,0
1.70760667324066,0
1.89575982093811,0
-2.48169302940369,0
-9.94125270843506,0
-14.9971618652344,0
-14.9706869125366,0
-12.3842191696167,0
-10.3391399383545,0
-8.43386650085449,0
-4.71990156173706,0
0.349982559680939,0
4.02208137512207,0
4.41898155212402,0
1.84112942218781,0
-2.64852428436279,0
-8.17254734039307,0
-13.4733800888062,0
-16.9390068054199,0
-17.8296318054199,0
-16.7044200897217,0
-14.4196186065674,0
-11.5967092514038,0
-9.24572277069092,0
-8.71900367736816,0
-10.3647937774658,0
-13.0152959823608,0
-15.409215927124,0
-17.4368515014648,0
-19.4862804412842,0
-21.3844413757324,0
-22.7046909332275,0
-23.5259037017822,0
-24.2703323364258,0
-25.2633247375488,0
-26.7086982727051,0
-28.2799968719482,0
-28.5896053314209,0
-26.4685497283936,0
-23.3110332489014,0
-22.4170093536377,0
-24.9016780853271,0
-27.9947948455811,0
-28.9164352416992,0
-28.6274662017822,0
-29.6204681396484,0
-31.7048149108887,0
-32.8537521362305,0
-33.0562171936035,0
-33.951099395752,0
-35.08544921875,0
-34.1328392028809,0
-31.1780414581299,0
-29.2961120605469,0
-29.8511657714844,0
-30.3784122467041,0
-28.6036052703857,0
-25.7841033935547,0
-24.3442459106445,0
-24.6858749389648,0
-26.2400703430176,0
-29.3469352722168,0
-33.8094253540039,0
-37.4823112487793,0
-38.7989540100098,0
-39.3891372680664,0
-41.8485260009766,0
-45.9026718139648,0
-48.9447937011719,0
-49.5144996643066,0
-48.1086349487305,0
-45.257396697998,0
-41.0714683532715,0
-36.5314064025879,0
-33.2914962768555,0
-31.9758682250977,0
-31.8193340301514,0
-31.8535919189453,0
-31.6128787994385,0
-31.2771739959717,0
-31.9079685211182,0
-34.3821296691895,0
-37.0083808898926,0
-35.9218215942383,0
-29.8777923583984,0
-23.1784934997559,0
-21.0834312438965,0
-23.1295719146729,0
-24.019115447998,0
-20.8521976470947,0
-16.1616725921631,0
-13.2298974990845,0
-11.7450313568115,0
-9.75301456451416,0
-7.27649450302124,0
-5.67291879653931,0
-4.98215436935425,0
-4.21389579772949,0
-3.48429346084595,0
-3.87573790550232,0
-5.45381927490234,0
-7.00182437896729,0
-7.68656492233276,0
-7.82478904724121,0
-8.08860015869141,0
-8.93442249298096,0
-10.584189414978,0
-12.4535369873047,0
-12.7679891586304,0
-10.1461448669434,0
-5.9132661819458,0
-3.57833480834961,0
-5.16540288925171,0
-8.80648231506348,0
-10.8759689331055,0
-10.0848245620728,0
-8.48305130004883,0
-8.48347949981689,0
-9.92846393585205,0
-10.582103729248,0
-8.82838249206543,0
-5.11466693878174,0
-1.0461688041687,0
2.00518083572388,0
3.24169111251831,0
2.32867550849915,0
-0.318217009305954,0
-3.50291705131531,0
-6.18832015991211,0
-8.36686897277832,0
-10.5472774505615,0
-12.6660604476929,0
-14.2100639343262,0
-15.277135848999,0
-16.6695041656494,0
-18.8079414367676,0
-21.2980728149414,0
-23.7476005554199,0
-26.2645626068115,0
-28.9467639923096,0
-31.722038269043,0
-34.9651260375977,0
-39.2459983825684,0
-43.9655494689941,0
-47.4062957763672,0
-49.0061264038086,0
-50.4012832641602,0
-52.8754348754883,0
-54.7801742553711,0
-53.3661117553711,0
-48.7481346130371,0
-44.0155715942383,0
-41.3073959350586,0
-39.8519897460938,0
-38.5170974731445,0
-38.1884613037109,0
-40.1063766479492,0
-43.2626609802246,0
-45.326416015625,0
-45.5556869506836,0
-45.1158142089844,0
-44.7666091918945,0
-43.9462242126465,0
-42.4428863525391,0
-41.4452018737793,0
-42.0361824035645,0
-43.5644111633301,0
-44.5624885559082,0
-44.8781623840332,0
-45.840160369873,0
-48.2529792785645,0
-51.2128372192383,0
-53.5258979797363,0
-55.6893730163574,0
-59.4282112121582,0
-65.1931610107422,0
-71.113883972168,0
-75.0533447265625,0
-76.979621887207,0
-78.3704681396484,0
-79.7638931274414,0
-80.2008895874023,0
-79.0321502685547,0
-76.7416000366211,0
-73.471565246582,0
-68.3180923461914,0
-61.317626953125,0
-54.8799171447754,0
-51.3780632019043,0
-49.7619438171387,0
-46.489501953125,0
-40.0615348815918,0
-32.9955253601074,0
-28.6616592407227,0
-27.4330940246582,0
-26.8096389770508,0
-24.5067405700684,0
-20.675163269043,0
-17.6255187988281,0
-17.7775440216064,0
-21.2240924835205,0
-25.0953311920166,0
-26.2945518493652,0
-25.1493816375732,0
-25.0848178863525,0
-28.1683959960938,0
-32.5823707580566,0
-35.5722694396973,0
-37.2310562133789,0
-39.5840492248535,0
-43.2131958007812,0
-47.0689582824707,0
-50.932861328125,0
-55.5396461486816,0
-60.2646102905273,0
-63.1693534851074,0
-63.9615707397461,0
-64.7019577026367,0
-66.4808120727539,0
-67.248420715332,0
-64.4851837158203,0
-58.7935104370117,0
-53.1743125915527,0
-49.3310241699219,0
-46.1893157958984,0
-41.9947624206543,0
-36.7128448486328,0
-32.0324096679688,0
-29.5283699035645,0
-29.0628433227539,0
-28.8951320648193,0
-27.3864650726318,0
-24.513521194458,0
-21.4973812103271,0
-19.2683525085449,0
-17.9073429107666,0
-17.2277774810791,0
-16.7532958984375,0
-15.139142036438,0
-11.129054069519,0
-5.73486042022705,0
-2.10858011245728,0
-2.11243796348572,0
-3.92875456809998,0
-4.27638387680054,0
-2.28453302383423,0
0.15872511267662,0
1.34950470924377,0
1.42530393600464,0
1.13956212997437,0
0.643061339855194,0
0.0383048765361309,0
-0.127814143896103,0
0.262694627046585,0
0.422796458005905,0
-0.129956111311913,0
-0.658812642097473,0
-0.458696603775024,0
-0.314182460308075,0
-1.2956862449646,0
-2.313157081604,0
-0.605650663375854,0
4.61206579208374,0
10.3426027297974,0
12.9271030426025,0
12.2161140441895,0
11.1687936782837,0
11.6529312133789,0
12.3652477264404,0
11.2139434814453,0
8.08181667327881,0
4.2787013053894,0
0.512950420379639,0
-3.34738326072693,0
-7.30950307846069,0
-11.3021545410156,0
-15.6292018890381,0
-20.2093162536621,0
-23.8696613311768,0
-25.6101493835449,0
-26.0915775299072,0
-26.5369434356689,0
-26.640510559082,0
-25.2154235839844,0
-22.6684284210205,0
-20.9416999816895,0
-20.840461730957,0
-21.2792739868164,0
-21.515567779541,0
-22.0759963989258,0
-22.6876258850098,0
-21.4123306274414,0
-17.3417682647705,0
-12.6079435348511,0
-10.0386943817139,0
-9.83127403259277,0
-9.972731590271,0
-8.92648983001709,0
-6.39768552780151,0
-2.46414923667908,0
2.19274020195007,0
5.76673555374146,0
6.83759164810181,0
6.18902254104614,0
5.69383192062378,0
5.79740524291992,0
5.65254592895508,0
5.31016683578491,0
5.86826705932617,0
7.41334438323975,0
8.62582492828369,0
8.83150959014893,0
8.98648166656494,0
10.1426181793213,0
12.0051879882812,0
13.2427740097046,0
12.3278980255127,0
8.33924102783203,0
2.23695635795593,0
-3.00360488891602,0
-5.24798011779785,0
-6.00334930419922,0
-8.35948181152344,0
-12.2119197845459,0
-14.1281881332397,0
-12.5699214935303,0
-10.4410037994385,0
-10.9553241729736,0
-13.4671316146851,0
-15.5354614257812,0
-17.0936222076416,0
-19.8302555084229,0
-23.5636577606201,0
-26.0218296051025,0
-25.9482040405273,0
-24.1144866943359,0
-21.252046585083,0
-17.0691795349121,0
-11.6755084991455,0
-6.27952289581299,0
-1.90403151512146,0
1.4787585735321,0
4.28939008712769,0
6.81284379959106,0
9.32443809509277,0
11.6689701080322,0
12.8223114013672,0
12.1077699661255,0
10.7666473388672,0
10.8998432159424,0
12.7572450637817,0
14.5770387649536,0
15.352632522583,0
16.078031539917,0
17.6245861053467,0
19.0784435272217,0
19.3622951507568,0
19.2207012176514,0
20.1440238952637,0
22.0612373352051,0
23.4518432617188,0
23.3313846588135,0
21.9568347930908,0
19.8770503997803,0
17.4511814117432,0
15.2339067459106,0
13.8191604614258,0
13.2104797363281,0
13.0739974975586,0
13.5262632369995,0
14.9027338027954,0
16.9312839508057,0
19.1236839294434,0
21.916633605957,0
26.2177143096924,0
31.5701637268066,0
36.0403785705566,0
38.5823135375977,0
40.3834953308105,0
42.878963470459,0
45.3546562194824,0
45.8867568969727,0
44.2176055908203,0
42.2334327697754,0
41.562686920166,0
42.0923118591309,0
43.242431640625,0
45.3382110595703,0
48.7534561157227,0
52.5774421691895,0
55.2917175292969,0
56.3922119140625,0
56.3856468200684,0
55.5963249206543,0
54.2533874511719,0
53.6855430603027,0
55.8242530822754,0
60.6697006225586,0
65.2743911743164,0
66.4287109375,0
64.0426254272461,0
60.9480590820312,0
59.4480438232422,0
58.8370819091797,0
56.449291229248,0
50.6719436645508,0
42.830982208252,0
36.3338928222656,0
33.795841217041,0
34.7775344848633,0
36.6737976074219,0
38.0123634338379,0
40.1171340942383,0
44.921802520752,0
52.0701332092285,0
59.3875617980957,0
65.611930847168,0
71.1812973022461,0
76.6590805053711,0
82.0979537963867,0
88.0102767944336,0
95.1884307861328,0
103.153900146484,0
110.423324584961,0
116.745918273926,0
123.237457275391,0
129.661605834961,0
133.784774780273,0
134.709777832031,0
134.606521606445,0
135.101348876953,0
133.942901611328,0
128.154724121094,0
119.386734008789,0
112.906806945801,0
111.346321105957,0
112.245635986328,0
112.027885437012,0
109.642387390137,0
105.656112670898,0
100.571044921875,0
95.4269332885742,0
91.7780227661133,0
89.4765701293945,0
86.4704360961914,0
82.4897155761719,0
80.8173522949219,0
83.9216537475586,0
88.873908996582,0
90.1431274414062,0
86.4289093017578,0
81.8608016967773,0
80.3572692871094,0
81.5667343139648,0
83.0796813964844,0
84.0555648803711,0
85.1639633178711,0
86.825569152832,0
89.3721008300781,0
93.8321228027344,0
100.625900268555,0
107.740440368652,0
111.691192626953,0
110.601997375488,0
105.753219604492,0
100.199882507324,0
96.3092575073242,0
94.2236862182617,0
91.9806594848633,0
87.3008346557617,0
79.8777770996094,0
71.8034591674805,0
65.2833862304688,0
60.2191200256348,0
54.670783996582,0
47.4778823852539,0
39.6185531616211,0
32.9431533813477,0
28.396614074707,0
25.8648109436035,0
25.0466938018799,0
25.6079559326172,0
26.5983486175537,0
26.6454811096191,0
25.2574272155762,0
23.4346370697021,0
22.2987747192383,0
21.4588165283203,0
19.7712936401367,0
17.6998977661133,0
17.4568691253662,0
19.981538772583,0
23.0387020111084,0
23.7707901000977,0
22.3786201477051,0
21.5487575531006,0
22.6168384552002,0
24.3637409210205,0
25.8435306549072,0
28.1568660736084,0
32.2530479431152,0
36.7052764892578,0
39.3016967773438,0
39.7587585449219,0
39.259880065918,0
38.219051361084,0
36.3874816894531,0
34.6306266784668,0
34.3860664367676,0
35.174991607666,0
34.7537269592285,0
32.5132751464844,0
30.9240303039551,0
32.399658203125,0
36.1679458618164,0
39.7352485656738,0
42.3038558959961,0
44.9126930236816,0
47.9017219543457,0
50.319507598877,0
51.7312965393066,0
52.5867881774902,0
52.5454902648926,0
50.5348968505859,0
47.2072334289551,0
45.2419281005859,0
45.8112449645996,0
46.4569396972656,0
44.2393074035645,0
39.6241683959961,0
35.1830902099609,0
31.555419921875,0
27.3478698730469,0
22.6977138519287,0
19.9960422515869,0
20.1927356719971,0
20.6630592346191,0
18.3120765686035,0
13.6080503463745,0
10.199779510498,0
11.1318731307983,0
16.2881813049316,0
22.9810447692871,0
28.2301921844482,0
30.7614822387695,0
31.4053001403809,0
31.6711444854736,0
32.1548347473145,0
32.6690635681152,0
33.282413482666,0
34.0288963317871,0
33.8339462280273,0
31.2966213226318,0
26.8868808746338,0
22.9613018035889,0
21.0324058532715,0
20.3191795349121,0
19.6089820861816,0
19.0046405792236,0
18.701961517334,0
17.554988861084,0
14.7737045288086,0
12.2664566040039,0
13.056079864502,0
17.1907501220703,0
21.2067966461182,0
22.4800643920898,0
22.4509735107422,0
24.0527324676514,0
27.0991954803467,0
28.4407424926758,0
26.6351928710938,0
24.0823993682861,0
23.3780059814453,0
23.509895324707,0
21.7732677459717,0
18.2450275421143,0
15.5579881668091,0
14.3765468597412,0
12.1091108322144,0
7.09648275375366,0
1.34372842311859,0
-2.81969451904297,0
-6.641770362854,0
-12.8858699798584,0
-21.0842056274414,0
-27.7095928192139,0
-30.8672313690186,0
-32.2219886779785,0
-33.752082824707,0
-34.7674026489258,0
-33.3532981872559,0
-29.5289001464844,0
-25.7157344818115,0
-24.3867378234863,0
-25.8411521911621,0
-28.1198177337646,0
-28.8324527740479,0
-27.1087799072266,0
-23.7469005584717,0
-19.6604557037354,0
-14.9840536117554,0
-10.0555286407471,0
-6.22095060348511,0
-4.52779150009155,0
-4.12474584579468,0
-3.20175313949585,0
-1.49664044380188,0
-0.900125563144684,0
-3.4035816192627,0
-9.02432918548584,0
-15.7614860534668,0
-21.1712474822998,0
-24.1925849914551,0
-25.8942317962646,0
-28.2045440673828,0
-31.6265811920166,0
-34.7936744689941,0
-36.6719131469727,0
-38.1469650268555,0
-40.3234825134277,0
-42.1030654907227,0
-41.1630210876465,0
-37.2708969116211,0
-33.0073776245117,0
-30.6520881652832,0
-29.4735584259033,0
-26.8138427734375,0
-21.1416187286377,0
-13.3271512985229,0
-5.33254957199097,0
1.56737780570984,0
7.14897108078003,0
11.3414516448975,0
13.6377811431885,0
13.8520212173462,0
13.1618318557739,0
13.391695022583,0
14.7878761291504,0
15.3617649078369,0
13.3618650436401,0
9.83911418914795,0
7.58038711547852,0
7.68777179718018,0
8.5033073425293,0
8.14191627502441,0
6.83332395553589,0
6.07113933563232,0
6.39559173583984,0
7.03647518157959,0
7.35624408721924,0
7.70952892303467,0
8.83357048034668,0
10.9328174591064,0
13.4105129241943,0
15.1922883987427,0
15.4550685882568,0
14.4245977401733,0
13.3279705047607,0
13.1703605651855,0
13.7303810119629,0
14.2166929244995,0
14.6214046478271,0
15.5672216415405,0
16.7824554443359,0
16.7993850708008,0
14.8354644775391,0
12.2744836807251,0
11.3416023254395,0
12.5464296340942,0
14.3525047302246,0
15.4731864929199,0
16.6364898681641,0
19.5177536010742,0
24.3187580108643,0
29.0952091217041,0
31.6739234924316,0
31.8547248840332,0
31.1978168487549,0
30.5983963012695,0
28.8485984802246,0
24.4498958587646,0
18.4518852233887,0
14.0227718353271,0
12.7044343948364,0
12.480299949646,0
10.7120523452759,0
7.87897253036499,0
6.661705493927,0
7.87034749984741,0
9.37974834442139,0
9.3310432434082,0
8.37634563446045,0
7.86820697784424,0
7.50219440460205,0
6.14127206802368,0
3.8922164440155,0
1.83425855636597,0
0.189163014292717,0
-1.87527966499329,0
-4.73420381546021,0
-7.67047548294067,0
-9.84995269775391,0
-11.2284326553345,0
-12.3906669616699,0
-13.88210105896,0
-15.6339673995972,0
-16.8429279327393,0
-16.7457256317139,0
-15.7097854614258,0
-15.0143976211548,0
-15.300085067749,0
-15.9993734359741,0
-16.7100734710693,0
-18.1584053039551,0
-21.0620861053467,0
-24.9806327819824,0
-29.1983795166016,0
-33.687744140625,0
-37.9086494445801,0
-39.7319793701172,0
-37.5476112365723,0
-33.0395202636719,0
-29.7558612823486,0
-28.6986122131348,0
-27.173246383667,0
-22.4309253692627,0
-14.6116275787354,0
-5.34900617599487,0
4.57502937316895,0
14.5832433700562,0
22.5871086120605,0
26.0080890655518,0
24.5806484222412,0
20.9134654998779,0
17.9693031311035,0
16.5776290893555,0
15.5292110443115,0
13.6824579238892,0
11.7388248443604,0
11.7632322311401,0
14.662410736084,0
18.4569129943848,0
19.9688949584961,0
18.2947559356689,0
15.5203590393066,0
13.7228603363037,0
12.7118558883667,0
11.6274127960205,0
11.2963027954102,0
13.2657632827759,0
17.2182216644287,0
21.1707725524902,0
24.0604057312012,0
26.4549407958984,0
28.6501541137695,0
29.8337535858154,0
29.7594585418701,0
29.8624362945557,0
31.8361434936523,0
35.9623603820801,0
41.4315376281738,0
47.3488464355469,0
52.6992225646973,0
56.2608299255371,0
57.6134719848633,0
57.7784118652344,0
58.0176315307617,0
58.3644027709961,0
58.0939064025879,0
57.2744560241699,0
56.9509086608887,0
57.8312454223633,0
59.475643157959,0
60.8530883789062,0
61.2622528076172,0
60.7435493469238,0
59.9801940917969,0
59.7130737304688,0
59.8646507263184,0
59.3518943786621,0
57.2341041564941,0
54.0477714538574,0
51.526985168457,0
50.7876014709473,0
51.069709777832,0
50.581672668457,0
48.5737419128418,0
46.3317909240723,0
45.8937034606934,0
47.8441734313965,0
50.7385063171387,0
52.8318328857422,0
53.8645668029785,0
54.6439933776855,0
55.3229026794434,0
55.0439147949219,0
53.3393936157227,0
50.9946403503418,0
49.1377067565918,0
48.0710983276367,0
47.3538513183594,0
46.4894943237305,0
45.1668663024902,0
43.3935470581055,0
41.8916015625,0
41.8516311645508,0
43.6186676025391,0
45.879020690918,0
46.7925453186035,0
45.8643341064453,0
44.2120475769043,0
43.0844535827637,0
42.6652984619141,0
42.3569526672363,0
41.6416244506836,0
40.3567047119141,0
38.5293197631836,0
36.4399833679199,0
34.8132591247559,0
34.5286712646484,0
35.8595848083496,0
38.0174942016602,0
39.5678901672363,0
39.3560638427734,0
37.0963897705078,0
33.2290992736816,0
28.3970108032227,0
23.1637687683105,0
18.246000289917,0
14.8502674102783,0
14.2796020507812,0
16.6406745910645,0
20.0153007507324,0
21.6820201873779,0
20.5651302337646,0
17.9280281066895,0
15.2573614120483,0
12.2988891601562,0
8.1159496307373,0
3.41636276245117,0
0.387429624795914,0
0.265329658985138,0
2.37338900566101,0
5.72018146514893,0
10.2023038864136,0
15.7672967910767,0
21.6523265838623,0
27.2468585968018,0
32.8538055419922,0
38.9512672424316,0
45.4589691162109,0
52.1493530273438,0
58.7131690979004,0
63.802173614502,0
65.2694549560547,0
62.4966850280762,0
57.6357078552246,0
53.4658889770508,0
50.7911758422852,0
48.9941024780273,0
48.1273345947266,0
48.7462997436523,0
50.1183471679688,0
50.4683685302734,0
49.3328514099121,0
48.3269386291504,0
49.0345306396484,0
51.0428771972656,0
52.6251029968262,0
52.7784538269043,0
51.9597473144531,0
50.8731803894043,0
48.9690818786621,0
44.7368545532227,0
37.9249114990234,0
30.9131813049316,0
26.6139221191406,0
24.9559650421143,0
23.0083694458008,0
19.1727142333984,0
15.5345640182495,0
14.8832979202271,0
17.0624198913574,0
19.9566287994385,0
22.5079460144043,0
24.4134769439697,0
24.1068897247314,0
20.172212600708,0
14.5076417922974,0
10.9776201248169,0
10.4927778244019,0
10.3066558837891,0
8.87549304962158,0
8.24155330657959,0
10.0473766326904,0
12.2076797485352,0
12.0876131057739,0
10.7503833770752,0
10.9660396575928,0
12.3360443115234,0
11.7112197875977,0
8.13429641723633,0
4.27140617370605,0
2.42441463470459,0
1.7259361743927,0
0.365081936120987,0
-1.41065466403961,0
-1.94359529018402,0
-0.565664410591125,0
1.95313382148743,0
4.54031753540039,0
6.25505399703979,0
6.18071222305298,0
4.09992027282715,0
1.21426582336426,0
-0.645892083644867,0
-0.650588691234589,0
0.588812053203583,0
2.0326075553894,0
3.08192443847656,0
3.44604921340942,0
2.81208729743958,0
1.1177521944046,0
-0.990703225135803,0
-2.34113693237305,0
-2.05652952194214,0
-0.234235495328903,0
2.0693244934082,0
3.34887623786926,0
2.24158620834351,0
-1.83191740512848,0
-8.04480934143066,0
-14.2514038085938,0
-18.2794418334961,0
-19.4397888183594,0
-18.6144561767578,0
-16.9666137695312,0
-15.0667581558228,0
-13.2908153533936,0
-12.3198175430298,0
-12.8375635147095,0
-15.2167282104492,0
-19.6870574951172,0
-25.9447917938232,0
-32.0897026062012,0
-35.0802993774414,0
-33.5691757202148,0
-29.7770309448242,0
-27.1260948181152,0
-26.1421375274658,0
-24.1733264923096,0
-19.3645992279053,0
-13.2896633148193,0
-8.76029682159424,0
-6.30393266677856,0
-4.26565551757812,0
-1.91520214080811,0
-0.925829350948334,0
-3.31934094429016,0
-8.73718929290771,0
-14.3845996856689,0
-17.5203495025635,0
-17.6364345550537,0
-16.2360382080078,0
-15.0050687789917,0
-14.7598428726196,0
-15.9835233688354,0
-19.267894744873,0
-24.3981170654297,0
-29.6470146179199,0
-33.1673583984375,0
-34.941463470459,0
-36.2049217224121,0
-37.0096702575684,0
-35.8837928771973,0
-32.3753051757812,0
-28.3362159729004,0
-25.5550384521484,0
-23.3449630737305,0
-19.9463558197021,0
-15.4719533920288,0
-11.7786855697632,0
-9.81593799591064,0
-8.76139450073242,0
-7.69515895843506,0
-6.5759711265564,0
-5.57140159606934,0
-5.08449125289917,0
-6.57339525222778,0
-11.3941135406494,0
-18.1903858184814,0
-23.348783493042,0
-25.1517505645752,0
-25.7958946228027,0
-27.9516086578369,0
-30.9737281799316,0
-32.3417472839355,0
-31.4732360839844,0
-29.808536529541,0
-27.9346256256104,0
-25.1514739990234,0
-21.7419452667236,0
-19.2643489837646,0
-18.2231998443604,0
-17.5089225769043,0
-16.6342906951904,0
-16.5057830810547,0
-17.2453556060791,0
-17.3111934661865,0
-16.0822982788086,0
-15.6192598342896,0
-18.1038341522217,0
-22.5067310333252,0
-25.5134925842285,0
-25.3525676727295,0
-23.2801189422607,0
-21.4186191558838,0
-20.4511795043945,0
-19.7909812927246,0
-19.124605178833,0
-19.0479831695557,0
-20.2125396728516,0
-22.3099365234375,0
-24.4819850921631,0
-26.8751621246338,0
-30.9625473022461,0
-37.4299926757812,0
-44.3080825805664,0
-48.6108169555664,0
-49.8211326599121,0
-50.3077774047852,0
-51.9905281066895,0
-54.1427841186523,0
-55.2357635498047,0
-55.4447212219238,0
-55.9725341796875,0
-56.8315963745117,0
-56.8097953796387,0
-55.3121795654297,0
-53.0175819396973,0
-50.8055953979492,0
-49.0257034301758,0
-47.8680114746094,0
-47.6765251159668,0
-48.7390213012695,0
-51.1514854431152,0
-54.7290573120117,0
-58.6422882080078,0
-61.5212249755859,0
-62.6070442199707,0
-62.5646781921387,0
-62.4287567138672,0
-61.9806671142578,0
-60.1639862060547,0
-57.2006149291992,0
-55.1897735595703,0
-55.9177513122559,0
-58.7285194396973,0
-61.4368362426758,0
-63.1014823913574,0
-64.9370727539062,0
-68.2403717041016,0
-72.2666320800781,0
-74.9457244873047,0
-75.3331527709961,0
-74.3570709228516,0
-73.0202713012695,0
-70.9227600097656,0
-67.2862396240234,0
-62.7077484130859,0
-58.8208961486816,0
-56.4220352172852,0
-54.8775901794434,0
-53.3381958007812,0
-51.6190299987793,0
-49.7944641113281,0
-47.7984161376953,0
-45.6152420043945,0
-43.1585464477539,0
-40.0040016174316,0
-36.145378112793,0
-32.8159790039062,0
-31.1249389648438,0
-29.7532024383545,0
-25.7870864868164,0
-18.5559024810791,0
-10.936056137085,0
-5.77605247497559,0
-2.69778394699097,0
0.0722255930304527,0
2.24950838088989,0
1.91487157344818,0
-1.49642503261566,0
-6.53265619277954,0
-11.4327068328857,0
-14.8502235412598,0
-15.7474679946899,0
-14.5740356445312,0
-13.8941583633423,0
-15.7041969299316,0
-18.6020946502686,0
-19.7624740600586,0
-19.1028060913086,0
-18.8432025909424,0
-19.2861843109131,0
-18.2425594329834,0
-15.1107730865479,0
-12.3303985595703,0
-11.6063041687012,0
-11.5448198318481,0
-10.6000776290894,0
-9.72381782531738,0
-10.0623111724854,0
-10.3181819915771,0
-8.89312171936035,0
-6.95754337310791,0
-6.7195143699646,0
-7.80284738540649,0
-8.12534332275391,0
-7.73416805267334,0
-8.83365631103516,0
-11.8718509674072,0
-14.3895635604858,0
-14.675931930542,0
-14.2236919403076,0
-14.9988632202148,0
-16.0193576812744,0
-14.8047742843628,0
-11.4825944900513,0
-9.1642017364502,0
-9.92370319366455,0
-12.3136692047119,0
-13.9239072799683,0
-14.9747762680054,0
-17.6423892974854,0
-22.3844947814941,0
-26.8841228485107,0
-29.0405788421631,0
-29.4724216461182,0
-30.1500682830811,0
-31.5350399017334,0
-32.0816497802734,0
-30.0825176239014,0
-25.3391437530518,0
-19.5427227020264,0
-15.5553493499756,0
-15.5299482345581,0
-18.8319873809814,0
-22.3295631408691,0
-23.6131019592285,0
-23.5597305297852,0
-25.0208282470703,0
-29.5511512756348,0
-36.3353652954102,0
-43.7679672241211,0
-50.818244934082,0
-56.8789825439453,0
-61.3264503479004,0
-63.5332069396973,0
-62.9280815124512,0
-59.2703018188477,0
-53.3717269897461,0
-47.1195640563965,0
-42.0263442993164,0
-38.0360794067383,0
-34.3681869506836,0
-30.9564819335938,0
-28.1302757263184,0
-25.4727687835693,0
-22.3150100708008,0
-19.102331161499,0
-16.8742122650146,0
-15.3746128082275,0
-13.0651502609253,0
-9.26368427276611,0
-4.95284032821655,0
-1.04886722564697,0
2.81639075279236,0
7.06127500534058,0
10.8351669311523,0
12.9685821533203,0
13.6022529602051,0
13.9055004119873,0
14.4167079925537,0
14.3283367156982,0
12.4000225067139,0
8.42981243133545,0
3.99931502342224,0
1.3985720872879,0
0.923256993293762,0
-0.469284564256668,0
-6.22251415252686,0
-15.5984582901001,0
-23.882625579834,0
-28.063024520874,0
-30.291088104248,0
-34.0058059692383,0
-38.5634803771973,0
-40.4501876831055,0
-38.637378692627,0
-35.356616973877,0
-31.739559173584,0
-26.3402328491211,0
-18.9731559753418,0
-12.5957841873169,0
-9.33841800689697,0
-7.38835525512695,0
-4.38530540466309,0
-1.6949006319046,0
-2.13169956207275,0
-4.91657543182373,0
-6.5621223449707,0
-6.34268617630005,0
-7.25318479537964,0
-11.115442276001,0
-16.1676712036133,0
-20.6106643676758,0
-25.2579193115234,0
-30.6959953308105,0
-34.5996704101562,0
-34.6393585205078,0
-32.27880859375,0
-30.8080406188965,0
-30.7017707824707,0
-29.8475151062012,0
-27.8302593231201,0
-26.865837097168,0
-28.0351734161377,0
-29.3048324584961,0
-28.5185699462891,0
-26.5253105163574,0
-25.9511737823486,0
-27.9014110565186,0
-30.9625663757324,0
-32.838493347168,0
-32.2337493896484,0
-29.5757179260254,0
-26.3339424133301,0
-23.3490333557129,0
-19.9233417510986,0
-15.1306858062744,0
-9.59478092193604,0
-4.78459596633911,0
-0.774237751960754,0
3.70056962966919,0
8.7357177734375,0
12.5570583343506,0
14.16197681427,0
15.2374258041382,0
18.2279090881348,0
23.3379287719727,0
28.5798358917236,0
32.2905960083008,0
34.5975036621094,0
36.560676574707,0
38.5936889648438,0
39.8549690246582,0
39.0486831665039,0
35.8745460510254,0
31.486083984375,0
27.206750869751,0
23.2390213012695,0
19.3023281097412,0
15.9333152770996,0
13.9033508300781,0
12.6406726837158,0
10.73277759552,0
8.05634021759033,0
5.85770463943481,0
4.38873863220215,0
2.07112741470337,0
-2.21684861183167,0
-7.33299350738525,0
-11.3332748413086,0
-13.869402885437,0
-16.2593784332275,0
-19.7554931640625,0
-24.3873519897461,0
-29.1032695770264,0
-32.7071151733398,0
-35.0002288818359,0
-36.8691558837891,0
-38.5995445251465,0
-38.6103439331055,0
-35.2500228881836,0
-29.6162986755371,0
-24.7199077606201,0
-21.5524101257324,0
-18.0437107086182,0
-12.7942323684692,0
-7.72422409057617,0
-5.27079057693481,0
-4.43655586242676,0
-1.80232119560242,0
4.12807464599609,0
11.5494117736816,0
18.1287803649902,0
23.2868537902832,0
27.4055824279785,0
30.4469089508057,0
32.2972259521484,0
33.4773063659668,0
34.4532508850098,0
34.680419921875,0
33.2161712646484,0
30.0909881591797,0
26.267484664917,0
22.2974910736084,0
17.9397602081299,0
13.3470621109009,0
9.58716487884521,0
7.18508148193359,0
4.94318819046021,0
1.37857127189636,0
-3.14589858055115,0
-7.13586616516113,0
-10.6038837432861,0
-15.2505207061768,0
-21.6511287689209,0
-28.0149936676025,0
-32.5830993652344,0
-35.6448974609375,0
-38.026050567627,0
-39.1749382019043,0
-38.4339599609375,0
-36.9753799438477,0
-36.4806976318359,0
-36.6644401550293,0
-36.1005249023438,0
-34.9246940612793,0
-34.5361366271973,0
-34.870059967041,0
-34.295337677002,0
-32.4581489562988,0
-31.0367908477783,0
-31.1334018707275,0
-31.9517040252686,0
-32.7366981506348,0
-33.8789100646973,0
-34.9657936096191,0
-33.8184356689453,0
-29.2827663421631,0
-23.6039028167725,0
-20.1451663970947,0
-19.6031551361084,0
-20.1502361297607,0
-20.4879531860352,0
-20.7718734741211,0
-20.8873920440674,0
-19.9650573730469,0
-18.0209407806396,0
-16.3759174346924,0
-15.6606864929199,0
-14.5892000198364,0
-11.5483713150024,0
-6.56193780899048,0
-0.89247465133667,0
4.57314395904541,0
9.61386203765869,0
13.9056844711304,0
17.1582450866699,0
19.9623603820801,0
23.3099555969238,0
26.8210945129395,0
28.4289398193359,0
26.7159824371338,0
23.0239276885986,0
20.1954746246338,0
19.3758697509766,0
19.1662578582764,0
18.1261386871338,0
16.8914127349854,0
16.9809532165527,0
18.3220653533936,0
19.1631984710693,0
18.2808151245117,0
16.185827255249,0
13.859715461731,0
11.1727561950684,0
7.32649755477905,0
2.62251019477844,0
-1.02996182441711,0
-1.82983696460724,0
-0.0233916044235229,0
2.40121722221375,0
3.86898422241211,0
4.36519289016724,0
4.35304117202759,0
3.67993330955505,0
2.33062720298767,0
1.17698526382446,0
0.559479117393494,0
-1.12406480312347,0
-5.49506235122681,0
-11.0289993286133,0
-13.9104099273682,0
-12.5235328674316,0
-9.24936389923096,0
-7.13463878631592,0
-6.5979266166687,0
-6.31604766845703,0
-5.47272729873657,0
-3.79937434196472,0
-1.02428007125854,0
2.23243165016174,0
4.46705436706543,0
5.64915418624878,0
7.95204401016235,0
12.3778657913208,0
16.397403717041,0
17.321195602417,0
16.5112419128418,0
17.2568778991699,0
19.4388732910156,0
19.802188873291,0
17.4381771087646,0
15.3472461700439,0
15.6033401489258,0
16.2350273132324,0
14.6628818511963,0
11.6113166809082,0
9.35738086700439,0
8.03544807434082,0
6.30825757980347,0
4.63106107711792,0
5.12200212478638,0
8.28228282928467,0
12.1710243225098,0
15.380389213562,0
18.9463291168213,0
24.2120590209961,0
30.0829334259033,0
33.9380836486816,0
34.8887519836426,0
34.7175064086914,0
35.3746490478516,0
36.8196487426758,0
38.1216125488281,0
39.6594009399414,0
42.7826728820801,0
47.5361328125,0
52.0905418395996,0
54.5253028869629,0
53.9090232849121,0
49.5799369812012,0
41.198543548584,0
30.3814125061035,0
20.7105770111084,0
14.7867298126221,0
12.2036800384521,0
11.2876996994019,0
11.4200983047485,0
12.4236860275269,0
13.2954301834106,0
13.489782333374,0
14.2922382354736,0
16.8764305114746,0
20.0054473876953,0
21.8586521148682,0
23.1699199676514,0
25.9461708068848,0
29.7440452575684,0
32.1979064941406,0
33.106330871582,0
34.8776588439941,0
38.4561157226562,0
41.764331817627,0
43.0522270202637,0
43.0351257324219,0
42.5896797180176,0
40.9984855651855,0
38.0166854858398,0
35.3761215209961,0
34.5407485961914,0
34.9084510803223,0
35.7985763549805,0
38.2076110839844,0
42.7840881347656,0
47.9218788146973,0
51.8536224365234,0
54.9859237670898,0
58.1305122375488,0
60.1334075927734,0
59.7486801147461,0
58.515697479248,0
58.9914016723633,0
60.9209785461426,0
61.9214248657227,0
61.5149841308594,0
61.6036415100098,0
62.7908477783203,0
62.9827690124512,0
60.4909553527832,0
56.430362701416,0
53.0261039733887,0
51.090950012207,0
50.090087890625,0
49.4225692749023,0
48.7142066955566,0
47.7358741760254,0
46.7438774108887,0
46.2573890686035,0
46.1808204650879,0
45.9456176757812,0
45.7215423583984,0
46.4387054443359,0
48.1549186706543,0
49.3599472045898,0
48.5728988647461,0
46.0908508300781,0
43.7685356140137,0
43.55517578125,0
46.3365936279297,0
51.3826217651367,0
56.5641441345215,0
59.8099594116211,0
60.7880020141602,0
60.7320976257324,0
60.5571327209473,0
59.9032325744629,0
58.2459030151367,0
56.0605239868164,0
54.3098068237305,0
53.2819671630859,0
52.3842964172363,0
50.7607688903809,0
47.9237213134766,0
44.1654624938965,0
40.3514518737793,0
36.6948051452637,0
31.7701740264893,0
23.7478084564209,0
13.0461654663086,0
2.88070607185364,0
-3.60499477386475,0
-6.32954978942871,0
-7.80500745773315,0
-10.1017160415649,0
-13.0338459014893,0
-15.2211132049561,0
-16.077938079834,0
-16.2196884155273,0
-16.191967010498,0
-15.5284690856934,0
-13.5122833251953,0
-10.5107975006104,0
-7.75751161575317,0
-5.70537710189819,0
-3.45970869064331,0
-0.332227766513824,0
2.83665776252747,0
4.70657682418823,0
5.18059015274048,0
5.13890886306763,0
4.86892080307007,0
3.97458863258362,0
2.80288553237915,0
2.74178457260132,0
4.6633996963501,0
7.81766557693481,0
10.6614627838135,0
12.3036975860596,0
12.9726610183716,0
13.6464529037476,0
15.4776668548584,0
19.0293369293213,0
23.6405086517334,0
27.8086109161377,0
30.5875644683838,0
32.5858192443848,0
35.310375213623,0
39.3154640197754,0
43.1207809448242,0
44.5521507263184,0
43.5795364379883,0
43.1539268493652,0
46.0978507995605,0
51.4284629821777,0
55.2607078552246,0
55.4981422424316,0
53.8052635192871,0
52.2710571289062,0
50.3286552429199,0
46.7293243408203,0
42.6993713378906,0
40.440486907959,0
39.4354286193848,0
37.2854194641113,0
34.1915435791016,0
33.4815292358398,0
36.6909866333008,0
40.8720855712891,0
42.6246070861816,0
42.7408638000488,0
44.4662399291992,0
48.382453918457,0
51.7270202636719,0
52.5975532531738,0
52.2581405639648,0
52.5031242370605,0
52.7724609375,0
51.3870468139648,0
48.5043067932129,0
46.1449890136719,0
45.5414581298828,0
45.8053588867188,0
45.3252334594727,0
43.4132537841797,0
40.3473854064941,0
36.7975578308105,0
33.6412811279297,0
31.4397392272949,0
29.4999160766602,0
26.2535228729248,0
21.2544059753418,0
16.0023670196533,0
11.9223775863647,0
8.36806201934814,0
3.89862537384033,0
-1.04639220237732,0
-4.30103969573975,0
-4.6851601600647,0
-3.14382338523865,0
-1.18454146385193,0
0.329891860485077,0
0.652112543582916,0
-0.94347470998764,0
-4.03673791885376,0
-7.02440166473389,0
-8.73504734039307,0
-8.98785781860352,0
-7.36966514587402,0
-3.22750616073608,0
2.35213851928711,0
6.41535425186157,0
7.45416307449341,0
7.53131580352783,0
9.57113647460938,0
13.5854749679565,0
17.1508445739746,0
18.7210960388184,0
18.7712631225586,0
18.3051261901855,0
17.9526691436768,0
18.2011127471924,0
18.9953346252441,0
19.4002342224121,0
19.0285415649414,0
19.3361854553223,0
21.9272594451904,0
25.9436340332031,0
28.8354377746582,0
29.5024490356445,0
28.928955078125,0
27.8897838592529,0
26.0498046875,0
23.4881534576416,0
20.9609050750732,0
18.0368785858154,0
13.0609874725342,0
6.10689353942871,0
0.265481382608414,0
-1.45154869556427,0
0.612918436527252,0
3.77987599372864,0
6.22819757461548,0
7.78106594085693,0
8.40845203399658,0
7.74708890914917,0
6.1179141998291,0
4.72365474700928,0
4.41771078109741,0
4.79932022094727,0
4.65259313583374,0
3.07057857513428,0
0.393352508544922,0
-1.76109504699707,0
-1.92430245876312,0
-0.597864508628845,0
0.0297806076705456,0
-1.23397779464722,0
-2.95198798179626,0
-3.03795051574707,0
-1.72013413906097,0
-1.19617915153503,0
-2.54051423072815,0
-4.44987964630127,0
-5.44854545593262,0
-6.00990438461304,0
-7.53208541870117,0
-9.96512126922607,0
-11.5953855514526,0
-11.104808807373,0
-9.03461456298828,0
-7.0429539680481,0
-6.26651859283447,0
-6.73093843460083,0
-8.0642786026001,0
-10.2909965515137,0
-13.6749496459961,0
-17.8942127227783,0
-21.7753944396973,0
-24.2155094146729,0
-25.2926807403564,0
-26.0748615264893,0
-27.2873134613037,0
-28.6134471893311,0
-29.4601364135742,0
-29.8264102935791,0
-29.9553108215332,0
-29.6827545166016,0
-28.9705963134766,0
-28.7950687408447,0
-30.3534069061279,0
-33.1410217285156,0
-34.931999206543,0
-34.3585929870605,0
-32.5455322265625,0
-31.0821018218994,0
-29.1277313232422,0
-24.2616863250732,0
-16.3073444366455,0
-8.60174083709717,0
-4.59742832183838,0
-4.40843963623047,0
-5.77348566055298,0
-7.31231117248535,0
-9.18104648590088,0
-11.0958976745605,0
-11.8441534042358,0
-11.2778844833374,0
-11.1009721755981,0
-12.5926542282104,0
-14.7324857711792,0
-15.9977655410767,0
-17.3121891021729,0
-21.3574733734131,0
-28.6042366027832,0
-35.5099601745605,0
-37.8005218505859,0
-34.983081817627,0
-30.5407600402832,0
-27.8437557220459,0
-27.0508728027344,0
-26.3301258087158,0
-24.770112991333,0
-22.8483562469482,0
-20.8036861419678,0
-18.2804946899414,0
-15.5640153884888,0
-13.3866128921509,0
-11.0050611495972,0
-6.32831287384033,0
0.873732149600983,0
7.53474807739258,0
10.7243909835815,0
11.132529258728,0
11.064959526062,0
10.25905418396,0
6.69870042800903,0
1.23041355609894,0
-2.11165237426758,0
-1.44608771800995,0
0.108651891350746,0
-1.39375638961792,0
-5.84730100631714,0
-10.2385568618774,0
-12.8722734451294,0
-14.2265615463257,0
-14.7707815170288,0
-14.3186902999878,0
-13.2140340805054,0
-12.2365703582764,0
-11.3167839050293,0
-9.71952056884766,0
-7.41070508956909,0
-5.09979915618896,0
-3.17743849754333,0
-1.70039415359497,0
-1.02576649188995,0
-1.23954403400421,0
-1.3606481552124,0
-0.492448955774307,0
0.492962062358856,0
-0.150836482644081,0
-2.57585310935974,0
-5.17252683639526,0
-6.84318113327026,0
-7.9967246055603,0
-9.17582321166992,0
-10.1906328201294,0
-10.9317188262939,0
-11.5936183929443,0
-11.6097612380981,0
-9.79820728302002,0
-6.33308458328247,0
-3.37234950065613,0
-2.82600164413452,0
-4.38341856002808,0
-6.47002506256104,0
-8.2005615234375,0
-9.58672142028809,0
-10.7988433837891,0
-12.2170209884644,0
-14.3129281997681,0
-16.3111228942871,0
-15.8090410232544,0
-11.3163461685181,0
-4.88221120834351,0
-0.648352265357971,0
-0.631841659545898,0
-3.15606594085693,0
-5.55377817153931,0
-6.94988107681274,0
-7.75270366668701,0
-7.80002689361572,0
-6.45547866821289,0
-4.12749338150024,0
-2.33722734451294,0
-1.91296744346619,0
-1.88547956943512,0
-0.780353963375092,0
1.25672054290771,0
2.26716542243958,0
0.653371810913086,0
-2.83748912811279,0
-5.80882167816162,0
-6.80781698226929,0
-6.61661577224731,0
-6.78642749786377,0
-7.57195711135864,0
-7.87569665908813,0
-6.77078104019165,0
-4.39444732666016,0
-1.66726410388947,0
0.0614865645766258,0
-0.720140099525452,0
-4.74139881134033,0
-10.9308624267578,0
-16.9766445159912,0
-21.2826309204102,0
-24.123950958252,0
-26.90749168396,0
-30.7333908081055,0
-35.5439033508301,0
-40.0262641906738,0
-42.4220542907715,0
-42.1881408691406,0
-40.8010711669922,0
-40.0370330810547,0
-39.5746803283691,0
-37.5852928161621,0
-33.8457145690918,0
-30.6106052398682,0
-29.5954837799072,0
-29.6641006469727,0
-28.8647975921631,0
-27.481969833374,0
-27.2228775024414,0
-28.111234664917,0
-28.3048114776611,0
-27.0053806304932,0
-25.5967884063721,0
-25.3280334472656,0
-25.4853782653809,0
-24.8344783782959,0
-23.693567276001,0
-23.3035850524902,0
-23.6967735290527,0
-23.4722232818604,0
-21.80544090271,0
-19.7913513183594,0
-19.2840366363525,0
-20.7440433502197,0
-22.7680034637451,0
-23.7824268341064,0
-23.693603515625,0
-23.4748935699463,0
-23.5244827270508,0
-23.1941871643066,0
-21.8913402557373,0
-19.7939548492432,0
-17.2805500030518,0
-14.5428647994995,0
-12.1638669967651,0
-11.1428823471069,0
-11.5983190536499,0
-12.0342969894409,0
-10.489408493042,0
-5.90201711654663,0
1.84842479228973,0
12.0532503128052,0
22.661506652832,0
31.0261402130127,0
36.3742370605469,0
40.4931678771973,0
44.8549575805664,0
48.4335784912109,0
49.8995132446289,0
50.4134864807129,0
51.9595832824707,0
54.1247329711914,0
55.2546997070312,0
55.879753112793,0
57.7419471740723,0
59.8445663452148,0
59.1935272216797,0
55.7868194580078,0
52.9038314819336,0
51.3426933288574,0
47.5543403625488,0
39.6963195800781,0
31.5198020935059,0
26.7762222290039,0
22.9396915435791,0
14.8339042663574,0
2.53542375564575,0
-8.90561294555664,0
-16.6064281463623,0
-22.0041637420654,0
-25.9457263946533,0
-26.5279006958008,0
-23.3606204986572,0
-19.9913387298584,0
-19.5646648406982,0
-20.6236820220947,0
-19.6355113983154,0
-15.9333076477051,0
-11.9432687759399,0
-9.70293045043945,0
-9.11347389221191,0
-8.90134811401367,0
-7.75657892227173,0
-5.0507640838623,0
-1.51936411857605,0
1.39562273025513,0
3.55049991607666,0
6.24468517303467,0
9.55392837524414,0
11.3486862182617,0
10.693286895752,0
10.5313711166382,0
14.3422651290894,0
20.9591808319092,0
25.6433486938477,0
26.3156108856201,0
25.8085517883301,0
27.1459274291992,0
29.3271617889404,0
29.4823055267334,0
27.1397304534912,0
24.0993156433105,0
21.2304153442383,0
17.7872924804688,0
13.6700582504272,0
10.3017454147339,0
8.8115177154541,0
8.67556190490723,0
8.57707405090332,0
7.65572261810303,0
5.73258924484253,0
3.34917187690735,0
1.82369589805603,0
2.19290804862976,0
3.77183365821838,0
4.86534309387207,0
5.26884078979492,0
6.70154523849487,0
10.0054264068604,0
13.3113803863525,0
14.2424173355103,0
12.8588943481445,0
11.0034036636353,0
9.72063255310059,0
9.09595966339111,0
9.85136318206787,0
12.792049407959,0
16.7263298034668,0
19.1762161254883,0
19.575569152832,0
19.7503604888916,0
20.6961669921875,0
21.0503330230713,0
19.6994800567627,0
17.6655025482178,0
15.8536081314087,0
12.9226360321045,0
7.51918411254883,0
1.22935128211975,0
-3.00320315361023,0
-4.56651401519775,0
-5.12048959732056,0
-5.46099853515625,0
-4.64517116546631,0
-1.97550690174103,0
2.22012114524841,0
7.73731088638306,0
14.5360984802246,0
21.6480503082275,0
27.8001174926758,0
32.9999389648438,0
37.7185707092285,0
40.9337577819824,0
41.3820190429688,0
40.583667755127,0
41.7035865783691,0
44.9351959228516,0
47.0988998413086,0
46.8996467590332,0
47.341236114502,0
50.9127540588379,0
55.3153648376465,0
56.8865776062012,0
56.1523208618164,0
56.6296615600586,0
59.4031524658203,0
62.4533462524414,0
64.9349594116211,0
68.4549713134766,0
73.4056625366211,0
77.2058868408203,0
77.7968826293945,0
76.6991271972656,0
76.7844085693359,0
78.4777984619141,0
79.9953536987305,0
80.3697814941406,0
80.26806640625,0
80.1075744628906,0
79.2613754272461,0
77.5524444580078,0
76.0373382568359,0
75.4190673828125,0
74.704475402832,0
72.5987548828125,0
69.6677932739258,0
67.7602005004883,0
67.3156280517578,0
66.6055374145508,0
64.1297912597656,0
60.6407814025879,0
58.001895904541,0
56.8928451538086,0
56.5492286682129,0
56.0725021362305,0
54.9599113464355,0
52.8738441467285,0
50.0643997192383,0
47.7892646789551,0
47.2564239501953,0
48.2513160705566,0
49.6542358398438,0
50.9971771240234,0
52.4728813171387,0
53.7072944641113,0
53.8316230773926,0
52.8576583862305,0
51.8885078430176,0
51.8314895629883,0
52.8140563964844,0
54.7749328613281,0
57.41796875,0
59.4137687683105,0
58.8871650695801,0
55.2618255615234,0
49.8868598937988,0
44.5178871154785,0
39.8278274536133,0
35.5136528015137,0
30.9929218292236,0
25.6503124237061,0
19.0946788787842,0
11.6398696899414,0
4.28667020797729,0
-1.85696792602539,0
-5.98272466659546,0
-7.74305438995361,0
-7.45529079437256,0
-5.92186641693115,0
-3.82072973251343,0
-1.76289880275726,0
-0.964436948299408,0
-2.60262608528137,0
-5.95070600509644,0
-8.64616203308105,0
-9.79389953613281,0
-11.1100435256958,0
-13.5485095977783,0
-14.8199224472046,0
-12.7072954177856,0
-9.1704626083374,0
-7.91206932067871,0
-8.82803249359131,0
-8.55215072631836,0
-6.30193758010864,0
-5.19147920608521,0
-6.90488576889038,0
-8.85834980010986,0
-8.45602798461914,0
-7.10474681854248,0
-7.75300407409668,0
-10.7078084945679,0
-14.1263399124146,0
-16.9390602111816,0
-19.2610740661621,0
-21.3832168579102,0
-24.2108154296875,0
-29.2214298248291,0
-36.0066375732422,0
-41.1891288757324,0
-41.9186096191406,0
-39.4130096435547,0
-36.9367942810059,0
-35.2580146789551,0
-32.5466194152832,0
-28.231559753418,0
-24.2891101837158,0
-22.3928604125977,0
-21.976318359375,0
-21.804967880249,0
-21.7506847381592,0
-22.1957836151123,0
-23.0648460388184,0
-24.356819152832,0
-26.5157775878906,0
-29.2240009307861,0
-30.6576347351074,0
-29.227518081665,0
-25.8551788330078,0
-23.4301376342773,0
-23.7876491546631,0
-25.9583930969238,0
-27.7462310791016,0
-28.4259281158447,0
-29.2480716705322,0
-31.5232753753662,0
-34.9451942443848,0
-38.025146484375,0
-39.7320327758789,0
-40.3946685791016,0
-41.2266998291016,0
-43.1735916137695,0
-45.9939117431641,0
-48.3046493530273,0
-48.8197288513184,0
-47.756477355957,0
-46.7346992492676,0
-47.0727806091309,0
-48.4849662780762,0
-49.6511383056641,0
-49.6669578552246,0
-48.6341743469238,0
-47.2085227966309,0
-45.9257736206055,0
-44.6887512207031,0
-42.7145881652832,0
-39.4362335205078,0
-35.6660003662109,0
-33.1991195678711,0
-32.8158721923828,0
-33.3218841552734,0
-33.1340866088867,0
-32.158317565918,0
-31.3623600006104,0
-31.0997371673584,0
-30.798791885376,0
-29.9643993377686,0
-28.6305828094482,0
-27.0931510925293,0
-25.9331207275391,0
-25.9162902832031,0
-27.0836868286133,0
-28.4400291442871,0
-29.4399719238281,0
-31.0770893096924,0
-34.1686248779297,0
-37.1997299194336,0
-37.7437515258789,0
-35.898509979248,0
-34.2860298156738,0
-34.3300819396973,0
-34.6535186767578,0
-33.9410133361816,0
-33.161003112793,0
-33.3934097290039,0
-33.3052520751953,0
-30.9483222961426,0
-26.9487819671631,0
-23.6572742462158,0
-21.7485675811768,0
-19.9739742279053,0
-18.1232089996338,0
-17.8083515167236,0
-19.7331714630127,0
-22.2634601593018,0
-23.8034515380859,0
-25.0644798278809,0
-27.6385536193848,0
-31.2308597564697,0
-33.6030158996582,0
-32.9659004211426,0
-29.6192169189453,0
-25.4036827087402,0
-22.0037078857422,0
-19.5778312683105,0
-16.8332214355469,0
-12.7549095153809,0
-8.24960136413574,0
-5.46832704544067,0
-5.46656656265259,0
-7.31538200378418,0
-9.61514282226562,0
-11.8833322525024,0
-14.1207361221313,0
-16.1007442474365,0
-17.7776165008545,0
-19.5831890106201,0
-21.6519031524658,0
-23.4801597595215,0
-24.9463958740234,0
-26.8090534210205,0
-29.4489593505859,0
-32.0440673828125,0
-34.0092239379883,0
-36.3630294799805,0
-40.2174110412598,0
-44.4282150268555,0
-46.4722328186035,0
-45.7421951293945,0
-44.3207397460938,0
-43.9471015930176,0
-43.8208312988281,0
-42.6134643554688,0
-41.3847160339355,0
-42.4931449890137,0
-45.8239479064941,0
-48.2243003845215,0
-47.5676422119141,0
-45.7428245544434,0
-46.0401000976562,0
-48.5736198425293,0
-50.2868576049805,0
-49.2135696411133,0
-46.6140785217285,0
-44.5453567504883,0
-43.4522399902344,0
-43.1201286315918,0
-43.932186126709,0
-45.4576377868652,0
-45.3644561767578,0
-41.9009666442871,0
-36.582389831543,0
-32.3801574707031,0
-30.0003890991211,0
-28.2068729400635,0
-27.2273979187012,0
-28.9577827453613,0
-33.3791542053223,0
-37.3864860534668,0
-38.2775230407715,0
-36.5393218994141,0
-34.2548217773438,0
-32.5962677001953,0
-31.9690837860107,0
-32.7921676635742,0
-34.6361198425293,0
-35.9610137939453,0
-36.1325149536133,0
-36.5125923156738,0
-38.2801055908203,0
-40.5331039428711,0
-42.0605964660645,0
-43.5888862609863,0
-46.3232536315918,0
-49.3846740722656,0
-50.9237442016602,0
-51.0237426757812,0
-51.1217994689941,0
-51.0082015991211,0
-49.0784568786621,0
-45.7570571899414,0
-44.0129165649414,0
-45.5315322875977,0
-48.4788436889648,0
-50.2115440368652,0
-50.4415817260742,0
-50.4004135131836,0
-50.3726844787598,0
-49.7097816467285,0
-48.4752388000488,0
-47.6235160827637,0
-47.8314895629883,0
-48.9731483459473,0
-50.3155632019043,0
-50.667610168457,0
-49.0234489440918,0
-45.6956367492676,0
-42.1586074829102,0
-39.3175354003906,0
-36.8185729980469,0
-34.4826774597168,0
-33.1052284240723,0
-32.9770927429199,0
-32.8882751464844,0
-31.7221832275391,0
-29.9274883270264,0
-28.2991600036621,0
-26.5599880218506,0
-24.4909992218018,0
-23.121997833252,0
-23.102855682373,0
-23.1656150817871,0
-22.1952686309814,0
-21.5651149749756,0
-22.8896446228027,0
-24.3843059539795,0
-22.4295558929443,0
-16.4587669372559,0
-9.34888458251953,0
-3.00830149650574,0
3.22948265075684,0
9.47284317016602,0
14.0899972915649,0
16.873893737793,0
20.0235767364502,0
24.0528411865234,0
25.7047309875488,0
22.4036560058594,0
16.3251609802246,0
11.3005619049072,0
7.76695108413696,0
3.86111640930176,0
-0.202718243002892,0
-2.49069833755493,0
-3.26196503639221,0
-4.88622236251831,0
-7.91243743896484,0
-10.6555728912354,0
-13.1593437194824,0
-18.0763092041016,0
-26.1354827880859,0
-33.6899642944336,0
-37.1276817321777,0
-37.868595123291,0
-40.3781623840332,0
-46.0091667175293,0
-51.2936134338379,0
-52.5431175231934,0
-50.156005859375,0
-47.3870887756348,0
-46.0791320800781,0
-45.1407432556152,0
-43.1307716369629,0
-40.8279266357422,0
-40.160041809082,0
-41.2538909912109,0
-42.0777130126953,0
-41.2648162841797,0
-39.9071769714355,0
-39.7176704406738,0
-40.500171661377,0
-40.6305046081543,0
-39.3541221618652,0
-37.3413200378418,0
-35.3883934020996,0
-33.8018951416016,0
-32.7361183166504,0
-31.8354358673096,0
-29.7754364013672,0
-25.5929679870605,0
-20.4434413909912,0
-16.6080932617188,0
-14.7291946411133,0
-13.5812587738037,0
-12.6230964660645,0
-12.7398900985718,0
-13.8581304550171,0
-14.0573997497559,0
-12.462550163269,0
-11.1329622268677,0
-12.1094779968262,0
-13.9032154083252,0
-13.1276388168335,0
-8.87957382202148,0
-3.37664556503296,0
1.27124083042145,0
4.73745584487915,0
7.15981769561768,0
8.50823879241943,0
9.63169574737549,0
11.8848400115967,0
15.1033039093018,0
17.6349105834961,0
18.7986373901367,0
19.4949493408203,0
19.9439334869385,0
18.9686260223389,0
16.3874320983887,0
13.9240074157715,0
12.4157743453979,0
10.1418199539185,0
5.59178972244263,0
0.107726864516735,0
-4.12763547897339,0
-7.12492418289185,0
-9.9453182220459,0
-11.92151927948,0
-11.5917701721191,0
-9.6226282119751,0
-8.27168560028076,0
-8.31063747406006,0
-8.82504463195801,0
-9.76050758361816,0
-12.0704975128174,0
-15.1431274414062,0
-16.6822338104248,0
-16.0163688659668,0
-15.4483127593994,0
-17.2220993041992,0
-20.7691898345947,0
-24.0717582702637,0
-26.4009552001953,0
-28.4831886291504,0
-30.9302291870117,0
-33.7308731079102,0
-36.762092590332,0
-39.7734222412109,0
-42.0220031738281,0
-42.5610008239746,0
-40.9488563537598,0
-37.6623306274414,0
-34.0937156677246,0
-31.9488658905029,0
-31.9832916259766,0
-33.3532752990723,0
-34.8551483154297,0
-36.6368370056152,0
-39.7853202819824,0
-44.3339881896973,0
-48.8794288635254,0
-52.4374084472656,0
-55.5420036315918,0
-59.0100860595703,0
-62.6293640136719,0
-65.749397277832,0
-68.3532180786133,0
-70.7154083251953,0
-72.4527435302734,0
-72.6140670776367,0
-70.5489959716797,0
-66.4072113037109,0
-61.1170349121094,0
-56.0256500244141,0
-51.990406036377,0
-48.4971923828125,0
-44.1320304870605,0
-38.1360244750977,0
-30.9738883972168,0
-23.3099632263184,0
-15.3654861450195,0
-7.73671722412109,0
-1.84709179401398,0
1.3836315870285,0
2.79515027999878,0
3.93833136558533,0
4.99758720397949,0
4.67748689651489,0
2.21383857727051,0
-1.29613351821899,0
-3.9507167339325,0
-5.03015184402466,0
-5.48104286193848,0
-6.43150949478149,0
-7.62863874435425,0
-7.84089374542236,0
-6.81426048278809,0
-6.05759620666504,0
-7.04235410690308,0
-9.20144367218018,0
-10.7363986968994,0
-11.0750131607056,0
-11.2172040939331,0
-11.7063179016113,0
-11.9085750579834,0
-11.8021650314331,0
-12.7812147140503,0
-15.5726537704468,0
-18.746265411377,0
-20.7403755187988,0
-22.2793025970459,0
-25.0684947967529,0
-28.8264598846436,0
-31.544490814209,0
-32.4806938171387,0
-33.0508613586426,0
-34.5865707397461,0
-36.8606491088867,0
-39.2013740539551,0
-41.5670280456543,0
-43.9783935546875,0
-46.1821212768555,0
-48.4061279296875,0
-51.1906929016113,0
-53.9510040283203,0
-55.1186752319336,0
-54.4446640014648,0
-53.6658477783203,0
-53.8430862426758,0
-53.576343536377,0
-51.358081817627,0
-48.2699661254883,0
-46.288890838623,0
-44.9534912109375,0
-42.2415733337402,0
-38.3329277038574,0
-35.6513595581055,0
-34.7474479675293,0
-32.9367218017578,0
-28.2750644683838,0
-22.4867935180664,0
-18.1192169189453,0
-14.7164239883423,0
-10.1492214202881,0
-4.5283670425415,0
-0.240765124559402,0
1.5774290561676,0
2.44871377944946,0
4.37221002578735,0
7.89363431930542,0
12.3471584320068,0
16.4896430969238,0
18.9050693511963,0
19.2171001434326,0
18.8323154449463,0
19.1299533843994,0
19.320426940918,0
17.8602199554443,0
15.5454254150391,0
14.7932615280151,0
15.7448844909668,0
15.7491970062256,0
13.524697303772,0
11.3033466339111,0
11.4636116027832,0
13.199197769165,0
14.2816400527954,0
14.4410533905029,0
15.0323314666748,0
16.3544635772705,0
16.9922142028809,0
15.3015813827515,0
10.6274614334106,0
3.92366552352905,0
-2.17767214775085,0
-5.28723621368408,0
-6.07670116424561,0
-7.5849404335022,0
-10.8369741439819,0
-13.2436361312866,0
-12.7079448699951,0
-10.8747510910034,0
-10.1112699508667,0
-9.5948429107666,0
-7.42199468612671,0
-4.78744554519653,0
-4.42972898483276,0
-5.91146230697632,0
-6.20359420776367,0
-4.62009477615356,0
-3.46608686447144,0
-3.72685647010803,0
-3.93710732460022,0
-3.86267900466919,0
-5.27053165435791,0
-7.76688528060913,0
-7.96554327011108,0
-5.08743476867676,0
-3.71420168876648,0
-7.74950408935547,0
-14.4156036376953,0
-17.8839130401611,0
-16.9262065887451,0
-15.160792350769,0
-14.966420173645,0
-15.1813154220581,0
-14.5191583633423,0
-13.3857574462891,0
-11.721510887146,0
-8.33865737915039,0
-3.45711922645569,0
0.791714012622833,0
3.57344317436218,0
6.77991342544556,0
12.0173635482788,0
18.1830196380615,0
23.4067287445068,0
27.6862010955811,0
32.070686340332,0
36.4606018066406,0
39.6688995361328,0
41.0085792541504,0
40.944522857666,0
40.7142639160156,0
41.4898834228516,0
42.8951721191406,0
42.4321441650391,0
38.037727355957,0
31.3120574951172,0
26.0990314483643,0
23.4451961517334,0
20.4783687591553,0
15.2455768585205,0
9.90907573699951,0
7.38356637954712,0
7.31307125091553,0
7.72199010848999,0
8.51792430877686,0
10.4973468780518,0
12.3771696090698,0
11.9478063583374,0
9.59822368621826,0
8.07350730895996,0
9.04758071899414,0
12.0460186004639,0
16.0754852294922,0
19.9470233917236,0
21.6555156707764,0
20.2348804473877,0
18.0917301177979,0
18.7780017852783,0
22.2754535675049,0
25.0839252471924,0
25.2570743560791,0
24.5819320678711,0
25.1107902526855,0
26.4131278991699,0
27.5868434906006,0
29.3934516906738,0
32.4901008605957,0
35.5162658691406,0
37.0170097351074,0
37.8279304504395,0
39.4947204589844,0
41.4178161621094,0
41.6403541564941,0
39.7373199462891,0
36.9251976013184,0
33.8083419799805,0
30.0288887023926,0
25.9437408447266,0
22.691499710083,0
20.5469551086426,0
19.036111831665,0
18.7394104003906,0
20.8693389892578,0
24.5686378479004,0
26.8342132568359,0
26.2161827087402,0
24.6480007171631,0
24.2033386230469,0
23.9519786834717,0
22.0752353668213,0
19.5574073791504,0
19.088005065918,0
20.9822940826416,0
22.952995300293,0
23.9192752838135,0
25.3688926696777,0
28.384256362915,0
31.764217376709,0
34.063175201416,0
35.3295021057129,0
35.6734199523926,0
34.2323913574219,0
31.0720043182373,0
28.1558513641357,0
26.5942897796631,0
24.7278823852539,0
21.0853786468506,0
17.466983795166,0
16.2500457763672,0
15.9592962265015,0
13.0035133361816,0
7.34076452255249,0
2.65841460227966,0
0.528768539428711,0
-1.71979284286499,0
-5.8911395072937,0
-9.43083095550537,0
-9.62473201751709,0
-8.25446891784668,0
-8.65013122558594,0
-10.2365837097168,0
-10.0335836410522,0
-8.46937561035156,0
-9.17679500579834,0
-12.6471586227417,0
-14.4375991821289,0
-11.4518632888794,0
-6.46736526489258,0
-3.80774188041687,0
-3.20616698265076,0
-1.25291466712952,0
2.70190095901489,0
5.78617572784424,0
6.44051885604858,0
6.62278079986572,0
8.38468647003174,0
10.8464527130127,0
11.9170360565186,0
11.2722692489624,0
10.2215032577515,0
9.72659969329834,0
9.77443408966064,0
9.99146175384521,0
9.89156150817871,0
9.01362609863281,0
7.56654453277588,0
6.5820689201355,0
7.00305223464966,0
9.04334545135498,0
12.5347843170166,0
17.0057411193848,0
21.1304779052734,0
23.2582473754883,0
23.2676372528076,0
23.09375,0
24.6827850341797,0
28.056022644043,0
31.8812656402588,0
35.0646781921387,0
37.124382019043,0
37.9281578063965,0
37.9656715393066,0
38.2769775390625,0
39.4733200073242,0
41.4177932739258,0
44.0693626403809,0
47.4584159851074,0
50.5237083435059,0
51.6967277526855,0
51.3840103149414,0
51.8576622009277,0
53.4724311828613,0
53.311336517334,0
49.5780258178711,0
45.0301170349121,0
43.174919128418,0
42.9080123901367,0
40.4387283325195,0
35.2398147583008,0
30.0346603393555,0
25.492374420166,0
19.5249156951904,0
12.3756017684937,0
7.83716583251953,0
7.75961637496948,0
9.28285980224609,0
9.66375923156738,0
10.2804431915283,0
13.1719236373901,0
16.7567157745361,0
18.2762584686279,0
18.155460357666,0
18.531925201416,0
19.2017555236816,0
18.5365657806396,0
17.3087329864502,0
18.0873508453369,0
21.1344814300537,0
23.8417320251465,0
24.2213726043701,0
22.6224403381348,0
20.2965259552002,0
18.5736598968506,0
18.9908657073975,0
21.6693706512451,0
23.8454360961914,0
22.6630535125732,0
19.2961769104004,0
17.5661373138428,0
18.5430145263672,0
19.6350994110107,0
19.3511486053467,0
19.4459819793701,0
21.1228427886963,0
22.4525527954102,0
21.5881690979004,0
19.7807006835938,0
18.7789630889893,0
17.4607048034668,0
13.7292728424072,0
8.0663423538208,0
2.41830968856812,0
-3.15430188179016,0
-9.73720836639404,0
-16.2123184204102,0
-19.6783447265625,0
-19.2381343841553,0
-16.9072914123535,0
-14.7376174926758,0
-13.3823719024658,0
-13.4151468276978,0
-15.2448110580444,0
-17.1912803649902,0
-16.4372253417969,0
-12.9710865020752,0
-10.0703220367432,0
-9.55508422851562,0
-9.10657405853271,0
-6.14040184020996,0
-1.87466251850128,0
1.11490595340729,0
3.48530316352844,0
7.91059684753418,0
14.1196050643921,0
18.6295585632324,0
19.6417751312256,0
19.0706729888916,0
18.8137664794922,0
17.8652935028076,0
14.8547859191895,0
11.2939443588257,0
10.0085468292236,0
11.4094171524048,0
13.385552406311,0
14.3792362213135,0
14.6801948547363,0
14.7932281494141,0
14.3284101486206,0
12.9657573699951,0
11.2127141952515,0
9.59162044525146,0
7.94995355606079,0
6.03972911834717,0
4.00846910476685,0
1.92860400676727,0
-0.375635385513306,0
-2.68732094764709,0
-4.51957178115845,0
-6.3075647354126,0
-9.26863670349121,0
-13.2202930450439,0
-15.7786083221436,0
-15.1110019683838,0
-12.590576171875,0
-11.201639175415,0
-12.1301517486572,0
-14.6517114639282,0
-18.3599090576172,0
-22.8395748138428,0
-25.573314666748,0
-23.5960559844971,0
-18.0675506591797,0
-14.0256748199463,0
-14.0656290054321,0
-15.2454290390015,0
-14.3097591400146,0
-12.8085403442383,0
-13.7013111114502,0
-15.4109363555908,0
-13.7533559799194,0
-8.76076030731201,0
-4.92794179916382,0
-4.37810897827148,0
-4.06740760803223,0
-0.954025566577911,0
3.95886015892029,0
8.72099781036377,0
14.2026710510254,0
21.943510055542,0
30.517370223999,0
37.0724182128906,0
41.2546615600586,0
44.9185600280762,0
48.7037086486816,0
51.4520683288574,0
52.816722869873,0
54.1956062316895,0
56.7708015441895,0
60.2257537841797,0
63.6330223083496,0
66.2307205200195,0
67.0952682495117,0
65.3704528808594,0
61.3398780822754,0
56.436580657959,0
51.8484992980957,0
47.7131042480469,0
43.7115592956543,0
39.6747283935547,0
35.5082473754883,0
31.3148498535156,0
27.7675533294678,0
25.6021099090576,0
24.4962596893311,0
23.2042083740234,0
21.2074737548828,0
19.5978183746338,0
19.7808456420898,0
21.7526626586914,0
24.2699203491211,0
26.4096260070801,0
28.1323299407959,0
29.2053737640381,0
28.4569396972656,0
24.8914909362793,0
19.298267364502,0
13.9254484176636,0
10.3475275039673,0
8.17545127868652,0
5.94823265075684,0
2.50735688209534,0
-2.79446864128113,0
-10.1053657531738,0
-18.2184391021729,0
-24.377498626709,0
-26.3019523620605,0
-24.421688079834,0
-21.3021621704102,0
-19.174259185791,0
-18.909969329834,0
-20.6956310272217,0
-23.9679546356201,0
-26.7864246368408,0
-27.1587982177734,0
-25.4822731018066,0
-24.1379718780518,0
-24.2043399810791,0
-24.2280006408691,0
-22.9258899688721,0
-21.2900848388672,0
-20.8020515441895,0
-21.114725112915,0
-21.0489940643311,0
-20.6724243164062,0
-20.61549949646,0
-20.1504249572754,0
-17.9604644775391,0
-14.7224073410034,0
-13.1473522186279,0
-14.9091548919678,0
-18.6606407165527,0
-21.8243999481201,0
-23.7104454040527,0
-25.8431377410889,0
-28.9758796691895,0
-30.8010120391846,0
-28.1743583679199,0
-21.7082557678223,0
-16.075080871582,0
-14.4221334457397,0
-14.5561141967773,0
-13.0010318756104,0
-10.6980209350586,0
-10.8285865783691,0
-12.4812898635864,0
-11.8279542922974,0
-9.52188682556152,0
-10.6530389785767,0
-15.6728649139404,0
-18.06467628479,0
-14.6771669387817,0
-11.8194713592529,0
-15.4386119842529,0
-21.0887279510498,0
-21.2283306121826,0
-17.8820190429688,0
-18.7301902770996,0
-23.3237571716309,0
-23.7424736022949,0
-18.5586261749268,0
-15.0314178466797,0
-15.48486328125,0
-12.8413019180298,0
-4.26378345489502,0
1.71870815753937,0
-0.873087346553802,0
-3.9738302230835,0
2.19859647750854,0
12.6580123901367,0
15.2871980667114,0
10.3187847137451,0
9.05764007568359,0
14.4521064758301,0
16.4277381896973,0
9.07811737060547,0
0.329388380050659,0
-0.97698974609375,0
2.25021767616272,0
2.63313317298889,0
0.419224411249161,0
-0.00338971638120711,0
-0.108553476631641,0
-4.65957450866699,0
-12.0166711807251,0
-15.6840486526489,0
-14.6862878799438,0
-14.6151990890503,0
-17.9205379486084,0
-20.3746700286865,0
-19.0005283355713,0
-17.1957397460938,0
-18.9269199371338,0
-22.7619667053223,0
-25.2746753692627,0
-26.6660900115967,0
-29.0999622344971,0
-31.9833869934082,0
-32.8460693359375,0
-31.5929183959961,0
-30.4492893218994,0
-30.3247966766357,0
-30.1690902709961,0
-29.6011199951172,0
-29.4362125396729,0
-29.5564460754395,0
-28.8425064086914,0
-27.7447891235352,0
-28.5914115905762,0
-32.2778053283691,0
-36.4701080322266,0
-38.5098915100098,0
-38.8794059753418,0
-40.1792907714844,0
-43.2174453735352,0
-45.7423934936523,0
-45.3805732727051,0
-42.7461090087891,0
-40.7748603820801,0
-41.1914405822754,0
-42.4680519104004,0
-41.8365211486816,0
-38.940113067627,0
-36.4367523193359,0
-36.5930442810059,0
-38.3219909667969,0
-38.7022285461426,0
-36.8056449890137,0
-34.4411468505859,0
-33.060302734375,0
-31.6170539855957,0
-28.3238544464111,0
-23.2612552642822,0
-17.9855556488037,0
-13.1937074661255,0
-8.02561473846436,0
-1.52756702899933,0
6.13538551330566,0
13.9250335693359,0
20.734001159668,0
26.0074329376221,0
30.0217456817627,0
33.2725105285645,0
35.2012100219727,0
34.2836151123047,0
30.3126831054688,0
25.8426876068115,0
23.8208770751953,0
24.0339641571045,0
23.6321506500244,0
21.3020648956299,0
18.9315929412842,0
18.3580112457275,0
18.453104019165,0
17.0493927001953,0
14.3600482940674,0
12.4887809753418,0
12.3007555007935,0
12.836256980896,0
13.5677556991577,0
15.211353302002,0
18.0857925415039,0
21.4233551025391,0
24.64573097229,0
27.6582775115967,0
29.5707149505615,0
29.1551990509033,0
27.3951625823975,0
27.4955444335938,0
30.9349975585938,0
35.3158721923828,0
37.8802223205566,0
39.4177742004395,0
42.3555450439453,0
46.444709777832,0
49.4457702636719,0
51.4678382873535,0
55.2003974914551,0
61.4874534606934,0
67.915771484375,0
72.725944519043,0
76.9080657958984,0
80.8323135375977,0
82.075065612793,0
79.3104400634766,0
75.6998443603516,0
74.8116683959961,0
74.876220703125,0
71.2241287231445,0
63.7862739562988,0
57.7288055419922,0
55.9989547729492,0
55.5185050964355,0
52.63330078125,0
48.5845909118652,0
46.5910491943359,0
46.2714767456055,0
44.7001686096191,0
41.5513763427734,0
39.3518447875977,0
38.8607749938965,0
37.6713027954102,0
34.0781059265137,0
29.5640296936035,0
26.3369274139404,0
24.4442806243896,0
22.4190998077393,0
19.1886692047119,0
14.4845933914185,0
8.88041114807129,0
4.13300800323486,0
1.8141086101532,0
0.835627496242523,0
-1.78679442405701,0
-6.719810962677,0
-10.95569896698,0
-12.0621423721313,0
-11.522027015686,0
-11.7375526428223,0
-11.875997543335,0
-9.73429107666016,0
-6.31494092941284,0
-4.96700239181519,0
-6.35070943832397,0
-7.72770071029663,0
-7.55051374435425,0
-7.39922428131104,0
-8.44435691833496,0
-9.19422054290771,0
-8.38973617553711,0
-7.36990594863892,0
-7.37637138366699,0
-6.7130069732666,0
-3.23186683654785,0
1.7205696105957,0
4.5012149810791,0
3.68241739273071,0
1.05270671844482,0
-1.50934946537018,0
-3.80630040168762,0
-5.76027679443359,0
-6.18238544464111,0
-3.98620128631592,0
0.505204796791077,0
5.99479532241821,0
11.0947542190552,0
14.6298522949219,0
16.2144432067871,0
16.9846954345703,0
18.827823638916,0
22.3540287017822,0
26.2821502685547,0
29.1432781219482,0
30.8212871551514,0
31.9585590362549,0
32.5312461853027,0
31.6891288757324,0
28.8528614044189,0
24.7798633575439,0
21.7108421325684,0
22.1377334594727,0
26.6028709411621,0
32.7070541381836,0
37.1795921325684,0
39.0514488220215,0
39.8702354431152,0
40.8164558410645,0
41.1451263427734,0
40.064998626709,0
38.4919471740723,0
37.6000823974609,0
36.894588470459,0
35.4204292297363,0
33.9962120056152,0
34.2517318725586,0
35.8554344177246,0
36.8158874511719,0
36.5631675720215,0
36.5355644226074,0
37.2442398071289,0
37.043342590332,0
34.8575325012207,0
31.8826274871826,0
28.879810333252,0
23.9008178710938,0
15.3536348342896,0
5.94447946548462,0
0.252468049526215,0
-1.34466588497162,0
-2.95184135437012,0
-6.84100866317749,0
-10.4016761779785,0
-11.1004476547241,0
-11.1451616287231,0
-14.0513153076172,0
-18.7190017700195,0
-20.7544021606445,0
-18.8243598937988,0
-15.8280153274536,0
-13.6747932434082,0
-10.8266267776489,0
-6.20620679855347,0
-1.90816879272461,0
0.257213771343231,0
2.10454392433167,0
6.06956911087036,0
10.7741565704346,0
12.7551851272583,0
11.6240005493164,0
10.3855400085449,0
10.8428659439087,0
11.5749206542969,0
10.9550409317017,0
9.77575969696045,0
9.90397644042969,0
11.9108877182007,0
14.8282260894775,0
17.0914897918701,0
17.2533206939697,0
14.880690574646,0
11.1147346496582,0
7.35290575027466,0
3.30873584747314,0
-2.41940569877625,0
-9.84687423706055,0
-17.1059627532959,0
-22.5540733337402,0
-25.8388347625732,0
-26.7871475219727,0
-25.19797706604,0
-22.2350177764893,0
-19.9145584106445,0
-18.2154636383057,0
-14.6743183135986,0
-8.11923313140869,0
-0.830799698829651,0
4.67646503448486,0
9.09506416320801,0
14.3244132995605,0
19.6854553222656,0
23.0025691986084,0
24.5298671722412,0
26.6304550170898,0
29.628475189209,0
31.040319442749,0
29.5046997070312,0
26.6741580963135,0
24.1730728149414,0
21.3191699981689,0
17.5069789886475,0
14.6316137313843,0
14.9090814590454,0
17.5834732055664,0
19.8756885528564,0
20.4074764251709,0
19.8626747131348,0
18.8758983612061,0
17.1365432739258,0
14.5039510726929,0
11.6516122817993,0
9.63923168182373,0
9.65781784057617,0
12.5394334793091,0
17.3673572540283,0
21.3045177459717,0
22.2519073486328,0
21.1388416290283,0
20.196533203125,0
19.7923030853271,0
18.8803901672363,0
17.8596038818359,0
18.3409862518311,0
19.9392433166504,0
19.9483833312988,0
17.1104965209961,0
13.4888439178467,0
11.3939590454102,0
10.4098291397095,0
8.98334693908691,0
7.25174331665039,0
6.33231449127197,0
5.93429803848267,0
4.79560518264771,0
2.96334552764893,0
1.51793086528778,0
-0.0844477564096451,0
-4.41525077819824,0
-12.8276815414429,0
-22.8640956878662,0
-30.0637454986572,0
-32.2177696228027,0
-31.145528793335,0
-30.1220550537109,0
-30.0717735290527,0
-28.9574413299561,0
-25.012451171875,0
-19.7033462524414,0
-16.4140357971191,0
-16.2834911346436,0
-16.5872077941895,0
-13.9258880615234,0
-8.21376514434814,0
-2.5063054561615,0
0.828833937644958,0
2.65830183029175,0
5.4096155166626,0
9.54898834228516,0
12.6419630050659,0
12.1598615646362,0
8.59278583526611,0
4.99683809280396,0
3.63929533958435,0
4.18497467041016,0
5.4559121131897,0
7.47587251663208,0
10.5155353546143,0
13.2977781295776,0
14.1841802597046,0
13.776668548584,0
14.2309036254883,0
15.9054412841797,0
16.9441986083984,0
16.7137603759766,0
17.1378917694092,0
19.21067237854,0
20.4298076629639,0
17.8384571075439,0
12.0508728027344,0
5.9726676940918,0
0.848940134048462,0
-3.71208238601685,0
-6.75074481964111,0
-6.41169357299805,0
-3.61250829696655,0
-2.02446007728577,0
-3.2400336265564,0
-4.59964370727539,0
-3.38728618621826,0
-0.923752665519714,0
-0.449159264564514,0
-2.60763120651245,0
-5.32204914093018,0
-7.10058736801147,0
-8.10580158233643,0
-8.34854602813721,0
-7.02660894393921,0
-3.87925839424133,0
0.390088468790054,0
5.24395275115967,0
10.5613985061646,0
15.7067708969116,0
19.6786441802979,0
22.3108901977539,0
24.0741367340088,0
24.6636829376221,0
23.2735595703125,0
20.4939765930176,0
18.2816314697266,0
17.3903160095215,0
16.2848052978516,0
13.4414672851562,0
9.4171314239502,0
5.64922857284546,0
2.37433433532715,0
-1.12520742416382,0
-5.15588903427124,0
-9.6056489944458,0
-14.3975858688354,0
-18.7962856292725,0
-21.1899585723877,0
-20.9685668945312,0
-19.9058589935303,0
-20.1761093139648,0
-21.5055084228516,0
-21.7775287628174,0
-20.0081214904785,0
-17.0876064300537,0
-13.8681735992432,0
-10.3505830764771,0
-6.91389942169189,0
-4.69301748275757,0
-4.33979654312134,0
-5.69466972351074,0
-8.77194595336914,0
-13.4649791717529,0
-18.0163764953613,0
-19.7513179779053,0
-18.3792495727539,0
-17.0379371643066,0
-18.6272354125977,0
-22.012788772583,0
-23.3046035766602,0
-20.5160655975342,0
-15.6366777420044,0
-11.8958187103271,0
-9.90395259857178,0
-7.28936767578125,0
-2.2088041305542,0
3.51278471946716,0
5.86358022689819,0
3.45257496833801,0
-0.576204061508179,0
-2.50179052352905,0
-2.53790163993835,0
-3.43881511688232,0
-5.52168464660645,0
-5.90768909454346,0
-3.02407646179199,0
0.86301064491272,0
2.80193901062012,0
2.63369560241699,0
1.73988616466522,0
0.181255578994751,0
-2.8622772693634,0
-7.04796457290649,0
-11.4778118133545,0
-16.6265525817871,0
-23.3656730651855,0
-30.2331848144531,0
-34.0316314697266,0
-33.7821083068848,0
-32.1817245483398,0
-32.0748748779297,0
-32.9853515625,0
-32.560619354248,0
-30.3221187591553,0
-28.0783157348633,0
-26.9780788421631,0
-26.1891231536865,0
-24.9820365905762,0
-24.3543262481689,0
-25.4587726593018,0
-27.6785583496094,0
-29.6377468109131,0
-31.2085151672363,0
-32.9709663391113,0
-34.3878517150879,0
-34.3687591552734,0
-33.3219985961914,0
-32.6250267028809,0
-32.0036315917969,0
-29.5742778778076,0
-24.9899730682373,0
-20.4843940734863,0
-17.9791660308838,0
-17.0837364196777,0
-16.8841285705566,0
-17.6177368164062,0
-19.1994724273682,0
-20.0737648010254,0
-19.3519134521484,0
-18.5485057830811,0
-19.4023971557617,0
-21.3673706054688,0
-22.9832305908203,0
-24.1753559112549,0
-25.2188587188721,0
-25.0541820526123,0
-23.0609092712402,0
-21.098934173584,0
-21.0579147338867,0
-21.5300559997559,0
-19.8947925567627,0
-16.7886695861816,0
-15.1724338531494,0
-15.4499855041504,0
-15.1361837387085,0
-13.5100555419922,0
-12.9063510894775,0
-14.5109777450562,0
-16.2445678710938,0
-16.177755355835,0
-15.1339845657349,0
-14.4179716110229,0
-13.6883163452148,0
-12.795147895813,0
-13.1775245666504,0
-15.3816032409668,0
-17.3216209411621,0
-17.1479873657227,0
-16.0613632202148,0
-16.232702255249,0
-17.7025356292725,0
-19.6031913757324,0
-22.7474956512451,0
-28.1836261749268,0
-34.1981315612793,0
-37.6544075012207,0
-38.0271453857422,0
-37.6149749755859,0
-37.7955589294434,0
-37.4310836791992,0
-35.3313446044922,0
-32.2124328613281,0
-29.4438323974609,0
-27.2956790924072,0
-25.1909255981445,0
-22.8642673492432,0
-20.9243793487549,0
-20.7985019683838,0
-23.7503356933594,0
-28.9440879821777,0
-32.9743499755859,0
-32.8805236816406,0
-29.6340675354004,0
-27.1770896911621,0
-27.8586044311523,0
-30.2675361633301,0
-31.8457012176514,0
-32.0869064331055,0
-32.4443397521973,0
-34.2551536560059,0
-37.502513885498,0
-40.7598762512207,0
-41.8723564147949,0
-39.6847267150879,0
-35.5988006591797,0
-32.3113746643066,0
-30.3900833129883,0
-27.4147701263428,0
-21.5857276916504,0
-14.9049139022827,0
-11.0030345916748,0
-10.4286766052246,0
-10.2055797576904,0
-8.38626575469971,0
-7.07215118408203,0
-9.54522895812988,0
-15.4959630966187,0
-20.9898738861084,0
-23.2991943359375,0
-24.1220111846924,0
-26.8933162689209,0
-31.843505859375,0
-35.5025405883789,0
-35.3279457092285,0
-33.1562957763672,0
-32.8310279846191,0
-35.3489151000977,0
-37.9979476928711,0
-38.1109733581543,0
-35.9753646850586,0
-33.5102500915527,0
-31.5036544799805,0
-29.2356643676758,0
-25.9268283843994,0
-21.253511428833,0
-14.8105392456055,0
-6.45012474060059,0
2.54717874526978,0
9.63583469390869,0
13.04541015625,0
13.3978185653687,0
12.9325170516968,0
13.2714653015137,0
14.1282234191895,0
14.0060472488403,0
11.9015207290649,0
8.36896991729736,0
5.03601741790771,0
2.99508857727051,0
1.61084961891174,0
-0.863438069820404,0
-5.26455163955688,0
-10.3237924575806,0
-13.9348802566528,0
-15.620997428894,0
-17.2109718322754,0
-20.7894630432129,0
-26.4193077087402,0
-32.2796859741211,0
-36.5583572387695,0
-38.5255813598633,0
-38.1603851318359,0
-35.8409690856934,0
-32.5640068054199,0
-29.5136470794678,0
-27.0162372589111,0
-24.6106719970703,0
-22.3568096160889,0
-21.112361907959,0
-21.048942565918,0
-20.8923683166504,0
-19.396821975708,0
-16.7796020507812,0
-13.9347629547119,0
-11.0641584396362,0
-8.0212574005127,0
-5.21174812316895,0
-3.02878260612488,0
-1.08976888656616,0
0.665193378925323,0
0.695436537265778,0
-2.67962670326233,0
-8.54731273651123,0
-13.6137113571167,0
-15.6222715377808,0
-15.6243543624878,0
-16.3526630401611,0
-18.8593158721924,0
-21.2220230102539,0
-20.6959133148193,0
-17.2676963806152,0
-14.6058616638184,0
-16.3626899719238,0
-21.5828266143799,0
-25.5247745513916,0
-25.5865535736084,0
-24.2056903839111,0
-24.4644107818604,0
-25.2417163848877,0
-23.4227657318115,0
-19.1793594360352,0
-15.5507354736328,0
-13.4241571426392,0
-10.5590534210205,0
-5.93717193603516,0
-1.79909455776215,0
-0.348465800285339,0
-1.09082889556885,0
-2.58657956123352,0
-4.55579519271851,0
-7.0613169670105,0
-9.62271118164062,0
-12.2555751800537,0
-15.4854364395142,0
-18.3572273254395,0
-18.599006652832,0
-16.0766429901123,0
-13.9476547241211,0
-14.6893701553345,0
-16.8465156555176,0
-17.5695095062256,0
-16.6124114990234,0
-15.5527257919312,0
-14.3970413208008,0
-11.5655994415283,0
-6.74137210845947,0
-1.48296689987183,0
2.918696641922,0
6.40257024765015,0
8.94405841827393,0
9.9036865234375,0
8.74157047271729,0
5.45481157302856,0
0.541487872600555,0
-4.67902135848999,0
-8.46891975402832,0
-10.6010332107544,0
-13.1076498031616,0
-17.6406726837158,0
-22.8442993164062,0
-26.0942153930664,0
-27.1260452270508,0
-27.7519874572754,0
-28.4174728393555,0
-27.7195720672607,0
-25.6155815124512,0
-24.3039398193359,0
-24.7714939117432,0
-24.846378326416,0
-22.3527011871338,0
-18.3747692108154,0
-15.4862623214722,0
-14.0840864181519,0
-12.5354051589966,0
-10.1358013153076,0
-7.81859636306763,0
-6.10519790649414,0
-4.14311981201172,0
-1.13978087902069,0
2.2788827419281,0
4.38582611083984,0
3.59662699699402,0
-0.21802182495594,0
-5.14826822280884,0
-8.69205379486084,0
-10.4645957946777,0
-12.5049867630005,0
-16.0730037689209,0
-19.6146583557129,0
-21.4328575134277,0
-22.7874145507812,0
-25.8571701049805,0
-29.6717128753662,0
-31.1701831817627,0
-30.0453338623047,0
-29.1807060241699,0
-29.7174491882324,0
-29.0586032867432,0
-25.1999931335449,0
-20.0428276062012,0
-16.3881740570068,0
-14.1949987411499,0
-12.2332916259766,0
-11.2454051971436,0
-12.4832572937012,0
-14.5202035903931,0
-14.5909147262573,0
-12.4009494781494,0
-9.85066413879395,0
-7.56183576583862,0
-4.64550304412842,0
-1.79319155216217,0
-1.4369865655899,0
-4.03513669967651,0
-6.77825117111206,0
-7.16404008865356,0
-5.8692774772644,0
-4.89132070541382,0
-4.56218385696411,0
-3.77141427993774,0
-1.9012166261673,0
0.748953402042389,0
3.59627556800842,0
5.81628894805908,0
6.50282859802246,0
5.61925411224365,0
4.10970497131348,0
2.45788526535034,0
-0.0235829632729292,0
-3.84214973449707,0
-8.17965126037598,0
-11.7983770370483,0
-14.1971111297607,0
-15.1991310119629,0
-14.4979610443115,0
-12.5947437286377,0
-11.1562576293945,0
-11.2031707763672,0
-11.7225370407104,0
-11.2665758132935,0
-10.0118741989136,0
-8.71533012390137,0
-6.58213806152344,0
-2.44921541213989,0
2.16121625900269,0
3.80461049079895,0
1.73095285892487,0
-0.513015031814575,0
0.463731318712234,0
3.62057900428772,0
5.52962064743042,0
5.33023691177368,0
5.19376707077026,0
6.38235712051392,0
7.61124658584595,0
7.96621990203857,0
8.98660278320312,0
12.094123840332,0
15.3679132461548,0
15.0584840774536,0
10.1671543121338,0
3.8533878326416,0
-0.131674140691757,0
-1.26013517379761,0
-1.85008335113525,0
-3.73536491394043,0
-6.35389137268066,0
-8.0487699508667,0
-8.34453296661377,0
-8.37228775024414,0
-9.35991668701172,0
-11.3281736373901,0
-13.353630065918,0
-14.5833377838135,0
-14.6977376937866,0
-13.8680286407471,0
-12.8476257324219,0
-12.8564147949219,0
-14.6229267120361,0
-17.379430770874,0
-19.3168048858643,0
-19.2876663208008,0
-17.7692794799805,0
-16.0278568267822,0
-14.7182664871216,0
-13.5935173034668,0
-12.3448705673218,0
-11.3099594116211,0
-11.2410163879395,0
-12.5630035400391,0
-15.0427398681641,0
-18.072961807251,0
-20.9201011657715,0
-22.6938285827637,0
-22.7923812866211,0
-21.8953704833984,0
-21.7873477935791,0
-23.2064647674561,0
-24.4751377105713,0
-23.7340965270996,0
-22.1778469085693,0
-23.0365657806396,0
-27.0080146789551,0
-30.8332996368408,0
-31.3281764984131,0
-28.7920589447021,0
-25.1235065460205,0
-20.7003688812256,0
-15.2306833267212,0
-10.0557823181152,0
-7.00510549545288,0
-5.71083545684814,0
-4.30312013626099,0
-2.21865677833557,0
-0.268228352069855,0
1.47846329212189,0
3.68102240562439,0
6.01351594924927,0
7.58776664733887,0
8.71378135681152,0
10.1361665725708,0
11.0626373291016,0
10.4208011627197,0
9.61989688873291,0
11.0784492492676,0
13.9139194488525,0
14.2625169754028,0
10.5954294204712,0
5.66383266448975,0
2.03764581680298,0
-1.21626973152161,0
-5.66798448562622,0
-10.2975425720215,0
-13.7825012207031,0
-17.7829608917236,0
-24.6099166870117,0
-32.6087875366211,0
-37.2291297912598,0
-36.9660186767578,0
-35.5173072814941,0
-36.9517784118652,0
-40.6183471679688,0
-42.4185791015625,0
-40.2092628479004,0
-36.1965560913086,0
-33.784481048584,0
-33.4789581298828,0
-33.1138229370117,0
-31.5378265380859,0
-30.2457752227783,0
-30.6832065582275,0
-31.5445861816406,0
-30.4005355834961,0
-27.1881484985352,0
-24.1921863555908,0
-22.8049030303955,0
-22.1773815155029,0
-21.1441650390625,0
-19.5493793487549,0
-17.2881412506104,0
-14.0047664642334,0
-10.4418239593506,0
-8.11013412475586,0
-6.58311986923218,0
-3.11387038230896,0
3.53473734855652,0
10.6849508285522,0
15.1347570419312,0
17.4775505065918,0
20.6390724182129,0
25.0363140106201,0
27.8977756500244,0
27.3273754119873,0
24.6366310119629,0
22.2404632568359,0
21.2574691772461,0
21.7419853210449,0
23.4107818603516,0
25.2669868469238,0
25.973217010498,0
25.4704685211182,0
25.0879306793213,0
25.5181694030762,0
26.076322555542,0
26.5257778167725,0
27.8308486938477,0
29.9659976959229,0
30.8069286346436,0
29.0500812530518,0
26.8896808624268,0
27.5563907623291,0
30.9906463623047,0
34.3804244995117,0
36.6545867919922,0
39.6917953491211,0
44.547004699707,0
49.1438674926758,0
51.1707763671875,0
51.2788238525391,0
51.5714073181152,0
52.3055648803711,0
52.0427513122559,0
50.1485595703125,0
47.2375450134277,0
43.8960075378418,0
40.9953346252441,0
40.5512771606445,0
43.6372718811035,0
47.5106544494629,0
47.6984939575195,0
43.6730613708496,0
39.7279472351074,0
38.9987258911133,0
39.4014015197754,0
37.5441551208496,0
34.1517639160156,0
32.6375122070312,0
33.9016342163086,0
35.8394622802734,0
37.251636505127,0
38.9292907714844,0
40.8584175109863,0
41.4472885131836,0
40.1956558227539,0
38.6209487915039,0
37.7994728088379,0
37.2612152099609,0
37.0722618103027,0
38.6302909851074,0
42.1302719116211,0
45.2094535827637,0
45.5987510681152,0
43.742847442627,0
41.6086044311523,0
40.1805839538574,0
39.1879844665527,0
38.025089263916,0
35.879508972168,0
32.1558990478516,0
27.7915420532227,0
24.9647617340088,0
24.4586505889893,0
24.3910160064697,0
22.4960289001465,0
18.6339626312256,0
14.35338306427,0
11.3248510360718,0
11.0124549865723,0
14.2990322113037,0
20.2440528869629,0
26.5407752990723,0
32.1806678771973,0
38.0592727661133,0
43.9754180908203,0
47.3395309448242,0
46.7528839111328,0
44.6862525939941,0
43.9767036437988,0
43.454906463623,0
40.3075485229492,0
35.5996017456055,0
33.5795860290527,0
35.492561340332,0
37.8134155273438,0
37.6368980407715,0
36.6633949279785,0
38.1809692382812,0
42.5333251953125,0
47.5591888427734,0
51.799144744873,0
55.1442184448242,0
57.2051010131836,0
56.9429321289062,0
53.879222869873,0
48.8000373840332,0
43.5217437744141,0
40.2493743896484,0
40.1662254333496,0
41.9714813232422,0
42.8275680541992,0
41.5830497741699,0
39.9790954589844,0
39.6381416320801,0
39.1119842529297,0
35.6855697631836,0
29.5109386444092,0
23.9783134460449,0
21.7645282745361,0
22.0629081726074,0
22.2740440368652,0
21.1976165771484,0
19.6709575653076,0
18.822826385498,0
18.8008785247803,0
19.1970767974854,0
19.921724319458,0
21.1777896881104,0
22.7987251281738,0
24.1574440002441,0
24.9667377471924,0
25.7743129730225,0
27.1696662902832,0
28.7569713592529,0
29.6273937225342,0
29.7863483428955,0
30.2753314971924,0
31.7814178466797,0
34.0690383911133,0
37.0060806274414,0
40.992790222168,0
45.864559173584,0
50.6336059570312,0
55.1132202148438,0
60.3819313049316,0
66.3866806030273,0
70.6006469726562,0
71.0957565307617,0
69.8697662353516,0
70.5400466918945,0
73.1617813110352,0
74.2088241577148,0
71.9757308959961,0
68.9901275634766,0
67.9424438476562,0
68.0292205810547,0
67.2147598266602,0
65.761962890625,0
65.0323638916016,0
64.4709548950195,0
62.5606117248535,0
59.7329406738281,0
57.482837677002,0
55.1416168212891,0
50.4997749328613,0
43.6755180358887,0
37.4052619934082,0
32.8430061340332,0
27.8830261230469,0
20.9144897460938,0
13.7743301391602,0
9.20326805114746,0
7.28806447982788,0
6.35386991500854,0
5.77672052383423,0
5.7072057723999,0
5.20427274703979,0
3.13432002067566,0
0.436679601669312,0
-0.75362890958786,0
-0.0462055951356888,0
1.20903587341309,0
2.72208189964294,0
5.79163026809692,0
10.7247362136841,0
15.8791303634644,0
19.9415454864502,0
23.2822704315186,0
26.3295783996582,0
28.4570808410645,0
29.3549098968506,0
29.6727867126465,0
29.3213329315186,0
27.0902290344238,0
23.1970310211182,0
20.0873374938965,0
18.9019546508789,0
17.1832370758057,0
12.5161924362183,0
6.81594944000244,0
4.07730150222778,0
4.85329246520996,0
6.08754396438599,0
6.09984970092773,0
6.62581729888916,0
9.54288673400879,0
14.3047294616699,0
19.3608856201172,0
23.8343410491943,0
27.00244140625,0
28.1989135742188,0
28.1882362365723,0
28.9534111022949,0
31.3093109130859,0
34.152400970459,0
36.4489631652832,0
38.1821975708008,0
38.8809547424316,0
37.3052101135254,0
33.557804107666,0
29.7360496520996,0
27.3998908996582,0
25.738130569458,0
22.9528331756592,0
18.0776443481445,0
11.0818338394165,0
3.03149485588074,0
-3.42460465431213,0
-6.00871753692627,0
-6.07526206970215,0
-7.56825113296509,0
-11.6850910186768,0
-15.1341943740845,0
-15.092547416687,0
-13.0599927902222,0
-11.6593770980835,0
-10.3780651092529,0
-7.5125298500061,0
-4.18815660476685,0
-2.80140709877014,0
-2.63830137252808,0
-0.706866145133972,0
3.48222255706787,0
7.45871162414551,0
10.2507972717285,0
13.8893957138062,0
19.5130672454834,0
24.8822612762451,0
27.4025039672852,0
27.6765727996826,0
28.4306163787842,0
31.1575260162354,0
35.1481704711914,0
38.8823204040527,0
41.1404190063477,0
41.3596839904785,0
39.9926681518555,0
38.3135185241699,0
37.2372894287109,0
36.555103302002,0
35.751651763916,0
35.2482604980469,0
36.2783164978027,0
39.4179878234863,0
43.3450508117676,0
45.2890968322754,0
43.3193092346191,0
38.5454788208008,0
34.3396682739258,0
32.5027275085449,0
30.7881412506104,0
25.5886573791504,0
16.873197555542,0
8.67441272735596,0
4.09651374816895,0
1.57401120662689,0
-2.51197695732117,0
-8.76306247711182,0
-14.3884954452515,0
-17.5053424835205,0
-19.3605365753174,0
-21.3732528686523,0
-22.0695571899414,0
-19.0767974853516,0
-13.2572784423828,0
-8.3869686126709,0
-6.44960260391235,0
-5.43925476074219,0
-2.84742212295532,0
0.572749853134155,0
2.27149438858032,0
1.83126044273376,0
1.23131489753723,0
1.74791669845581,0
2.92497301101685,0
4.69001293182373,0
8.00231075286865,0
12.4337892532349,0
15.294979095459,0
14.953330039978,0
13.6269464492798,0
14.8371000289917,0
18.8257522583008,0
22.6224021911621,0
24.4064750671387,0
25.4382572174072,0
27.0881214141846,0
28.3085460662842,0
27.7664337158203,0
26.9078407287598,0
28.5415782928467,0
32.9120178222656,0
37.5965309143066,0
41.5144844055176,0
46.5384254455566,0
53.9557991027832,0
61.4980545043945,0
65.9246063232422,0
67.2394790649414,0
68.1348724365234,0
70.0952224731445,0
72.4716415405273,0
75.0182571411133,0
78.5969467163086,0
82.8970184326172,0
85.8861312866211,0
86.4146499633789,0
85.2715148925781,0
82.7167282104492,0
77.2606048583984,0
68.5195083618164,0
59.3969421386719,0
53.3639488220215,0
50.7275428771973,0
49.3878898620605,0
48.164192199707,0
47.351749420166,0
46.8208427429199,0
45.8232841491699,0
44.5197296142578,0
43.7975463867188,0
43.5113830566406,0
42.5216445922852,0
40.6074180603027,0
38.8708457946777,0
37.9821815490723,0
37.2336120605469,0
35.5648040771484,0
32.545295715332,0
28.3473205566406,0
23.7797336578369,0
20.1928024291992,0
18.1198177337646,0
16.1759948730469,0
12.7436361312866,0
8.60745620727539,0
6.10334825515747,0
5.54598379135132,0
4.77465438842773,0
3.02945232391357,0
2.80772471427917,0
6.0434250831604,0
10.3963203430176,0
11.9050960540771,0
10.2929744720459,0
8.91356945037842,0
9.69382762908936,0
10.8001890182495,0
9.77598857879639,0
6.67534923553467,0
3.19265413284302,0
0.566859364509583,0
-0.669830739498138,0
-0.614775478839874,0
-0.849596083164215,0
-3.69678854942322,0
-9.02644062042236,0
-13.0575532913208,0
-12.0860557556152,0
-6.59335422515869,0
-0.0701937600970268,0
5.40897750854492,0
10.5409784317017,0
16.1774215698242,0
21.4700126647949,0
25.0653839111328,0
26.7579727172852,0
27.4305782318115,0
28.1762943267822,0
29.7009887695312,0
31.9315376281738,0
34.1529121398926,0
35.9585800170898,0
37.7023887634277,0
39.516429901123,0
40.6809501647949,0
40.895580291748,0
41.2651672363281,0
42.5925827026367,0
43.3762817382812,0
41.2722778320312,0
36.3035621643066,0
30.8965530395508,0
26.7763404846191,0
23.5450668334961,0
20.4543952941895,0
17.7974300384521,0
16.1023502349854,0
15.5288915634155,0
16.5117092132568,0
19.3354873657227,0
22.4203701019287,0
22.7990779876709,0
19.4746112823486,0
14.9314212799072,0
12.0138339996338,0
10.4885835647583,0
8.25800228118896,0
5.07261800765991,0
3.02473044395447,0
3.34099435806274,0
4.41145992279053,0
3.71284317970276,0
0.703704237937927,0
-2.93933439254761,0
-5.41833686828613,0
-6.45475769042969,0
-7.09292602539062,0
-8.50454044342041,0
-11.0141801834106,0
-13.8206920623779,0
-15.4847288131714,0
-15.0239191055298,0
-12.8242149353027,0
-10.3502817153931,0
-8.80243873596191,0
-8.22188568115234,0
-7.94787740707397,0
-7.44988584518433,0
-6.3811559677124,0
-4.43011093139648,0
-1.85992157459259,0
0.235015377402306,0
1.16484808921814,0
1.92547583580017,0
4.22737693786621,0
8.35965442657471,0
13.1644897460938,0
18.0816478729248,0
23.7221660614014,0
30.0120086669922,0
35.3141593933105,0
38.3311805725098,0
39.7115669250488,0
40.7229690551758,0
41.2994346618652,0
40.5863609313965,0
38.7240028381348,0
36.8387489318848,0
35.5627784729004,0
34.5671081542969,0
33.4293174743652,0
32.201717376709,0
31.1290321350098,0
30.1551055908203,0
28.5270404815674,0
24.8817729949951,0
18.4330768585205,0
10.2883338928223,0
2.76618981361389,0
-2.86516714096069,0
-7.07577753067017,0
-10.4231700897217,0
-12.7095165252686,0
-14.359504699707,0
-16.9389095306396,0
-21.0102710723877,0
-24.7024383544922,0
-25.8374156951904,0
-24.6196155548096,0
-22.9586448669434,0
-21.9615364074707,0
-21.3299942016602,0
-20.397008895874,0
-18.4934959411621,0
-15.1479024887085,0
-11.243724822998,0
-9.06047058105469,0
-9.6950569152832,0
-11.3675899505615,0
-11.9099264144897,0
-11.892391204834,0
-13.1553773880005,0
-15.0461225509644,0
-14.8381519317627,0
-11.9700269699097,0
-9.24625110626221,0
-9.00029850006104,0
-10.209436416626,0
-10.6981916427612,0
-10.6349992752075,0
-12.2037715911865,0
-16.4052696228027,0
-21.5099868774414,0
-24.8097381591797,0
-25.3037948608398,0
-24.326135635376,0
-23.4901256561279,0
-22.4110374450684,0
-19.3260345458984,0
-14.0939283370972,0
-9.26896572113037,0
-7.31557178497314,0
-7.90314912796021,0
-9.10730266571045,0
-10.0459318161011,0
-10.7286539077759,0
-10.5737009048462,0
-9.3925085067749,0
-9.06935024261475,0
-11.5873346328735,0
-15.5418148040771,0
-17.2326831817627,0
-15.3668365478516,0
-12.0954933166504,0
-9.21640872955322,0
-6.41809463500977,0
-4.01796674728394,0
-3.98041176795959,0
-6.36446809768677,0
-7.78182649612427,0
-5.96445655822754,0
-3.49489116668701,0
-4.02335500717163,0
-6.57631826400757,0
-7.03344678878784,0
-4.33383083343506,0
-1.68194794654846,0
-1.49099326133728,0
-2.27758622169495,0
-1.4918155670166,0
0.930668115615845,0
3.01101422309875,0
3.0396203994751,0
0.36262646317482,0
-4.8026065826416,0
-11.1715259552002,0
-16.8550815582275,0
-21.0007171630859,0
-24.4362640380859,0
-27.9888744354248,0
-30.7958011627197,0
-31.2138023376465,0
-29.1405334472656,0
-26.4811019897461,0
-25.0774631500244,0
-24.8283233642578,0
-24.3971385955811,0
-23.4513530731201,0
-23.3497276306152,0
-25.3471355438232,0
-28.9209079742432,0
-32.6251220703125,0
-35.9971809387207,0
-39.4708557128906,0
-42.7004470825195,0
-44.481819152832,0
-44.6446151733398,0
-44.6298828125,0
-45.5301399230957,0
-46.7198638916016,0
-47.1647262573242,0
-46.9453926086426,0
-46.583683013916,0
-45.9729232788086,0
-45.1021385192871,0
-44.8470840454102,0
-45.7232971191406,0
-46.6540069580078,0
-46.3699226379395,0
-45.3341827392578,0
-44.7766380310059,0
-44.4870185852051,0
-43.3857231140137,0
-41.8652191162109,0
-41.421314239502,0
-41.850772857666,0
-41.0211143493652,0
-38.1095352172852,0
-35.0742797851562,0
-33.8257141113281,0
-33.7156982421875,0
-33.3018074035645,0
-33.0535888671875,0
-34.2658424377441,0
-36.1443786621094,0
-36.2633247375488,0
-33.9996910095215,0
-31.63210105896,0
-31.4309768676758,0
-32.9762306213379,0
-34.0600204467773,0
-33.3167953491211,0
-31.2902240753174,0
-29.5714282989502,0
-29.445987701416,0
-30.8040542602539,0
-31.8382873535156,0
-30.3383388519287,0
-25.8762817382812,0
-20.354808807373,0
-15.9220094680786,0
-12.7520570755005,0
-9.4041166305542,0
-4.92045783996582,0
0.189258515834808,0
4.85728216171265,0
8.59365177154541,0
11.6279630661011,0
14.3759117126465,0
16.7747116088867,0
17.8860855102539,0
16.5476875305176,0
13.044753074646,0
9.70891380310059,0
8.7610445022583,0
9.63082981109619,0
9.72333431243896,0
8.13169574737549,0
7.04646968841553,0
8.54958629608154,0
11.4804363250732,0
13.1248483657837,0
12.986367225647,0
12.7324132919312,0
12.8417539596558,0
11.8793020248413,0
9.56134986877441,0
7.97552013397217,0
8.38064193725586,0
8.90391540527344,0
7.37353324890137,0
4.88836288452148,0
4.27322626113892,0
5.9521951675415,0
7.75230312347412,0
8.24619388580322,0
7.75769186019897,0
6.24197626113892,0
3.06773090362549,0
-0.373664677143097,0
-0.557170927524567,0
4.01335430145264,0
10.2680807113647,0
13.8661937713623,0
13.8599328994751,0
12.6294565200806,0
12.2783460617065,0
12.8251895904541,0
13.3887710571289,0
13.3914747238159,0
12.4205455780029,0
10.0924882888794,0
6.52267026901245,0
2.48824954032898,0
-1.05053555965424,0
-3.51410055160522,0
-5.03701305389404,0
-6.37871122360229,0
-8.20455169677734,0
-10.454737663269,0
-12.8226442337036,0
-15.5542945861816,0
-18.8856582641602,0
-21.9210472106934,0
-23.4017601013184,0
-23.6928882598877,0
-24.4810256958008,0
-26.0699443817139,0
-26.6304225921631,0
-24.9798622131348,0
-22.5224018096924,0
-21.2283191680908,0
-21.0437507629395,0
-20.6590557098389,0
-19.6199150085449,0
-18.1348609924316,0
-15.8137102127075,0
-12.2279195785522,0
-7.88546133041382,0
-3.08666014671326,0
3.21080851554871,0
11.5193910598755,0
19.7215480804443,0
25.0824775695801,0
27.7756576538086,0
29.9765014648438,0
31.8439750671387,0
31.2989673614502,0
28.0225887298584,0
24.555154800415,0
22.3666152954102,0
19.770715713501,0
15.4629249572754,0
11.4355812072754,0
9.8530969619751,0
9.04610061645508,0
5.66203451156616,0
-0.298276126384735,0
-5.6821928024292,0
-9.00477409362793,0
-11.9868106842041,0
-15.9771823883057,0
-19.7408599853516,0
-21.8061904907227,0
-22.5391578674316,0
-22.4719181060791,0
-20.713996887207,0
-16.8809795379639,0
-12.8893413543701,0
-10.5875415802002,0
-8.76287364959717,0
-4.98658561706543,0
0.19280993938446,0
3.6221067905426,0
4.16643667221069,0
4.17912292480469,0
5.56128072738647,0
7.08849811553955,0
7.34530973434448,0
7.90813302993774,0
10.87180519104,0
14.5639867782593,0
14.8850126266479,0
10.7806119918823,0
5.52841806411743,0
2.04891276359558,0
-0.409395605325699,0
-3.71580052375793,0
-7.36970233917236,0
-9.5932674407959,0
-10.4426107406616,0
-11.6199178695679,0
-13.8785533905029,0
-16.6727447509766,0
-20.1062984466553,0
-25.0830020904541,0
-31.0286464691162,0
-35.2089347839355,0
-35.4151649475098,0
-32.4634552001953,0
-29.099401473999,0
-26.9143772125244,0
-25.1560688018799,0
-22.3294715881348,0
-18.094388961792,0
-13.2820062637329,0
-8.55386734008789,0
-3.72356748580933,0
1.438312292099,0
6.27689075469971,0
9.79324054718018,0
12.0391073226929,0
14.2790012359619,0
17.5100765228271,0
21.3171768188477,0
24.4535102844238,0
26.1144847869873,0
26.4314384460449,0
26.1763019561768,0
26.1100673675537,0
26.0512275695801,0
24.5988883972168,0
20.7342052459717,0
15.8383741378784,0
12.8110857009888,0
12.6544790267944,0
13.3702926635742,0
13.0902462005615,0
12.6089267730713,0
13.3334312438965,0
14.4185228347778,0
14.2537517547607,0
13.6100902557373,0
14.4098854064941,0
15.7975130081177,0
14.6522817611694,0
10.6012878417969,0
7.60204601287842,0
9.22860622406006,0
14.6718378067017,0
20.8211860656738,0
26.1686134338379,0
30.8781204223633,0
34.8212089538574,0
37.706859588623,0
40.0241584777832,0
41.9562072753906,0
42.3274574279785,0
40.3640098571777,0
37.3980407714844,0
34.8919982910156,0
31.9351654052734,0
27.1201400756836,0
21.9742221832275,0
19.498104095459,0
19.4627285003662,0
18.3861961364746,0
14.8785610198975,0
11.9121141433716,0
12.2451648712158,0
14.2709932327271,0
14.7285394668579,0
13.6240148544312,0
13.5980625152588,0
15.2016487121582,0
15.6831140518188,0
12.8658361434937,0
8.04318332672119,0
3.94606304168701,0
1.08383774757385,0
-2.68353915214539,0
-9.26956748962402,0
-17.8535194396973,0
-25.403787612915,0
-29.5451850891113,0
-30.7949161529541,0
-31.7803916931152,0
-34.2632026672363,0
-37.3894691467285,0
-39.093994140625,0
-38.6226387023926,0
-37.0423698425293,0
-35.5943641662598,0
-34.2267417907715,0
-31.6885070800781,0
-26.6626777648926,0
-19.0629844665527,0
-10.7309904098511,0
-4.61382102966309,0
-2.62196660041809,0
-4.23818111419678,0
-7.35887718200684,0
-10.0208873748779,0
-11.0367908477783,0
-9.96920967102051,0
-7.64307928085327,0
-6.13511610031128,0
-6.88257837295532,0
-8.91575050354004,0
-10.1917066574097,0
-10.5902814865112,0
-12.1800661087036,0
-16.3030090332031,0
-21.7717456817627,0
-26.421178817749,0
-29.2378425598145,0
-30.440673828125,0
-30.6674995422363,0
-30.8081226348877,0
-31.6570949554443,0
-33.0348358154297,0
-34.0520515441895,0
-34.585132598877,0
-35.3103485107422,0
-35.9090118408203,0
-34.9493446350098,0
-32.4920539855957,0
-30.9759712219238,0
-31.8956203460693,0
-33.2011108398438,0
-32.1722373962402,0
-29.6766357421875,0
-28.8769855499268,0
-30.1729755401611,0
-30.3300075531006,0
-27.0692272186279,0
-21.9441318511963,0
-17.6887874603271,0
-14.9850406646729,0
-13.3412809371948,0
-13.3057270050049,0
-15.7049245834351,0
-19.521993637085,0
-22.428918838501,0
-23.3140506744385,0
-23.0531005859375,0
-22.9586505889893,0
-23.5879344940186,0
-25.0021858215332,0
-27.1435985565186,0
-29.7608089447021,0
-32.6104545593262,0
-35.7680816650391,0
-39.2712173461914,0
-42.733528137207,0
-45.9530181884766,0
-49.4574813842773,0
-53.3988800048828,0
-56.1570205688477,0
-55.4312515258789,0
-51.039249420166,0
-45.4782676696777,0
-41.2872047424316,0
-39.0085372924805,0
-38.2593994140625,0
-39.2518920898438,0
-41.8870964050293,0
-44.5196151733398,0
-45.5866737365723,0
-46.0477066040039,0
-48.1423835754395,0
-51.535270690918,0
-52.7887573242188,0
-49.5836715698242,0
-43.6615180969238,0
-38.1061973571777,0
-33.2086410522461,0
-27.2709712982178,0
-20.8369674682617,0
-17.2770404815674,0
-18.215311050415,0
-20.4940700531006,0
-19.5712776184082,0
-14.9456043243408,0
-10.1893787384033,0
-7.86277484893799,0
-6.6646089553833,0
-4.44332599639893,0
-1.96570062637329,0
-1.64314711093903,0
-3.52275419235229,0
-5.13128089904785,0
-5.49216318130493,0
-6.70919275283813,0
-10.2314395904541,0
-13.7057151794434,0
-13.9019680023193,0
-11.6332492828369,0
-11.0488271713257,0
-14.1723794937134,0
-18.7578926086426,0
-22.1410064697266,0
-24.7303066253662,0
-28.2768936157227,0
-32.5340232849121,0
-35.3925857543945,0
-35.226203918457,0
-31.6901149749756,0
-25.3820705413818,0
-18.30832862854,0
-13.4973678588867,0
-12.0666065216064,0
-11.3613586425781,0
-8.11567497253418,0
-2.99327063560486,0
0.245911866426468,0
-0.223906084895134,0
-2.72463417053223,0
-5.69857692718506,0
-9.92570686340332,0
-15.9721841812134,0
-22.0859432220459,0
-26.5645866394043,0
-30.3055610656738,0
-34.8502006530762,0
-39.2241592407227,0
-40.9444847106934,0
-39.3910713195801,0
-36.1179656982422,0
-32.2790298461914,0
-27.7501258850098,0
-22.7718544006348,0
-18.6859760284424,0
-16.5999870300293,0
-16.3483390808105,0
-16.9285354614258,0
-17.2059459686279,0
-16.3854598999023,0
-14.6575231552124,0
-13.1852731704712,0
-12.7171173095703,0
-12.6281671524048,0
-12.1200513839722,0
-11.6939067840576,0
-12.2640037536621,0
-13.3089084625244,0
-13.2410535812378,0
-11.4356937408447,0
-8.72546005249023,0
-6.00707530975342,0
-3.4841525554657,0
-1.32355785369873,0
-0.10645692050457,0
-0.398442178964615,0
-2.2459568977356,0
-4.90498638153076,0
-6.91555643081665,0
-7.23150634765625,0
-6.65410566329956,0
-7.03102445602417,0
-8.41831302642822,0
-8.47478008270264,0
-5.69478130340576,0
-1.62872636318207,0
1.58573341369629,0
4.15874099731445,0
6.98673725128174,0
8.68653392791748,0
7.3032751083374,0
4.24184513092041,0
3.31829929351807,0
5.83282852172852,0
9.44926738739014,0
12.2528886795044,0
14.9262342453003,0
18.0290679931641,0
20.0230598449707,0
19.6425285339355,0
18.0387191772461,0
16.7727317810059,0
15.3602085113525,0
12.6189861297607,0
9.1438455581665,0
6.61715316772461,0
5.55419445037842,0
5.33200120925903,0
5.62170743942261,0
6.08898162841797,0
5.23865938186646,0
1.36312508583069,0
-5.3274097442627,0
-12.7594709396362,0
-19.0400314331055,0
-23.2769870758057,0
-24.7321243286133,0
-22.9559555053711,0
-19.2374210357666,0
-16.4029445648193,0
-16.1218357086182,0
-17.2172164916992,0
-17.5856437683105,0
-17.1135139465332,0
-17.4479598999023,0
-19.1201152801514,0
-20.4695148468018,0
-20.1590995788574,0
-19.5781078338623,0
-21.2580375671387,0
-25.236141204834,0
-28.7076396942139,0
-29.8000297546387,0
-30.0948295593262,0
-32.1179656982422,0
-35.5006561279297,0
-37.5482521057129,0
-37.233097076416,0
-36.5327224731445,0
-37.368221282959,0
-38.9932022094727,0
-39.3425407409668,0
-37.6710815429688,0
-34.8739891052246,0
-32.2780342102051,0
-31.1389427185059,0
-32.3037414550781,0
-35.1035003662109,0
-37.3315467834473,0
-37.6328048706055,0
-37.3629913330078,0
-38.7544937133789,0
-41.6910667419434,0
-43.7959022521973,0
-43.5902061462402,0
-42.0840339660645,0
-41.0420532226562,0
-41.0009269714355,0
-41.4607429504395,0
-41.9847984313965,0
-42.4857559204102,0
-42.9981117248535,0
-43.4989776611328,0
-43.5454177856445,0
-42.2123870849609,0
-39.1511650085449,0
-35.5406227111816,0
-32.8438987731934,0
-30.5040416717529,0
-26.2135753631592,0
-19.080394744873,0
-11.3782091140747,0
-6.20647192001343,0
-4.14895963668823,0
-3.20983934402466,0
-1.59667479991913,0
0.365076273679733,0
0.893927037715912,0
-1.44965064525604,0
-6.58285808563232,0
-12.8732509613037,0
-18.1565170288086,0
-21.2245502471924,0
-22.6696739196777,0
-24.3741645812988,0
-28.0771293640137,0
-34.0148735046387,0
-40.5647354125977,0
-45.4956588745117,0
-48.0838966369629,0
-49.6990432739258,0
-51.665828704834,0
-53.1003875732422,0
-52.1499938964844,0
-49.1444320678711,0
-46.7394676208496,0
-46.4448623657227,0
-46.7424468994141,0
-45.6652069091797,0
-43.6547164916992,0
-42.2787208557129,0
-41.2606239318848,0
-38.758472442627,0
-34.1964302062988,0
-29.0256214141846,0
-24.6584358215332,0
-21.176778793335,0
-18.2832412719727,0
-16.1254253387451,0
-14.6582689285278,0
-13.1428289413452,0
-10.7411365509033,0
-7.0757155418396,0
-2.27609205245972,0
2.74740290641785,0
6.38364267349243,0
7.96312761306763,0
9.28221416473389,0
12.9558343887329,0
18.9072322845459,0
24.0323467254639,0
25.9269905090332,0
25.3169994354248,0
23.92506980896,0
21.8154945373535,0
18.5455284118652,0
15.4105186462402,0
14.1398906707764,0
14.0021457672119,0
12.5818948745728,0
9.33101081848145,0
6.09829330444336,0
3.97394180297852,0
1.99307131767273,0
-0.380303293466568,0
-1.87730312347412,0
-1.74761819839478,0
-1.29955792427063,0
-1.52060687541962,0
-1.17265570163727,0
0.650285005569458,0
1.84317708015442,0
-0.10689938813448,0
-3.94918966293335,0
-6.03461742401123,0
-5.2764048576355,0
-3.72118139266968,0
-2.45793676376343,0
-0.527336180210114,0
1.46256375312805,0
0.37034609913826,0
-4.93913412094116,0
-11.0512018203735,0
-14.3317403793335,0
-15.3427333831787,0
-16.2438106536865,0
-15.950855255127,0
-11.4300565719604,0
-2.88921046257019,0
5.76339340209961,0
11.6552839279175,0
15.2986459732056,0
17.9570350646973,0
19.3862533569336,0
19.0556621551514,0
17.5334949493408,0
15.6629009246826,0
13.8018455505371,0
12.4564418792725,0
12.1995477676392,0
12.4517040252686,0
11.8468027114868,0
10.3740367889404,0
9.65033721923828,0
10.3356199264526,0
10.6226367950439,0
8.13203716278076,0
2.32812404632568,0
-5.43629550933838,0
-13.1672439575195,0
-19.1105709075928,0
-22.6895408630371,0
-25.240348815918,0
-28.8327827453613,0
-33.9080619812012,0
-38.9794464111328,0
-42.7096748352051,0
-45.0087776184082,0
-46.0867614746094,0
-46.0760269165039,0
-45.8213348388672,0
-46.3381118774414,0
-47.2232322692871,0
-47.3636932373047,0
-47.2724571228027,0
-48.4697456359863,0
-50.3962020874023,0
-50.7727737426758,0
-49.6075592041016,0
-49.5220222473145,0
-50.7737236022949,0
-49.5045967102051,0
-43.2382011413574,0
-34.9061737060547,0
-28.4627666473389,0
-23.3235206604004,0
-16.6966323852539,0
-9.14921855926514,0
-3.78734016418457,0
-1.29367458820343,0
0.194450378417969,0
1.07127964496613,0
0.0289489328861237,0
-2.57479739189148,0
-4.97867679595947,0
-7.69647550582886,0
-13.1825513839722,0
-21.3120403289795,0
-28.7337551116943,0
-33.6401329040527,0
-37.902515411377,0
-43.2042388916016,0
-48.0912551879883,0
-50.604850769043,0
-51.3590278625488,0
-52.0059280395508,0
-52.4289169311523,0
-51.361198425293,0
-48.5938682556152,0
-45.0083961486816,0
-41.2841491699219,0
-37.7461357116699,0
-34.7299194335938,0
-32.2079734802246,0
-29.7581806182861,0
-27.4724159240723,0
-26.0740852355957,0
-25.7640075683594,0
-25.9536094665527,0
-26.3912239074707,0
-27.2477207183838,0
-27.7430877685547,0
-26.2977485656738,0
-22.7990016937256,0
-19.1679267883301,0
-16.6484203338623,0
-13.9790964126587,0
-9.55290794372559,0
-4.05041170120239,0
0.861032545566559,0
5.62275743484497,0
12.449746131897,0
21.7564888000488,0
30.6968727111816,0
36.2023506164551,0
38.5703926086426,0
40.9693260192871,0
45.58935546875,0
51.2821426391602,0
55.4357604980469,0
57.385612487793,0
58.792724609375,0
60.7040557861328,0
61.725830078125,0
60.0196723937988,0
56.018424987793,0
51.7307281494141,0
47.8543128967285,0
43.0701446533203,0
36.1091346740723,0
27.1775817871094,0
17.3134651184082,0
7.68359279632568,0
-0.320833921432495,0
-5.71456956863403,0
-9.11117172241211,0
-12.0707359313965,0
-14.7651662826538,0
-15.5165672302246,0
-13.3450994491577,0
-9.85251903533936,0
-7.64203262329102,0
-7.62558603286743,0
-8.74829578399658,0
-9.81077098846436,0
-10.7607192993164,0
-12.4538106918335,0
-15.6131114959717,0
-19.8301296234131,0
-23.5678329467773,0
-25.6545295715332,0
-26.6196327209473,0
-27.6959819793701,0
-28.7463245391846,0
-28.6075439453125,0
-27.619649887085,0
-28.063440322876,0
-31.3275279998779,0
-36.1509780883789,0
-40.6206245422363,0
-44.4618301391602,0
-48.1874389648438,0
-51.377197265625,0
-53.296802520752,0
-54.1453285217285,0
-54.2074928283691,0
-52.8010673522949,0
-49.6442108154297,0
-46.1805419921875,0
-43.5945663452148,0
-40.3841972351074,0
-34.1878967285156,0
-25.5369338989258,0
-17.3057422637939,0
-10.4730405807495,0
-3.06972026824951,0
6.04289627075195,0
14.7994918823242,0
20.4922962188721,0
22.7331943511963,0
22.5865707397461,0
20.5874309539795,0
17.2820739746094,0
14.2951183319092,0
12.9395217895508,0
12.6167497634888,0
12.2607851028442,0
12.49986743927,0
14.4769887924194,0
17.1808567047119,0
18.2291889190674,0
17.2790699005127,0
16.4117012023926,0
16.6712074279785,0
16.4477787017822,0
14.3910064697266,0
11.9763174057007,0
11.4550533294678,0
12.5612745285034,0
13.1978311538696,0
12.6414623260498,0
12.0354108810425,0
11.9532747268677,0
11.5579700469971,0
10.5236558914185,0
9.90373420715332,0
10.2792139053345,0
10.6293630599976,0
10.1711988449097,0
10.02623462677,0
11.6033143997192,0
14.1613836288452,0
15.5420341491699,0
14.8962507247925,0
13.1265678405762,0
10.7575912475586,0
7.0697774887085,0
1.86412584781647,0
-3.26128363609314,0
-6.33734035491943,0
-7.09061527252197,0
-6.95989608764648,0
-7.58628082275391,0
-9.76492118835449,0
-13.2061624526978,0
-16.5505867004395,0
-18.0604152679443,0
-17.2472743988037,0
-15.8274345397949,0
-16.3056774139404,0
-19.3411102294922,0
-22.9797019958496,0
-24.7848281860352,0
-24.363468170166,0
-23.3592967987061,0
-23.1804733276367,0
-23.4736080169678,0
-23.1572780609131,0
-22.2662105560303,0
-21.8427677154541,0
-22.2194595336914,0
-22.6036472320557,0
-22.6201324462891,0
-22.8694038391113,0
-23.043420791626,0
-20.8569507598877,0
-14.6306924819946,0
-6.27051067352295,0
0.390892624855042,0
4.21253681182861,0
7.65544128417969,0
12.6488924026489,0
17.719030380249,0
20.4772834777832,0
21.2412452697754,0
22.4030609130859,0
25.1413612365723,0
28.4628582000732,0
31.0498065948486,0
32.5528564453125,0
33.1692123413086,0
33.1337203979492,0
32.6841468811035,0
31.7692394256592,0
29.9582862854004,0
27.295581817627,0
24.8634929656982,0
23.6963787078857,0
23.4062213897705,0
22.5581073760986,0
20.1006374359131,0
15.9421300888062,0
10.7200546264648,0
5.59887075424194,0
1.59162151813507,0
-1.46872293949127,0
-4.28345537185669,0
-5.87896156311035,0
-3.79932951927185,0
2.08015632629395,0
7.7838716506958,0
9.70230102539062,0
9.58057403564453,0
12.1054630279541,0
18.0831737518311,0
23.2721633911133,0
24.2811069488525,0
22.4851303100586,0
21.1505680084229,0
21.5407466888428,0
23.3047027587891,0
26.1945819854736,0
29.486686706543,0
31.5417957305908,0
31.7331504821777,0
31.3192672729492,0
30.9749946594238,0
29.263334274292,0
25.2084980010986,0
20.3778820037842,0
16.2446899414062,0
11.4391450881958,0
4.40026092529297,0
-2.90169429779053,0
-7.35235786437988,0
-9.84617137908936,0
-14.1689329147339,0
-20.7328948974609,0
-25.3605651855469,0
-25.3093662261963,0
-22.9261455535889,0
-21.535026550293,0
-20.7544593811035,0
-18.3173122406006,0
-14.2305526733398,0
-10.3411836624146,0
-7.15136957168579,0
-3.66658520698547,0
0.400178134441376,0
4.56905746459961,0
9.17717170715332,0
14.9140977859497,0
21.1454238891602,0
26.6072654724121,0
31.3394241333008,0
35.882625579834,0
38.9654769897461,0
38.5615463256836,0
35.5451774597168,0
33.6859016418457,0
34.9009246826172,0
36.664306640625,0
35.6651763916016,0
32.254467010498,0
29.206729888916,0
27.240119934082,0
24.3273773193359,0
19.4780120849609,0
14.9350509643555,0
13.5968723297119,0
15.5819673538208,0
18.4866924285889,0
20.272180557251,0
20.7710609436035,0
20.8154392242432,0
21.158670425415,0
22.2755374908447,0
24.044017791748,0
25.258602142334,0
24.4540176391602,0
21.7238025665283,0
18.8135070800781,0
16.8641395568848,0
15.1730012893677,0
13.0336275100708,0
11.4509115219116,0
11.4790887832642,0
11.987603187561,0
11.2222661972046,0
9.89721584320068,0
10.1570959091187,0
11.6517467498779,0
11.6797904968262,0
9.88485240936279,0
9.61116313934326,0
12.9011182785034,0
16.9421977996826,0
17.9014759063721,0
16.0641632080078,0
14.3031892776489,0
13.219931602478,0
11.3001089096069,0
9.02818012237549,0
9.02293872833252,0
11.6850643157959,0
14.076771736145,0
14.3927364349365,0
14.9047937393188,0
18.6943454742432,0
25.2800331115723,0
31.4701900482178,0
35.5977783203125,0
39.0248489379883,0
43.5608215332031,0
48.827938079834,0
52.7823028564453,0
54.3134956359863,0
54.6140022277832,0
55.6314086914062,0
57.4842185974121,0
58.2285766601562,0
56.3610076904297,0
52.5685005187988,0
48.4319152832031,0
44.5109405517578,0
40.8191032409668,0
38.2619018554688,0
38.0491600036621,0
40.0671653747559,0
43.238826751709,0
47.2164039611816,0
52.3078384399414,0
57.9431114196777,0
62.779857635498,0
66.4216003417969,0
69.5651931762695,0
72.1774368286133,0
72.9178771972656,0
70.9106674194336,0
67.0360565185547,0
62.9257011413574,0
59.4519157409668,0
56.5952186584473,0
54.1190795898438,0
51.9819526672363,0
50.4093818664551,0
49.537769317627,0
48.7215270996094,0
46.7836112976074,0
43.6786689758301,0
41.1510581970215,0
40.508861541748,0
40.3804397583008,0
38.3208465576172,0
34.2681007385254,0
30.4121723175049,0
27.581470489502,0
23.9857273101807,0
18.203218460083,0
11.2374668121338,0
4.42158317565918,0
-2.63024401664734,0
-10.1120300292969,0
-15.7844867706299,0
-17.2504901885986,0
-15.7178335189819,0
-14.7964792251587,0
-15.5842094421387,0
-15.6809682846069,0
-13.7233896255493,0
-11.9776697158813,0
-12.5349617004395,0
-13.2811183929443,0
-10.6466979980469,0
-5.27955675125122,0
-1.65419089794159,0
-1.91470694541931,0
-3.29203820228577,0
-2.72444987297058,0
-1.13000226020813,0
-1.03784191608429,0
-2.25996780395508,0
-2.71775436401367,0
-2.20990681648254,0
-2.21450042724609,0
-2.34613943099976,0
-0.213103696703911,0
4.52823877334595,0
8.62393188476562,0
8.98861980438232,0
6.13552379608154,0
2.67045736312866,0
0.145882248878479,0
-1.13657200336456,0
-0.835112810134888,0
0.886565983295441,0
2.44183254241943,0
2.51358246803284,0
2.29801511764526,0
4.12087154388428,0
7.86514568328857,0
10.819146156311,0
11.6295022964478,0
12.4720096588135,0
16.0406589508057,0
21.848560333252,0
27.2669429779053,0
31.3318061828613,0
35.3505401611328,0
39.8578033447266,0
43.355152130127,0
44.9537124633789,0
46.1643180847168,0
48.3560981750488,0
49.970027923584,0
48.5048828125,0
44.3898010253906,0
40.3132934570312,0
36.9607925415039,0
32.2773399353027,0
25.5109062194824,0
19.0476016998291,0
14.7092533111572,0
10.7897520065308,0
5.08483600616455,0
-1.00928711891174,0
-4.21501684188843,0
-4.15274238586426,0
-3.5427827835083,0
-3.95960712432861,0
-4.15194749832153,0
-2.91412854194641,0
-1.08835732936859,0
0.296320497989655,0
1.99579787254333,0
5.42551612854004,0
10.7381973266602,0
16.9929580688477,0
23.3310565948486,0
29.2061672210693,0
34.223014831543,0
38.3736305236816,0
41.7430534362793,0
43.6414947509766,0
43.0938491821289,0
40.8147888183594,0
39.5257797241211,0
41.1297645568848,0
44.231273651123,0
45.6677780151367,0
44.1357383728027,0
41.0223159790039,0
37.695240020752,0
33.4897651672363,0
27.2500114440918,0
19.9018306732178,0
14.0531091690063,0
11.0034513473511,0
9.36901092529297,0
7.24569606781006,0
4.75736904144287,0
3.46317744255066,0
3.92746186256409,0
5.28011322021484,0
7.02093458175659,0
9.75714111328125,0
13.8342247009277,0
18.5837707519531,0
23.45481300354,0
28.5891380310059,0
33.5442390441895,0
36.7439193725586,0
37.2671318054199,0
36.1618957519531,0
34.893684387207,0
33.4785804748535,0
31.3972187042236,0
29.3854236602783,0
28.6697692871094,0
28.8922119140625,0
28.3396778106689,0
26.0798625946045,0
22.6581401824951,0
18.9927291870117,0
15.8677635192871,0
14.1968126296997,0
14.3042268753052,0
14.9872894287109,0
14.6366243362427,0
13.2630004882812,0
12.1004257202148,0
11.3176784515381,0
9.72583389282227,0
6.92807960510254,0
4.08235168457031,0
1.98544657230377,0
-0.110353022813797,0
-3.06298446655273,0
-6.55645656585693,0
-10.0460319519043,0
-13.7444257736206,0
-17.7230052947998,0
-21.1022491455078,0
-23.1250171661377,0
-24.08131980896,0
-24.2264919281006,0
-22.8961887359619,0
-19.9491920471191,0
-16.9997825622559,0
-15.4631786346436,0
-14.0027875900269,0
-9.89916515350342,0
-2.94401168823242,0
3.86319494247437,0
7.92724990844727,0
9.81472396850586,0
11.6974973678589,0
14.2695503234863,0
16.1559658050537,0
15.7424039840698,0
12.917181968689,0
9.38978004455566,0
7.53055047988892,0
8.28507232666016,0
10.0132150650024,0
10.0322828292847,0
7.39196348190308,0
3.33424258232117,0
-0.858481526374817,0
-5.07975769042969,0
-9.20346260070801,0
-12.3483114242554,0
-14.2564516067505,0
-16.0106067657471,0
-18.2447624206543,0
-19.9441261291504,0
-20.4414501190186,0
-21.4025535583496,0
-24.9169864654541,0
-30.2313232421875,0
-34.267578125,0
-35.1275100708008,0
-33.3172874450684,0
-29.6913642883301,0
-24.2727584838867,0
-17.5918426513672,0
-11.3393115997314,0
-6.64714288711548,0
-2.87225699424744,0
0.995571732521057,0
4.60547494888306,0
6.80562400817871,0
7.28326034545898,0
6.81834363937378,0
6.29785490036011,0
6.14146709442139,0
6.4174861907959,0
6.93854999542236,0
7.35350608825684,0
7.52932357788086,0
7.75464916229248,0
8.32257175445557,0
9.04306888580322,0
9.39294052124023,0
9.05352020263672,0
8.09323310852051,0
6.64902257919312,0
4.6650595664978,0
2.14718413352966,0
-0.413698345422745,0
-2.28793478012085,0
-3.41983032226562,0
-4.68317127227783,0
-6.72248649597168,0
-8.88080596923828,0
-9.96717643737793,0
-9.79441738128662,0
-9.09760475158691,0
-8.24077320098877,0
-7.17342615127563,0
-6.46659231185913,0
-6.86518383026123,0
-7.64614963531494,0
-6.98632621765137,0
-4.28547716140747,0
-0.490209192037582,0
4.16777086257935,0
10.563868522644,0
17.9749374389648,0
23.3738613128662,0
25.0116806030273,0
24.6663856506348,0
24.54714012146,0
24.0638027191162,0
21.9788703918457,0
19.7372493743896,0
19.4932460784912,0
20.0769081115723,0
18.4451503753662,0
14.8448638916016,0
13.1730051040649,0
15.7295866012573,0
20.4402370452881,0
24.0811233520508,0
25.8437061309814,0
26.7075462341309,0
27.3685436248779,0
28.0781383514404,0
29.0697116851807,0
29.9298820495605,0
29.4706230163574,0
27.1035404205322,0
23.752815246582,0
21.0188770294189,0
20.0055274963379,0
20.8957386016846,0
22.7406387329102,0
23.6766338348389,0
22.3376445770264,0
19.0919189453125,0
15.1474857330322,0
10.9139490127563,0
6.39769411087036,0
2.63854432106018,0
1.1052428483963,0
1.8135632276535,0
3.49335718154907,0
5.29095077514648,0
6.70456886291504,0
6.44738340377808,0
3.70495414733887,0
0.320683687925339,0
-0.976587057113647,0
-0.779994130134583,0
-2.38774538040161,0
-6.0475378036499,0
-7.13127088546753,0
-2.14775276184082,0
6.215500831604,0
12.867992401123,0
16.9178791046143,0
21.017370223999,0
25.536828994751,0
27.6366577148438,0
26.3976726531982,0
25.0389842987061,0
26.521125793457,0
29.7578773498535,0
32.1111297607422,0
33.5033187866211,0
35.725944519043,0
38.9612503051758,0
41.4107780456543,0
41.955982208252,0
41.198673248291,0
40.0564231872559,0
39.2673034667969,0
40.336238861084,0
44.7263793945312,0
51.1253776550293,0
55.3321723937988,0
54.5207977294922,0
50.6116905212402,0
47.7113037109375,0
46.8829803466797,0
45.5443878173828,0
42.028865814209,0
38.2965545654297,0
36.910587310791,0
37.326229095459,0
37.3971366882324,0
37.4951782226562,0
40.261116027832,0
45.8950729370117,0
50.3235359191895,0
49.6150054931641,0
44.5410003662109,0
38.9001617431641,0
34.5335807800293,0
30.3870449066162,0
26.083610534668,0
23.5847473144531,0
24.2256546020508,0
26.1205825805664,0
26.3127975463867,0
24.5999736785889,0
23.550256729126,0
24.9731826782227,0
27.7963981628418,0
29.6267280578613,0
29.3160991668701,0
27.5170211791992,0
25.4327793121338,0
23.616907119751,0
21.6657409667969,0
18.5833187103271,0
13.6122484207153,0
7.25729322433472,0
1.61950182914734,0
-0.803901195526123,0
0.758375465869904,0
4.44402837753296,0
7.46253299713135,0
8.83600330352783,0
9.97994613647461,0
12.4703388214111,0
16.0503616333008,0
19.3431644439697,0
21.567403793335,0
22.412992477417,0
20.9510917663574,0
16.4693603515625,0
10.5470638275146,0
6.61129093170166,0
6.57609272003174,0
8.94047546386719,0
10.9319639205933,0
11.5801448822021,0
11.8501672744751,0
12.603120803833,0
13.5108118057251,0
13.6132249832153,0
12.1332359313965,0
8.97651290893555,0
4.95041942596436,0
1.17207276821136,0
-2.03688669204712,0
-5.09207010269165,0
-7.79667472839355,0
-9.1249942779541,0
-8.95556735992432,0
-8.83519172668457,0
-10.0266275405884,0
-11.9271926879883,0
-13.6901359558105,0
-16.1887245178223,0
-20.4085464477539,0
-24.6049633026123,0
-25.403039932251,0
-21.8116016387939,0
-16.069185256958,0
-10.13609790802,0
-3.40291404724121,0
5.31380176544189,0
15.381986618042,0
25.2044296264648,0
34.0141944885254,0
41.4353942871094,0
46.3818435668945,0
48.0197257995605,0
47.3678894042969,0
46.6401519775391,0
47.1073989868164,0
48.3147315979004,0
48.976863861084,0
47.9615478515625,0
44.9672088623047,0
40.9948043823242,0
37.6157150268555,0
35.1833763122559,0
32.5923614501953,0
29.4226551055908,0
27.008487701416,0
26.2385673522949,0
25.7976341247559,0
24.4615211486816,0
23.8057060241699,0
25.9848957061768,0
29.5485763549805,0
30.684045791626,0
28.8368816375732,0
27.733419418335,0
29.6325511932373,0
31.8117141723633,0
31.0504131317139,0
28.9758949279785,0
29.7125682830811,0
33.6451187133789,0
37.0233268737793,0
37.4914093017578,0
36.646312713623,0
36.3461647033691,0
35.4346961975098,0
31.9506187438965,0
26.7082920074463,0
22.4557399749756,0
20.1409740447998,0
17.9284896850586,0
14.0826644897461,0
9.5322265625,0
6.99337244033813,0
8.06268501281738,0
11.5827150344849,0
14.7584352493286,0
15.7302942276001,0
15.0096292495728,0
14.383978843689,0
14.71484375,0
15.3383827209473,0
15.5554666519165,0
15.7948093414307,0
16.7258949279785,0
17.893180847168,0
18.1932601928711,0
17.5490550994873,0
17.2195606231689,0
18.2976551055908,0
20.5572128295898,0
22.9176044464111,0
24.3701457977295,0
24.2896060943604,0
22.712100982666,0
20.7866840362549,0
20.0793571472168,0
20.6367111206055,0
20.5454845428467,0
18.5662307739258,0
16.529239654541,0
17.4178981781006,0
21.1968288421631,0
24.5133724212646,0
25.0907440185547,0
24.4417629241943,0
25.0714817047119,0
26.9745845794678,0
28.9575271606445,0
31.8724803924561,0
37.5069160461426,0
44.5461196899414,0
48.7095222473145,0
47.7451438903809,0
43.8755950927734,0
40.165412902832,0
36.7810440063477,0
32.634349822998,0
28.7967052459717,0
27.6749877929688,0
29.4831161499023,0
31.8589706420898,0
33.0135307312012,0
33.4341201782227,0
34.1909255981445,0
35.1570472717285,0
35.6093826293945,0
35.5294151306152,0
35.4421691894531,0
35.3835563659668,0
34.6809425354004,0
32.8037071228027,0
30.2007007598877,0
28.0926990509033,0
27.3228282928467,0
27.6553382873535,0
28.5266456604004,0
29.9925289154053,0
32.0348205566406,0
33.3768196105957,0
32.6425819396973,0
30.9270038604736,0
31.2958679199219,0
34.7024688720703,0
38.086986541748,0
38.0839958190918,0
35.3226432800293,0
33.2551765441895,0
33.760856628418,0
36.0160713195801,0
39.0031089782715,0
42.5423011779785,0
45.6503105163574,0
46.3723526000977,0
44.3606224060059,0
41.9126472473145,0
41.1192779541016,0
41.0880279541016,0
39.3231582641602,0
35.1646194458008,0
30.4996318817139,0
27.2928047180176,0
25.7087650299072,0
24.9734802246094,0
25.0055160522461,0
26.2617492675781,0
28.317361831665,0
29.6520805358887,0
29.262149810791,0
27.8689575195312,0
26.8970031738281,0
26.5768299102783,0
25.7357368469238,0
23.2520847320557,0
18.9552555084229,0
13.301290512085,0
7.2649998664856,0
2.65986680984497,0
1.22943246364594,0
2.66945624351501,0
4.43905591964722,0
4.28014373779297,0
2.19724202156067,0
-0.613409221172333,0
-3.65287590026855,0
-6.86975526809692,0
-9.61287212371826,0
-11.426251411438,0
-13.209171295166,0
-15.7651281356812,0
-17.5740909576416,0
-16.1969108581543,0
-12.1553192138672,0
-9.15792846679688,0
-9.53934860229492,0
-11.5335474014282,0
-12.4716930389404,0
-12.6538734436035,0
-13.7668218612671,0
-14.895884513855,0
-13.1523380279541,0
-8.11678314208984,0
-2.91657948493958,0
-0.362963497638702,0
-0.333927482366562,0
-1.64571130275726,0
-4.04776811599731,0
-7.06247520446777,0
-9.09034442901611,0
-9.52981472015381,0
-10.0580778121948,0
-11.8197898864746,0
-12.8909387588501,0
-10.8388586044312,0
-6.54300403594971,0
-2.88289356231689,0
-0.581085681915283,0
1.74061250686646,0
3.95113754272461,0
4.21810150146484,0
2.64261794090271,0
1.72767579555511,0
2.26289129257202,0
1.84680688381195,0
-0.993032395839691,0
-4.03368854522705,0
-4.71421813964844,0
-3.88498067855835,0
-3.89258813858032,0
-4.8763222694397,0
-5.5275673866272,0
-6.00194978713989,0
-7.27873086929321,0
-8.58957481384277,0
-8.29327011108398,0
-6.85102987289429,0
-6.27599430084229,0
-6.75485372543335,0
-6.38819026947021,0
-4.51960515975952,0
-2.91481590270996,0
-3.06914687156677,0
-4.45569801330566,0
-6.10681390762329,0
-7.92425155639648,0
-9.59140682220459,0
-10.1411743164062,0
-9.7373743057251,0
-10.1487436294556,0
-12.1368350982666,0
-13.9780025482178,0
-14.1905937194824,0
-14.3232984542847,0
-16.9908618927002,0
-22.0361461639404,0
-26.932222366333,0
-30.7103672027588,0
-35.0473670959473,0
-40.8373031616211,0
-45.7603378295898,0
-46.6316337585449,0
-42.9823913574219,0
-36.9836692810059,0
-30.6576557159424,0
-24.6449394226074,0
-19.2949714660645,0
-15.259467124939,0
-12.6528654098511,0
-10.9447231292725,0
-10.2862663269043,0
-11.7515106201172,0
-15.2896957397461,0
-18.4454689025879,0
-18.594295501709,0
-16.011510848999,0
-13.1346168518066,0
-10.9075260162354,0
-7.84208250045776,0
-3.357088804245,0
0.0404572002589703,0
-0.269888341426849,0
-3.035160779953,0
-4.26053142547607,0
-2.03775072097778,0
1.62561821937561,0
3.77516269683838,0
3.42584729194641,0
1.22915863990784,0
-1.8072395324707,0
-4.43005514144897,0
-5.61806011199951,0
-6.00181007385254,0
-7.45196199417114,0
-10.2885189056396,0
-12.4020471572876,0
-12.3225364685059,0
-11.4769582748413,0
-11.7253103256226,0
-12.3083581924438,0
-11.556360244751,0
-10.3399543762207,0
-10.9357252120972,0
-13.0156335830688,0
-13.7799510955811,0
-12.1691083908081,0
-10.0254640579224,0
-8.54837894439697,0
-6.53747606277466,0
-3.31367206573486,0
-0.691549062728882,0
-0.266460537910461,0
-0.756847441196442,0
0.0851793959736824,0
2.4301221370697,0
4.93363666534424,0
6.9790825843811,0
8.63702297210693,0
9.49120426177979,0
9.12662315368652,0
7.89659214019775,0
5.94847631454468,0
2.71856045722961,0
-1.26593935489655,0
-3.72795152664185,0
-3.73960971832275,0
-3.91998386383057,0
-6.99961376190186,0
-11.4358959197998,0
-13.5761365890503,0
-13.5432243347168,0
-15.3136863708496,0
-20.5188541412354,0
-25.837703704834,0
-28.0988445281982,0
-28.7700347900391,0
-30.8702182769775,0
-33.8074035644531,0
-34.5606651306152,0
-32.9082908630371,0
-32.1075820922852,0
-34.1465339660645,0
-37.0854873657227,0
-38.1036376953125,0
-37.129638671875,0
-36.0841522216797,0
-35.972038269043,0
-36.376823425293,0
-37.1014022827148,0
-38.6341209411621,0
-40.9761772155762,0
-43.2460441589355,0
-44.7280693054199,0
-45.3908805847168,0
-44.9862594604492,0
-42.4825439453125,0
-37.2054557800293,0
-30.2828826904297,0
-24.1707763671875,0
-20.3903064727783,0
-17.9139862060547,0
-14.0725421905518,0
-7.1947865486145,0
1.67623364925385,0
9.77637672424316,0
15.2567977905273,0
18.5821399688721,0
21.2607936859131,0
23.6155624389648,0
24.2678489685059,0
21.7230854034424,0
16.0452194213867,0
8.91647720336914,0
2.3482780456543,0
-2.6257803440094,0
-6.31900548934937,0
-9.71311283111572,0
-13.410623550415,0
-17.2125072479248,0
-20.562427520752,0
-23.0077419281006,0
-24.1003971099854,0
-23.4166049957275,0
-21.2320823669434,0
-18.8363819122314,0
-17.5033283233643,0
-17.2812805175781,0
-17.3490943908691,0
-17.2601165771484,0
-17.0373706817627,0
-16.3395462036133,0
-14.7034902572632,0
-12.63805103302,0
-11.1783771514893,0
-10.0536165237427,0
-7.73022985458374,0
-3.9571704864502,0
-0.789180040359497,0
0.0986057221889496,0
-0.153983741998672,0
0.654950737953186,0
2.67241096496582,0
4.49380588531494,0
6.01935720443726,0
8.56680870056152,0
12.3289003372192,0
16.006742477417,0
19.2120761871338,0
22.9636669158936,0
27.2236633300781,0
30.2621269226074,0
31.4717750549316,0
32.5475425720215,0
34.4727401733398,0
35.5574035644531,0
34.3599891662598,0
32.4776458740234,0
31.9610233306885,0
31.6685810089111,0
29.2151298522949,0
25.4644451141357,0
23.697338104248,0
24.5282249450684,0
24.9502449035645,0
22.9114971160889,0
19.8159770965576,0
17.4741954803467,0
15.224907875061,0
11.5142107009888,0
6.25092601776123,0
0.146322458982468,0
-6.51655530929565,0
-13.0018329620361,0
-17.610523223877,0
-19.6859474182129,0
-20.9654788970947,0
-23.3891296386719,0
-26.3653221130371,0
-27.4709186553955,0
-25.1966876983643,0
-20.0772514343262,0
-13.9462699890137,0
-8.96119976043701,0
-6.45895433425903,0
-5.89374923706055,0
-5.73205327987671,0
-5.88342142105103,0
-7.81348705291748,0
-11.5265560150146,0
-14.4250335693359,0
-14.7676086425781,0
-14.5093212127686,0
-16.5222911834717,0
-20.2869110107422,0
-22.8759479522705,0
-23.4537487030029,0
-24.037052154541,0
-25.8560390472412,0
-27.6213569641113,0
-27.9545707702637,0
-27.2272529602051,0
-26.0547065734863,0
-23.9243545532227,0
-20.5975322723389,0
-17.4505481719971,0
-16.0636863708496,0
-16.3032550811768,0
-16.7503490447998,0
-16.2327556610107,0
-14.2052516937256,0
-10.677788734436,0
-6.7554144859314,0
-4.22341775894165,0
-3.37816452980042,0
-2.18852925300598,0
0.940266966819763,0
4.4027247428894,0
5.29653835296631,0
3.73413801193237,0
3.08674597740173,0
5.58959865570068,0
9.73937129974365,0
12.8871908187866,0
14.5119829177856,0
15.5221424102783,0
15.8279314041138,0
14.4885559082031,0
11.5279359817505,0
7.9291090965271,0
4.26718616485596,0
0.800449848175049,0
-1.57989048957825,0
-2.09601306915283,0
-1.4518985748291,0
-0.848870456218719,0
0.055612463504076,0
2.43161773681641,0
5.78010749816895,0
8.27125263214111,0
9.63138389587402,0
11.3223104476929,0
13.3526735305786,0
13.480619430542,0
10.7799739837646,0
7.65126800537109,0
6.57010698318481,0
6.74539184570312,0
5.90701198577881,0
3.76112842559814,0
1.59245598316193,0
-0.0793021395802498,0
-1.06083393096924,0
0.0362097360193729,0
4.01353979110718,0
8.39224720001221,0
9.56154155731201,0
7.80535745620728,0
7.28502702713013,0
10.1691150665283,0
13.44313621521,0
13.1651573181152,0
9.82031726837158,0
7.16689395904541,0
6.78636455535889,0
6.2788143157959,0
3.16246557235718,0
-1.40510678291321,0
-4.14472579956055,0
-4.07834434509277,0
-3.74227070808411,0
-5.56489181518555,0
-8.47358512878418,0
-9.53546810150146,0
-8.13118267059326,0
-6.25976896286011,0
-4.59171533584595,0
-0.997197031974792,0
5.45821809768677,0
11.5215005874634,0
13.5498027801514,0
12.8768730163574,0
14.1084232330322,0
18.517391204834,0
22.5654773712158,0
23.4250812530518,0
22.5905723571777,0
22.7146606445312,0
23.9385566711426,0
25.3950023651123,0
27.7570514678955,0
31.6012477874756,0
35.0224342346191,0
35.8005867004395,0
34.9525718688965,0
35.3377227783203,0
37.1976013183594,0
37.7089042663574,0
34.9462013244629,0
29.9932842254639,0
25.0669403076172,0
21.8476753234863,0
21.9314498901367,0
26.3941383361816,0
33.7055587768555,0
39.7775802612305,0
41.390625,0
38.7236862182617,0
33.9710884094238,0
28.7144889831543,0
23.4563827514648,0
18.6789360046387,0
15.3200788497925,0
14.4345388412476,0
16.4503021240234,0
20.1006240844727,0
22.367546081543,0
20.8040885925293,0
16.0192985534668,0
10.5679159164429,0
5.39346885681152,0
-0.848624885082245,0
-8.52859973907471,0
-15.1176385879517,0
-17.7246074676514,0
-16.1996459960938,0
-12.5523204803467,0
-8.39123725891113,0
-4.094886302948,0
0.3575100004673,0
4.84844636917114,0
8.8949031829834,0
11.3624057769775,0
11.1673564910889,0
8.64666652679443,0
5.09216403961182,0
0.535077691078186,0
-6.35254526138306,0
-15.2834167480469,0
-23.1356678009033,0
-27.2643432617188,0
-28.5734214782715,0
-29.5551624298096,0
-30.606632232666,0
-30.3598232269287,0
-28.5719566345215,0
-26.218204498291,0
-23.2521171569824,0
-18.8031959533691,0
-13.5187063217163,0
-9.20565414428711,0
-5.8143458366394,0
-1.23821687698364,0
5.06387042999268,0
10.4818687438965,0
12.5190601348877,0
11.7509078979492,0
9.98730373382568,0
6.98742294311523,0
0.848229765892029,0
-9.14828205108643,0
-21.6649417877197,0
-34.6962051391602,0
-46.373477935791,0
-54.9350166320801,0
-59.6287651062012,0
-61.7747383117676,0
-63.6432571411133,0
-65.9722061157227,0
-67.4283752441406,0
-66.5899963378906,0
-63.6212539672852,0
-59.9237861633301,0
-56.9260864257812,0
-55.2643623352051,0
-54.3943138122559,0
-52.9680480957031,0
-50.2671127319336,0
-47.1207275390625,0
-44.6473274230957,0
-42.5081977844238,0
-39.6692085266113,0
-36.5551414489746,0
-34.5404243469238,0
-32.988166809082,0
-29.0047416687012,0
-21.4787406921387,0
-13.6628694534302,0
-9.85090732574463,0
-10.4809093475342,0
-12.4672451019287,0
-13.7664833068848,0
-15.4431028366089,0
-19.1113033294678,0
-24.2968597412109,0
-29.0779361724854,0
-32.0736122131348,0
-33.0727348327637,0
-32.5529136657715,0
-31.1927452087402,0
-29.3937606811523,0
-27.1189765930176,0
-24.6842231750488,0
-23.4057903289795,0
-24.4384212493896,0
-27.1067752838135,0
-29.6364803314209,0
-31.5658702850342,0
-33.9912261962891,0
-37.178768157959,0
-39.6290893554688,0
-40.3127937316895,0
-40.3436546325684,0
-41.2954788208008,0
-43.0412635803223,0
-44.5479431152344,0
-45.8760986328125,0
-47.916431427002,0
-50.6196441650391,0
-52.8267860412598,0
-53.7218856811523,0
-53.4977264404297,0
-52.7645072937012,0
-52.0558586120605,0
-51.5867156982422,0
-50.8079490661621,0
-48.7632293701172,0
-45.694149017334,0
-43.4333000183105,0
-42.8583869934082,0
-41.6982269287109,0
-36.8327407836914,0
-28.6918563842773,0
-21.2523212432861,0
-17.1086807250977,0
-14.6724300384521,0
-11.569637298584,0
-8.86406135559082,0
-9.47679138183594,0
-13.2116508483887,0
-16.1871585845947,0
-15.9237203598022,0
-14.8358001708984,0
-17.1177673339844,0
-23.3637008666992,0
-30.0318851470947,0
-33.8022346496582,0
-34.7527923583984,0
-35.059814453125,0
-36.14453125,0
-37.9422798156738,0
-39.9101600646973,0
-41.5109710693359,0
-41.9863471984863,0
-40.7038421630859,0
-37.981128692627,0
-35.0496482849121,0
-32.9436645507812,0
-31.616792678833,0
-30.2367630004883,0
-28.1605892181396,0
-25.4302520751953,0
-22.2927150726318,0
-18.5249671936035,0
-13.8132019042969,0
-8.98696804046631,0
-6.06598663330078,0
-6.16678714752197,0
-7.81589889526367,0
-8.58148765563965,0
-8.24384593963623,0
-8.82687568664551,0
-11.2478866577148,0
-13.8175935745239,0
-15.1204309463501,0
-16.6690845489502,0
-20.8829078674316,0
-27.4823226928711,0
-33.9256858825684,0
-38.8799896240234,0
-43.1067848205566,0
-46.9960899353027,0
-49.5513687133789,0
-50.5347099304199,0
-51.6696739196777,0
-54.4839515686035,0
-58.2798805236816,0
-61.5092697143555,0
-64.1648559570312,0
-67.4212341308594,0
-71.4752731323242,0
-75.1327896118164,0
-77.4724502563477,0
-78.837158203125,0
-79.9777603149414,0
-80.9322891235352,0
-80.9852676391602,0
-79.265754699707,0
-75.2137985229492,0
-68.9039077758789,0
-61.3224029541016,0
-54.2215843200684,0
-49.1760063171387,0
-46.2568397521973,0
-43.6509170532227,0
-39.1845970153809,0
-32.5249176025391,0
-25.3383846282959,0
-18.9617042541504,0
-12.8479194641113,0
-6.17650699615479,0
0.0595763362944126,0
4.29372835159302,0
7.17933464050293,0
10.8816471099854,0
15.2399749755859,0
16.9687480926514,0
13.9634943008423,0
8.57042980194092,0
4.75060176849365,0
3.17308759689331,0
1.14553725719452,0
-3.17459321022034,0
-8.614089012146,0
-13.1452550888062,0
-16.3870220184326,0
-19.2282485961914,0
-22.1449031829834,0
-24.8163890838623,0
-26.9433727264404,0
-28.7921009063721,0
-30.9611644744873,0
-33.7348670959473,0
-36.5598106384277,0
-38.2968215942383,0
-38.3148803710938,0
-37.2780838012695,0
-36.5726737976074,0
-36.9757194519043,0
-37.904354095459,0
-37.6317405700684,0
-34.2621879577637,0
-27.3324108123779,0
-18.8594608306885,0
-11.8280067443848,0
-6.81072568893433,0
-1.0718412399292,0
7.69526529312134,0
17.6159076690674,0
24.4587993621826,0
26.8131237030029,0
27.2705917358398,0
28.2794704437256,0
29.26979637146,0
28.9446563720703,0
28.119119644165,0
28.2628917694092,0
28.6860275268555,0
27.5123863220215,0
24.815315246582,0
22.5443916320801,0
21.3510780334473,0
19.4340953826904,0
14.9633512496948,0
8.21551895141602,0
0.881290197372437,0
-5.5749192237854,0
-10.5065784454346,0
-14.0918760299683,0
-17.1250953674316,0
-20.0387363433838,0
-22.1147708892822,0
-22.556209564209,0
-22.1410522460938,0
-22.5763244628906,0
-24.2939548492432,0
-26.2662525177002,0
-27.9499168395996,0
-29.7439403533936,0
-31.3463153839111,0
-31.560863494873,0
-30.3638134002686,0
-29.3756084442139,0
-29.4113483428955,0
-29.2320785522461,0
-27.7457046508789,0
-25.7962779998779,0
-24.4699745178223,0
-23.1133651733398,0
-20.5928707122803,0
-17.3669605255127,0
-14.6910448074341,0
-12.6102657318115,0
-10.2654867172241,0
-7.53277587890625,0
-4.96993112564087,0
-2.75744438171387,0
-1.06682789325714,0
-0.897145390510559,0
-3.02158045768738,0
-6.31443214416504,0
-8.43466854095459,0
-8.197829246521,0
-6.41193771362305,0
-4.54553413391113,0
-3.31740689277649,0
-2.29860424995422,0
-0.211252957582474,0
3.9942090511322,0
9.71430397033691,0
14.7914743423462,0
17.5769863128662,0
18.3116493225098,0
18.0568199157715,0
17.2582244873047,0
16.0379066467285,0
14.7197599411011,0
13.0183439254761,0
9.79140663146973,0
4.83165788650513,0
-0.0852112472057343,0
-3.32034230232239,0
-5.67700529098511,0
-9.11564254760742,0
-13.8857192993164,0
-18.4422130584717,0
-21.6213665008545,0
-23.4352951049805,0
-24.3111610412598,0
-25.078104019165,0
-27.1253795623779,0
-30.9009456634521,0
-34.6674003601074,0
-36.3533401489258,0
-36.2006340026855,0
-35.9712295532227,0
-36.1591644287109,0
-35.928596496582,0
-35.241153717041,0
-34.7381324768066,0
-33.8355178833008,0
-31.4961452484131,0
-28.7926044464111,0
-27.7193622589111,0
-27.0491733551025,0
-22.799783706665,0
-14.3179559707642,0
-6.70480918884277,0
-4.68578815460205,0
-6.46754503250122,0
-6.6497950553894,0
-3.51251840591431,0
0.0172206871211529,0
1.82024276256561,0
3.26915669441223,0
5.95065116882324,0
8.91934204101562,0
10.7604370117188,0
12.2567529678345,0
15.2524871826172,0
20.1353206634521,0
25.9209880828857,0
31.8156490325928,0
37.2320709228516,0
41.1166114807129,0
42.9585075378418,0
44.0489311218262,0
46.034309387207,0
48.3183174133301,0
48.671085357666,0
46.693962097168,0
44.7994956970215,0
44.8686180114746,0
45.6828765869141,0
45.2254676818848,0
44.2137260437012,0
45.1617088317871,0
48.2949676513672,0
50.5496788024902,0
49.1260643005371,0
44.5268058776855,0
39.4854545593262,0
36.0977630615234,0
34.5624008178711,0
33.5472221374512,0
31.0602760314941,0
26.0247783660889,0
19.8335952758789,0
15.4087886810303,0
13.8788022994995,0
13.1893482208252,0
11.0012044906616,0
7.75073575973511,0
5.17623424530029,0
2.74142384529114,0
-2.01194953918457,0
-9.34863090515137,0
-15.9819164276123,0
-19.0919075012207,0
-19.992883682251,0
-22.0105724334717,0
-25.7499713897705,0
-28.6942501068115,0
-29.3918838500977,0
-29.7214736938477,0
-31.9788036346436,0
-35.4378395080566,0
-37.5116920471191,0
-37.4287796020508,0
-36.7996559143066,0
-36.6372032165527,0
-35.7187614440918,0
-32.5459747314453,0
-27.451286315918,0
-21.7516784667969,0
-15.9013271331787,0
-9.76898288726807,0
-4.16725254058838,0
-0.73076593875885,0
-0.143922626972198,0
-1.2508397102356,0
-2.03606367111206,0
-1.12810480594635,0
1.3557790517807,0
3.80892276763916,0
4.13932275772095,0
1.47433829307556,0
-2.9805634021759,0
-7.03375196456909,0
-9.36773681640625,0
-10.2438774108887,0
-10.8872766494751,0
-12.5281496047974,0
-15.4374160766602,0
-18.311206817627,0
-19.1594905853271,0
-17.5159740447998,0
-15.2471914291382,0
-14.3767747879028,0
-14.7068061828613,0
-14.6758661270142,0
-14.0373315811157,0
-14.1432647705078,0
-15.5438632965088,0
-16.8666439056396,0
-16.7019786834717,0
-15.4933309555054,0
-14.7809171676636,0
-15.2667798995972,0
-16.2935161590576,0
-16.7542629241943,0
-15.9964962005615,0
-14.1837100982666,0
-12.0781116485596,0
-10.1239461898804,0
-7.77781057357788,0
-4.50640535354614,0
-1.40810561180115,0
-0.470227241516113,0
-1.60124719142914,0
-1.86126577854156,0
0.982809603214264,0
5.10031700134277,0
6.44476366043091,0
3.4738507270813,0
-1.64102792739868,0
-6.25004482269287,0
-9.76518821716309,0
-12.7917575836182,0
-15.7687005996704,0
-19.3501491546631,0
-24.4220771789551,0
-30.4386463165283,0
-35.0121574401855,0
-36.5935554504395,0
-36.6201515197754,0
-37.5433464050293,0
-39.5564117431641,0
-41.0058555603027,0
-41.5170021057129,0
-42.6428642272949,0
-45.1750030517578,0
-47.6209411621094,0
-48.137264251709,0
-46.7707862854004,0
-44.9992485046387,0
-43.9315338134766,0
-43.6914482116699,0
-43.9040794372559,0
-44.0883293151855,0
-43.9749641418457,0
-43.8513221740723,0
-44.1102447509766,0
-44.1873054504395,0
-42.7148857116699,0
-39.2972259521484,0
-35.4581413269043,0
-33.1117095947266,0
-32.6304473876953,0
-33.1965179443359,0
-34.520393371582,0
-37.0876312255859,0
-40.7898750305176,0
-44.3962516784668,0
-46.722354888916,0
-47.6485214233398,0
-47.7371635437012,0
-47.5128364562988,0
-47.459602355957,0
-48.0769577026367,0
-49.3657379150391,0
-50.624683380127,0
-51.2514762878418,0
-51.4548454284668,0
-51.7064399719238,0
-51.7713890075684,0
-50.8345489501953,0
-48.459659576416,0
-44.9933776855469,0
-41.2171325683594,0
-38.0197639465332,0
-36.0251655578613,0
-34.8089828491211,0
-32.735050201416,0
-28.4636363983154,0
-22.5559387207031,0
-16.6897087097168,0
-11.4176607131958,0
-5.9461407661438,0
-0.243158176541328,0
4.24228239059448,0
6.73412561416626,0
8.57545375823975,0
11.3315296173096,0
14.5678405761719,0
16.9198551177979,0
18.4724807739258,0
20.422004699707,0
22.9373321533203,0
25.123649597168,0
26.8657283782959,0
28.9192562103271,0
31.1932945251465,0
32.8350219726562,0
34.3002395629883,0
37.3055381774902,0
41.8978805541992,0
45.4647521972656,0
45.9974822998047,0
44.8025436401367,0
44.2509536743164,0
43.9277839660645,0
41.0966491699219,0
34.6523590087891,0
26.5889549255371,0
19.1882820129395,0
12.436261177063,0
5.10052585601807,0
-2.83214616775513,0
-10.0781211853027,0
-15.9952592849731,0
-21.3953628540039,0
-27.1736927032471,0
-32.9067573547363,0
-37.3679618835449,0
-40.0932197570801,0
-41.8210372924805,0
-43.4205055236816,0
-45.0112800598145,0
-46.3747825622559,0
-47.6236305236816,0
-48.8941802978516,0
-49.7372970581055,0
-49.4947204589844,0
-48.1249046325684,0
-45.9582176208496,0
-42.6916427612305,0
-37.4924812316895,0
-30.4234294891357,0
-23.0578956604004,0
-17.0962028503418,0
-12.7529487609863,0
-9.12561130523682,0
-5.99368143081665,0
-4.50400257110596,0
-5.6507511138916,0
-8.41378211975098,0
-10.1732730865479,0
-9.42183494567871,0
-7.65083742141724,0
-7.72822284698486,0
-10.4001369476318,0
-13.3927392959595,0
-14.4328241348267,0
-14.0850429534912,0
-14.4945182800293,0
-16.0409908294678,0
-16.8495769500732,0
-15.6728830337524,0
-13.7215785980225,0
-12.9018707275391,0
-13.2354536056519,0
-12.9836559295654,0
-10.9108943939209,0
-7.64288377761841,0
-4.8670802116394,0
-3.69055771827698,0
-3.85124492645264,0
-4.32547092437744,0
-4.55877113342285,0
-4.89163160324097,0
-5.72049188613892,0
-6.81836700439453,0
-8.08242702484131,0
-10.3766145706177,0
-14.4258136749268,0
-18.9652671813965,0
-21.4046421051025,0
-20.7918434143066,0
-18.9008541107178,0
-17.7579975128174,0
-17.3427429199219,0
-16.6590461730957,0
-15.8119611740112,0
-15.5758180618286,0
-15.7635126113892,0
-15.6424922943115,0
-15.4632968902588,0
-15.958083152771,0
-16.6793537139893,0
-16.5909614562988,0
-16.1442031860352,0
-16.7845249176025,0
-18.163969039917,0
-17.9165916442871,0
-14.9255723953247,0
-10.8994293212891,0
-7.67696189880371,0
-4.77909803390503,0
-0.999089598655701,0
3.2590274810791,0
7.00827121734619,0
10.6682806015015,0
14.8934535980225,0
18.3132419586182,0
18.8189678192139,0
16.9072742462158,0
15.5703945159912,0
16.5856685638428,0
18.6770858764648,0
19.6822376251221,0
18.8571166992188,0
16.5118618011475,0
12.9731426239014,0
8.84753608703613,0
5.23767185211182,0
2.77648997306824,0
1.01415765285492,0
-0.794602811336517,0
-2.92355370521545,0
-5.40593290328979,0
-8.21876811981201,0
-11.0291318893433,0
-13.5980768203735,0
-16.4407558441162,0
-19.8473491668701,0
-22.1546306610107,0
-20.8256015777588,0
-16.1489372253418,0
-12.092267036438,0
-11.7688579559326,0
-13.209023475647,0
-11.7030839920044,0
-5.85151529312134,0
0.934376537799835,0
5.1838846206665,0
7.45584774017334,0
10.6334190368652,0
15.8235521316528,0
21.6665534973145,0
26.8824214935303,0
31.6168956756592,0
36.3168983459473,0
41.0012130737305,0
46.1299743652344,0
52.6316795349121,0
60.033519744873,0
65.780632019043,0
67.8725891113281,0
67.46728515625,0
67.2772445678711,0
67.8098907470703,0
67.1372222900391,0
64.5643081665039,0
62.4230537414551,0
63.1412696838379,0
66.0518493652344,0
68.484016418457,0
68.9637603759766,0
67.8885650634766,0
65.8311920166016,0
62.8780097961426,0
59.4783058166504,0
56.4952850341797,0
54.2035369873047,0
52.1853485107422,0
50.2623329162598,0
48.6570320129395,0
47.258373260498,0
45.6526222229004,0
43.956974029541,0
42.7394104003906,0
41.9105415344238,0
40.4161796569824,0
37.2610054016113,0
32.3538970947266,0
26.3677425384521,0
20.4039478302002,0
15.8261127471924,0
13.7122325897217,0
14.1340188980103,0
16.175012588501,0
18.5673274993896,0
20.1129932403564,0
20.0282554626465,0
18.6371994018555,0
17.4789638519287,0
17.9413661956787,0
19.8418064117432,0
21.8975009918213,0
23.2933731079102,0
24.1420650482178,0
24.8803615570068,0
26.1531791687012,0
28.8505783081055,0
33.0309524536133,0
37.0147705078125,0
38.8819770812988,0
38.9248008728027,0
39.3888130187988,0
41.7294960021973,0
45.4366645812988,0
49.6355209350586,0
54.1948013305664,0
58.7037467956543,0
61.9194450378418,0
63.1789054870605,0
63.2417182922363,0
62.979907989502,0
62.4330558776855,0
61.9354972839355,0
62.6879920959473,0
64.8664703369141,0
66.3403472900391,0
64.8531341552734,0
60.6930809020996,0
55.7499694824219,0
50.8050193786621,0
45.5468597412109,0
40.5744743347168,0
37.1615943908691,0
35.1281547546387,0
33.1647033691406,0
31.6053733825684,0
32.6432456970215,0
36.897590637207,0
41.7926750183105,0
44.7440452575684,0
46.3318099975586,0
48.5979042053223,0
51.4460945129395,0
52.8521537780762,0
52.1528549194336,0
51.0928421020508,0
51.51708984375,0
53.7125511169434,0
57.288200378418,0
61.9674110412598,0
66.7008819580078,0
69.3960037231445,0
68.8490905761719,0
66.3866577148438,0
64.551399230957,0
64.4234390258789,0
65.0240707397461,0
65.0812683105469,0
64.4785232543945,0
63.986083984375,0
64.4502105712891,0
66.4946670532227,0
70.2078323364258,0
74.5132827758789,0
77.3251113891602,0
77.1086196899414,0
74.3018035888672,0
70.7144470214844,0
67.5493392944336,0
64.5292358398438,0
60.9698524475098,0
56.9952354431152,0
53.3886566162109,0
50.9148483276367,0
50.2701454162598,0
51.9466934204102,0
55.1971626281738,0
57.5955352783203,0
56.9075584411621,0
53.5655403137207,0
50.3072738647461,0
49.1131744384766,0
49.4142150878906,0
49.591064453125,0
49.1127471923828,0
48.516674041748,0
48.3163871765137,0
49.0430450439453,0
51.7169151306152,0
56.8947105407715,0
63.2148971557617,0
67.987678527832,0
69.6940612792969,0
69.3886795043945,0
69.2829818725586,0
70.2079162597656,0
70.7573394775391,0
68.939208984375,0
64.5634613037109,0
59.729305267334,0
56.6443023681641,0
55.2090530395508,0
53.4514045715332,0
50.3140106201172,0
47.0168228149414,0
45.2958526611328,0
45.3569679260254,0
46.3259201049805,0
47.7145805358887,0
49.2626266479492,0
50.0253486633301,0
49.0275077819824,0
46.5593566894531,0
43.5875434875488,0
40.1579933166504,0
35.779426574707,0
31.2309436798096,0
28.3055191040039,0
27.4288330078125,0
27.0391101837158,0
25.7971515655518,0
23.9242839813232,0
21.7787113189697,0
18.8052558898926,0
14.9671926498413,0
11.7002811431885,0
10.0397233963013,0
9.01192665100098,0
7.34754085540771,0
5.6042914390564,0
4.84653759002686,0
4.27583980560303,0
2.31193399429321,0
-0.578521490097046,0
-2.31641936302185,0
-2.14519858360291,0
-0.989468395709991,0
0.79590255022049,0
3.5451352596283,0
6.1739444732666,0
6.81639385223389,0
6.22179508209229,0
7.68593168258667,0
12.3485383987427,0
17.1479225158691,0
19.1034832000732,0
19.2548999786377,0
20.2749614715576,0
22.2370319366455,0
23.2768726348877,0
23.0297164916992,0
22.8231296539307,0
23.2598876953125,0
23.8376998901367,0
24.3522720336914,0
24.7614593505859,0
24.3723526000977,0
22.9884395599365,0
21.970401763916,0
22.2284927368164,0
22.2417049407959,0
20.3315391540527,0
17.7352695465088,0
16.553201675415,0
15.507511138916,0
11.2187738418579,0
3.63719725608826,0
-3.35615658760071,0
-7.37295913696289,0
-10.0578298568726,0
-13.0154848098755,0
-14.6931457519531,0
-13.552788734436,0
-11.5564117431641,0
-11.5755748748779,0
-13.0405397415161,0
-13.0814485549927,0
-11.0386095046997,0
-8.99123382568359,0
-8.05416679382324,0
-6.84927082061768,0
-4.25237941741943,0
-1.55511033535004,0
-0.740003705024719,0
-1.83533644676208,0
-3.13238310813904,0
-3.41137003898621,0
-2.97564005851746,0
-2.67603707313538,0
-2.62834858894348,0
-1.96363961696625,0
0.452243566513062,0
4.86027765274048,0
9.75290870666504,0
12.4989213943481,0
11.7240905761719,0
9.21571350097656,0
8.51419162750244,0
11.1444931030273,0
15.2187509536743,0
18.4575901031494,0
21.2128086090088,0
24.891321182251,0
28.6069030761719,0
30.1020526885986,0
29.7797908782959,0
30.6974506378174,0
33.6640205383301,0
35.3539695739746,0
33.0698013305664,0
28.7167015075684,0
25.6292190551758,0
23.7995147705078,0
21.3638038635254,0
18.9072532653809,0
18.314058303833,0
18.2239818572998,0
14.9805946350098,0
8.41294479370117,0
2.59056186676025,0
-0.205409914255142,0
-2.3186469078064,0
-5.79086923599243,0
-8.46624088287354,0
-7.86572742462158,0
-5.80555200576782,0
-5.56221437454224,0
-6.68568992614746,0
-6.59724521636963,0
-5.80608654022217,0
-7.07131004333496,0
-9.91867637634277,0
-10.7609539031982,0
-9.15395355224609,0
-9.21345138549805,0
-12.8040838241577,0
-15.53125,0
-12.7457475662231,0
-6.35384273529053,0
-1.69921946525574,0
0.184859097003937,0
2.70272254943848,0
6.97908353805542,0
9.7581958770752,0
8.72930431365967,0
5.95622205734253,0
4.39702177047729,0
4.14178609848022,0
4.04888868331909,0
4.50946950912476,0
6.20547676086426,0
7.95995712280273,0
8.26641750335693,0
7.78806972503662,0
8.15764713287354,0
9.2493953704834,0
9.84360790252686,0
10.3123455047607,0
12.2662572860718,0
15.570650100708,0
17.8415813446045,0
17.4478282928467,0
15.5684280395508,0
14.6938791275024,0
15.9786739349365,0
18.3978061676025,0
19.9308528900146,0
19.5889320373535,0
18.7108917236328,0
19.7821979522705,0
23.3471488952637,0
26.8977947235107,0
27.8565196990967,0
26.7822608947754,0
26.1500759124756,0
26.7267532348633,0
27.1489658355713,0
26.8306312561035,0
27.0464000701904,0
28.603982925415,0
30.2683925628662,0
30.3663539886475,0
28.6679592132568,0
25.945032119751,0
22.8013381958008,0
19.6369018554688,0
16.6940402984619,0
13.3253755569458,0
8.05545234680176,0
0.172935962677002,0
-9.25106525421143,0
-18.3694648742676,0
-25.9811134338379,0
-31.7053928375244,0
-35.6281929016113,0
-38.2692031860352,0
-40.1989593505859,0
-41.3102416992188,0
-41.1826057434082,0
-40.398193359375,0
-40.5013046264648,0
-42.1651916503906,0
-44.2826652526855,0
-45.3366050720215,0
-44.7407112121582,0
-42.4051399230957,0
-38.2533988952637,0
-33.0952186584473,0
-28.8819541931152,0
-26.8362674713135,0
-25.9906806945801,0
-24.7492256164551,0
-23.3164405822754,0
-23.2332344055176,0
-24.7527046203613,0
-26.0552959442139,0
-25.3080177307129,0
-22.5147972106934,0
-18.9955291748047,0
-15.7711410522461,0
-12.8444452285767,0
-9.58458423614502,0
-5.47613668441772,0
-0.75116240978241,0
3.57506656646729,0
6.57958698272705,0
8.4321928024292,0
10.1973457336426,0
12.5463981628418,0
15.0924215316772,0
17.2345180511475,0
19.1206836700439,0
21.1268119812012,0
22.729793548584,0
22.9922943115234,0
22.4042301177979,0
23.0303821563721,0
25.9100532531738,0
29.2815113067627,0
30.7615661621094,0
30.5111770629883,0
30.2835540771484,0
29.7357540130615,0
26.4394264221191,0
20.2953243255615,0
15.1193571090698,0
13.9138135910034,0
14.6842098236084,0
13.36350440979,0
9.30235481262207,0
5.08475637435913,0
1.94127285480499,0
-1.56593632698059,0
-6.53184032440186,0
-12.2104988098145,0
-17.6665172576904,0
-22.4534320831299,0
-25.6323204040527,0
-26.7993144989014,0
-28.2426929473877,0
-33.0262870788574,0
-40.2595977783203,0
-45.4222564697266,0
-46.5369606018066,0
-46.753719329834,0
-48.9992408752441,0
-51.3743133544922,0
-50.7283134460449,0
-48.1097373962402,0
-46.968189239502,0
-47.5369682312012,0
-46.9703407287598,0
-44.5970878601074,0
-43.1927108764648,0
-44.348087310791,0
-45.7166519165039,0
-44.2757263183594,0
-40.1792945861816,0
-35.8897590637207,0
-32.9677772521973,0
-31.2056007385254,0
-30.0506324768066,0
-29.4587535858154,0
-29.5060195922852,0
-30.0968723297119,0
-31.2557067871094,0
-33.2964477539062,0
-36.3683395385742,0
-39.7460136413574,0
-41.8971824645996,0
-41.8487243652344,0
-40.3987083435059,0
-39.0756950378418,0
-37.814624786377,0
-35.0334739685059,0
-30.6295890808105,0
-27.2965316772461,0
-27.4751758575439,0
-30.2527503967285,0
-32.9947357177734,0
-34.9830551147461,0
-37.3580017089844,0
-40.3109703063965,0
-42.9841384887695,0
-45.9694938659668,0
-50.9837112426758,0
-57.2913093566895,0
-61.0055809020996,0
-59.3624382019043,0
-53.9201965332031,0
-48.2966918945312,0
-44.4339714050293,0
-42.3893241882324,0
-41.9524116516113,0
-42.4658012390137,0
-42.2394332885742,0
-40.2181358337402,0
-37.5988311767578,0
-36.034107208252,0
-34.8580627441406,0
-31.9968242645264,0
-27.2634258270264,0
-22.7059993743896,0
-19.5314483642578,0
-16.5044479370117,0
-11.9334306716919,0
-5.85930681228638,0
0.300257921218872,0
5.18688821792603,0
8.0778923034668,0
8.99595928192139,0
8.82317733764648,0
8.72838878631592,0
9.22475528717041,0
10.2159576416016,0
11.6096305847168,0
12.8805885314941,0
12.4198513031006,0
8.93384456634521,0
3.58338809013367,0
-1.05013680458069,0
-4.6084942817688,0
-9.60783958435059,0
-17.3402767181396,0
-24.969331741333,0
-28.5827293395996,0
-28.0246829986572,0
-26.6894760131836,0
-27.1005992889404,0
-28.6786003112793,0
-29.654167175293,0
-29.105525970459,0
-26.806001663208,0
-23.052677154541,0
-19.516658782959,0
-18.6528911590576,0
-21.0468368530273,0
-24.4146842956543,0
-26.3322849273682,0
-26.9286689758301,0
-27.618371963501,0
-28.2379398345947,0
-27.362886428833,0
-25.075382232666,0
-23.3237819671631,0
-23.1615524291992,0
-23.4043674468994,0
-22.742546081543,0
-21.606315612793,0
-20.8845596313477,0
-20.1347694396973,0
-18.4707260131836,0
-16.3708763122559,0
-15.1745195388794,0
-15.2072172164917,0
-15.511736869812,0
-14.9893426895142,0
-12.8976945877075,0
-9.026198387146,0
-4.59956455230713,0
-2.08511090278625,0
-2.40301656723022,0
-3.02872490882874,0
-0.870776474475861,0
3.42880916595459,0
6.36920595169067,0
6.59730863571167,0
6.35963869094849,0
7.51369047164917,0
8.95877838134766,0
9.32653331756592,0
9.61325073242188,0
11.0916719436646,0
12.5545997619629,0
12.0072193145752,0
9.82997798919678,0
7.88820457458496,0
6.34247446060181,0
3.83167195320129,0
0.5619295835495,0
-1.29946851730347,0
-0.91344153881073,0
-0.534242868423462,0
-2.88896203041077,0
-7.88025045394897,0
-13.014946937561,0
-16.6724872589111,0
-19.8704776763916,0
-24.3704814910889,0
-29.5484790802002,0
-32.2501373291016,0
-30.4677352905273,0
-26.3991565704346,0
-24.379415512085,0
-25.840799331665,0
-27.9910755157471,0
-27.8911113739014,0
-25.947135925293,0
-24.2208709716797,0
-23.0111351013184,0
-21.0635395050049,0
-18.3524017333984,0
-16.726131439209,0
-17.8137130737305,0
-21.4740581512451,0
-26.1797523498535,0
-30.0693244934082,0
-32.0442123413086,0
-32.7792167663574,0
-34.2858924865723,0
-37.7102355957031,0
-42.0753784179688,0
-45.7622108459473,0
-48.1981620788574,0
-49.261344909668,0
-48.495304107666,0
-46.4548568725586,0
-45.4673233032227,0
-46.9441719055176,0
-48.9034118652344,0
-48.5661773681641,0
-46.752384185791,0
-46.8588562011719,0
-49.4734497070312,0
-51.0381355285645,0
-48.7956047058105,0
-44.4464416503906,0
-41.3641738891602,0
-40.212947845459,0
-39.2071113586426,0
-37.371768951416,0
-35.5878677368164,0
-34.9917335510254,0
-35.8794021606445,0
-37.8996353149414,0
-40.1401138305664,0
-41.2362670898438,0
-40.3873901367188,0
-38.1722373962402,0
-35.7105712890625,0
-33.3346939086914,0
-30.7142696380615,0
-27.7654438018799,0
-24.5594673156738,0
-20.8300666809082,0
-16.7426643371582,0
-13.8792953491211,0
-13.9721784591675,0
-16.3168621063232,0
-17.7832279205322,0
-16.2078304290771,0
-12.8077945709229,0
-10.2873020172119,0
-9.44858264923096,0
-9.07164001464844,0
-8.60437870025635,0
-9.06361770629883,0
-10.9109268188477,0
-12.8032493591309,0
-13.5351371765137,0
-13.9561166763306,0
-15.5601835250854,0
-17.9978408813477,0
-19.5818195343018,0
-19.9188499450684,0
-20.4575595855713,0
-22.349308013916,0
-25.1450366973877,0
-27.8865947723389,0
-30.2614059448242,0
-32.2423896789551,0
-33.630313873291,0
-34.4999351501465,0
-35.3431816101074,0
-36.3453636169434,0
-37.094181060791,0
-37.1356506347656,0
-36.1466827392578,0
-33.6611747741699,0
-29.6481304168701,0
-25.3733234405518,0
-22.4947891235352,0
-21.1251335144043,0
-19.9584827423096,0
-18.3637676239014,0
-16.8170032501221,0
-15.0280666351318,0
-11.5808725357056,0
-6.31318140029907,0
-1.26419568061829,0
2.06865882873535,0
5.02739524841309,0
9.97500801086426,0
17.3319854736328,0
25.707893371582,0
33.7453422546387,0
40.3165893554688,0
44.070873260498,0
44.7142105102539,0
44.0973320007324,0
44.2507247924805,0
44.7696685791016,0
43.8009071350098,0
41.2224082946777,0
39.0462074279785,0
38.674446105957,0
39.3130416870117,0
39.2996482849121,0
37.8457145690918,0
35.4349365234375,0
33.4987640380859,0
33.5252494812012,0
35.512622833252,0
37.6877593994141,0
38.8009986877441,0
40.0146179199219,0
43.0566596984863,0
47.203670501709,0
50.0857543945312,0
51.198184967041,0
52.3894271850586,0
54.6436538696289,0
56.5817718505859,0
56.8339157104492,0
55.9032974243164,0
54.7001724243164,0
53.0352020263672,0
50.8561706542969,0
49.4292411804199,0
49.6234436035156,0
49.9884490966797,0
48.2551689147949,0
44.3876571655273,0
40.7176208496094,0
39.0658149719238,0
38.8431015014648,0
38.2218780517578,0
36.436164855957,0
34.5561866760254,0
34.2318382263184,0
35.8661117553711,0
38.1885795593262,0
39.8817329406738,0
41.363109588623,0
44.110408782959,0
48.0375442504883,0
50.6216087341309,0
49.5603332519531,0
45.7092018127441,0
42.2183036804199,0
40.8048477172852,0
40.0085792541504,0
37.5767860412598,0
33.6155776977539,0
30.3667278289795,0
29.2546768188477,0
29.4493350982666,0
29.6942310333252,0
30.3078937530518,0
32.241527557373,0
34.8879814147949,0
36.4516868591309,0
36.5561103820801,0
36.9209060668945,0
38.8397445678711,0
41.3233222961426,0
42.6879119873047,0
42.8252067565918,0
42.5878982543945,0
41.7902565002441,0
39.5140647888184,0
36.1671676635742,0
33.5395698547363,0
32.3993988037109,0
31.3385353088379,0
28.7587642669678,0
25.1432685852051,0
22.4210529327393,0
21.4056129455566,0
20.755126953125,0
18.6871356964111,0
15.1885223388672,0
12.0283308029175,0
10.7132558822632,0
11.0216379165649,0
11.7736482620239,0
12.3901720046997,0
12.9816551208496,0
13.2923545837402,0
12.5726118087769,0
10.5982236862183,0
8.0385160446167,0
5.69520044326782,0
4.05280351638794,0
3.49280595779419,0
3.97357106208801,0
4.48624181747437,0
4.08945846557617,0
3.82075452804565,0
6.21393013000488,0
12.1209592819214,0
19.0831069946289,0
23.7437782287598,0
25.0019416809082,0
23.9967365264893,0
22.0957908630371,0
20.1780433654785,0
19.0864639282227,0
19.1655101776123,0
19.4476909637451,0
18.5384788513184,0
16.3775157928467,0
14.1406984329224,0
12.3496608734131,0
10.1161842346191,0
6.64336824417114,0
2.70700478553772,0
0.0274365693330765,0
-0.562536835670471,0
0.165057227015495,0
0.982906997203827,0
1.73198330402374,0
3.33887672424316,0
6.36526155471802,0
10.1509399414062,0
13.8320026397705,0
17.6322574615479,0
22.2926120758057,0
27.6066951751709,0
32.7080307006836,0
37.7356300354004,0
43.7927513122559,0
50.8412055969238,0
56.973461151123,0
60.5531349182129,0
62.0665321350098,0
63.1372146606445,0
64.743408203125,0
67.1734008789062,0
70.5215225219727,0
74.0790557861328,0
76.3091430664062,0
76.775260925293,0
77.0998764038086,0
78.403678894043,0
78.7197799682617,0
75.0876922607422,0
67.8814239501953,0
60.8287391662598,0
56.5188179016113,0
53.9422454833984,0
50.955265045166,0
47.0696601867676,0
42.7620315551758,0
37.8355522155762,0
31.9977741241455,0
25.9556350708008,0
20.5792446136475,0
15.8234148025513,0
11.6530771255493,0
9.0847053527832,0
8.79899311065674,0
9.31768798828125,0
8.18327045440674,0
4.83213996887207,0
0.911704242229462,0
-2.23872780799866,0
-4.91518354415894,0
-7.3903956413269,0
-8.30064868927002,0
-5.93499183654785,0
-0.800729036331177,0
4.14517498016357,0
6.17300653457642,0
5.21356868743896,0
3.21842908859253,0
1.50799512863159,0
-0.324055314064026,0
-2.75591444969177,0
-4.8977952003479,0
-5.84221076965332,0
-6.5858006477356,0
-8.86114025115967,0
-12.2242279052734,0
-14.1729698181152,0
-13.5007572174072,0
-11.6509037017822,0
-10.0319709777832,0
-8.03780937194824,0
-5.12929201126099,0
-2.97954988479614,0
-3.37396049499512,0
-5.20592403411865,0
-6.05009937286377,0
-6.10609912872314,0
-7.83728456497192,0
-11.4898347854614,0
-13.6977691650391,0
-11.7895383834839,0
-7.53120899200439,0
-4.9213399887085,0
-5.41167831420898,0
-6.97479295730591,0
-7.28611898422241,0
-6.10626792907715,0
-4.43324327468872,0
-2.77041077613831,0
-0.989836871623993,0
0.855282306671143,0
2.49371290206909,0
4.09595155715942,0
6.29259967803955,0
9.31318473815918,0
12.5026826858521,0
15.0111951828003,0
16.7457141876221,0
18.3308734893799,0
20.3147583007812,0
22.7460899353027,0
25.2809715270996,0
27.2116870880127,0
27.6806144714355,0
26.6689052581787,0
25.6557674407959,0
26.2534332275391,0
28.0174808502197,0
28.785758972168,0
27.6696281433105,0
26.4250450134277,0
26.9354591369629,0
28.582202911377,0
29.5753650665283,0
29.96848487854,0
31.41823387146,0
34.209098815918,0
36.474796295166,0
36.7001190185547,0
35.363956451416,0
33.6645317077637,0
32.2604598999023,0
31.9895343780518,0
34.1687927246094,0
38.9110984802246,0
44.2701072692871,0
48.2479553222656,0
50.6742362976074,0
52.0498733520508,0
51.9294281005859,0
50.2157402038574,0
48.9402885437012,0
50.3799781799316,0
53.7571907043457,0
56.1816749572754,0
56.9049949645996,0
58.0277328491211,0
60.2372512817383,0
60.5210113525391,0
55.9986381530762,0
48.274585723877,0
41.8180809020996,0
38.9988975524902,0
38.7876663208008,0
39.7234687805176,0
41.7993545532227,0
45.1210441589355,0
48.6862945556641,0
51.531177520752,0
54.0809059143066,0
57.461051940918,0
61.8935012817383,0
66.3112869262695,0
69.3800659179688,0
70.7449951171875,0
71.4601211547852,0
73.0471878051758,0
75.7290344238281,0
77.79931640625,0
77.3457260131836,0
74.4953231811523,0
71.2722015380859,0
69.229118347168,0
67.9730529785156,0
66.2610702514648,0
63.8684272766113,0
61.8300552368164,0
61.0510787963867,0
61.0922775268555,0
60.4578742980957,0
58.0367279052734,0
54.0707206726074,0
49.4659233093262,0
44.4264259338379,0
38.5419158935547,0
32.2790870666504,0
27.2423782348633,0
24.2490005493164,0
22.1242370605469,0
19.4658050537109,0
16.770357131958,0
15.3536911010742,0
14.645975112915,0
12.3252449035645,0
7.31456327438354,0
1.15750312805176,0
-3.95108938217163,0
-7.12500762939453,0
-8.30820178985596,0
-7.38138151168823,0
-4.87370681762695,0
-2.57711148262024,0
-2.16401028633118,0
-3.55581402778625,0
-5.54193830490112,0
-7.60751914978027,0
-10.209418296814,0
-13.4673700332642,0
-16.5306129455566,0
-18.3516712188721,0
-18.4953784942627,0
-17.197509765625,0
-15.2314596176147,0
-13.738317489624,0
-13.4924850463867,0
-14.0127592086792,0
-13.8389348983765,0
-12.0473318099976,0
-9.21761131286621,0
-6.52853870391846,0
-4.07578039169312,0
-0.625177383422852,0
4.7336950302124,0
11.0496435165405,0
16.1656322479248,0
18.9885540008545,0
20.6170234680176,0
22.8733806610107,0
26.157205581665,0
29.399097442627,0
31.8438720703125,0
33.8236274719238,0
35.5373458862305,0
36.2311820983887,0
35.5006370544434,0
34.6137199401855,0
35.2230072021484,0
36.9887886047363,0
37.8435707092285,0
36.8331604003906,0
35.3933868408203,0
35.1999320983887,0
35.9160461425781,0
36.0671005249023,0
35.2611541748047,0
34.222297668457,0
33.070858001709,0
31.0647068023682,0
28.2058734893799,0
25.8243751525879,0
24.9629440307617,0
24.9613227844238,0
24.2397079467773,0
22.0066699981689,0
18.7413101196289,0
15.4118614196777,0
12.6837329864502,0
10.6244039535522,0
8.80812168121338,0
6.87144660949707,0
5.11387825012207,0
4.18517255783081,0
3.96040010452271,0
3.20063996315002,0
0.759587585926056,0
-3.21756315231323,0
-7.71850490570068,0
-12.067666053772,0
-16.0607242584229,0
-19.1958198547363,0
-20.6671104431152,0
-20.2501773834229,0
-18.4957103729248,0
-15.8938856124878,0
-12.6044960021973,0
-9.28092002868652,0
-7.24319076538086,0
-7.17859888076782,0
-8.40903663635254,0
-10.1732749938965,0
-12.7514667510986,0
-16.199728012085,0
-18.8975715637207,0
-19.1787166595459,0
-18.005485534668,0
-17.903190612793,0
-19.2203254699707,0
-19.9286117553711,0
-19.7241287231445,0
-21.3813037872314,0
-26.2161560058594,0
-30.7759914398193,0
-30.8443756103516,0
-27.1225471496582,0
-23.9453544616699,0
-23.413459777832,0
-23.9742069244385,0
-24.2662925720215,0
-24.9155807495117,0
-26.2032833099365,0
-27.0898284912109,0
-27.3381633758545,0
-27.8939266204834,0
-28.3596630096436,0
-26.8301658630371,0
-23.2780418395996,0
-20.3243675231934,0
-19.1840438842773,0
-17.4994831085205,0
-13.1157884597778,0
-7.67915153503418,0
-4.24290227890015,0
-3.1820855140686,0
-2.80207824707031,0
-2.34535622596741,0
-1.78745436668396,0
0.163640722632408,0
4.99768209457397,0
11.5442199707031,0
16.3719997406006,0
17.1462707519531,0
14.2181224822998,0
9.28358173370361,0
3.93933725357056,0
-0.765450656414032,0
-4.67288398742676,0
-8.17489433288574,0
-10.7481632232666,0
-10.7761058807373,0
-7.93326807022095,0
-4.53261852264404,0
-2.88424968719482,0
-2.24107813835144,0
-0.0182892065495253,0
4.73206567764282,0
10.5406923294067,0
15.2435894012451,0
17.0567874908447,0
15.3555345535278,0
12.2496814727783,0
11.7175397872925,0
14.5620574951172,0
15.6795864105225,0
9.64785766601562,0
-1.76072537899017,0
-11.1375799179077,0
-14.20592212677,0
-13.4446411132812,0
-12.93714427948,0
-13.7259092330933,0
-15.4907703399658,0
-19.0256843566895,0
-24.6542186737061,0
-30.535099029541,0
-34.5734062194824,0
-36.3381843566895,0
-35.8144721984863,0
-32.3325653076172,0
-26.1998615264893,0
-19.3883476257324,0
-13.0762357711792,0
-6.45251607894897,0
0.561134815216064,0
5.67136907577515,0
7.36011934280396,0
7.69130659103394,0
9.55679225921631,0
12.6630907058716,0
14.8031167984009,0
15.8746509552002,0
17.7657604217529,0
20.7834568023682,0
22.9745349884033,0
23.1451320648193,0
22.268138885498,0
21.466682434082,0
20.5125484466553,0
18.9934597015381,0
17.528600692749,0
17.0874919891357,0
18.023286819458,0
20.2289085388184,0
23.4142189025879,0
26.7860107421875,0
29.0887508392334,0
29.4117851257324,0
27.7535781860352,0
24.8364543914795,0
21.7213935852051,0
19.38330078125,0
18.0474586486816,0
16.9588928222656,0
15.3255023956299,0
13.5121383666992,0
12.8466215133667,0
14.1185111999512,0
16.5044403076172,0
18.0920543670654,0
17.5687389373779,0
15.6257982254028,0
14.5450477600098,0
15.8383588790894,0
18.3291568756104,0
19.3624572753906,0
18.0114974975586,0
15.9614381790161,0
14.7119693756104,0
13.2380294799805,0
9.71156215667725,0
4.67888832092285,0
0.801263213157654,0
-0.511440873146057,0
-0.713817179203033,0
-1.97825574874878,0
-4.56826496124268,0
-6.99224805831909,0
-8.06811428070068,0
-8.14984512329102,0
-8.51307106018066,0
-9.85197353363037,0
-11.3474321365356,0
-11.3879823684692,0
-9.53578567504883,0
-7.40605592727661,0
-6.85260629653931,0
-7.56809377670288,0
-7.60010766983032,0
-6.23364496231079,0
-4.94185638427734,0
-4.99183559417725,0
-5.58382129669189,0
-5.41498231887817,0
-4.8387975692749,0
-4.98242092132568,0
-5.59131574630737,0
-5.5335865020752,0
-5.03673696517944,0
-5.48628664016724,0
-6.88168048858643,0
-7.41369485855103,0
-6.27417135238647,0
-5.28748369216919,0
-6.6611385345459,0
-10.237265586853,0
-14.144965171814,0
-17.3769989013672,0
-20.4207801818848,0
-23.6406326293945,0
-26.2243728637695,0
-27.0019092559814,0
-25.7760410308838,0
-23.6574687957764,0
-22.2414035797119,0
-22.3798198699951,0
-23.6017837524414,0
-24.6862392425537,0
-24.612943649292,0
-22.9205303192139,0
-19.8235149383545,0
-16.5686302185059,0
-14.905740737915,0
-15.1260099411011,0
-15.3108835220337,0
-13.9755430221558,0
-12.7392902374268,0
-14.2370519638062,0
-17.7515811920166,0
-19.7413101196289,0
-19.1194267272949,0
-18.8313045501709,0
-20.7937602996826,0
-22.4401378631592,0
-20.7947311401367,0
-17.3908748626709,0
-15.8665409088135,0
-16.4130249023438,0
-16.2557258605957,0
-14.7412147521973,0
-14.1043844223022,0
-15.0773601531982,0
-15.2631750106812,0
-12.7680540084839,0
-8.67547130584717,0
-4.932936668396,0
-2.13975667953491,0
-0.28280982375145,0
0.701297879219055,0
2.0856466293335,0
5.72409009933472,0
11.0712585449219,0
15.0905570983887,0
16.4642181396484,0
17.5722160339355,0
20.6112785339355,0
24.0397605895996,0
25.0158081054688,0
23.3477363586426,0
20.5879611968994,0
16.9943580627441,0
12.1736555099487,0
7.29065752029419,0
3.58016443252563,0
-0.262193113565445,0
-5.97665023803711,0
-11.8773622512817,0
-14.7176141738892,0
-15.0205307006836,0
-16.4710865020752,0
-19.5726070404053,0
-20.182149887085,0
-15.7916889190674,0
-9.26029872894287,0
-4.12604236602783,0
0.039232861250639,0
4.61912870407104,0
7.68801307678223,0
6.84608125686646,0
4.22159910202026,0
4.33535480499268,0
7.91634702682495,0
11.7592992782593,0
14.1880550384521,0
16.6162204742432,0
19.5226650238037,0
20.9709892272949,0
20.3420066833496,0
20.0695304870605,0
21.8236865997314,0
23.6358966827393,0
22.8445377349854,0
19.8614101409912,0
16.9568004608154,0
14.8573560714722,0
12.6583232879639,0
10.1418342590332,0
8.20847320556641,0
7.34263849258423,0
7.04033374786377,0
6.59847640991211,0
5.66632843017578,0
4.42272710800171,0
3.77404427528381,0
4.69099378585815,0
6.78752136230469,0
8.36525630950928,0
8.36658668518066,0
7.30306100845337,0
5.84661722183228,0
3.8986120223999,0
1.65730118751526,0
-0.15138378739357,0
-2.05962944030762,0
-5.73645687103271,0
-10.4735479354858,0
-12.1678323745728,0
-8.56881427764893,0
-3.76056003570557,0
-3.94877362251282,0
-9.76023769378662,0
-16.4680042266846,0
-21.3201103210449,0
-26.0366325378418,0
-31.2043151855469,0
-33.0969619750977,0
-28.9499168395996,0
-21.9110279083252,0
-17.234058380127,0
-15.8107271194458,0
-14.940821647644,0
-13.7676124572754,0
-14.0385513305664,0
-16.1717987060547,0
-18.3962097167969,0
-20.0825996398926,0
-22.643575668335,0
-26.3063659667969,0
-28.7905540466309,0
-28.47141456604,0
-26.7651634216309,0
-26.0070419311523,0
-26.3804798126221,0
-26.0002765655518,0
-22.9419460296631,0
-16.6203746795654,0
-8.52106952667236,0
-2.1608202457428,0
-0.740577280521393,0
-3.77226495742798,0
-7.13443803787231,0
-7.34917259216309,0
-4.82532691955566,0
-2.27071857452393,0
-1.31193876266479,0
-1.85801696777344,0
-3.71811938285828,0
-7.28386545181274,0
-12.7282609939575,0
-19.3499813079834,0
-25.7290058135986,0
-30.5007038116455,0
-33.5827369689941,0
-36.6418113708496,0
-41.3733444213867,0
-47.2072639465332,0
-51.9458847045898,0
-54.9394226074219,0
-58.1348609924316,0
-63.3140296936035,0
-69.6803131103516,0
-74.965461730957,0
-77.5597076416016,0
-76.7663879394531,0
-72.6614990234375,0
-67.0257186889648,0
-62.823169708252,0
-61.0062866210938,0
-59.0925941467285,0
-54.7655563354492,0
-49.6416664123535,0
-47.0926742553711,0
-47.1511459350586,0
-46.3847465515137,0
-42.8240623474121,0
-38.2696342468262,0
-35.003345489502,0
-32.6602249145508,0
-29.6809673309326,0
-25.9569721221924,0
-22.3095874786377,0
-18.5239410400391,0
-13.6743946075439,0
-7.96429634094238,0
-2.87653517723083,0
0.380646497011185,0
1.65093517303467,0
1.28344595432281,0
-0.243023365736008,0
-2.14654278755188,0
-3.55460643768311,0
-4.08816337585449,0
-3.8939061164856,0
-3.15799188613892,0
-1.9412362575531,0
-0.379874914884567,0
1.33890414237976,0
3.16436767578125,0
5.10416030883789,0
7.11391162872314,0
9.28087520599365,0
11.7832002639771,0
14.2634496688843,0
15.6219568252563,0
15.1583976745605,0
13.8177499771118,0
13.4721431732178,0
14.7246007919312,0
16.1301918029785,0
15.9830780029297,0
14.1769342422485,0
11.6920442581177,0
9.04315376281738,0
6.48235559463501,0
5.34315586090088,0
7.33549022674561,0
11.8414068222046,0
15.4808483123779,0
15.6820449829102,0
13.6063241958618,0
12.028223991394,0
11.3643493652344,0
9.99288463592529,0
7.93176698684692,0
7.30796480178833,0
8.65915870666504,0
9.61797714233398,0
8.60758972167969,0
7.2022647857666,0
6.82539415359497,0
5.64435720443726,0
1.74039494991302,0
-2.54822301864624,0
-3.30050325393677,0
-1.24030888080597,0
-1.16232419013977,0
-4.84267425537109,0
-8.68225955963135,0
-9.83672046661377,0
-10.7420244216919,0
-14.7748336791992,0
-20.3931560516357,0
-23.2323589324951,0
-22.4423809051514,0
-21.237756729126,0
-21.6535530090332,0
-22.3286399841309,0
-22.0243301391602,0
-22.1250896453857,0
-23.9566669464111,0
-25.6999778747559,0
-24.1025505065918,0
-18.5504302978516,0
-11.8960399627686,0
-7.41137218475342,0
-5.88882541656494,0
-5.63431358337402,0
-4.52874565124512,0
-2.00601649284363,0
0.526806652545929,0
1.07967042922974,0
-0.981509983539581,0
-4.40703964233398,0
-7.40563488006592,0
-9.15988349914551,0
-9.95087909698486,0
-10.3372316360474,0
-10.6354093551636,0
-10.9167356491089,0
-11.1013212203979,0
-11.1291007995605,0
-11.1171417236328,0
-11.0093193054199,0
-10.0529356002808,0
-7.39559841156006,0
-3.62572336196899,0
-0.850809395313263,0
-0.348135232925415,0
-0.796875238418579,0
-0.0176447164267302,0
1.97557651996613,0
3.09575843811035,0
2.21236300468445,0
0.397104620933533,0
-1.18341815471649,0
-2.87057590484619,0
-5.04688692092896,0
-6.48968362808228,0
-5.59212684631348,0
-2.43745303153992,0
1.60509073734283,0
5.7790207862854,0
10.2328948974609,0
14.8641061782837,0
19.1438999176025,0
22.9861450195312,0
26.7360591888428,0
30.2447872161865,0
32.6918258666992,0
33.2668685913086,0
31.4712066650391,0
27.0613479614258,0
20.3971366882324,0
12.603045463562,0
4.8259220123291,0
-2.2869884967804,0
-7.99389123916626,0
-11.304479598999,0
-12.3282718658447,0
-12.8152208328247,0
-14.0860910415649,0
-15.3042736053467,0
-15.3652467727661,0
-15.6159582138062,0
-18.4313278198242,0
-23.2122917175293,0
-26.1145515441895,0
-24.4066028594971,0
-19.4122047424316,0
-14.4817771911621,0
-11.438943862915,0
-9.51999759674072,0
-6.43417596817017,0
-0.0276454370468855,0
9.65903949737549,0
19.5289115905762,0
26.067174911499,0
29.1423778533936,0
31.4428558349609,0
33.942310333252,0
34.5096206665039,0
32.0529403686523,0
29.2105903625488,0
28.7598476409912,0
29.5365924835205,0
28.5020503997803,0
25.1848602294922,0
21.2664432525635,0
17.1099967956543,0
11.9061632156372,0
6.51182842254639,0
2.80266714096069,0
0.415358036756516,0
-2.51188921928406,0
-5.20348119735718,0
-4.48825883865356,0
-0.104229457676411,0
3.83642053604126,0
4.51131391525269,0
4.39115428924561,0
7.11610507965088,0
11.9079532623291,0
15.1055469512939,0
15.6031398773193,0
15.60901927948,0
16.8336639404297,0
18.8947334289551,0
21.2618675231934,0
24.0509624481201,0
26.5971603393555,0
27.5227108001709,0
26.7412414550781,0
25.500846862793,0
23.9366188049316,0
20.4645824432373,0
14.4651613235474,0
8.00277423858643,0
3.76981973648071,0
2.36724662780762,0
2.5985643863678,0
3.61366844177246,0
5.72167730331421,0
9.48488140106201,0
14.7822551727295,0
20.6378021240234,0
25.6827831268311,0
29.096155166626,0
31.2135219573975,0
32.7994728088379,0
33.8791999816895,0
34.1738357543945,0
34.645923614502,0
37.2161521911621,0
42.2969856262207,0
47.8077621459961,0
51.6133842468262,0
53.9204177856445,0
56.004524230957,0
57.4621086120605,0
56.5834999084473,0
53.3701057434082,0
50.3340835571289,0
49.5557823181152,0
50.1579933166504,0
49.6511650085449,0
47.0534629821777,0
43.6884269714355,0
41.2186698913574,0
39.8412704467773,0
38.5538024902344,0
36.5426177978516,0
33.8752517700195,0
31.0026969909668,0
28.0543994903564,0
25.0311603546143,0
22.6212520599365,0
22.0654296875,0
23.5229454040527,0
25.0564041137695,0
24.4649105072021,0
22.2770729064941,0
21.62619972229,0
24.4406414031982,0
28.910530090332,0
31.9118690490723,0
33.0104446411133,0
34.3409729003906,0
36.9373588562012,0
39.4059829711914,0
40.8714332580566,0
43.1999626159668,0
48.6453132629395,0
56.3685073852539,0
63.1193389892578,0
67.0439682006836,0
69.2114715576172,0
71.3749542236328,0
73.8081970214844,0
75.7993927001953,0
76.9014511108398,0
76.8828430175781,0
75.4402618408203,0
72.8591842651367,0
70.2655181884766,0
68.4321136474609,0
66.9649047851562,0
65.3441696166992,0
63.850170135498,0
62.4040794372559,0
59.4494476318359,0
53.6280288696289,0
46.0839996337891,0
39.2894859313965,0
33.7513999938965,0
27.9480285644531,0
21.7757091522217,0
17.6338920593262,0
16.9268016815186,0
17.6643772125244,0
17.4312953948975,0
17.0737056732178,0
19.0115985870361,0
22.87939453125,0
25.6384887695312,0
26.0189628601074,0
26.3086605072021,0
29.0489158630371,0
33.9542350769043,0
38.9571800231934,0
42.5233497619629,0
43.8120994567871,0
42.0761375427246,0
37.4141578674316,0
31.3195362091064,0
25.3041229248047,0
19.5602149963379,0
13.8142337799072,0
8.70698165893555,0
5.36420965194702,0
4.28900098800659,0
5.56456232070923,0
9.35771560668945,0
15.1886692047119,0
21.44140625,0
26.7282829284668,0
31.1464614868164,0
35.2241897583008,0
38.5336608886719,0
40.6516799926758,0
42.5559616088867,0
45.2967300415039,0
47.8362922668457,0
48.0782852172852,0
45.7782859802246,0
42.602970123291,0
39.5097694396973,0
36.1132354736328,0
32.6910781860352,0
30.4986171722412,0
29.3566188812256,0
26.8893871307373,0
21.2454681396484,0
13.1958255767822,0
4.65786075592041,0
-3.62938261032104,0
-12.1772222518921,0
-21.5422496795654,0
-31.5346088409424,0
-40.6045265197754,0
-46.0666923522949,0
-46.6309089660645,0
-44.7758483886719,0
-44.373233795166,0
-45.5043525695801,0
-44.2309913635254,0
-38.4306488037109,0
-30.9253807067871,0
-25.1626682281494,0
-20.7976150512695,0
-16.0545787811279,0
-11.6316223144531,0
-8.76290130615234,0
-5.49918746948242,0
0.928476572036743,0
9.06376838684082,0
14.6997394561768,0
17.0827922821045,0
19.4835796356201,0
23.2234497070312,0
25.3840789794922,0
23.8599987030029,0
20.9290790557861,0
19.6540088653564,0
19.7190017700195,0
19.1869258880615,0
17.7921772003174,0
15.7454271316528,0
11.391339302063,0
3.37591624259949,0
-5.90914249420166,0
-12.2890892028809,0
-15.0940189361572,0
-17.751371383667,0
-22.7193260192871,0
-28.1830291748047,0
-30.7268028259277,0
-29.5824375152588,0
-26.9872150421143,0
-25.254695892334,0
-24.70237159729,0
-24.3620624542236,0
-23.9691753387451,0
-24.6720752716064,0
-27.4015483856201,0
-30.7227878570557,0
-31.3202629089355,0
-27.3490467071533,0
-20.7068290710449,0
-15.1376991271973,0
-12.4949064254761,0
-11.6590528488159,0
-10.6077995300293,0
-8.48955726623535,0
-6.00625371932983,0
-4.86881542205811,0
-6.58760499954224,0
-10.5692529678345,0
-13.6618747711182,0
-13.0998706817627,0
-9.93142795562744,0
-7.88663816452026,0
-8.5999174118042,0
-9.93504619598389,0
-9.94374084472656,0
-10.4124975204468,0
-14.5088262557983,0
-22.0878658294678,0
-29.5869731903076,0
-34.2297668457031,0
-36.2740211486816,0
-37.0788612365723,0
-37.1549606323242,0
-36.9173698425293,0
-37.4327507019043,0
-38.8677444458008,0
-39.306022644043,0
-36.7797470092773,0
-32.0351676940918,0
-27.8098068237305,0
-25.4832248687744,0
-23.7760429382324,0
-20.8188304901123,0
-16.1203689575195,0
-10.1178903579712,0
-3.23688554763794,0
3.62253260612488,0
8.74589347839355,0
11.1236143112183,0
11.8754482269287,0
12.956090927124,0
14.7066993713379,0
15.9357786178589,0
16.2775421142578,0
16.8795642852783,0
18.3072872161865,0
19.315881729126,0
18.7482433319092,0
17.4768524169922,0
17.1005611419678,0
17.5835018157959,0
17.9039306640625,0
18.610954284668,0
21.6096496582031,0
26.9177074432373,0
31.5430946350098,0
32.830379486084,0
31.6765422821045,0
30.9970149993896,0
31.854133605957,0
32.7553367614746,0
32.3883476257324,0
31.1871910095215,0
29.8609752655029,0
28.0457572937012,0
25.3807621002197,0
22.7614116668701,0
21.1977005004883,0
19.9009609222412,0
16.7871646881104,0
10.9989328384399,0
4.0517406463623,0
-1.76902735233307,0
-5.47294664382935,0
-7.53809070587158,0
-8.74743938446045,0
-9.60605621337891,0
-10.6688899993896,0
-12.5423517227173,0
-15.1091375350952,0
-17.1529502868652,0
-17.3448524475098,0
-15.6919498443604,0
-13.7574911117554,0
-13.42689037323,0
-15.6303176879883,0
-20.0776386260986,0
-25.668342590332,0
-30.9867973327637,0
-34.9367637634277,0
-37.3750839233398,0
-38.9598083496094,0
-40.1317481994629,0
-40.5162467956543,0
-39.5736999511719,0
-37.4496650695801,0
-34.7888107299805,0
-32.0864067077637,0
-29.7249584197998,0
-28.2919597625732,0
-28.1886692047119,0
-29.0605316162109,0
-30.1370964050293,0
-30.9099807739258,0
-30.9749717712402,0
-29.7168102264404,0
-27.1075839996338,0
-24.4968147277832,0
-23.3544998168945,0
-23.1311988830566,0
-21.5488548278809,0
-17.2978439331055,0
-11.3121995925903,0
-5.07394552230835,0
0.883369147777557,0
5.96093034744263,0
8.46855926513672,0
7.22882986068726,0
3.54176092147827,0
0.00421582628041506,0
-2.36668372154236,0
-4.45704984664917,0
-6.75195646286011,0
-8.42574119567871,0
-9.1022777557373,0
-9.92978382110596,0
-11.9711894989014,0
-14.6251487731934,0
-16.6721324920654,0
-17.9911785125732,0
-18.9876899719238,0
-18.9499244689941,0
-16.5450820922852,0
-11.9306936264038,0
-6.91325998306274,0
-2.63196635246277,0
1.58954298496246,0
6.39055871963501,0
10.6442499160767,0
12.8344249725342,0
13.3758106231689,0
14.0396766662598,0
15.2894525527954,0
15.7109098434448,0
14.3310737609863,0
12.0929555892944,0
10.3965654373169,0
9.35848236083984,0
8.37335395812988,0
7.35578918457031,0
6.29435920715332,0
4.44689655303955,0
1.46169710159302,0
-1.2084196805954,0
-1.71553766727448,0
-0.546146392822266,0
0.00912045035511255,0
-0.527538895606995,0
0.243936479091644,0
3.97695708274841,0
8.80063533782959,0
12.0511207580566,0
14.3631277084351,0
18.4413356781006,0
24.2589664459229,0
28.3556652069092,0
28.4179401397705,0
25.8824844360352,0
22.8144454956055,0
18.814790725708,0
13.1499605178833,0
7.7685980796814,0
5.03404569625854,0
3.45211505889893,0
-0.916933119297028,0
-8.71496772766113,0
-16.2012386322021,0
-20.642183303833,0
-23.5271644592285,0
-26.8269329071045,0
-29.2777767181396,0
-29.3131885528564,0
-29.3434829711914,0
-33.1705055236816,0
-39.8757476806641,0
-44.144344329834,0
-43.1642570495605,0
-39.910099029541,0
-38.4641494750977,0
-39.0420875549316,0
-39.4618835449219,0
-39.0358734130859,0
-38.3813362121582,0
-36.8111190795898,0
-32.7772521972656,0
-26.7187328338623,0
-21.2345542907715,0
-18.0257892608643,0
-16.1384925842285,0
-13.6598176956177,0
-10.1153221130371,0
-6.77974557876587,0
-5.19154500961304,0
-5.4558482170105,0
-5.68181180953979,0
-3.54603409767151,0
0.937836766242981,0
4.79905986785889,0
5.23841905593872,0
2.87294602394104,0
0.651005208492279,0
-0.0710146352648735,0
-0.825917422771454,0
-3.36345148086548,0
-7.23775863647461,0
-10.6075878143311,0
-12.262264251709,0
-12.1815948486328,0
-10.9896697998047,0
-9.61753368377686,0
-8.97464561462402,0
-9.30220985412598,0
-10.0145664215088,0
-10.3767919540405,0
-10.1049995422363,0
-9.36280822753906,0
-8.55965805053711,0
-7.95882844924927,0
-6.97262239456177,0
-4.23851251602173,0
0.753733336925507,0
6.42220830917358,0
10.5103855133057,0
12.5212287902832,0
13.605616569519,0
14.3164501190186,0
14.0066509246826,0
12.443564414978,0
10.2069826126099,0
7.01718139648438,0
1.48820686340332,0
-6.4939546585083,0
-14.6399698257446,0
-20.6165714263916,0
-24.3344573974609,0
-26.8956890106201,0
-28.6292114257812,0
-29.4684047698975,0
-29.9750747680664,0
-30.3160514831543,0
-29.2286262512207,0
-25.9058628082275,0
-22.236307144165,0
-21.0272483825684,0
-22.1035556793213,0
-22.2537097930908,0
-19.4640674591064,0
-15.3367309570312,0
-12.4169301986694,0
-10.6494493484497,0
-7.92715358734131,0
-3.49317646026611,0
0.639279127120972,0
1.91663777828217,0
0.168337613344193,0
-2.2135272026062,0
-2.92206454277039,0
-2.0701220035553,0
-1.44386315345764,0
-1.74281167984009,0
-1.56186497211456,0
0.58409184217453,0
4.30925989151001,0
8.24421405792236,0
11.9117202758789,0
15.4602041244507,0
18.1820392608643,0
18.9105758666992,0
17.8693332672119,0
16.7586345672607,0
16.8314552307129,0
17.9938850402832,0
19.7801685333252,0
21.8173885345459,0
23.1445446014404,0
22.673656463623,0
20.9763355255127,0
20.1949863433838,0
21.2746105194092,0
22.4674091339111,0
21.5925140380859,0
18.7475509643555,0
15.7103633880615,0
13.6672611236572,0
12.8518104553223,0
13.548900604248,0
15.7362031936646,0
18.0422458648682,0
18.71533203125,0
17.720724105835,0
16.481273651123,0
15.4339609146118,0
13.4688835144043,0
10.4226341247559,0
8.57936859130859,0
10.2866735458374,0
14.7336349487305,0
18.4323482513428,0
18.8520240783691,0
16.6467971801758,0
14.2382545471191,0
13.0523557662964,0
12.4744510650635,0
10.9215087890625,0
7.47478723526001,0
2.70973968505859,0
-1.7622138261795,0
-4.70280170440674,0
-6.35337686538696,0
-7.95683670043945,0
-10.1237306594849,0
-12.0738830566406,0
-12.7509078979492,0
-12.2793464660645,0
-11.8800811767578,0
-12.6177072525024,0
-14.6704082489014,0
-17.5423965454102,0
-20.4519176483154,0
-22.7808361053467,0
-24.7908039093018,0
-27.6302070617676,0
-31.8216705322266,0
-35.9831123352051,0
-38.1326141357422,0
-38.230785369873,0
-38.1449356079102,0
-38.8148384094238,0
-38.8378677368164,0
-36.5376243591309,0
-32.1955375671387,0
-27.3698482513428,0
-23.1487922668457,0
-20.038257598877,0
-18.3388519287109,0
-17.3324584960938,0
-15.2267065048218,0
-11.4628458023071,0
-8.05447483062744,0
-6.85282611846924,0
-6.54672765731812,0
-4.73615121841431,0
-2.19839239120483,0
-2.02510118484497,0
-4.43417310714722,0
-5.75999450683594,0
-3.7651059627533,0
-1.01285934448242,0
-1.06869745254517,0
-3.74888801574707,0
-6.52221727371216,0
-8.82857036590576,0
-12.2296361923218,0
-17.1709175109863,0
-22.1744937896729,0
-25.9447917938232,0
-28.1853485107422,0
-28.6401863098145,0
-27.3797378540039,0
-25.8449058532715,0
-25.5693283081055,0
-25.9567451477051,0
-25.3940582275391,0
-24.4763450622559,0
-25.6473560333252,0
-29.2225589752197,0
-32.3811950683594,0
-33.179573059082,0
-33.1439514160156,0
-34.245735168457,0
-35.3769340515137,0
-33.9860877990723,0
-29.7888851165771,0
-24.577522277832,0
-19.3104934692383,0
-13.816216468811,0
-8.97576332092285,0
-6.716881275177,0
-7.44735527038574,0
-9.36871433258057,0
-10.8254299163818,0
-11.7566823959351,0
-12.4302597045898,0
-12.5431661605835,0
-12.449275970459,0
-13.5956220626831,0
-16.2932624816895,0
-18.2155208587646,0
-16.9109134674072,0
-13.4391136169434,0
-11.7996950149536,0
-14.3397054672241,0
-18.8114929199219,0
-20.6193809509277,0
-17.4679088592529,0
-11.3015947341919,0
-6.00660610198975,0
-3.83233642578125,0
-4.15146780014038,0
-5.10276031494141,0
-5.64664506912231,0
-5.86928939819336,0
-6.06496286392212,0
-6.31797122955322,0
-6.72360229492188,0
-7.19090414047241,0
-7.00403213500977,0
-5.30408525466919,0
-2.13838672637939,0
1.53965187072754,0
4.90073776245117,0
7.62281656265259,0
9.42887783050537,0
10.2798089981079,0
11.0983400344849,0
13.1403579711914,0
16.3180541992188,0
19.2135906219482,0
21.0215435028076,0
22.1957855224609,0
22.8439502716064,0
22.1920700073242,0
20.4822330474854,0
19.5724353790283,0
20.1858139038086,0
20.1293792724609,0
17.0985355377197,0
12.0333728790283,0
7.69650316238403,0
5.02017402648926,0
3.18035674095154,0
2.35126852989197,0
3.44649124145508,0
5.30152654647827,0
5.21846103668213,0
3.05329704284668,0
2.13265204429626,0
4.99379062652588,0
10.4396877288818,0
16.0097923278809,0
21.1344909667969,0
26.1756401062012,0
30.3210906982422,0
32.6709175109863,0
34.217113494873,0
36.5315551757812,0
39.1096878051758,0
39.990795135498,0
38.7028274536133,0
36.7974510192871,0
35.5037422180176,0
34.4157333374023,0
32.6660919189453,0
30.1256504058838,0
27.1941757202148,0
24.3138217926025,0
21.7458572387695,0
19.1265335083008,0
15.5982456207275,0
11.2759256362915,0
7.94097852706909,0
6.88580703735352,0
6.63813543319702,0
4.75560998916626,0
1.78454375267029,0
1.25328993797302,0
5.18973970413208,0
11.6358308792114,0
17.456974029541,0
21.7179870605469,0
25.1363697052002,0
28.0808258056641,0
30.8268547058105,0
34.4095191955566,0
39.3349990844727,0
44.2896766662598,0
47.6963882446289,0
49.6858177185059,0
51.0693740844727,0
51.5524482727051,0
50.8747291564941,0
50.5533332824707,0
51.976993560791,0
53.3916549682617,0
51.4668273925781,0
45.7375450134277,0
38.9225692749023,0
32.8788948059082,0
27.1790580749512,0
22.156135559082,0
20.0751895904541,0
21.6710186004639,0
24.0791358947754,0
24.2148628234863,0
22.4294281005859,0
21.0452995300293,0
20.9245357513428,0
21.3727493286133,0
22.0020294189453,0
22.6354846954346,0
22.4009170532227,0
20.9130744934082,0
19.6803531646729,0
20.6320571899414,0
23.8233299255371,0
27.9620342254639,0
32.2984008789062,0
36.4807014465332,0
39.6253623962402,0
41.4037704467773,0
43.103099822998,0
45.5895004272461,0
47.236686706543,0
46.3595924377441,0
44.8328323364258,0
46.1136207580566,0
49.7979125976562,0
51.6037750244141,0
49.5121917724609,0
46.5396537780762,0
45.8842887878418,0
46.4977111816406,0
45.839412689209,0
44.3124046325684,0
43.7574005126953,0
43.3525848388672,0
40.6972808837891,0
36.2603340148926,0
33.0647277832031,0
31.725866317749,0
29.2947196960449,0
24.0936164855957,0
18.5469207763672,0
15.3231601715088,0
13.1944675445557,0
9.21764659881592,0
3.29678726196289,0
-2.22376656532288,0
-6.56172227859497,0
-11.1273126602173,0
-16.203332901001,0
-19.8059940338135,0
-20.7195911407471,0
-20.4945945739746,0
-21.1393566131592,0
-22.3831462860107,0
-22.6645050048828,0
-21.7441425323486,0
-20.7732830047607,0
-20.2626800537109,0
-19.3389339447021,0
-16.931676864624,0
-12.7821455001831,0
-7.4212007522583,0
-1.96016502380371,0
2.26529932022095,0
4.70608854293823,0
6.2985372543335,0
8.52178764343262,0
11.7382745742798,0
14.9076080322266,0
16.7126789093018,0
16.4015064239502,0
13.864426612854,0
9.7667236328125,0
5.55407524108887,0
2.52561664581299,0
0.854919075965881,0
0.141201183199883,0
0.670268654823303,0
3.11120414733887,0
6.98610830307007,0
10.6344213485718,0
13.0765981674194,0
14.927622795105,0
17.002592086792,0
18.9511108398438,0
19.8928737640381,0
19.6377353668213,0
18.6172866821289,0
17.2299060821533,0
15.8504695892334,0
14.8875112533569,0
14.2366504669189,0
13.2502536773682,0
11.8061847686768,0
10.7806873321533,0
10.8876180648804,0
11.7769012451172,0
12.9712362289429,0
14.8445377349854,0
17.6492805480957,0
20.2806377410889,0
21.3070507049561,0
20.9083995819092,0
20.5684471130371,0
21.012357711792,0
21.6596202850342,0
22.0734958648682,0
22.6446571350098,0
23.5438232421875,0
24.1390571594238,0
23.9665355682373,0
23.4017810821533,0
22.8184413909912,0
21.7936210632324,0
19.7376155853271,0
16.7941436767578,0
13.6051435470581,0
10.6683177947998,0
8.46290302276611,0
7.68767881393433,0
8.48764133453369,0
9.51608943939209,0
8.66936111450195,0
5.27536344528198,0
1.17728221416473,0
-0.966715574264526,0
-0.534076929092407,0
0.307111918926239,0
-1.11718320846558,0
-5.24540090560913,0
-10.0131464004517,0
-12.868052482605,0
-12.6017951965332,0
-9.7480354309082,0
-6.20693922042847,0
-4.35206985473633,0
-5.23802185058594,0
-7.30250692367554,0
-8.00143718719482,0
-7.29619312286377,0
-8.16937446594238,0
-12.5930871963501,0
-18.318286895752,0
-21.468770980835,0
-21.468189239502,0
-21.1210651397705,0
-22.0589218139648,0
-22.8194675445557,0
-22.2391223907471,0
-22.1303520202637,0
-24.61598777771,0
