-38.4809226989746,0
-37.8616218566895,0
-38.8753280639648,0
-41.4709701538086,0
-43.7006645202637,0
-44.2632217407227,0
-44.0549774169922,0
-44.2034530639648,0
-44.0934753417969,0
-42.6477966308594,0
-40.1935043334961,0
-37.5598907470703,0
-34.5894584655762,0
-31.2950344085693,0
-29.4383182525635,0
-30.9504814147949,0
-35.349178314209,0
-40.4718017578125,0
-45.1764640808105,0
-49.492317199707,0
-52.6598358154297,0
-53.1821784973145,0
-50.8587036132812,0
-47.0139045715332,0
-42.6641311645508,0
-38.0152130126953,0
-33.6465148925781,0
-30.4415054321289,0
-28.2521896362305,0
-26.2375183105469,0
-24.546049118042,0
-23.9722900390625,0
-23.936695098877,0
-22.7896118164062,0
-20.493371963501,0
-18.9980621337891,0
-19.1760940551758,0
-19.1827011108398,0
-16.9451503753662,0
-12.85426902771,0
-8.85391807556152,0
-6.05091571807861,0
-4.4320330619812,0
-4.00880670547485,0
-4.89974308013916,0
-6.64645576477051,0
-8.40760040283203,0
-9.68734455108643,0
-10.4184722900391,0
-10.6877298355103,0
-10.6823053359985,0
-10.4045314788818,0
-9.30476093292236,0
-7.05013942718506,0
-4.93276119232178,0
-5.39324760437012,0
-9.42976188659668,0
-15.3641605377197,0
-20.8657913208008,0
-25.174861907959,0
-28.4038524627686,0
-29.8635215759277,0
-28.8151206970215,0
-26.3677825927734,0
-24.7486629486084,0
-24.5147857666016,0
-24.0841464996338,0
-22.5011215209961,0
-21.1991786956787,0
-22.1471900939941,0
-25.3204326629639,0
-28.9382972717285,0
-31.3079357147217,0
-31.485631942749,0
-29.1856803894043,0
-25.604362487793,0
-23.695837020874,0
-25.6448230743408,0
-29.8954315185547,0
-32.4171371459961,0
-31.3833560943604,0
-28.957649230957,0
-27.8043041229248,0
-27.7452907562256,0
-27.2624835968018,0
-26.5614147186279,0
-26.8270645141602,0
-27.2010078430176,0
-24.9793128967285,0
-19.0879878997803,0
-11.5502252578735,0
-5.09688091278076,0
-0.857503056526184,0
1.16209697723389,0
0.966806352138519,0
-1.05192422866821,0
-3.64036560058594,0
-5.52468204498291,0
-6.22690916061401,0
-5.6772928237915,0
-3.83731698989868,0
-1.17748880386353,0
1.32552886009216,0
3.29582786560059,0
5.39790916442871,0
8.09919166564941,0
10.5613164901733,0
11.2929229736328,0
9.50673770904541,0
5.56581687927246,0
0.595163643360138,0
-4.17787170410156,0
-8.27608299255371,0
-12.2224464416504,0
-16.3037929534912,0
-19.3947887420654,0
-20.2870349884033,0
-20.1251487731934,0
-21.7544193267822,0
-26.0002632141113,0
-30.1883335113525,0
-31.3803596496582,0
-29.7937755584717,0
-27.9418621063232,0
-27.5811614990234,0
-28.6749114990234,0
-30.2003707885742,0
-30.5832366943359,0
-28.3474712371826,0
-23.9592723846436,0
-20.3836536407471,0
-20.2309474945068,0
-22.6418628692627,0
-24.1865215301514,0
-22.4354820251465,0
-17.675687789917,0
-11.9377536773682,0
-7.6008734703064,0
-5.99843835830688,0
-5.74180555343628,0
-3.23819947242737,0
3.25397419929504,0
10.7687034606934,0
14.8452587127686,0
14.9205341339111,0
14.1458177566528,0
14.4149694442749,0
14.6212892532349,0
13.9914598464966,0
13.8215866088867,0
14.7952566146851,0
15.5287523269653,0
15.3975200653076,0
16.2175331115723,0
19.1224670410156,0
21.9915409088135,0
22.3016014099121,0
20.7848777770996,0
19.8039131164551,0
19.4722023010254,0
17.9737739562988,0
14.7931747436523,0
11.0319442749023,0
7.04589462280273,0
2.26255941390991,0
-2.83983063697815,0
-6.86085224151611,0
-9.55106735229492,0
-11.6186475753784,0
-12.5098638534546,0
-10.7733516693115,0
-7.10665988922119,0
-4.78618383407593,0
-6.02894401550293,0
-9.48673725128174,0
-12.2421722412109,0
-13.0096597671509,0
-12.6269607543945,0
-12.5758504867554,0
-13.754563331604,0
-15.775595664978,0
-17.0256767272949,0
-16.3713703155518,0
-14.9772663116455,0
-15.2220668792725,0
-17.7365818023682,0
-21.082368850708,0
-24.4843711853027,0
-28.7411060333252,0
-33.7009544372559,0
-37.1724700927734,0
-37.9186096191406,0
-37.8790512084961,0
-39.4804840087891,0
-42.1202850341797,0
-43.4123344421387,0
-42.9461097717285,0
-42.5780754089355,0
-43.4066200256348,0
-44.5477714538574,0
-45.0410690307617,0
-45.3998565673828,0
-46.9556579589844,0
-50.5217666625977,0
-55.5163841247559,0
-59.7093620300293,0
-60.6266975402832,0
-58.3476791381836,0
-56.0705986022949,0
-56.520092010498,0
-58.6758613586426,0
-59.6721839904785,0
-58.8837242126465,0
-57.9005355834961,0
-57.2160987854004,0
-55.6647033691406,0
-53.0307960510254,0
-50.5239372253418,0
-48.4752922058105,0
-46.3300285339355,0
-45.3231201171875,0
-47.9315528869629,0
-53.3963050842285,0
-56.9387588500977,0
-55.5963325500488,0
-52.2272415161133,0
-50.992790222168,0
-51.0004806518555,0
-47.9815521240234,0
-41.330810546875,0
-35.6758422851562,0
-34.8629188537598,0
-37.3710289001465,0
-39.0591812133789,0
-38.360523223877,0
-36.9631309509277,0
-36.5014533996582,0
-36.5297660827637,0
-35.8184471130371,0
-34.3401184082031,0
-33.2461967468262,0
-33.2125358581543,0
-33.4531478881836,0
-32.7075691223145,0
-30.9887199401855,0
-29.7675647735596,0
-30.1940307617188,0
-31.6618614196777,0
-32.6955986022949,0
-32.9891548156738,0
-33.9013938903809,0
-36.9328536987305,0
-42.302978515625,0
-49.1514587402344,0
-56.4990539550781,0
-63.5470314025879,0
-69.4691009521484,0
-73.7175521850586,0
-76.7429504394531,0
-79.9076690673828,0
-84.2314300537109,0
-89.3345413208008,0
-93.9295501708984,0
-97.2513580322266,0
-99.6424713134766,0
-101.827598571777,0
-104.204063415527,0
-107.020133972168,0
-110.539138793945,0
-114.332588195801,0
-116.786201477051,0
-116.309883117676,0
-113.320777893066,0
-110.318832397461,0
-109.439613342285,0
-110.292251586914,0
-110.761940002441,0
-109.661231994629,0
-107.806503295898,0
-106.419418334961,0
-105.359985351562,0
-103.605255126953,0
-101.038131713867,0
-98.8935012817383,0
-98.2568054199219,0
-98.5932235717773,0
-98.0174942016602,0
-94.8498229980469,0
-88.8816986083984,0
-81.4265518188477,0
-74.3575897216797,0
-68.996467590332,0
-65.6544952392578,0
-63.855094909668,0
-62.6438331604004,0
-60.8583602905273,0
-57.8388633728027,0
-54.2512168884277,0
-51.6794624328613,0
-50.8924865722656,0
-50.8869934082031,0
-50.112174987793,0
-48.2293663024902,0
-46.159309387207,0
-44.8955307006836,0
-44.9522972106934,0
-46.5259742736816,0
-49.326976776123,0
-52.3908004760742,0
-54.695915222168,0
-55.9178047180176,0
-56.4131317138672,0
-57.0013694763184,0
-58.8281936645508,0
-62.2757530212402,0
-65.6249160766602,0
-66.3733367919922,0
-64.604866027832,0
-63.0304718017578,0
-62.5091361999512,0
-60.2500495910645,0
-54.8194007873535,0
-50.0262336730957,0
-49.9434471130371,0
-52.341251373291,0
-52.2029457092285,0
-50.4700469970703,0
-52.9153022766113,0
-59.8084030151367,0
-63.6093330383301,0
-59.7816390991211,0
-53.7639541625977,0
-52.6165924072266,0
-54.5780448913574,0
-52.7214546203613,0
-45.8636627197266,0
-39.5335807800293,0
-37.4358329772949,0
-38.0109748840332,0
-39.460262298584,0
-42.4208908081055,0
-46.1982688903809,0
-47.2219848632812,0
-43.9323844909668,0
-39.9836883544922,0
-39.8400840759277,0
-43.1800308227539,0
-46.0005073547363,0
-45.8774147033691,0
-44.0075874328613,0
-42.8098831176758,0
-43.2460899353027,0
-44.2212295532227,0
-43.4891738891602,0
-39.4521026611328,0
-32.9767608642578,0
-27.2212066650391,0
-24.9600143432617,0
-26.1202125549316,0
-28.2022018432617,0
-28.789005279541,0
-27.3766250610352,0
-25.1764297485352,0
-23.6208877563477,0
-23.1032581329346,0
-23.1139793395996,0
-23.4029502868652,0
-24.2598056793213,0
-25.1658248901367,0
-24.1167793273926,0
-19.6627254486084,0
-13.3112239837646,0
-8.36644458770752,0
-6.21046829223633,0
-5.13873529434204,0
-3.13035559654236,0
-0.126021534204483,0
3.07097172737122,0
6.29145526885986,0
8.99967479705811,0
9.37345695495605,0
6.51279592514038,0
2.84320616722107,0
2.08352279663086,0
4.7911262512207,0
7.82635736465454,0
8.46344184875488,0
7.08495855331421,0
5.22112131118774,0
3.04997730255127,0
0.318490535020828,0
-1.86072862148285,0
-2.19823956489563,0
-1.53275787830353,0
-2.01331329345703,0
-4.12563705444336,0
-6.26229906082153,0
-7.39986419677734,0
-8.48312187194824,0
-10.4299240112305,0
-12.0622224807739,0
-11.1348962783813,0
-6.99659490585327,0
-1.61443173885345,0
1.90372061729431,0
1.9322338104248,0
0.144994333386421,0
0.441423922777176,0
4.81688594818115,0
10.3681964874268,0
12.1291446685791,0
9.21105575561523,0
5.93491268157959,0
5.86016082763672,0
7.33135938644409,0
7.27821254730225,0
7.05073690414429,0
10.561071395874,0
17.4339160919189,0
22.3413238525391,0
21.9782485961914,0
18.9415168762207,0
17.0416793823242,0
16.1726837158203,0
14.4048328399658,0
12.4710454940796,0
12.8024911880493,0
15.4532318115234,0
18.077205657959,0
19.3413314819336,0
19.7550754547119,0
19.5828838348389,0
18.4646224975586,0
16.94384765625,0
16.0781269073486,0
15.6011123657227,0
14.6050128936768,0
13.8814582824707,0
15.2289810180664,0
18.3185749053955,0
20.6133136749268,0
20.8229389190674,0
20.2434787750244,0
20.1418304443359,0
19.9959182739258,0
19.1508369445801,0
18.3110637664795,0
18.4684829711914,0
19.8706760406494,0
22.6061859130859,0
26.52858543396,0
30.1287117004395,0
31.4264831542969,0
30.6605243682861,0
30.1635112762451,0
30.9390640258789,0
31.5847587585449,0
31.3789596557617,0
31.6502304077148,0
32.4776496887207,0
30.8789844512939,0
25.0360450744629,0
18.3342914581299,0
15.8873348236084,0
17.8719043731689,0
19.4314613342285,0
17.1143894195557,0
12.5346374511719,0
9.00455284118652,0
6.9770975112915,0
4.26664400100708,0
-0.528512835502625,0
-6.23784112930298,0
-10.3909873962402,0
-11.5455722808838,0
-10.4691486358643,0
-9.23265647888184,0
-8.96447467803955,0
-8.59728145599365,0
-6.19696140289307,0
-1.30365395545959,0
4.67692852020264,0
10.2903184890747,0
15.3921213150024,0
20.4548187255859,0
25.3331565856934,0
29.4343738555908,0
32.7701530456543,0
35.9839134216309,0
39.1692390441895,0
41.4344520568848,0
42.2779350280762,0
42.8488960266113,0
44.7086791992188,0
47.343822479248,0
48.2621383666992,0
46.1806259155273,0
42.8368034362793,0
40.529541015625,0
39.0691223144531,0
36.8988075256348,0
34.3859634399414,0
33.6307258605957,0
35.0047721862793,0
36.2982788085938,0
36.0562286376953,0
35.6592292785645,0
36.9555511474609,0
39.7071304321289,0
42.8688125610352,0
46.7029914855957,0
51.5946426391602,0
55.8407821655273,0
56.821117401123,0
54.0481224060059,0
49.3303184509277,0
44.2372970581055,0
39.1632881164551,0
34.7204055786133,0
32.0721702575684,0
31.3767356872559,0
31.3392143249512,0
30.8669319152832,0
30.0996437072754,0
29.4637336730957,0
28.8315181732178,0
28.0555305480957,0
27.3437519073486,0
26.6901054382324,0
25.8558311462402,0
25.2684593200684,0
25.9501285552979,0
28.1109027862549,0
30.7673625946045,0
33.2304954528809,0
35.9792976379395,0
39.4644737243652,0
43.054069519043,0
45.9839515686035,0
48.4700202941895,0
50.8416595458984,0
52.2041206359863,0
51.212230682373,0
48.1346549987793,0
45.1878395080566,0
44.444091796875,0
45.710262298584,0
46.6874961853027,0
45.322509765625,0
42.1291007995605,0
39.9585380554199,0
41.0686874389648,0
44.7198448181152,0
48.3415641784668,0
50.6650123596191,0
52.5368537902832,0
54.8984489440918,0
57.6810722351074,0
61.0320472717285,0
65.7559814453125,0
71.5340194702148,0
76.2396774291992,0
78.2366409301758,0
78.1113052368164,0
77.1272964477539,0
75.6529235839844,0
74.5939712524414,0
76.4077987670898,0
82.1234817504883,0
88.5494918823242,0
91.3285522460938,0
90.2790298461914,0
88.8918380737305,0
88.7415924072266,0
87.5423812866211,0
83.2957992553711,0
77.2936706542969,0
71.6603469848633,0
66.47265625,0
61.0999183654785,0
56.4141044616699,0
53.6617660522461,0
52.4938468933105,0
52.0058784484863,0
52.7416534423828,0
55.8409042358398,0
60.816520690918,0
65.7887496948242,0
69.4952163696289,0
71.6159057617188,0
71.4896697998047,0
68.1870803833008,0
62.1904602050781,0
55.8926277160645,0
51.8228797912598,0
50.6347961425781,0
50.8813552856445,0
50.5401954650879,0
48.9081001281738,0
47.2192649841309,0
47.2291946411133,0
49.1697463989258,0
51.5429763793945,0
53.0008201599121,0
53.8018531799316,0
55.1230621337891,0
57.4261283874512,0
59.8200836181641,0
60.8031272888184,0
59.6669960021973,0
57.4805183410645,0
56.3651962280273,0
57.2692375183105,0
58.9689483642578,0
60.0044593811035,0
60.7255363464355,0
62.0320205688477,0
62.9437713623047,0
61.6039581298828,0
58.4938430786133,0
56.2433547973633,0
55.8730049133301,0
55.6048049926758,0
54.1678466796875,0
52.8635444641113,0
53.0319900512695,0
53.6409378051758,0
53.144832611084,0
52.0397262573242,0
51.7212600708008,0
52.144157409668,0
52.418212890625,0
52.5648307800293,0
52.8497924804688,0
52.3480949401855,0
50.0405731201172,0
46.6260147094727,0
43.5223922729492,0
40.7100677490234,0
37.2207145690918,0
33.1183967590332,0
29.2613945007324,0
25.650899887085,0
21.8259201049805,0
18.4935302734375,0
16.8937644958496,0
16.6987476348877,0
16.292875289917,0
15.0845365524292,0
13.925332069397,0
13.4118757247925,0
13.5523557662964,0
14.9358539581299,0
18.0468692779541,0
21.1906661987305,0
21.528148651123,0
19.1180305480957,0
17.7301788330078,0
20.1367950439453,0
24.3760852813721,0
26.6207027435303,0
26.5100212097168,0
27.2938804626465,0
30.92626953125,0
35.1264305114746,0
36.0052795410156,0
32.4843215942383,0
27.3855819702148,0
24.5437927246094,0
25.2066307067871,0
27.2417278289795,0
27.9190082550049,0
27.2325916290283,0
27.680347442627,0
30.661111831665,0
34.4855346679688,0
36.9461975097656,0
38.5473670959473,0
41.4031372070312,0
45.7295112609863,0
49.7151489257812,0
52.7507591247559,0
56.1528739929199,0
59.8012161254883,0
60.542552947998,0
55.8951797485352,0
47.7970733642578,0
40.4620552062988,0
35.3656463623047,0
30.6542282104492,0
25.2322578430176,0
20.9329204559326,0
19.8811721801758,0
21.5638847351074,0
23.6976413726807,0
24.8151798248291,0
24.8230228424072,0
23.8840217590332,0
22.1351184844971,0
20.2751541137695,0
19.3348350524902,0
19.7555885314941,0
21.2781620025635,0
23.5384712219238,0
26.0372314453125,0
27.7517948150635,0
27.8788089752197,0
27.1882438659668,0
27.5426044464111,0
29.3898811340332,0
30.6197738647461,0
28.986421585083,0
25.1931781768799,0
22.3049163818359,0
22.1305198669434,0
23.4768505096436,0
24.2940635681152,0
24.1495933532715,0
23.6947402954102,0
22.9452362060547,0
21.6676540374756,0
20.8741817474365,0
22.1021766662598,0
24.9967346191406,0
27.1103439331055,0
26.6700592041016,0
24.3599758148193,0
21.6997032165527,0
18.8161067962646,0
14.8884420394897,0
10.0158243179321,0
5.37351036071777,0
1.80563282966614,0
-0.583710968494415,0
-1.47453045845032,0
-0.143756628036499,0
3.30857539176941,0
7.38788652420044,0
10.6376667022705,0
13.3322458267212,0
16.9757061004639,0
22.0099983215332,0
26.6836605072021,0
28.7523880004883,0
28.0409660339355,0
26.6253623962402,0
26.4045886993408,0
27.2262401580811,0
27.766450881958,0
27.4479999542236,0
26.6152992248535,0
25.2863178253174,0
22.8697872161865,0
19.1934413909912,0
14.9559860229492,0
11.0107622146606,0
7.89313745498657,0
6.06832027435303,0
5.76771068572998,0
6.3661789894104,0
6.71820592880249,0
6.3572211265564,0
5.64234304428101,0
4.68950366973877,0
3.32200336456299,0
2.4705867767334,0
4.25872421264648,0
9.597975730896,0
16.4889698028564,0
21.8097133636475,0
24.2929706573486,0
24.7999153137207,0
24.3160591125488,0
23.0917778015137,0
21.616138458252,0
20.9894542694092,0
21.8874855041504,0
24.0883941650391,0
27.3600578308105,0
31.8559722900391,0
37.1002502441406,0
41.5066680908203,0
43.8669509887695,0
44.9410629272461,0
46.7658195495605,0
50.5691528320312,0
55.9920234680176,0
62.0295867919922,0
67.7938919067383,0
72.4277267456055,0
75.4156646728516,0
77.3979873657227,0
79.7150192260742,0
82.5012741088867,0
84.0947341918945,0
83.2441482543945,0
81.1440200805664,0
79.9304580688477,0
79.4305877685547,0
76.9130783081055,0
70.3970336914062,0
60.9669570922852,0
51.2356262207031,0
42.6474533081055,0
35.2291603088379,0
29.1037921905518,0
24.8111782073975,0
22.1426963806152,0
19.7603321075439,0
16.4333343505859,0
12.1565771102905,0
7.69683790206909,0
3.39381670951843,0
-1.05674004554749,0
-5.57363748550415,0
-8.99507617950439,0
-10.1420488357544,0
-9.66194820404053,0
-9.90617179870605,0
-12.1178550720215,0
-14.2462110519409,0
-12.8142385482788,0
-7.05800294876099,0
-0.0399787053465843,0
4.71989631652832,0
6.53223848342896,0
6.80076742172241,0
6.31847906112671,0
4.78770160675049,0
2.45109081268311,0
0.444484889507294,0
-0.908239662647247,0
-3.00323295593262,0
-7.30352687835693,0
-13.1091041564941,0
-17.6736927032471,0
-18.8541927337646,0
-17.5279407501221,0
-16.9104309082031,0
-19.0871105194092,0
-22.6906700134277,0
-24.9031639099121,0
-25.3264198303223,0
-26.1088314056396,0
-27.9096298217773,0
-28.0455226898193,0
-24.3166332244873,0
-18.8011684417725,0
-15.2339277267456,0
-13.6845169067383,0
-10.9890127182007,0
-6.25967836380005,0
-2.40107750892639,0
-1.12510657310486,0
0.116589121520519,0
3.92355394363403,0
8.25891876220703,0
9.11526012420654,0
6.57159471511841,0
4.99966239929199,0
7.4338550567627,0
12.4166746139526,0
16.6838397979736,0
18.5719528198242,0
18.0945358276367,0
15.7786531448364,0
12.6295785903931,0
9.84897899627686,0
7.51247406005859,0
4.55734825134277,0
0.858092486858368,0
-1.83001625537872,0
-1.86228740215302,0
0.443810164928436,0
3.7587423324585,0
7.2142186164856,0
9.82589530944824,0
10.0368804931641,0
7.81462240219116,0
6.16551399230957,0
8.14907836914062,0
12.6725273132324,0
15.592752456665,0
15.1012811660767,0
13.6501655578613,0
14.0230770111084,0
15.8929805755615,0
17.3213634490967,0
17.4898700714111,0
16.5477695465088,0
14.701789855957,0
13.0803813934326,0
13.6871109008789,0
16.6367168426514,0
19.1403121948242,0
19.3075866699219,0
19.180513381958,0
21.3682556152344,0
24.291332244873,0
24.105037689209,0
20.3035831451416,0
15.589186668396,0
10.535454750061,0
2.72397685050964,0
-7.96616172790527,0
-17.4664611816406,0
-23.0043716430664,0
-27.0286464691162,0
-32.9225006103516,0
-39.5339698791504,0
-43.3588943481445,0
-44.5037231445312,0
-46.7267723083496,0
-51.6597175598145,0
-56.1170196533203,0
-56.2294540405273,0
-52.4916152954102,0
-49.3999710083008,0
-50.5181999206543,0
-54.6298828125,0
-57.0782051086426,0
-54.9302215576172,0
-50.1224403381348,0
-46.5772476196289,0
-44.9546012878418,0
-42.3698768615723,0
-37.4150924682617,0
-32.6913719177246,0
-30.8800067901611,0
-30.7132053375244,0
-29.3103313446045,0
-26.9218692779541,0
-26.4012832641602,0
-28.5597381591797,0
-30.8958702087402,0
-31.0848655700684,0
-29.2923908233643,0
-26.6523571014404,0
-23.8422584533691,0
-21.9747829437256,0
-22.5992679595947,0
-25.3489933013916,0
-27.3328704833984,0
-26.618968963623,0
-25.0763397216797,0
-25.8145694732666,0
-28.5851364135742,0
-29.9499473571777,0
-28.0533504486084,0
-25.1376419067383,0
-24.4675483703613,0
-26.2568264007568,0
-27.934268951416,0
-27.6285266876221,0
-25.9413795471191,0
-24.3590984344482,0
-23.1750774383545,0
-21.5403804779053,0
-18.9065856933594,0
-15.7260303497314,0
-12.8422479629517,0
-10.6534872055054,0
-8.9996280670166,0
-7.65704536437988,0
-6.72325468063354,0
-6.43302869796753,0
-6.70433139801025,0
-7.13256978988647,0
-7.52819919586182,0
-8.12317371368408,0
-8.91585159301758,0
-9.12739753723145,0
-7.93088865280151,0
-5.65496206283569,0
-3.53826832771301,0
-2.09575915336609,0
-0.443010270595551,0
2.34150528907776,0
5.82693099975586,0
8.8112621307373,0
10.780219078064,0
12.0447425842285,0
12.8408584594727,0
13.2960929870605,0
14.2137203216553,0
16.7699375152588,0
20.9816398620605,0
25.2816467285156,0
28.2738723754883,0
30.3994636535645,0
33.1198120117188,0
36.7170600891113,0
39.7443046569824,0
40.7424545288086,0
39.7402229309082,0
37.6670227050781,0
34.9040908813477,0
31.1627960205078,0
26.6192226409912,0
22.3727130889893,0
19.4405956268311,0
17.6293773651123,0
15.6727676391602,0
12.3894805908203,0
7.69056177139282,0
2.64362144470215,0
-1.46836280822754,0
-4.32824754714966,0
-6.69519090652466,0
-9.19919490814209,0
-11.5621519088745,0
-13.5229196548462,0
-15.7115316390991,0
-18.3940906524658,0
-20.0689296722412,0
-19.2585716247559,0
-17.4188747406006,0
-17.4579315185547,0
-18.9049472808838,0
-17.7402973175049,0
-12.7385921478271,0
-8.78036403656006,0
-10.7208528518677,0
-16.3885021209717,0
-19.7549419403076,0
-19.6383781433105,0
-20.5410861968994,0
-25.0607986450195,0
-30.4754867553711,0
-34.0319557189941,0
-36.886547088623,0
-40.3891372680664,0
-42.5055694580078,0
-41.3087959289551,0
-39.0845336914062,0
-39.2985763549805,0
-41.4799652099609,0
-42.6046867370605,0
-41.8769073486328,0
-40.4775428771973,0
-38.0246124267578,0
-33.6209869384766,0
-29.8581504821777,0
-31.0504417419434,0
-36.7057495117188,0
-41.088306427002,0
-41.0090522766113,0
-40.2140274047852,0
-43.3985862731934,0
-48.974365234375,0
-51.3397941589355,0
-48.6541862487793,0
-44.7391662597656,0
-43.6397361755371,0
-45.3369178771973,0
-47.2162628173828,0
-47.3930854797363,0
-45.7993278503418,0
-43.6751480102539,0
-42.7971343994141,0
-43.9949989318848,0
-45.8110046386719,0
-45.7315483093262,0
-43.3049964904785,0
-40.8396110534668,0
-40.1940307617188,0
-40.0610771179199,0
-37.7832794189453,0
-33.1747550964355,0
-28.9367332458496,0
-27.3139972686768,0
-27.8556041717529,0
-28.9764709472656,0
-30.3891906738281,0
-32.9306182861328,0
-36.8142127990723,0
-41.3206176757812,0
-45.8404808044434,0
-49.9725189208984,0
-52.8061027526855,0
-53.6391525268555,0
-53.6556396484375,0
-55.247974395752,0
-58.8319778442383,0
-61.7905921936035,0
-61.8689498901367,0
-60.4154739379883,0
-60.5491333007812,0
-62.9404449462891,0
-65.4797592163086,0
-66.8287811279297,0
-67.9291076660156,0
-69.3886108398438,0
-69.4738540649414,0
-66.0878601074219,0
-59.5288887023926,0
-51.9494857788086,0
-44.8111915588379,0
-38.0619354248047,0
-31.3945503234863,0
-25.2430076599121,0
-20.575704574585,0
-18.2698955535889,0
-18.5272235870361,0
-20.581506729126,0
-23.2966346740723,0
-26.1465530395508,0
-28.9458427429199,0
-30.6458950042725,0
-29.8128032684326,0
-26.9802742004395,0
-25.0095081329346,0
-25.6910953521729,0
-27.1398277282715,0
-26.4128246307373,0
-23.9640674591064,0
-23.1952667236328,0
-25.5275630950928,0
-28.19580078125,0
-27.7808399200439,0
-24.1535758972168,0
-19.7204284667969,0
-16.1005535125732,0
-13.0128526687622,0
-9.67837047576904,0
-5.85481548309326,0
-1.70016312599182,0
2.24873208999634,0
4.9905834197998,0
5.90054798126221,0
5.82942247390747,0
6.69447040557861,0
9.68074798583984,0
14.0892572402954,0
17.9897861480713,0
19.8465347290039,0
19.6929035186768,0
19.0078277587891,0
19.3103332519531,0
20.6767024993896,0
21.8925914764404,0
22.2456340789795,0
22.6039199829102,0
24.0686664581299,0
25.9503726959229,0
26.2349815368652,0
24.5178394317627,0
23.611515045166,0
27.0561771392822,0
34.8789291381836,0
42.7964363098145,0
46.4284858703613,0
45.843994140625,0
44.9458389282227,0
46.5524291992188,0
49.4055786132812,0
50.3520164489746,0
48.0694046020508,0
43.8249702453613,0
39.9061088562012,0
38.5594596862793,0
41.251049041748,0
47.1561584472656,0
52.9799308776855,0
55.9267311096191,0
56.3533897399902,0
56.0030632019043,0
54.6276397705078,0
50.687084197998,0
44.7911529541016,0
39.6283226013184,0
36.3411064147949,0
33.6170425415039,0
30.7346572875977,0
28.8358058929443,0
28.5953063964844,0
29.3356971740723,0
31.1535053253174,0
35.0048370361328,0
39.7918167114258,0
42.7130966186523,0
43.9834976196289,0
47.615852355957,0
55.251293182373,0
62.7868766784668,0
66.2577362060547,0
67.7244338989258,0
71.1771850585938,0
75.2466278076172,0
75.0950546264648,0
70.3478546142578,0
65.9990310668945,0
65.3589630126953,0
66.5940551757812,0
66.7818832397461,0
65.1206970214844,0
61.1039772033691,0
53.7766571044922,0
44.8365707397461,0
38.9643669128418,0
38.462718963623,0
40.0753746032715,0
39.6091537475586,0
37.5549812316895,0
37.4049911499023,0
40.0956573486328,0
43.282356262207,0
45.4224510192871,0
47.4892349243164,0
50.3440628051758,0
52.9786415100098,0
54.389591217041,0
55.4359245300293,0
57.5442543029785,0
60.5931205749512,0
63.292594909668,0
65.0207901000977,0
66.0186920166016,0
66.0325241088867,0
64.1936264038086,0
60.6395683288574,0
57.0179901123047,0
54.453197479248,0
51.8839645385742,0
47.7053108215332,0
42.5732765197754,0
38.9554824829102,0
37.7896423339844,0
37.2993087768555,0
35.859920501709,0
34.4378051757812,0
34.7234687805176,0
35.8778533935547,0
35.0667343139648,0
31.1741199493408,0
26.3421249389648,0
23.3147449493408,0
22.5022296905518,0
22.5619373321533,0
23.0225200653076,0
24.9189300537109,0
28.6995544433594,0
32.7716331481934,0
35.2070388793945,0
36.4163208007812,0
38.6579895019531,0
42.4858856201172,0
45.1321487426758,0
43.7152900695801,0
39.1785125732422,0
35.3543968200684,0
34.4175758361816,0
35.045280456543,0
35.1898651123047,0
34.7506370544434,0
34.7925186157227,0
35.8062362670898,0
37.7906875610352,0
40.6479530334473,0
43.3159866333008,0
43.8327178955078,0
41.7391166687012,0
39.3758659362793,0
39.1662216186523,0
40.3915939331055,0
40.3732414245605,0
38.2556915283203,0
35.7109107971191,0
34.1457748413086,0
33.2691993713379,0
32.7284545898438,0
33.2596740722656,0
35.3507919311523,0
38.062858581543,0
40.0847091674805,0
41.1860160827637,0
42.116886138916,0
43.8446846008301,0
47.1697769165039,0
52.0558166503906,0
56.9206085205078,0
59.7439155578613,0
60.5553665161133,0
61.7405204772949,0
64.9950866699219,0
68.9271926879883,0
70.756721496582,0
69.640266418457,0
67.0576400756836,0
64.3724822998047,0
61.4845657348633,0
58.089542388916,0
55.0729217529297,0
53.896614074707,0
55.0265502929688,0
57.6145973205566,0
60.7582702636719,0
64.5526504516602,0
69.417839050293,0
74.6405334472656,0
78.5431213378906,0
80.4601287841797,0
81.4727172851562,0
82.3044281005859,0
81.7255096435547,0
78.8187942504883,0
75.9635391235352,0
76.9297637939453,0
81.7272186279297,0
85.7969360351562,0
85.1868667602539,0
80.4409408569336,0
74.4967041015625,0
69.1651382446289,0
65.1915588378906,0
63.3604011535645,0
63.1282958984375,0
61.7922821044922,0
57.5553741455078,0
52.4389038085938,0
49.9411468505859,0
50.7261161804199,0
52.8052635192871,0
55.0191764831543,0
57.8211059570312,0
61.1703033447266,0
64.202033996582,0
66.8858413696289,0
69.7851181030273,0
72.1631698608398,0
72.2922592163086,0
69.6550674438477,0
65.2412185668945,0
60.0945701599121,0
55.2289390563965,0
52.001823425293,0
50.1985054016113,0
46.6729202270508,0
38.9710273742676,0
29.9348049163818,0
25.331563949585,0
26.6716346740723,0
29.749906539917,0
30.9519329071045,0
31.4923820495605,0
34.0600624084473,0
38.5587348937988,0
43.2061309814453,0
47.2589454650879,0
50.504581451416,0
52.1127510070801,0
51.960334777832,0
51.2629089355469,0
50.1928024291992,0
46.9776191711426,0
41.310115814209,0
36.3396987915039,0
34.5985679626465,0
33.8528518676758,0
30.2270545959473,0
24.2719917297363,0
20.4410381317139,0
20.8106060028076,0
22.6597423553467,0
22.8322448730469,0
21.5924625396729,0
20.9305725097656,0
21.278600692749,0
21.5861854553223,0
21.3445606231689,0
20.8984680175781,0
20.29323387146,0
19.141674041748,0
17.651538848877,0
16.9162406921387,0
17.8200397491455,0
19.9257678985596,0
21.7572765350342,0
22.2320823669434,0
21.5840377807617,0
20.6799449920654,0
19.7825164794922,0
18.5754489898682,0
17.193208694458,0
16.3389301300049,0
16.2745037078857,0
16.5272350311279,0
16.7352905273438,0
16.9113292694092,0
16.8400135040283,0
16.403491973877,0
16.6064167022705,0
18.6541938781738,0
21.5056705474854,0
22.2136459350586,0
19.7853984832764,0
16.9040679931641,0
16.2623386383057,0
16.8233451843262,0
15.7141542434692,0
12.4916582107544,0
9.15775585174561,0
6.81443786621094,0
4.8534049987793,0
3.08374547958374,0
2.11996531486511,0
1.59778237342834,0
0.359366953372955,0
-1.31292045116425,0
-1.87370145320892,0
-1.28472709655762,0
-1.30916392803192,0
-2.41752529144287,0
-2.76886796951294,0
-1.35927212238312,0
0.0266939364373684,0
-0.457890629768372,0
-1.8606584072113,0
-2.06087183952332,0
-0.87248295545578,0
0.314695984125137,0
0.923631906509399,0
1.27365517616272,0
0.912054300308228,0
-1.19906437397003,0
-4.9073920249939,0
-8.81013774871826,0
-12.0731716156006,0
-15.1623210906982,0
-18.7221584320068,0
-22.7320938110352,0
-26.8332672119141,0
-30.6766223907471,0
-33.9649963378906,0
-36.7916412353516,0
-39.6819229125977,0
-42.677303314209,0
-44.9836006164551,0
-46.4265251159668,0
-48.346736907959,0
-51.4645080566406,0
-53.6157569885254,0
-51.9831428527832,0
-47.617603302002,0
-45.1275520324707,0
-46.9953765869141,0
-50.6908874511719,0
-52.9337997436523,0
-54.3515930175781,0
-57.3782653808594,0
-61.4023399353027,0
-63.4851684570312,0
-63.3743133544922,0
-64.23291015625,0
-67.6399078369141,0
-70.8639907836914,0
-70.6243743896484,0
-67.3122406005859,0
-63.650951385498,0
-60.8593635559082,0
-58.270923614502,0
-55.7364921569824,0
-54.088680267334,0
-53.2376022338867,0
-51.5954475402832,0
-47.9840126037598,0
-43.2213897705078,0
-39.3361740112305,0
-37.5110816955566,0
-36.9049682617188,0
-35.4763870239258,0
-32.3011016845703,0
-29.0595550537109,0
-28.4508209228516,0
-30.9324188232422,0
-34.0947532653809,0
-35.7043876647949,0
-35.9416885375977,0
-35.6818161010742,0
-34.3649368286133,0
-31.7393379211426,0
-30.5287647247314,0
-34.2384757995605,0
-42.0397682189941,0
-48.7775039672852,0
-51.3404121398926,0
-52.5376625061035,0
-56.6344337463379,0
-63.0626029968262,0
-67.492790222168,0
-68.2270736694336,0
-68.2322845458984,0
-70.4617462158203,0
-74.1338806152344,0
-76.9490966796875,0
-78.6059799194336,0
-80.2419128417969,0
-82.0983200073242,0
-83.7745590209961,0
-85.4872741699219,0
-86.9675445556641,0
-86.3574676513672,0
-82.7881469726562,0
-79.0849838256836,0
-78.6725006103516,0
-80.0238037109375,0
-77.8141632080078,0
-70.2734146118164,0
-61.6484489440918,0
-55.7107696533203,0
-50.5387382507324,0
-42.7005004882812,0
-33.6156768798828,0
-27.7088279724121,0
-25.790714263916,0
-24.4054794311523,0
-21.2800197601318,0
-17.5222625732422,0
-14.1812400817871,0
-10.457727432251,0
-6.50313377380371,0
-4.65329360961914,0
-5.95539426803589,0
-8.02416706085205,0
-8.62819576263428,0
-9.57446002960205,0
-14.497709274292,0
-23.7023906707764,0
-33.5195274353027,0
-40.549488067627,0
-44.6283378601074,0
-47.4957122802734,0
-50.3351669311523,0
-53.4637565612793,0
-57.2961311340332,0
-62.2687606811523,0
-67.8097152709961,0
-72.3605651855469,0
-75.1039505004883,0
-77.2595291137695,0
-80.6780624389648,0
-85.0958251953125,0
-88.0260162353516,0
-87.9948272705078,0
-86.5541458129883,0
-85.8509979248047,0
-85.4707641601562,0
-83.658447265625,0
-80.8580703735352,0
-79.5387878417969,0
-80.5761489868164,0
-82.3545227050781,0
-83.8552474975586,0
-85.9211196899414,0
-88.3815841674805,0
-88.5733795166016,0
-84.6163711547852,0
-78.2153549194336,0
-72.2573623657227,0
-67.3470840454102,0
-62.7961082458496,0
-59.2505989074707,0
-57.5659484863281,0
-56.3198280334473,0
-53.5951042175293,0
-50.657787322998,0
-50.5948028564453,0
-53.2857131958008,0
-55.0577278137207,0
-53.9314575195312,0
-51.8241310119629,0
-50.2739715576172,0
-47.4532470703125,0
-41.8378601074219,0
-35.9353790283203,0
-32.9908180236816,0
-31.8092632293701,0
-28.6053485870361,0
-23.2190341949463,0
-19.6558570861816,0
-20.2130584716797,0
-22.6665019989014,0
-24.2974185943604,0
-25.3462448120117,0
-26.6770439147949,0
-27.0748138427734,0
-25.6449222564697,0
-24.6917095184326,0
-26.8364810943604,0
-30.4884815216064,0
-31.8081398010254,0
-30.8657341003418,0
-31.9826469421387,0
-37.0341987609863,0
-42.0757751464844,0
-42.8629112243652,0
-40.9329452514648,0
-41.0553436279297,0
-44.2002716064453,0
-46.5479011535645,0
-45.2546119689941,0
-41.9681129455566,0
-39.8562164306641,0
-39.8710021972656,0
-41.4096984863281,0
-44.4712104797363,0
-48.9979591369629,0
-53.3756103515625,0
-56.0018539428711,0
-57.9844818115234,0
-62.0283050537109,0
-68.3374404907227,0
-73.6671981811523,0
-75.3861465454102,0
-74.8127670288086,0
-75.0534439086914,0
-76.7062377929688,0
-77.6377487182617,0
-76.5366592407227,0
-74.4697875976562,0
-72.4595184326172,0
-69.5645523071289,0
-64.6647338867188,0
-58.6907234191895,0
-53.3564834594727,0
-48.5397148132324,0
-42.7483406066895,0
-35.6522407531738,0
-28.148473739624,0
-20.2462368011475,0
-11.3970470428467,0
-3.16142630577087,0
1.47441136837006,0
2.74308919906616,0
5.02796649932861,0
10.7617530822754,0
16.1541748046875,0
16.62819480896,0
14.4682817459106,0
16.0852794647217,0
22.0750179290771,0
25.617748260498,0
22.4981117248535,0
17.5265674591064,0
17.318531036377,0
20.5035305023193,0
19.9889736175537,0
12.9966049194336,0
3.84696221351624,0
-2.71407222747803,0
-6.22465085983276,0
-8.03205299377441,0
-8.60745716094971,0
-9.14248180389404,0
-12.3167753219604,0
-18.9655590057373,0
-26.1820201873779,0
-30.8615646362305,0
-33.2957305908203,0
-35.2950439453125,0
-36.6749153137207,0
-36.1573448181152,0
-34.5425453186035,0
-34.3170776367188,0
-36.4195327758789,0
-39.3470726013184,0
-41.2272529602051,0
-41.3082275390625,0
-39.971809387207,0
-38.7046432495117,0
-39.2107353210449,0
-41.0064506530762,0
-41.1217765808105,0
-38.2560501098633,0
-35.8379669189453,0
-38.0180702209473,0
-43.5861282348633,0
-47.4842414855957,0
-48.1049423217773,0
-48.9710655212402,0
-52.4007415771484,0
-55.7326469421387,0
-55.8278274536133,0
-53.7066764831543,0
-52.0678329467773,0
-51.1492462158203,0
-49.9985389709473,0
-49.3716468811035,0
-50.123462677002,0
-50.6640701293945,0
-49.3299102783203,0
-47.6568946838379,0
-47.8733062744141,0
-48.6415939331055,0
-47.2195816040039,0
-44.8768577575684,0
-45.7778015136719,0
-50.4365692138672,0
-54.3902816772461,0
-54.0428504943848,0
-50.2107048034668,0
-45.1928100585938,0
-40.0802345275879,0
-36.0447845458984,0
-34.4333114624023,0
-33.805305480957,0
-30.3715686798096,0
-23.4859275817871,0
-17.4323425292969,0
-15.3332271575928,0
-14.4600276947021,0
-10.5846347808838,0
-4.15174627304077,0
1.41200804710388,0
5.24687814712524,0
8.96698093414307,0
12.5402917861938,0
14.2652711868286,0
14.0608911514282,0
13.144513130188,0
11.1958665847778,0
7.63284730911255,0
4.97242498397827,0
6.34827852249146,0
9.53182125091553,0
8.36104869842529,0
1.49474954605103,0
-4.96768188476562,0
-6.0390796661377,0
-4.80072641372681,0
-7.32988882064819,0
-13.9182462692261,0
-19.5338306427002,0
-21.1152820587158,0
-20.2130928039551,0
-19.2353954315186,0
-18.9818935394287,0
-19.8991851806641,0
-22.378942489624,0
-25.1651306152344,0
-25.9904804229736,0
-24.4068012237549,0
-22.1597290039062,0
-20.8375034332275,0
-21.1634349822998,0
-24.0420837402344,0
-29.3740882873535,0
-33.9639053344727,0
-34.1799392700195,0
-31.5413417816162,0
-32.1037178039551,0
-38.6012916564941,0
-46.4434928894043,0
-49.8400611877441,0
-48.970272064209,0
-48.0091934204102,0
-48.398738861084,0
-47.9805488586426,0
-45.7770614624023,0
-43.7098197937012,0
-43.2370491027832,0
-43.2896347045898,0
-42.3339538574219,0
-40.2953147888184,0
-37.6897010803223,0
-34.6099472045898,0
-31.2870807647705,0
-28.2557754516602,0
-25.3940029144287,0
-22.005823135376,0
-18.2866687774658,0
-15.5421161651611,0
-14.4826889038086,0
-14.2706937789917,0
-13.65638256073,0
-12.2809152603149,0
-10.6758518218994,0
-9.76008033752441,0
-10.3816757202148,0
-12.5105609893799,0
-14.9229927062988,0
-16.6161060333252,0
-18.3815040588379,0
-21.691873550415,0
-25.8557891845703,0
-27.6835594177246,0
-24.7816257476807,0
-18.3909301757812,0
-12.1909341812134,0
-8.69033718109131,0
-7.41484212875366,0
-6.47391939163208,0
-5.19709157943726,0
-4.58626699447632,0
-5.08334589004517,0
-4.79248476028442,0
-1.17923259735107,0
5.49758195877075,0
11.857889175415,0
15.0214262008667,0
15.2920398712158,0
14.5607585906982,0
13.4989576339722,0
11.5642423629761,0
8.6117992401123,0
5.00109338760376,0
0.851315021514893,0
-3.5028760433197,0
-7.04251480102539,0
-9.2906551361084,0
-11.2305355072021,0
-13.8021183013916,0
-16.4599609375,0
-18.5966300964355,0
-21.2292404174805,0
-25.4105548858643,0
-29.8640480041504,0
-32.2550010681152,0
-32.2085494995117,0
-31.0505428314209,0
-29.1611633300781,0
-25.9124393463135,0
-22.0127067565918,0
-19.5288162231445,0
-19.2627143859863,0
-19.9685325622559,0
-20.3458576202393,0
-20.088342666626,0
-18.9854717254639,0
-16.8597545623779,0
-14.4436025619507,0
-12.5431747436523,0
-10.5539455413818,0
-7.83372116088867,0
-6.03868103027344,0
-7.23979663848877,0
-9.80316638946533,0
-9.63877964019775,0
-6.31383514404297,0
-4.20737028121948,0
-5.89560127258301,0
-8.08490753173828,0
-6.85535335540771,0
-3.60467314720154,0
-1.9150607585907,0
-0.965104699134827,0
3.14922022819519,0
10.4760360717773,0
16.4109115600586,0
18.1431198120117,0
17.5468769073486,0
16.7227172851562,0
15.0258893966675,0
12.504150390625,0
12.2404928207397,0
16.0351867675781,0
20.5818748474121,0
21.4499130249023,0
18.9040145874023,0
16.3401966094971,0
14.7775087356567,0
13.0459804534912,0
12.3033466339111,0
15.3823108673096,0
21.1395835876465,0
24.1685962677002,0
21.9913482666016,0
18.6990623474121,0
18.9600868225098,0
21.6627063751221,0
22.7276954650879,0
21.7688465118408,0
21.9337329864502,0
24.0874824523926,0
25.1754283905029,0
22.9694442749023,0
19.3794193267822,0
17.6767635345459,0
18.3910121917725,0
19.4314289093018,0
19.081657409668,0
17.4836959838867,0
15.7733974456787,0
14.9698448181152,0
15.5979814529419,0
17.5464305877686,0
20.1819076538086,0
23.0149021148682,0
26.1002311706543,0
29.2809524536133,0
31.3308200836182,0
30.8345966339111,0
28.1264991760254,0
25.3531093597412,0
24.0413589477539,0
23.5773544311523,0
22.969087600708,0
22.9723415374756,0
24.7859840393066,0
27.340202331543,0
28.1502304077148,0
26.9513969421387,0
26.1185646057129,0
26.759801864624,0
26.8032646179199,0
24.4575843811035,0
21.4843254089355,0
20.859691619873,0
22.5640773773193,0
24.1070880889893,0
24.5632610321045,0
25.7076435089111,0
29.0937557220459,0
33.9183959960938,0
38.2099304199219,0
40.8389778137207,0
41.9924926757812,0
42.5450401306152,0
43.1380729675293,0
43.3351097106934,0
41.9630661010742,0
38.8678817749023,0
35.6485404968262,0
33.6908798217773,0
32.2199325561523,0
29.6628265380859,0
26.3841381072998,0
24.3522930145264,0
24.1667385101318,0
24.2222175598145,0
23.3720264434814,0
22.8737602233887,0
24.5095958709717,0
27.5443134307861,0
28.9045257568359,0
26.5873031616211,0
22.0643768310547,0
18.6009292602539,0
17.4247245788574,0
16.5612564086914,0
13.9395132064819,0
10.5794172286987,0
9.35141563415527,0
11.2279443740845,0
14.7686367034912,0
19.3576946258545,0
26.4640293121338,0
36.4766845703125,0
46.4540367126465,0
53.1885757446289,0
57.3503227233887,0
62.3719062805176,0
69.7411499023438,0
77.4418640136719,0
82.8788070678711,0
85.3939590454102,0
85.7506561279297,0
85.0003509521484,0
84.4266052246094,0
85.1054382324219,0
86.745246887207,0
87.9222030639648,0
87.8656005859375,0
87.0113067626953,0
85.6694107055664,0
83.726203918457,0
82.297248840332,0
83.8879165649414,0
89.3461074829102,0
95.7085189819336,0
98.8338317871094,0
97.7546081542969,0
94.8451156616211,0
91.9770660400391,0
88.4779663085938,0
83.4342346191406,0
78.2270050048828,0
75.2875518798828,0
75.0077819824219,0
75.234992980957,0
73.8150482177734,0
70.7527542114258,0
67.7971572875977,0
66.661506652832,0
67.8644561767578,0
70.6451950073242,0
73.5409927368164,0
75.369499206543,0
76.0709457397461,0
76.5165405273438,0
77.3275909423828,0
78.0584259033203,0
77.6748657226562,0
75.5913009643555,0
72.0966796875,0
68.111701965332,0
64.7500152587891,0
62.6345062255859,0
61.1622886657715,0
58.8407325744629,0
54.9535675048828,0
50.5227890014648,0
46.8800582885742,0
43.7348213195801,0
39.8260269165039,0
35.2807846069336,0
31.7941265106201,0
30.1957988739014,0
29.4809951782227,0
28.957763671875,0
29.598123550415,0
31.920373916626,0
34.1180953979492,0
34.2620849609375,0
33.296085357666,0
33.6037330627441,0
35.2298393249512,0
35.9817733764648,0
35.1214866638184,0
34.3638153076172,0
34.8415565490723,0
35.6415252685547,0
36.1803283691406,0
37.5527687072754,0
40.2245559692383,0
42.640552520752,0
43.7383575439453,0
44.7357025146484,0
46.4384727478027,0
46.7771377563477,0
43.6892700195312,0
39.0788650512695,0
36.8407363891602,0
37.4354057312012,0
37.407958984375,0
34.5241165161133,0
30.6953525543213,0
28.9971580505371,0
29.9952087402344,0
32.2060470581055,0
34.5569534301758,0
37.0568656921387,0
40.0191230773926,0
43.673511505127,0
47.8550491333008,0
51.3906898498535,0
52.6668357849121,0
51.6212196350098,0
50.3338661193848,0
50.5827827453613,0
51.4102325439453,0
50.4334945678711,0
47.5151786804199,0
45.7848854064941,0
48.2804145812988,0
54.2768325805664,0
59.9043464660645,0
62.2386665344238,0
61.7695655822754,0
60.574535369873,0
59.2799415588379,0
57.0235710144043,0
53.7809944152832,0
51.0558967590332,0
50.0148735046387,0
50.2554740905762,0
50.8288230895996,0
51.2313385009766,0
50.9200019836426,0
49.3163223266602,0
47.0995407104492,0
45.9342918395996,0
45.7244300842285,0
43.8357620239258,0
38.9541244506836,0
34.2466011047363,0
33.9468574523926,0
37.3909797668457,0
39.4483070373535,0
37.1706237792969,0
33.1077842712402,0
30.9917335510254,0
30.8374691009521,0
30.1902523040771,0
28.1511459350586,0
25.7528209686279,0
23.5391750335693,0
21.1967716217041,0
19.017147064209,0
17.4387340545654,0
15.3266563415527,0
10.9723320007324,0
5.0625467300415,0
0.524975955486298,0
-1.20112264156342,0
-1.75525903701782,0
-2.8351788520813,0
-3.60753560066223,0
-2.6170015335083,0
-0.559223175048828,0
0.883752584457397,0
1.89523088932037,0
4.0717191696167,0
7.72827005386353,0
11.7393169403076,0
15.6717758178711,0
19.8861846923828,0
23.7185306549072,0
26.058572769165,0
27.9954586029053,0
32.2155838012695,0
38.9059104919434,0
44.7943687438965,0
47.4309921264648,0
47.7813262939453,0
47.0151596069336,0
43.8356552124023,0
37.8386764526367,0
32.8020553588867,0
32.5369606018066,0
34.9443817138672,0
34.6324195861816,0
30.8538818359375,0
28.0206050872803,0
27.9065952301025,0
26.6469650268555,0
21.6874046325684,0
16.9047985076904,0
17.0010089874268,0
20.3032207489014,0
21.7746696472168,0
20.9696884155273,0
21.8083362579346,0
25.2080078125,0
27.3484439849854,0
26.2339668273926,0
25.1568050384521,0
27.2935218811035,0
30.6468620300293,0
31.5722675323486,0
30.7309188842773,0
31.8670845031738,0
35.9706916809082,0
40.2038955688477,0
42.3423538208008,0
43.1551361083984,0
43.9886703491211,0
44.6154479980469,0
44.2888107299805,0
42.8888931274414,0
40.1959228515625,0
35.7618980407715,0
30.2681293487549,0
25.4076519012451,0
21.7810897827148,0
18.6405563354492,0
16.3106079101562,0
16.6065845489502,0
19.6194515228271,0
22.3887329101562,0
22.6973991394043,0
22.2379131317139,0
23.7161712646484,0
26.5538787841797,0
28.2971878051758,0
28.9934158325195,0
30.8471622467041,0
34.1231460571289,0
36.940975189209,0
39.285514831543,0
43.5746726989746,0
50.2262573242188,0
56.1139869689941,0
59.2928810119629,0
62.2396659851074,0
67.6855545043945,0
73.4072799682617,0
74.4758911132812,0
69.7991256713867,0
63.3379592895508,0
58.8760223388672,0
56.4071350097656,0
54.420841217041,0
53.2504348754883,0
54.3441543579102,0
57.4188537597656,0
60.1765823364258,0
60.7191352844238,0
59.0886993408203,0
56.4607009887695,0
53.9665107727051,0
52.657054901123,0
53.4910621643066,0
56.2725944519043,0
59.0128326416016,0
59.5182571411133,0
57.8026161193848,0
56.1030693054199,0
56.314323425293,0
58.2569847106934,0
60.685131072998,0
62.7551345825195,0
63.6747245788574,0
62.0781517028809,0
57.3129501342773,0
50.9940376281738,0
45.8558006286621,0
42.9863739013672,0
41.2726020812988,0
39.5717582702637,0
38.2079849243164,0
38.0233345031738,0
39.0548095703125,0
40.7372856140137,0
42.7498626708984,0
45.2540588378906,0
48.7012672424316,0
53.2557716369629,0
57.6019172668457,0
58.7769622802734,0
54.9658012390137,0
48.7078666687012,0
45.1580238342285,0
45.9871940612793,0
47.0231590270996,0
43.8293342590332,0
37.8509864807129,0
34.3400840759277,0
35.3909759521484,0
38.4656753540039,0
41.5800743103027,0
46.0147247314453,0
52.6417274475098,0
59.076286315918,0
62.8393745422363,0
64.8630828857422,0
67.3497695922852,0
70.246955871582,0
72.661979675293,0
75.9707641601562,0
82.0513534545898,0
89.2959289550781,0
93.8332366943359,0
94.5743637084961,0
93.9779968261719,0
93.8488616943359,0
93.5792999267578,0
92.9014663696289,0
93.0775833129883,0
94.3561477661133,0
95.1073989868164,0
94.5663909912109,0
93.717658996582,0
92.4385528564453,0
88.8690948486328,0
83.2109909057617,0
79.0243453979492,0
78.4846649169922,0
79.1409912109375,0
78.0564346313477,0
76.6020584106445,0
77.8572082519531,0
81.2436828613281,0
83.4599227905273,0
83.5701751708984,0
83.4387588500977,0
83.6589965820312,0
82.7427597045898,0
80.4764556884766,0
78.659049987793,0
77.836799621582,0
76.2641448974609,0
73.0101165771484,0
69.4833908081055,0
66.8575897216797,0
64.4477386474609,0
61.9445419311523,0
61.0345153808594,0
63.0743293762207,0
66.7013092041016,0
69.4176483154297,0
70.5451812744141,0
71.2753753662109,0
72.5765686035156,0
74.1870269775391,0
75.2146835327148,0
75.1294860839844,0
74.6892395019531,0
75.897216796875,0
79.8112335205078,0
84.2363357543945,0
85.3167877197266,0
82.1157302856445,0
77.9410629272461,0
76.1980209350586,0
76.6506271362305,0
77.0172805786133,0
76.4254837036133,0
75.3715667724609,0
73.6511688232422,0
70.6809692382812,0
67.2676315307617,0
64.8740997314453,0
63.2583618164062,0
60.729061126709,0
56.8422813415527,0
53.147029876709,0
50.8941917419434,0
49.3958549499512,0
47.206371307373,0
44.0255546569824,0
40.9911499023438,0
39.5070877075195,0
39.6964569091797,0
39.7014923095703,0
37.3224449157715,0
33.1934852600098,0
31.1828632354736,0
33.9734001159668,0
39.1781425476074,0
42.175895690918,0
42.3525695800781,0
43.6275978088379,0
48.3927383422852,0
54.0558471679688,0
57.0687599182129,0
57.638069152832,0
58.1872062683105,0
59.2782669067383,0
59.8354759216309,0
60.0220375061035,0
60.8559226989746,0
61.5567169189453,0
60.2447128295898,0
57.3539428710938,0
55.6431465148926,0
56.2521781921387,0
57.076847076416,0
55.8829650878906,0
53.0876007080078,0
50.6229591369629,0
49.8130531311035,0
51.1486129760742,0
54.3071022033691,0
57.428539276123,0
58.2106742858887,0
56.8909530639648,0
56.3569297790527,0
57.9843292236328,0
59.2796440124512,0
57.4534111022949,0
53.5939292907715,0
51.022777557373,0
50.8353538513184,0
51.6302833557129,0
52.7290077209473,0
54.6875305175781,0
56.6769409179688,0
56.2426719665527,0
52.5130805969238,0
47.5215454101562,0
43.2936553955078,0
39.2021865844727,0
33.289867401123,0
25.0585174560547,0
15.8777122497559,0
7.31830501556396,0
-0.0575962588191032,0
-6.58047676086426,0
-12.707447052002,0
-18.3715953826904,0
-23.1059188842773,0
-26.7737331390381,0
-29.513240814209,0
-30.6799468994141,0
-29.0637683868408,0
-25.1349620819092,0
-21.7280349731445,0
-20.834602355957,0
-20.9372749328613,0
-19.7490711212158,0
-18.4785423278809,0
-20.2769985198975,0
-24.8806629180908,0
-28.4434700012207,0
-29.185152053833,0
-29.3797454833984,0
-30.3562507629395,0
-29.4575977325439,0
-24.5740127563477,0
-18.3040580749512,0
-14.027398109436,0
-10.3273372650146,0
-3.50336742401123,0
5.79294538497925,0
12.9014148712158,0
15.9539022445679,0
18.1771602630615,0
22.5238876342773,0
27.4144725799561,0
29.3894538879395,0
27.7102069854736,0
24.904260635376,0
24.2666683197021,0
27.5805206298828,0
33.6719589233398,0
38.578670501709,0
38.9011726379395,0
35.7768402099609,0
33.9336128234863,0
36.0609855651855,0
39.6914596557617,0
40.4039764404297,0
36.5532112121582,0
30.1157245635986,0
24.6088256835938,0
23.1526374816895,0
26.7591190338135,0
32.9065284729004,0
36.8658676147461,0
35.8829803466797,0
31.5715274810791,0
27.6203632354736,0
26.2465801239014,0
27.5157070159912,0
30.5148143768311,0
33.8139190673828,0
35.9737968444824,0
37.1727828979492,0
39.6632118225098,0
45.4150314331055,0
53.981517791748,0
63.6232223510742,0
73.4025497436523,0
82.7841644287109,0
90.2751922607422,0
94.4081649780273,0
95.6797256469727,0
95.9385375976562,0
96.2956466674805,0
97.1513061523438,0
99.4326782226562,0
103.41219329834,0
106.559623718262,0
105.426399230957,0
100.358352661133,0
95.6610260009766,0
93.8869323730469,0
92.7862701416016,0
90.0282974243164,0
88.0339202880859,0
90.2606048583984,0
94.2726669311523,0
93.4530334472656,0
86.1241149902344,0
78.2184600830078,0
74.6996917724609,0
72.5000915527344,0
65.8003158569336,0
55.4575881958008,0
48.173225402832,0
47.1150207519531,0
48.3178215026855,0
47.1499557495117,0
43.9293594360352,0
41.2117462158203,0
39.2745018005371,0
37.2933349609375,0
36.4419708251953,0
38.4319267272949,0
42.3404197692871,0
45.9704971313477,0
49.4505271911621,0
54.3891143798828,0
59.9419555664062,0
63.0807647705078,0
63.1938705444336,0
63.3409805297852,0
65.8669815063477,0
69.4395904541016,0
71.8901138305664,0
73.4622344970703,0
75.014778137207,0
74.9309158325195,0
70.7770767211914,0
63.3913955688477,0
56.5446434020996,0
52.2358894348145,0
48.5448265075684,0
42.9212379455566,0
35.802906036377,0
29.7132148742676,0
25.9091320037842,0
23.4138469696045,0
21.0521984100342,0
19.1566066741943,0
18.8458003997803,0
20.1808948516846,0
21.5857982635498,0
21.2835350036621,0
19.2919521331787,0
17.7005558013916,0
18.5263862609863,0
21.3265647888184,0
23.5483589172363,0
23.5443534851074,0
22.6399459838867,0
23.5379486083984,0
27.0307273864746,0
31.274974822998,0
34.4285583496094,0
36.8764190673828,0
40.0456237792969,0
43.8907928466797,0
47.0406837463379,0
49.3153114318848,0
52.3367042541504,0
56.7862205505371,0
60.4697151184082,0
60.6685676574707,0
57.7324600219727,0
54.6851463317871,0
53.523063659668,0
53.5965385437012,0
53.6038589477539,0
53.114387512207,0
51.5056304931641,0
47.5502967834473,0
41.5642356872559,0
36.3841171264648,0
34.3483963012695,0
34.335563659668,0
33.7016410827637,0
32.3512496948242,0
32.6732025146484,0
35.7370071411133,0
39.9101829528809,0
43.5977554321289,0
47.1642799377441,0
51.2378349304199,0
54.929328918457,0
57.0559844970703,0
57.9030647277832,0
58.4106140136719,0
58.4194564819336,0
57.0954513549805,0
54.7579956054688,0
53.0529899597168,0
53.101749420166,0
54.157844543457,0
54.4483871459961,0
53.1863327026367,0
51.4482765197754,0
50.7068939208984,0
50.5663719177246,0
48.8637657165527,0
44.6151313781738,0
39.8194770812988,0
37.0426979064941,0
36.0534515380859,0
34.7021369934082,0
32.6068572998047,0
31.5371150970459,0
31.984769821167,0
32.0394973754883,0
30.6333351135254,0
29.3502445220947,0
29.4059791564941,0
29.1531753540039,0
26.8840789794922,0
24.3266544342041,0
24.4990520477295,0
26.9626560211182,0
28.0882225036621,0
25.9616889953613,0
22.4417419433594,0
19.9165515899658,0
18.3597259521484,0
16.6522998809814,0
15.0655651092529,0
14.95592212677,0
16.7848892211914,0
19.5837116241455,0
22.0929412841797,0
23.7594242095947,0
24.7909145355225,0
25.6139354705811,0
26.1129875183105,0
25.2334213256836,0
21.613353729248,0
14.8521423339844,0
6.11648893356323,0
-2.47328352928162,0
-9.03903388977051,0
-12.9299964904785,0
-14.9252157211304,0
-16.2239818572998,0
-16.8698596954346,0
-15.510666847229,0
-11.2021160125732,0
-5.05795383453369,0
0.596010327339172,0
4.50528144836426,0
7.29293966293335,0
10.2605285644531,0
14.1006450653076,0
18.4622287750244,0
21.8661060333252,0
22.3633213043213,0
19.5078411102295,0
15.611536026001,0
13.6513652801514,0
13.7114133834839,0
12.927583694458,0
9.36111831665039,0
4.3780345916748,0
0.568340122699738,0
-0.912504017353058,0
0.0881630703806877,0
3.67725443840027,0
8.39563941955566,0
10.4373865127563,0
7.28725242614746,0
1.54001033306122,0
-1.68574130535126,0
-1.01423573493958,0
0.285360425710678,0
-0.196637704968452,0
-0.899702906608582,0
0.00664199516177177,0
0.77339494228363,0
-1.6780332326889,0
-7.39002704620361,0
-13.6117057800293,0
-18.4001026153564,0
-21.877649307251,0
-24.5546073913574,0
-26.4474391937256,0
-27.7696132659912,0
-28.9072208404541,0
-29.609016418457,0
-29.3145084381104,0
-28.230619430542,0
-27.1438007354736,0
-26.3277339935303,0
-25.4660606384277,0
-24.3687152862549,0
-22.9931392669678,0
-21.229887008667,0
-19.4909610748291,0
-18.761116027832,0
-18.8521881103516,0
-17.3936977386475,0
-12.400502204895,0
-5.61956071853638,0
-1.25298523902893,0
-0.871254682540894,0
-1.47823679447174,0
0.406544059514999,0
4.44673728942871,0
7.78646421432495,0
9.31066226959229,0
10.4425888061523,0
12.1770906448364,0
13.7762041091919,0
15.0402994155884,0
17.7396068572998,0
23.2202262878418,0
29.7945804595947,0
34.1889495849609,0
34.9792976379395,0
33.1302223205566,0
29.7633781433105,0
25.2775325775146,0
20.5402526855469,0
16.8817443847656,0
14.2614717483521,0
10.9286556243896,0
5.5995306968689,0
-1.07655298709869,0
-7.46425342559814,0
-12.1349515914917,0
-14.2062816619873,0
-14.3108730316162,0
-15.2638835906982,0
-19.3475952148438,0
-24.4224414825439,0
-25.5579051971436,0
-21.5931644439697,0
-16.8596363067627,0
-14.5411205291748,0
-11.9829034805298,0
-5.96971702575684,0
0.534508764743805,0
1.81870198249817,0
-2.03020429611206,0
-5.28170967102051,0
-5.02476406097412,0
-4.33787202835083,0
-6.14191675186157,0
-8.79734992980957,0
-9.91260242462158,0
-10.4403829574585,0
-12.1397123336792,0
-14.0680093765259,0
-14.6846857070923,0
-15.0829601287842,0
-16.8680362701416,0
-18.4664001464844,0
-16.9363498687744,0
-12.6975498199463,0
-9.3568868637085,0
-8.95034503936768,0
-10.0226526260376,0
-10.5619525909424,0
-10.25306224823,0
-9.18163967132568,0
-6.73374032974243,0
-3.19765377044678,0
-0.714317917823792,0
-0.738261997699738,0
-1.35742425918579,0
0.924825668334961,0
6.6600170135498,0
12.3600454330444,0
14.7136993408203,0
14.6675004959106,0
15.8572463989258,0
19.5167694091797,0
22.9250431060791,0
23.5067443847656,0
22.5777225494385,0
23.2537937164307,0
25.7414569854736,0
27.143253326416,0
25.9385280609131,0
24.0875148773193,0
23.5137138366699,0
22.6711540222168,0
18.9193954467773,0
13.2665872573853,0
9.86899852752686,0
10.2873497009277,0
10.746844291687,0
6.94850730895996,0
0.125711038708687,0
-4.2827091217041,0
-3.80498170852661,0
-1.98828125,0
-3.13746786117554,0
-6.4987154006958,0
-8.11043357849121,0
-6.78861808776855,0
-4.89510679244995,0
-3.59231781959534,0
-1.21257531642914,0
2.59153580665588,0
4.77048301696777,0
3.42286944389343,0
1.64065062999725,0
3.5680103302002,0
8.33371829986572,0
11.364447593689,0
10.7892847061157,0
8.87003231048584,0
7.16775321960449,0
4.10189008712769,0
-1.50655555725098,0
-7.53210496902466,0
-11.0750875473022,0
-11.931037902832,0
-11.8435001373291,0
-11.8611488342285,0
-12.1229400634766,0
-12.9965314865112,0
-14.5486574172974,0
-15.5562314987183,0
-14.7471370697021,0
-12.7496919631958,0
-11.3512239456177,0
-10.8803358078003,0
-9.70044803619385,0
-6.63071441650391,0
-2.75706386566162,0
-0.108762316405773,0
0.920313954353333,0
2.0238356590271,0
4.80764102935791,0
8.70990180969238,0
11.5443716049194,0
12.0051107406616,0
11.0825576782227,0
10.7537059783936,0
11.8241024017334,0
13.673659324646,0
15.7140531539917,0
18.0711097717285,0
20.7087001800537,0
22.8384571075439,0
23.7212181091309,0
23.4898338317871,0
22.7884654998779,0
22.1856212615967,0
22.3131256103516,0
23.74782371521,0
25.997386932373,0
27.3998031616211,0
27.2197570800781,0
27.3326263427734,0
30.269214630127,0
35.5540657043457,0
39.6032867431641,0
39.8420944213867,0
37.5496406555176,0
35.7880249023438,0
35.7798843383789,0
36.505687713623,0
36.8695259094238,0
36.8351402282715,0
37.0052070617676,0
38.3641052246094,0
41.9216575622559,0
47.3588752746582,0
52.574146270752,0
55.8461570739746,0
57.6962356567383,0
59.0689239501953,0
58.74755859375,0
55.0897521972656,0
49.7949829101562,0
46.7514762878418,0
46.5853118896484,0
45.4290885925293,0
40.371280670166,0
33.2647895812988,0
27.2850036621094,0
22.4430484771729,0
17.2241077423096,0
12.5121517181396,0
10.2936353683472,0
9.28474712371826,0
5.4548168182373,0
-2.58873200416565,0
-11.4660482406616,0
-17.2310886383057,0
-19.7207374572754,0
-21.6382656097412,0
-24.8183994293213,0
-28.6905918121338,0
-31.7006187438965,0
-33.2130088806152,0
-34.1147232055664,0
-35.8196144104004,0
-38.4617576599121,0
-40.2509002685547,0
-39.2570190429688,0
-35.6899757385254,0
-31.5267868041992,0
-27.8688201904297,0
-23.756275177002,0
-18.0222682952881,0
-11.3289604187012,0
-5.47154140472412,0
-1.11783182621002,0
2.76279425621033,0
7.07378387451172,0
11.0202875137329,0
13.1521215438843,0
13.7734565734863,0
15.2065153121948,0
19.0239868164062,0
23.9368114471436,0
27.6349792480469,0
30.0424365997314,0
32.9540405273438,0
36.7184867858887,0
39.696418762207,0
41.5299034118652,0
44.1711502075195,0
48.0330581665039,0
49.705322265625,0
46.2059898376465,0
39.7469177246094,0
35.1602210998535,0
33.6906623840332,0
32.6946067810059,0
30.896951675415,0
30.1239395141602,0
31.3704776763916,0
32.7885856628418,0
32.9255905151367,0
33.0354652404785,0
34.6363945007324,0
37.2053909301758,0
39.6580009460449,0
41.6328086853027,0
41.931266784668,0
38.5980453491211,0
32.6669158935547,0
29.010196685791,0
30.5476474761963,0
33.8262786865234,0
33.656925201416,0
30.4390068054199,0
29.1721229553223,0
32.2006568908691,0
36.9221458435059,0
40.5888748168945,0
43.4218368530273,0
46.066535949707,0
47.4409408569336,0
46.8398284912109,0
45.706844329834,0
45.5664749145508,0
46.0319480895996,0
46.3663291931152,0
47.2423629760742,0
49.1987800598145,0
50.7768287658691,0
50.1509704589844,0
47.7477073669434,0
45.419864654541,0
43.5762939453125,0
40.9376640319824,0
36.9589614868164,0
32.7122230529785,0
28.9782562255859,0
24.8774871826172,0
19.2070846557617,0
12.3684978485107,0
6.16745281219482,0
1.9470089673996,0
-0.580127656459808,0
-2.73542284965515,0
-5.4904351234436,0
-8.81128311157227,0
-12.2664098739624,0
-15.9709243774414,0
-20.4525470733643,0
-25.4268131256104,0
-29.3028812408447,0
-30.6951026916504,0
-30.4038505554199,0
-31.1368370056152,0
-34.8815498352051,0
-40.9473419189453,0
-46.8443984985352,0
-50.5596351623535,0
-51.5778732299805,0
-50.4292869567871,0
-48.3231353759766,0
-47.0080986022949,0
-47.7205200195312,0
-49.8900833129883,0
-51.8269500732422,0
-53.0056495666504,0
-54.4462127685547,0
-56.1955451965332,0
-56.0709114074707,0
-52.6330261230469,0
-48.2776718139648,0
-46.8479690551758,0
-48.2459564208984,0
-48.0001411437988,0
-42.9583053588867,0
-35.0257720947266,0
-27.8501758575439,0
-22.0532817840576,0
-16.0968456268311,0
-10.3399324417114,0
-7.17378997802734,0
-7.28543853759766,0
-8.42681694030762,0
-8.45818710327148,0
-7.61030721664429,0
-7.04196071624756,0
-6.88709211349487,0
-6.61188793182373,0
-5.96805810928345,0
-4.82952547073364,0
-3.27526116371155,0
-2.35647106170654,0
-3.25959992408752,0
-4.91901826858521,0
-4.14508104324341,0
0.554398775100708,0
6.67939424514771,0
10.8291025161743,0
12.9887733459473,0
16.0326633453369,0
21.8071575164795,0
29.5607566833496,0
37.7360458374023,0
45.3882369995117,0
51.9612808227539,0
57.4562835693359,0
62.9221305847168,0
69.1592330932617,0
74.8198165893555,0
77.4868087768555,0
76.9356231689453,0
75.5932235717773,0
75.2575302124023,0
75.1949462890625,0
74.3497085571289,0
73.5027465820312,0
73.6745681762695,0
73.9371337890625,0
72.9035110473633,0
71.4661636352539,0
71.6913986206055,0
73.2251968383789,0
73.253791809082,0
70.5838241577148,0
67.5107650756836,0
66.4192123413086,0
66.4146575927734,0
65.0862426757812,0
62.1324768066406,0
58.9041442871094,0
55.2268562316895,0
49.6394996643066,0
43.084846496582,0
39.3520927429199,0
40.1650390625,0
41.9148788452148,0
39.5698051452637,0
32.7934417724609,0
25.9468078613281,0
22.4436340332031,0
21.2988739013672,0
19.4750595092773,0
15.659143447876,0
10.8488607406616,0
6.54204416275024,0
3.43513917922974,0
1.28415620326996,0
-0.773687660694122,0
-3.5019850730896,0
-6.72111034393311,0
-9.39795112609863,0
-10.7599201202393,0
-10.9486465454102,0
-10.3954086303711,0
-9.06424236297607,0
-6.76462030410767,0
-3.91795134544373,0
-1.43181729316711,0
0.245210483670235,0
1.40964877605438,0
2.04536008834839,0
0.968657791614532,0
-2.87943410873413,0
-8.08359527587891,0
-11.1053905487061,0
-10.2432069778442,0
-8.32781028747559,0
-9.66903495788574,0
-14.6575326919556,0
-19.453800201416,0
-21.1808757781982,0
-21.0916442871094,0
-21.6878910064697,0
-22.9624118804932,0
-23.2149543762207,0
-21.9620227813721,0
-20.0271797180176,0
-17.7786903381348,0
-15.3060493469238,0
-13.8032865524292,0
-14.8315105438232,0
-18.1378574371338,0
-21.5033798217773,0
-22.8284816741943,0
-21.6736450195312,0
-19.2786254882812,0
-17.9163246154785,0
-19.372859954834,0
-22.7887897491455,0
-24.7287101745605,0
-22.832763671875,0
-18.7960872650146,0
-16.2131385803223,0
-16.1085395812988,0
-16.4630451202393,0
-15.7371883392334,0
-14.5558748245239,0
-13.5713882446289,0
-11.8585453033447,0
-8.55374050140381,0
-4.65627908706665,0
-1.92497861385345,0
-0.639316856861115,0
0.634022653102875,0
3.28740358352661,0
7.06873893737793,0
10.0833358764648,0
10.5705499649048,0
9.03798675537109,0
7.99433469772339,0
8.74708938598633,0
9.46673774719238,0
8.10665130615234,0
6.32125186920166,0
7.67031860351562,0
11.8298788070679,0
13.8793506622314,0
10.7799882888794,0
5.607581615448,0
2.96781063079834,0
2.68163919448853,0
1.33028173446655,0
-1.59490978717804,0
-3.3144109249115,0
-3.45493960380554,0
-5.86567831039429,0
-13.0298357009888,0
-21.7099838256836,0
-26.631664276123,0
-26.7940425872803,0
-25.7958164215088,0
-26.9129104614258,0
-30.1326313018799,0
-33.7665023803711,0
-36.9390335083008,0
-39.9503936767578,0
-43.2994842529297,0
-46.8452224731445,0
-49.5532493591309,0
-50.2612571716309,0
-49.1801986694336,0
-48.0667495727539,0
-48.0351867675781,0
-47.8463172912598,0
-45.736011505127,0
-42.5478057861328,0
-41.2338790893555,0
-43.0183334350586,0
-45.9388084411621,0
-48.018856048584,0
-50.0888175964355,0
-53.9325828552246,0
-58.9579315185547,0
-62.713680267334,0
-64.1030807495117,0
-64.0217590332031,0
-62.9183349609375,0
-59.8978004455566,0
-54.8574638366699,0
-49.6182174682617,0
-45.7640533447266,0
-42.673095703125,0
-38.9228248596191,0
-34.5752334594727,0
-30.6153793334961,0
-26.7746849060059,0
-21.4182796478271,0
-13.4885549545288,0
-3.54069304466248,0
6.9073657989502,0
16.1072902679443,0
22.6107082366943,0
26.3434791564941,0
28.9734916687012,0
31.9771614074707,0
34.5349617004395,0
34.7658538818359,0
32.8670692443848,0
31.1011962890625,0
30.3519496917725,0
28.9513740539551,0
26.0478248596191,0
23.8600444793701,0
24.382453918457,0
25.4204654693604,0
22.7628860473633,0
15.7365550994873,0
7.71609735488892,0
1.08466458320618,0
-5.20317888259888,0
-12.2408313751221,0
-18.6677436828613,0
-23.5492324829102,0
-28.8858642578125,0
-36.2133750915527,0
-42.7533683776855,0
-44.7438087463379,0
-43.6259078979492,0
-44.7327041625977,0
-49.6029052734375,0
-53.770622253418,0
-53.5652618408203,0
-51.2700843811035,0
-51.0840492248535,0
-53.1113929748535,0
-54.6840362548828,0
-55.5448303222656,0
-57.8864860534668,0
-61.9971885681152,0
-65.4537811279297,0
-66.941764831543,0
-68.0086975097656,0
-70.2555160522461,0
-72.9639282226562,0
-74.3497924804688,0
-73.4876327514648,0
-70.355094909668,0
-65.6016464233398,0
-60.9248313903809,0
-57.9852714538574,0
-56.0146636962891,0
-52.019645690918,0
-44.4550628662109,0
-35.2874336242676,0
-27.130859375,0
-19.7460079193115,0
-11.1872262954712,0
-1.37095773220062,0
7.81289911270142,0
15.6526260375977,0
23.4679737091064,0
31.8176765441895,0
38.979923248291,0
43.2793006896973,0
45.2736167907715,0
46.4033393859863,0
46.9353179931641,0
46.6742362976074,0
46.2780914306641,0
45.9464416503906,0
43.9202308654785,0
38.6229095458984,0
31.6801528930664,0
26.2795009613037,0
22.6932468414307,0
18.1502723693848,0
11.5344400405884,0
5.36563158035278,0
1.94300091266632,0
0.0201568268239498,0
-2.94097542762756,0
-7.08701801300049,0
-10.6379947662354,0
-12.6989088058472,0
-13.7726860046387,0
-14.2958154678345,0
-14.1671390533447,0
-13.2419862747192,0
-11.457724571228,0
-9.23949241638184,0
-8.18055152893066,0
-9.80933475494385,0
-12.9707450866699,0
-14.2615261077881,0
-12.1844396591187,0
-9.05631542205811,0
-7.56422233581543,0
-7.48623275756836,0
-7.42541456222534,0
-7.59195375442505,0
-8.67546367645264,0
-9.89496517181396,0
-10.666088104248,0
-12.5022983551025,0
-16.5289459228516,0
-20.6332569122314,0
-22.1547088623047,0
-22.2422904968262,0
-24.2425003051758,0
-28.5127925872803,0
-32.2832145690918,0
-34.3644218444824,0
-36.4047622680664,0
-39.0952606201172,0
-40.5313835144043,0
-39.4175872802734,0
-37.1588478088379,0
-35.5187797546387,0
-34.3559379577637,0
-32.7974128723145,0
-30.8040332794189,0
-28.5558166503906,0
-25.8282051086426,0
-22.6800441741943,0
-19.2567768096924,0
-14.569995880127,0
-7.42097854614258,0
0.872957348823547,0
6.74007892608643,0
8.25832939147949,0
6.96764612197876,0
5.04067039489746,0
2.91921281814575,0
1.00409531593323,0
1.11515045166016,0
3.80601620674133,0
5.93475580215454,0
3.91604161262512,0
-1.16981709003448,0
-4.56259346008301,0
-4.10917615890503,0
-2.83125066757202,0
-4.06825113296509,0
-6.39760971069336,0
-5.75092220306396,0
-1.60161459445953,0
1.74370408058167,0
0.697380840778351,0
-2.90161395072937,0
-4.29474067687988,0
-1.81751215457916,0
1.70956325531006,0
3.29558706283569,0
3.19282102584839,0
3.30348896980286,0
4.08232641220093,0
4.40141773223877,0
3.37297534942627,0
0.999532341957092,0
-2.24341177940369,0
-5.43346738815308,0
-7.6120080947876,0
-9.14231014251709,0
-11.6843385696411,0
-15.7499589920044,0
-19.5599002838135,0
-21.88694190979,0
-24.7040691375732,0
-30.7148380279541,0
-39.0588760375977,0
-46.1252555847168,0
-50.4325790405273,0
-53.9188575744629,0
-58.0121726989746,0
-61.3032341003418,0
-62.3461799621582,0
-62.3322563171387,0
-63.2117080688477,0
-64.9193649291992,0
-66.2495422363281,0
-67.0065689086914,0
-67.3439636230469,0
-66.1848907470703,0
-62.5773658752441,0
-58.0445365905762,0
-55.3883590698242,0
-55.2284202575684,0
-55.6200180053711,0
-55.1280174255371,0
-54.3037338256836,0
-53.720775604248,0
-52.549919128418,0
-50.1458282470703,0
-47.554084777832,0
-46.0544395446777,0
-45.0502662658691,0
-42.7208786010742,0
-38.4028091430664,0
-33.2345428466797,0
-28.4687442779541,0
-23.8764514923096,0
-17.9525604248047,0
-9.47336101531982,0
0.995790004730225,0
11.0767679214478,0
18.5203971862793,0
23.307300567627,0
27.2433395385742,0
31.4711608886719,0
35.4836845397949,0
38.992488861084,0
43.3381004333496,0
49.8016319274902,0
57.3991165161133,0
63.7539710998535,0
67.7098388671875,0
69.8451461791992,0
70.8118133544922,0
70.5146636962891,0
68.8048400878906,0
65.8072967529297,0
61.6200141906738,0
56.6456336975098,0
51.9565048217773,0
48.3497085571289,0
45.4725723266602,0
42.8942527770996,0
41.1834297180176,0
40.3912582397461,0
38.4786987304688,0
33.5812644958496,0
27.2516899108887,0
22.6803455352783,0
19.8530960083008,0
15.6695308685303,0
9.23519897460938,0
3.34338092803955,0
-0.599926233291626,0
-5.24517869949341,0
-12.4649257659912,0
-19.4679718017578,0
-23.3434257507324,0
-26.6271419525146,0
-33.7441902160645,0
-43.4396743774414,0
-49.6459617614746,0
-49.6817779541016,0
-47.0627059936523,0
-45.6522521972656,0
-45.449405670166,0
-45.5798301696777,0
-47.2637176513672,0
-51.1886672973633,0
-54.9639663696289,0
-56.0993537902832,0
-55.4729156494141,0
-55.2067985534668,0
-54.9333229064941,0
-53.1153259277344,0
-50.7542724609375,0
-50.4704818725586,0
-52.2132148742676,0
-52.9198799133301,0
-50.798267364502,0
-47.3234405517578,0
-44.2611618041992,0
-41.2040748596191,0
-37.4426307678223,0
-34.1701545715332,0
-32.6864128112793,0
-31.6040172576904,0
-28.2832717895508,0
-22.8674869537354,0
-18.5920391082764,0
-17.4019546508789,0
-17.1542911529541,0
-14.4956197738647,0
-9.19320678710938,0
-3.91898322105408,0
-0.513765931129456,0
1.62432217597961,0
3.70934152603149,0
6.16812181472778,0
9.27344131469727,0
13.0627717971802,0
15.9239768981934,0
15.4202213287354,0
11.8696441650391,0
9.19944286346436,0
10.4702453613281,0
14.2556819915771,0
17.6281433105469,0
21.007007598877,0
26.8035182952881,0
34.0576171875,0
38.3163681030273,0
37.6219253540039,0
35.3001823425293,0
35.1787109375,0
36.6900863647461,0
36.8594627380371,0
35.1502571105957,0
33.765007019043,0
34.1784210205078,0
35.7857475280762,0
37.5846061706543,0
39.084903717041,0
39.582576751709,0
38.417121887207,0
36.327507019043,0
35.1340789794922,0
35.5984992980957,0
36.5832405090332,0
36.6126823425293,0
35.4086380004883,0
33.7236442565918,0
32.453971862793,0
31.9753246307373,0
31.6675281524658,0
30.3951816558838,0
28.3721714019775,0
27.8968715667725,0
30.6153163909912,0
34.5171127319336,0
35.9214210510254,0
34.556209564209,0
33.9841003417969,0
36.0970764160156,0
38.029483795166,0
36.4189300537109,0
32.2527275085449,0
28.8001174926758,0
26.5104999542236,0
23.0910205841064,0
17.6843490600586,0
11.7927122116089,0
6.36286878585815,0
0.989904344081879,0
-3.85588645935059,0
-6.78827285766602,0
-8.36407279968262,0
-11.3061952590942,0
-16.7124557495117,0
-22.0730876922607,0
-24.1827869415283,0
-22.438362121582,0
-18.5291957855225,0
-14.6629247665405,0
-12.9179134368896,0
-14.3865575790405,0
-17.6289348602295,0
-19.4193019866943,0
-18.2112674713135,0
-15.6082239151001,0
-13.5040435791016,0
-11.4288911819458,0
-8.14211177825928,0
-4.39264535903931,0
-2.20384359359741,0
-2.1444206237793,0
-2.99275231361389,0
-3.72574186325073,0
-4.33377265930176,0
-4.802001953125,0
-4.71661233901978,0
-4.16874265670776,0
-3.94167017936707,0
-4.1976580619812,0
-3.61990022659302,0
-0.615571737289429,0
4.68433237075806,0
10.1528882980347,0
13.5774240493774,0
14.45823097229,0
13.6408405303955,0
11.76247215271,0
8.9270486831665,0
5.59277391433716,0
2.46692037582397,0
-0.735402584075928,0
-5.13242387771606,0
-10.6745157241821,0
-15.5089225769043,0
-18.208475112915,0
-19.5951728820801,0
-21.3596057891846,0
-23.7672939300537,0
-25.7564125061035,0
-26.4908046722412,0
-25.7889614105225,0
-23.7925662994385,0
-21.2173976898193,0
-19.1614665985107,0
-17.75830078125,0
-15.9820642471313,0
-13.6958627700806,0
-12.5116415023804,0
-13.2098035812378,0
-13.738377571106,0
-11.7473173141479,0
-7.93983459472656,0
-4.50639533996582,0
-1.06412100791931,0
4.85668134689331,0
13.144061088562,0
19.8393230438232,0
21.6690559387207,0
19.7765464782715,0
17.676815032959,0
17.1095428466797,0
17.2809772491455,0
16.9614067077637,0
15.788477897644,0
14.129204750061,0
12.9191398620605,0
13.2500734329224,0
15.061466217041,0
16.5224056243896,0
15.6770648956299,0
12.5639762878418,0
8.87045478820801,0
5.63447427749634,0
2.28866410255432,0
-1.7939350605011,0
-5.74332714080811,0
-7.99359703063965,0
-8.44466209411621,0
-9.06036186218262,0
-11.8108406066895,0
-16.2337532043457,0
-19.7939109802246,0
-21.0074787139893,0
-21.3361167907715,0
-22.8588562011719,0
-24.6717643737793,0
-23.6264457702637,0
-19.0696544647217,0
-14.5606374740601,0
-13.2446794509888,0
-13.407901763916,0
-11.2118539810181,0
-6.6689019203186,0
-3.49741673469543,0
-2.96136879920959,0
-1.46871757507324,0
4.15822601318359,0
11.9296283721924,0
17.5854072570801,0
20.2688827514648,0
22.5532493591309,0
25.8131847381592,0
28.3227996826172,0
27.9759826660156,0
24.8301372528076,0
20.5410614013672,0
16.5920028686523,0
13.3494863510132,0
10.0061502456665,0
5.48362064361572,0
-0.060808390378952,0
-5.25123357772827,0
-9.73712348937988,0
-15.2708024978638,0
-23.103609085083,0
-31.3074970245361,0
-36.6226348876953,0
-38.363956451416,0
-38.3751525878906,0
-37.4774780273438,0
-34.5119438171387,0
-29.2904281616211,0
-24.0419502258301,0
-20.8152809143066,0
-19.2682094573975,0
-18.1778011322021,0
-17.4448585510254,0
-17.1092491149902,0
-15.7933330535889,0
-12.1523103713989,0
-7.36321973800659,0
-4.25392293930054,0
-3.65240025520325,0
-2.96093130111694,0
0.9009148478508,0
7.80823993682861,0
14.4456071853638,0
17.7752819061279,0
17.632755279541,0
15.5766401290894,0
12.245903968811,0
7.43814182281494,0
2.65241384506226,0
1.21365571022034,0
4.28583145141602,0
8.27584171295166,0
8.43196296691895,0
4.30758476257324,0
-0.636729836463928,0
-4.29252243041992,0
-7.74646186828613,0
-11.5939798355103,0
-13.9031963348389,0
-13.6689767837524,0
-13.5164604187012,0
-16.2833824157715,0
-20.702091217041,0
-23.3872680664062,0
-23.9770374298096,0
-25.0449829101562,0
-27.1101570129395,0
-27.1099300384521,0
-22.9724559783936,0
-17.2003307342529,0
-14.1160593032837,0
-14.9574527740479,0
-17.3727436065674,0
-18.8732318878174,0
-19.0143280029297,0
-18.3597393035889,0
-16.9751205444336,0
-14.7067842483521,0
-12.2048349380493,0
-10.8242845535278,0
-11.472131729126,0
-13.835503578186,0
-16.7073745727539,0
-18.8341388702393,0
-19.5285224914551,0
-18.9128913879395,0
-17.8194389343262,0
-17.1452331542969,0
-16.9437675476074,0
-16.3136215209961,0
-14.482253074646,0
-11.814341545105,0
-9.48947238922119,0
-8.48344421386719,0
-9.09377479553223,0
-10.8205347061157,0
-12.1777362823486,0
-11.5158033370972,0
-9.16848850250244,0
-8.04604721069336,0
-10.4372129440308,0
-14.5114192962646,0
-15.8939342498779,0
-12.8827257156372,0
-8.14641952514648,0
-4.73479747772217,0
-2.51619648933411,0
0.348555237054825,0
4.46417665481567,0
9.53081798553467,0
16.0646133422852,0
24.5438747406006,0
33.5223655700684,0
40.593017578125,0
44.9768867492676,0
47.5439300537109,0
48.6259841918945,0
47.6487312316895,0
44.982780456543,0
42.3872604370117,0
41.041259765625,0
40.2941398620605,0
38.8181419372559,0
36.121021270752,0
32.6902465820312,0
29.5151596069336,0
27.6553039550781,0
27.4707794189453,0
28.1441211700439,0
28.6281566619873,0
28.8651275634766,0
29.1633014678955,0
28.7421398162842,0
26.3018283843994,0
21.9935417175293,0
17.3026084899902,0
12.8127470016479,0
7.7582745552063,0
2.21810960769653,0
-2.13815808296204,0
-4.47021055221558,0
-6.13051080703735,0
-8.07730960845947,0
-8.44094562530518,0
-4.87288093566895,0
1.29359972476959,0
5.45720434188843,0
4.56468868255615,0
-0.11778999119997,0
-5.33967256546021,0
-9.25979423522949,0
-11.6279621124268,0
-12.09694480896,0
-10.2278509140015,0
-7.01245641708374,0
-4.71242761611938,0
-4.32475519180298,0
-4.10884094238281,0
-1.82622110843658,0
1.90194535255432,0
3.99292373657227,0
3.0860013961792,0
1.77371263504028,0
3.2900013923645,0
7.00663328170776,0
9.24684429168701,0
8.43067741394043,0
7.25009489059448,0
8.95404529571533,0
13.2442750930786,0
17.2344226837158,0
19.3105773925781,0
20.4045009613037,0
22.0155601501465,0
24.6821269989014,0
28.4649505615234,0
33.3811874389648,0
38.6661605834961,0
42.6431045532227,0
44.3392028808594,0
44.8703308105469,0
46.3742141723633,0
49.6002616882324,0
53.2101593017578,0
55.5098876953125,0
56.1608200073242,0
55.8926582336426,0
55.2527046203613,0
54.3016471862793,0
53.0961036682129,0
51.6807250976562,0
49.7467041015625,0
46.8827018737793,0
42.915584564209,0
37.4780616760254,0
29.898904800415,0
20.5985164642334,0
12.0170402526855,0
6.5662693977356,0
3.78098297119141,0
1.14967918395996,0
-2.26214718818665,0
-5.06980752944946,0
-6.78508329391479,0
-9.2388744354248,0
-13.4004898071289,0
-16.9227828979492,0
-16.9425487518311,0
-13.9776592254639,0
-10.9972229003906,0
-9.65972232818604,0
-9.57156944274902,0
-10.3993148803711,0
-12.2273693084717,0
-14.0177421569824,0
-14.1388130187988,0
-12.8726530075073,0
-12.4473810195923,0
-13.926082611084,0
-15.6527528762817,0
-15.4753761291504,0
-13.13010597229,0
-9.74742031097412,0
-6.39215660095215,0
-4.01977634429932,0
-3.63121843338013,0
-5.20496940612793,0
-7.17553901672363,0
-7.98951530456543,0
-7.52441215515137,0
-6.03886127471924,0
-2.65394830703735,0
3.55814552307129,0
11.3855533599854,0
18.0917167663574,0
22.3768310546875,0
25.2662086486816,0
27.7939777374268,0
29.4632759094238,0
29.8299674987793,0
30.1339836120605,0
31.9447593688965,0
34.9244689941406,0
37.1739845275879,0
37.398853302002,0
35.8583335876465,0
33.7344970703125,0
32.4316368103027,0
32.76708984375,0
33.7497634887695,0
32.8134460449219,0
28.5066394805908,0
22.5065097808838,0
17.9224224090576,0
16.2166919708252,0
16.7333450317383,0
18.0764865875244,0
18.4355278015137,0
15.8474969863892,0
10.3072347640991,0
4.67649221420288,0
1.25005459785461,0
-1.45009887218475,0
-5.7291841506958,0
-10.0137329101562,0
-11.1922082901001,0
-11.0535535812378,0
-15.2141857147217,0
-24.4737911224365,0
-32.2903442382812,0
-33.4611206054688,0
-30.9967575073242,0
-30.8603858947754,0
-33.457950592041,0
-34.7460899353027,0
-33.3943824768066,0
-31.9546546936035,0
-31.6782913208008,0
-30.5493450164795,0
-26.8853397369385,0
-21.6445388793945,0
-16.4915809631348,0
-11.967357635498,0
-8.07260608673096,0
-4.71945285797119,0
-1.3058854341507,0
2.48878383636475,0
5.49326419830322,0
6.37402868270874,0
6.10262489318848,0
7.1718111038208,0
10.1651802062988,0
12.9924268722534,0
14.0294351577759,0
14.3365907669067,0
15.9500942230225,0
19.1796855926514,0
22.4542293548584,0
24.13840675354,0
23.8899612426758,0
22.6582717895508,0
21.7210540771484,0
21.4771060943604,0
21.0796871185303,0
19.465202331543,0
16.7584075927734,0
14.6481952667236,0
15.4699087142944,0
20.387508392334,0
27.5167026519775,0
32.1774024963379,0
30.715389251709,0
24.5287170410156,0
18.6723480224609,0
15.8382368087769,0
13.6756391525269,0
9.1863317489624,0
3.44242191314697,0
-0.326598852872849,0
-1.64769768714905,0
-3.00019764900208,0
-6.00066709518433,0
-10.2535991668701,0
-15.635066986084,0
-22.6883678436279,0
-30.277811050415,0
-35.5878486633301,0
-37.6382713317871,0
-38.783145904541,0
-41.3876800537109,0
-44.5420532226562,0
-45.4797019958496,0
-43.1860656738281,0
-39.2148666381836,0
-35.6121597290039,0
-33.4076766967773,0
-32.9164924621582,0
-34.1786231994629,0
-36.604736328125,0
-38.9166145324707,0
-40.1986389160156,0
-40.918872833252,0
-42.2482795715332,0
-44.1607055664062,0
-44.9843521118164,0
-43.5577545166016,0
-41.1290969848633,0
-39.8611297607422,0
-39.8503227233887,0
-39.2495613098145,0
-37.2674674987793,0
-35.0754013061523,0
-33.3517570495605,0
-31.0721759796143,0
-27.6014251708984,0
-23.8310813903809,0
-20.0810565948486,0
-15.2532663345337,0
-9.81159782409668,0
-7.12259149551392,0
-9.1871509552002,0
-12.9677228927612,0
-14.0146455764771,0
-12.2664461135864,0
-10.8882055282593,0
-10.5789136886597,0
-9.21787357330322,0
-6.99334716796875,0
-7.27838182449341,0
-10.8797826766968,0
-13.188648223877,0
-9.67080307006836,0
-1.85104739665985,0
4.82878017425537,0
7.72660255432129,0
9.03604412078857,0
11.7101230621338,0
15.7831678390503,0
19.2871341705322,0
21.2752456665039,0
22.8059978485107,0
25.2861518859863,0
28.7461433410645,0
32.138729095459,0
34.8504333496094,0
37.111011505127,0
38.9640998840332,0
39.8626937866211,0
39.6785507202148,0
39.0888557434082,0
38.2506637573242,0
36.031909942627,0
31.5051288604736,0
25.4305820465088,0
19.2153759002686,0
13.0418672561646,0
6.11286735534668,0
-1.75481820106506,0
-9.83415222167969,0
-17.369270324707,0
-23.8121070861816,0
-28.6094551086426,0
-31.6651153564453,0
-33.6492500305176,0
-35.1339302062988,0
-35.9604568481445,0
-36.1579093933105,0
-36.761474609375,0
-38.8108901977539,0
-42.0283737182617,0
-45.1062355041504,0
-46.699348449707,0
-45.8860206604004,0
-42.8807067871094,0
-39.7406921386719,0
-38.7300758361816,0
-39.2363319396973,0
-38.2560882568359,0
-34.9465942382812,0
-32.1312561035156,0
-31.390697479248,0
-29.5158271789551,0
-23.2190494537354,0
-15.3495025634766,0
-12.0745391845703,0
-14.4299411773682,0
-16.947416305542,0
-15.1881055831909,0
-10.7022314071655,0
-7.17146778106689,0
-5.15584230422974,0
-2.97296905517578,0
-0.319030284881592,0
1.69711792469025,0
2.94781160354614,0
4.38065481185913,0
5.9772310256958,0
6.2091703414917,0
3.82312059402466,0
-0.362919837236404,0
-3.58128690719604,0
-3.40795421600342,0
-0.657545745372772,0
0.428992569446564,0
-3.77884149551392,0
-12.1193447113037,0
-19.8542575836182,0
-23.9757633209229,0
-25.6258811950684,0
-27.2590408325195,0
-29.7282199859619,0
-33.0283851623535,0
-37.7147789001465,0
-43.9235725402832,0
-50.2603721618652,0
-55.0124092102051,0
-57.5347747802734,0
-57.7493858337402,0
-55.8908424377441,0
-53.7275695800781,0
-53.9485816955566,0
-56.566234588623,0
-57.8552169799805,0
-55.1824493408203,0
-51.0964469909668,0
-49.5248832702637,0
-49.2726173400879,0
-45.431957244873,0
-37.2575607299805,0
-30.1867942810059,0
-28.318323135376,0
-28.6267700195312,0
-25.5509700775146,0
-18.6744346618652,0
-12.2222805023193,0
-8.28518009185791,0
-4.44392442703247,0
1.73490178585052,0
9.23714637756348,0
15.8340291976929,0
21.3139133453369,0
26.8465576171875,0
32.7138519287109,0
38.3222732543945,0
43.4880638122559,0
48.2421112060547,0
52.0705528259277,0
54.7488594055176,0
57.3693313598633,0
61.0012588500977,0
64.5381088256836,0
65.4603576660156,0
63.018913269043,0
59.3553123474121,0
56.9734649658203,0
56.2128448486328,0
55.8669586181641,0
55.2431030273438,0
54.498649597168,0
53.4435501098633,0
51.2447700500488,0
47.5900955200195,0
43.5028419494629,0
40.5495376586914,0
39.2640380859375,0
38.4900550842285,0
36.4731178283691,0
32.8040428161621,0
29.124532699585,0
27.5099811553955,0
28.2234706878662,0
29.5509243011475,0
29.7504138946533,0
28.4140129089355,0
25.8686408996582,0
22.3399715423584,0
18.3956890106201,0
15.4474039077759,0
14.867148399353,0
16.8083763122559,0
20.4045085906982,0
24.7552051544189,0
29.2329196929932,0
33.3520736694336,0
37.0503959655762,0
40.7424049377441,0
44.4498977661133,0
47.2563591003418,0
48.2718391418457,0
47.7208366394043,0
46.3943977355957,0
44.5635032653809,0
42.3521881103516,0
40.7096939086914,0
40.7960815429688,0
42.4343795776367,0
44.1626434326172,0
44.8717727661133,0
44.5671043395996,0
43.5268592834473,0
41.5771522521973,0
38.3630867004395,0
33.7891426086426,0
28.2859439849854,0
23.1421852111816,0
20.1069183349609,0
19.7459106445312,0
20.514778137207,0
20.5103054046631,0
19.9218654632568,0
20.5775184631348,0
23.1264533996582,0
25.97585105896,0
27.3485412597656,0
27.3323307037354,0
27.369743347168,0
28.408390045166,0
30.0433292388916,0
31.1881217956543,0
31.4043464660645,0
31.6418590545654,0
33.3934288024902,0
36.9772720336914,0
41.2821464538574,0
45.4750556945801,0
49.8857574462891,0
54.4617080688477,0
57.5870780944824,0
57.8164405822754,0
55.963264465332,0
54.023006439209,0
52.6351203918457,0
51.0121726989746,0
48.8287773132324,0
46.8020248413086,0
45.8657302856445,0
46.8132286071777,0
49.7749862670898,0
52.8447685241699,0
52.8252944946289,0
49.3903312683105,0
46.9591941833496,0
49.6252479553223,0
55.3133201599121,0
58.2188606262207,0
56.4512481689453,0
53.7374229431152,0
53.6641883850098,0
56.0065803527832,0
59.2045059204102,0
62.4279708862305,0
63.8298110961914,0
60.667724609375,0
53.5557556152344,0
47.5572814941406,0
46.393253326416,0
47.938346862793,0
48.0576515197754,0
46.5929832458496,0
46.2963676452637,0
47.4412078857422,0
47.2887344360352,0
44.729076385498,0
42.1845092773438,0
42.0820541381836,0
43.6657257080078,0
44.3714065551758,0
42.9716262817383,0
40.3651428222656,0
38.0164680480957,0
36.4328269958496,0
35.0216598510742,0
33.1280174255371,0
31.0961380004883,0
29.9777011871338,0
29.9994983673096,0
29.8317012786865,0
27.911096572876,0
24.2184562683105,0
20.2892761230469,0
17.6973743438721,0
16.884859085083,0
17.1178779602051,0
17.0333290100098,0
15.403621673584,0
11.953914642334,0
7.57681369781494,0
3.50134110450745,0
0.170901075005531,0
-2.97106170654297,0
-6.6463565826416,0
-10.8982925415039,0
-15.2072143554688,0
-19.3256206512451,0
-23.5903205871582,0
-28.130443572998,0
-32.2250595092773,0
-35.2199325561523,0
-37.8891830444336,0
-41.7858428955078,0
-47.0201530456543,0
-51.8326988220215,0
-54.8221549987793,0
-56.3150405883789,0
-56.8301887512207,0
-55.7933807373047,0
-53.2366371154785,0
-51.3898048400879,0
-52.4038963317871,0
-55.0218505859375,0
-55.5772247314453,0
-52.2172012329102,0
-46.3749580383301,0
-40.1974830627441,0
-34.4636535644531,0
-29.1964149475098,0
-24.3607730865479,0
-19.4389724731445,0
-13.9910507202148,0
-9.08208179473877,0
-6.3906888961792,0
-5.32078218460083,0
-2.89424705505371,0
2.47593951225281,0
8.7615213394165,0
13.1038618087769,0
15.4798698425293,0
18.2062759399414,0
22.6859683990479,0
27.9441184997559,0
31.9993705749512,0
33.8925971984863,0
34.5855979919434,0
35.9652214050293,0
38.4687576293945,0
40.2500457763672,0
39.9884185791016,0
39.705207824707,0
42.3569564819336,0
46.984302520752,0
49.6218223571777,0
49.6441802978516,0
51.2970695495605,0
56.941333770752,0
62.4729423522949,0
62.6327857971191,0
58.0121002197266,0
53.1853828430176,0
50.3157653808594,0
48.8076324462891,0
49.3258895874023,0
52.8845748901367,0
56.3558883666992,0
54.2416114807129,0
46.1513366699219,0
38.1946754455566,0
35.1439628601074,0
34.8852615356445,0
32.8941688537598,0
29.0253143310547,0
26.803653717041,0
27.9486618041992,0
30.8300094604492,0
33.7534484863281,0
37.0686645507812,0
41.4582824707031,0
45.6303977966309,0
46.7276916503906,0
43.1352233886719,0
36.720630645752,0
31.619083404541,0
30.1340751647949,0
30.5301456451416,0
29.9527244567871,0
28.4957237243652,0
28.2661037445068,0
29.087890625,0
28.272029876709,0
25.2172985076904,0
22.9532604217529,0
23.3050079345703,0
23.3493804931641,0
19.5173206329346,0
13.3824996948242,0
10.0135517120361,0
11.2321338653564,0
13.7998952865601,0
14.5564136505127,0
14.2223052978516,0
14.8290958404541,0
15.9658279418945,0
15.8229465484619,0
14.5651788711548,0
14.2141437530518,0
15.4790182113647,0
16.8419151306152,0
17.1642436981201,0
17.3997173309326,0
18.8311672210693,0
21.0480480194092,0
22.995662689209,0
24.9738521575928,0
27.8096370697021,0
30.5178604125977,0
30.9502220153809,0
29.2242813110352,0
28.4457530975342,0
30.6956520080566,0
33.8459587097168,0
34.2559547424316,0
31.7461338043213,0
29.7036037445068,0
30.4789352416992,0
33.0817222595215,0
36.0232963562012,0
39.9636192321777,0
45.6982192993164,0
51.1691665649414,0
53.1335105895996,0
51.592456817627,0
50.1573181152344,0
51.2918739318848,0
53.1151809692383,0
52.2781219482422,0
48.5910453796387,0
44.826114654541,0
42.5335731506348,0
40.3800888061523,0
37.1060981750488,0
33.9409217834473,0
32.5356903076172,0
31.9647808074951,0
29.9635200500488,0
26.6337699890137,0
24.6252918243408,0
25.3505573272705,0
27.1820869445801,0
28.2792053222656,0
29.1158924102783,0
30.5702228546143,0
31.2307586669922,0
29.063793182373,0
25.0415534973145,0
22.5337905883789,0
22.9008522033691,0
23.8941287994385,0
23.0497303009033,0
20.7510089874268,0
18.9948024749756,0
18.7671947479248,0
19.8208541870117,0
21.7292232513428,0
23.8752365112305,0
25.4186763763428,0
26.4845848083496,0
28.4390125274658,0
31.8265838623047,0
35.1302719116211,0
36.9812049865723,0
38.4218292236328,0
41.073429107666,0
43.994384765625,0
44.7497787475586,0
43.2776260375977,0
42.2457084655762,0
43.4406242370605,0
46.178768157959,0
49.595703125,0
53.7764167785645,0
57.6156539916992,0
58.3268394470215,0
55.0484275817871,0
50.9372940063477,0
49.4952125549316,0
50.2645530700684,0
50.246940612793,0
48.172477722168,0
44.9520530700684,0
41.1035766601562,0
36.6528244018555,0
33.0530815124512,0
32.1582717895508,0
33.148120880127,0
33.295825958252,0
32.244010925293,0
32.7168655395508,0
36.1381988525391,0
40.3186454772949,0
42.8327369689941,0
44.0924301147461,0
45.3401374816895,0
46.1204223632812,0
46.1276817321777,0
47.4588317871094,0
52.0866165161133,0
58.4092979431152,0
63.2157554626465,0
66.0968856811523,0
68.8644790649414,0
71.3306350708008,0
71.2387847900391,0
68.5321350097656,0
66.1237106323242,0
65.4402313232422,0
64.3899765014648,0
61.2673110961914,0
57.8437385559082,0
56.5896987915039,0
57.1374397277832,0
57.7039260864258,0
58.0995559692383,0
58.9128913879395,0
59.2377624511719,0
57.8445434570312,0
55.6948089599609,0
54.8267059326172,0
55.2997970581055,0
55.4544296264648,0
54.6972579956055,0
53.8643493652344,0
53.3111038208008,0
52.926342010498,0
53.599925994873,0
56.0422439575195,0
58.2019348144531,0
56.7390975952148,0
51.7162322998047,0
47.2346000671387,0
46.42041015625,0
48.0864448547363,0
49.4309768676758,0
49.6335487365723,0
49.2685050964355,0
48.5131683349609,0
48.0837249755859,0
50.0418243408203,0
55.0899810791016,0
60.3295974731445,0
62.3596305847168,0
61.7539215087891,0
61.7091865539551,0
62.8324737548828,0
62.5157279968262,0
59.7100105285645,0
56.8346710205078,0
55.5350761413574,0
53.6507911682129,0
48.8904609680176,0
43.3032569885254,0
40.8733787536621,0
41.5815353393555,0
41.0805778503418,0
36.4990882873535,0
29.8968963623047,0
25.179967880249,0
23.7906646728516,0
24.5459499359131,0
25.8237171173096,0
26.4100532531738,0
25.6539993286133,0
24.5338726043701,0
25.595386505127,0
30.0313396453857,0
35.4073944091797,0
38.0854263305664,0
37.6457366943359,0
37.1100120544434,0
38.7404479980469,0
41.5096855163574,0
43.3220252990723,0
43.9890518188477,0
44.7285118103027,0
45.8050270080566,0
46.2666549682617,0
45.8631362915039,0
45.9523391723633,0
48.0361289978027,0
52.0131301879883,0
56.4063987731934,0
60.0153846740723,0
62.6467094421387,0
64.1809539794922,0
63.9909629821777,0
62.2333297729492,0
60.854549407959,0
61.4504623413086,0
62.2304649353027,0
59.539234161377,0
53.3154106140137,0
48.3782958984375,0
48.0627746582031,0
48.8518943786621,0
44.8705787658691,0
36.6211090087891,0
31.0455207824707,0
32.4798927307129,0
37.5764312744141,0
40.8093223571777,0
41.4362869262695,0
42.3009834289551,0
44.4013290405273,0
46.1402168273926,0
46.7990341186523,0
47.487377166748,0
48.6109580993652,0
48.6775131225586,0
45.9458808898926,0
39.9643478393555,0
31.7434692382812,0
23.6099987030029,0
18.2110538482666,0
16.1401329040527,0
15.1378698348999,0
13.1199264526367,0
11.1474618911743,0
11.6044988632202,0
14.4262971878052,0
17.5595741271973,0
20.4661312103271,0
24.1565322875977,0
27.7068138122559,0
27.9863395690918,0
23.9301681518555,0
18.5093364715576,0
15.2072381973267,0
14.7930192947388,0
16.7505664825439,0
21.2181816101074,0
27.3553695678711,0
31.8881645202637,0
32.0679054260254,0
29.1691703796387,0
26.806812286377,0
26.5091934204102,0
27.0970592498779,0
27.790283203125,0
29.3468627929688,0
31.8010883331299,0
33.1806793212891,0
31.4857845306396,0
26.9784717559814,0
21.9429168701172,0
18.7770557403564,0
18.4691982269287,0
20.2487087249756,0
22.3927555084229,0
23.5651397705078,0
23.4036617279053,0
22.1257133483887,0
20.4913330078125,0
20.1559734344482,0
22.4237689971924,0
25.840970993042,0
26.7605037689209,0
23.7984409332275,0
20.1313400268555,0
19.2415962219238,0
19.7023582458496,0
17.0506591796875,0
10.337495803833,0
3.67924380302429,0
0.84428071975708,0
1.17211937904358,0
1.97869646549225,0
2.4684784412384,0
3.45828366279602,0
5.00749444961548,0
6.40407848358154,0
7.6168155670166,0
9.00052452087402,0
10.0034494400024,0
9.64185333251953,0
8.14622211456299,0
6.99416637420654,0
7.18106842041016,0
8.17679786682129,0
8.76756191253662,0
8.5544548034668,0
8.39017963409424,0
9.18241691589355,0
10.2683200836182,0
9.6880521774292,0
6.78903818130493,0
3.76496720314026,0
3.12111878395081,0
4.09350252151489,0
3.75409698486328,0
1.85549366474152,0
1.88692271709442,0
5.95335149765015,0
11.1083745956421,0
13.2830495834351,0
13.2202577590942,0
15.3967962265015,0
21.6845016479492,0
29.4083786010742,0
36.0454940795898,0
42.4232559204102,0
49.5601425170898,0
55.1795539855957,0
56.3610153198242,0
54.3978042602539,0
53.890193939209,0
56.8888053894043,0
60.4681777954102,0
60.9162521362305,0
58.2683792114258,0
55.2406120300293,0
53.0500564575195,0
50.2800903320312,0
45.7356834411621,0
40.7825927734375,0
38.0326805114746,0
38.2208824157715,0
39.0945930480957,0
37.6060028076172,0
33.0039939880371,0
27.3695087432861,0
22.9985446929932,0
19.9118824005127,0
16.646671295166,0
12.9321708679199,0
10.1876163482666,0
9.22684001922607,0
8.86595821380615,0
7.45258331298828,0
4.68570137023926,0
1.28729224205017,0
-1.90489649772644,0
-3.68321776390076,0
-2.8113112449646,0
-0.133159965276718,0
0.944145739078522,0
-1.77646112442017,0
-5.69087553024292,0
-5.96796703338623,0
-1.64344453811646,0
3.34020328521729,0
5.6564884185791,0
6.52468538284302,0
8.78321647644043,0
12.4865751266479,0
15.8414163589478,0
18.9912986755371,0
23.7687950134277,0
29.8054885864258,0
33.7699432373047,0
33.4947776794434,0
30.8116397857666,0
28.9036521911621,0
28.3731784820557,0
27.6292743682861,0
26.1246376037598,0
25.1418838500977,0
25.5742893218994,0
26.7667198181152,0
27.8017158508301,0
28.3867721557617,0
28.1348400115967,0
26.5743198394775,0
24.4671001434326,0
23.4097747802734,0
23.0811920166016,0
20.5571250915527,0
14.0014753341675,0
5.78537797927856,0
0.00245674420148134,0
-2.27268958091736,0
-3.2296884059906,0
-4.55588102340698,0
-5.89955472946167,0
-6.95472812652588,0
-8.39087104797363,0
-9.98531150817871,0
-10.0806007385254,0
-7.99434900283813,0
-5.22596168518066,0
-3.26795363426208,0
-1.85577368736267,0
-0.352627515792847,0
0.87404865026474,0
1.59670841693878,0
2.43809032440186,0
3.0408079624176,0
1.3805079460144,0
-3.23669528961182,0
-8.07264232635498,0
-9.94053840637207,0
-8.93980693817139,0
-6.99510669708252,0
-4.08527421951294,0
1.08210754394531,0
7.26465749740601,0
10.8065996170044,0
10.0916738510132,0
7.45656156539917,0
6.00848197937012,0
6.4975266456604,0
7.94449329376221,0
9.55493927001953,0
11.1822271347046,0
13.090781211853,0
15.6730737686157,0
18.4493255615234,0
19.6434154510498,0
18.2151985168457,0
15.9123096466064,0
15.4096612930298,0
16.678524017334,0
17.3345527648926,0
16.3535575866699,0
14.861608505249,0
13.1510915756226,0
9.88805770874023,0
5.05210208892822,0
0.801409423351288,0
-1.79873812198639,0
-4.29218482971191,0
-7.71196174621582,0
-10.5494956970215,0
-11.5550775527954,0
-12.1027870178223,0
-13.675669670105,0
-15.1417932510376,0
-14.8538389205933,0
-13.6862163543701,0
-13.6173915863037,0
-14.7864065170288,0
-16.2764358520508,0
-18.4037380218506,0
-21.7586898803711,0
-25.1739711761475,0
-27.1973495483398,0
-28.6315822601318,0
-31.1181945800781,0
-34.119197845459,0
-35.9466209411621,0
-36.9551124572754,0
-38.7513122558594,0
-40.7166748046875,0
-40.5237083435059,0
-38.2106094360352,0
-36.5937347412109,0
-36.9601211547852,0
-37.1534881591797,0
-34.9298324584961,0
-30.8439235687256,0
-26.829158782959,0
-24.093017578125,0
-23.3139629364014,0
-24.6267032623291,0
-26.2820854187012,0
-25.5839347839355,0
-22.5478992462158,0
-20.5126476287842,0
-21.5794105529785,0
-23.5742664337158,0
-23.459041595459,0
-21.7907447814941,0
-21.376916885376,0
-22.9049339294434,0
-24.459005355835,0
-24.531587600708,0
-23.0917129516602,0
-20.1858406066895,0
-15.8915557861328,0
-11.6686849594116,0
-9.69075584411621,0
-10.4166812896729,0
-12.1036386489868,0
-12.7406578063965,0
-11.3940753936768,0
-8.11170387268066,0
-3.95517420768738,0
-0.809649884700775,0
0.313154935836792,0
0.542732715606689,0
1.41027188301086,0
2.41938543319702,0
2.07404112815857,0
0.818570137023926,0
0.701721489429474,0
1.92781388759613,0
1.87034857273102,0
-1.74643766880035,0
-8.2613525390625,0
-15.366307258606,0
-21.6245613098145,0
-26.9543437957764,0
-31.683032989502,0
-35.8717269897461,0
-38.947696685791,0
-39.7643737792969,0
-37.8519821166992,0
-34.763240814209,0
-33.1976356506348,0
-34.4649772644043,0
-37.5309829711914,0
-40.5611152648926,0
-42.4349670410156,0
-42.7250938415527,0
-41.4393501281738,0
-39.3160820007324,0
-37.6108894348145,0
-37.1785850524902,0
-38.1147193908691,0
-40.0356826782227,0
-41.9352607727051,0
-42.1698036193848,0
-39.8666458129883,0
-36.3171691894531,0
-33.6948585510254,0
-32.2872085571289,0
-30.3243389129639,0
-26.7778396606445,0
-22.8321723937988,0
-19.9336566925049,0
-17.7463874816895,0
-15.0999174118042,0
-12.0366792678833,0
-9.75114250183105,0
-8.97874641418457,0
-9.47258567810059,0
-10.8144674301147,0
-12.7608604431152,0
-14.7732858657837,0
-16.0734119415283,0
-16.4413814544678,0
-16.341329574585,0
-15.9732189178467,0
-14.9063749313354,0
-13.2487440109253,0
-12.4619159698486,0
-13.820237159729,0
-16.3450260162354,0
-17.8606929779053,0
-18.3665676116943,0
-20.4277153015137,0
-25.1452465057373,0
-29.7518749237061,0
-31.2730236053467,0
-30.9579372406006,0
-32.2101135253906,0
-35.0991325378418,0
-36.4287223815918,0
-35.1721076965332,0
-34.0259780883789,0
-34.6208305358887,0
-34.8905715942383,0
-33.0717926025391,0
-31.1103439331055,0
-31.6466941833496,0
-34.1423225402832,0
-36.4383659362793,0
-37.8505516052246,0
-38.2899208068848,0
-36.8166847229004,0
-33.9766159057617,0
-33.1120491027832,0
-35.8524055480957,0
-38.483325958252,0
-36.7397613525391,0
-32.1146545410156,0
-28.5674362182617,0
-24.6024360656738,0
-14.8348913192749,0
0.310505837202072,0
12.7157936096191,0
16.4480972290039,0
14.4156742095947,0
12.5458297729492,0
11.9864501953125,0
10.6258172988892,0
8.46971893310547,0
7.0163745880127,0
5.58429527282715,0
2.53107285499573,0
-1.21193134784698,0
-3.67722749710083,0
-6.03475093841553,0
-11.4138336181641,0
-19.7297611236572,0
-27.1994495391846,0
-31.4668045043945,0
-34.1645965576172,0
-37.5168304443359,0
-41.0416717529297,0
-42.9861297607422,0
-43.1238136291504,0
-42.6921882629395,0
-42.8377265930176,0
-44.3868637084961,0
-48.1543846130371,0
-54.0643081665039,0
-60.2697677612305,0
-64.2751998901367,0
-65.2854995727539,0
-65.14453125,0
-66.6581115722656,0
-70.7767791748047,0
-75.5019073486328,0
-78.0406494140625,0
-78.0784606933594,0
-78.0982055664062,0
-80.1499252319336,0
-83.4258270263672,0
-85.7864990234375,0
-86.429069519043,0
-85.7383346557617,0
-83.6527938842773,0
-80.0469589233398,0
-76.0314254760742,0
-72.8464279174805,0
-69.910758972168,0
-66.1722106933594,0
-63.0968551635742,0
-63.5966148376465,0
-67.5634536743164,0
-71.2190170288086,0
-71.9874267578125,0
-71.5248565673828,0
-72.4433441162109,0
-74.4037322998047,0
-75.5096130371094,0
-75.6318359375,0
-75.8832015991211,0
-76.1112213134766,0
-75.4315795898438,0
-74.3982086181641,0
-74.1741714477539,0
-74.0808410644531,0
-72.4409790039062,0
-69.6500701904297,0
-67.9461441040039,0
-67.9707412719727,0
-67.9653091430664,0
-66.9414215087891,0
-66.3550262451172,0
-67.5276718139648,0
-69.2212371826172,0
-69.2019195556641,0
-67.1139221191406,0
-64.5698089599609,0
-63.0700225830078,0
-62.7253341674805,0
-62.4706649780273,0
-60.8789138793945,0
-57.3485717773438,0
-53.0697975158691,0
-50.2449684143066,0
-49.8248596191406,0
-50.584529876709,0
-50.9361915588379,0
-50.9826240539551,0
-51.9927673339844,0
-54.249267578125,0
-56.3941345214844,0
-57.1366157531738,0
-56.9862594604492,0
-57.6781463623047,0
-59.9616813659668,0
-62.6802177429199,0
-64.421516418457,0
-65.1976165771484,0
-65.3673248291016,0
-63.6775436401367,0
-58.513671875,0
-51.2027893066406,0
-45.5596618652344,0
-43.1508712768555,0
-41.5060005187988,0
-38.5712356567383,0
-36.0972366333008,0
-35.9494705200195,0
-35.8054847717285,0
-32.5970840454102,0
-28.4738864898682,0
-28.4176044464111,0
-32.4328727722168,0
-35.3995361328125,0
-35.4130439758301,0
-36.789924621582,0
-42.4786415100098,0
-48.4508666992188,0
-49.4140243530273,0
-46.4580764770508,0
-44.6279602050781,0
-45.2563209533691,0
-45.2916450500488,0
-43.1314010620117,0
-40.7775497436523,0
-40.1627349853516,0
-40.8236618041992,0
-41.6672554016113,0
-42.2999267578125,0
-42.1871910095215,0
-40.8320274353027,0
-39.0650482177734,0
-37.992374420166,0
-36.6195793151855,0
-32.9677543640137,0
-27.7784080505371,0
-24.4023952484131,0
-24.2419128417969,0
-24.8957386016846,0
-23.9960803985596,0
-22.4011726379395,0
-21.9030342102051,0
-21.9737205505371,0
-21.0362281799316,0
-19.4020080566406,0
-18.4567012786865,0
-17.8597621917725,0
-16.1457023620605,0
-13.8476619720459,0
-13.4671535491943,0
-15.7901859283447,0
-18.2861309051514,0
-18.1739120483398,0
-15.6652374267578,0
-13.1688871383667,0
-12.4415311813354,0
-13.626763343811,0
-16.0882911682129,0
-18.6965408325195,0
-19.7885322570801,0
-18.5055866241455,0
-16.3759784698486,0
-16.2122116088867,0
-18.8793640136719,0
-22.2114353179932,0
-23.8081855773926,0
-23.8600482940674,0
-24.0926208496094,0
-24.7041721343994,0
-23.9701709747314,0
-20.8673362731934,0
-16.6067352294922,0
-13.0893068313599,0
-10.9565553665161,0
-9.68608093261719,0
-8.52557182312012,0
-6.62657070159912,0
-3.30241584777832,0
0.857144176959991,0
3.92208385467529,0
4.6881365776062,0
4.1271505355835,0
3.80770111083984,0
3.74522972106934,0
3.15469455718994,0
2.51631569862366,0
3.07062220573425,0
4.59633636474609,0
5.56899499893188,0
5.49888753890991,0
5.22700643539429,0
4.78106117248535,0
3.09052562713623,0
0.455582231283188,0
-0.870306432247162,0
0.201333627104759,0
1.64892446994781,0
0.992357730865479,0
-1.50632953643799,0
-3.8759446144104,0
-5.54080295562744,0
-7.66745519638062,0
-11.112603187561,0
-15.6225576400757,0
-20.6601276397705,0
-25.694393157959,0
-30.0427989959717,0
-33.5505981445312,0
-36.9246215820312,0
-40.3423004150391,0
-42.490608215332,0
-42.2639274597168,0
-40.5837097167969,0
-38.9847602844238,0
-37.220344543457,0
-34.1775436401367,0
-30.5012321472168,0
-27.9723072052002,0
-26.4786949157715,0
-24.1202278137207,0
-20.613260269165,0
-17.9927139282227,0
-17.0691909790039,0
-15.7407331466675,0
-12.4241714477539,0
-9.05580902099609,0
-8.45080089569092,0
-9.87910652160645,0
-9.56190204620361,0
-5.30837154388428,0
1.03892517089844,0
5.87187767028809,0
7.50029754638672,0
7.65374088287354,0
9.99530410766602,0
16.7841930389404,0
26.4689197540283,0
35.2504234313965,0
41.4910202026367,0
47.280590057373,0
54.6518478393555,0
61.9582405090332,0
66.0970153808594,0
67.0939025878906,0
67.6237182617188,0
68.3379440307617,0
66.9098663330078,0
62.4895133972168,0
58.0149269104004,0
56.1651000976562,0
55.2034530639648,0
51.2196578979492,0
43.2163314819336,0
33.684326171875,0
24.9756317138672,0
17.4600963592529,0
10.922553062439,0
5.37730121612549,0
0.122561857104301,0
-6.10916090011597,0
-13.4661684036255,0
-20.8259220123291,0
-27.5378265380859,0
-33.6884498596191,0
-38.3973770141602,0
-39.964183807373,0
-38.6432609558105,0
-37.2940292358398,0
-37.8304176330566,0
-38.6609764099121,0
-37.3043899536133,0
-33.9980125427246,0
-30.5867023468018,0
-27.0601043701172,0
-21.8656520843506,0
-15.2152214050293,0
-9.33846950531006,0
-5.14195251464844,0
-1.05772423744202,0
4.04191207885742,0
8.96630382537842,0
12.4117012023926,0
15.2757396697998,0
19.2349987030029,0
24.0408706665039,0
27.6181907653809,0
28.441858291626,0
27.0830955505371,0
25.8974266052246,0
27.5637035369873,0
33.1342735290527,0
41.0892333984375,0
49.0209655761719,0
56.2711372375488,0
63.7031936645508,0
70.945686340332,0
75.9271926879883,0
77.9101181030273,0
78.8727035522461,0
80.4220199584961,0
81.1898422241211,0
79.283317565918,0
75.8960571289062,0
74.0351028442383,0
74.2615585327148,0
74.0035247802734,0
71.0809783935547,0
65.9806747436523,0
60.3688545227051,0
54.9835205078125,0
49.6406059265137,0
44.3844909667969,0
40.0404663085938,0
37.7078590393066,0
37.3776512145996,0
36.9889183044434,0
34.0572395324707,0
28.9598770141602,0
25.1355609893799,0
24.6740016937256,0
25.1933002471924,0
23.0701446533203,0
18.4974822998047,0
14.7718143463135,0
13.34250831604,0
12.5223121643066,0
10.9838628768921,0
9.48147201538086,0
8.60823726654053,0
7.80193281173706,0
7.56549549102783,0
9.8082971572876,0
14.3905954360962,0
17.8266334533691,0
17.411865234375,0
14.5518379211426,0
11.8017091751099,0
8.58111476898193,0
2.74995756149292,0
-4.74725008010864,0
-10.106743812561,0
-11.5440807342529,0
-11.2256298065186,0
-11.8634490966797,0
-13.7371187210083,0
-15.8845748901367,0
-18.0557651519775,0
-20.0687484741211,0
-20.7990303039551,0
-19.5342826843262,0
-17.522029876709,0
-16.5710563659668,0
-16.4465942382812,0
-15.1057643890381,0
-11.5573740005493,0
-7.11907052993774,0
-3.28165197372437,0
0.59837931394577,0
6.34719657897949,0
13.9985303878784,0
20.9744052886963,0
24.8639297485352,0
26.3808975219727,0
28.4656524658203,0
32.3354454040527,0
35.6077003479004,0
35.3206977844238,0
32.0874137878418,0
29.6698017120361,0
30.3338394165039,0
32.2717247009277,0
32.4348678588867,0
30.4255599975586,0
28.0963306427002,0
26.3761863708496,0
24.5297966003418,0
22.1509380340576,0
19.6101455688477,0
16.2131519317627,0
10.168402671814,0
1.38222849369049,0
-7.63915300369263,0
-15.0420598983765,0
-22.0707988739014,0
-30.476188659668,0
-38.8719749450684,0
-43.9633979797363,0
-44.7956962585449,0
-43.6161231994629,0
-42.6643447875977,0
-42.0184783935547,0
-40.6718673706055,0
-38.0283164978027,0
-34.1828956604004,0
-30.1943168640137,0
-27.990364074707,0
-28.3406791687012,0
-29.02659034729,0
-26.9695091247559,0
-22.292537689209,0
-18.1860065460205,0
-16.4833641052246,0
-15.7922735214233,0
-14.7139682769775,0
-14.1633682250977,0
-14.7970628738403,0
-14.4740924835205,0
-10.8170871734619,0
-5.14700984954834,0
-1.5682178735733,0
-2.61689782142639,0
-7.51933574676514,0
-14.148868560791,0
-20.8170070648193,0
-26.2873859405518,0
-29.7331676483154,0
-31.0680313110352,0
-30.5305843353271,0
-28.1926460266113,0
-24.7272148132324,0
-22.019021987915,0
-21.6047630310059,0
-22.7518997192383,0
-23.4274234771729,0
-22.9802284240723,0
-22.3950672149658,0
-21.9999027252197,0
-20.8476581573486,0
-19.0380039215088,0
-18.8876457214355,0
-22.3332862854004,0
-28.0825958251953,0
-32.7884788513184,0
-34.6013031005859,0
-34.2071914672852,0
-32.6704025268555,0
-30.0177001953125,0
-26.4425220489502,0
-23.2928466796875,0
-21.6143646240234,0
-20.6112518310547,0
-18.8165760040283,0
-16.1352863311768,0
-13.3553199768066,0
-10.2324771881104,0
-5.94452047348022,0
-1.41898047924042,0
0.857520461082458,0
0.0319276377558708,0
-1.8495534658432,0
-2.69497561454773,0
-2.9434494972229,0
-4.21408987045288,0
-6.84664821624756,0
-10.0723428726196,0
-13.2834749221802,0
-15.6763706207275,0
-15.912184715271,0
-13.888858795166,0
-11.9084806442261,0
-12.3309097290039,0
-14.7563943862915,0
-16.9983997344971,0
-17.8868999481201,0
-17.547342300415,0
-16.199405670166,0
-14.7523965835571,0
-15.2946863174438,0
-18.3526439666748,0
-20.6747913360596,0
-18.8060817718506,0
-14.2273435592651,0
-11.5275259017944,0
-11.7455015182495,0
-11.494966506958,0
-9.19394683837891,0
-7.73136949539185,0
-9.05288410186768,0
-10.1129941940308,0
-7.33416271209717,0
-2.28594541549683,0
0.485743016004562,0
-0.536731421947479,0
-3.23276352882385,0
-5.84412002563477,0
-8.25491619110107,0
-10.0694255828857,0
-10.756422996521,0
-11.6222734451294,0
-14.5981769561768,0
-18.7222728729248,0
-20.6336154937744,0
-19.2803916931152,0
-17.5124454498291,0
-17.8260593414307,0
-18.9246196746826,0
-18.293384552002,0
-16.3307609558105,0
-15.5405282974243,0
-16.441556930542,0
-16.6884632110596,0
-14.4976263046265,0
-11.0686807632446,0
-8.63313961029053,0
-7.15762901306152,0
-4.30908870697021,0
1.28444516658783,0
7.66511964797974,0
11.1624441146851,0
10.3685445785522,0
7.96942567825317,0
8.2040319442749,0
12.6897964477539,0
19.2046775817871,0
24.4470901489258,0
27.2499961853027,0
28.8164653778076,0
30.6030464172363,0
32.8406867980957,0
34.8552207946777,0
35.892707824707,0
35.4753341674805,0
33.6914253234863,0
31.3872032165527,0
29.3735008239746,0
27.175220489502,0
23.4982509613037,0
18.5555553436279,0
14.88853931427,0
14.6442899703979,0
16.7205371856689,0
18.1898784637451,0
18.2867736816406,0
19.1723690032959,0
22.499942779541,0
27.0795249938965,0
30.7589511871338,0
33.0314483642578,0
34.6945419311523,0
36.3049659729004,0
38.2341270446777,0
40.9788703918457,0
43.8817749023438,0
44.6247978210449,0
41.8045883178711,0
37.2834129333496,0
34.1319046020508,0
32.8205718994141,0
31.5010280609131,0
29.6281452178955,0
28.6833820343018,0
28.8659820556641,0
27.6909236907959,0
23.3814373016357,0
17.9068145751953,0
14.8708915710449,0
15.3615884780884,0
17.5089931488037,0
19.4663219451904,0
21.0180759429932,0
22.2904205322266,0
22.6536350250244,0
21.7294063568115,0
20.4102535247803,0
19.739408493042,0
19.1756134033203,0
17.1289482116699,0
13.341326713562,0
9.59099197387695,0
7.38174486160278,0
6.02086782455444,0
4.36139965057373,0
3.73739910125732,0
6.97156858444214,0
14.0408115386963,0
20.919563293457,0
24.1690998077393,0
25.0244102478027,0
26.9602890014648,0
30.4300975799561,0
32.6750946044922,0
32.4759407043457,0
32.1512908935547,0
33.7870407104492,0
35.7813339233398,0
35.0347595214844,0
31.3595809936523,0
27.7032737731934,0
26.2750339508057,0
26.1461296081543,0
25.0422439575195,0
22.3119678497314,0
19.3993606567383,0
17.9633140563965,0
18.2392902374268,0
19.1083927154541,0
19.2169723510742,0
17.8854522705078,0
15.2572259902954,0
11.8496742248535,0
7.94764852523804,0
3.40980958938599,0
-1.74946296215057,0
-6.54620361328125,0
-9.20384502410889,0
-8.5338077545166,0
-4.94552087783813,0
0.203143790364265,0
5.85205793380737,0
11.3616037368774,0
16.0464115142822,0
19.6849422454834,0
23.1853084564209,0
27.3950443267822,0
31.2745361328125,0
32.8436851501465,0
32.2782707214355,0
32.2463569641113,0
34.2610206604004,0
36.4961128234863,0
36.7090606689453,0
35.7273368835449,0
35.9244956970215,0
37.3293075561523,0
37.8474922180176,0
37.1519508361816,0
37.8190879821777,0
41.943603515625,0
48.4698066711426,0
54.6297607421875,0
58.5211982727051,0
59.5361747741699,0
57.7362327575684,0
53.9527778625488,0
49.6312828063965,0
45.655029296875,0
41.8871002197266,0
38.2848167419434,0
35.4999237060547,0
33.8121681213379,0
32.5931587219238,0
31.6875858306885,0
32.2213172912598,0
34.801326751709,0
37.7397880554199,0
38.5774726867676,0
37.0416221618652,0
35.0535202026367,0
33.8436546325684,0
32.5013236999512,0
29.7530193328857,0
25.9110717773438,0
22.3015213012695,0
19.6316432952881,0
17.8257217407227,0
16.9628047943115,0
17.4003276824951,0
19.0150012969971,0
21.0099849700928,0
22.5692749023438,0
23.3351078033447,0
23.4042224884033,0
23.3545112609863,0
23.9997329711914,0
25.2543849945068,0
25.3076686859131,0
22.127384185791,0
16.3120460510254,0
11.3820390701294,0
10.2888860702515,0
12.3724012374878,0
14.8201541900635,0
16.3978137969971,0
18.1766204833984,0
20.8578586578369,0
23.3191146850586,0
24.4402866363525,0
24.8096790313721,0
25.5125255584717,0
26.3028964996338,0
26.2944946289062,0
25.8331317901611,0
26.2342758178711,0
27.7300395965576,0
28.9666862487793,0
28.9045524597168,0
28.2110786437988,0
28.0715808868408,0
28.2278804779053,0
27.1332569122314,0
24.0588989257812,0
20.2751922607422,0
17.6980895996094,0
16.7875804901123,0
16.4320468902588,0
15.8028993606567,0
15.5066108703613,0
16.4998168945312,0
18.4612884521484,0
19.9122142791748,0
19.6946582794189,0
17.706901550293,0
14.3387718200684,0
9.9011116027832,0
4.74331045150757,0
-0.57962042093277,0
-5.47349071502686,0
-9.47609329223633,0
-12.4602079391479,0
-15.022421836853,0
-18.2996807098389,0
-22.6986026763916,0
-27.046329498291,0
-29.8540649414062,0
-31.2543277740479,0
-32.6386032104492,0
-34.4588890075684,0
-35.7837257385254,0
-36.3104095458984,0
-37.1794357299805,0
-38.9167022705078,0
-40.0997352600098,0
-39.4481315612793,0
-37.9864196777344,0
-37.3856811523438,0
-37.0973815917969,0
-35.2323989868164,0
-31.8254699707031,0
-28.9621677398682,0
-27.6306705474854,0
-26.7197494506836,0
-25.5847263336182,0
-25.325496673584,0
-26.5627422332764,0
-27.9869060516357,0
-28.3740482330322,0
-28.2460041046143,0
-28.1484966278076,0
-27.0918216705322,0
-24.4924087524414,0
-22.0722332000732,0
-21.6558780670166,0
-22.2303066253662,0
-21.4585800170898,0
-19.2335586547852,0
-17.3048839569092,0
-15.9493169784546,0
-13.6637697219849,0
-10.2197170257568,0
-7.59124803543091,0
-7.37786197662354,0
-9.25051498413086,0
-12.2573671340942,0
-15.6571292877197,0
-18.0427341461182,0
-17.7612934112549,0
-15.054012298584,0
-12.081395149231,0
-10.1255693435669,0
-8.46580791473389,0
-6.666428565979,0
-5.98225021362305,0
-7.35101127624512,0
-9.71676540374756,0
-11.7009792327881,0
-13.5528545379639,0
-16.107795715332,0
-18.9848690032959,0
-21.1109142303467,0
-22.1118965148926,0
-22.200740814209,0
-21.6971797943115,0
-21.4162750244141,0
-22.1487579345703,0
-22.8800640106201,0
-21.2358798980713,0
-16.9227886199951,0
-12.8668231964111,0
-11.3256120681763,0
-10.862720489502,0
-9.34364414215088,0
-7.89460325241089,0
-8.83907508850098,0
-11.2553653717041,0
-12.3763275146484,0
-12.7294034957886,0
-15.6768941879272,0
-21.4163837432861,0
-25.6194801330566,0
-25.5759830474854,0
-24.0179328918457,0
-24.5526809692383,0
-26.4397735595703,0
-26.8861427307129,0
-26.1205883026123,0
-26.6359539031982,0
-28.7173023223877,0
-30.2762336730957,0
-30.6897563934326,0
-31.5483417510986,0
-33.4706878662109,0
-35.1492233276367,0
-36.070743560791,0
-37.4041328430176,0
-39.2997360229492,0
-39.9373779296875,0
-38.5940780639648,0
-37.286979675293,0
-37.6213340759277,0
-38.0520668029785,0
-36.3772163391113,0
-33.2476348876953,0
-30.7590751647949,0
-28.9358177185059,0
-26.5688037872314,0
-24.7725448608398,0
-26.1731281280518,0
-30.0564632415771,0
-31.6430320739746,0
-27.8757667541504,0
-21.5649642944336,0
-17.7479858398438,0
-17.6531982421875,0
-18.5679416656494,0
-18.4956741333008,0
-18.1406936645508,0
-18.3026714324951,0
-17.9318084716797,0
-15.967734336853,0
-13.5828018188477,0
-13.0877857208252,0
-15.0343265533447,0
-17.4607982635498,0
-18.047664642334,0
-16.4401454925537,0
-14.3683185577393,0
-13.9045305252075,0
-15.7920618057251,0
-19.1444759368896,0
-22.2685985565186,0
-23.6520481109619,0
-22.655891418457,0
-19.9502696990967,0
-17.38720703125,0
-16.8595123291016,0
-18.7819519042969,0
-21.8004608154297,0
-24.2555694580078,0
-25.796968460083,0
-27.3110370635986,0
-29.4623832702637,0
-31.814811706543,0
-33.5280265808105,0
-34.4544067382812,0
-35.0527801513672,0
-35.4179725646973,0
-35.1604537963867,0
-34.5221252441406,0
-34.8110275268555,0
-36.8930130004883,0
-39.7263526916504,0
-41.527645111084,0
-42.2823486328125,0
-43.8276824951172,0
-47.2438278198242,0
-51.5407676696777,0
-55.4415512084961,0
-58.9234962463379,0
-61.9243927001953,0
-62.9584922790527,0
-60.7235984802246,0
-56.2860908508301,0
-51.9369926452637,0
-48.3069229125977,0
-44.295280456543,0
-39.6128768920898,0
-35.5648078918457,0
-33.0475387573242,0
-31.2928333282471,0
-29.0523662567139,0
-25.856050491333,0
-21.7779922485352,0
-17.0959281921387,0
-12.5196056365967,0
-8.73966503143311,0
-5.57577133178711,0
-2.66883850097656,0
-1.00109767913818,0
-2.1718430519104,0
-5.87389278411865,0
-9.8561954498291,0
-13.0507984161377,0
-16.8385372161865,0
-22.0849914550781,0
-26.8911304473877,0
-29.1428546905518,0
-29.6934299468994,0
-30.6339092254639,0
-31.5287914276123,0
-30.2329654693604,0
-27.032787322998,0
-24.836706161499,0
-24.7898216247559,0
-24.7310848236084,0
-23.1434898376465,0
-21.7131805419922,0
-22.0804138183594,0
-22.7029666900635,0
-21.6223106384277,0
-20.2272243499756,0
-20.9047470092773,0
-22.310489654541,0
-20.8901863098145,0
-16.8176536560059,0
-14.412504196167,0
-15.9180345535278,0
-18.6081142425537,0
-19.5191268920898,0
-19.4111824035645,0
-19.6092414855957,0
-18.1788692474365,0
-12.9511661529541,0
-6.49643135070801,0
-3.9921727180481,0
-6.40613985061646,0
-9.23479175567627,0
-8.46861362457275,0
-4.88665390014648,0
-1.48852527141571,0
0.720297515392303,0
2.61018061637878,0
4.25965070724487,0
4.55349683761597,0
3.14687299728394,0
1.33055603504181,0
0.579623460769653,0
0.927656948566437,0
1.21348261833191,0
0.78858870267868,0
0.579387903213501,0
2.09815239906311,0
5.51950645446777,0
9.38375759124756,0
12.4174270629883,0
14.8276681900024,0
17.1420650482178,0
18.5501403808594,0
17.5868072509766,0
14.2451505661011,0
10.2838830947876,0
7.3419508934021,0
5.66603565216064,0
4.7915096282959,0
4.41733264923096,0
4.14197397232056,0
3.18940138816833,0
1.13293707370758,0
-1.46608138084412,0
-3.60720825195312,0
-4.73935317993164,0
-4.80815553665161,0
-3.86954689025879,0
-2.09372997283936,0
0.21152238547802,0
3.01802921295166,0
6.62256956100464,0
10.7581558227539,0
14.1487760543823,0
15.8288745880127,0
16.6569595336914,0
18.376895904541,0
20.9875297546387,0
22.2358016967773,0
20.4172592163086,0
16.6919078826904,0
13.4810390472412,0
11.1063213348389,0
7.3852686882019,0
0.622930943965912,0
-8.17429256439209,0
-16.4652862548828,0
-22.6317558288574,0
-26.717435836792,0
-29.4606266021729,0
-31.4296970367432,0
-32.9594612121582,0
-34.4020729064941,0
-36.2971038818359,0
-39.1800270080566,0
-42.8938026428223,0
-46.2644729614258,0
-48.2204399108887,0
-49.3353881835938,0
-51.3199653625488,0
-54.5660591125488,0
-57.1936569213867,0
-57.3266372680664,0
-55.4573249816895,0
-53.4745483398438,0
-51.9838943481445,0
-49.9263381958008,0
-46.580924987793,0
-42.4775238037109,0
-38.075382232666,0
-32.8148956298828,0
-26.1751747131348,0
-18.9443798065186,0
-12.7626495361328,0
-8.66130256652832,0
-6.33055257797241,0
-4.56972646713257,0
-2.35856246948242,0
0.263654619455338,0
2.46617603302002,0
4.00837087631226,0
5.82496023178101,0
8.47204780578613,0
10.5207824707031,0
9.84347248077393,0
6.4831690788269,0
2.84671139717102,0
0.761099696159363,0
-0.244395673274994,0
-1.24204254150391,0
-2.10548901557922,0
-2.40943765640259,0
-2.66554117202759,0
-3.20135259628296,0
-2.90365886688232,0
-0.78315532207489,0
1.90161144733429,0
2.81496477127075,0
1.39161193370819,0
-1.20622074604034,0
-4.52431726455688,0
-9.04058361053467,0
-13.9266595840454,0
-17.040864944458,0
-18.0424385070801,0
-19.4022941589355,0
-22.9181442260742,0
-26.8811988830566,0
-28.3650550842285,0
-27.0942554473877,0
-25.248851776123,0
-24.3051204681396,0
-24.0071640014648,0
-24.0923805236816,0
-25.1134738922119,0
-27.2264232635498,0
-29.376651763916,0
-30.0208988189697,0
-28.1305332183838,0
-23.8642768859863,0
-18.9512805938721,0
-15.6704158782959,0
-14.3803291320801,0
-12.7837572097778,0
-8.74628639221191,0
-2.7981116771698,0
3.54724431037903,0
10.3487138748169,0
17.620662689209,0
22.5351142883301,0
21.9058837890625,0
17.3319225311279,0
14.0962390899658,0
14.226655960083,0
14.3042469024658,0
11.3810796737671,0
7.14327573776245,0
3.89925837516785,0
0.132067456841469,0
-6.41845464706421,0
-13.8792819976807,0
-18.5428314208984,0
-20.6006736755371,0
-23.4985618591309,0
-28.0319957733154,0
-30.9929313659668,0
-30.2575664520264,0
-27.953649520874,0
-27.3114528656006,0
-28.740119934082,0
-30.5282020568848,0
-31.8655796051025,0
-33.5504493713379,0
-36.2169914245605,0
-38.9914398193359,0
-40.2136573791504,0
-39.4385757446289,0
-38.4366188049316,0
-39.4495124816895,0
-42.3037796020508,0
-44.3675270080566,0
-43.8800048828125,0
-41.9507446289062,0
-40.3244094848633,0
-38.6998634338379,0
-35.8168792724609,0
-31.9450130462646,0
-28.3918476104736,0
-25.3561229705811,0
-22.1501026153564,0
-18.9687576293945,0
-16.6076755523682,0
-14.8407402038574,0
-12.7920265197754,0
-10.5496816635132,0
-8.80412578582764,0
-7.34560060501099,0
-5.58436346054077,0
-4.06327533721924,0
-3.6760106086731,0
-3.8468234539032,0
-3.34825086593628,0
-2.47949981689453,0
-2.45717644691467,0
-3.09347820281982,0
-3.27713823318481,0
-3.38436889648438,0
-4.69604110717773,0
-6.5290150642395,0
-6.75568246841431,0
-5.54827880859375,0
-5.69490623474121,0
-8.25463008880615,0
-10.714656829834,0
-10.9921607971191,0
-10.7873315811157,0
-12.9527778625488,0
-17.4687347412109,0
-22.2358989715576,0
-26.3620204925537,0
-30.221097946167,0
-33.1659774780273,0
-33.7533531188965,0
-32.206356048584,0
-30.6328964233398,0
-30.5298385620117,0
-31.5875968933105,0
-33.0966835021973,0
-34.9453659057617,0
-36.8320617675781,0
-38.034610748291,0
-38.7403221130371,0
-40.3452415466309,0
-43.4421615600586,0
-46.5350723266602,0
-47.957820892334,0
-48.2981147766113,0
-49.4629592895508,0
-51.7317276000977,0
-53.3200912475586,0
-52.8607521057129,0
-50.7191009521484,0
-47.6066551208496,0
-43.6778030395508,0
-39.7492332458496,0
-37.6533889770508,0
-38.0792427062988,0
-39.4243698120117,0
-40.1554946899414,0
-40.9968605041504,0
-43.2512969970703,0
-46.3083000183105,0
-48.6436958312988,0
-49.9385643005371,0
-50.0761947631836,0
-47.5430107116699,0
-41.7002029418945,0
-35.4755897521973,0
-32.3729667663574,0
-31.5276012420654,0
-29.5910987854004,0
-27.1262264251709,0
-28.2961406707764,0
-33.2633628845215,0
-35.9604721069336,0
-32.0427742004395,0
-24.9994144439697,0
-21.0650424957275,0
-21.2540264129639,0
-22.0644760131836,0
-21.5423450469971,0
-20.5870971679688,0
-19.7447681427002,0
-18.6844215393066,0
-18.3384304046631,0
-20.2265319824219,0
-23.7885932922363,0
-27.1518878936768,0
-30.4184627532959,0
-35.5953254699707,0
-43.1220855712891,0
-50.6859245300293,0
-55.7861137390137,0
-57.8554496765137,0
-57.8965530395508,0
-57.512752532959,0
-58.0410804748535,0
-59.2370109558105,0
-59.2769966125488,0
-57.3344764709473,0
-55.1502838134766,0
-54.3806838989258,0
-53.7123184204102,0
-51.0731010437012,0
-47.7079010009766,0
-47.0065460205078,0
-49.5336761474609,0
-52.3052406311035,0
-53.3317794799805,0
-53.9063453674316,0
-55.4781074523926,0
-56.8907814025879,0
-56.1253318786621,0
-52.8828201293945,0
-48.1890411376953,0
-43.0043563842773,0
-38.2844924926758,0
-34.9467468261719,0
-32.7366333007812,0
-30.3874931335449,0
-27.7017822265625,0
-26.1278762817383,0
-26.5478534698486,0
-28.0117568969727,0
-29.5331726074219,0
-31.5697822570801,0
-34.6599159240723,0
-38.0836029052734,0
-41.0434303283691,0
-43.7341690063477,0
-46.027645111084,0
-46.6758995056152,0
-45.3955612182617,0
-44.2856979370117,0
-45.2285118103027,0
-46.9315032958984,0
-46.5469169616699,0
-43.4616546630859,0
-39.5176315307617,0
-36.1058959960938,0
-33.1052360534668,0
-30.3389377593994,0
-28.0634899139404,0
-26.140718460083,0
-24.490873336792,0
-24.0406837463379,0
-25.3247394561768,0
-26.6492614746094,0
-26.0380840301514,0
-24.6949939727783,0
-25.6351642608643,0
-28.6859531402588,0
-30.1256008148193,0
-28.2516765594482,0
-25.9817886352539,0
-26.1785202026367,0
-27.5292415618896,0
-27.5238780975342,0
-26.6982440948486,0
-26.7327766418457,0
-26.6088409423828,0
-24.4710445404053,0
-21.8108310699463,0
-21.5570774078369,0
-22.6397113800049,0
-21.0376243591309,0
-16.7784023284912,0
-15.3469982147217,0
-20.1747379302979,0
-27.4158821105957,0
-30.9865837097168,0
-30.1538848876953,0
-28.9794368743896,0
-29.9924221038818,0
-31.8645782470703,0
-32.7097549438477,0
-32.3251609802246,0
-30.7039794921875,0
-27.1972961425781,0
-22.5620937347412,0
-19.8745861053467,0
-21.4379539489746,0
-25.5528717041016,0
-28.1453170776367,0
-27.5763168334961,0
-26.3229179382324,0
-27.3923492431641,0
-30.4327144622803,0
-32.6908416748047,0
-33.1461219787598,0
-33.8895835876465,0
-36.9367942810059,0
-41.1279296875,0
-43.4319610595703,0
-42.6655578613281,0
-40.5267028808594,0
-38.9243202209473,0
-37.5974273681641,0
-35.1822204589844,0
-31.9529285430908,0
-30.1897220611572,0
-31.3055458068848,0
-33.4636878967285,0
-33.4085731506348,0
-30.7757968902588,0
-29.0177173614502,0
-30.9811840057373,0
-34.9593658447266,0
-37.112174987793,0
-36.9539756774902,0
-37.6418113708496,0
-40.5883903503418,0
-42.8755493164062,0
-41.6028022766113,0
-38.3229446411133,0
-36.7623062133789,0
-37.7610549926758,0
-39.1740608215332,0
-39.865909576416,0
-40.8157234191895,0
-42.1681137084961,0
-41.9532699584961,0
-38.8147850036621,0
-34.1415061950684,0
-30.1641368865967,0
-27.0713787078857,0
-23.3173408508301,0
-18.2352199554443,0
-13.1571750640869,0
-9.84424591064453,0
-8.46138095855713,0
-7.47287511825562,0
-5.46307420730591,0
-2.72803735733032,0
-0.668895244598389,0
0.239472910761833,0
0.987618088722229,0
2.12632155418396,0
2.30947184562683,0
-0.165991365909576,0
-4.90404319763184,0
-9.78967666625977,0
-13.652850151062,0
-17.1985378265381,0
-21.176456451416,0
-25.122501373291,0
-28.5425415039062,0
-32.0218391418457,0
-36.1300277709961,0
-40.2035446166992,0
-43.400993347168,0
-46.1777610778809,0
-49.2543792724609,0
-51.6166038513184,0
-51.347972869873,0
-48.6147575378418,0
-46.0855026245117,0
-45.6522674560547,0
-46.1338119506836,0
-45.2296714782715,0
-42.6031036376953,0
-39.7970771789551,0
-37.967342376709,0
-37.1199684143066,0
-37.0957794189453,0
-37.8747940063477,0
-39.0248718261719,0
-39.9770927429199,0
-40.676815032959,0
-40.9707832336426,0
-39.8567237854004,0
-36.777961730957,0
-33.307056427002,0
-31.7530784606934,0
-32.0310554504395,0
-31.7234268188477,0
-29.5436573028564,0
-26.8034477233887,0
-24.8074703216553,0
-22.8617610931396,0
-20.1427192687988,0
-17.7694034576416,0
-17.2252540588379,0
-17.8083896636963,0
-17.4082641601562,0
-15.2188940048218,0
-12.2528142929077,0
-9.73191833496094,0
-8.35276699066162,0
-8.64361000061035,0
-10.6013498306274,0
-13.1771860122681,0
-15.2120609283447,0
-16.4648113250732,0
-16.7197856903076,0
-14.8460426330566,0
-10.5066528320312,0
-6.10054159164429,0
-4.66202640533447,0
-5.80990076065063,0
-6.14506149291992,0
-4.16366243362427,0
-2.33594870567322,0
-3.18759083747864,0
-5.65499067306519,0
-7.17592144012451,0
-7.49909162521362,0
-8.00669097900391,0
-8.51411056518555,0
-7.49755477905273,0
-4.99522399902344,0
-2.51896047592163,0
-0.0664405450224876,0
3.89062428474426,0
8.73991680145264,0
10.9727840423584,0
8.79599475860596,0
5.18917322158813,0
4.06424045562744,0
4.96612453460693,0
4.21296262741089,0
0.414599686861038,0
-4.02166223526001,0
-6.93614816665649,0
-9.25101375579834,0
-12.7791833877563,0
-17.2514266967773,0
-21.078784942627,0
-23.9289875030518,0
-26.9205379486084,0
-30.6010608673096,0
-34.1159133911133,0
-36.6813278198242,0
-38.9844665527344,0
-42.4166374206543,0
-47.1531791687012,0
-51.7162055969238,0
-54.7239036560059,0
-56.4880332946777,0
-58.1957359313965,0
-59.8918991088867,0
-60.3519706726074,0
-59.0464553833008,0
-57.1131935119629,0
-55.8701362609863,0
-55.1495704650879,0
-53.5178604125977,0
-49.4400749206543,0
-42.145263671875,0
-32.5354270935059,0
-23.5124492645264,0
-17.882869720459,0
-15.3050355911255,0
-12.8724727630615,0
-9.34076118469238,0
-6.5795111656189,0
-5.58458805084229,0
-3.82331466674805,0
0.674705862998962,0
4.67605257034302,0
3.05251502990723,0
-3.87164187431335,0
-9.99077892303467,0
-10.7650175094604,0
-7.68522214889526,0
-4.81318759918213,0
-4.10552167892456,0
-5.39688491821289,0
-7.99715852737427,0
-10.3414335250854,0
-10.337082862854,0
-8.13970279693604,0
-6.80139112472534,0
-8.1441707611084,0
-9.58269596099854,0
-7.19651317596436,0
-0.624622642993927,0
7.3381199836731,0
14.8205804824829,0
21.9243354797363,0
28.3335914611816,0
32.6482582092285,0
34.374397277832,0
34.5988655090332,0
34.5163230895996,0
34.9116706848145,0
36.7825088500977,0
40.3686332702637,0
43.6966781616211,0
44.4717597961426,0
43.6111755371094,0
44.414379119873,0
47.7954483032227,0
51.0604820251465,0
52.2670593261719,0
52.8764801025391,0
54.5515174865723,0
56.1085243225098,0
55.8165092468262,0
54.4043159484863,0
53.3840484619141,0
52.4082946777344,0
50.819881439209,0
49.8495140075684,0
50.3572082519531,0
50.1877899169922,0
47.1474075317383,0
43.1659622192383,0
41.7398109436035,0
42.2788696289062,0
41.1582107543945,0
37.8522720336914,0
35.4141235351562,0
34.6288261413574,0
32.6462097167969,0
28.7666263580322,0
26.7159385681152,0
28.6102256774902,0
30.8262348175049,0
29.2143478393555,0
25.1099739074707,0
22.4334888458252,0
21.4475841522217,0
19.5932750701904,0
16.8035640716553,0
15.4783802032471,0
15.6759986877441,0
14.5545282363892,0
11.1440420150757,0
8.15988159179688,0
7.91212177276611,0
9.1278600692749,0
9.22034931182861,0
7.65774631500244,0
5.6521167755127,0
4.05419158935547,0
3.03071355819702,0
2.87529873847961,0
3.8616304397583,0
5.7446722984314,0
8.17612552642822,0
11.1259984970093,0
14.2403888702393,0
16.2221984863281,0
15.5593185424805,0
11.8804349899292,0
6.43190050125122,0
1.35310900211334,0
-1.62574052810669,0
-2.21984887123108,0
-1.42216610908508,0
-0.118863120675087,0
1.78851962089539,0
4.4113335609436,0
6.6014986038208,0
6.77770614624023,0
4.98820638656616,0
3.06240510940552,0
2.46937870979309,0
2.94820666313171,0
3.49501419067383,0
3.65243291854858,0
3.30967140197754,0
2.22453546524048,0
0.602597713470459,0
-0.471856892108917,0
-0.0787347480654716,0
1.32134437561035,0
2.36284446716309,0
2.26304936408997,0
1.30771136283875,0
0.077961765229702,0
-1.24451327323914,0
-2.88241577148438,0
-5.22413206100464,0
-8.5708703994751,0
-12.8461694717407,0
-17.6303024291992,0
-22.6257419586182,0
-27.7805328369141,0
-32.6594352722168,0
-36.1036643981934,0
-37.1386489868164,0
-36.1134033203125,0
-34.3576622009277,0
-32.7041435241699,0
-30.9388542175293,0
-28.7847766876221,0
-26.6205348968506,0
-24.6729946136475,0
-22.1067905426025,0
-17.8312301635742,0
-12.0495290756226,0
-6.07323694229126,0
-0.507727265357971,0
5.35341787338257,0
11.9014205932617,0
18.0429229736328,0
22.552806854248,0
25.799295425415,0
28.9852676391602,0
32.2385902404785,0
34.7810401916504,0
36.6455879211426,0
38.6788787841797,0
40.7898902893066,0
41.6972236633301,0
40.7142295837402,0
38.4237174987793,0
35.2941932678223,0
31.1353931427002,0
26.4127445220947,0
22.5338954925537,0
20.0996360778809,0
18.331579208374,0
16.9496440887451,0
16.9381275177002,0
18.4659652709961,0
19.8525390625,0
19.9951133728027,0
20.1138210296631,0
21.3890247344971,0
22.5081310272217,0
21.6525707244873,0
19.4977340698242,0
17.7761688232422,0
15.9299612045288,0
11.9412879943848,0
5.92017316818237,0
0.0956574752926826,0
-4.49742078781128,0
-8.45735740661621,0
-11.1705322265625,0
-10.8256530761719,0
-8.15601825714111,0
-7.03629875183105,0
-9.56197071075439,0
-12.9299955368042,0
-13.3190565109253,0
-11.0541200637817,0
-9.6180477142334,0
-10.8345651626587,0
-13.5231246948242,0
-16.2535095214844,0
-18.8249053955078,0
-20.8267478942871,0
-21.0032997131348,0
-18.9408473968506,0
-15.8705940246582,0
-12.8766899108887,0
-9.55941581726074,0
-5.59071683883667,0
-2.50240850448608,0
-2.21261262893677,0
-4.05454158782959,0
-5.07747983932495,0
-3.86294269561768,0
-2.5367693901062,0
-3.78341054916382,0
-6.88615798950195,0
-8.48073482513428,0
-7.04007148742676,0
-4.78806734085083,0
-4.55382299423218,0
-6.21325778961182,0
-7.44365644454956,0
-7.14525699615479,0
-6.72438716888428,0
-8.15071201324463,0
-11.8655376434326,0
-16.8233375549316,0
-21.8107433319092,0
-26.2628440856934,0
-30.1036224365234,0
-33.2944755554199,0
-35.8198738098145,0
-38.0037117004395,0
-40.2175521850586,0
-41.7788047790527,0
-40.7557640075684,0
-36.0365982055664,0
-29.4879360198975,0
-24.6767616271973,0
-23.0731296539307,0
-22.8344440460205,0
-21.8863773345947,0
-20.5843658447266,0
-20.0979461669922,0
-19.6457023620605,0
-17.3865413665771,0
-13.4988842010498,0
-10.3259582519531,0
-9.25775814056396,0
-9.02974128723145,0
-7.60690212249756,0
-4.72349548339844,0
-2.16862821578979,0
-2.25171732902527,0
-6.0074028968811,0
-12.08753490448,0
-17.45041847229,0
-20.0363101959229,0
-20.7385063171387,0
-21.9066162109375,0
-24.2610549926758,0
-26.5810070037842,0
-28.1428260803223,0
-29.5488834381104,0
-30.738639831543,0
-30.1807537078857,0
-27.2573146820068,0
-24.006103515625,0
-22.9630851745605,0
-24.0397319793701,0
-24.8157367706299,0
-23.3554134368896,0
-19.6298999786377,0
-14.7557344436646,0
-10.0716152191162,0
-6.63004636764526,0
-4.48390340805054,0
-2.70040130615234,0
-0.974205732345581,0
-0.747304916381836,0
-3.59682679176331,0
-8.92952537536621,0
-14.5811042785645,0
-19.4009170532227,0
-23.7632160186768,0
-27.6880359649658,0
-30.3161163330078,0
-31.7158336639404,0
-33.4984931945801,0
-36.6699028015137,0
-40.0885734558105,0
-41.9959030151367,0
-41.9862442016602,0
-40.4853401184082,0
-37.4624786376953,0
-33.1201972961426,0
-29.0906181335449,0
-27.2901554107666,0
-27.7987003326416,0
-29.2152519226074,0
-30.8074703216553,0
-32.7026557922363,0
-34.0686798095703,0
-33.2148818969727,0
-30.3135852813721,0
-28.2304801940918,0
-29.2466506958008,0
-32.198169708252,0
-34.4194145202637,0
-35.4493713378906,0
-36.7513008117676,0
-38.3246421813965,0
-38.185417175293,0
-35.7733688354492,0
-33.605281829834,0
-34.2117652893066,0
-37.0023155212402,0
-39.5592384338379,0
-40.6072845458984,0
-39.9970321655273,0
-37.123363494873,0
-31.8940086364746,0
-26.739200592041,0
-24.7937297821045,0
-25.5010643005371,0
-24.5068607330322,0
-19.1736335754395,0
-12.2060708999634,0
-8.14675140380859,0
-7.90904712677002,0
-8.95696926116943,0
-9.79324150085449,0
-11.3849115371704,0
-13.9208660125732,0
-14.9265775680542,0
-12.2262573242188,0
-7.15102195739746,0
-2.78464698791504,0
0.231925144791603,0
3.94033408164978,0
9.04195404052734,0
12.9843816757202,0
13.3247966766357,0
11.2072515487671,0
9.40703773498535,0
7.932776927948,0
4.25661897659302,0
-1.99148309230804,0
-7.32109928131104,0
-8.64743804931641,0
-7.23383522033691,0
-6.69315624237061,0
-8.52891635894775,0
-11.4609327316284,0
-13.9275159835815,0
-15.0901927947998,0
-14.1644525527954,0
-11.2268943786621,0
-8.61685752868652,0
-9.22316360473633,0
-12.8693532943726,0
-16.1961402893066,0
-16.6182861328125,0
-14.6873998641968,0
-12.0561904907227,0
-9.19763278961182,0
-6.39695692062378,0
-5.13935565948486,0
-6.3608570098877,0
-8.10238265991211,0
-7.09352731704712,0
-2.82205843925476,0
1.72253251075745,0
3.93936705589294,0
4.70230865478516,0
6.39798307418823,0
9.09412574768066,0
10.6512775421143,0
10.4592638015747,0
10.7908153533936,0
13.4013481140137,0
16.608793258667,0
17.5664367675781,0
16.1942596435547,0
14.550368309021,0
13.0226182937622,0
9.99003410339355,0
5.36003065109253,0
1.32183039188385,0
-1.46751534938812,0
-5.37781620025635,0
-11.4612197875977,0
-16.2651252746582,0
-15.9338636398315,0
-11.7795419692993,0
-8.49655246734619,0
-7.74865198135376,0
-6.96466445922852,0
-4.37426042556763,0
-1.71630775928497,0
-0.976103901863098,0
-1.31980764865875,0
-0.842742323875427,0
0.681705355644226,0
2.36223745346069,0
3.92297267913818,0
5.40136909484863,0
6.41437101364136,0
7.16243982315063,0
9.07005214691162,0
13.0033435821533,0
17.7672481536865,0
21.7462463378906,0
25.1387424468994,0
29.0177383422852,0
32.9216995239258,0
35.2237663269043,0
35.7091064453125,0
36.072940826416,0
37.5549087524414,0
39.292724609375,0
39.359546661377,0
36.5970687866211,0
31.3374042510986,0
25.1940803527832,0
20.2636966705322,0
17.6778125762939,0
16.6045322418213,0
15.0762796401978,0
11.8241624832153,0
7.09982442855835,0
2.26539874076843,0
-0.782512247562408,0
-0.455303162336349,0
3.12381720542908,0
7.76575565338135,0
11.1659297943115,0
12.9772005081177,0
14.2304925918579,0
15.3640689849854,0
16.0333423614502,0
16.416296005249,0
17.3260955810547,0
19.1174602508545,0
21.4651317596436,0
23.8298377990723,0
25.2129650115967,0
24.4320087432861,0
22.2317962646484,0
22.0939407348633,0
26.5630493164062,0
33.1436538696289,0
36.3490333557129,0
33.9031143188477,0
28.5649471282959,0
23.8105068206787,0
20.5619659423828,0
18.7079772949219,0
18.6485939025879,0
19.714656829834,0
19.5845031738281,0
17.2103881835938,0
14.4605436325073,0
13.181902885437,0
12.5077323913574,0
10.8511924743652,0
8.62899208068848,0
6.79865694046021,0
4.37149047851562,0
0.0165721643716097,0
-4.91172075271606,0
-7.58019304275513,0
-7.375319480896,0
-6.06035375595093,0
-4.72729063034058,0
-3.07007837295532,0
-1.48909485340118,0
-1.19593036174774,0
-1.70577943325043,0
-0.702957272529602,0
2.50505971908569,0
5.40450048446655,0
5.58769941329956,0
4.20361566543579,0
4.50449180603027,0
7.82396507263184,0
12.5197324752808,0
16.3959465026855,0
18.5994300842285,0
19.0892181396484,0
17.6914501190186,0
14.4551811218262,0
10.3081960678101,0
6.60094022750854,0
4.00328159332275,0
2.13659834861755,0
0.323338478803635,0
-1.39383459091187,0
-2.03081369400024,0
-0.566798329353333,0
2.88987374305725,0
7.10007810592651,0
11.0683126449585,0
15.0265302658081,0
19.4481868743896,0
23.3196659088135,0
24.4023895263672,0
21.6232147216797,0
16.4853610992432,0
11.5371255874634,0
7.94789886474609,0
5.11047267913818,0
2.02835845947266,0
-1.67417228221893,0
-5.6944465637207,0
-9.20446586608887,0
-11.3897476196289,0
-12.5478210449219,0
-14.1618127822876,0
-16.9981231689453,0
-19.7237815856934,0
-20.6456031799316,0
-20.330602645874,0
-20.9115924835205,0
-22.987419128418,0
-25.0405654907227,0
-26.1182804107666,0
-27.0981502532959,0
-28.5613384246826,0
-29.3340187072754,0
-28.4772682189941,0
-27.2576465606689,0
-27.5032138824463,0
-28.9176349639893,0
-29.6499977111816,0
-29.0135612487793,0
-28.112060546875,0
-27.9758911132812,0
-28.4770202636719,0
-29.1768455505371,0
-30.0738410949707,0
-31.2142353057861,0
-32.3997001647949,0
-33.5224227905273,0
-34.4929008483887,0
-34.6849136352539,0
-33.2521209716797,0
-30.353401184082,0
-27.3536643981934,0
-25.2644004821777,0
-23.5284557342529,0
-21.0225868225098,0
-17.8495979309082,0
-15.2125406265259,0
-13.5606842041016,0
-11.846776008606,0
-8.9670467376709,0
-5.08778381347656,0
-1.00432109832764,0
2.96309852600098,0
6.54534244537354,0
8.70476722717285,0
8.52560234069824,0
6.74950456619263,0
5.29778242111206,0
5.29447984695435,0
6.50097417831421,0
8.37670230865479,0
10.3131456375122,0
10.9968385696411,0
9.3879861831665,0
6.75925159454346,0
5.97312545776367,0
7.87680244445801,0
9.92958450317383,0
9.33231258392334,0
6.00942611694336,0
1.44703602790833,0
-3.66973304748535,0
-8.98288822174072,0
-13.1655740737915,0
-15.4216747283936,0
-17.4928493499756,0
-21.7303333282471,0
-27.3142986297607,0
-30.7980766296387,0
-30.8727207183838,0
-30.277006149292,0
-31.725902557373,0
-33.8361473083496,0
-33.2186431884766,0
-29.8003768920898,0
-27.5935211181641,0
-29.6037921905518,0
-33.9488410949707,0
-36.5285186767578,0
-36.2586631774902,0
-35.455867767334,0
-35.471607208252,0
-34.7761001586914,0
-32.348934173584,0
-30.3195114135742,0
-30.9843940734863,0
-32.9776496887207,0
-33.2416534423828,0
-31.8771533966064,0
-32.0008239746094,0
-35.0178451538086,0
-39.0650329589844,0
-42.3596000671387,0
-44.9496841430664,0
-46.4569931030273,0
-45.4978179931641,0
-42.9919891357422,0
-42.9583740234375,0
-47.5988082885742,0
-53.9122924804688,0
-57.6848754882812,0
-58.7527351379395,0
-59.5169525146484,0
-60.1927642822266,0
-59.1314659118652,0
-56.8561897277832,0
-55.9996223449707,0
-57.2449951171875,0
-58.7038841247559,0
-59.6921424865723,0
-61.7886581420898,0
-65.1963272094727,0
-67.2645263671875,0
-66.3401184082031,0
-64.4350891113281,0
-63.9846267700195,0
-64.2027435302734,0
-63.1475944519043,0
-61.540714263916,0
-61.3530349731445,0
-61.4902000427246,0
-58.3615036010742,0
-51.1571922302246,0
-43.6411933898926,0
-39.5160522460938,0
-38.1879577636719,0
-36.5701522827148,0
-33.3299140930176,0
-29.5222568511963,0
-26.132173538208,0
-23.0167579650879,0
-20.0157833099365,0
-17.4399547576904,0
-15.2619581222534,0
-13.0548839569092,0
-11.1545429229736,0
-11.1014013290405,0
-14.3993558883667,0
-20.9013957977295,0
-28.3384552001953,0
-33.4906539916992,0
-34.6472206115723,0
-33.5492172241211,0
-34.1903762817383,0
-38.7643890380859,0
-45.338752746582,0
-50.5147399902344,0
-53.6733283996582,0
-57.0755882263184,0
-62.1569862365723,0
-67.6276397705078,0
-71.5065307617188,0
-73.2387847900391,0
-73.1157836914062,0
-71.2920532226562,0
-68.5909118652344,0
-67.0235214233398,0
-67.9528732299805,0
-70.2755737304688,0
-71.6861877441406,0
-71.4212341308594,0
-70.6271362304688,0
-70.2282180786133,0
-69.6255798339844,0
-67.7062377929688,0
-64.2663650512695,0
-60.0987663269043,0
-56.2048454284668,0
-53.1538543701172,0
-50.8310241699219,0
-48.6498260498047,0
-46.2268257141113,0
-43.749698638916,0
-41.3740921020508,0
-38.5869445800781,0
-34.8844108581543,0
-30.9566783905029,0
-28.2816905975342,0
-27.368480682373,0
-27.3254165649414,0
-27.4741764068604,0
-28.2483901977539,0
-29.7752113342285,0
-30.8140983581543,0
-30.4798431396484,0
-30.0641803741455,0
-31.2442741394043,0
-32.9698371887207,0
-32.4546394348145,0
-29.398889541626,0
-26.6057357788086,0
-25.4932594299316,0
-23.8069744110107,0
-19.7923469543457,0
-16.0689029693604,0
-16.1096878051758,0
-18.4522094726562,0
-18.4332714080811,0
-15.423134803772,0
-14.0472345352173,0
-16.9533023834229,0
-20.2406063079834,0
-18.74485206604,0
-13.1691341400146,0
-8.68066215515137,0
-7.96939182281494,0
-9.22463321685791,0
-10.5646829605103,0
-12.8616523742676,0
-17.1011085510254,0
-21.6593170166016,0
-24.1854152679443,0
-24.8433685302734,0
-25.8224868774414,0
-28.1852722167969,0
-30.8733711242676,0
-32.8964080810547,0
-35.0615768432617,0
-38.8322219848633,0
-44.3569602966309,0
-50.6333503723145,0
-57.2746429443359,0
-64.9120407104492,0
-73.5015487670898,0
-81.2893905639648,0
-86.4508056640625,0
-89.2848358154297,0
-91.6858291625977,0
-94.555549621582,0
-96.8967666625977,0
-97.6553344726562,0
-97.2212677001953,0
-96.480224609375,0
-95.463981628418,0
-93.925407409668,0
-92.4934387207031,0
-92.1157531738281,0
-92.7111206054688,0
-93.2885437011719,0
-93.0082015991211,0
-91.2563400268555,0
-87.340690612793,0
-81.4786376953125,0
-75.6656112670898,0
-71.9308013916016,0
-69.8401794433594,0
-67.4447174072266,0
-64.6359329223633,0
-63.2807693481445,0
-63.4842567443848,0
-62.3710327148438,0
-58.2235527038574,0
-53.5987167358398,0
-51.9594039916992,0
-52.7507019042969,0
-52.4819602966309,0
-49.7112693786621,0
-46.1152191162109,0
-43.0894737243652,0
-40.2941207885742,0
-37.7644271850586,0
-36.6202926635742,0
-36.9661636352539,0
-37.4760437011719,0
-37.6964111328125,0
-38.3174514770508,0
-38.5811386108398,0
-36.5129318237305,0
-33.1406898498535,0
-33.2376098632812,0
-39.2420959472656,0
-46.877628326416,0
-49.948657989502,0
-47.816276550293,0
-44.7896842956543,0
-43.2732963562012,0
-41.3663749694824,0
-37.2084999084473,0
-31.9161567687988,0
-27.0713520050049,0
-22.3201179504395,0
-17.1592292785645,0
-12.7763214111328,0
-10.0242710113525,0
-7.10599422454834,0
-1.50768554210663,0
6.43780517578125,0
13.8349952697754,0
18.8704032897949,0
22.5496044158936,0
26.6623630523682,0
31.4163932800293,0
35.6483001708984,0
38.4825248718262,0
40.1109275817871,0
41.3025741577148,0
42.5314750671387,0
43.3930130004883,0
42.8525276184082,0
40.5084037780762,0
37.5958709716797,0
35.989070892334,0
35.9649391174316,0
35.8516082763672,0
34.457389831543,0
32.8478889465332,0
32.6300964355469,0
33.2889938354492,0
32.7556076049805,0
30.1528053283691,0
26.1814270019531,0
21.0458679199219,0
14.4085712432861,0
7.89198780059814,0
4.87953186035156,0
6.20017004013062,0
8.30000782012939,0
7.9188437461853,0
6.60724258422852,0
7.72767114639282,0
10.5508871078491,0
11.1693840026855,0
8.94132423400879,0
7.9370231628418,0
10.8853425979614,0
15.1871032714844,0
17.0070781707764,0
16.7808933258057,0
18.1819324493408,0
23.1379947662354,0
30.1826934814453,0
36.907585144043,0
42.0527458190918,0
45.538143157959,0
47.9894676208496,0
50.1655311584473,0
51.9880599975586,0
52.5809059143066,0
51.9854736328125,0
52.0076293945312,0
54.3247604370117,0
58.4067840576172,0
62.253604888916,0
64.4323348999023,0
64.428466796875,0
62.0602035522461,0
58.0952224731445,0
54.6930618286133,0
53.4000091552734,0
53.0248947143555,0
51.3609771728516,0
48.8660049438477,0
48.3382225036621,0
50.3294410705566,0
51.3087310791016,0
48.176155090332,0
42.881217956543,0
40.0111274719238,0
40.5623664855957,0
41.14892578125,0
39.8337707519531,0
39.516975402832,0
43.4653434753418,0
49.9673767089844,0
54.747127532959,0
57.4740295410156,0
61.8573722839355,0
68.9404449462891,0
74.4322662353516,0
74.7995223999023,0
72.8460998535156,0
74.1913070678711,0
80.1623001098633,0
87.3809280395508,0
93.1506271362305,0
97.7575149536133,0
101.698120117188,0
104.008964538574,0
104.132080078125,0
103.006851196289,0
101.523406982422,0
99.8525695800781,0
98.7993698120117,0
99.6269226074219,0
101.680130004883,0
102.200454711914,0
99.6373672485352,0
95.5666809082031,0
92.4048690795898,0
90.8301239013672,0
90.3198471069336,0
90.365234375,0
89.9863052368164,0
88.0026626586914,0
85.3635787963867,0
85.3160781860352,0
89.2506713867188,0
94.1169204711914,0
96.4369659423828,0
97.3329696655273,0
100.368690490723,0
105.357734680176,0
108.273338317871,0
107.599266052246,0
106.668685913086,0
108.011642456055,0
109.029724121094,0
106.260025024414,0
101.341102600098,0
98.9001235961914,0
99.5991668701172,0
99.2125701904297,0
94.9424133300781,0
89.252082824707,0
86.0822601318359,0
85.7854385375977,0
85.6544723510742,0
83.8374557495117,0
80.8302230834961,0
78.0680770874023,0
76.8073577880859,0
77.8078536987305,0
80.3691177368164,0
81.8244857788086,0
79.6343154907227,0
74.3427124023438,0
69.2549285888672,0
66.7426223754883,0
65.89892578125,0
64.4232330322266,0
61.8527526855469,0
59.9183044433594,0
60.1545219421387,0
62.2614707946777,0
64.9572219848633,0
67.5962524414062,0
70.4190139770508,0
73.6022033691406,0
76.6879348754883,0
79.0295257568359,0
80.4417877197266,0
81.1884689331055,0
81.4549179077148,0
81.0419540405273,0
79.5912017822266,0
76.9612426757812,0
73.300666809082,0
68.8696975708008,0
63.9654159545898,0
58.9792556762695,0
54.2526588439941,0
49.7637710571289,0
45.2533950805664,0
40.894645690918,0
37.4364318847656,0
35.1272277832031,0
32.8418998718262,0
29.2589950561523,0
24.9232654571533,0
21.8990345001221,0
20.8605175018311,0
19.8602333068848,0
17.1141338348389,0
13.8474950790405,0
12.6676950454712,0
13.8687028884888,0
15.5134687423706,0
16.9736919403076,0
19.8253898620605,0
24.5654048919678,0
28.9950122833252,0
31.4383220672607,0
33.414192199707,0
36.81298828125,0
39.948673248291,0
39.3264923095703,0
34.8332901000977,0
30.2248020172119,0
28.0584983825684,0
26.8174953460693,0
24.1306629180908,0
20.4551372528076,0
17.7071533203125,0
15.9062118530273,0
13.4946365356445,0
10.2419185638428,0
7.50762414932251,0
5.57584381103516,0
2.83550429344177,0
-1.63218212127686,0
-6.2361626625061,0
-8.7947826385498,0
-9.2774076461792,0
-9.38544464111328,0
-9.98441696166992,0
-10.3264818191528,0
-9.73624897003174,0
-8.65730094909668,0
-7.4462685585022,0
-5.16055202484131,0
-0.568815469741821,0
6.00423955917358,0
12.7533206939697,0
18.2310237884521,0
22.2978610992432,0
25.2087421417236,0
26.7278022766113,0
26.6288986206055,0
25.2952480316162,0
23.1116695404053,0
19.8707065582275,0
15.6962280273438,0
12.1250457763672,0
11.0752906799316,0
12.6877641677856,0
15.2124490737915,0
17.204833984375,0
18.8561973571777,0
20.943977355957,0
23.5840606689453,0
26.4444484710693,0
29.0626831054688,0
30.4292297363281,0
29.6042652130127,0
27.6277008056641,0
27.3358192443848,0
29.7971363067627,0
32.1731834411621,0
31.0791320800781,0
27.2102546691895,0
24.2701969146729,0
23.6147689819336,0
22.6405258178711,0
19.0681209564209,0
14.3173704147339,0
11.1957416534424,0
10.0048913955688,0
8.65367698669434,0
5.57532596588135,0
0.925309300422668,0
-4.49643039703369,0
-10.0350713729858,0
-15.101601600647,0
-19.4653968811035,0
-23.6336078643799,0
-28.1315212249756,0
-32.3713722229004,0
-34.7997970581055,0
-34.2841987609863,0
-31.3072509765625,0
-28.119535446167,0
-27.6129932403564,0
-31.0558853149414,0
-36.4721488952637,0
-40.2323265075684,0
-41.0394134521484,0
-41.4488563537598,0
-44.3837013244629,0
-49.0006637573242,0
-51.6443138122559,0
-50.6539421081543,0
-48.3863830566406,0
-47.8821716308594,0
-49.0109062194824,0
-49.1084403991699,0
-46.5942802429199,0
-42.5463523864746,0
-38.9039306640625,0
-36.5496139526367,0
-35.5462074279785,0
-35.8612747192383,0
-36.6804237365723,0
-35.9207000732422,0
-32.1917190551758,0
-27.172212600708,0
-24.2889442443848,0
-24.6114311218262,0
-25.8077278137207,0
-25.9171619415283,0
-26.0523262023926,0
-27.758846282959,0
-29.8049221038818,0
-30.3044013977051,0
-30.5901393890381,0
-33.529541015625,0
-38.506649017334,0
-41.8687286376953,0
-42.7633628845215,0
-44.6152534484863,0
-49.4197044372559,0
-54.2888488769531,0
-55.913459777832,0
-55.1631278991699,0
-54.348014831543,0
-52.7355270385742,0
-48.3775444030762,0
-42.4142036437988,0
-37.7508201599121,0
-34.6502571105957,0
-31.2989101409912,0
-27.9296798706055,0
-26.6644268035889,0
-27.6012573242188,0
-28.6845264434814,0
-29.4569988250732,0
-31.3517475128174,0
-33.9655838012695,0
-34.7562637329102,0
-33.3642196655273,0
-32.8030700683594,0
-35.0081634521484,0
-38.2092742919922,0
-40.1642532348633,0
-41.1533203125,0
-42.1455383300781,0
-42.7552375793457,0
-43.0061454772949,0
-44.664363861084,0
-48.5057258605957,0
-52.1627922058105,0
-52.9234428405762,0
-51.1009292602539,0
-48.6414375305176,0
-46.1381149291992,0
-43.5483093261719,0
-42.2394676208496,0
-43.4425048828125,0
-45.5481262207031,0
-45.7329330444336,0
-43.8761940002441,0
-42.2285346984863,0
-41.3107261657715,0
-38.8890075683594,0
-33.6105880737305,0
-27.270959854126,0
-22.3432598114014,0
-18.9993572235107,0
-15.8581991195679,0
-12.4712352752686,0
-9.7067928314209,0
-8.19921588897705,0
-7.39231634140015,0
-5.97407531738281,0
-2.93816566467285,0
1.37077963352203,0
5.13161087036133,0
6.60336542129517,0
5.86282014846802,0
4.12200736999512,0
1.44241428375244,0
-3.21019005775452,0
-9.08905124664307,0
-12.8506345748901,0
-12.2475090026855,0
-9.24560165405273,0
-7.50554418563843,0
-7.82834148406982,0
-8.40350437164307,0
-8.72294425964355,0
-10.1780700683594,0
-12.6734685897827,0
-13.9305114746094,0
-13.3270130157471,0
-13.5205955505371,0
-16.4004669189453,0
-19.9128112792969,0
-21.3349533081055,0
-21.7344875335693,0
-24.2306346893311,0
-28.9818630218506,0
-32.927906036377,0
-34.0374412536621,0
-32.9531898498535,0
-30.5708160400391,0
-27.0260982513428,0
-23.6738033294678,0
-23.1857948303223,0
-26.2033557891846,0
-29.8638725280762,0
-31.1493186950684,0
-30.2596130371094,0
-29.3839130401611,0
-29.5504379272461,0
-30.2370796203613,0
-31.0117149353027,0
-31.8450660705566,0
-32.3776512145996,0
-32.4197692871094,0
-32.8777160644531,0
-34.844554901123,0
-37.9783363342285,0
-40.9999122619629,0
-43.5196876525879,0
-45.9352684020996,0
-47.6102600097656,0
-46.8781051635742,0
-43.3913383483887,0
-39.0340232849121,0
-35.7062492370605,0
-33.3602676391602,0
-31.0447578430176,0
-28.6891250610352,0
-26.7413635253906,0
-25.1419200897217,0
-24.1098136901855,0
-25.0982055664062,0
-29.2097358703613,0
-35.0077781677246,0
-39.551342010498,0
-41.4849891662598,0
-41.6741180419922,0
-41.205436706543,0
-40.7125549316406,0
-41.4980812072754,0
-44.8565330505371,0
-49.7358627319336,0
-53.4760818481445,0
-55.834529876709,0
-59.7682914733887,0
-66.5560073852539,0
-72.4900207519531,0
-72.94287109375,0
-68.1814880371094,0
-62.3611450195312,0
-57.6591720581055,0
-52.4602470397949,0
-45.3712730407715,0
-38.1240081787109,0
-33.4481430053711,0
-31.9706783294678,0
-32.2824096679688,0
-32.7148628234863,0
-32.1552886962891,0
-30.2694416046143,0
-27.8300971984863,0
-25.956693649292,0
-24.375509262085,0
-21.4732894897461,0
-16.9054126739502,0
-13.0558767318726,0
-12.6012353897095,0
-15.2209701538086,0
-18.0174045562744,0
-18.8638229370117,0
-18.0503063201904,0
-16.8292121887207,0
-15.9167318344116,0
-15.7711143493652,0
-16.7902679443359,0
-18.2815093994141,0
-18.38987159729,0
-16.2739295959473,0
-13.5641527175903,0
-12.2993612289429,0
-11.94069480896,0
-10.0095834732056,0
-5.60321140289307,0
-0.708831667900085,0
2.25563597679138,0
2.79129695892334,0
1.79471218585968,0
0.172066897153854,0
-1.18981754779816,0
-1.29497301578522,0
0.0123380552977324,0
1.64000368118286,0
2.45982265472412,0
2.09518837928772,0
0.0381956994533539,0
-4.52835416793823,0
-10.8040943145752,0
-15.5778779983521,0
-16.1682815551758,0
-13.5636749267578,0
-11.0762042999268,0
-10.4206914901733,0
-10.7379865646362,0
-10.941798210144,0
-11.0437297821045,0
-11.3000640869141,0
-12.0629367828369,0
-14.5279808044434,0
-19.3853816986084,0
-24.2917823791504,0
-25.2090282440186,0
-21.5204772949219,0
-17.5328140258789,0
-16.9737758636475,0
-17.9062690734863,0
-15.6848211288452,0
-9.66709232330322,0
-3.76424074172974,0
-0.531396389007568,0
1.84424340724945,0
5.51766204833984,0
8.91945552825928,0
9.11197566986084,0
6.60821676254272,0
5.21590518951416,0
7.46309041976929,0
12.2975692749023,0
17.3740482330322,0
21.6503887176514,0
25.0720653533936,0
27.2800121307373,0
27.8916625976562,0
27.4550132751465,0
27.1398639678955,0
27.5301856994629,0
28.0862617492676,0
27.6429786682129,0
25.3160095214844,0
21.2644004821777,0
16.7132816314697,0
12.9179077148438,0
10.1132507324219,0
7.92424154281616,0
6.65375900268555,0
7.28697443008423,0
9.99797534942627,0
13.5341892242432,0
16.6079940795898,0
19.2465133666992,0
22.2191143035889,0
25.683012008667,0
28.9175548553467,0
30.8623371124268,0
30.4574794769287,0
27.195276260376,0
22.0520420074463,0
17.1457118988037,0
13.5603361129761,0
10.263710975647,0
6.40748882293701,0
3.92012882232666,0
5.83782911300659,0
12.0667953491211,0
18.8836822509766,0
23.2691249847412,0
25.7096729278564,0
27.55592918396,0
27.7971038818359,0
24.8569717407227,0
20.3366031646729,0
17.9989452362061,0
19.0486698150635,0
21.0584621429443,0
22.0537662506104,0
23.0105800628662,0
25.1474361419678,0
27.2741184234619,0
27.8111705780029,0
27.4647464752197,0
27.422643661499,0
26.3075695037842,0
21.8133354187012,0
14.7137794494629,0
8.27373313903809,0
3.69436573982239,0
-0.890732645988464,0
-6.28770017623901,0
-10.0065088272095,0
-9.56440830230713,0
-5.83710384368896,0
-1.56240117549896,0
1.7192245721817,0
3.67865872383118,0
3.85532641410828,0
2.24713897705078,0
0.172290995717049,0
-1.16221225261688,0
-2.08147764205933,0
-3.02475476264954,0
-2.89177131652832,0
-0.579639315605164,0
2.87194967269897,0
5.73424673080444,0
8.4583854675293,0
12.8734703063965,0
18.8589172363281,0
24.0556564331055,0
26.9933834075928,0
28.494140625,0
29.6463985443115,0
30.2089080810547,0
29.5486583709717,0
27.6254062652588,0
24.4752578735352,0
19.9643058776855,0
14.4786167144775,0
8.752685546875,0
2.84121012687683,0
-3.49079704284668,0
-9.25714015960693,0
-12.6380882263184,0
-13.2929916381836,0
-13.010516166687,0
-13.6941394805908,0
-15.8193836212158,0
-18.9002685546875,0
-22.0106410980225,0
-23.7734661102295,0
-23.5525150299072,0
-22.8866558074951,0
-23.8866577148438,0
-25.8551540374756,0
-25.5534934997559,0
-21.4257621765137,0
-15.3870649337769,0
-9.54732513427734,0
-3.43481254577637,0
4.24164438247681,0
13.1978635787964,0
22.4761791229248,0
31.8340892791748,0
40.6710052490234,0
47.4439277648926,0
51.7836456298828,0
55.286979675293,0
58.559211730957,0
59.766716003418,0
58.300422668457,0
57.3787078857422,0
59.8659133911133,0
63.408088684082,0
63.3240432739258,0
59.0257835388184,0
53.6774139404297,0
48.1999969482422,0
39.9253082275391,0
27.7125701904297,0
14.6413240432739,0
4.42568492889404,0
-1.94388890266418,0
-4.94393301010132,0
-4.75639629364014,0
-2.26525139808655,0
0.368958055973053,0
1.57523322105408,0
1.26733541488647,0
-0.736329674720764,0
-4.91696882247925,0
-9.61280536651611,0
-10.784197807312,0
-6.07570314407349,0
2.48305678367615,0
11.3787040710449,0
19.5009918212891,0
27.2604713439941,0
33.5207977294922,0
36.2867279052734,0
36.1583366394043,0
36.5294647216797,0
39.5961837768555,0
43.7846260070801,0
46.0681915283203,0
45.757137298584,0
44.8545913696289,0
45.1551284790039,0
46.3179931640625,0
47.2189025878906,0
48.2408676147461,0
51.0703048706055,0
56.2227554321289,0
61.7300987243652,0
64.7633514404297,0
64.1037521362305,0
60.8235054016113,0
57.1799354553223,0
55.0466537475586,0
54.4913024902344,0
53.3488731384277,0
49.1357727050781,0
42.188232421875,0
36.059513092041,0
33.8289909362793,0
34.7164001464844,0
35.3375015258789,0
33.507884979248,0
29.5063858032227,0
24.3049716949463,0
18.4158725738525,0
12.5990800857544,0
8.09954357147217,0
5.46246528625488,0
3.90538907051086,0
2.34701180458069,0
0.617726802825928,0
-0.509976863861084,0
-0.124806612730026,0
1.94486570358276,0
4.74490833282471,0
6.98408889770508,0
8.5172700881958,0
10.3223295211792,0
12.2948637008667,0
12.0094013214111,0
7.15924215316772,0
-1.12771463394165,0
-8.98319053649902,0
-13.8323459625244,0
-16.2835006713867,0
-18.0439796447754,0
-19.9849014282227,0
-22.9449653625488,0
-28.2512893676758,0
-35.7320976257324,0
-42.8194427490234,0
-47.7901306152344,0
-52.6853408813477,0
-60.2705154418945,0
-68.7955322265625,0
-73.3575134277344,0
-73.0068817138672,0
-72.5913848876953,0
-75.4987564086914,0
-78.2501907348633,0
-75.9833068847656,0
-70.6495819091797,0
-68.8027191162109,0
-72.1513061523438,0
-75.5397491455078,0
-74.9567947387695,0
-72.5919952392578,0
-72.0725708007812,0
-73.093391418457,0
-73.5702056884766,0
-73.4046325683594,0
-72.7094802856445,0
-69.4129486083984,0
-62.6383895874023,0
-56.1624603271484,0
-54.1686363220215,0
-55.0524215698242,0
-53.8917350769043,0
-50.1888160705566,0
-48.4008445739746,0
-50.6547431945801,0
-53.5989189147949,0
-53.6923942565918,0
-51.6242790222168,0
-49.7201919555664,0
-48.3174018859863,0
-46.8063507080078,0
-45.5386657714844,0
-44.5334510803223,0
-42.6006660461426,0
-39.9425582885742,0
-39.5098037719727,0
-43.3055419921875,0
-49.0848236083984,0
-53.4128303527832,0
-56.6335601806641,0
-61.7785034179688,0
-69.289421081543,0
-76.1038131713867,0
-80.1626358032227,0
-82.7307205200195,0
-85.2444381713867,0
-86.5956192016602,0
-85.4057846069336,0
-83.0647354125977,0
-82.1431121826172,0
-82.6873321533203,0
-82.4147033691406,0
-80.4715270996094,0
-78.8711090087891,0
-79.5918807983398,0
-81.8670349121094,0
-83.3874435424805,0
-83.2355880737305,0
-82.6070327758789,0
-83.0902557373047,0
-84.9799194335938,0
-87.0698318481445,0
-87.8105239868164,0
-87.0567474365234,0
-86.6292572021484,0
-88.2380142211914,0
-90.8800506591797,0
-91.8701934814453,0
-90.8941421508789,0
-90.9269943237305,0
-93.7599334716797,0
-96.788818359375,0
-96.6911544799805,0
-94.6237487792969,0
-94.39697265625,0
-96.0963745117188,0
-95.3016815185547,0
-89.4380798339844,0
-81.6767654418945,0
-76.8893127441406,0
-76.0631637573242,0
-76.5781936645508,0
-76.4341659545898,0
-76.3820266723633,0
-78.5313415527344,0
-83.7516021728516,0
-89.8322372436523,0
-92.305908203125,0
-88.7009124755859,0
-81.9237213134766,0
-77.1312942504883,0
-75.1685104370117,0
-72.3774642944336,0
-67.7424697875977,0
-65.9002914428711,0
-70.1643447875977,0
-76.2956771850586,0
-77.6715698242188,0
-74.3756408691406,0
-72.1647338867188,0
-73.4694747924805,0
-74.8060607910156,0
-73.5670013427734,0
-72.1348495483398,0
-73.1604995727539,0
-74.8961334228516,0
-74.1704940795898,0
-71.1831970214844,0
-68.3693771362305,0
-66.5263824462891,0
-65.008903503418,0
-64.3154373168945,0
-65.4549789428711,0
-67.4648590087891,0
-68.3728332519531,0
-68.45458984375,0
-70.0165557861328,0
-73.7451477050781,0
-77.5868911743164,0
-79.8621215820312,0
-81.3967361450195,0
-83.370491027832,0
-84.5802230834961,0
-82.5587692260742,0
-77.0215682983398,0
-70.7684936523438,0
-66.6690063476562,0
-64.4508361816406,0
-61.3662719726562,0
-56.0577697753906,0
-50.6157913208008,0
-47.8488883972168,0
-47.5311622619629,0
-47.3170127868652,0
-46.9830513000488,0
-48.9372100830078,0
-53.6517562866211,0
-57.5072059631348,0
-57.3110008239746,0
-54.7841949462891,0
-54.0290908813477,0
-56.357364654541,0
-60.5402984619141,0
-66.448356628418,0
-74.4199066162109,0
-81.5757522583008,0
-83.1750640869141,0
-78.6930236816406,0
-73.0932464599609,0
-70.563835144043,0
-69.8045196533203,0
-67.1692810058594,0
-61.9533348083496,0
-56.4538383483887,0
-52.5594291687012,0
-50.4108810424805,0
-49.4348831176758,0
-49.0099983215332,0
-48.6916465759277,0
-48.7880821228027,0
-49.9447288513184,0
-51.5164680480957,0
-51.6080131530762,0
-49.5831718444824,0
-47.0901679992676,0
-45.38623046875,0
-43.0772895812988,0
-38.2744750976562,0
-32.1071243286133,0
-28.1128387451172,0
-28.161304473877,0
-30.3790607452393,0
-31.2751178741455,0
-28.9844589233398,0
-24.4332180023193,0
-20.294282913208,0
-18.9925384521484,0
-20.8814125061035,0
-23.8686599731445,0
-25.1633186340332,0
-23.7023277282715,0
-20.7588119506836,0
-18.2157020568848,0
-16.695613861084,0
-15.6458864212036,0
-14.7915620803833,0
-14.6914100646973,0
-15.6865892410278,0
-17.1016883850098,0
-18.2512474060059,0
-19.7768249511719,0
-22.8141098022461,0
-26.7024364471436,0
-28.7230587005615,0
-26.8443374633789,0
-21.9760398864746,0
-16.727954864502,0
-12.5441150665283,0
-8.97981452941895,0
-5.39158630371094,0
-2.19861745834351,0
-0.29189196228981,0
0.082679308950901,0
-0.465432018041611,0
-1.11209940910339,0
-1.60257017612457,0
-2.49045372009277,0
-4.38410758972168,0
-6.88641977310181,0
-8.83042907714844,0
-9.86564159393311,0
-11.0808486938477,0
-13.4185829162598,0
-16.2158718109131,0
-18.302978515625,0
-19.8918399810791,0
-21.9350986480713,0
-23.8725128173828,0
-23.7596588134766,0
-21.0385055541992,0
-17.5925369262695,0
-15.2422380447388,0
-13.6053857803345,0
-11.5816125869751,0
-9.68289661407471,0
-9.26448059082031,0
-10.2486248016357,0
-11.4211349487305,0
-12.603196144104,0
-14.7072143554688,0
-17.8242092132568,0
-21.2713985443115,0
-25.6045265197754,0
-32.181266784668,0
-40.0133666992188,0
-45.5905380249023,0
-47.3723258972168,0
-48.2117195129395,0
-51.2065963745117,0
-55.0971488952637,0
-56.496524810791,0
-55.1680221557617,0
-53.7169303894043,0
-52.7628288269043,0
-50.1603317260742,0
-45.3194351196289,0
-40.7140312194824,0
-38.0267372131348,0
-36.013256072998,0
-33.666202545166,0
-32.4049415588379,0
-33.1083717346191,0
-33.8269882202148,0
-32.9794921875,0
-32.2944068908691,0
-33.6014404296875,0
-34.9944877624512,0
-33.8261604309082,0
-31.7188186645508,0
-32.247386932373,0
-34.5873908996582,0
-34.3769912719727,0
-31.1606369018555,0
-29.9024448394775,0
-33.3985939025879,0
-37.7665634155273,0
-38.3292198181152,0
-36.2480812072754,0
-35.7013854980469,0
-37.3205757141113,0
-38.6383590698242,0
-39.2525634765625,0
-40.9573516845703,0
-43.2782440185547,0
-43.3369598388672,0
-40.7733840942383,0
-38.9072647094727,0
-39.6587142944336,0
-40.6379356384277,0
-39.1871795654297,0
-36.5713577270508,0
-35.714427947998,0
-36.6401710510254,0
-36.7150077819824,0
-34.4186973571777,0
-30.7062454223633,0
-27.2604007720947,0
-25.2026615142822,0
-24.9175891876221,0
-25.4053173065186,0
-24.427806854248,0
-21.1896114349365,0
-18.3680000305176,0
-19.3476467132568,0
-23.6725158691406,0
-27.6669425964355,0
-29.8700580596924,0
-33.2420043945312,0
-40.7730484008789,0
-51.0671424865723,0
-60.0745391845703,0
-65.7448883056641,0
-69.0369033813477,0
-71.2740020751953,0
-72.5708923339844,0
-72.660774230957,0
-71.6189270019531,0
-69.6848831176758,0
-67.4858322143555,0
-66.1756973266602,0
-66.1248779296875,0
-65.8243789672852,0
-63.5553588867188,0
-59.8867607116699,0
-56.8287582397461,0
-54.6139526367188,0
-51.3173828125,0
-45.977855682373,0
-39.9895820617676,0
-34.6599082946777,0
-29.4992828369141,0
-24.133243560791,0
-19.9120273590088,0
-17.8911743164062,0
-16.7275772094727,0
-14.4388952255249,0
-11.1524410247803,0
-8.4473237991333,0
-7.09330797195435,0
-7.11801815032959,0
-8.83496189117432,0
-11.7829923629761,0
-13.8104858398438,0
-13.5162630081177,0
-12.6805267333984,0
-13.9085474014282,0
-16.8057765960693,0
-19.1948356628418,0
-21.2700996398926,0
-25.2381992340088,0
-31.0356788635254,0
-35.8327598571777,0
-38.2035903930664,0
-39.5655326843262,0
-40.8200340270996,0
-40.8305969238281,0
-39.3096389770508,0
-38.0084381103516,0
-37.4740943908691,0
-35.5589256286621,0
-31.0990161895752,0
-26.5361061096191,0
-24.706169128418,0
-25.0829200744629,0
-25.3517303466797,0
-24.9184722900391,0
-24.6736164093018,0
-24.7319526672363,0
-24.5316677093506,0
-24.1152420043945,0
-23.5894508361816,0
-22.4331188201904,0
-20.9099922180176,0
-20.9220123291016,0
-23.7983169555664,0
-28.3401985168457,0
-32.493579864502,0
-35.5781135559082,0
-37.3134078979492,0
-36.4421081542969,0
-32.7680892944336,0
-29.3433532714844,0
-29.7489776611328,0
-33.4011459350586,0
-35.9795951843262,0
-34.7272567749023,0
-31.2997093200684,0
-28.9422149658203,0
-28.6762638092041,0
-29.1770915985107,0
-29.1436805725098,0
-28.5207099914551,0
-27.6608505249023,0
-26.240795135498,0
-23.4872875213623,0
-19.2571392059326,0
-14.2629871368408,0
-8.98085594177246,0
-3.08357763290405,0
3.36364912986755,0
9.04590320587158,0
13.0565986633301,0
16.6802196502686,0
21.6484069824219,0
27.0026779174805,0
30.0207176208496,0
30.4021320343018,0
30.9013442993164,0
32.9451179504395,0
34.2056465148926,0
32.0569496154785,0
27.2682476043701,0
22.469144821167,0
18.8660354614258,0
16.4792861938477,0
15.7890119552612,0
16.6161518096924,0
16.7619762420654,0
14.6364908218384,0
12.4270935058594,0
13.5821933746338,0
17.3316669464111,0
18.9577465057373,0
16.2321758270264,0
12.4590549468994,0
11.2917976379395,0
10.9877786636353,0
6.74716520309448,0
-2.13831090927124,0
-10.5720462799072,0
-13.8436822891235,0
-13.2874450683594,0
-14.0688276290894,0
-18.5924892425537,0
-24.3592643737793,0
-28.1912612915039,0
-30.051477432251,0
-31.504035949707,0
-32.5586547851562,0
-32.4742088317871,0
-32.6386833190918,0
-35.6429061889648,0
-41.1225891113281,0
-45.0977439880371,0
-44.6102676391602,0
-41.1094703674316,0
-37.8807563781738,0
-35.7403297424316,0
-32.9760208129883,0
-28.398811340332,0
-22.5514030456543,0
-16.4079036712646,0
-10.5861129760742,0
-5.7951807975769,0
-2.76155853271484,0
-1.53821492195129,0
-1.56223881244659,0
-2.16459608078003,0
-2.46572804450989,0
-1.44900906085968,0
0.911854147911072,0
3.15781164169312,0
3.92443084716797,0
3.3614559173584,0
1.98858594894409,0
-0.773610711097717,0
-5.13627243041992,0
-8.77755165100098,0
-8.64327812194824,0
-5.16313982009888,0
-2.36301350593567,0
-2.87466406822205,0
-4.72203636169434,0
-4.24516344070435,0
-0.566403090953827,0
4.35716104507446,0
8.75216770172119,0
12.1456136703491,0
14.1766290664673,0
14.326117515564,0
12.9151515960693,0
10.9355440139771,0
8.7768669128418,0
6.28577470779419,0
3.97252011299133,0
2.73801112174988,0
2.33134579658508,0
1.62135791778564,0
0.700152814388275,0
1.06299889087677,0
3.09944558143616,0
5.14781999588013,0
6.05627107620239,0
7.00778579711914,0
9.43046474456787,0
12.6883554458618,0
15.5659713745117,0
18.4762172698975,0
21.94993019104,0
24.3368949890137,0
23.8948192596436,0
22.1958656311035,0
22.007345199585,0
22.1939163208008,0
18.8497924804688,0
12.1768579483032,0
7.85108089447021,0
9.49514961242676,0
13.6780185699463,0
15.3652544021606,0
15.0113801956177,0
16.3821067810059,0
19.7371482849121,0
21.6158351898193,0
20.2586231231689,0
17.056001663208,0
13.138500213623,0
8.66319942474365,0
5.56351852416992,0
6.84498977661133,0
12.1214790344238,0
17.3468532562256,0
20.2578010559082,0
22.9026584625244,0
27.2767791748047,0
31.6526527404785,0
33.5733871459961,0
33.9984130859375,0
35.656307220459,0
38.6901397705078,0
40.5238227844238,0
39.3635139465332,0
35.7340850830078,0
30.9772205352783,0
26.108470916748,0
22.073766708374,0
19.5145435333252,0
17.8758983612061,0
15.6184358596802,0
11.6436643600464,0
6.28832912445068,0
1.14353454113007,0
-1.9183030128479,0
-2.14605259895325,0
-0.826765120029449,0
-0.315449506044388,0
-1.71214699745178,0
-3.94071698188782,0
-5.35610675811768,0
-5.51433992385864,0
-4.92573690414429,0
-3.89112877845764,0
-2.35120940208435,0
-0.404084265232086,0
1.70669758319855,0
3.79827404022217,0
5.40746212005615,0
5.52510356903076,0
3.1989004611969,0
-1.58052802085876,0
-7.67763185501099,0
-13.3797950744629,0
-17.3951377868652,0
-19.7692203521729,0
-21.7004947662354,0
-24.039098739624,0
-26.3922100067139,0
-28.3734493255615,0
-30.9480228424072,0
-35.0581436157227,0
-39.3123321533203,0
-40.9894180297852,0
-39.5950775146484,0
-37.5327949523926,0
-36.7198905944824,0
-36.5932846069336,0
-36.4380226135254,0
-37.407039642334,0
-40.2516059875488,0
-42.7055397033691,0
-41.6684341430664,0
-37.3522300720215,0
-33.0303268432617,0
-30.9291553497314,0
-30.3420925140381,0
-29.5778255462646,0
-27.6442890167236,0
-24.0386981964111,0
-19.3586883544922,0
-16.7083358764648,0
-19.7852745056152,0
-27.7943305969238,0
-34.2308959960938,0
-33.1961479187012,0
-26.1737098693848,0
-20.3779983520508,0
-20.6935482025146,0
-25.3546619415283,0
-29.639331817627,0
-31.4341201782227,0
-32.0856170654297,0
-33.7005882263184,0
-37.4272613525391,0
-43.323673248291,0
-49.9375305175781,0
-54.4325752258301,0
-55.1008987426758,0
-53.8316612243652,0
-54.1776733398438,0
-56.5535926818848,0
-57.460620880127,0
-54.5930671691895,0
-50.5942153930664,0
-49.576416015625,0
-51.3348731994629,0
-51.8887481689453,0
-49.4257621765137,0
-46.6895179748535,0
-46.7113304138184,0
-48.8286972045898,0
-50.5088844299316,0
-51.0848159790039,0
-51.5943298339844,0
-52.2015342712402,0
-52.0655059814453,0
-51.2470474243164,0
-50.6226654052734,0
-49.9322662353516,0
-47.8545074462891,0
-44.4126243591309,0
-41.5698471069336,0
-40.581485748291,0
-40.0337905883789,0
-37.5864028930664,0
-32.8958396911621,0
-27.8136577606201,0
-24.1855182647705,0
-22.4239540100098,0
-21.9694042205811,0
-22.1212120056152,0
-22.2992420196533,0
-22.2956466674805,0
-22.5128917694092,0
-23.3026580810547,0
-23.9061870574951,0
-22.9667644500732,0
-20.5748138427734,0
-18.6761474609375,0
-18.3173961639404,0
-17.5503158569336,0
-14.1063032150269,0
-9.70056343078613,0
-8.7764835357666,0
-12.026255607605,0
-14.1177768707275,0
-10.3201150894165,0
-3.20267820358276,0
0.774301946163177,0
0.247825115919113,0
0.223029315471649,0
3.86129212379456,0
7.51701259613037,0
6.55929946899414,0
2.74697089195251,0
1.80880916118622,0
5.20778608322144,0
8.53299808502197,0
8.17420959472656,0
5.76222705841064,0
4.62213182449341,0
4.93224620819092,0
4.71572256088257,0
3.50862288475037,0
2.19751524925232,0
0.321096181869507,0
-3.40061187744141,0
-7.9566969871521,0
-10.4491395950317,0
-10.3456220626831,0
-10.5674295425415,0
-12.8721532821655,0
-14.7574405670166,0
-13.4214372634888,0
-10.7867050170898,0
-11.1268281936646,0
-14.4342012405396,0
-15.9147291183472,0
-12.764612197876,0
-8.14286327362061,0
-6.69451284408569,0
-8.60854625701904,0
-10.4118804931641,0
-10.1228332519531,0
-9.09290885925293,0
-9.15943050384521,0
-10.110034942627,0
-10.4582786560059,0
-9.604248046875,0
-8.6223840713501,0
-9.10961055755615,0
-11.350043296814,0
-13.7973289489746,0
-14.814377784729,0
-14.6850500106812,0
-14.9943475723267,0
-16.1142730712891,0
-16.6142749786377,0
-15.5079689025879,0
-13.7856044769287,0
-13.0735864639282,0
-13.8651676177979,0
-15.7290649414062,0
-18.1824054718018,0
-20.556245803833,0
-21.9101657867432,0
-21.9043045043945,0
-21.112886428833,0
-19.9820213317871,0
-18.2547206878662,0
-15.7759494781494,0
-12.8723268508911,0
-9.56868457794189,0
-5.58814859390259,0
-1.55839705467224,0
1.09615659713745,0
2.02873611450195,0
2.38146305084229,0
2.75718593597412,0
2.36134433746338,0
0.895164608955383,0
-0.555355668067932,0
-1.65775167942047,0
-3.8659303188324,0
-7.59353828430176,0
-10.215371131897,0
-9.28881359100342,0
-6.5096321105957,0
-5.75431871414185,0
-7.78754997253418,0
-9.68897533416748,0
-9.57751083374023,0
-9.2029914855957,0
-11.0482425689697,0
-15.0239276885986,0
-19.2095775604248,0
-22.27219581604,0
-23.8679332733154,0
-23.8188800811768,0
-22.3091697692871,0
-20.3496932983398,0
-18.8999099731445,0
-17.7265968322754,0
-15.9200439453125,0
-13.4078426361084,0
-11.3696928024292,0
-11.2132005691528,0
-13.4277935028076,0
-17.1389122009277,0
-20.4240741729736,0
-21.4710636138916,0
-20.0134735107422,0
-17.4421195983887,0
-15.0525550842285,0
-12.5463628768921,0
-8.98475742340088,0
-4.8940806388855,0
-2.18245315551758,0
-1.5737396478653,0
-1.19802916049957,0
1.34849512577057,0
6.08456325531006,0
10.6995735168457,0
13.2621297836304,0
14.0581026077271,0
14.9314746856689,0
17.607515335083,0
22.4377040863037,0
27.8229217529297,0
31.0285491943359,0
30.7269859313965,0
28.6965637207031,0
27.6728496551514,0
27.5467929840088,0
25.598653793335,0
21.0275020599365,0
16.9347114562988,0
16.2179698944092,0
17.4487533569336,0
17.194356918335,0
15.1449947357178,0
14.0735807418823,0
15.1060037612915,0
15.9879837036133,0
14.6010322570801,0
11.7300319671631,0
9.3500280380249,0
8.18281841278076,0
8.11414813995361,0
9.26150989532471,0
11.2073602676392,0
12.5980958938599,0
13.0513696670532,0
14.3015213012695,0
17.7153549194336,0
21.472541809082,0
22.1366996765137,0
18.8447113037109,0
14.2840785980225,0
11.46071434021,0
11.0234022140503,0
11.9884920120239,0
13.3950796127319,0
14.3639669418335,0
13.9250059127808,0
12.2746295928955,0
11.5491752624512,0
13.758490562439,0
17.9638214111328,0
20.9630527496338,0
21.172082901001,0
20.3763256072998,0
20.6852188110352,0
21.1546688079834,0
19.3310680389404,0
15.5472221374512,0
13.2726078033447,0
14.626049041748,0
17.6910228729248,0
19.6340198516846,0
20.7360801696777,0
23.3260612487793,0
27.8305339813232,0
32.2793083190918,0
35.352725982666,0
37.4299736022949,0
38.3573532104492,0
36.7146644592285,0
32.3483848571777,0
27.432596206665,0
23.4182968139648,0
18.7671756744385,0
11.8285350799561,0
4.58752155303955,0
0.824428677558899,0
0.950793206691742,0
1.47090923786163,0
0.0971261784434319,0
-1.16246283054352,0
0.560014069080353,0
4.36451816558838,0
6.46343898773193,0
4.95161533355713,0
1.82371652126312,0
0.218552380800247,0
1.05698251724243,0
2.75194597244263,0
3.17190623283386,0
1.23773956298828,0
-2.76636123657227,0
-7.49931335449219,0
-10.9779014587402,0
-11.2641878128052,0
-7.52420330047607,0
-0.769484877586365,0
6.79476451873779,0
13.6790161132812,0
20.2653865814209,0
27.6100902557373,0
35.3688545227051,0
41.8223533630371,0
46.090217590332,0
49.3093032836914,0
52.9981880187988,0
56.9694595336914,0
59.6995887756348,0
60.4463653564453,0
60.199031829834,0
60.4929695129395,0
61.8321952819824,0
63.5381546020508,0
64.9776763916016,0
66.5794219970703,0
69.1697082519531,0
72.1890716552734,0
73.3515625,0
70.9756546020508,0
66.2589569091797,0
62.0756607055664,0
59.6307144165039,0
57.6472587585449,0
54.9477233886719,0
52.0918998718262,0
49.715389251709,0
46.9876365661621,0
43.190258026123,0
39.5547866821289,0
37.6695938110352,0
36.7892646789551,0
34.8066825866699,0
31.7794284820557,0
30.3144149780273,0
31.7224407196045,0
33.5360221862793,0
32.1485900878906,0
26.889778137207,0
20.1423854827881,0
14.1089706420898,0
9.0521411895752,0
4.59441566467285,0
0.999795377254486,0
-1.56837344169617,0
-3.77154159545898,0
-5.91799211502075,0
-6.80592823028564,0
-4.95013093948364,0
-0.531686246395111,0
5.00732851028442,0
10.8118543624878,0
16.6035404205322,0
21.2576866149902,0
23.46750831604,0
24.0879745483398,0
25.6147003173828,0
28.427417755127,0
29.6640605926514,0
27.3064422607422,0
23.5319690704346,0
22.0444507598877,0
23.4816474914551,0
25.6487464904785,0
27.2153224945068,0
28.6661205291748,0
30.0512199401855,0
30.308614730835,0
29.0553188323975,0
27.1437950134277,0
25.2136249542236,0
23.2541370391846,0
21.5147457122803,0
20.1177062988281,0
17.9484233856201,0
14.0629005432129,0
10.3023052215576,0
9.98541069030762,0
13.1068067550659,0
15.21204662323,0
12.7687454223633,0
8.00052738189697,0
6.2791314125061,0
9.52881240844727,0
14.3611707687378,0
16.7332191467285,0
16.4030818939209,0
15.7821760177612,0
15.8541717529297,0
15.2589893341064,0
13.4170579910278,0
12.463526725769,0
14.543643951416,0
18.2791042327881,0
20.0516090393066,0
18.7222785949707,0
16.9775791168213,0
17.4737739562988,0
19.7565078735352,0
22.1597919464111,0
24.7886486053467,0
28.6706714630127,0
33.1232376098633,0
36.0570869445801,0
36.5747337341309,0
35.7973365783691,0
35.342529296875,0
35.9635276794434,0
37.1387596130371,0
37.0983505249023,0
34.0734977722168,0
28.5038833618164,0
23.0460453033447,0
19.4583320617676,0
16.8685550689697,0
14.2997846603394,0
12.9333047866821,0
13.7579002380371,0
14.8475856781006,0
13.9539566040039,0
12.5259437561035,0
13.7075214385986,0
17.0061168670654,0
18.7450847625732,0
17.864767074585,0
17.2419300079346,0
18.2623291015625,0
18.0461730957031,0
14.1731204986572,0
9.01908302307129,0
6.80973672866821,0
8.63310813903809,0
12.8422317504883,0
18.4146099090576,0
25.1952819824219,0
32.2035217285156,0
38.3223686218262,0
43.7724761962891,0
48.7898406982422,0
52.0278854370117,0
52.5675163269043,0
52.2715911865234,0
53.4889068603516,0
55.4602699279785,0
55.8819580078125,0
55.0528907775879,0
55.0327644348145,0
55.262622833252,0
53.0372314453125,0
48.5477294921875,0
45.1378517150879,0
43.357364654541,0
39.1225929260254,0
30.1593418121338,0
20.4137706756592,0
14.7188348770142,0
12.0735645294189,0
8.12044048309326,0
2.16265463829041,0
-2.60353374481201,0
-4.74262237548828,0
-6.07708740234375,0
-7.58600807189941,0
-7.82270002365112,0
-6.12359762191772,0
-3.91177940368652,0
-1.77097201347351,0
1.51101744174957,0
5.47406911849976,0
6.6261944770813,0
2.84733819961548,0
-3.03004264831543,0
-6.45080709457397,0
-6.37839412689209,0
-4.9841251373291,0
-3.48654341697693,0
-1.10772919654846,0
2.34429979324341,0
5.61228704452515,0
8.04464721679688,0
10.3575572967529,0
12.7745189666748,0
14.2547855377197,0
14.4163570404053,0
14.7471656799316,0
16.9260711669922,0
21.0320777893066,0
26.2271919250488,0
32.0282897949219,0
37.8296546936035,0
42.2474517822266,0
44.4109840393066,0
45.3440818786621,0
46.6550483703613,0
48.1630439758301,0
48.2451515197754,0
46.5346412658691,0
44.9168281555176,0
45.4516258239746,0
48.181339263916,0
51.2229652404785,0
52.3171501159668,0
50.3691062927246,0
46.4643096923828,0
43.4154167175293,0
43.2764129638672,0
45.2100486755371,0
46.7470397949219,0
46.8239898681641,0
45.9909973144531,0
43.8494682312012,0
38.8341598510742,0
31.5344676971436,0
25.8804054260254,0
25.0912914276123,0
27.9274463653564,0
30.8740406036377,0
32.7836532592773,0
35.2148666381836,0
39.1712074279785,0
44.031063079834,0
49.337085723877,0
55.0773811340332,0
59.9508895874023,0
61.7229766845703,0
60.0689964294434,0
57.1970977783203,0
54.8540992736816,0
52.4437599182129,0
49.0179290771484,0
45.3266258239746,0
42.4119415283203,0
39.5165977478027,0
35.2013130187988,0
29.8746204376221,0
25.4985885620117,0
22.972053527832,0
21.3403968811035,0
19.7796783447266,0
18.9952182769775,0
19.9791412353516,0
22.2159690856934,0
23.9514446258545,0
24.003438949585,0
22.7608032226562,0
21.490816116333,0
21.154613494873,0
21.9888801574707,0
23.7457008361816,0
25.8603191375732,0
27.5653095245361,0
28.4895877838135,0
29.3496894836426,0
31.4803447723389,0
35.2491722106934,0
39.3938179016113,0
42.4796905517578,0
44.5569877624512,0
46.5415992736816,0
48.2140274047852,0
47.9138679504395,0
44.4573020935059,0
38.5348434448242,0
31.8541870117188,0
25.5250949859619,0
19.608491897583,0
13.6647157669067,0
7.34085655212402,0
0.797195136547089,0
-5.22371006011963,0
-10.1177139282227,0
-14.2110576629639,0
-18.245885848999,0
-22.0883255004883,0
-24.7434825897217,0
-25.7400550842285,0
-25.5871505737305,0
-24.7378711700439,0
-23.2547206878662,0
-21.7814712524414,0
-21.3678665161133,0
-21.5493316650391,0
-20.0710315704346,0
-15.7915143966675,0
-10.6945505142212,0
-7.56964635848999,0
-6.71531772613525,0
-6.57424688339233,0
-6.5572247505188,0
-6.85940885543823,0
-5.87212753295898,0
-0.602764964103699,0
9.42477798461914,0
20.7759799957275,0
29.9855937957764,0
37.4671249389648,0
46.038646697998,0
56.3030014038086,0
65.1473083496094,0
69.1614532470703,0
68.6876754760742,0
67.699821472168,0
69.4795532226562,0
72.9576416015625,0
74.3238830566406,0
72.2288513183594,0
69.6592407226562,0
69.582633972168,0
70.607421875,0
69.3718414306641,0
66.0680847167969,0
64.2713012695312,0
65.2642669677734,0
66.0658187866211,0
64.2039566040039,0
61.056941986084,0
58.3757171630859,0
54.5579605102539,0
47.578010559082,0
39.5783767700195,0
34.8347015380859,0
34.0097846984863,0
33.9270706176758,0
32.7373504638672,0
31.6938724517822,0
31.3903026580811,0
30.0025463104248,0
26.9062995910645,0
24.9352874755859,0
26.6070823669434,0
30.2746715545654,0
32.722526550293,0
34.0832366943359,0
37.1739959716797,0
42.6358489990234,0
47.8768920898438,0
51.1216087341309,0
53.5899658203125,0
56.557430267334,0
58.8043937683105,0
58.9077415466309,0
58.2117156982422,0
59.0050163269043,0
60.6620254516602,0
60.3199996948242,0
57.3808479309082,0
54.6142044067383,0
53.8238334655762,0
52.7914047241211,0
48.3754653930664,0
41.035099029541,0
33.9564628601074,0
28.5101890563965,0
23.1608734130859,0
16.9497547149658,0
11.4686851501465,0
8.28858184814453,0
6.44044208526611,0
4.13988208770752,0
1.71773481369019,0
0.904994010925293,0
1.87831556797028,0
3.09032368659973,0
4.05838966369629,0
6.30118799209595,0
10.6922473907471,0
15.4002733230591,0
17.744291305542,0
17.3027439117432,0
15.9839010238647,0
15.5194540023804,0
16.1711521148682,0
17.7368106842041,0
20.3724899291992,0
23.8907661437988,0
27.2872467041016,0
29.7740688323975,0
31.6900539398193,0
33.6156921386719,0
35.0101203918457,0
34.5948829650879,0
31.9897956848145,0
28.2640609741211,0
24.8567008972168,0
22.4458980560303,0
20.6940479278564,0
18.4905948638916,0
14.7467250823975,0
9.85682392120361,0
6.12762069702148,0
5.50253677368164,0
6.84660005569458,0
7.0170521736145,0
5.00442361831665,0
3.24697852134705,0
3.92741727828979,0
5.85443449020386,0
6.7154335975647,0
6.86371612548828,0
8.5287504196167,0
12.1572351455688,0
16.1070709228516,0
19.7017440795898,0
24.0347213745117,0
29.5622367858887,0
35.3914947509766,0
41.4856109619141,0
49.0437355041504,0
57.616138458252,0
64.1389541625977,0
66.4039154052734,0
65.7660064697266,0
64.8759155273438,0
64.2784271240234,0
62.9772758483887,0
61.1265640258789,0
60.201904296875,0
60.9454612731934,0
62.4973182678223,0
63.300895690918,0
62.1934814453125,0
59.2808227539062,0
56.222110748291,0
54.6052627563477,0
53.592414855957,0
50.5768547058105,0
44.6630859375,0
37.6678733825684,0
30.968729019165,0
23.6446743011475,0
14.9531517028809,0
6.16635274887085,0
-1.74868392944336,0
-9.63505172729492,0
-17.1578960418701,0
-21.3460788726807,0
-21.4882564544678,0
-22.7930736541748,0
-30.5853385925293,0
-42.396842956543,0
-50.8036804199219,0
-53.4437522888184,0
-54.7898406982422,0
-57.6073455810547,0
-58.6392784118652,0
-55.1761741638184,0
-50.7193489074707,0
-50.1017913818359,0
-52.4216270446777,0
-53.1699905395508,0
-51.2428398132324,0
-49.4340744018555,0
-48.9777450561523,0
-48.0085792541504,0
-45.8117256164551,0
-44.8127861022949,0
-46.8226890563965,0
-49.8762397766113,0
-50.6859970092773,0
-48.7280769348145,0
-46.0645141601562,0
-43.9007530212402,0
-41.1766242980957,0
-36.7079391479492,0
-31.230785369873,0
-26.3318195343018,0
-22.003002166748,0
-16.631420135498,0
-9.76582813262939,0
-3.68896460533142,0
-1.06649911403656,0
-1.62809312343597,0
-2.66446447372437,0
-2.70455527305603,0
-2.97792053222656,0
-4.74678611755371,0
-6.95395755767822,0
-7.74479532241821,0
-7.06147384643555,0
-6.2740592956543,0
-6.11003923416138,0
-6.40498733520508,0
-7.13103103637695,0
-8.02164745330811,0
-7.84147500991821,0
-6.08662986755371,0
-5.15122413635254,0
-8.38492393493652,0
-15.500373840332,0
-22.2492237091064,0
-25.7243938446045,0
-27.6821670532227,0
-30.7888374328613,0
-33.7378234863281,0
-33.2118186950684,0
-29.8173408508301,0
-28.3854064941406,0
-31.4403667449951,0
-35.3195762634277,0
-34.7179908752441,0
-29.0729217529297,0
-22.0756778717041,0
-16.2153759002686,0
-10.7519454956055,0
-4.77124166488647,0
0.914703011512756,0
5.81595230102539,0
11.0095615386963,0
16.7578277587891,0
21.297643661499,0
24.3391914367676,0
29.6050643920898,0
40.242504119873,0
52.6051177978516,0
58.9435539245605,0
57.1199378967285,0
53.5905265808105,0
54.6559753417969,0
58.4684562683105,0
59.1959838867188,0
56.152473449707,0
53.692741394043,0
53.0236015319824,0
49.8165168762207,0
41.4454383850098,0
31.8444671630859,0
26.0653800964355,0
23.2278709411621,0
18.6216773986816,0
10.9521617889404,0
3.5538022518158,0
-1.00359404087067,0
-3.79380989074707,0
-6.59371042251587,0
-9.24599266052246,0
-11.1141748428345,0
-12.7579040527344,0
-14.7989406585693,0
-16.9307327270508,0
-19.2019233703613,0
-22.4247016906738,0
-25.9636535644531,0
-27.0447540283203,0
-24.1409702301025,0
-19.4208221435547,0
-15.5813341140747,0
-11.6091079711914,0
-4.53239440917969,0
5.27324819564819,0
13.7269649505615,0
18.3524322509766,0
21.0487117767334,0
24.5370845794678,0
28.6309185028076,0
31.7428684234619,0
34.0792999267578,0
37.0464286804199,0
40.4741973876953,0
42.6274147033691,0
42.8248672485352,0
42.3690910339355,0
42.6220245361328,0
43.2844200134277,0
42.9325218200684,0
40.5550727844238,0
36.2444801330566,0
30.8262214660645,0
25.2547798156738,0
20.4171409606934,0
17.1341514587402,0
15.5981283187866,0
14.5657596588135,0
12.1224546432495,0
8.15978527069092,0
5.08374404907227,0
4.54904270172119,0
4.44065284729004,0
1.41479182243347,0
-4.03447103500366,0
-8.0154857635498,0
-9.04836177825928,0
-10.0987758636475,0
-13.5572471618652,0
-17.5976028442383,0
-19.8489799499512,0
-21.6141529083252,0
-25.1687030792236,0
-29.2838687896729,0
-31.421443939209,0
-32.80517578125,0
-36.8062629699707,0
-42.8131523132324,0
-46.3750267028809,0
-45.942195892334,0
-44.829273223877,0
-44.9207229614258,0
-42.9009857177734,0
-35.7408409118652,0
-26.5231781005859,0
-20.9051914215088,0
-19.6162242889404,0
-18.2525520324707,0
-13.7272939682007,0
-7.40180253982544,0
-1.77497673034668,0
2.74835109710693,0
6.87229776382446,0
10.5713443756104,0
13.5521011352539,0
16.1317672729492,0
18.5720539093018,0
20.4834022521973,0
21.7175025939941,0
23.1166076660156,0
25.6587715148926,0
29.3146629333496,0
33.1975479125977,0
36.467357635498,0
38.8429870605469,0
40.5784111022949,0
42.0245666503906,0
42.9461097717285,0
42.5497589111328,0
40.6600723266602,0
38.2867012023926,0
36.1205596923828,0
33.1697883605957,0
28.4271183013916,0
23.4002838134766,0
20.7226486206055,0
19.974271774292,0
17.5442657470703,0
12.1289072036743,0
8.08366584777832,0
10.7880868911743,0
19.893684387207,0
29.9034652709961,0
36.9838371276855,0
42.2669372558594,0
48.0042381286621,0
53.5568389892578,0
57.0826454162598,0
59.0339698791504,0
61.239330291748,0
63.3174858093262,0
62.8096389770508,0
59.2719497680664,0
55.8604850769043,0
55.5431900024414,0
57.3203887939453,0
57.8842964172363,0
56.0924186706543,0
53.841251373291,0
52.684211730957,0
51.5736885070801,0
48.6568717956543,0
43.8499031066895,0
38.5232200622559,0
33.5294494628906,0
28.7430572509766,0
24.0717964172363,0
19.6585521697998,0
15.0724287033081,0
9.44273567199707,0
2.92614245414734,0
-2.63926267623901,0
-5.34764909744263,0
-5.50207614898682,0
-5.69170141220093,0
-8.12645626068115,0
-12.0705604553223,0
-14.5734567642212,0
-13.8862819671631,0
-11.2809085845947,0
-8.85878849029541,0
-6.58850479125977,0
-3.01071619987488,0
1.64580821990967,0
5.10633993148804,0
6.12456130981445,0
5.91006851196289,0
5.62954759597778,0
4.50434684753418,0
1.98079371452332,0
0.0479486249387264,0
1.00304961204529,0
3.74510836601257,0
4.81438302993774,0
3.08660483360291,0
1.18565034866333,0
1.8382979631424,0
4.8665943145752,0
8.54434776306152,0
12.0305519104004,0
15.1259269714355,0
16.9384059906006,0
16.4148616790771,0
13.7671794891357,0
10.2610006332397,0
6.85003232955933,0
3.83044648170471,0
1.55044674873352,0
0.600544571876526,0
1.23114860057831,0
3.0000262260437,0
4.99945974349976,0
6.36271905899048,0
6.919837474823,0
7.50668239593506,0
9.08774089813232,0
11.2648792266846,0
12.2325706481934,0
10.7538290023804,0
7.88939428329468,0
6.34357357025146,0
8.17938041687012,0
13.173002243042,0
19.0241317749023,0
23.1796264648438,0
24.927978515625,0
25.6608467102051,0
26.6807632446289,0
27.3533115386963,0
26.4436054229736,0
24.5046215057373,0
23.0285663604736,0
21.634744644165,0
18.7687702178955,0
15.4867057800293,0
15.2362699508667,0
18.3938827514648,0
20.379077911377,0
17.8837814331055,0
13.9948778152466,0
13.3553867340088,0
14.5600051879883,0
12.2871351242065,0
6.04915904998779,0
1.30581736564636,0
0.984183013439178,0
0.990867435932159,0
-3.42538166046143,0
-10.7901926040649,0
-15.9841575622559,0
-16.9214496612549,0
-15.4002227783203,0
-13.2160997390747,0
-10.8467845916748,0
-9.1741943359375,0
-9.43021488189697,0
-11.255202293396,0
-12.8271741867065,0
-13.0853080749512,0
-12.4322118759155,0
-11.4060907363892,0
-10.0633983612061,0
-8.63322734832764,0
-7.56565046310425,0
-6.81636953353882,0
-5.84718656539917,0
-4.20152139663696,0
-1.49766933917999,0
2.65398788452148,0
7.86529159545898,0
12.4243822097778,0
14.3769693374634,0
13.1219472885132,0
9.59950923919678,0
5.24553346633911,0
0.99398136138916,0
-3.2666597366333,0
-8.47836303710938,0
-14.9746751785278,0
-21.2408561706543,0
-25.2443237304688,0
-27.1082191467285,0
-28.8551731109619,0
-31.008695602417,0
-31.4189491271973,0
-28.6784591674805,0
-24.8843517303467,0
-23.1678066253662,0
-23.684591293335,0
-23.919095993042,0
-22.1176471710205,0
-18.6636734008789,0
-14.7614412307739,0
-11.5244913101196,0
-9.86278629302979,0
-9.60614204406738,0
-9.11413288116455,0
-7.23120260238647,0
-5.15661382675171,0
-4.90132713317871,0
-6.42816019058228,0
-7.85307884216309,0
-7.89318132400513,0
-6.51208209991455,0
-3.91090941429138,0
-0.932703256607056,0
0.0519362725317478,0
-2.9702479839325,0
-8.77703475952148,0
-13.8295974731445,0
-16.0556716918945,0
-15.9411888122559,0
-14.3539037704468,0
-11.8568048477173,0
-10.1660642623901,0
-11.3260698318481,0
-14.6758861541748,0
-17.3642234802246,0
-18.8790493011475,0
-22.1217308044434,0
-28.2293128967285,0
-33.1697425842285,0
-32.3403472900391,0
-26.7961502075195,0
-21.7961826324463,0
-19.9455375671387,0
-18.8140201568604,0
-15.4340963363647,0
-10.3483276367188,0
-6.08796072006226,0
-3.55727601051331,0
-1.55626463890076,0
0.902804493904114,0
3.33892154693604,0
4.99391078948975,0
6.20296764373779,0
7.7539758682251,0
9.23392963409424,0
9.16542148590088,0
7.26691961288452,0
5.54580211639404,0
6.05302953720093,0
8.248215675354,0
9.95051956176758,0
10.283332824707,0
9.81663703918457,0
8.17493438720703,0
4.10470628738403,0
-1.52980101108551,0
-5.49620628356934,0
-6.35152435302734,0
-6.55950736999512,0
-8.64355278015137,0
-11.3725919723511,0
-12.1631002426147,0
-11.4306869506836,0
-11.5123157501221,0
-12.4239501953125,0
-12.0421285629272,0
-10.03870677948,0
-8.22071170806885,0
-6.93921279907227,0
-4.82156133651733,0
-2.82174015045166,0
-4.70242166519165,0
-11.595383644104,0
-19.3532371520996,0
-23.8765850067139,0
-26.4140071868896,0
-30.5750865936279,0
-36.2869758605957,0
-40.3889579772949,0
-42.0002021789551,0
-43.4095497131348,0
-45.765251159668,0
-47.3927001953125,0
-46.9608154296875,0
-45.3359336853027,0
-43.366584777832,0
-40.3307304382324,0
-35.6947441101074,0
-30.4477977752686,0
-25.7922096252441,0
-22.2753677368164,0
-20.7281246185303,0
-21.8243179321289,0
-23.8725814819336,0
-23.4611835479736,0
-19.7174034118652,0
-15.909010887146,0
-15.3118810653687,0
-17.2866992950439,0
-18.9005298614502,0
-18.5737819671631,0
-16.5279293060303,0
-13.5754079818726,0
-11.4546098709106,0
-12.6102895736694,0
-17.3456630706787,0
-22.5023231506348,0
-25.071907043457,0
-25.6983795166016,0
-26.3198547363281,0
-25.9741764068604,0
-22.1046733856201,0
-15.2078685760498,0
-8.89175891876221,0
-5.35597038269043,0
-3.71315670013428,0
-2.92859315872192,0
-3.43191361427307,0
-5.07165384292603,0
-6.22469854354858,0
-6.36440467834473,0
-7.5648078918457,0
-11.9026308059692,0
-18.4983501434326,0
-24.2826881408691,0
-26.9509525299072,0
-26.5290813446045,0
-24.8605289459229,0
-24.0606174468994,0
-24.6749038696289,0
-24.9498920440674,0
-22.6010208129883,0
-17.4165534973145,0
-11.3212451934814,0
-6.02947282791138,0
-1.88814973831177,0
0.957350492477417,0
1.91185343265533,0
1.12720763683319,0
0.0294162910431623,0
-0.3094662129879,0
-0.494410514831543,0
-1.72500240802765,0
-4.12128353118896,0
-6.87474679946899,0
-9.40647029876709,0
-11.5448446273804,0
-12.9904155731201,0
-13.3865823745728,0
-12.704216003418,0
-11.0396099090576,0
-8.4326057434082,0
-5.55326318740845,0
-4.15944528579712,0
-5.80801153182983,0
-9.91606903076172,0
-13.884503364563,0
-15.5399560928345,0
-14.956859588623,0
-13.6090803146362,0
-12.4697885513306,0
-11.6107654571533,0
-10.9702758789062,0
-10.2810125350952,0
-8.41216373443604,0
-4.20324897766113,0
1.70369327068329,0
7.2748966217041,0
12.0545520782471,0
18.1488494873047,0
26.6439170837402,0
34.1713180541992,0
35.4500198364258,0
29.4011936187744,0
20.7663612365723,0
15.0189924240112,0
13.2564115524292,0
12.8472766876221,0
11.32080078125,0
7.95039224624634,0
2.59849309921265,0
-4.7034969329834,0
-12.6463623046875,0
-18.6853351593018,0
-21.247522354126,0
-21.3728275299072,0
-21.333423614502,0
-21.8173656463623,0
-21.3692989349365,0
-18.8917026519775,0
-15.7593269348145,0
-14.3543815612793,0
-14.8168773651123,0
-14.7471179962158,0
-12.6588020324707,0
-10.3202152252197,0
-10.4099588394165,0
-12.7795324325562,0
-14.7031021118164,0
-14.5219068527222,0
-13.3480815887451,0
-12.9732093811035,0
-13.6377267837524,0
-14.4423809051514,0
-14.7275152206421,0
-14.3009672164917,0
-13.2106237411499,0
-12.014458656311,0
-11.6475028991699,0
-12.5429763793945,0
-14.4672145843506,0
-17.3379688262939,0
-21.143835067749,0
-24.7418518066406,0
-26.1146678924561,0
-24.6432991027832,0
-21.8958911895752,0
-19.1159362792969,0
-15.1272993087769,0
-8.18641757965088,0
0.947455644607544,0
9.45365619659424,0
15.5692310333252,0
19.7733535766602,0
23.0905075073242,0
25.6906642913818,0
27.2535724639893,0
27.5793991088867,0
26.8133754730225,0
25.9217319488525,0
26.4588584899902,0
28.5706043243408,0
29.7251205444336,0
27.1603221893311,0
21.4557056427002,0
15.8855075836182,0
12.2583417892456,0
9.46419048309326,0
6.42618703842163,0
4.11809587478638,0
3.62697148323059,0
4.26977443695068,0
5.03459787368774,0
6.23076486587524,0
8.22482395172119,0
10.0096855163574,0
10.6649580001831,0
11.0189008712769,0
12.1523752212524,0
13.2146596908569,0
12.3846788406372,0
9.21457481384277,0
4.56840515136719,0
-0.715195953845978,0
-5.38640022277832,0
-7.24245452880859,0
-5.50980520248413,0
-3.22734332084656,0
-4.58552169799805,0
-9.68238544464111,0
-14.2683238983154,0
-15.1766796112061,0
-13.7403182983398,0
-12.9551115036011,0
-13.4482698440552,0
-13.8361549377441,0
-13.5687170028687,0
-13.538369178772,0
-14.4704608917236,0
-16.241756439209,0
-18.6641063690186,0
-21.8560123443604,0
-25.8087291717529,0
-30.2856597900391,0
-35.0694465637207,0
-39.6999015808105,0
-43.1367645263672,0
-44.4977951049805,0
-44.3470840454102,0
-44.6169128417969,0
-46.7005729675293,0
-49.7410507202148,0
-51.2365608215332,0
-49.5052223205566,0
-45.351936340332,0
-41.1128044128418,0
-38.2569198608398,0
-36.3306770324707,0
-34.2079544067383,0
-31.7099113464355,0
-29.4969959259033,0
-27.7562866210938,0
-25.8505172729492,0
-23.5392932891846,0
-21.8983325958252,0
-22.1663475036621,0
-23.5890045166016,0
-23.3231449127197,0
-19.4312915802002,0
-13.6628227233887,0
-9.93653583526611,0
-9.65824508666992,0
-9.9274377822876,0
-7.50769424438477,0
-3.33512568473816,0
-1.09618306159973,0
-1.86454975605011,0
-2.72327542304993,0
-1.32640480995178,0
0.676511943340302,0
0.470004290342331,0
-1.62503397464752,0
-3.28482127189636,0
-4.6465892791748,0
-8.38266372680664,0
-14.7286615371704,0
-19.4969749450684,0
-19.2157135009766,0
-16.3688583374023,0
-16.5811367034912,0
-21.1218318939209,0
-25.3354778289795,0
-25.2651977539062,0
-22.8500022888184,0
-22.3997993469238,0
-24.0265426635742,0
-23.7046318054199,0
-19.1488571166992,0
-12.4649562835693,0
-6.63213348388672,0
-2.2627055644989,0
1.05864346027374,0
2.79817271232605,0
2.67307496070862,0
2.03266739845276,0
2.06690549850464,0
1.83998584747314,0
-0.0437400676310062,0
-2.75955677032471,0
-4.09805393218994,0
-3.36528515815735,0
-1.77165734767914,0
-0.378470808267593,0
0.838345110416412,0
2.27370882034302,0
4.38027238845825,0
7.59793090820312,0
11.4097929000854,0
14.2733116149902,0
15.8941841125488,0
18.5013008117676,0
23.8799438476562,0
30.0212860107422,0
33.1988792419434,0
32.9774055480957,0
32.4634552001953,0
33.5086898803711,0
34.5681648254395,0
34.1118965148926,0
33.3332710266113,0
33.7928695678711,0
34.4906883239746,0
33.3554916381836,0
30.42018699646,0
27.6735782623291,0
26.5036563873291,0
26.7902793884277,0
27.8911685943604,0
29.0948715209961,0
29.532096862793,0
28.9356117248535,0
28.2382736206055,0
28.4302043914795,0
29.3029289245605,0
30.4457302093506,0
32.8929214477539,0
38.1320304870605,0
45.4651985168457,0
51.9791984558105,0
55.730354309082,0
57.7917518615723,0
60.4392890930176,0
64.2685623168945,0
67.9905166625977,0
70.3582077026367,0
71.1865692138672,0
70.7752380371094,0
69.5110855102539,0
68.2528610229492,0
68.1241989135742,0
69.2924957275391,0
70.4442825317383,0
70.0748062133789,0
68.0802917480469,0
65.6441421508789,0
63.8209037780762,0
62.7492980957031,0
61.9964141845703,0
60.9231414794922,0
58.6882667541504,0
54.6490249633789,0
49.0747413635254,0
43.0253410339355,0
37.401985168457,0
32.6270370483398,0
29.2215213775635,0
27.7098140716553,0
27.4850921630859,0
26.6821689605713,0
24.0323047637939,0
20.3473205566406,0
17.4565410614014,0
16.2091693878174,0
16.3164768218994,0
17.541955947876,0
19.8383464813232,0
22.5156650543213,0
24.4859733581543,0
25.4488182067871,0
25.8585929870605,0
25.6996898651123,0
24.5002555847168,0
22.8438587188721,0
22.4933185577393,0
24.1350917816162,0
26.0573501586914,0
26.2907695770264,0
25.3803672790527,0
25.5139389038086,0
27.0332984924316,0
27.4815769195557,0
24.7675247192383,0
19.9733257293701,0
15.9281072616577,0
13.9291210174561,0
13.3407678604126,0
13.9218235015869,0
16.5957012176514,0
21.4398727416992,0
26.5893421173096,0
30.3163356781006,0
33.2192344665527,0
37.0861129760742,0
42.1056823730469,0
46.4355125427246,0
48.5291023254395,0
49.1228828430176,0
50.768741607666,0
55.4334678649902,0
62.085391998291,0
66.8369750976562,0
66.8407287597656,0
64.2852478027344,0
64.4147338867188,0
68.371223449707,0
70.4415893554688,0
65.0676193237305,0
54.8367881774902,0
47.8619651794434,0
47.7759552001953,0
50.2441864013672,0
49.9201927185059,0
46.8513412475586,0
44.1314125061035,0
42.62353515625,0
41.0550689697266,0
39.3506126403809,0
38.7043075561523,0
39.1351280212402,0
39.5509605407715,0
