-44.7521171569824,0
-46.4248390197754,0
-47.9561462402344,0
-47.4887886047363,0
-46.5564765930176,0
-48.4260711669922,0
-53.5282669067383,0
-58.7799949645996,0
-61.8880996704102,0
-64.1211013793945,0
-67.4545135498047,0
-70.7517547607422,0
-71.0332412719727,0
-67.8072280883789,0
-63.6887168884277,0
-60.4837379455566,0
-56.9426193237305,0
-51.4423179626465,0
-45.0182762145996,0
-40.0252952575684,0
-36.9583129882812,0
-34.491340637207,0
-31.9755916595459,0
-29.8328914642334,0
-27.6906509399414,0
-24.3627471923828,0
-20.1308536529541,0
-17.0289611816406,0
-16.0634574890137,0
-16.0184020996094,0
-16.0329647064209,0
-17.3485260009766,0
-20.8396396636963,0
-24.6084632873535,0
-26.344877243042,0
-26.9132232666016,0
-29.0646495819092,0
-33.2204208374023,0
-37.1004409790039,0
-39.2220420837402,0
-40.0354919433594,0
-39.573844909668,0
-37.0991172790527,0
-33.8969383239746,0
-33.2803764343262,0
-36.0726661682129,0
-38.7111053466797,0
-38.0541076660156,0
-35.8033103942871,0
-35.4020080566406,0
-36.4008293151855,0
-35.4111824035645,0
-31.7815780639648,0
-28.5044231414795,0
-27.231897354126,0
-26.090934753418,0
-23.7058353424072,0
-22.0115280151367,0
-22.7585391998291,0
-23.8177547454834,0
-21.9930458068848,0
-17.8896884918213,0
-14.6008214950562,0
-12.3292140960693,0
-8.21952819824219,0
-2.19446730613708,0
0.898215532302856,0
-2.62435579299927,0
-9.630051612854,0
-13.8023252487183,0
-13.6423196792603,0
-13.3907346725464,0
-16.0610752105713,0
-19.1293182373047,0
-18.6025066375732,0
-14.5565528869629,0
-10.1386938095093,0
-6.7490816116333,0
-3.20254421234131,0
0.731530666351318,0
2.84856867790222,0
1.30150055885315,0
-3.20113801956177,0
-8.92055702209473,0
-15.0051622390747,0
-20.6978759765625,0
-24.3939266204834,0
-25.4013538360596,0
-25.595890045166,0
-27.3073291778564,0
-30.1554374694824,0
-32.0153427124023,0
-32.6823883056641,0
-34.112476348877,0
-36.863208770752,0
-39.0011825561523,0
-39.5535316467285,0
-40.5200233459473,0
-43.7084121704102,0
-47.645751953125,0
-49.8447113037109,0
-50.4524955749512,0
-50.9360847473145,0
-50.3116874694824,0
-45.9916687011719,0
-38.3230133056641,0
-31.1429977416992,0
-27.0825500488281,0
-25.0023460388184,0
-23.1347160339355,0
-22.1214179992676,0
-23.1637477874756,0
-25.3048305511475,0
-26.8330974578857,0
-27.9996967315674,0
-30.0165100097656,0
-32.2641944885254,0
-32.9575576782227,0
-32.3376579284668,0
-32.9166946411133,0
-36.2662887573242,0
-41.4130058288574,0
-46.7398834228516,0
-51.5962905883789,0
-55.394645690918,0
-57.0498352050781,0
-56.6564636230469,0
-56.3883285522461,0
-58.1983108520508,0
-61.4124069213867,0
-63.9900817871094,0
-65.4701995849609,0
-67.0409088134766,0
-69.0510406494141,0
-70.3257522583008,0
-70.2609481811523,0
-69.9256973266602,0
-70.2821502685547,0
-70.5939559936523,0
-69.6806106567383,0
-67.9321441650391,0
-66.9864501953125,0
-67.8411712646484,0
-70.1321182250977,0
-72.8473281860352,0
-74.9062347412109,0
-75.4270248413086,0
-74.3761672973633,0
-72.8165969848633,0
-71.7644577026367,0
-70.9660949707031,0
-69.4579086303711,0
-67.053337097168,0
-64.5650863647461,0
-62.8332481384277,0
-62.1780090332031,0
-62.3618774414062,0
-62.367733001709,0
-60.8686141967773,0
-57.8878135681152,0
-55.218017578125,0
-53.8859443664551,0
-52.0497779846191,0
-47.314380645752,0
-40.6628379821777,0
-35.8407974243164,0
-34.7807884216309,0
-35.9260864257812,0
-37.4926681518555,0
-39.8989410400391,0
-43.8098373413086,0
-47.902271270752,0
-50.2153778076172,0
-50.3168563842773,0
-48.7639694213867,0
-45.7923927307129,0
-42.006103515625,0
-39.0736541748047,0
-37.9696006774902,0
-37.3197059631348,0
-35.0801162719727,0
-31.1968040466309,0
-27.0072574615479,0
-22.5237445831299,0
-16.1800689697266,0
-7.56512022018433,0
0.928008317947388,0
5.91925859451294,0
6.16557550430298,0
3.62020492553711,0
1.49974930286407,0
1.41784477233887,0
2.64352416992188,0
4.11508464813232,0
6.08901882171631,0
8.81244468688965,0
10.7086114883423,0
9.96276187896729,0
7.51597833633423,0
6.07995796203613,0
6.08173322677612,0
5.30395317077637,0
3.22362661361694,0
2.71991086006165,0
5.89764261245728,0
10.8949155807495,0
14.9730606079102,0
18.46116065979,0
23.0733222961426,0
28.2356052398682,0
32.0827484130859,0
34.8485794067383,0
38.1565055847168,0
41.4913635253906,0
42.2309379577637,0
39.124584197998,0
33.4181060791016,0
26.66872215271,0
19.69069480896,0
13.5712127685547,0
9.42936325073242,0
6.90042304992676,0
4.71677207946777,0
2.83307528495789,0
2.1279661655426,0
2.1254415512085,0
1.15382468700409,0
-1.11072826385498,0
-3.41156482696533,0
-5.48779058456421,0
-8.69693565368652,0
-13.5859727859497,0
-19.0170974731445,0
-24.4250106811523,0
-30.7825508117676,0
-38.2541160583496,0
-44.8548049926758,0
-48.8726615905762,0
-51.1839218139648,0
-53.8109703063965,0
-57.2981147766113,0
-60.6360321044922,0
-62.6939277648926,0
-62.6816062927246,0
-60.3439102172852,0
-56.8711776733398,0
-54.5659637451172,0
-54.3224716186523,0
-54.2702331542969,0
-52.1213722229004,0
-48.0400543212891,0
-43.8932266235352,0
-40.4383544921875,0
-36.8530616760254,0
-32.7465972900391,0
-29.091344833374,0
-26.9344215393066,0
-26.1785984039307,0
-25.8333492279053,0
-24.8343563079834,0
-22.6769561767578,0
-19.8703422546387,0
-17.6329517364502,0
-16.5550403594971,0
-15.8491334915161,0
-14.6476984024048,0
-13.7227411270142,0
-14.9103307723999,0
-18.8037204742432,0
-23.9552536010742,0
-28.602237701416,0
-32.3037757873535,0
-35.3273468017578,0
-37.1436386108398,0
-36.6599197387695,0
-34.1758346557617,0
-32.2222709655762,0
-33.4000930786133,0
-37.3363647460938,0
-40.817569732666,0
-41.5401802062988,0
-40.7339401245117,0
-40.8981323242188,0
-41.8338928222656,0
-40.9809417724609,0
-37.6565856933594,0
-34.5914649963379,0
-34.2278366088867,0
-35.3973274230957,0
-35.1760330200195,0
-32.600830078125,0
-28.9310188293457,0
-25.5449352264404,0
-23.5570983886719,0
-24.4556407928467,0
-28.6222248077393,0
-33.4902572631836,0
-35.5660247802734,0
-34.5810279846191,0
-33.6523513793945,0
-34.9689979553223,0
-37.3043785095215,0
-38.4061241149902,0
-37.8693962097168,0
-36.607479095459,0
-35.1706275939941,0
-33.920768737793,0
-33.6284332275391,0
-34.5703544616699,0
-35.9204559326172,0
-37.071704864502,0
-38.5363998413086,0
-40.4171524047852,0
-41.1689605712891,0
-39.4875946044922,0
-36.607048034668,0
-34.9266624450684,0
-34.8268661499023,0
-34.779369354248,0
-34.5395355224609,0
-36.1066207885742,0
-40.7879219055176,0
-46.9696235656738,0
-51.9085655212402,0
-54.6074333190918,0
-55.7830848693848,0
-55.9070091247559,0
-54.6928024291992,0
-52.1392631530762,0
-48.7212600708008,0
-44.524471282959,0
-39.34033203125,0
-33.763500213623,0
-28.9766426086426,0
-24.9399223327637,0
-19.9688854217529,0
-13.1305885314941,0
-6.28244829177856,0
-2.43493413925171,0
-2.36040258407593,0
-4.05421829223633,0
-5.43754577636719,0
-6.12205791473389,0
-6.21734762191772,0
-5.13088321685791,0
-2.71559596061707,0
-0.288929581642151,0
1.17595171928406,0
3.0821475982666,0
7.38925266265869,0
12.9411754608154,0
16.0041656494141,0
15.372953414917,0
14.8465909957886,0
18.7279930114746,0
26.0570316314697,0
31.6353797912598,0
32.572696685791,0
31.4909706115723,0
32.4890823364258,0
35.9219551086426,0
38.8618850708008,0
39.6639862060547,0
39.9885482788086,0
42.1657218933105,0
46.1223945617676,0
49.5771026611328,0
50.3283348083496,0
47.7459869384766,0
42.8377380371094,0
37.6550827026367,0
34.0825653076172,0
32.309253692627,0
30.641471862793,0
27.3809871673584,0
22.6365337371826,0
17.8841953277588,0
14.3835296630859,0
12.729640007019,0
13.0692625045776,0
14.3766946792603,0
14.1715126037598,0
10.9414730072021,0
6.84539651870728,0
5.82486009597778,0
8.38053512573242,0
10.3809509277344,0
8.27789211273193,0
3.43647527694702,0
-0.549129545688629,0
-2.94278311729431,0
-5.55370807647705,0
-8.43785572052002,0
-9.17246341705322,0
-6.67633962631226,0
-3.04251217842102,0
-0.696726202964783,0
0.200454443693161,0
0.62585037946701,0
0.936981439590454,0
1.51932311058044,0
3.62444305419922,0
8.00671482086182,0
13.5891990661621,0
18.7249546051025,0
23.1644096374512,0
27.8327655792236,0
33.3116035461426,0
39.4228515625,0
45.6914901733398,0
51.3436050415039,0
55.3548278808594,0
57.3094253540039,0
57.8884811401367,0
58.0444183349609,0
58.1937522888184,0
58.5255584716797,0
59.2861251831055,0
60.2877349853516,0
60.9570236206055,0
61.2705917358398,0
61.6611061096191,0
61.6848411560059,0
60.2235984802246,0
57.6565284729004,0
56.1594696044922,0
56.7956314086914,0
58.0867309570312,0
58.901969909668,0
60.7258186340332,0
64.7559356689453,0
68.5527038574219,0
68.8503494262695,0
66.876708984375,0
67.3012313842773,0
71.7308807373047,0
76.6635513305664,0
78.7423400878906,0
78.7985229492188,0
79.1529235839844,0
79.8448333740234,0
79.8079605102539,0
79.5539245605469,0
80.0255737304688,0
80.1759185791016,0
78.2704849243164,0
74.7972183227539,0
71.7766265869141,0
69.746940612793,0
67.6146392822266,0
65.0558929443359,0
62.8154373168945,0
60.8163223266602,0
58.2931632995605,0
55.9417762756348,0
55.6052474975586,0
57.2608642578125,0
58.431957244873,0
57.3383522033691,0
54.579460144043,0
50.7527923583984,0
44.6523590087891,0
35.5836524963379,0
25.8103790283203,0
18.6130828857422,0
14.8029537200928,0
12.9009256362915,0
11.8925485610962,0
11.8321189880371,0
12.241641998291,0
12.0517015457153,0
11.2918882369995,0
11.1742916107178,0
12.2451343536377,0
13.8750667572021,0
15.7912845611572,0
18.6139640808105,0
22.3546867370605,0
25.6851367950439,0
27.4830055236816,0
28.2864761352539,0
29.5802021026611,0
32.1519050598145,0
35.4128570556641,0
37.7533760070801,0
37.5695152282715,0
34.8935508728027,0
32.1912117004395,0
32.4437599182129,0
35.9396362304688,0
39.8681983947754,0
41.5518684387207,0
41.0522499084473,0
39.8927879333496,0
38.3567314147949,0
35.4510307312012,0
31.0995616912842,0
26.820104598999,0
23.772481918335,0
21.1148891448975,0
17.1405010223389,0
11.7375078201294,0
6.84544324874878,0
4.16936492919922,0
3.10618662834167,0
1.74045193195343,0
-0.349636971950531,0
-1.39831507205963,0
0.113116182386875,0
3.45225691795349,0
6.91739177703857,0
10.2014923095703,0
14.1925296783447,0
18.9666366577148,0
23.5983066558838,0
28.0413265228271,0
33.6027412414551,0
40.8167495727539,0
47.9366226196289,0
52.4694175720215,0
53.641902923584,0
52.6637763977051,0
51.1351203918457,0
49.9931793212891,0
49.5027198791504,0
49.1056060791016,0
47.2541236877441,0
42.5570297241211,0
35.713550567627,0
29.6041660308838,0
26.6636562347412,0
26.4695148468018,0
26.6136379241943,0
25.6289043426514,0
24.0971584320068,0
22.9839649200439,0
22.178638458252,0
21.192081451416,0
20.1806335449219,0
19.4078941345215,0
18.5433483123779,0
17.5125541687012,0
17.3357048034668,0
18.8917274475098,0
21.2816600799561,0
22.682804107666,0
22.5443572998047,0
21.5900726318359,0
19.8298568725586,0
16.289608001709,0
11.2258148193359,0
7.11746311187744,0
6.31710577011108,0
8.33533573150635,0
10.3488359451294,0
10.1653547286987,0
8.06927967071533,0
5.79274988174438,0
4.16364574432373,0
2.15552520751953,0
-1.62128734588623,0
-6.84358644485474,0
-11.542854309082,0
-14.2258272171021,0
-15.0306272506714,0
-14.5554285049438,0
-12.8228273391724,0
-10.2867918014526,0
-8.68878269195557,0
-9.45542144775391,0
-11.8230085372925,0
-13.8435182571411,0
-14.7153043746948,0
-14.7940092086792,0
-13.9309186935425,0
-11.5915899276733,0
-8.49160194396973,0
-6.3360161781311,0
-5.60158967971802,0
-4.94411325454712,0
-3.08892369270325,0
-0.0636652410030365,0
3.62418532371521,0
7.60071659088135,0
10.9685544967651,0
12.4552936553955,0
12.1104145050049,0
11.9298763275146,0
13.855447769165,0
17.5639305114746,0
20.8269920349121,0
21.7665214538574,0
20.383674621582,0
18.1217956542969,0
16.260274887085,0
14.8069105148315,0
13.0190916061401,0
10.7090454101562,0
8.15079784393311,0
4.55508279800415,0
-1.80406653881073,0
-10.6263675689697,0
-17.9628658294678,0
-19.749568939209,0
-16.8210144042969,0
-14.392523765564,0
-16.2086029052734,0
-21.0029048919678,0
-25.3042278289795,0
-27.7804851531982,0
-29.4718017578125,0
-31.1878414154053,0
-32.5558776855469,0
-33.189826965332,0
-33.2065773010254,0
-32.4731826782227,0
-30.480562210083,0
-27.3087024688721,0
-24.0353412628174,0
-21.9158039093018,0
-21.5748805999756,0
-22.9476718902588,0
-25.2059059143066,0
-26.4892425537109,0
-24.765172958374,0
-20.0210723876953,0
-15.0600452423096,0
-12.6397895812988,0
-11.7347717285156,0
-8.38091659545898,0
-1.18798553943634,0
5.60699033737183,0
6.45449209213257,0
0.916402161121368,0
-6.51014518737793,0
-12.5903482437134,0
-18.5105113983154,0
-26.1611862182617,0
-34.1848220825195,0
-39.7426872253418,0
-42.2336883544922,0
-42.7926292419434,0
-41.3420715332031,0
-36.9537239074707,0
-30.8468036651611,0
-26.3111515045166,0
-25.000509262085,0
-25.3219223022461,0
-25.3881912231445,0
-25.8479652404785,0
-28.4305458068848,0
-32.7611503601074,0
-36.2315101623535,0
-36.9090156555176,0
-35.4116744995117,0
-33.5354270935059,0
-31.7199172973633,0
-28.6742076873779,0
-23.677131652832,0
-18.5587749481201,0
-16.3355121612549,0
-17.6635322570801,0
-19.781042098999,0
-19.9343109130859,0
-18.9882869720459,0
-20.0050773620605,0
-23.4262161254883,0
-25.6923675537109,0
-23.5903205871582,0
-18.4111728668213,0
-14.1400022506714,0
-12.3366727828979,0
-10.8071384429932,0
-7.35371541976929,0
-2.7585072517395,0
0.947355389595032,0
3.55997610092163,0
6.34582042694092,0
9.38901996612549,0
11.1278781890869,0
10.4652757644653,0
7.78544902801514,0
3.83143496513367,0
-0.6840540766716,0
-3.9819073677063,0
-3.81580305099487,0
-0.447620511054993,0
2.6314172744751,0
2.64889526367188,0
0.903273224830627,0
0.163719445466995,0
-0.0868780761957169,0
-2.94578886032104,0
-8.82156944274902,0
-13.9674978256226,0
-15.2987833023071,0
-14.1684055328369,0
-13.7304010391235,0
-14.4937009811401,0
-14.5471038818359,0
-12.9082307815552,0
-10.3195886611938,0
-7.1325511932373,0
-2.52765655517578,0
3.80883860588074,0
10.6401233673096,0
16.2816047668457,0
19.9431629180908,0
21.829553604126,0
22.6690769195557,0
23.2874984741211,0
24.0718898773193,0
24.7805118560791,0
25.1485557556152,0
25.2351150512695,0
24.6486759185791,0
22.1623764038086,0
17.1800937652588,0
11.1428480148315,0
6.24725437164307,0
2.99586915969849,0
0.304245889186859,0
-2.12128877639771,0
-3.12446761131287,0
-2.16454172134399,0
-0.4982930123806,0
0.57343453168869,0
1.56843733787537,0
3.95000863075256,0
8.07904243469238,0
12.9679117202759,0
17.638671875,0
21.8040580749512,0
25.2891159057617,0
27.5379867553711,0
27.9856357574463,0
26.6918449401855,0
24.4321231842041,0
22.1328926086426,0
20.2486209869385,0
18.7996482849121,0
17.8818836212158,0
17.5825748443604,0
17.2373752593994,0
15.6649675369263,0
12.9457578659058,0
11.2719917297363,0
12.7956237792969,0
16.9027881622314,0
20.9096183776855,0
23.342830657959,0
24.9693775177002,0
26.2980651855469,0
25.8997707366943,0
22.4320049285889,0
17.1241683959961,0
12.7003479003906,0
10.3554563522339,0
9.21398830413818,0
8.5262622833252,0
8.79173851013184,0
10.2681074142456,0
11.7377729415894,0
11.8970708847046,0
11.4096899032593,0
12.3671388626099,0
15.608868598938,0
19.5792179107666,0
22.3548431396484,0
23.9843692779541,0
25.8767051696777,0
28.4227466583252,0
30.6870059967041,0
32.5383567810059,0
35.3346710205078,0
39.4860725402832,0
42.8116836547852,0
43.038402557373,0
41.0468444824219,0
39.5564994812012,0
38.9395294189453,0
36.7823715209961,0
32.0858039855957,0
27.4612255096436,0
25.7425746917725,0
26.2648677825928,0
26.3455352783203,0
25.1671600341797,0
24.0953063964844,0
23.8403511047363,0
23.4833106994629,0
22.333065032959,0
20.9678936004639,0
20.120397567749,0
19.8591918945312,0
20.0669918060303,0
20.4942302703857,0
20.2588348388672,0
18.6850929260254,0
16.8424434661865,0
16.7226047515869,0
18.3964653015137,0
19.5240592956543,0
18.5614280700684,0
17.1610870361328,0
18.2719841003418,0
22.7447032928467,0
28.8085174560547,0
34.1028480529785,0
37.2612533569336,0
38.3303680419922,0
38.7869873046875,0
40.4758605957031,0
43.3347091674805,0
44.8190116882324,0
42.9947547912598,0
39.6699600219727,0
38.6569671630859,0
40.9255180358887,0
43.3211784362793,0
42.6159706115723,0
39.1459808349609,0
35.4606018066406,0
32.8063621520996,0
30.4510173797607,0
27.7072067260742,0
24.96755027771,0
22.6823616027832,0
20.4177436828613,0
17.198263168335,0
12.2529983520508,0
5.52631902694702,0
-1.92578232288361,0
-8.12288379669189,0
-11.2968730926514,0
-10.789644241333,0
-6.65585851669312,0
0.743340194225311,0
9.80173969268799,0
17.2163410186768,0
20.3091697692871,0
19.8457584381104,0
18.9629611968994,0
19.1062355041504,0
18.7030239105225,0
16.2250194549561,0
12.551362991333,0
9.29673862457275,0
6.72213220596313,0
4.80579471588135,0
4.58756256103516,0
6.30227184295654,0
7.48192834854126,0
5.50110149383545,0
1.44785380363464,0
-1.08837747573853,0
-0.948598563671112,0
-0.516592800617218,0
-1.54609847068787,0
-2.53286528587341,0
-1.41071081161499,0
1.25943028926849,0
3.34052205085754,0
3.83887195587158,0
3.02568507194519,0
1.01368820667267,0
-2.18000316619873,0
-5.86459159851074,0
-9.30141448974609,0
-12.4525175094604,0
-14.9483757019043,0
-15.2733020782471,0
-12.7292280197144,0
-9.65345001220703,0
-9.52723026275635,0
-12.5604600906372,0
-15.0348768234253,0
-13.8913688659668,0
-10.4301767349243,0
-8.14030838012695,0
-8.01002311706543,0
-7.91036891937256,0
-6.33903646469116,0
-4.56773042678833,0
-4.1441535949707,0
-4.06635999679565,0
-2.4733259677887,0
-0.434604942798615,0
-1.55488717556,0
-7.14208745956421,0
-13.8098382949829,0
-17.3363018035889,0
-17.5049915313721,0
-17.335657119751,0
-18.4935836791992,0
-19.6835041046143,0
-19.3916492462158,0
-18.0227661132812,0
-16.8384780883789,0
-16.527681350708,0
-17.4226779937744,0
-19.4921607971191,0
-21.352746963501,0
-20.9040756225586,0
-18.0799312591553,0
-15.6791353225708,0
-16.2589664459229,0
-19.2826271057129,0
-22.4816970825195,0
-24.8242340087891,0
-26.6595935821533,0
-28.0383262634277,0
-28.7777576446533,0
-29.5204963684082,0
-30.7449684143066,0
-31.0595550537109,0
-28.5091075897217,0
-23.5469455718994,0
-18.6308670043945,0
-14.5773839950562,0
-9.51963043212891,0
-2.38712644577026,0
4.55364179611206,0
8.11458587646484,0
7.88488435745239,0
6.15169239044189,0
5.12277412414551,0
5.5451774597168,0
7.16316747665405,0
8.95804214477539,0
9.3579683303833,0
7.61553192138672,0
4.7968921661377,0
2.32457828521729,0
-0.0409305058419704,0
-3.4605438709259,0
-7.60167694091797,0
-10.5548477172852,0
-11.2463598251343,0
-10.4269599914551,0
-8.98894309997559,0
-6.90240049362183,0
-4.46255922317505,0
-2.94995474815369,0
-2.77750039100647,0
-2.19826531410217,0
0.514437854290009,0
4.28384876251221,0
6.33948421478271,0
5.83418130874634,0
4.57468223571777,0
4.04227209091187,0
3.62263679504395,0
2.52587366104126,0
1.61178588867188,0
1.91380882263184,0
2.82745003700256,0
3.62742018699646,0
5.70873594284058,0
10.9529447555542,0
18.2342147827148,0
24.0977153778076,0
27.2604675292969,0
29.9786205291748,0
34.1061782836914,0
38.3540229797363,0
41.1468124389648,0
43.9268226623535,0
48.9776039123535,0
55.2192039489746,0
59.0384941101074,0
59.0316581726074,0
57.3715782165527,0
56.2126541137695,0
55.0435562133789,0
52.3638572692871,0
48.0991897583008,0
43.2736740112305,0
38.6718902587891,0
34.9828834533691,0
33.2721366882324,0
34.0732345581055,0
36.444206237793,0
38.789909362793,0
40.3359375,0
41.2849502563477,0
42.0844802856445,0
43.2381477355957,0
45.2804985046387,0
47.950569152832,0
49.6554641723633,0
48.8620948791504,0
46.0972442626953,0
43.4250755310059,0
41.5377388000488,0
38.6513938903809,0
33.3908081054688,0
27.7095012664795,0
25.0206966400146,0
25.5825862884521,0
25.8208751678467,0
22.8404693603516,0
17.6170845031738,0
12.5646238327026,0
8.04294109344482,0
3.44975066184998,0
0.169181153178215,0
0.311589807271957,0
2.85968399047852,0
4.15057754516602,0
2.76763010025024,0
1.26446115970612,0
2.00524091720581,0
3.81199550628662,0
4.35672378540039,0
3.71745157241821,0
3.32401061058044,0
2.82461810112,0
0.611190617084503,0
-2.95596790313721,0
-5.21632146835327,0
-4.54382514953613,0
-2.39618802070618,0
-1.32425129413605,0
-1.94185531139374,0
-2.66254472732544,0
-1.99206328392029,0
-0.296519339084625,0
0.96711277961731,0
1.45358550548553,0
2.64052486419678,0
5.89127445220947,0
10.4418916702271,0
14.3259325027466,0
16.9161586761475,0
19.0791187286377,0
20.8152751922607,0
20.6888637542725,0
18.3943767547607,0
15.9460277557373,0
14.7054824829102,0
12.7641086578369,0
7.55486249923706,0
0.297121465206146,0
-4.7322793006897,0
-5.54833316802979,0
-4.80189228057861,0
-5.99919652938843,0
-9.30073165893555,0
-12.3568668365479,0
-13.852499961853,0
-14.4687957763672,0
-14.9644365310669,0
-15.0335426330566,0
-14.2122869491577,0
-12.6969156265259,0
-10.7997217178345,0
-8.2736177444458,0
-4.5990309715271,0
0.358763635158539,0
6.1292200088501,0
11.8289852142334,0
16.6262302398682,0
20.3637142181396,0
23.6053428649902,0
26.6204051971436,0
28.5901470184326,0
28.7083511352539,0
28.0727996826172,0
29.2394123077393,0
33.219066619873,0
37.9835624694824,0
41.063591003418,0
42.7385101318359,0
44.9582939147949,0
47.4703903198242,0
47.2184295654297,0
42.3055534362793,0
34.6983070373535,0
27.6596298217773,0
21.9477272033691,0
16.3687305450439,0
11.106915473938,0
8.15474128723145,0
8.39181613922119,0
10.2604913711548,0
11.8895635604858,0
12.8990669250488,0
13.3847236633301,0
12.6087064743042,0
9.80597019195557,0
5.41182088851929,0
0.708600282669067,0
-2.93140959739685,0
-4.03744554519653,0
-1.71873033046722,0
2.65136623382568,0
5.81622695922852,0
6.14070749282837,0
5.63143587112427,0
6.83967065811157,0
8.80468368530273,0
8.2533073425293,0
4.31609296798706,0
-0.447202831506729,0
-4.00866746902466,0
-7.49867343902588,0
-12.8566942214966,0
-19.677677154541,0
-25.8064041137695,0
-29.9135627746582,0
-32.1000366210938,0
-32.7097358703613,0
-31.9312496185303,0
-30.2774124145508,0
-28.3411273956299,0
-26.1982536315918,0
-23.9455013275146,0
-22.6237621307373,0
-23.4736671447754,0
-26.0382423400879,0
-27.9788970947266,0
-27.356725692749,0
-24.4890098571777,0
-20.9437026977539,0
-17.2416648864746,0
-12.4883604049683,0
-6.14456367492676,0
0.876959085464478,0
7.23254776000977,0
12.4722518920898,0
16.8574695587158,0
20.585355758667,0
23.8703117370605,0
27.1522083282471,0
30.3708744049072,0
32.5700149536133,0
33.1914138793945,0
33.2684707641602,0
34.2069664001465,0
35.8482627868652,0
37.0781936645508,0
37.8596458435059,0
38.8208923339844,0
38.9466743469238,0
35.8727035522461,0
29.0958652496338,0
21.0644645690918,0
14.3668928146362,0
9.55349159240723,0
6.33367872238159,0
4.7485876083374,0
4.018226146698,0
2.43482351303101,0
0.049702912569046,0
-0.546541512012482,0
1.97012853622437,0
5.11618995666504,0
6.27457571029663,0
6.9057502746582,0
9.81730651855469,0
13.6486215591431,0
14.1256332397461,0
10.5740270614624,0
7.04371786117554,0
6.1150951385498,0
5.4946985244751,0
2.56378173828125,0
-1.1663566827774,0
-2.8773455619812,0
-3.06181359291077,0
-3.92963075637817,0
-4.84421110153198,0
-3.16703605651855,0
0.70396500825882,0
2.89068412780762,0
1.58346009254456,0
-0.0130875203758478,0
1.87846994400024,0
6.31070470809937,0
9.0287504196167,0
8.08994293212891,0
5.75427436828613,0
4.98592185974121,0
6.17500400543213,0
7.89982223510742,0
9.32571220397949,0
10.6452198028564,0
11.8026809692383,0
11.9228668212891,0
10.2133359909058,0
7.13187980651855,0
4.51987600326538,0
4.31666564941406,0
6.73182773590088,0
9.88167858123779,0
11.9180841445923,0
13.387957572937,0
16.4023399353027,0
21.2380523681641,0
25.1562347412109,0
25.5649261474609,0
23.2426204681396,0
21.041820526123,0
20.2511081695557,0
20.0919189453125,0
20.401741027832,0
22.4170169830322,0
26.2586498260498,0
29.7932014465332,0
31.3222351074219,0
31.6810569763184,0
31.9924793243408,0
30.9672718048096,0
26.9514255523682,0
21.709135055542,0
18.9863109588623,0
19.0520534515381,0
17.8355693817139,0
12.8257093429565,0
7.00959968566895,0
4.617995262146,0
5.03015804290771,0
3.96500611305237,0
-0.2467280626297,0
-4.80458784103394,0
-6.88504838943481,0
-6.94567775726318,0
-6.69304180145264,0
-6.23941469192505,0
-4.8085036277771,0
-2.61271405220032,0
-0.4705411195755,0
1.37282991409302,0
2.76204323768616,0
2.9274890422821,0
1.54721069335938,0
-0.191611900925636,0
-0.691381812095642,0
0.549884915351868,0
3.41670989990234,0
8.15643882751465,0
14.6074886322021,0
21.3363018035889,0
27.0794944763184,0
32.411563873291,0
38.4162902832031,0
44.3814430236816,0
48.7920188903809,0
52.2178153991699,0
56.8157920837402,0
62.6939239501953,0
67.17431640625,0
68.5054931640625,0
68.0800018310547,0
67.7956314086914,0
67.4992904663086,0
66.8251953125,0
67.2876586914062,0
69.6584243774414,0
70.6589584350586,0
65.8092422485352,0
55.5789489746094,0
45.544921875,0
39.6920890808105,0
36.333194732666,0
31.8689155578613,0
25.9175415039062,0
20.5992755889893,0
16.6112079620361,0
12.7046241760254,0
8.54740047454834,0
5.94387054443359,0
6.90170669555664,0
11.5236616134644,0
17.8074779510498,0
22.970178604126,0
25.4684295654297,0
26.2803859710693,0
27.4775657653809,0
29.1377143859863,0
29.0608139038086,0
26.3955039978027,0
23.7492141723633,0
23.9844703674316,0
26.412561416626,0
28.2870693206787,0
28.7897510528564,0
28.972053527832,0
28.7301959991455,0
26.9384250640869,0
24.30002784729,0
22.8560047149658,0
22.340763092041,0
20.1567115783691,0
15.7111053466797,0
11.6367349624634,0
9.45134258270264,0
7.10080766677856,0
2.70709538459778,0
-2.05896043777466,0
-4.80633163452148,0
-6.24850702285767,0
-8.27425956726074,0
-10.0111141204834,0
-9.17495632171631,0
-6.41193246841431,0
-4.95217418670654,0
-6.09744739532471,0
-8.02914237976074,0
-9.27015972137451,0
-10.4576568603516,0
-12.0670480728149,0
-13.0959377288818,0
-13.1713733673096,0
-13.7061920166016,0
-15.533540725708,0
-17.2337970733643,0
-17.4025249481201,0
-17.1514129638672,0
-18.7234783172607,0
-22.6670455932617,0
-27.8387012481689,0
-33.1937828063965,0
-38.0303382873535,0
-41.4341278076172,0
-43.3511581420898,0
-45.6053466796875,0
-49.8616371154785,0
-54.7794647216797,0
-57.1326866149902,0
-55.8527641296387,0
-53.0861701965332,0
-50.9611549377441,0
-49.2994384765625,0
-47.2135162353516,0
-44.9196739196777,0
-42.5945014953613,0
-39.0416603088379,0
-33.3076705932617,0
-26.7458667755127,0
-21.7804050445557,0
-19.0664825439453,0
-17.2910804748535,0
-15.365424156189,0
-13.3246421813965,0
-11.2803297042847,0
-9.09312438964844,0
-7.36338663101196,0
-7.46647548675537,0
-10.0797891616821,0
-14.4074153900146,0
-19.0413589477539,0
-22.851921081543,0
-25.0741062164307,0
-25.6358757019043,0
-25.7439613342285,0
-27.0854034423828,0
-29.7140331268311,0
-31.363676071167,0
-29.6832542419434,0
-25.045072555542,0
-20.6110897064209,0
-19.426778793335,0
-21.4747295379639,0
-23.6399765014648,0
-22.7183113098145,0
-18.4890575408936,0
-13.660174369812,0
-11.0000371932983,0
-11.1618461608887,0
-13.1849164962769,0
-15.8358917236328,0
-17.8529357910156,0
-18.1592674255371,0
-17.0499057769775,0
-16.299934387207,0
-16.8232269287109,0
-17.0083560943604,0
-14.8201484680176,0
-10.8236951828003,0
-7.38481998443604,0
-5.38055086135864,0
-3.68095302581787,0
-1.70599567890167,0
-0.381122976541519,0
-0.326606631278992,0
-1.07033085823059,0
-2.43479323387146,0
-4.76471328735352,0
-7.2821216583252,0
-8.2091178894043,0
-7.22238636016846,0
-5.84814691543579,0
-4.73762464523315,0
-2.79078197479248,0
0.0394798889756203,0
1.67802584171295,0
1.4041565656662,0
1.93751704692841,0
5.58892726898193,0
10.2861299514771,0
12.3361310958862,0
11.7562990188599,0
11.7124462127686,0
13.5054597854614,0
15.4379873275757,0
16.4056396484375,0
17.2128353118896,0
17.8601703643799,0
16.6793804168701,0
13.1798830032349,0
9.09654426574707,0
5.53969240188599,0
1.66907250881195,0
-2.61173176765442,0
-5.42658090591431,0
-6.21769428253174,0
-7.67751121520996,0
-11.9412412643433,0
-16.9619255065918,0
-19.5535087585449,0
-20.3852882385254,0
-22.5488014221191,0
-26.066722869873,0
-27.6560707092285,0
-26.2563591003418,0
-25.1926345825195,0
-27.4002456665039,0
-31.2350578308105,0
-32.9952201843262,0
-31.7780532836914,0
-29.7974491119385,0
-29.0216541290283,0
-29.4755630493164,0
-30.3666324615479,0
-31.1515655517578,0
-31.4275283813477,0
-30.9483776092529,0
-30.0046520233154,0
-29.2439250946045,0
-29.1430759429932,0
-29.8712768554688,0
-31.1309509277344,0
-31.7735557556152,0
-30.46702003479,0
-27.5453681945801,0
-25.3339786529541,0
-25.4929542541504,0
-26.7233905792236,0
-26.5143413543701,0
-24.7248592376709,0
-23.8078155517578,0
-25.5414085388184,0
-29.1844902038574,0
-33.0752182006836,0
-36.3066673278809,0
-38.1957778930664,0
-37.8479461669922,0
-35.5024642944336,0
-33.0778198242188,0
-31.9914321899414,0
-31.262020111084,0
-29.0299205780029,0
-25.1254367828369,0
-20.7095413208008,0
-16.2270584106445,0
-11.6848192214966,0
-8.56773471832275,0
-9.05700016021729,0
-12.7171754837036,0
-16.0162982940674,0
-16.3787422180176,0
-15.2520475387573,0
-15.7926054000854,0
-18.7548351287842,0
-22.3933906555176,0
-25.6109676361084,0
-29.1374015808105,0
-33.6556968688965,0
-38.658447265625,0
-43.5828552246094,0
-48.4406318664551,0
-52.6270065307617,0
-54.5810890197754,0
-53.6171073913574,0
-50.8952674865723,0
-47.6199493408203,0
-43.7394485473633,0
-39.914737701416,0
-39.1244010925293,0
-43.4949913024902,0
-49.9832077026367,0
-52.3860816955566,0
-48.5728797912598,0
-43.1572685241699,0
-41.5308494567871,0
-43.5253486633301,0
-45.1243896484375,0
-44.6178741455078,0
-44.0196342468262,0
-44.8866767883301,0
-45.7312431335449,0
-44.394287109375,0
-41.0466651916504,0
-37.7814979553223,0
-36.3216552734375,0
-36.8682441711426,0
-38.4197731018066,0
-39.6582374572754,0
-40.000846862793,0
-39.955638885498,0
-40.0358276367188,0
-39.7214889526367,0
-38.4421005249023,0
-37.1372413635254,0
-37.2835121154785,0
-38.324878692627,0
-37.8080902099609,0
-34.6956558227539,0
-31.0081329345703,0
-29.1970272064209,0
-29.1651344299316,0
-29.1526126861572,0
-28.6006927490234,0
-28.5268974304199,0
-29.363790512085,0
-29.9826393127441,0
-29.2732372283936,0
-27.7083301544189,0
-26.7203598022461,0
-27.019624710083,0
-28.1149349212646,0
-29.2610263824463,0
-30.2004261016846,0
-30.8280220031738,0
-30.8146324157715,0
-30.2085723876953,0
-29.999605178833,0
-31.0904598236084,0
-32.6611671447754,0
-32.5673522949219,0
-29.6818103790283,0
-24.8744525909424,0
-19.3236351013184,0
-13.1438484191895,0
-6.45623636245728,0
-0.39748027920723,0
4.34015274047852,0
8.89237022399902,0
14.4617128372192,0
19.9302139282227,0
23.0670585632324,0
23.6744594573975,0
23.6788158416748,0
24.3438720703125,0
25.2420501708984,0
25.7795963287354,0
25.7115612030029,0
24.2454872131348,0
20.973611831665,0
17.911642074585,0
17.9818267822266,0
20.6641159057617,0
21.7731018066406,0
18.9167442321777,0
14.7251672744751,0
12.7918348312378,0
12.620002746582,0
11.0905361175537,0
7.41095781326294,0
3.8675217628479,0
2.41080737113953,0
2.9606785774231,0
4.69489860534668,0
6.72738409042358,0
7.64514970779419,0
6.49291658401489,0
4.34144973754883,0
3.16735410690308,0
3.30319237709045,0
3.75560927391052,0
4.65852737426758,0
7.04534959793091,0
10.1298141479492,0
11.4237327575684,0
10.211633682251,0
8.43100833892822,0
7.15275621414185,0
4.79480075836182,0
0.420519024133682,0
-3.64061284065247,0
-4.7510404586792,0
-3.6407630443573,0
-2.54297494888306,0
-1.28227305412292,0
1.51008403301239,0
4.14097309112549,0
2.68986129760742,0
-3.26699352264404,0
-9.11350631713867,0
-10.8803377151489,0
-9.82927989959717,0
-9.4455509185791,0
-10.087158203125,0
-9.23661136627197,0
-5.83181190490723,0
-1.62862205505371,0
1.46506655216217,0
3.20964431762695,0
4.23936033248901,0
5.47210025787354,0
8.47378158569336,0
14.4270296096802,0
22.1803760528564,0
28.9469318389893,0
33.4296455383301,0
36.5990409851074,0
38.9305458068848,0
39.0528411865234,0
36.3385696411133,0
32.7392425537109,0
30.1107368469238,0
27.3267707824707,0
22.4167232513428,0
16.437047958374,0
12.3369808197021,0
10.1779680252075,0
6.40542697906494,0
-1.25045013427734,0
-10.3663854598999,0
-16.6330127716064,0
-18.6415672302246,0
-18.6050796508789,0
-19.2316493988037,0
-21.0184230804443,0
-22.2324905395508,0
-20.9260482788086,0
-17.2817192077637,0
-14.0379848480225,0
-13.8268604278564,0
-16.0864162445068,0
-17.7887649536133,0
-17.3807945251465,0
-16.4210166931152,0
-16.7119235992432,0
-17.6129817962646,0
-17.4984588623047,0
-16.3148097991943,0
-14.8445405960083,0
-12.5238399505615,0
-8.16749954223633,0
-2.37127900123596,0
3.00076341629028,0
7.67553901672363,0
13.1645975112915,0
19.7946033477783,0
25.7195491790771,0
29.673490524292,0
32.6388359069824,0
35.5424499511719,0
37.2013969421387,0
36.3101463317871,0
33.9420890808105,0
31.9937953948975,0
30.3317546844482,0
27.9061870574951,0
25.8500633239746,0
26.4765872955322,0
29.1192607879639,0
29.9198417663574,0
26.5959377288818,0
20.9033679962158,0
15.380446434021,0
10.3025436401367,0
5.38147497177124,0
1.75615239143372,0
-0.148767903447151,0
-2.5934886932373,0
-7.38818454742432,0
-12.225944519043,0
-13.2885065078735,0
-10.7107038497925,0
-8.38356781005859,0
-8.7707633972168,0
-10.9800777435303,0
-13.7109651565552,0
-16.7203674316406,0
-19.0360050201416,0
-19.1416797637939,0
-17.8653793334961,0
-17.9121227264404,0
-19.3655033111572,0
-18.8939628601074,0
-15.0753974914551,0
-11.2642612457275,0
-10.7854251861572,0
-12.1282005310059,0
-11.8290576934814,0
-9.75948333740234,0
-8.16745567321777,0
-7.20955181121826,0
-5.21041870117188,0
-2.55306005477905,0
-1.6193323135376,0
-2.84316873550415,0
-4.05308723449707,0
-4.17637872695923,0
-4.76224327087402,0
-7.10041332244873,0
-10.2579298019409,0
-12.8151884078979,0
-14.4440212249756,0
-14.9621267318726,0
-13.8808116912842,0
-11.9125156402588,0
-11.0943164825439,0
-12.2100200653076,0
-13.5204744338989,0
-13.1090497970581,0
-11.1691389083862,0
-8.97185325622559,0
-6.88251543045044,0
-4.54266357421875,0
-1.95481944084167,0
0.66147243976593,0
3.17975211143494,0
4.96168518066406,0
5.11004161834717,0
4.17849016189575,0
4.25511407852173,0
6.15177202224731,0
7.79476451873779,0
6.8248119354248,0
3.67610788345337,0
0.58604633808136,0
-1.34752142429352,0
-2.46383333206177,0
-3.01948070526123,0
-3.38063359260559,0
-4.85822772979736,0
-8.16471290588379,0
-11.7202253341675,0
-13.8168897628784,0
-15.7949323654175,0
-20.2824687957764,0
-26.6986446380615,0
-31.8615894317627,0
-35.2274703979492,0
-39.6520767211914,0
-45.8056030273438,0
-49.9012298583984,0
-49.3978881835938,0
-47.37060546875,0
-47.8013153076172,0
-49.3385734558105,0
-47.822883605957,0
-43.0864219665527,0
-38.7084732055664,0
-35.9440612792969,0
-32.5823554992676,0
-27.8784008026123,0
-24.0058994293213,0
-21.6358432769775,0
-18.3332347869873,0
-13.0233039855957,0
-8.21980094909668,0
-5.65817022323608,0
-3.24212527275085,0
1.01516175270081,0
5.32188510894775,0
7.7410774230957,0
10.5745325088501,0
16.7457180023193,0
23.5845279693604,0
25.1382923126221,0
20.4484233856201,0
14.9710645675659,0
12.9591026306152,0
12.5241928100586,0
9.97771739959717,0
5.6090145111084,0
2.48142695426941,0
1.60903596878052,0
1.1114490032196,0
-0.632903516292572,0
-3.02895402908325,0
-4.22424459457397,0
-2.86345934867859,0
0.776813745498657,0
4.74374532699585,0
7.12855815887451,0
8.26159286499023,0
10.2038097381592,0
13.663384437561,0
16.8537998199463,0
18.0871753692627,0
17.7440147399902,0
16.4815292358398,0
13.3689956665039,0
7.7986273765564,0
1.90572369098663,0
-1.30780255794525,0
-1.72986304759979,0
-1.96816504001617,0
-3.77733516693115,0
-6.55694723129272,0
-9.08539772033691,0
-10.7141141891479,0
-10.8832063674927,0
-9.43792343139648,0
-7.57656908035278,0
-6.57525300979614,0
-5.37599563598633,0
-1.52993774414062,0
4.95705223083496,0
10.9073657989502,0
14.092845916748,0
16.0304698944092,0
19.1631736755371,0
22.9520893096924,0
24.7796115875244,0
23.7432975769043,0
21.4293479919434,0
19.2083911895752,0
16.7058162689209,0
13.2154836654663,0
9.01589298248291,0
4.64294815063477,0
0.0974918603897095,0
-4.35923194885254,0
-7.56724882125854,0
-8.74405288696289,0
-8.83609580993652,0
-9.31181907653809,0
-9.8349723815918,0
-8.73055934906006,0
-6.14866781234741,0
-4.9649806022644,0
-7.12498092651367,0
-10.4081745147705,0
-10.9651365280151,0
-8.57879447937012,0
-6.97868871688843,0
-8.55709934234619,0
-11.1109743118286,0
-10.9370889663696,0
-7.20204448699951,0
-1.73720955848694,0
3.77586054801941,0
8.36002063751221,0
10.6830463409424,0
9.91075325012207,0
7.40333318710327,0
5.53854036331177,0
4.75799226760864,0
3.4666600227356,0
0.856314241886139,0
-2.12850069999695,0
-5.07395648956299,0
-9.32325458526611,0
-15.7010869979858,0
-22.4029273986816,0
-26.6817207336426,0
-28.0026397705078,0
-28.2153739929199,0
-28.9204292297363,0
-29.9107856750488,0
-30.2492847442627,0
-29.740478515625,0
-28.8476543426514,0
-27.8611507415771,0
-26.7429103851318,0
-25.4513702392578,0
-23.9292240142822,0
-21.990270614624,0
-19.7140216827393,0
-17.8752021789551,0
-17.4879741668701,0
-18.773193359375,0
-20.7913856506348,0
-22.0966739654541,0
-21.6059074401855,0
-19.1251773834229,0
-15.527437210083,0
-12.2320680618286,0
-9.86691093444824,0
-7.54948806762695,0
-4.24553060531616,0
-0.70733642578125,0
1.06100761890411,0
0.473061382770538,0
-0.743047535419464,0
-0.867557168006897,0
-0.238777995109558,0
-0.236579850316048,0
-1.38382136821747,0
-3.4221715927124,0
-6.0962986946106,0
-8.56494998931885,0
-9.08902168273926,0
-6.9592080116272,0
-4.0500750541687,0
-2.75652647018433,0
-2.87540698051453,0
-2.31303858757019,0
-0.505126416683197,0
0.967498362064362,0
1.28474473953247,0
1.80665647983551,0
3.94457292556763,0
7.36645078659058,0
11.1737909317017,0
15.3570671081543,0
20.0235347747803,0
24.3624725341797,0
27.5714683532715,0
30.1303443908691,0
33.2216758728027,0
37.2973289489746,0
41.6628379821777,0
44.8205108642578,0
44.9776344299316,0
41.3914680480957,0
35.8731460571289,0
31.7354164123535,0
30.2405986785889,0
29.1971836090088,0
26.2577857971191,0
22.3745460510254,0
20.1891803741455,0
19.9483318328857,0
19.5015697479248,0
18.2497100830078,0
18.3435516357422,0
20.9510154724121,0
23.6829986572266,0
23.5620269775391,0
20.9780616760254,0
18.6068172454834,0
17.4508781433105,0
16.3103408813477,0
14.7094144821167,0
13.7982168197632,0
14.0787305831909,0
14.5657329559326,0
14.8180713653564,0
15.4679660797119,0
15.7481489181519,0
13.079195022583,0
7.04039764404297,0
1.50654447078705,0
0.123103201389313,0
1.25216603279114,0
0.605136871337891,0
-2.15194416046143,0
-3.30980563163757,0
-1.63600778579712,0
-0.675559103488922,0
-2.86705350875854,0
-5.04188442230225,0
-2.73919320106506,0
3.34706830978394,0
8.47059440612793,0
10.0355415344238,0
9.49853420257568,0
8.71233940124512,0
7.64107847213745,0
6.072678565979,0
4.84416341781616,0
4.42124271392822,0
4.28329610824585,0
4.54343891143799,0
6.24756526947021,0
9.11601734161377,0
10.9585733413696,0
10.6840772628784,0
10.0823965072632,0
10.912257194519,0
11.9419403076172,0
11.2317686080933,0
10.0380325317383,0
11.3327074050903,0
14.7068004608154,0
16.050651550293,0
13.1960906982422,0
8.98042774200439,0
7.0285177230835,0
6.88652801513672,0
5.70181655883789,0
3.10437536239624,0
1.69263017177582,0
3.38119649887085,0
7.78928852081299,0
13.9792518615723,0
21.3258419036865,0
28.4826240539551,0
33.8022537231445,0
37.3390464782715,0
40.4189910888672,0
42.6675720214844,0
41.6557159423828,0
36.4800643920898,0
29.580005645752,0
23.5863227844238,0
18.2673797607422,0
12.392370223999,0
6.94642496109009,0
4.09597015380859,0
3.78692054748535,0
3.71107482910156,0
2.50010323524475,0
1.04013168811798,0
0.554684340953827,0
1.04859781265259,0
1.90759944915771,0
2.67270421981812,0
2.92188358306885,0
2.52594947814941,0
2.29928588867188,0
3.41573810577393,0
5.94781446456909,0
8.83264636993408,0
11.3729963302612,0
13.8417139053345,0
16.4536590576172,0
18.6867580413818,0
19.9400482177734,0
20.1601810455322,0
19.6426696777344,0
18.9245204925537,0
18.9677505493164,0
20.5397968292236,0
22.9818649291992,0
24.2226371765137,0
22.5164699554443,0
17.9892539978027,0
12.4733905792236,0
8.22678089141846,0
6.66279125213623,0
7.53004169464111,0
9.05263423919678,0
9.45697975158691,0
8.75641345977783,0
8.74112510681152,0
10.9565114974976,0
14.8625202178955,0
18.0984687805176,0
18.4817028045654,0
15.8543891906738,0
12.1177587509155,0
9.2666015625,0
7.30286550521851,0
4.56819152832031,0
0.395294815301895,0
-3.36750364303589,0
-4.32821416854858,0
-2.56285500526428,0
-0.601030588150024,0
-0.562519133090973,0
-2.36269307136536,0
-4.78654909133911,0
-7.14807176589966,0
-9.34858703613281,0
-11.1670141220093,0
-12.3558988571167,0
-13.2466974258423,0
-14.7292222976685,0
-17.5322799682617,0
-21.5306873321533,0
-25.5992317199707,0
-28.2043991088867,0
-28.4719123840332,0
-26.8114261627197,0
-24.4267444610596,0
-22.3042335510254,0
-20.7075672149658,0
-19.2645969390869,0
-17.2459278106689,0
-14.0959615707397,0
-10.0089492797852,0
-5.647864818573,0
-1.18715190887451,0
3.54680275917053,0
7.62993717193604,0
9.03920936584473,0
7.25461483001709,0
4.735107421875,0
4.03915405273438,0
4.17452335357666,0
1.9448436498642,0
-3.26682925224304,0
-8.38876724243164,0
-10.6670351028442,0
-10.4269933700562,0
-9.0535135269165,0
-6.70731163024902,0
-3.66346263885498,0
-1.82470428943634,0
-2.63630986213684,0
-4.73685932159424,0
-5.8210620880127,0
-5.8909215927124,0
-6.50928401947021,0
-7.62912845611572,0
-7.58911085128784,0
-5.87939929962158,0
-3.40461683273315,0
-0.0337728373706341,0
5.38692378997803,0
11.9501924514771,0
16.23659324646,0
16.3150444030762,0
14.2526798248291,0
13.2477254867554,0
14.0300550460815,0
15.6594848632812,0
18.0639686584473,0
21.4496383666992,0
24.2967853546143,0
24.6099853515625,0
23.010929107666,0
22.2170391082764,0
23.0953521728516,0
23.4422206878662,0
21.6115341186523,0
19.4030055999756,0
19.6370525360107,0
21.9791145324707,0
23.2284183502197,0
21.6582832336426,0
19.1986904144287,0
18.5825309753418,0
19.7731800079346,0
20.6240406036377,0
20.2361087799072,0
19.6316165924072,0
18.8871669769287,0
15.7947521209717,0
8.93808364868164,0
0.746852159500122,0
-4.61873531341553,0
-5.92494821548462,0
-5.35118722915649,0
-4.62424039840698,0
-3.28432583808899,0
-1.34628176689148,0
-0.835691452026367,0
-2.88873100280762,0
-5.45740747451782,0
-6.17308616638184,0
-5.94753217697144,0
-7.19875812530518,0
-9.64824867248535,0
-10.8402690887451,0
-10.359619140625,0
-10.2965822219849,0
-11.0658912658691,0
-9.8520975112915,0
-4.58926963806152,0
2.93482542037964,0
9.73704719543457,0
15.6026058197021,0
22.3866767883301,0
30.520320892334,0
38.2763671875,0
44.0850601196289,0
47.9237365722656,0
50.5626831054688,0
52.7986259460449,0
55.4255828857422,0
58.7622947692871,0
61.9587020874023,0
63.5863990783691,0
63.1520919799805,0
61.4743537902832,0
59.4380416870117,0
56.8877754211426,0
53.0464057922363,0
47.859920501709,0
42.6253318786621,0
38.8933525085449,0
36.5412902832031,0
33.5143241882324,0
28.2903137207031,0
22.174446105957,0
17.864767074585,0
15.8879995346069,0
14.1712970733643,0
11.4350299835205,0
8.87256336212158,0
7.40806150436401,0
5.56957054138184,0
2.15954351425171,0
-0.818408012390137,0
-0.736103296279907,0
1.35919630527496,0
2.38833689689636,0
2.68963766098022,0
5.87404251098633,0
12.5612049102783,0
18.3778419494629,0
20.2851505279541,0
21.2664356231689,0
25.4395160675049,0
31.2276954650879,0
33.5539512634277,0
31.4156856536865,0
28.8731231689453,0
28.6950988769531,0
29.2434482574463,0
28.4477882385254,0
26.9598026275635,0
25.6344890594482,0
23.1327705383301,0
18.4332542419434,0
13.4236345291138,0
10.469446182251,0
8.96484279632568,0
6.71640586853027,0
3.71418786048889,0
2.17712998390198,0
3.21512222290039,0
5.29679298400879,0
6.02728223800659,0
4.30977773666382,0
0.954667627811432,0
-2.05629801750183,0
-3.30184435844421,0
-3.34992027282715,0
-3.6442277431488,0
-3.81808805465698,0
-1.87678790092468,0
2.16848587989807,0
5.06095457077026,0
4.50237131118774,0
2.838623046875,0
4.23765420913696,0
9.3376636505127,0
15.0636854171753,0
18.9811458587646,0
21.3829479217529,0
23.3571338653564,0
25.0780410766602,0
26.1449108123779,0
25.8470916748047,0
23.1230316162109,0
17.8979187011719,0
12.283953666687,0
8.72645473480225,0
7.11454439163208,0
5.47977066040039,0
3.31439518928528,0
2.12934327125549,0
2.67562222480774,0
3.77319240570068,0
4.28956651687622,0
4.27115345001221,0
3.66142249107361,0
2.05106639862061,0
0.473651021718979,0
1.22655987739563,0
4.5673623085022,0
7.4511775970459,0
7.18590402603149,0
4.88163757324219,0
3.54250407218933,0
3.95784997940063,0
4.44855451583862,0
3.88985657691956,0
2.91367483139038,0
2.36940217018127,0
2.47248291969299,0
3.56138372421265,0
6.05001497268677,0
9.33640003204346,0
12.1733293533325,0
14.4739847183228,0
17.4043006896973,0
21.2067813873291,0
24.2922630310059,0
25.3203029632568,0
25.0580921173096,0
25.0750885009766,0
25.384822845459,0
24.7713508605957,0
23.343391418457,0
23.4749794006348,0
27.4924869537354,0
34.7861061096191,0
41.8519096374512,0
45.4799842834473,0
45.7249069213867,0
45.3184432983398,0
46.1633529663086,0
47.1636085510254,0
46.023551940918,0
42.3707313537598,0
37.9176597595215,0
33.8909568786621,0
29.7936859130859,0
24.9832077026367,0
20.1013965606689,0
16.1823654174805,0
13.2428941726685,0
10.5087518692017,0
7.41695690155029,0
3.8334538936615,0
-0.0860943496227264,0
-3.72156715393066,0
-6.28915786743164,0
-7.74886560440063,0
-8.70226192474365,0
-9.04324722290039,0
-7.78205490112305,0
-4.91797494888306,0
-2.38943219184875,0
-2.08854103088379,0
-3.77226424217224,0
-6.03066968917847,0
-8.40606021881104,0
-11.1154308319092,0
-13.4343013763428,0
-14.2291898727417,0
-13.9683485031128,0
-14.4762554168701,0
-16.4630317687988,0
-18.7508659362793,0
-20.2262802124023,0
-21.165319442749,0
-22.2559013366699,0
-23.6722831726074,0
-25.5904846191406,0
-28.2551784515381,0
-30.9172477722168,0
-32.0590705871582,0
-31.4866065979004,0
-30.961275100708,0
-31.8792266845703,0
-33.5522613525391,0
-34.7578125,0
-35.6624946594238,0
-36.9391212463379,0
-38.2468757629395,0
-39.1885452270508,0
-40.7705421447754,0
-44.1772994995117,0
-48.8212394714355,0
-53.1786117553711,0
-56.6526565551758,0
-58.8822555541992,0
-58.4287033081055,0
-54.634708404541,0
-49.9272918701172,0
-47.3725204467773,0
-46.4175338745117,0
-44.2613372802734,0
-41.1784896850586,0
-40.4799766540527,0
-42.5130386352539,0
-43.1144714355469,0
-40.0512733459473,0
-36.9129104614258,0
-37.4850692749023,0
-39.71240234375,0
-39.3185844421387,0
-36.9722442626953,0
-37.1709861755371,0
-41.1141357421875,0
-45.2706985473633,0
-46.968505859375,0
-47.2196426391602,0
-47.3313140869141,0
-46.4736938476562,0
-43.9383087158203,0
-40.7582702636719,0
-37.5517730712891,0
-33.2594299316406,0
-27.5491256713867,0
-22.261791229248,0
-18.8993282318115,0
-16.6599617004395,0
-14.5130920410156,0
-13.1851568222046,0
-13.2232389450073,0
-13.0801305770874,0
-11.5827035903931,0
-10.7913599014282,0
-13.5181751251221,0
-18.8183822631836,0
-23.0026512145996,0
-24.9746532440186,0
-27.3390979766846,0
-31.4720306396484,0
-34.7047157287598,0
-34.4178352355957,0
-32.5413818359375,0
-33.0804443359375,0
-36.2390670776367,0
-38.0475616455078,0
-35.9536590576172,0
-32.0300979614258,0
-29.496187210083,0
-28.1988048553467,0
-25.5158176422119,0
-20.6913452148438,0
-16.1147003173828,0
-14.2407293319702,0
-14.891921043396,0
-16.1606788635254,0
-16.7608051300049,0
-16.5824432373047,0
-15.6593294143677,0
-13.7686471939087,0
-11.1014318466187,0
-8.45652866363525,0
-6.27398157119751,0
-3.90312170982361,0
-0.504483878612518,0
3.34537100791931,0
5.72218179702759,0
5.50538301467896,0
3.86044001579285,0
2.76893830299377,0
2.56114077568054,0
2.17105865478516,0
1.68907475471497,0
2.87894725799561,0
6.46200370788574,0
10.544412612915,0
13.0135068893433,0
14.0926914215088,0
14.8737411499023,0
14.6328954696655,0
11.9886589050293,0
8.10681629180908,0
6.08714437484741,0
6.94879198074341,0
8.53306674957275,0
8.73439788818359,0
7.40739583969116,0
4.48356342315674,0
-0.963443994522095,0
-8.18326091766357,0
-13.7013425827026,0
-15.0920972824097,0
-14.2836055755615,0
-14.9650020599365,0
-17.9410438537598,0
-21.231388092041,0
-23.6913757324219,0
-26.0151290893555,0
-28.6296825408936,0
-31.0306243896484,0
-33.1979866027832,0
-35.5327377319336,0
-37.2433853149414,0
-36.8325614929199,0
-34.560489654541,0
-32.5419044494629,0
-31.811128616333,0
-30.9550323486328,0
-28.3411808013916,0
-24.1841144561768,0
-19.6379318237305,0
-15.3263206481934,0
-11.8334579467773,0
-10.4319715499878,0
-12.0089826583862,0
-15.901556968689,0
-20.7256908416748,0
-25.6089916229248,0
-29.5790309906006,0
-30.6157569885254,0
-27.0865345001221,0
-20.2336711883545,0
-13.7731618881226,0
-10.3692770004272,0
-9.43554306030273,0
-9.05199241638184,0
-8.95732688903809,0
-10.1889696121216,0
-12.1880102157593,0
-12.2697649002075,0
-8.882080078125,0
-4.00580596923828,0
-0.85450154542923,0
0.0280731823295355,0
0.719410955905914,0
2.42408204078674,0
4.0832691192627,0
4.71323776245117,0
5.00079107284546,0
5.57712984085083,0
5.52996110916138,0
4.12759447097778,0
2.59128355979919,0
2.31795072555542,0
2.36485958099365,0
0.850872814655304,0
-1.59786748886108,0
-2.1130166053772,0
0.433864265680313,0
3.83897662162781,0
5.89122867584229,0
7.59060049057007,0
11.4941329956055,0
17.6723747253418,0
22.9831142425537,0
24.540002822876,0
22.8297958374023,0
20.8651142120361,0
20.8590717315674,0
22.5001964569092,0
24.399923324585,0
26.2865028381348,0
29.0136680603027,0
32.7850608825684,0
36.4165000915527,0
38.620475769043,0
39.213020324707,0
38.5730171203613,0
36.6071853637695,0
33.0062446594238,0
28.1768207550049,0
23.1820392608643,0
18.819616317749,0
15.2341403961182,0
12.3017959594727,0
9.86904811859131,0
7.59966421127319,0
5.03725862503052,0
2.03627824783325,0
-0.962015330791473,0
-3.14867925643921,0
-3.90960240364075,0
-3.29003119468689,0
-1.81871366500854,0
0.292725056409836,0
3.52066493034363,0
8.16875076293945,0
13.3680019378662,0
17.6560344696045,0
20.599271774292,0
23.1012840270996,0
25.8301753997803,0
27.9592838287354,0
27.8875045776367,0
24.8952369689941,0
19.8975696563721,0
14.9100294113159,0
11.8772068023682,0
11.5446739196777,0
13.0878629684448,0
14.8111476898193,0
15.1675462722778,0
13.3068828582764,0
9.48203086853027,0
5.43125677108765,0
3.49835968017578,0
4.35649394989014,0
6.11119985580444,0
6.57905435562134,0
5.75868797302246,0
4.94383764266968,0
4.44191217422485,0
4.04305171966553,0
4.92088794708252,0
8.45238876342773,0
13.1875505447388,0
15.7452125549316,0
15.3591833114624,0
14.9514379501343,0
16.7201194763184,0
19.2944183349609,0
20.7239437103271,0
21.6327133178711,0
23.2128219604492,0
24.404411315918,0
23.9249305725098,0
23.4384059906006,0
25.4876346588135,0
29.2326774597168,0
31.6017360687256,0
32.3240089416504,0
34.2741584777832,0
38.3445053100586,0
41.4542198181152,0
41.0205039978027,0
38.3591423034668,0
35.6362190246582,0
32.104793548584,0
26.2334289550781,0
19.8447380065918,0
16.7709884643555,0
17.7629928588867,0
19.6112251281738,0
19.5611896514893,0
18.115255355835,0
16.8971157073975,0
16.1522560119629,0
15.624361038208,0
16.075159072876,0
18.2614440917969,0
21.2897243499756,0
23.2006053924561,0
22.612548828125,0
19.1999206542969,0
13.6039047241211,0
7.58154821395874,0
2.92553114891052,0
-0.782295823097229,0
-5.98484897613525,0
-13.4917020797729,0
-20.5305919647217,0
-24.1948661804199,0
-25.4247989654541,0
-27.2746639251709,0
-30.2574996948242,0
-32.1176109313965,0
-31.7799758911133,0
-30.679723739624,0
-30.0148582458496,0
-29.3955745697021,0
-28.7937812805176,0
-29.2896461486816,0
-30.9555015563965,0
-32.228645324707,0
-32.3711738586426,0
-32.4070701599121,0
-32.5731353759766,0
-31.1614017486572,0
-27.4023189544678,0
-23.3067512512207,0
-20.6700077056885,0
-18.0872802734375,0
-13.2532539367676,0
-6.79330682754517,0
-1.16808688640594,0
3.41708421707153,0
9.1662425994873,0
16.6556339263916,0
23.1693382263184,0
26.0160064697266,0
25.8063488006592,0
25.135103225708,0
24.8295822143555,0
22.8470630645752,0
17.1114692687988,0
8.74308013916016,0
1.6607426404953,0
-1.31774318218231,0
-1.37653207778931,0
-1.94862866401672,0
-4.50930404663086,0
-7.34621047973633,0
-8.41829013824463,0
-7.83378934860229,0
-6.9409008026123,0
-6.40560817718506,0
-6.06220006942749,0
-5.41230583190918,0
-3.25012636184692,0
2.00271272659302,0
10.2486295700073,0
18.8816356658936,0
25.4301624298096,0
30.4699649810791,0
36.5567970275879,0
44.672981262207,0
53.1065521240234,0
59.700511932373,0
63.9140625,0
66.5201644897461,0
68.3077621459961,0
69.4074859619141,0
69.2881469726562,0
67.2548522949219,0
63.3148307800293,0
58.4147529602051,0
53.4261894226074,0
48.2030487060547,0
42.1384582519531,0
35.2631416320801,0
28.1647987365723,0
21.213773727417,0
14.6188669204712,0
8.90346336364746,0
4.44938611984253,0
0.776802957057953,0
-2.82548809051514,0
-6.09755897521973,0
-8.23355674743652,0
-9.53421306610107,0
-11.5705814361572,0
-15.3604164123535,0
-20.2227802276611,0
-24.7804698944092,0
-28.2219734191895,0
-30.0930633544922,0
-29.807315826416,0
-27.3092002868652,0
-23.6683006286621,0
-20.0384387969971,0
-16.3429927825928,0
-11.9197273254395,0
-7.14058637619019,0
-3.16052317619324,0
-0.0573614127933979,0
3.38968658447266,0
7.6209716796875,0
11.3647613525391,0
13.6967849731445,0
15.832160949707,0
19.4152870178223,0
23.6622772216797,0
25.8191890716553,0
24.447696685791,0
20.9428691864014,0
17.6551685333252,0
15.7409152984619,0
15.1869649887085,0
15.7341547012329,0
17.0011768341064,0
18.3648242950439,0
19.3818302154541,0
20.0354137420654,0
20.3335552215576,0
20.1178874969482,0
19.4635238647461,0
18.8080806732178,0
18.5387554168701,0
18.8204555511475,0
19.674991607666,0
20.57470703125,0
20.137939453125,0
17.2071628570557,0
12.3907737731934,0
7.71235990524292,0
4.57102584838867,0
2.78070855140686,0
1.57414650917053,0
0.54481166601181,0
-0.477908432483673,0
-1.37322103977203,0
-1.39094853401184,0
-0.0823125764727592,0
1.23375451564789,0
0.441613793373108,0
-2.36700367927551,0
-4.44327354431152,0
-3.95212864875793,0
-2.54539012908936,0
-2.91451263427734,0
-4.87825059890747,0
-5.70779800415039,0
-3.81300139427185,0
-0.262043714523315,0
3.3387279510498,0
6.68368244171143,0
9.9338321685791,0
12.5259656906128,0
13.9053144454956,0
14.6736555099487,0
15.9290561676025,0
17.7914161682129,0
19.5256614685059,0
20.9328346252441,0
22.4702339172363,0
23.7482719421387,0
23.1692295074463,0
20.029468536377,0
16.1073932647705,0
13.7411260604858,0
12.714035987854,0
10.767297744751,0
7.37420654296875,0
5.06530046463013,0
5.99960613250732,0
8.85393142700195,0
10.6870679855347,0
10.7518939971924,0
10.628246307373,0
11.2952651977539,0
12.1045532226562,0
12.450306892395,0
12.4645137786865,0
11.9094047546387,0
10.3532991409302,0
8.93567752838135,0
9.94158554077148,0
13.4958019256592,0
16.2641468048096,0
14.9200029373169,0
9.92714309692383,0
4.53370475769043,0
0.854790329933167,0
-1.45557463169098,0
-3.05391526222229,0
-3.24562120437622,0
-1.06907761096954,0
2.88206171989441,0
6.41868591308594,0
7.49636220932007,0
6.08315134048462,0
4.48554658889771,0
5.39845037460327,0
9.09871959686279,0
12.9511270523071,0
14.3776273727417,0
13.8838329315186,0
14.0856819152832,0
15.9458475112915,0
17.4678249359131,0
16.7037105560303,0
14.8063545227051,0
14.8813896179199,0
18.2811679840088,0
23.1358127593994,0
26.5154075622559,0
27.2481555938721,0
26.5936145782471,0
26.8541297912598,0
29.38818359375,0
33.2872009277344,0
35.8508262634277,0
35.0217819213867,0
31.502254486084,0
27.7065601348877,0
24.4387321472168,0
19.7594795227051,0
11.9837331771851,0
2.84482979774475,0
-3.72078490257263,0
-5.6450777053833,0
-4.24675178527832,0
-1.70490157604218,0
1.45707726478577,0
5.72340154647827,0
10.7287149429321,0
15.4408464431763,0
19.9189491271973,0
25.6835174560547,0
33.831901550293,0
43.2168884277344,0
51.0528182983398,0
55.4739608764648,0
57.154541015625,0
57.9124374389648,0
57.878963470459,0
55.0471572875977,0
48.1050682067871,0
38.6876068115234,0
29.7780494689941,0
22.7129783630371,0
17.1797752380371,0
13.4237489700317,0
12.3235397338867,0
13.2332992553711,0
13.9127044677734,0
13.2847881317139,0
12.4792003631592,0
12.3732671737671,0
11.8947715759277,0
9.85793590545654,0
6.93416452407837,0
4.61931562423706,0
3.56815838813782,0
3.92155861854553,0
5.69673633575439,0
7.6853346824646,0
7.68304872512817,0
5.30250692367554,0
2.93967413902283,0
2.37343311309814,0
2.1820342540741,0
0.442521721124649,0
-1.86855101585388,0
-2.59647274017334,0
-1.83850872516632,0
-0.78437614440918,0
1.39950609207153,0
6.00648546218872,0
10.8618507385254,0
11.7965726852417,0
8.31259822845459,0
4.36147546768188,0
2.7793402671814,0
2.09729504585266,0
-0.0548059307038784,0
-3.33921480178833,0
-6.0914454460144,0
-7.89327144622803,0
-8.94837760925293,0
-8.7076244354248,0
-6.90416097640991,0
-4.64356660842896,0
-2.93841695785522,0
-1.27886247634888,0
1.00957274436951,0
3.15544676780701,0
4.21209573745728,0
5.04902839660645,0
7.42756986618042,0
11.446722984314,0
15.2893857955933,0
17.4444274902344,0
18.0939712524414,0
18.1970596313477,0
18.045238494873,0
17.0357246398926,0
14.499942779541,0
10.6410160064697,0
6.85472869873047,0
4.96758270263672,0
5.66982173919678,0
7.58262205123901,0
8.36767578125,0
7.27440595626831,0
6.3901481628418,0
8.57360744476318,0
13.8939075469971,0
19.0369682312012,0
21.0648555755615,0
20.9446144104004,0
21.944709777832,0
25.0085506439209,0
27.651195526123,0
27.6400566101074,0
25.6194114685059,0
23.0372409820557,0
19.3561973571777,0
13.128116607666,0
4.81238746643066,0
-3.24641847610474,0
-9.20693588256836,0
-12.7575788497925,0
-14.2780475616455,0
-14.4129476547241,0
-14.2057685852051,0
-14.3081998825073,0
-14.1541986465454,0
-13.0839767456055,0
-12.0901498794556,0
-13.0513858795166,0
-16.0674343109131,0
-18.8350429534912,0
-19.1084270477295,0
-16.7721271514893,0
-13.0277309417725,0
-8.59870433807373,0
-3.69662809371948,0
0.764307141304016,0
3.08096647262573,0
2.32802820205688,0
-0.306735396385193,0
-2.24680399894714,0
-1.94172537326813,0
-0.473537743091583,0
-0.200311496853828,0
-1.69156301021576,0
-3.02516746520996,0
-2.91131734848022,0
-3.25857353210449,0
-6.5820746421814,0
-11.3163499832153,0
-12.6272058486938,0
-8.93222332000732,0
-4.80158233642578,0
-5.03596782684326,0
-8.1189661026001,0
-9.04901123046875,0
-7.41341209411621,0
-8.14290332794189,0
-13.6964855194092,0
-19.9338836669922,0
-21.9706573486328,0
-20.596212387085,0
-19.6424369812012,0
-19.4284191131592,0
-16.7336902618408,0
-10.3571672439575,0
-3.04494404792786,0
2.35639142990112,0
5.88991451263428,0
9.06460475921631,0
12.5992021560669,0
16.3223819732666,0
19.7913284301758,0
22.371883392334,0
23.6628246307373,0
23.9813365936279,0
23.6035842895508,0
21.945728302002,0
18.7268314361572,0
15.4340181350708,0
13.9946842193604,0
14.2256860733032,0
14.336784362793,0
13.9485702514648,0
14.7654790878296,0
17.8675136566162,0
22.0179653167725,0
25.4291744232178,0
28.0455532073975,0
31.3706169128418,0
36.7942733764648,0
44.4272613525391,0
52.778133392334,0
59.3515815734863,0
62.4102325439453,0
62.3647193908691,0
60.7153244018555,0
57.8116760253906,0
52.9287490844727,0
46.6454277038574,0
41.4556121826172,0
39.0277938842773,0
37.9979858398438,0
35.7704772949219,0
31.9408283233643,0
28.6361560821533,0
27.5574932098389,0
27.9005031585693,0
27.6080493927002,0
25.7781314849854,0
23.1523933410645,0
20.9096050262451,0
20.0511150360107,0
21.6701717376709,0
26.2392177581787,0
31.9397392272949,0
35.0647087097168,0
33.6039886474609,0
29.8845348358154,0
28.1276187896729,0
29.6103458404541,0
31.8176937103271,0
32.223690032959,0
30.7862033843994,0
28.1797428131104,0
23.9493274688721,0
18.0328063964844,0
12.3080129623413,0
8.44684505462646,0
5.28497648239136,0
0.560266613960266,0
-5.37768220901489,0
-10.0061054229736,0
-12.6226053237915,0
-15.281681060791,0
-19.0297794342041,0
-21.5599822998047,0
-20.1951351165771,0
-15.714994430542,0
-11.3637084960938,0
-8.68004322052002,0
-6.11743450164795,0
-2.07884192466736,0
2.01720952987671,0
2.81232595443726,0
-1.02083444595337,0
-7.00335454940796,0
-11.9087371826172,0
-15.8476705551147,0
-21.4080905914307,0
-28.5091667175293,0
-32.7775726318359,0
-31.0871028900146,0
-26.6648826599121,0
-25.3960590362549,0
-27.8635673522949,0
-28.7612533569336,0
-24.5048274993896,0
-17.6256046295166,0
-12.18115234375,0
-8.32239532470703,0
-4.00471067428589,0
0.47545799612999,0
2.89728546142578,0
2.91924905776978,0
2.71935534477234,0
4.23005056381226,0
7.59280061721802,0
11.7231979370117,0
14.7060890197754,0
14.4249467849731,0
10.65198802948,0
5.94918918609619,0
2.92955875396729,0
1.46223723888397,0
0.230024352669716,0
-0.210324957966805,0
1.6275749206543,0
4.98687982559204,0
7.51851034164429,0
9.01692962646484,0
11.7166042327881,0
16.4545040130615,0
21.2156505584717,0
24.434268951416,0
27.3327884674072,0
31.489013671875,0
35.8410530090332,0
37.7731285095215,0
36.1516380310059,0
32.0036468505859,0
27.0403614044189,0
22.6397743225098,0
19.5503005981445,0
17.4471588134766,0
15.1286430358887,0
11.9270820617676,0
8.65604591369629,0
6.78238153457642,0
7.12910270690918,0
9.53235530853271,0
12.9387340545654,0
15.6910276412964,0
16.9421329498291,0
18.184024810791,0
21.8528900146484,0
27.5496940612793,0
31.2446823120117,0
29.7381534576416,0
24.755729675293,0
20.9779644012451,0
20.9413146972656,0
23.6257400512695,0
27.1192951202393,0
30.2998142242432,0
32.1142463684082,0
31.5955963134766,0
29.0718612670898,0
25.6151142120361,0
21.1484985351562,0
15.079758644104,0
8.94417476654053,0
5.81321907043457,0
6.1360034942627,0
6.69242858886719,0
5.20680809020996,0
3.64848160743713,0
4.84432888031006,0
7.88601779937744,0
9.68092823028564,0
9.68254661560059,0
9.97242069244385,0
11.2566862106323,0
11.905951499939,0
11.0561418533325,0
9.81706809997559,0
8.97702217102051,0
8.21206283569336,0
8.2298583984375,0
10.8129215240479,0
15.3274822235107,0
17.742015838623,0
15.141863822937,0
9.40396499633789,0
4.35020303726196,0
0.736064434051514,0
-3.75390219688416,0
-10.6527767181396,0
-19.2004795074463,0
-28.1061954498291,0
-36.6026077270508,0
-43.8568229675293,0
-49.2043495178223,0
-53.0601272583008,0
-56.1675910949707,0
-58.1781234741211,0
-58.5739593505859,0
-58.6786613464355,0
-60.6667594909668,0
-64.3327102661133,0
-66.867919921875,0
-66.5034561157227,0
-64.5405120849609,0
-62.8351287841797,0
-61.022518157959,0
-57.7385101318359,0
-53.4243049621582,0
-50.1514434814453,0
-48.9579658508301,0
-48.6996421813965,0
-47.6810760498047,0
-45.6419830322266,0
-43.8912315368652,0
-43.7026557922363,0
-44.6217384338379,0
-44.6299629211426,0
-42.5501136779785,0
-39.9754066467285,0
-39.600154876709,0
-41.5406379699707,0
-42.8798751831055,0
-41.4806709289551,0
-38.4762725830078,0
-35.671745300293,0
-32.2593536376953,0
-26.4181995391846,0
-19.1307830810547,0
-13.6053810119629,0
-11.0029954910278,0
-9.44426918029785,0
-7.6506872177124,0
-6.69542932510376,0
-6.9811372756958,0
-6.37555456161499,0
-3.62172985076904,0
-1.42346811294556,0
-3.21768379211426,0
-8.1112003326416,0
-12.0473394393921,0
-13.4357080459595,0
-14.5704908370972,0
-17.4484004974365,0
-21.2396469116211,0
-24.55149269104,0
-27.3196697235107,0
-29.2826061248779,0
-29.1938781738281,0
-27.1948471069336,0
-25.8294467926025,0
-26.9499359130859,0
-29.4853477478027,0
-31.9728946685791,0
-35.157772064209,0
-39.7436294555664,0
-43.5301284790039,0
-43.9353523254395,0
-42.2721672058105,0
-42.1778793334961,0
-44.0574798583984,0
-44.2823829650879,0
-40.3278579711914,0
-33.9043807983398,0
-28.188570022583,0
-24.3863563537598,0
-22.0812511444092,0
-20.8034343719482,0
-19.8322257995605,0
-18.0217552185059,0
-15.1810808181763,0
-12.4848470687866,0
-10.473801612854,0
-7.80891132354736,0
-3.08803462982178,0
3.11486053466797,0
9.08987903594971,0
14.0373439788818,0
18.3243446350098,0
22.4465751647949,0
26.6198234558105,0
30.8022422790527,0
34.4786720275879,0
37.0970840454102,0
39.1196975708008,0
41.5652198791504,0
43.9742660522461,0
44.310863494873,0
42.0010452270508,0
39.6362495422363,0
39.9514694213867,0
42.07568359375,0
42.7083168029785,0
40.4629821777344,0
36.9688873291016,0
33.7784309387207,0
30.4166221618652,0
26.1293087005615,0
21.6700229644775,0
18.229679107666,0
15.9548940658569,0
14.7038516998291,0
15.0327072143555,0
16.8682441711426,0
18.1177101135254,0
16.6837520599365,0
13.7526082992554,0
12.8721876144409,0
14.9761476516724,0
16.3211345672607,0
13.0874738693237,0
6.75063228607178,0
2.61030578613281,0
3.37209439277649,0
6.65203428268433,0
9.34587478637695,0
11.9890565872192,0
17.0901679992676,0
24.7659034729004,0
32.2635650634766,0
37.3246726989746,0
40.1860504150391,0
42.3238716125488,0
44.7398071289062,0
47.620246887207,0
50.4635581970215,0
52.3762283325195,0
53.172191619873,0
54.0609092712402,0
56.2234840393066,0
58.9940299987793,0
60.7799644470215,0
61.5932693481445,0
63.0585670471191,0
65.7891693115234,0
68.4698257446289,0
70.0563812255859,0
71.2877655029297,0
73.1618270874023,0
75.1608047485352,0
75.9049835205078,0
74.6603088378906,0
71.5385437011719,0
67.1726760864258,0
62.8409118652344,0
59.8986968994141,0
58.3032150268555,0
56.4695777893066,0
53.1144599914551,0
48.3968620300293,0
43.0138359069824,0
37.5971183776855,0
33.5345916748047,0
32.555347442627,0
34.2464218139648,0
35.6124305725098,0
34.7595176696777,0
33.565258026123,0
34.6067314147949,0
36.7046279907227,0
36.3780174255371,0
33.3430519104004,0
31.3454113006592,0
32.6420021057129,0
34.4763641357422,0
32.9738998413086,0
28.6330089569092,0
25.4293899536133,0
25.2520294189453,0
25.8392105102539,0
24.5509815216064,0
21.8749217987061,0
19.8497409820557,0
18.5728626251221,0
16.3288726806641,0
12.759801864624,0
9.77364540100098,0
8.69009494781494,0
8.23599147796631,0
6.70575523376465,0
4.88484477996826,0
4.93615961074829,0
6.81638240814209,0
7.8336968421936,0
6.11166858673096,0
2.70622158050537,0
-0.512365818023682,0
-3.45853543281555,0
-6.95410537719727,0
-10.393123626709,0
-12.0642347335815,0
-11.5729141235352,0
-10.5074844360352,0
-10.4853801727295,0
-11.4892511367798,0
-12.3869295120239,0
-12.4422426223755,0
-12.0857925415039,0
-12.5105791091919,0
-14.3710117340088,0
-16.4997005462646,0
-16.3321056365967,0
-12.4254817962646,0
-6.44244289398193,0
-1.83654737472534,0
-0.560697436332703,0
-1.79510593414307,0
-3.80582737922668,0
-5.90667676925659,0
-8.11643600463867,0
-9.84619235992432,0
-9.93270111083984,0
-7.86285877227783,0
-4.45520496368408,0
-1.32560479640961,0
0.23623862862587,0
0.233752086758614,0
0.102600090205669,0
1.55592834949493,0
4.91402149200439,0
8.72972011566162,0
11.2078876495361,0
11.6306772232056,0
10.2475833892822,0
7.5075569152832,0
4.05820035934448,0
0.886575698852539,0
-1.59996521472931,0
-4.39085054397583,0
-8.54446315765381,0
-12.9047441482544,0
-14.5333700180054,0
-12.2888832092285,0
-9.0177640914917,0
-8.89661407470703,0
-12.8372097015381,0
-17.6613483428955,0
-19.9489326477051,0
-19.6243343353271,0
-19.0628623962402,0
-19.3452987670898,0
-18.6512069702148,0
-14.770133972168,0
-8.30883598327637,0
-2.21657967567444,0
1.79214525222778,0
4.93286943435669,0
8.8801851272583,0
13.1950731277466,0
16.7931594848633,0
20.6253452301025,0
26.2277221679688,0
32.0382461547852,0
34.4570617675781,0
33.3270416259766,0
32.9305839538574,0
35.5820121765137,0
37.4334983825684,0
33.8796577453613,0
26.7613677978516,0
22.0486965179443,0
21.5240287780762,0
21.3149814605713,0
18.7771987915039,0
16.1727962493896,0
15.8945903778076,0
16.0173377990723,0
13.4252557754517,0
8.7102108001709,0
4.7554783821106,0
1.84484207630157,0
-2.75157046318054,0
-10.6399040222168,0
-20.2275581359863,0
-29.1004409790039,0
-36.6892585754395,0
-43.8778839111328,0
-50.9653015136719,0
-56.7945976257324,0
-59.8231925964355,0
-59.8927841186523,0
-58.7559394836426,0
-58.5197944641113,0
-59.7604179382324,0
-61.7678375244141,0
-64.2251586914062,0
-67.2866439819336,0
-69.9946136474609,0
-70.4926528930664,0
-68.7396011352539,0
-67.4772644042969,0
-69.1277236938477,0
-72.8014297485352,0
-75.8194274902344,0
-77.3062591552734,0
-78.5844650268555,0
-80.5143737792969,0
-82.2717514038086,0
-82.8404312133789,0
-82.1644592285156,0
-80.4315414428711,0
-77.434684753418,0
-73.159782409668,0
-68.1030960083008,0
-62.5341110229492,0
-56.169075012207,0
-48.9777412414551,0
-41.6601295471191,0
-34.930347442627,0
-28.889720916748,0
-23.429557800293,0
-18.6621055603027,0
-14.6040372848511,0
-11.0305261611938,0
-8.02069187164307,0
-6.00004959106445,0
-4.7824878692627,0
-3.35263633728027,0
-1.42337310314178,0
-0.604981958866119,0
-2.93002080917358,0
-8.47810935974121,0
-15.6274375915527,0
-23.6237831115723,0
-33.463005065918,0
-45.5570983886719,0
-57.696460723877,0
-66.6286239624023,0
-71.3390808105469,0
-73.6636657714844,0
-75.6593856811523,0
-77.4801940917969,0
-78.3192672729492,0
-78.4756927490234,0
-79.3017044067383,0
-81.1633987426758,0
-82.5523147583008,0
-81.9148025512695,0
-79.8763198852539,0
-78.7609634399414,0
-79.8502655029297,0
-81.942756652832,0
-83.1414031982422,0
-83.5115356445312,0
-85.0788116455078,0
-89.1029891967773,0
-94.0212860107422,0
-96.592643737793,0
-95.0174255371094,0
-90.7162094116211,0
-86.9981079101562,0
-86.0343246459961,0
-87.1659774780273,0
-88.0632858276367,0
-87.1308975219727,0
-84.3899765014648,0
-80.3999099731445,0
-75.3945465087891,0
-69.8526763916016,0
-64.8942642211914,0
-61.1339340209961,0
-57.7070655822754,0
-53.5155754089355,0
-49.0509033203125,0
-45.6244735717773,0
-42.8369941711426,0
-38.4901351928711,0
-31.7794933319092,0
-25.2192840576172,0
-22.0780410766602,0
-22.6686744689941,0
-24.6498584747314,0
-26.6257171630859,0
-29.6119480133057,0
-34.4142875671387,0
-39.2632713317871,0
-41.6800498962402,0
-42.0773277282715,0
-43.6465148925781,0
-48.1832580566406,0
-53.481315612793,0
-56.0670166015625,0
-55.6633224487305,0
-55.2982177734375,0
-57.1506538391113,0
-60.258113861084,0
-63.1629028320312,0
-66.8837051391602,0
-73.0690460205078,0
-80.0334243774414,0
-83.4738922119141,0
-81.8975524902344,0
-79.0244064331055,0
-79.1290740966797,0
-81.6232528686523,0
-82.4343414306641,0
-79.673942565918,0
-75.1188354492188,0
-70.2366638183594,0
-64.0935821533203,0
-56.6403160095215,0
-51.1796188354492,0
-50.6495323181152,0
-52.810848236084,0
-52.2901229858398,0
-47.3118133544922,0
-41.6052780151367,0
-39.0749473571777,0
-39.2468528747559,0
-39.3717880249023,0
-38.7139892578125,0
-38.3691864013672,0
-38.0356941223145,0
-35.6956787109375,0
-30.6929244995117,0
-25.1158008575439,0
-21.3834457397461,0
-19.7435722351074,0
-18.903039932251,0
-18.1129875183105,0
-17.6670417785645,0
-17.9085597991943,0
-18.7464981079102,0
-20.0732326507568,0
-21.9131469726562,0
-24.0134620666504,0
-25.8329887390137,0
-27.2603626251221,0
-29.0318489074707,0
-31.9501895904541,0
-35.5920829772949,0
-38.1560745239258,0
-38.0194625854492,0
-35.4806175231934,0
-32.6455230712891,0
-31.4782848358154,0
-32.2658271789551,0
-34.0966339111328,0
-36.230785369873,0
-38.3797569274902,0
-40.0769958496094,0
-40.8413162231445,0
-41.0874519348145,0
-41.7856254577637,0
-42.6146011352539,0
-41.4597473144531,0
-37.0076217651367,0
-31.4571552276611,0
-29.1236763000488,0
-31.8674831390381,0
-37.004940032959,0
-40.5071830749512,0
-41.3489723205566,0
-41.5437355041504,0
-42.5885124206543,0
-43.8477554321289,0
-44.957763671875,0
-47.8786201477051,0
-54.5536766052246,0
-63.0845031738281,0
-68.5261077880859,0
-68.3843307495117,0
-65.7997817993164,0
-65.8021850585938,0
-69.2417449951172,0
-72.2229614257812,0
-71.4355239868164,0
-68.1147155761719,0
-65.9110717773438,0
-66.3654022216797,0
-67.9791870117188,0
-68.9475708007812,0
-68.9848098754883,0
-68.3652954101562,0
-66.8840026855469,0
-64.7329788208008,0
-63.3009643554688,0
-63.6538925170898,0
-64.5478973388672,0
-63.4797973632812,0
-60.0056648254395,0
-56.4096946716309,0
-53.9891128540039,0
-50.2146644592285,0
-41.9170837402344,0
-30.823543548584,0
-23.0058403015137,0
-21.906229019165,0
-24.5591659545898,0
-26.4998817443848,0
-27.8798217773438,0
-31.7666702270508,0
-38.2583923339844,0
-44.3363189697266,0
-49.0700569152832,0
-54.6153831481934,0
-61.1894493103027,0
-65.245361328125,0
-64.7975921630859,0
-63.1502914428711,0
-64.3852005004883,0
-67.5988388061523,0
-68.8607940673828,0
-67.2235946655273,0
-65.3654861450195,0
-65.0412292480469,0
-65.109001159668,0
-64.0376510620117,0
-61.6929779052734,0
-58.320125579834,0
-53.8828811645508,0
-48.8500442504883,0
-44.1705474853516,0
-40.4379577636719,0
-38.2224731445312,0
-38.4631385803223,0
-40.8211135864258,0
-42.5797080993652,0
-41.4971160888672,0
-39.0609893798828,0
-38.2838745117188,0
-38.8947525024414,0
-38.0436706542969,0
-35.7589569091797,0
-35.8232002258301,0
-40.0627670288086,0
-45.38037109375,0
-48.5024299621582,0
-50.6089363098145,0
-54.5730247497559,0
-59.9289588928223,0
-63.6433639526367,0
-64.5614166259766,0
-64.3359222412109,0
-64.7378692626953,0
-66.3297653198242,0
-68.9928970336914,0
-71.5586090087891,0
-71.7739410400391,0
-69.0397109985352,0
-66.4246520996094,0
-67.1981048583984,0
-69.76611328125,0
-69.2446670532227,0
-64.5072860717773,0
-60.4697608947754,0
-61.8867073059082,0
-67.4174957275391,0
-71.9789886474609,0
-73.3315963745117,0
-73.872802734375,0
-76.3989181518555,0
-80.229866027832,0
-82.0643157958984,0
-79.6074066162109,0
-73.7357635498047,0
-67.3372192382812,0
-62.3723831176758,0
-58.4069023132324,0
-54.1465682983398,0
-49.6023597717285,0
-45.6418685913086,0
-41.9169692993164,0
-37.1048316955566,0
-31.5699443817139,0
-27.8416957855225,0
-27.2391891479492,0
-27.4456806182861,0
-24.8960399627686,0
-18.5637226104736,0
-10.0121212005615,0
-0.835581064224243,0
8.09346675872803,0
15.6960287094116,0
21.3492240905762,0
26.3713817596436,0
32.6303253173828,0
39.2961273193359,0
42.9482231140137,0
41.5458908081055,0
36.5526351928711,0
30.4665260314941,0
24.1472091674805,0
17.6688671112061,0
11.9518547058105,0
7.80430841445923,0
4.51454973220825,0
1.06334924697876,0
-2.15489983558655,0
-4.40898084640503,0
-6.55068922042847,0
-10.0125102996826,0
-14.4671545028687,0
-18.4721412658691,0
-22.1626739501953,0
-27.0548553466797,0
-32.7398948669434,0
-35.7931671142578,0
-33.0670166015625,0
-24.9385795593262,0
-14.5762233734131,0
-5.09694147109985,0
1.84298145771027,0
5.82670068740845,0
7.22258758544922,0
6.53377723693848,0
3.72786045074463,0
-1.06094372272491,0
-5.93384122848511,0
-7.85814332962036,0
-6.02959156036377,0
-3.34402275085449,0
-2.89839148521423,0
-3.93523097038269,0
-3.30589175224304,0
-0.548383176326752,0
1.01469361782074,0
-1.07287740707397,0
-4.84291934967041,0
-6.48165798187256,0
-4.96162700653076,0
-2.21202278137207,0
0.500105142593384,0
4.10342264175415,0
9.30660247802734,0
14.4039916992188,0
16.665412902832,0
15.3989200592041,0
12.8547677993774,0
12.0455875396729,0
13.7891626358032,0
15.8693943023682,0
15.3521881103516,0
11.9395589828491,0
8.53474807739258,0
8.01938724517822,0
10.2327480316162,0
13.1010084152222,0
15.8464403152466,0
19.1988887786865,0
22.7129096984863,0
24.310152053833,0
23.3373641967773,0
22.0898113250732,0
22.9873580932617,0
25.7651653289795,0
28.7749862670898,0
31.4990653991699,0
34.0883636474609,0
35.829662322998,0
36.1719970703125,0
36.2477073669434,0
37.1134033203125,0
37.2371673583984,0
34.2103843688965,0
28.5575656890869,0
23.2494697570801,0
19.5568046569824,0
16.2505321502686,0
13.2067174911499,0
12.4444169998169,0
14.088324546814,0
14.2918729782104,0
9.77333164215088,0
2.63811850547791,0
-2.00913143157959,0
-2.33072805404663,0
-1.09072709083557,0
-1.05712592601776,0
-1.58684968948364,0
-0.469574153423309,0
2.55514121055603,0
5.31939840316772,0
5.73693561553955,0
4.05613660812378,0
2.4974000453949,0
2.65049529075623,0
3.44794106483459,0
2.41596293449402,0
-0.946796715259552,0
-4.20203495025635,0
-5.15140247344971,0
-4.77561187744141,0
-5.46253252029419,0
-7.01802206039429,0
-6.5182785987854,0
-2.46288681030273,0
2.64298987388611,0
4.84423637390137,0
3.02769494056702,0
-0.106177270412445,0
-0.891913771629333,0
1.90113151073456,0
6.08964490890503,0
8.32364368438721,0
7.7462477684021,0
7.10869073867798,0
9.23184967041016,0
12.7925319671631,0
13.6262264251709,0
10.548210144043,0
7.36993455886841,0
7.69076919555664,0
10.1668586730957,0
11.5543203353882,0
12.4421691894531,0
16.125093460083,0
22.4776916503906,0
27.2872982025146,0
28.4717464447021,0
28.8581085205078,0
30.8583469390869,0
32.1062850952148,0
29.4634170532227,0
24.5125503540039,0
21.2323169708252,0
19.9779739379883,0
17.9088897705078,0
14.5671072006226,0
12.66392993927,0
13.0149440765381,0
12.8682155609131,0
10.603684425354,0
8.45728874206543,0
8.53577423095703,0
9.22775745391846,0
8.26986312866211,0
6.97228193283081,0
8.18133544921875,0
11.6032314300537,0
14.7150192260742,0
17.7313976287842,0
23.8581161499023,0
33.7358093261719,0
42.7934455871582,0
46.1471748352051,0
44.3898468017578,0
42.5298614501953,0
44.0861854553223,0
48.0053977966309,0
51.0199279785156,0
51.3335609436035,0
49.6320114135742,0
47.629280090332,0
46.4186019897461,0
46.0320510864258,0
46.1934356689453,0
47.173526763916,0
49.4628715515137,0
52.5588264465332,0
54.8933448791504,0
55.6545181274414,0
56.0876731872559,0
57.9330978393555,0
60.7898368835449,0
62.2944641113281,0
61.2748107910156,0
59.6125640869141,0
60.0501098632812,0
62.6532554626465,0
64.5138397216797,0
63.1691055297852,0
59.5861892700195,0
57.053466796875,0
57.2263107299805,0
58.1522789001465,0
56.8788604736328,0
53.4127311706543,0
50.7698097229004,0
51.0193405151367,0
52.8295364379883,0
53.7149429321289,0
53.1974067687988,0
52.2920303344727,0
51.1898345947266,0
49.7204093933105,0
49.5758972167969,0
53.449592590332,0
61.4230651855469,0
70.287109375,0
77.259033203125,0
82.5794219970703,0
87.5534820556641,0
91.9728775024414,0
94.9829025268555,0
96.9495391845703,0
98.5606079101562,0
98.9933853149414,0
96.8782119750977,0
92.6797714233398,0
88.4501342773438,0
85.3375701904297,0
82.7361145019531,0
79.8053207397461,0
76.4450225830078,0
72.6613235473633,0
68.2221069335938,0
63.217472076416,0
58.011474609375,0
52.5650100708008,0
46.8465385437012,0
41.950855255127,0
39.5094985961914,0
39.5872077941895,0
40.2757873535156,0
39.7810211181641,0
37.7884826660156,0
34.4781036376953,0
29.9237022399902,0
25.5310249328613,0
24.3224430084229,0
27.7245254516602,0
32.8894920349121,0
35.3539161682129,0
34.1474342346191,0
32.2949066162109,0
32.351806640625,0
33.793041229248,0
35.3733787536621,0
37.5405311584473,0
40.8527946472168,0
43.8678207397461,0
44.9430236816406,0
45.4078330993652,0
48.726318359375,0
56.276496887207,0
65.4008636474609,0
72.0347213745117,0
74.384521484375,0
73.7882308959961,0
72.7096633911133,0
72.323616027832,0
71.9224853515625,0
70.5589447021484,0
68.8884201049805,0
68.5813064575195,0
69.8296356201172,0
70.5377578735352,0
68.5641937255859,0
63.8330192565918,0
57.6489181518555,0
51.1099853515625,0
45.1655616760254,0
41.0470275878906,0
39.1034851074219,0
37.7385101318359,0
34.7750396728516,0
29.5677680969238,0
22.992130279541,0
16.22141456604,0
10.6869382858276,0
8.32126808166504,0
10.1478471755981,0
14.8984794616699,0
20.2678050994873,0
25.0780277252197,0
28.9892501831055,0
30.8672409057617,0
29.3177814483643,0
24.674825668335,0
18.7819023132324,0
12.8022766113281,0
6.79100275039673,0
1.40502882003784,0
-1.80046999454498,0
-2.38327097892761,0
-1.96375453472137,0
-2.40800809860229,0
-3.843590259552,0
-4.85306930541992,0
-3.87742257118225,0
-0.259164571762085,0
5.12541675567627,0
9.87368011474609,0
11.578239440918,0
9.96906185150146,0
7.08444118499756,0
4.93807649612427,0
3.47599005699158,0
1.22008895874023,0
-2.50056314468384,0
-6.53480672836304,0
-9.05018520355225,0
-9.2150182723999,0
-7.56705522537231,0
-5.13541078567505,0
-2.80163478851318,0
-1.38132584095001,0
-1.25979578495026,0
-1.37276864051819,0
0.405998826026917,0
4.69806718826294,0
9.19443988800049,0
11.2416658401489,0
11.2404718399048,0
11.6726169586182,0
13.2558250427246,0
14.5274066925049,0
15.3659257888794,0
18.058614730835,0
23.7421245574951,0
30.2938022613525,0
35.3882179260254,0
39.5170440673828,0
44.1455039978027,0
48.8988990783691,0
52.795337677002,0
56.4437866210938,0
60.3509407043457,0
62.5248603820801,0
60.9111938476562,0
57.3632850646973,0
55.7769203186035,0
56.3995246887207,0
55.4947662353516,0
51.3585472106934,0
47.2748260498047,0
46.7996292114258,0
48.8059539794922,0
49.4896087646484,0
47.4498710632324,0
44.3350982666016,0
41.6080207824707,0
39.2246742248535,0
37.1401023864746,0
35.7409973144531,0
34.4662094116211,0
31.9237575531006,0
28.0858116149902,0
24.9207992553711,0
23.9864940643311,0
24.4844570159912,0
24.6280517578125,0
24.0522785186768,0
23.6927490234375,0
23.7219047546387,0
22.897647857666,0
20.2161731719971,0
16.4015998840332,0
13.2429056167603,0
11.6932106018066,0
10.9706001281738,0
9.60068416595459,0
7.2035756111145,0
4.92083215713501,0
3.82363653182983,0
3.27540850639343,0
1.60087978839874,0
-1.68436968326569,0
-5.20187520980835,0
-7.42221450805664,0
-8.00442886352539,0
-6.98967504501343,0
-3.85136985778809,0
1.6860179901123,0
8.75014019012451,0
16.3188323974609,0
24.4545555114746,0
33.5113563537598,0
42.7824821472168,0
51.0591468811035,0
57.9145851135254,0
63.3614463806152,0
67.1532440185547,0
69.9504165649414,0
74.3252944946289,0
82.5332260131836,0
93.4615020751953,0
103.587615966797,0
110.827781677246,0
115.700927734375,0
119.026298522949,0
120.779586791992,0
121.485389709473,0
122.469200134277,0
123.954780578613,0
124.712463378906,0
124.292861938477,0
123.885040283203,0
124.202026367188,0
124.148590087891,0
122.418304443359,0
118.95686340332,0
114.13330078125,0
107.983596801758,0
101.052993774414,0
94.4951095581055,0
88.5133514404297,0
82.1085968017578,0
75.0496063232422,0
68.4586410522461,0
62.6131439208984,0
55.9718284606934,0
47.6021347045898,0
38.9468994140625,0
31.7785835266113,0
25.8563575744629,0
20.1236724853516,0
14.8435344696045,0
10.7320222854614,0
7.01181221008301,0
2.29202556610107,0
-3.14066290855408,0
-7.64388608932495,0
-10.5454339981079,0
-12.651104927063,0
-14.6351709365845,0
-16.3089809417725,0
-17.3954448699951,0
-17.7339935302734,0
-16.6689777374268,0
-13.4254951477051,0
-8.34703540802002,0
-2.82159996032715,0
2.40330410003662,0
8.2587776184082,0
16.3817462921143,0
27.2815055847168,0
39.4851455688477,0
50.5045051574707,0
58.9846496582031,0
65.8206024169922,0
72.4138946533203,0
77.9606704711914,0
80.0458602905273,0
78.5416793823242,0
76.9826126098633,0
78.4008483886719,0
81.4094390869141,0
82.8117446899414,0
82.8167724609375,0
84.2713165283203,0
86.9711227416992,0
86.7882614135742,0
81.8525466918945,0
75.9730224609375,0
73.3470611572266,0
72.7480850219727,0
70.2827987670898,0
65.7149353027344,0
61.8976669311523,0
59.0029449462891,0
53.9249687194824,0
45.7624893188477,0
37.5833320617676,0
31.4124126434326,0
25.3514747619629,0
17.782808303833,0
11.0139837265015,0
7.8292384147644,0
6.9075026512146,0
4.78081941604614,0
0.623663544654846,0
-3.77581810951233,0
-7.19750785827637,0
-9.10673999786377,0
-8.1301965713501,0
-4.02701663970947,0
-0.298357516527176,0
-1.00488388538361,0
-5.16265630722046,0
-7.98358058929443,0
-7.76400136947632,0
-7.58527135848999,0
-9.53504371643066,0
-11.5180711746216,0
-11.5069999694824,0
-10.9540433883667,0
-11.3656177520752,0
-10.9173593521118,0
-7.76250219345093,0
-3.98167562484741,0
-2.50313949584961,0
-2.13062000274658,0
0.20576885342598,0
3.47955965995789,0
3.40866994857788,0
-0.728144586086273,0
-4.43707609176636,0
-4.22384357452393,0
-1.73837733268738,0
-0.000999739859253168,0
1.31407082080841,0
4.40183591842651,0
9.40696239471436,0
14.6363706588745,0
19.3096961975098,0
23.6084728240967,0
26.8406658172607,0
28.028865814209,0
28.1531715393066,0
29.6425895690918,0
33.2132301330566,0
36.7216529846191,0
37.7146415710449,0
36.2163009643555,0
34.6915588378906,0
35.8741340637207,0
40.5363464355469,0
46.5788421630859,0
50.3605003356934,0
49.7532157897949,0
45.9295272827148,0
41.5552177429199,0
37.609806060791,0
33.0472869873047,0
27.3378295898438,0
21.8069400787354,0
17.9283142089844,0
15.4609537124634,0
13.1989812850952,0
10.9970378875732,0
10.1312608718872,0
11.5720405578613,0
14.3096313476562,0
15.7527027130127,0
14.1431665420532,0
10.5951080322266,0
8.03021907806396,0
7.58713817596436,0
6.90804815292358,0
3.06748032569885,0
-3.38618302345276,0
-8.82443618774414,0
-10.8829870223999,0
-10.8343257904053,0
-11.3258876800537,0
-13.3736619949341,0
-16.4375782012939,0
-20.1197090148926,0
-24.4479026794434,0
-29.0653018951416,0
-33.2483558654785,0
-36.5668601989746,0
-38.9105758666992,0
-40.0864067077637,0
-39.7609214782715,0
-37.5105476379395,0
-32.9101066589355,0
-26.3378314971924,0
-19.7758255004883,0
-15.5771703720093,0
-13.8375387191772,0
-12.1294431686401,0
-8.59633731842041,0
-4.10414600372314,0
-0.38804680109024,0
2.47942876815796,0
5.19900274276733,0
7.05840158462524,0
6.76979160308838,0
4.91199445724487,0
3.37786316871643,0
2.58052563667297,0
1.38971722126007,0
-0.0275311395525932,0
0.395517945289612,0
3.68726372718811,0
8.30136108398438,0
12.4895963668823,0
16.4384365081787,0
20.8390312194824,0
24.8490829467773,0
26.8790550231934,0
26.3054313659668,0
23.2588558197021,0
18.0162334442139,0
12.0530500411987,0
8.44084548950195,0
9.20304203033447,0
12.7639970779419,0
15.6333332061768,0
16.1465263366699,0
15.0121974945068,0
12.890079498291,0
9.65206909179688,0
6.038987159729,0
3.82577395439148,0
3.64552068710327,0
4.3000636100769,0
4.86771154403687,0
5.79195785522461,0
6.89770078659058,0
5.987220287323,0
1.12330889701843,0
-6.44606733322144,0
-13.2055902481079,0
-17.0261650085449,0
-18.8356971740723,0
-20.9030380249023,0
-24.5208721160889,0
-29.2595462799072,0
-33.4750709533691,0
-35.5478553771973,0
-35.6391754150391,0
-36.3586883544922,0
-40.6083526611328,0
-48.2697486877441,0
-55.8221015930176,0
-59.7534103393555,0
-59.6874542236328,0
-57.7581748962402,0
-55.9056282043457,0
-54.6958808898926,0
-53.9405708312988,0
-53.0345611572266,0
-50.8901901245117,0
-46.8948097229004,0
-42.0739593505859,0
-38.1349411010742,0
-35.1430854797363,0
-31.3511428833008,0
-25.6945972442627,0
-19.1520538330078,0
-13.0003709793091,0
-7.10698127746582,0
-1.01515853404999,0
4.58973789215088,0
9.10443496704102,0
13.7705192565918,0
20.1463489532471,0
26.9623107910156,0
30.5381050109863,0
28.9782886505127,0
24.5681076049805,0
21.3360900878906,0
21.3723087310791,0
24.1429443359375,0
28.0636253356934,0
31.4773254394531,0
32.9306755065918,0
32.1153297424316,0
30.6111030578613,0
30.5427360534668,0
32.1347579956055,0
33.3807144165039,0
32.5429153442383,0
30.2539920806885,0
28.4107837677002,0
27.473747253418,0
26.0423221588135,0
23.3431625366211,0
20.9648380279541,0
21.0849132537842,0
23.5612831115723,0
26.114559173584,0
27.3662796020508,0
28.2750854492188,0
30.0206470489502,0
31.7570915222168,0
31.5933876037598,0
29.0978469848633,0
25.6812591552734,0
22.855375289917,0
21.1765842437744,0
20.7000293731689,0
21.2913913726807,0
22.2364902496338,0
22.4500331878662,0
21.6031532287598,0
20.6447582244873,0
20.8467330932617,0
22.5330543518066,0
24.9648494720459,0
27.3383636474609,0
29.633092880249,0
32.3170547485352,0
35.3279190063477,0
37.8193969726562,0
39.1943664550781,0
39.8269996643066,0
40.1393585205078,0
39.6381378173828,0
38.0263328552246,0
36.666446685791,0
37.0651817321777,0
37.9398727416992,0
36.0751533508301,0
30.8447113037109,0
25.6386795043945,0
23.4785556793213,0
23.3566036224365,0
22.7643451690674,0
21.7899951934814,0
22.1115016937256,0
23.4484195709229,0
24.1092433929443,0
24.30051612854,0
25.7311229705811,0
28.1281147003174,0
29.3035564422607,0
28.9752521514893,0
29.3623657226562,0
31.0953121185303,0
31.4834575653076,0
28.2875690460205,0
22.7375259399414,0
17.1910572052002,0
12.0561428070068,0
6.95108032226562,0
2.92826724052429,0
1.19018268585205,0
0.871586680412292,0
0.337237656116486,0
-0.174080312252045,0
0.753635466098785,0
3.04668116569519,0
5.17193937301636,0
6.45270919799805,0
7.55873537063599,0
8.98080635070801,0
10.7475328445435,0
13.4649028778076,0
17.893892288208,0
23.4468421936035,0
28.6402053833008,0
33.0652198791504,0
37.3646697998047,0
41.2113990783691,0
43.0699768066406,0
42.4452018737793,0
40.8566246032715,0
39.9492874145508,0
39.884880065918,0
40.13623046875,0
40.5564231872559,0
40.9504165649414,0
40.8178291320801,0
40.3881378173828,0
40.8629455566406,0
42.7289695739746,0
44.7372055053711,0
45.4026832580566,0
44.5818862915039,0
42.6546745300293,0
39.1930999755859,0
33.7723617553711,0
27.4665393829346,0
22.2121086120605,0
18.9327354431152,0
17.1705951690674,0
16.0498332977295,0
14.6986923217773,0
12.4645252227783,0
9.85006427764893,0
8.37747287750244,0
8.07430934906006,0
6.12161731719971,0
0.24516299366951,0
-7.08038854598999,0
-10.6326332092285,0
-9.0662841796875,0
-6.77243566513062,0
-7.9411473274231,0
-11.3341722488403,0
-12.9220418930054,0
-11.5896129608154,0
-9.46964931488037,0
-7.83059406280518,0
-5.85305547714233,0
-3.57995700836182,0
-3.14231467247009,0
-5.75934171676636,0
-9.34396839141846,0
-10.6238059997559,0
-8.75899600982666,0
-5.70756959915161,0
-3.70280408859253,0
-3.55562424659729,0
-5.04779148101807,0
-7.66977071762085,0
-10.7081441879272,0
-13.5213766098022,0
-16.2351474761963,0
-19.6274375915527,0
-23.8112373352051,0
-27.4370994567871,0
-28.9145069122314,0
-28.3495121002197,0
-27.5255928039551,0
-27.7208614349365,0
-28.2249908447266,0
-27.5472602844238,0
-25.5456809997559,0
-23.5323600769043,0
-22.4904308319092,0
-22.1086139678955,0
-21.6816005706787,0
-21.059606552124,0
-20.2630043029785,0
-18.861421585083,0
-16.4313659667969,0
-13.3105659484863,0
-10.230842590332,0
-7.24117994308472,0
-3.60936427116394,0
0.830375075340271,0
4.47697782516479,0
4.83683824539185,0
1.28271818161011,0
-3.28021121025085,0
-4.72502946853638,0
-2.38262987136841,0
-0.384651869535446,0
-3.06111454963684,0
-9.77902412414551,0
-16.1943702697754,0
-20.229434967041,0
-24.2261810302734,0
-30.4964923858643,0
-37.4604911804199,0
-42.1732902526855,0
-44.6985893249512,0
-47.3206672668457,0
-50.5445098876953,0
-52.8438034057617,0
-54.1019630432129,0
-56.2563591003418,0
-59.876953125,0
-62.7913818359375,0
-63.359561920166,0
-62.8785591125488,0
-63.171085357666,0
-63.802547454834,0
-63.7640190124512,0
-64.2615737915039,0
-67.0705032348633,0
-70.7958374023438,0
-71.6119232177734,0
-67.9930572509766,0
-62.3449745178223,0
-57.3389854431152,0
-52.8700675964355,0
-47.7543449401855,0
-42.4148712158203,0
-38.1069946289062,0
-34.7657737731934,0
-31.5353164672852,0
-28.7996921539307,0
-27.9736022949219,0
-29.54638671875,0
-32.7367286682129,0
-36.7912712097168,0
-41.2120323181152,0
-44.9523010253906,0
-46.944206237793,0
-47.4467391967773,0
-47.4968414306641,0
-47.1111145019531,0
-45.547679901123,0
-43.2584381103516,0
-41.7880668640137,0
-41.6008110046387,0
-41.858814239502,0
-42.4680366516113,0
-44.1086044311523,0
-45.9467124938965,0
-46.127613067627,0
-45.4777870178223,0
-47.5740203857422,0
-53.2603378295898,0
-58.0989952087402,0
-57.9948043823242,0
-54.8572998046875,0
-53.4900665283203,0
-54.9841079711914,0
-56.8675689697266,0
-58.0423202514648,0
-59.1853828430176,0
-59.1609878540039,0
-55.7873878479004,0
-50.3318748474121,0
-46.7284202575684,0
-45.5408248901367,0
-43.0552597045898,0
-37.6424140930176,0
-32.5779762268066,0
-30.4052639007568,0
-28.7557754516602,0
-24.9809722900391,0
-21.4292545318604,0
-22.0843467712402,0
-26.2590599060059,0
-29.8135623931885,0
-31.3262805938721,0
-32.9268417358398,0
-35.4627380371094,0
-36.9119606018066,0
-36.2792282104492,0
-35.7162170410156,0
-37.3709869384766,0
-40.448673248291,0
-42.7606506347656,0
-43.4116554260254,0
-42.6617851257324,0
-40.6496772766113,0
-37.6970863342285,0
-34.7439346313477,0
-31.9959411621094,0
-27.9902362823486,0
-21.5991191864014,0
-14.3745260238647,0
-9.00691413879395,0
-5.53658103942871,0
-1.33442974090576,0
4.29420471191406,0
7.76264524459839,0
5.68898391723633,0
0.422296106815338,0
-1.95813298225403,0
0.76977801322937,0
4.45450687408447,0
4.7505407333374,0
2.78470158576965,0
2.2752320766449,0
3.46635580062866,0
3.52057671546936,0
1.7292674779892,0
0.195127859711647,0
-0.791790187358856,0
-3.82664132118225,0
-9.35705280303955,0
-13.4302644729614,0
-13.2928380966187,0
-12.4045009613037,0
-16.1695766448975,0
-24.1226501464844,0
-30.2217426300049,0
-30.6815662384033,0
-27.8824253082275,0
-25.7498111724854,0
-24.5546245574951,0
-22.1612567901611,0
-18.1438045501709,0
-14.3089065551758,0
-12.2501840591431,0
-12.4109172821045,0
-14.9115514755249,0
-19.3821830749512,0
-24.1954956054688,0
-27.6159267425537,0
-29.8255004882812,0
-32.3448448181152,0
-35.385871887207,0
-37.4794120788574,0
-38.1162147521973,0
-38.8340721130371,0
-40.5958366394043,0
-41.8084869384766,0
-40.6520614624023,0
-38.1048202514648,0
-36.4853935241699,0
-35.6356506347656,0
-32.9509887695312,0
-27.258337020874,0
-20.3598690032959,0
-14.2003650665283,0
-8.75383281707764,0
-3.74718689918518,0
-0.337619483470917,0
0.577917337417603,0
0.0993776619434357,0
-0.405203521251678,0
-1.30584907531738,0
-2.9446964263916,0
-3.2947051525116,0
-0.217699974775314,0
4.61914110183716,0
7.29879903793335,0
7.34719514846802,0
8.60178565979004,0
13.2643384933472,0
18.2598114013672,0
19.83766746521,0
19.3879222869873,0
21.4628105163574,0
27.1421737670898,0
32.7741889953613,0
35.4023475646973,0
36.3069877624512,0
38.015453338623,0
40.2773971557617,0
40.9127388000488,0
39.1934509277344,0
36.3626594543457,0
33.4205131530762,0
30.1559085845947,0
26.2488822937012,0
21.9406356811523,0
17.5520992279053,0
13.4147386550903,0
10.2248296737671,0
8.34346675872803,0
6.71659469604492,0
3.6257107257843,0
-1.32362163066864,0
-6.93855762481689,0
-12.1312685012817,0
-16.697546005249,0
-20.4928073883057,0
-23.4256191253662,0
-26.507999420166,0
-31.1033973693848,0
-36.4759635925293,0
-39.908203125,0
-40.2626953125,0
-39.7159538269043,0
-40.7877922058105,0
-43.4257659912109,0
-46.4364128112793,0
-49.807487487793,0
-53.5486259460449,0
-55.9917182922363,0
-55.8376922607422,0
-54.6815567016602,0
-54.8596038818359,0
-55.7296180725098,0
-54.750675201416,0
-51.3608589172363,0
-46.9165496826172,0
-41.6618766784668,0
-35.0820770263672,0
-28.6470069885254,0
-24.4117832183838,0
-21.0349445343018,0
-15.3164539337158,0
-8.06160640716553,0
-3.89273071289062,0
-4.06711149215698,0
-4.17640161514282,0
-1.04125511646271,0
2.82764506340027,0
4.76300191879272,0
7.45499610900879,0
14.4742345809937,0
23.6287117004395,0
29.9327487945557,0
33.1211891174316,0
36.9204902648926,0
41.9331130981445,0
44.739330291748,0
44.3497886657715,0
44.4808692932129,0
47.8832359313965,0
52.3214073181152,0
54.1014747619629,0
52.6465530395508,0
49.6955375671387,0
46.2762451171875,0
42.2855033874512,0
37.3907585144043,0
30.9489059448242,0
22.5162220001221,0
13.493860244751,0
6.61391544342041,0
2.621826171875,0
-0.958012104034424,0
-6.5117015838623,0
-13.2994012832642,0
-19.1165790557861,0
-23.5642395019531,0
-27.8612060546875,0
-32.2753562927246,0
-35.6730575561523,0
-37.5026817321777,0
-38.6721611022949,0
-40.0905494689941,0
-41.330135345459,0
-41.2932739257812,0
-39.7476844787598,0
-37.5833587646484,0
-35.4497489929199,0
-32.6817970275879,0
-28.3145351409912,0
-22.9920234680176,0
-18.5896434783936,0
-15.4607362747192,0
-11.6414747238159,0
-6.11425542831421,0
-1.29689395427704,0
0.0139416800811887,0
-0.820211589336395,0
0.222369968891144,0
3.92823719978333,0
6.7419867515564,0
6.39288520812988,0
5.40295600891113,0
7.15210151672363,0
11.1318731307983,0
14.5620222091675,0
16.6424465179443,0
18.2993850708008,0
19.0989418029785,0
17.6590576171875,0
14.7754859924316,0
13.2320308685303,0
14.1922702789307,0
16.0314407348633,0
17.0459499359131,0
17.2331504821777,0
17.0112285614014,0
16.2431240081787,0
15.1926536560059,0
14.6567535400391,0
14.4525690078735,0
13.4022102355957,0
11.4262256622314,0
9.92109203338623,0
9.36723518371582,0
8.46837902069092,0
6.65125226974487,0
5.39510107040405,0
5.56718587875366,0
5.31103086471558,0
2.69901704788208,0
-0.785219609737396,0
-1.73672461509705,0
0.80261242389679,0
4.56741237640381,0
7.35355424880981,0
9.08786773681641,0
10.6649293899536,0
12.6542310714722,0
15.4923572540283,0
19.2945041656494,0
22.947286605835,0
24.7602634429932,0
24.5621013641357,0
23.9314975738525,0
23.8227195739746,0
23.2182159423828,0
20.8701686859131,0
17.208667755127,0
13.534008026123,0
10.2617988586426,0
7.12721586227417,0
4.37512445449829,0
2.28287410736084,0
-0.187975600361824,0
-4.57929849624634,0
-10.31418800354,0
-14.2566242218018,0
-13.9400091171265,0
-10.5610771179199,0
-7.72964525222778,0
-7.56924629211426,0
-9.0352611541748,0
-9.89042663574219,0
-9.13132286071777,0
-7.2166166305542,0
-5.09757280349731,0
-3.74216151237488,0
-3.6935658454895,0
-4.11215305328369,0
-2.83858227729797,0
1.54938876628876,0
8.06956195831299,0
14.623628616333,0
20.4512996673584,0
26.0324287414551,0
30.9706897735596,0
33.9563522338867,0
35.3228530883789,0
37.6183013916016,0
42.1240615844727,0
46.1588134765625,0
45.8547439575195,0
41.027099609375,0
35.1513786315918,0
30.5307865142822,0
25.9021778106689,0
19.8142566680908,0
14.1983957290649,0
12.5452442169189,0
15.6317653656006,0
21.0645484924316,0
26.3550243377686,0
30.2885494232178,0
31.7380924224854,0
29.997537612915,0
26.9949836730957,0
26.5628395080566,0
29.9475727081299,0
33.9341583251953,0
35.0916557312012,0
34.1444435119629,0
34.0486526489258,0
35.1790962219238,0
35.1314506530762,0
32.7954139709473,0
30.0273361206055,0
29.062385559082,0
30.3103485107422,0
32.9919891357422,0
36.0406341552734,0
37.90283203125,0
37.2204895019531,0
34.4429206848145,0
31.3894901275635,0
28.650936126709,0
24.8354644775391,0
19.0878391265869,0
13.0115919113159,0
9.12443733215332,0
8.28856086730957,0
9.38541984558105,0
10.6961765289307,0
10.9716730117798,0
9.97162914276123,0
8.65850925445557,0
8.33560180664062,0
9.26768398284912,0
10.7825517654419,0
12.6846780776978,0
15.3219528198242,0
18.0275382995605,0
19.1135139465332,0
18.2168045043945,0
17.1128044128418,0
16.9693126678467,0
16.1627178192139,0
12.5021419525146,0
6.66871738433838,0
1.49882531166077,0
-1.70640814304352,0
-4.13824081420898,0
-6.72707748413086,0
-8.48453998565674,0
-8.28986358642578,0
-6.66273975372314,0
-4.67758131027222,0
-2.3377685546875,0
0.724775195121765,0
3.80836129188538,0
5.78656435012817,0
6.70891046524048,0
7.35097360610962,0
7.32560396194458,0
5.1312575340271,0
0.529878199100494,0
-4.15599203109741,0
-5.72834730148315,0
-2.63160610198975,0
4.21144676208496,0
12.0968399047852,0
17.7907829284668,0
19.2819805145264,0
17.2628326416016,0
14.4310121536255,0
12.7734861373901,0
11.9906024932861,0
10.8288164138794,0
9.01334285736084,0
7.21992635726929,0
5.94716167449951,0
5.0912880897522,0
3.93705463409424,0
1.23372066020966,0
-3.51078033447266,0
-8.38392543792725,0
-10.5560855865479,0
-10.423755645752,0
-12.0482521057129,0
-17.6023216247559,0
-23.626781463623,0
-25.5708713531494,0
-24.0385723114014,0
-22.8024005889893,0
-22.0711917877197,0
-18.537525177002,0
-12.0579824447632,0
-7.18920612335205,0
-6.5414891242981,0
-6.93303203582764,0
-4.38921880722046,0
0.684832394123077,0
5.81516408920288,0
10.6018371582031,0
15.6562356948853,0
20.287561416626,0
24.3950214385986,0
30.1355743408203,0
38.3056144714355,0
45.2606811523438,0
47.1396217346191,0
45.3805351257324,0
44.1305351257324,0
43.6383972167969,0
40.5959320068359,0
34.2818489074707,0
27.7212333679199,0
22.5309200286865,0
17.0408134460449,0
10.5410194396973,0
5.40045213699341,0
3.268639087677,0
2.32154369354248,0
0.0260933395475149,0
-3.89490628242493,0
-8.61257171630859,0
-13.6527051925659,0
-17.7465000152588,0
-18.9031429290771,0
-17.3787727355957,0
-16.1039295196533,0
-16.4103317260742,0
-15.9881248474121,0
-13.1824216842651,0
-10.4777021408081,0
-10.83118724823,0
-13.0084047317505,0
-13.9645719528198,0
-13.8203220367432,0
-14.6066398620605,0
-15.6678667068481,0
-14.8080129623413,0
-13.2750568389893,0
-14.7825860977173,0
-19.2341232299805,0
-22.0531921386719,0
-20.8347320556641,0
-18.2405738830566,0
-16.6563186645508,0
-14.4735527038574,0
-10.2939329147339,0
-6.6244912147522,0
-5.7515435218811,0
-5.4176607131958,0
-2.94131898880005,0
-0.806840240955353,0
-2.88675713539124,0
-6.74477863311768,0
-5.68508672714233,0
1.31317806243896,0
7.37113904953003,0
7.15291309356689,0
3.7171835899353,0
3.10916471481323,0
5.90998220443726,0
7.89324045181274,0
6.73373508453369,0
4.06148433685303,0
1.70319449901581,0
-0.512212812900543,0
-2.89605569839478,0
-4.60796165466309,0
-5.11267042160034,0
-5.08472585678101,0
-4.94811105728149,0
-3.91435265541077,0
-1.55926072597504,0
0.542335987091064,0
-0.00386316003277898,0
-3.72417283058167,0
-8.59130573272705,0
-12.2001361846924,0
-14.1326951980591,0
-15.797308921814,0
-18.1452026367188,0
-20.2100830078125,0
-20.4299430847168,0
-19.1548328399658,0
-18.9029922485352,0
-21.5415439605713,0
-25.7077693939209,0
-27.8921070098877,0
-26.0517864227295,0
-21.3260250091553,0
-16.013370513916,0
-10.9609403610229,0
-5.82605123519897,0
-0.98771744966507,0
2.50847792625427,0
4.90873861312866,0
7.90317630767822,0
12.0851898193359,0
15.7345266342163,0
17.2949848175049,0
17.8094692230225,0
19.3140144348145,0
21.7284450531006,0
23.2111568450928,0
23.0676956176758,0
22.2737922668457,0
21.2735424041748,0
19.3584518432617,0
16.4260959625244,0
13.3689937591553,0
10.4629974365234,0
7.45966768264771,0
5.53525018692017,0
6.55037450790405,0
9.58859252929688,0
11.0880889892578,0
9.91122627258301,0
9.45808982849121,0
12.5536479949951,0
16.8734645843506,0
18.3728466033936,0
17.072624206543,0
15.8943138122559,0
15.3472661972046,0
13.5704879760742,0
11.1139707565308,0
11.284969329834,0
15.0122594833374,0
19.1567707061768,0
21.2681484222412,0
22.740629196167,0
25.4632320404053,0
28.1591186523438,0
28.3565101623535,0
26.0972576141357,0
23.5886116027832,0
22.54319190979,0
23.4644012451172,0
26.0125789642334,0
28.4431838989258,0
28.4136581420898,0
26.355001449585,0
26.3820495605469,0
31.3963966369629,0
38.6356010437012,0
42.9046516418457,0
43.2322883605957,0
43.0708389282227,0
44.3656692504883,0
45.2748794555664,0
44.513427734375,0
44.2025375366211,0
46.4138374328613,0
49.8021583557129,0
52.1848182678223,0
54.1469306945801,0
57.0691070556641,0
59.2714881896973,0
57.7462768554688,0
53.1310081481934,0
49.3180122375488,0
47.8690223693848,0
46.4004440307617,0
43.5034446716309,0
41.5646591186523,0
42.4835166931152,0
43.8259391784668,0
42.6527633666992,0
41.0277900695801,0
43.585807800293,0
50.3312950134277,0
55.9013328552246,0
56.3317947387695,0
52.8700828552246,0
48.1498184204102,0
42.3401184082031,0
35.161262512207,0
28.5532894134521,0
24.2898349761963,0
20.8446578979492,0
15.6635417938232,0
9.39323329925537,0
4.96486186981201,0
3.20388269424438,0
2.24922180175781,0
1.05845785140991,0
0.528887450695038,0
0.748289823532104,0
-0.128990054130554,0
-3.23764228820801,0
-7.31992197036743,0
-10.7443523406982,0
-13.4077024459839,0
-15.5205001831055,0
-16.209529876709,0
-14.7907238006592,0
-12.2068042755127,0
-9.76224517822266,0
-7.32027387619019,0
-4.02553415298462,0
0.0027269828133285,0
3.96216559410095,0
7.60960674285889,0
10.9290904998779,0
13.2668390274048,0
14.2491836547852,0
15.0225696563721,0
16.9439430236816,0
19.2426261901855,0
19.6301040649414,0
17.3186054229736,0
13.8530321121216,0
10.7214784622192,0
7.95343828201294,0
5.90292930603027,0
6.64085388183594,0
11.7658948898315,0
19.5052185058594,0
25.7616291046143,0
28.2239875793457,0
28.2390155792236,0
28.3236808776855,0
29.1011085510254,0
29.7387504577637,0
30.6593780517578,0
33.9984169006348,0
40.6117477416992,0
47.8434524536133,0
51.8858261108398,0
52.1870231628418,0
51.890811920166,0
53.536434173584,0
56.1182289123535,0
57.4981079101562,0
57.8568420410156,0
58.4919700622559,0
58.2984390258789,0
54.464412689209,0
46.8754348754883,0
39.0351409912109,0
33.616626739502,0
29.5656623840332,0
25.1376667022705,0
21.466251373291,0
20.6344661712646,0
21.6691761016846,0
21.395679473877,0
18.949649810791,0
16.7610874176025,0
16.6736106872559,0
17.4529418945312,0
17.1737689971924,0
16.2566184997559,0
16.6668605804443,0
19.1559925079346,0
22.758544921875,0
26.5790004730225,0
30.8689117431641,0
36.4002494812012,0
43.594898223877,0
52.2059631347656,0
61.131965637207,0
68.568473815918,0
73.1139221191406,0
75.0072402954102,0
75.824089050293,0
76.7649993896484,0
77.6559448242188,0
77.761116027832,0
76.9517517089844,0
75.5879745483398,0
73.7439804077148,0
71.34619140625,0
68.9330291748047,0
67.3777389526367,0
66.6350479125977,0
65.6567611694336,0
64.167236328125,0
63.710506439209,0
65.7255477905273,0
68.8204193115234,0
69.4524307250977,0
65.9252395629883,0
60.5544853210449,0
56.8207015991211,0
55.2472152709961,0
53.6018905639648,0
50.6948089599609,0
47.8525390625,0
46.1084175109863,0
44.0929183959961,0
40.358341217041,0
36.3290214538574,0
34.7291259765625,0
35.7472152709961,0
37.0755462646484,0
37.5833969116211,0
38.4177436828613,0
39.9446067810059,0
40.1328506469727,0
37.2884368896484,0
32.4004096984863,0
27.2719459533691,0
22.098653793335,0
16.632740020752,0
12.1351041793823,0
10.0798273086548,0
10.0713348388672,0
11.0287933349609,0
13.2661056518555,0
17.1913795471191,0
21.073263168335,0
22.7879467010498,0
23.1722736358643,0
24.902229309082,0
28.3016300201416,0
30.9765968322754,0
31.5601978302002,0
31.0508708953857,0
30.2655925750732,0
28.8381748199463,0
27.1996765136719,0
26.5761604309082,0
26.1905536651611,0
23.4932441711426,0
18.4819622039795,0
14.8722877502441,0
15.1504306793213,0
17.0113925933838,0
16.7810745239258,0
14.0995721817017,0
10.9238986968994,0
7.97834968566895,0
4.90216493606567,0
2.33506512641907,0
0.959454417228699,0
-0.517774105072021,0
-3.58001303672791,0
-6.63635158538818,0
-6.23133516311646,0
-1.43339931964874,0
5.25301313400269,0
11.2687320709229,0
16.0501499176025,0
19.6261692047119,0
21.5179042816162,0
21.8129711151123,0
21.7196292877197,0
22.2869701385498,0
23.5296363830566,0
24.9792671203613,0
26.0919704437256,0
26.2915916442871,0
25.8584785461426,0
26.44553565979,0
29.1606998443604,0
32.4757995605469,0
33.9561996459961,0
33.9067306518555,0
35.0080451965332,0
38.0352249145508,0
40.3829765319824,0
39.7443466186523,0
37.0717086791992,0
34.696475982666,0
33.4566841125488,0
33.0331611633301,0
33.310962677002,0
33.8161277770996,0
33.3194999694824,0
31.5671882629395,0
30.0177955627441,0
29.444995880127,0
28.4900379180908,0
26.2885131835938,0
24.6164665222168,0
25.1167011260986,0
26.1950130462646,0
25.5665874481201,0
24.3114814758301,0
24.7742729187012,0
25.4364757537842,0
22.2413139343262,0
15.1993207931519,0
9.30586624145508,0
7.75703477859497,0
8.39714431762695,0
8.72238445281982,0
10.2567005157471,0
14.9731464385986,0
20.8755664825439,0
24.9900321960449,0
28.2045154571533,0
32.9188804626465,0
37.7233352661133,0
39.1432914733887,0
37.845588684082,0
38.0997924804688,0
40.6842880249023,0
41.2191772460938,0
37.1687889099121,0
32.1818923950195,0
30.8259105682373,0
32.3224563598633,0
32.5856132507324,0
29.9864234924316,0
25.7505931854248,0
20.4124565124512,0
13.5930166244507,0
6.67758989334106,0
2.25548386573792,0
0.567098319530487,0
-0.800108134746552,0
-3.17615151405334,0
-5.20532417297363,0
-5.7942361831665,0
-6.4068398475647,0
-8.92866325378418,0
-12.7132883071899,0
-15.4376096725464,0
-16.292818069458,0
-16.9639205932617,0
-19.5083808898926,0
-24.1504421234131,0
-29.3546619415283,0
-33.6646308898926,0
-37.2018089294434,0
-41.1934623718262,0
-46.0248641967773,0
-50.3872375488281,0
-53.0407447814941,0
-54.8377418518066,0
-57.5907707214355,0
-60.9329223632812,0
-62.09716796875,0
-59.7412300109863,0
-56.3968811035156,0
-55.342170715332,0
-55.9618492126465,0
-54.5553550720215,0
-49.8669166564941,0
-45.4075813293457,0
-44.9646759033203,0
-47.4642639160156,0
-48.2364845275879,0
-44.6939849853516,0
-38.8228988647461,0
-34.0787544250488,0
-31.6579113006592,0
-30.4918041229248,0
-29.5388927459717,0
-28.9998416900635,0
-29.8554248809814,0
-32.9328308105469,0
-38.087516784668,0
-43.9988555908203,0
-49.2828140258789,0
-53.9190292358398,0
-58.7920913696289,0
-63.8337593078613,0
-67.9966125488281,0
-71.4303359985352,0
-75.8314056396484,0
-81.4141616821289,0
-85.2644653320312,0
-84.7001113891602,0
-81.1240997314453,0
-78.2276458740234,0
-77.041877746582,0
-75.3867721557617,0
-72.117919921875,0
-68.9890518188477,0
-67.4098052978516,0
-65.9808349609375,0
-62.9671936035156,0
-59.3327789306641,0
-57.2436294555664,0
-56.6725845336914,0
-55.5342826843262,0
-52.6244812011719,0
-48.5160522460938,0
-43.7618598937988,0
-38.1848220825195,0
-32.3877067565918,0
-28.2746181488037,0
-26.9667987823486,0
-27.0810260772705,0
-26.2349987030029,0
-24.0078830718994,0
-22.4142475128174,0
-23.246826171875,0
-25.7551937103271,0
-27.6422824859619,0
-27.9816131591797,0
-28.113187789917,0
-29.3886814117432,0
-31.1118984222412,0
-31.6739234924316,0
-30.9764194488525,0
-30.2728691101074,0
-29.8208656311035,0
-28.3668651580811,0
-25.3529205322266,0
-22.0894718170166,0
-19.9877777099609,0
-19.0180702209473,0
-18.8385105133057,0
-19.9460906982422,0
-22.2490100860596,0
-23.7765865325928,0
-22.7904758453369,0
-20.5481967926025,0
-20.0021457672119,0
-21.9512348175049,0
-24.2199001312256,0
-24.4922771453857,0
-22.1872634887695,0
-17.6784420013428,0
-11.7915058135986,0
-6.41580772399902,0
-3.5025806427002,0
-2.6798050403595,0
-1.67265391349792,0
0.132625892758369,0
0.501053273677826,0
-2.15757989883423,0
-6.09362745285034,0
-8.76429080963135,0
-10.579176902771,0
-14.0508155822754,0
-20.0680465698242,0
-26.9889736175537,0
-33.0561103820801,0
-37.9877052307129,0
-42.2626838684082,0
-46.230110168457,0
-49.9662780761719,0
-53.0118293762207,0
-54.4187431335449,0
-53.9134292602539,0
-52.5417900085449,0
-51.1519622802734,0
-48.9048347473145,0
-44.7264366149902,0
-39.7765579223633,0
-36.704662322998,0
-36.348461151123,0
-36.745304107666,0
-35.7820129394531,0
-33.4423522949219,0
-30.9342555999756,0
-28.9173946380615,0
-27.422945022583,0
-26.5287418365479,0
-26.088888168335,0
-25.2983207702637,0
-23.4297885894775,0
-20.8746604919434,0
-18.8541259765625,0
-18.0853786468506,0
-18.0458354949951,0
-17.5567035675049,0
-15.9612903594971,0
-13.7473630905151,0
-11.9525699615479,0
-10.85693359375,0
-9.55316638946533,0
-7.23179578781128,0
-4.57653284072876,0
-3.00064826011658,0
-2.40305948257446,0
-0.784016311168671,0
3.09185314178467,0
7.33946990966797,0
8.46449851989746,0
5.22568941116333,0
-0.0737390592694283,0
-4.51348352432251,0
-7.80018377304077,0
-11.7640542984009,0
-17.2588672637939,0
-22.7707500457764,0
-26.1464443206787,0
-26.678783416748,0
-25.1423664093018,0
-22.6770992279053,0
-20.2849407196045,0
-18.750114440918,0
-18.1696891784668,0
-17.8047351837158,0
-17.0502834320068,0
-16.2478199005127,0
-15.8154611587524,0
-14.9840908050537,0
-12.6016521453857,0
-9.28192806243896,0
-7.4719352722168,0
-8.70468521118164,0
-11.6791706085205,0
-13.8894004821777,0
-14.4471750259399,0
-14.2902526855469,0
-14.1728248596191,0
-13.8580446243286,0
-13.3006210327148,0
-13.2409534454346,0
-14.1670665740967,0
-15.8570690155029,0
-18.5629253387451,0
-23.369535446167,0
-30.2197132110596,0
-36.5980110168457,0
-39.7938423156738,0
-40.0100555419922,0
-39.6090469360352,0
-39.6199188232422,0
-39.0662422180176,0
-37.9981231689453,0
-38.78466796875,0
-42.970272064209,0
-48.4469337463379,0
-51.4133338928223,0
-50.1818008422852,0
-45.7538032531738,0
-39.9762115478516,0
-35.0921859741211,0
-34.0068740844727,0
-38.1756401062012,0
-45.0883636474609,0
-50.2624015808105,0
-52.2894973754883,0
-53.7091674804688,0
-56.1856880187988,0
-57.4821968078613,0
-55.0797576904297,0
-50.6289253234863,0
-47.9994850158691,0
-47.9750709533691,0
-47.8975067138672,0
-46.364315032959,0
-45.0847778320312,0
-45.2069206237793,0
-44.7921180725098,0
-41.9456939697266,0
-38.2910499572754,0
-36.7046699523926,0
-36.8635482788086,0
-35.9621620178223,0
-33.4935646057129,0
-32.389720916748,0
-34.8829574584961,0
-39.7495651245117,0
-44.6244506835938,0
-48.8091087341309,0
-52.4678344726562,0
-55.1227340698242,0
-56.8200454711914,0
-59.2372131347656,0
-63.5326347351074,0
-68.1106796264648,0
-70.4941177368164,0
-70.5005722045898,0
-69.4559326171875,0
-67.1838531494141,0
-62.6017913818359,0
-57.2110023498535,0
-54.9379920959473,0
-57.3930130004883,0
-61.5816421508789,0
-63.8773918151855,0
-64.6240615844727,0
-66.9844818115234,0
-72.1270751953125,0
-77.4073638916016,0
-79.4159698486328,0
-77.8091049194336,0
-75.8566665649414,0
-77.4706420898438,0
-83.5420761108398,0
-91.0875015258789,0
-96.3064651489258,0
-98.2855606079102,0
-98.9213638305664,0
-99.5675964355469,0
-99.544189453125,0
-98.4439239501953,0
-97.7314529418945,0
-98.3111572265625,0
-98.17138671875,0
-95.0195236206055,0
-90.4361801147461,0
-88.4201126098633,0
-89.7584609985352,0
-91.0436477661133,0
-90.2481002807617,0
-89.9686431884766,0
-92.9084548950195,0
-96.8947448730469,0
-97.6294860839844,0
-94.6711044311523,0
-91.1324157714844,0
-88.5009002685547,0
-85.7694931030273,0
-83.5130996704102,0
-84.4164962768555,0
-88.5616302490234,0
-92.0603866577148,0
-92.3289184570312,0
-91.5346908569336,0
-92.6835861206055,0
-95.3108444213867,0
-97.5358352661133,0
-99.3935241699219,0
-100.912414550781,0
-99.5145568847656,0
-93.3909912109375,0
-85.8808288574219,0
-82.2986755371094,0
-83.0778274536133,0
-83.9133987426758,0
-82.314453125,0
-80.0416259765625,0
-78.9070053100586,0
-78.2192916870117,0
-77.3715667724609,0
-77.3011169433594,0
-77.8214111328125,0
-76.5925216674805,0
-72.6084747314453,0
-68.2346496582031,0
-65.9179000854492,0
-64.9402618408203,0
-63.2161102294922,0
-60.4375801086426,0
-57.6103057861328,0
-55.104190826416,0
-53.0129127502441,0
-52.0564651489258,0
-52.3580665588379,0
-52.6147613525391,0
-52.1898078918457,0
-52.6215858459473,0
-55.0785102844238,0
-57.7118148803711,0
-58.0328025817871,0
-56.9379959106445,0
-57.492790222168,0
-60.0680541992188,0
-61.7627830505371,0
-61.0965309143066,0
-60.2916221618652,0
-61.6717185974121,0
-64.4244232177734,0
-66.8264236450195,0
-69.5254287719727,0
-74.0394287109375,0
-79.3021392822266,0
-82.6182022094727,0
-83.750862121582,0
-85.2534713745117,0
-88.2459335327148,0
-90.450569152832,0
-89.7309341430664,0
-87.5312042236328,0
-86.871337890625,0
-88.1470565795898,0
-88.9954605102539,0
-87.7933731079102,0
-85.2418365478516,0
-82.4102401733398,0
-79.0956649780273,0
-74.7939910888672,0
-69.895393371582,0
-65.0140533447266,0
-60.1142120361328,0
-55.2185821533203,0
-51.1943321228027,0
-48.7687530517578,0
-47.2569541931152,0
-45.4155311584473,0
-43.4079475402832,0
-42.7831878662109,0
-44.2886238098145,0
-46.6826133728027,0
-48.197193145752,0
-48.4085311889648,0
-48.0202560424805,0
-47.4522018432617,0
-46.6005325317383,0
-45.7050971984863,0
-45.3625755310059,0
-45.5436019897461,0
-45.5867042541504,0
-45.4897308349609,0
-46.0946731567383,0
-47.2292404174805,0
-46.788875579834,0
-43.1540451049805,0
-37.9712409973145,0
-34.7046051025391,0
-34.2902412414551,0
-34.0638999938965,0
-31.6635150909424,0
-28.1167755126953,0
-25.6533527374268,0
-24.0818614959717,0
-21.5739421844482,0
-18.2223815917969,0
-16.1862869262695,0
-16.1220092773438,0
-15.9340991973877,0
-13.9638004302979,0
-11.2993621826172,0
-9.61296272277832,0
-8.64422225952148,0
-7.65829992294312,0
-7.66920948028564,0
-9.6081600189209,0
-11.3294486999512,0
-9.63696098327637,0
-5.320556640625,0
-2.89585900306702,0
-4.24548101425171,0
-5.55172920227051,0
-2.66504716873169,0
2.8721034526825,0
6.05792999267578,0
5.21833467483521,0
3.26475930213928,0
2.67631363868713,0
2.76087617874146,0
2.61316347122192,0
3.49382996559143,0
6.31201505661011,0
9.05200004577637,0
9.21068668365479,0
7.56563234329224,0
7.08844518661499,0
8.68440246582031,0
10.3464508056641,0
10.498761177063,0
9.92742729187012,0
9.85216331481934,0
10.0784492492676,0
10.0902986526489,0
10.3380270004272,0
11.0409107208252,0
10.9861335754395,0
9.35193157196045,0
8.08970355987549,0
10.4339113235474,0
16.7724132537842,0
23.6033954620361,0
27.1702156066895,0
26.7956142425537,0
23.919132232666,0
19.3588981628418,0
13.0918798446655,0
5.91865873336792,0
-0.548986315727234,0
-5.60594081878662,0
-9.6501522064209,0
-12.4702777862549,0
-12.9569463729858,0
-11.2001276016235,0
-9.34402084350586,0
-9.13617515563965,0
-9.78572940826416,0
-9.73621940612793,0
-9.56982898712158,0
-11.0717544555664,0
-13.7407083511353,0
-14.6635847091675,0
-12.585111618042,0
-10.0719699859619,0
-10.2953281402588,0
-13.1480941772461,0
-16.1089820861816,0
-17.7286376953125,0
-18.2911376953125,0
-17.8251419067383,0
-15.9096574783325,0
-13.5435085296631,0
-12.86794090271,0
-14.2706890106201,0
-15.7365427017212,0
-16.0509243011475,0
-16.618070602417,0
-18.5588226318359,0
-19.9718246459961,0
-18.5002365112305,0
-15.3540554046631,0
-13.9477348327637,0
-15.1152029037476,0
-16.7074375152588,0
-17.8955078125,0
-20.4267959594727,0
-24.6918449401855,0
-28.0370922088623,0
-28.9570121765137,0
-29.8268413543701,0
-32.6266098022461,0
-34.618766784668,0
-32.0790786743164,0
-26.6044597625732,0
-23.3089656829834,0
-23.2921657562256,0
-22.4153327941895,0
-18.0588512420654,0
-12.6587066650391,0
-9.00110244750977,0
-6.09004306793213,0
-2.15616059303284,0
1.67212152481079,0
3.83742070198059,0
5.84682512283325,0
9.85431575775146,0
14.682276725769,0
17.7899208068848,0
19.7234840393066,0
22.7932033538818,0
26.2488918304443,0
26.9203052520752,0
24.6140480041504,0
22.7838535308838,0
23.0941162109375,0
23.1498279571533,0
20.9590244293213,0
17.991283416748,0
15.7229318618774,0
12.3987045288086,0
6.11015748977661,0
-1.27312588691711,0
-6.43200826644897,0
-9.33201026916504,0
-12.4193305969238,0
-15.911792755127,0
-17.1705856323242,0
-14.9762334823608,0
-11.7401762008667,0
-10.6015920639038,0
-12.0766315460205,0
-14.3503313064575,0
-15.6022481918335,0
-15.3205652236938,0
-14.1013946533203,0
-12.6398057937622,0
-10.6633539199829,0
-7.17026472091675,0
-2.21402740478516,0
2.36865139007568,0
5.134361743927,0
7.22065925598145,0
10.8579835891724,0
16.157693862915,0
21.0674228668213,0
24.3222942352295,0
26.6615867614746,0
29.0255069732666,0
31.25315284729,0
32.8053550720215,0
33.1467590332031,0
31.1947174072266,0
26.2216205596924,0
19.8071193695068,0
15.0875329971313,0
13.3351125717163,0
12.9456367492676,0
12.5126342773438,0
12.960376739502,0
15.441722869873,0
18.9133224487305,0
21.398078918457,0
22.35910987854,0
22.3776435852051,0
21.8167896270752,0
21.4584922790527,0
23.1714515686035,0
27.8046417236328,0
33.0581474304199,0
35.4428215026855,0
34.1079635620117,0
31.1540813446045,0
28.6614017486572,0
27.2552394866943,0
27.25368309021,0
29.0382442474365,0
31.9444427490234,0
34.5504570007324,0
36.4628868103027,0
38.2421951293945,0
39.3747367858887,0
38.4025230407715,0
35.843318939209,0
34.8269348144531,0
37.2668914794922,0
41.0847473144531,0
43.2197418212891,0
44.1164169311523,0
46.7356185913086,0
51.7077674865723,0
56.3312187194824,0
58.7802886962891,0
60.5429573059082,0
63.4052963256836,0
66.4568710327148,0
68.1348495483398,0
69.2623672485352,0
71.2564392089844,0
72.568359375,0
70.3350067138672,0
65.3764801025391,0
61.8886375427246,0
61.2256278991699,0
59.5251502990723,0
53.5653114318848,0
45.9197807312012,0
41.2377395629883,0
39.6072120666504,0
37.3714828491211,0
33.4130935668945,0
30.4463996887207,0
29.7571678161621,0
28.5295295715332,0
24.0177173614502,0
17.6327857971191,0
12.9260416030884,0
11.3281812667847,0
11.6728897094727,0
12.5105972290039,0
13.0597066879272,0
12.7898826599121,0
11.7157335281372,0
10.6121015548706,0
9.89788341522217,0
9.17990779876709,0
8.91226577758789,0
11.0458555221558,0
16.1580104827881,0
21.1374340057373,0
22.3335266113281,0
20.6051273345947,0
20.4047813415527,0
23.5057811737061,0
26.565881729126,0
26.131908416748,0
23.3268146514893,0
21.4720458984375,0
21.2720623016357,0
21.1874618530273,0
21.1312808990479,0
22.4065570831299,0
24.3705730438232,0
24.6419372558594,0
23.2176723480225,0
23.0831394195557,0
25.2057590484619,0
25.8189830780029,0
21.1888561248779,0
13.2166357040405,0
7.47271060943604,0
6.51805019378662,0
7.84950351715088,0
8.23893165588379,0
7.43491411209106,0
6.85665130615234,0
6.8022894859314,0
6.5520133972168,0
6.31033086776733,0
7.46952867507935,0
10.6944055557251,0
14.4428730010986,0
15.9748487472534,0
14.0067358016968,0
10.1346206665039,0
7.25263786315918,0
6.72510957717896,0
7.74058485031128,0
9.31372451782227,0
11.7677488327026,0
15.7225532531738,0
20.5920276641846,0
24.9318351745605,0
27.7502460479736,0
28.9420261383057,0
29.1370525360107,0
29.6650314331055,0
31.6956157684326,0
34.5134620666504,0
35.5668563842773,0
33.4067420959473,0
29.7932891845703,0
27.4216613769531,0
26.0971393585205,0
23.0117816925049,0
16.9855518341064,0
10.6793193817139,0
7.64709520339966,0
8.205735206604,0
9.35666847229004,0
8.49429893493652,0
6.24255895614624,0
5.38515138626099,0
7.54424715042114,0
11.4961404800415,0
14.7672176361084,0
16.2568645477295,0
16.6900501251221,0
16.7987079620361,0
16.0468940734863,0
13.509202003479,0
9.32096099853516,0
4.73226928710938,0
1.14699518680573,0
-0.489444941282272,0
0.102538295090199,0
2.23597836494446,0
4.39732789993286,0
5.34656572341919,0
5.09025144577026,0
4.40202617645264,0
3.63188600540161,0
2.66818189620972,0
2.06188464164734,0
3.3090615272522,0
7.40644979476929,0
13.538311958313,0
19.9258613586426,0
25.8820400238037,0
32.2013816833496,0
39.3001480102539,0
45.9848785400391,0
50.976146697998,0
54.9361267089844,0
59.4776878356934,0
64.1507568359375,0
66.0450439453125,0
63.2058601379395,0
57.3098182678223,0
51.9400596618652,0
49.0516204833984,0
48.190860748291,0
48.3185119628906,0
48.7886848449707,0
48.7535629272461,0
47.2172431945801,0
44.1405639648438,0
40.5417747497559,0
37.2029838562012,0
34.0820159912109,0
31.1806507110596,0
29.0458812713623,0
27.9345283508301,0
27.1438732147217,0
25.6720867156982,0
23.1931819915771,0
20.133544921875,0
17.1072158813477,0
14.3763446807861,0
11.5961141586304,0
8.24870109558105,0
4.70940446853638,0
2.45169138908386,0
2.49092960357666,0
4.17422580718994,0
6.58897399902344,0
10.4659576416016,0
16.7751560211182,0
23.6337280273438,0
27.2020130157471,0
26.6687297821045,0
26.1421985626221,0
29.9516353607178,0
37.7188873291016,0
45.7834167480469,0
51.8560562133789,0
56.0320510864258,0
58.4588432312012,0
58.6503486633301,0
56.6562805175781,0
52.733512878418,0
46.4635276794434,0
38.4193572998047,0
31.7438926696777,0
29.0288009643555,0
28.193395614624,0
25.1213111877441,0
20.4598045349121,0
19.5754699707031,0
24.572847366333,0
30.6100063323975,0
32.4858436584473,0
31.1662120819092,0
30.6942157745361,0
31.8484077453613,0
32.7423210144043,0
33.3961410522461,0
35.4025115966797,0
38.2261810302734,0
39.8328056335449,0
40.3918647766113,0
41.6936798095703,0
43.3703536987305,0
43.5120887756348,0
42.958568572998,0
44.9760589599609,0
49.9974365234375,0
54.4180145263672,0
55.8381118774414,0
56.2101135253906,0
58.3399505615234,0
62.294132232666,0
66.8738403320312,0
71.6485137939453,0
75.4792327880859,0
75.8259201049805,0
72.1550827026367,0
67.8938903808594,0
66.303840637207,0
66.2453460693359,0
64.9180450439453,0
63.1350517272949,0
64.2749786376953,0
68.6772766113281,0
72.7830505371094,0
74.177864074707,0
74.1485824584961,0
74.2319030761719,0
73.3133316040039,0
70.1043090820312,0
66.2526550292969,0
64.4651794433594,0
64.638786315918,0
64.3145599365234,0
62.7478675842285,0
62.2918243408203,0
65.0809097290039,0
69.8765182495117,0
73.2856903076172,0
73.37841796875,0
71.1163482666016,0
68.5224685668945,0
66.4432830810547,0
64.3851776123047,0
61.8943252563477,0
59.4138870239258,0
57.7255744934082,0
56.9344177246094,0
56.301944732666,0
55.014591217041,0
52.8671684265137,0
50.1595497131348,0
47.251781463623,0
44.5319023132324,0
42.6404228210449,0
42.2006416320801,0
43.1301574707031,0
44.5787811279297,0
45.8390502929688,0
47.0231857299805,0
48.4454803466797,0
49.586555480957,0
49.2571983337402,0
46.7880744934082,0
42.5716590881348,0
37.5133666992188,0
32.6528739929199,0
29.300708770752,0
28.3962860107422,0
29.1522102355957,0
29.437629699707,0
28.5433349609375,0
28.5799102783203,0
31.5729084014893,0
35.8593635559082,0
37.5069885253906,0
35.3398742675781,0
32.2573738098145,0
30.920747756958,0
30.5749912261963,0
29.6312065124512,0
29.1205024719238,0
31.1597576141357,0
35.474536895752,0
40.1468162536621,0
44.8625984191895,0
50.4732780456543,0
55.7903251647949,0
58.0830039978027,0
57.1203346252441,0
55.6038055419922,0
54.7323379516602,0
52.4401054382324,0
47.5541000366211,0
42.7915191650391,0
41.2881736755371,0
42.2100410461426,0
42.2132873535156,0
39.7025718688965,0
35.3477554321289,0
29.8789291381836,0
24.074857711792,0
19.9789180755615,0
19.233585357666,0
20.3362407684326,0
19.919750213623,0
16.8232517242432,0
12.9154863357544,0
10.0424127578735,0
8.41850280761719,0
8.19315338134766,0
10.1385488510132,0
13.8170547485352,0
16.9502372741699,0
17.8367977142334,0
17.1373558044434,0
16.2548351287842,0
15.1715440750122,0
13.1720886230469,0
10.8520078659058,0
9.88422107696533,0
10.9009475708008,0
12.8095512390137,0
14.5246229171753,0
16.5207710266113,0
19.9636459350586,0
24.598819732666,0
28.3615703582764,0
29.495979309082,0
28.5640411376953,0
27.6750202178955,0
27.9830017089844,0
28.8523197174072,0
29.4640064239502,0
29.9894866943359,0
30.5783309936523,0
30.350887298584,0
28.6264820098877,0
26.6249198913574,0
26.6541633605957,0
29.5053730010986,0
33.4528694152832,0
35.9667854309082,0
35.9244613647461,0
34.1947441101074,0
32.5681953430176,0
32.1297950744629,0
32.3346252441406,0
31.6931324005127,0
29.3924694061279,0
25.7931804656982,0
21.2552967071533,0
15.4343929290771,0
8.39548969268799,0
1.56379425525665,0
-3.42219281196594,0
-6.26654481887817,0
-7.64852333068848,0
-8.1821117401123,0
-8.86038684844971,0
-11.4365978240967,0
-16.44260597229,0
-21.3964023590088,0
-23.1892890930176,0
-22.1790332794189,0
-21.6268882751465,0
-22.8684158325195,0
-23.6596965789795,0
-22.144588470459,0
-19.7015018463135,0
-18.1577033996582,0
-16.6445579528809,0
-13.6691961288452,0
-10.4509344100952,0
-9.22538757324219,0
-9.25082492828369,0
-7.58868074417114,0
-3.59747529029846,0
0.310693114995956,0
2.73066735267639,0
5.2677640914917,0
9.41855430603027,0
13.7319288253784,0
15.7417507171631,0
15.4989910125732,0
15.7483282089233,0
19.0516624450684,0
25.3509063720703,0
31.8204555511475,0
34.9683074951172,0
33.8513870239258,0
31.4324855804443,0
31.6607494354248,0
34.9802742004395,0
37.9269218444824,0
37.2990989685059,0
33.1456031799316,0
27.3428363800049,0
21.3692398071289,0
16.6591548919678,0
15.1754179000854,0
17.5936374664307,0
21.880615234375,0
25.4444122314453,0
28.0730094909668,0
31.2336978912354,0
35.1905097961426,0
38.6993293762207,0
41.3834838867188,0
44.6040115356445,0
49.5299530029297,0
55.4681701660156,0
60.4468994140625,0
62.6993522644043,0
61.5607872009277,0
57.782886505127,0
53.0824317932129,0
48.6579551696777,0
44.111930847168,0
38.4917030334473,0
32.279182434082,0
27.4616069793701,0
25.4190711975098,0
25.3804378509521,0
25.2850589752197,0
23.9257984161377,0
22.1392612457275,0
21.87087059021,0
23.8183288574219,0
26.164722442627,0
26.4761905670166,0
24.9426002502441,0
24.440113067627,0
26.7457695007324,0
30.1601066589355,0
32.1794357299805,0
33.2375106811523,0
35.9306488037109,0
41.3063125610352,0
47.9675750732422,0
54.5060539245605,0
60.7118072509766,0
66.3308639526367,0
70.6977615356445,0
74.0111999511719,0
77.1046142578125,0
79.4060821533203,0
78.9644470214844,0
75.3085861206055,0
70.6184463500977,0
67.1324157714844,0
64.9706573486328,0
63.5418891906738,0
63.3271865844727,0
64.5348052978516,0
65.1921005249023,0
62.6341896057129,0
56.6625099182129,0
49.8703994750977,0
45.0645942687988,0
43.3694000244141,0
44.2889213562012,0
46.2250671386719,0
47.0904655456543,0
45.6519432067871,0
42.3846244812012,0
38.3667793273926,0
33.9130363464355,0
29.3866729736328,0
26.6153793334961,0
27.6255588531494,0
31.9344844818115,0
36.7870101928711,0
40.3048057556152,0
42.6778831481934,0
43.8958625793457,0
42.5363159179688,0
38.1833305358887,0
33.3031349182129,0
30.7783870697021,0
30.5607433319092,0
30.6044883728027,0
30.2847270965576,0
30.6727161407471,0
31.6864795684814,0
31.3549461364746,0
28.4792575836182,0
24.146951675415,0
19.8685703277588,0
15.8978605270386,0
12.2651710510254,0
9.72083568572998,0
8.2648229598999,0
6.17518138885498,0
2.25308060646057,0
-1.90893805027008,0
-3.71904349327087,0
-3.01639008522034,0
-1.80457031726837,0
-0.933478653430939,0
0.761061787605286,0
3.78943777084351,0
6.73214054107666,0
8.59769821166992,0
10.5645380020142,0
13.8601722717285,0
17.2887668609619,0
18.7719440460205,0
18.6201934814453,0
19.2373714447021,0
21.6662788391113,0
24.4218368530273,0
26.2296047210693,0
27.9907817840576,0
30.7948112487793,0
33.4359283447266,0
33.6920967102051,0
31.3836669921875,0
28.3176727294922,0
25.4045562744141,0
21.8505477905273,0
17.7213535308838,0
15.402645111084,0
17.1910076141357,0
22.5779342651367,0
29.2607135772705,0
35.9407577514648,0
42.5313262939453,0
48.1622047424316,0
51.0112915039062,0
50.6281204223633,0
49.0509223937988,0
48.7944793701172,0
50.4007186889648,0
52.4370346069336,0
53.1768112182617,0
51.7043647766113,0
48.0690422058105,0
43.343017578125,0
39.4373588562012,0
37.9663619995117,0
38.7926940917969,0
39.9909248352051,0
39.7145462036133,0
38.0469970703125,0
36.556884765625,0
36.031566619873,0
35.4714889526367,0
33.8787956237793,0
32.2071495056152,0
32.2912139892578,0
34.1108245849609,0
35.5063514709473,0
34.7735824584961,0
32.2461547851562,0
29.0095767974854,0
25.4841709136963,0
21.9615077972412,0
19.2456855773926,0
17.8017520904541,0
17.1472358703613,0
16.752233505249,0
16.5817623138428,0
16.2884483337402,0
15.2357759475708,0
13.9900236129761,0
14.2074728012085,0
16.1035175323486,0
17.6983299255371,0
17.6843204498291,0
17.1837768554688,0
17.270414352417,0
16.8498859405518,0
14.9227142333984,0
12.824236869812,0
11.7370338439941,0
9.98266410827637,0
5.84111928939819,0
1.35482287406921,0
-0.259136229753494,0
0.260069876909256,0
-0.326977014541626,0
-1.85594666004181,0
-0.696322858333588,0
4.12395572662354,0
8.85469341278076,0
10.0125217437744,0
7.92088747024536,0
4.4485650062561,0
0.761279463768005,0
-1.71932363510132,0
-1.78901791572571,0
-1.20193636417389,0
-3.41769051551819,0
-8.32538414001465,0
-12.0187921524048,0
-13.2630958557129,0
-15.6510190963745,0
-20.8728370666504,0
-24.6309261322021,0
-23.1960067749023,0
-19.9624576568604,0
-20.5035839080811,0
-24.100040435791,0
-25.7540378570557,0
-24.7371120452881,0
-25.0612869262695,0
-27.7589778900146,0
-28.5927543640137,0
-24.818395614624,0
-19.5289916992188,0
-17.1331195831299,0
-17.973503112793,0
-19.7277183532715,0
-21.5921306610107,0
-24.6691074371338,0
-29.6750259399414,0
-36.1898002624512,0
-43.347240447998,0
-49.978343963623,0
-54.7569808959961,0
-57.2142066955566,0
-58.2571601867676,0
-59.2418098449707,0
-60.876148223877,0
-62.9001426696777,0
-64.0362930297852,0
-62.4206733703613,0
-57.1728210449219,0
-49.5804748535156,0
-41.7841911315918,0
-34.4545135498047,0
-26.8805179595947,0
-19.052547454834,0
-12.1073007583618,0
-6.65946245193481,0
-2.26935482025146,0
1.19810914993286,0
3.31072521209717,0
4.55847883224487,0
6.29513692855835,0
8.31604671478271,0
8.20488452911377,0
4.50259065628052,0
-0.741149365901947,0
-4.2536301612854,0
-5.62016487121582,0
-7.37491273880005,0
-11.3480033874512,0
-16.6352024078369,0
-21.3770370483398,0
-25.0298538208008,0
-28.2270927429199,0
-31.4614734649658,0
-34.7227363586426,0
-37.8546981811523,0
-40.6186790466309,0
-42.7637939453125,0
-44.4278450012207,0
-46.0184173583984,0
-47.3723754882812,0
-47.6702041625977,0
-46.654483795166,0
-45.1796531677246,0
-43.8211936950684,0
-41.7249641418457,0
-37.9478149414062,0
-33.3365097045898,0
-29.6649990081787,0
-27.255485534668,0
-25.1243457794189,0
-23.3976440429688,0
-23.4385032653809,0
-24.8693008422852,0
-24.6236705780029,0
-20.6055736541748,0
-14.8259534835815,0
-10.972113609314,0
-9.82317638397217,0
-9.1976490020752,0
-7.93530082702637,0
-7.51251935958862,0
-9.31034660339355,0
-12.2913007736206,0
-14.2937145233154,0
-14.2493362426758,0
-12.2794132232666,0
-8.83912467956543,0
-4.85077285766602,0
-1.85597050189972,0
-0.91357684135437,0
-1.61099588871002,0
-2.7416718006134,0
-3.57799816131592,0
-4.10499286651611,0
-4.59092950820923,0
-5.35847043991089,0
-6.3869948387146,0
-6.84166717529297,0
-5.8718113899231,0
-4.34177923202515,0
-4.70622062683105,0
-8.33896350860596,0
-13.8944311141968,0
-19.1883430480957,0
-23.6486434936523,0
-27.6971855163574,0
-30.8109722137451,0
-32.126766204834,0
-32.6166229248047,0
-34.7011070251465,0
-39.3023986816406,0
-44.5768814086914,0
-47.8892440795898,0
-48.0253562927246,0
-45.4009246826172,0
-41.3130302429199,0
-37.2878112792969,0
-34.1825294494629,0
-31.728479385376,0
-29.7524700164795,0
-29.502368927002,0
-32.2911033630371,0
-36.8860702514648,0
-40.0869483947754,0
-40.4279022216797,0
-39.6257019042969,0
-39.6028213500977,0
-39.8093719482422,0
-38.7340316772461,0
-36.5588493347168,0
-34.5816230773926,0
-32.9027481079102,0
-30.5186195373535,0
-27.4199771881104,0
-24.9429111480713,0
-23.8348426818848,0
-23.2291107177734,0
-21.9809722900391,0
-20.1642589569092,0
-18.708080291748,0
-18.0230503082275,0
-17.5037498474121,0
-16.300802230835,0
-14.2779569625854,0
-12.0997257232666,0
-10.47926902771,0
-9.52990055084229,0
-8.86326217651367,0
-8.01345825195312,0
-6.64545249938965,0
-4.86410474777222,0
-3.72774767875671,0
-4.83010196685791,0
-8.48123836517334,0
-12.6002626419067,0
-14.4080276489258,0
-13.1600170135498,0
-10.2687273025513,0
-6.85183763504028,0
-2.5026330947876,0
3.09729695320129,0
8.59353733062744,0
11.91858959198,0
12.2138538360596,0
10.0325393676758,0
6.07018280029297,0
0.479490369558334,0
-6.60710144042969,0
-14.3548183441162,0
-21.1612319946289,0
-25.3628787994385,0
-26.2939739227295,0
-24.754056930542,0
-22.2353324890137,0
-19.6920051574707,0
-17.2095355987549,0
-14.5404872894287,0
-11.4045467376709,0
-7.40110874176025,0
-2.26607942581177,0
3.68557786941528,0
9.71840286254883,0
15.1560173034668,0
19.4245643615723,0
22.1185722351074,0
23.6293201446533,0
25.1084785461426,0
26.8784255981445,0
27.5084667205811,0
25.8405380249023,0
23.4863014221191,0
23.4433479309082,0
26.0338611602783,0
28.0504741668701,0
26.5666465759277,0
21.9390926361084,0
16.214054107666,0
10.307469367981,0
4.16775321960449,0
-1.62446463108063,0
-6.16380739212036,0
-9.4299201965332,0
-11.7844619750977,0
-12.9284515380859,0
-12.6994590759277,0
-12.1113595962524,0
-11.9625282287598,0
-11.0652446746826,0
-7.81201171875,0
-3.20132827758789,0
-0.189421415328979,0
0.0700224786996841,0
-0.803170144557953,0
-1.57928562164307,0
-3.15684771537781,0
-6.01188373565674,0
-8.10353660583496,0
-7.21748495101929,0
-4.00109767913818,0
-0.76082706451416,0
1.6987646818161,0
4.01681852340698,0
5.89918851852417,0
6.23057126998901,0
5.46789979934692,0
5.5427074432373,0
6.77203464508057,0
6.87580299377441,0
4.16761016845703,0
0.300910890102386,0
-1.38440895080566,0
0.618037402629852,0
5.05503845214844,0
9.65418529510498,0
12.7336263656616,0
13.6985635757446,0
13.1243448257446,0
12.3044061660767,0
12.017596244812,0
11.7297382354736,0
10.2825393676758,0
7.11384773254395,0
2.68679809570312,0
-1.70892512798309,0
-4.47132873535156,0
-5.01579856872559,0
-5.11147832870483,0
-7.77398204803467,0
-13.7979307174683,0
-20.1470718383789,0
-22.8357219696045,0
-20.7725219726562,0
-15.8147192001343,0
-10.0789375305176,0
-4.88393354415894,0
-1.62124764919281,0
-1.31660461425781,0
-2.97152996063232,0
-4.25651979446411,0
-4.56100225448608,0
-5.79338359832764,0
-9.39661598205566,0
-14.1287641525269,0
-17.8544273376465,0
-20.0821952819824,0
-21.3228034973145,0
-21.1982078552246,0
-19.0964660644531,0
-16.0565071105957,0
-13.945029258728,0
-12.722318649292,0
-10.3945121765137,0
-6.26655197143555,0
-2.76004219055176,0
-3.03200244903564,0
-7.65105485916138,0
-14.4779787063599,0
-21.1779670715332,0
-26.9259853363037,0
-31.9792404174805,0
-36.589183807373,0
-40.6544723510742,0
-44.0088348388672,0
-46.6261138916016,0
-48.404182434082,0
-48.8416175842285,0
-47.2863349914551,0
-43.8049926757812,0
-39.5446662902832,0
-35.7460403442383,0
-32.551887512207,0
-29.3702449798584,0
-26.255443572998,0
-24.0216026306152,0
-22.770923614502,0
-21.2409057617188,0
-18.2464160919189,0
-14.1734828948975,0
-10.3667278289795,0
-7.46409034729004,0
-5.05617141723633,0
-2.70683121681213,0
-0.51544976234436,0
1.27805638313293,0
2.47456169128418,0
2.54217529296875,0
0.799537599086761,0
-2.51383590698242,0
-5.76928663253784,0
-7.22878789901733,0
-6.78482961654663,0
-5.8322491645813,0
-5.18805265426636,0
-3.77923822402954,0
-0.126301646232605,0
5.15337657928467,0
9.37042808532715,0
10.6425323486328,0
9.93847465515137,0
9.66093921661377,0
10.8685245513916,0
12.7299070358276,0
14.2509412765503,0
15.4652423858643,0
16.9109954833984,0
18.777904510498,0
20.7383785247803,0
22.0515937805176,0
21.7944107055664,0
19.5482215881348,0
15.9374933242798,0
12.1426305770874,0
9.05154228210449,0
7.20353412628174,0
6.94238185882568,0
7.80201578140259,0
8.34978485107422,0
7.9218635559082,0
8.19947624206543,0
11.4897689819336,0
17.3177471160889,0
22.3688049316406,0
24.3776454925537,0
24.4949340820312,0
24.7895183563232,0
24.8253765106201,0
22.3608551025391,0
16.7796859741211,0
10.1020650863647,0
4.49976348876953,0
0.148587137460709,0
-4.01392221450806,0
-8.44525814056396,0
-12.7194509506226,0
-16.520133972168,0
-19.8770160675049,0
-22.3166484832764,0
-22.7302799224854,0
-20.8917655944824,0
-18.70192527771,0
-18.7840995788574,0
-21.5601119995117,0
-24.7440414428711,0
-26.4133739471436,0
-27.6063594818115,0
-30.6807098388672,0
-35.7981910705566,0
-40.7300109863281,0
-44.0242919921875,0
-46.416259765625,0
-48.5125694274902,0
-49.0923500061035,0
-47.2866630554199,0
-45.0582733154297,0
-45.3523254394531,0
-48.2616920471191,0
-51.1631278991699,0
-52.6530342102051,0
-53.97998046875,0
-55.8095741271973,0
-56.0642242431641,0
-53.0323371887207,0
-48.9639549255371,0
-47.7669334411621,0
-49.5869750976562,0
-50.5121040344238,0
-48.1270179748535,0
-44.6833343505859,0
-43.4010047912598,0
-43.8288993835449,0
-42.9653434753418,0
-39.6311874389648,0
-35.4638557434082,0
-32.2362060546875,0
-30.430721282959,0
-30.3628215789795,0
-32.541690826416,0
-36.3293151855469,0
-39.8311614990234,0
-41.8326950073242,0
-42.6591567993164,0
-42.5238990783691,0
-40.2736892700195,0
-34.8027000427246,0
-27.0272731781006,0
-19.4906330108643,0
-14.2140674591064,0
-11.4847812652588,0
-10.5213994979858,0
-10.7582998275757,0
-12.3384714126587,0
-15.4880714416504,0
-19.6208000183105,0
-23.4884185791016,0
-26.4550437927246,0
-29.1090183258057,0
-32.043815612793,0
-34.5382919311523,0
-35.4223899841309,0
-35.0796012878418,0
-35.4286079406738,0
-37.5640106201172,0
-40.3187866210938,0
-41.7974624633789,0
-41.7783432006836,0
-41.7968368530273,0
-42.8904685974121,0
-43.9655380249023,0
-42.9101219177246,0
-39.0887794494629,0
-33.9906005859375,0
-29.2378463745117,0
-24.9908905029297,0
-21.1931037902832,0
-19.2693195343018,0
-20.6094741821289,0
-23.6094017028809,0
-24.5270709991455,0
-21.9435214996338,0
-18.4022388458252,0
-16.740047454834,0
-16.7788944244385,0
-16.8002986907959,0
-16.1485595703125,0
-14.6879968643188,0
-11.7690181732178,0
-8.02149868011475,0
-6.47797298431396,0
-9.29083156585693,0
-14.5685043334961,0
-19.0782299041748,0
-22.8573207855225,0
-28.0999393463135,0
-34.3962783813477,0
-38.6333160400391,0
-39.5038299560547,0
-38.6578788757324,0
-37.0474891662598,0
-33.6321754455566,0
-28.6829681396484,0
-25.0057201385498,0
-24.1085186004639,0
-23.7909984588623,0
-21.5421886444092,0
-18.2715549468994,0
-16.5941066741943,0
-17.0108547210693,0
-17.9660549163818,0
-18.7229614257812,0
-20.1486186981201,0
-22.9259567260742,0
-26.3758525848389,0
-28.9682598114014,0
-29.3251457214355,0
-27.2221527099609,0
-24.1908187866211,0
-22.4216766357422,0
-22.4400405883789,0
-22.6137428283691,0
-21.4910564422607,0
-19.5775547027588,0
-17.9777584075928,0
-16.4022979736328,0
-13.8576936721802,0
-10.6730489730835,0
-8.43571186065674,0
-8.05481052398682,0
-8.98502159118652,0
-10.3360080718994,0
-11.7659921646118,0
-13.1544704437256,0
-14.2466335296631,0
-14.9348583221436,0
-15.3442087173462,0
-15.458137512207,0
-15.2206439971924,0
-15.1869678497314,0
-16.3305416107178,0
-18.6485595703125,0
-20.5464096069336,0
-20.5024280548096,0
-19.1871814727783,0
-19.039529800415,0
-21.6233425140381,0
-26.2032642364502,0
-31.0933780670166,0
-35.4058227539062,0
-38.973316192627,0
-41.6238899230957,0
-43.5494956970215,0
-45.6901397705078,0
-48.5752868652344,0
-51.0556678771973,0
-51.1031837463379,0
-47.6701126098633,0
-41.2096328735352,0
-33.0869750976562,0
-25.3377666473389,0
-20.0208034515381,0
-17.3285865783691,0
-14.9438753128052,0
-10.7732648849487,0
-5.76295280456543,0
-2.42114782333374,0
-1.24732708930969,0
-0.678707599639893,0
-0.151639893651009,0
-0.87776392698288,0
-3.56550765037537,0
-7.60299921035767,0
-12.5867404937744,0
-18.3293437957764,0
-23.2173385620117,0
-25.2432441711426,0
-25.2342281341553,0
-26.3519554138184,0
-29.5237503051758,0
-32.0833740234375,0
-32.0316963195801,0
-30.7733287811279,0
-30.0836277008057,0
-29.2298183441162,0
-27.1971549987793,0
-25.2136840820312,0
-24.6677570343018,0
-24.7653484344482,0
-24.7160053253174,0
-25.9362525939941,0
-29.1852931976318,0
-31.7442436218262,0
-31.0222988128662,0
-29.2221279144287,0
-30.269157409668,0
-33.0853500366211,0
-32.4710083007812,0
-26.8077926635742,0
-20.5063171386719,0
-17.7189102172852,0
-17.4990367889404,0
-16.9328212738037,0
-15.7389507293701,0
-15.4232416152954,0
-16.3027858734131,0
-17.7691249847412,0
-19.8299713134766,0
-22.3660449981689,0
-24.3526172637939,0
-25.6646270751953,0
-28.0813083648682,0
-32.4740524291992,0
-36.5956382751465,0
-38.1803169250488,0
-38.9424858093262,0
-42.4013252258301,0
-48.2602081298828,0
-52.2828674316406,0
-52.1862640380859,0
-50.5671768188477,0
-50.8615188598633,0
-53.2225036621094,0
-56.1820487976074,0
-59.836254119873,0
-64.6080169677734,0
-68.4480285644531,0
-68.6111373901367,0
-65.9917144775391,0
-64.6909637451172,0
-66.6809692382812,0
-69.4554138183594,0
-70.0644454956055,0
-69.214469909668,0
-69.6786117553711,0
-72.3434295654297,0
-75.8579940795898,0
-79.0758666992188,0
-81.6202163696289,0
-82.5230331420898,0
-80.544548034668,0
-76.1116638183594,0
-71.3144989013672,0
-67.6787338256836,0
-65.2358016967773,0
-63.8291015625,0
-63.7686882019043,0
-64.8633041381836,0
-66.2514495849609,0
-67.598747253418,0
-69.1600112915039,0
-70.5065078735352,0
-70.8964080810547,0
-71.1791305541992,0
-73.1100921630859,0
-75.9044570922852,0
-75.949333190918,0
-71.7255630493164,0
-66.8379440307617,0
-65.6123123168945,0
-67.2225036621094,0
-67.182861328125,0
-63.8381462097168,0
-60.039379119873,0
-58.2320938110352,0
-57.1321907043457,0
-54.4722366333008,0
-50.5078048706055,0
-47.0574073791504,0
-44.7256050109863,0
-42.8391571044922,0
-41.140193939209,0
-39.9964599609375,0
-39.4648895263672,0
-39.2995223999023,0
-39.4827842712402,0
-39.882942199707,0
-39.8139724731445,0
-38.6538581848145,0
-36.4443855285645,0
-33.3276557922363,0
-29.0969276428223,0
-24.0548973083496,0
-19.5969505310059,0
-16.921760559082,0
-15.5526647567749,0
-14.0402660369873,0
-11.8190135955811,0
-9.49770164489746,0
-7.57376861572266,0
-5.83571147918701,0
-4.10888957977295,0
-2.87313532829285,0
-2.96135568618774,0
-5.00451135635376,0
-9.05698299407959,0
-14.2791681289673,0
-19.0496635437012,0
-21.9230728149414,0
-22.6638298034668,0
-22.1506061553955,0
-21.2604694366455,0
-20.0261058807373,0
-17.9246559143066,0
-14.895188331604,0
-11.8256568908691,0
-9.57811641693115,0
-7.47736024856567,0
-3.68893074989319,0
2.10631442070007,0
7.29783535003662,0
9.11357116699219,0
8.40292549133301,0
8.82383632659912,0
12.2196931838989,0
16.8671989440918,0
20.7882499694824,0
24.4056625366211,0
28.5550327301025,0
32.0099906921387,0
33.097469329834,0
32.3903617858887,0
31.6256427764893,0
30.8791198730469,0
28.9065208435059,0
25.5702743530273,0
21.8480587005615,0
18.028980255127,0
14.0346765518188,0
10.9627847671509,0
9.87562084197998,0
9.35888576507568,0
6.97472906112671,0
3.19969296455383,0
0.988066256046295,0
0.919024646282196,0
0.0915797650814056,0
-2.70902132987976,0
-4.08038568496704,0
-0.981351315975189,0
3.84572744369507,0
5.10652303695679,0
2.56059145927429,0
1.64056396484375,0
6.22852754592896,0
14.1475267410278,0
21.0627708435059,0
26.0864543914795,0
31.2918586730957,0
37.3185501098633,0
42.2249488830566,0
44.6958847045898,0
46.2804107666016,0
49.4781951904297,0
54.5641937255859,0
59.2317504882812,0
60.9930191040039,0
59.1128387451172,0
54.2487487792969,0
47.1961898803711,0
38.7840919494629,0
30.5948791503906,0
24.5667514801025,0
21.2981281280518,0
19.3466663360596,0
16.7573528289795,0
12.7383031845093,0
7.29531145095825,0
0.194818511605263,0
-8.33474445343018,0
-16.4633140563965,0
-22.2277145385742,0
-26.2368431091309,0
-30.9518718719482,0
-36.7841491699219,0
-41.14404296875,0
-42.5226860046387,0
-43.1064758300781,0
-45.1733131408691,0
-47.0205039978027,0
-45.7080345153809,0
-42.6111373901367,0
-42.3542633056641,0
-46.2856101989746,0
-50.9848976135254,0
-54.1560173034668,0
-58.019962310791,0
-64.8387680053711,0
-72.6736907958984,0
-78.6684265136719,0
-83.7964859008789,0
-90.6409301757812,0
-98.2387313842773,0
-103.073570251465,0
-104.305084228516,0
-104.159965515137,0
-103.490020751953,0
-100.958053588867,0
-97.0523147583008,0
-94.899299621582,0
-95.6669616699219,0
-96.5206604003906,0
-94.9398803710938,0
-92.0797424316406,0
-89.6951141357422,0
-86.5271530151367,0
-80.7412261962891,0
-74.1226425170898,0
-70.561279296875,0
-70.9607467651367,0
-72.2877578735352,0
-71.5051727294922,0
-68.3504943847656,0
-64.3622207641602,0
-61.1479110717773,0
-59.7704734802246,0
-60.1297340393066,0
-60.4802169799805,0
-58.6677627563477,0
-54.1513748168945,0
-48.1451225280762,0
-42.0259323120117,0
-36.5691833496094,0
-32.5635719299316,0
-31.0787754058838,0
-32.8378944396973,0
-37.6570320129395,0
-44.2287788391113,0
-50.244514465332,0
-53.6665573120117,0
-54.6902465820312,0
-55.6998252868652,0
-58.4886093139648,0
-62.4167900085449,0
-66.2060165405273,0
-70.2978973388672,0
-75.8215942382812,0
-82.0418395996094,0
-86.7162704467773,0
-88.8217620849609,0
-89.4169006347656,0
-89.8680114746094,0
-90.5431365966797,0
-91.2455444335938,0
-91.7564849853516,0
-91.8897018432617,0
-91.9082183837891,0
-92.7516174316406,0
-95.020751953125,0
-98.0703048706055,0
-101.03246307373,0
-104.333457946777,0
-109.099029541016,0
-115.280776977539,0
-121.379402160645,0
-125.929138183594,0
-128.554916381836,0
-129.849014282227,0
-130.762313842773,0
-131.583602905273,0
-131.060256958008,0
-127.497932434082,0
-121.400375366211,0
-115.732803344727,0
-112.515594482422,0
-110.509666442871,0
-107.550003051758,0
-103.564018249512,0
-99.4804534912109,0
-94.8389892578125,0
-89.0736770629883,0
-83.9556198120117,0
-81.6932525634766,0
-81.1200180053711,0
-78.8438491821289,0
-74.0919570922852,0
-69.3595123291016,0
-66.1219787597656,0
-63.246753692627,0
-60.3552627563477,0
-59.2975845336914,0
-60.8147811889648,0
-62.866626739502,0
-64.1708068847656,0
-66.4726486206055,0
-70.9668121337891,0
-75.3134994506836,0
-77.3182907104492,0
-79.1473007202148,0
-83.8991088867188,0
-89.5051422119141,0
-90.7265243530273,0
-87.175048828125,0
-84.6680374145508,0
-87.1320877075195,0
-91.1528549194336,0
-91.2159576416016,0
-87.4356002807617,0
-84.6093368530273,0
-85.0617370605469,0
-86.0587310791016,0
-84.3908996582031,0
-80.5372543334961,0
-77.2643508911133,0
-76.1954040527344,0
-77.18505859375,0
-79.6943283081055,0
-83.0497817993164,0
-85.8782958984375,0
-86.9448547363281,0
-86.7641448974609,0
-87.1813812255859,0
-88.8917694091797,0
-90.3372497558594,0
-89.740592956543,0
-87.4210891723633,0
-85.119140625,0
-83.6277313232422,0
-82.4517822265625,0
-81.6729965209961,0
-82.5371322631836,0
-85.6021728515625,0
-89.6582260131836,0
-93.4722137451172,0
-97.5121078491211,0
-102.656890869141,0
-108.061462402344,0
-111.985656738281,0
-114.386779785156,0
-116.858741760254,0
-119.841575622559,0
-121.750244140625,0
-121.586418151855,0
-120.669914245605,0
-120.43482208252,0
-119.874229431152,0
-117.122520446777,0
-112.97159576416,0
-110.583061218262,0
-111.29891204834,0
-112.645118713379,0
-111.609970092773,0
-108.515930175781,0
-106.044609069824,0
-105.209861755371,0
-104.274154663086,0
-101.74853515625,0
-98.5436935424805,0
-96.2116622924805,0
-94.4953536987305,0
-92.0364227294922,0
-88.6017608642578,0
-84.9062042236328,0
-80.6059112548828,0
-74.430290222168,0
-66.7946472167969,0
-60.634033203125,0
-58.4892234802246,0
-59.6053428649902,0
-60.9351081848145,0
-60.4728813171387,0
-58.6669082641602,0
-56.9539070129395,0
-55.9858016967773,0
-55.4004592895508,0
-54.6020774841309,0
-53.4610023498535,0
-52.4839324951172,0
-52.3452339172363,0
-53.1403007507324,0
-54.2294540405273,0
-54.8500938415527,0
-54.5388603210449,0
-52.9300956726074,0
-49.8375053405762,0
-45.9496994018555,0
-42.822021484375,0
-41.5146369934082,0
-41.5495414733887,0
-41.6898155212402,0
-41.357234954834,0
-40.803638458252,0
-40.3737182617188,0
-40.1989517211914,0
-40.144401550293,0
-39.40478515625,0
-36.689567565918,0
-31.6564617156982,0
-25.7721252441406,0
-20.9336566925049,0
-17.6602516174316,0
-15.4834985733032,0
-14.4698047637939,0
-15.0700721740723,0
-16.899694442749,0
-19.1802234649658,0
-22.1776237487793,0
-26.4870929718018,0
-30.8490791320801,0
-32.7390518188477,0
-31.9236965179443,0
-31.6373596191406,0
-34.9450263977051,0
-41.2416458129883,0
-47.704402923584,0
-53.0634078979492,0
-58.255199432373,0
-64.0645446777344,0
-70.0108337402344,0
-75.5155334472656,0
-80.522575378418,0
-84.6307373046875,0
-87.0049667358398,0
-87.8183746337891,0
-88.7844924926758,0
-91.4070053100586,0
-95.1946258544922,0
-98.3015441894531,0
-99.6555099487305,0
-99.8223571777344,0
-99.813720703125,0
-99.6039505004883,0
-98.14794921875,0
-94.719612121582,0
-89.8987121582031,0
-85.0663757324219,0
-81.1413955688477,0
-78.1688461303711,0
-76.0083618164062,0
-74.7574996948242,0
-74.2708282470703,0
-73.9502792358398,0
-73.5477294921875,0
-73.6423110961914,0
-74.7048645019531,0
-76.2380523681641,0
-77.644157409668,0
-79.3522796630859,0
-81.8737640380859,0
-84.0504302978516,0
-83.7011108398438,0
-80.1343383789062,0
-74.6855621337891,0
-68.6290817260742,0
-62.1936378479004,0
-56.1376419067383,0
-52.4249610900879,0
-52.1040344238281,0
-53.9143943786621,0
-56.2395133972168,0
-58.9596557617188,0
-61.8040771484375,0
-62.5538101196289,0
-59.5089721679688,0
-54.9531288146973,0
-53.1952857971191,0
-54.8656806945801,0
-55.7085227966309,0
-51.9376220703125,0
-44.7804107666016,0
-38.5451240539551,0
-35.7033576965332,0
-35.1796913146973,0
-34.4978942871094,0
-32.3050422668457,0
-29.040620803833,0
-25.8112449645996,0
-22.6488571166992,0
-18.144567489624,0
-11.3718919754028,0
-3.64570641517639,0
2.7863597869873,0
7.37006235122681,0
11.0351829528809,0
13.747257232666,0
14.4064273834229,0
13.3845767974854,0
12.8476305007935,0
13.7547922134399,0
14.6688251495361,0
14.5914258956909,0
14.8034753799438,0
16.4109172821045,0
18.1732559204102,0
18.803804397583,0
19.6483173370361,0
22.5534229278564,0
26.2709465026855,0
27.7702217102051,0
26.643367767334,0
25.5167598724365,0
26.0652351379395,0
27.1802310943604,0
27.5309085845947,0
27.4107818603516,0
26.9550170898438,0
24.7530689239502,0
20.047399520874,0
14.9448070526123,0
12.4711723327637,0
12.955641746521,0
13.9709243774414,0
13.6376523971558,0
12.4622259140015,0
11.7763967514038,0
11.808422088623,0
11.932728767395,0
11.7785682678223,0
11.2261695861816,0
9.97152137756348,0
8.04259204864502,0
6.40546226501465,0
6.1276068687439,0
7.05132102966309,0
8.16907501220703,0
9.27774333953857,0
11.2550048828125,0
14.4739904403687,0
17.9560317993164,0
20.5612812042236,0
22.1084651947021,0
22.7896995544434,0
22.4970741271973,0
21.468864440918,0
20.4587364196777,0
19.1351566314697,0
15.4701871871948,0
8.41876125335693,0
0.41419991850853,0
-4.86230564117432,0
-6.91660499572754,0
-8.55968952178955,0
-11.6443328857422,0
-15.0167846679688,0
-17.1024475097656,0
-17.9774208068848,0
-17.78147315979,0
-15.4992179870605,0
-11.0750818252563,0
-6.79299879074097,0
-4.52390623092651,0
-3.17311215400696,0
-0.971266984939575,0
1.25320875644684,0
1.67975091934204,0
1.10243213176727,0
1.76651990413666,0
3.16568326950073,0
2.47890257835388,0
-0.43777722120285,0
-1.87271904945374,0
0.69039660692215,0
5.19721603393555,0
8.42696475982666,0
10.3713397979736,0
12.9709939956665,0
16.1791687011719,0
17.8901767730713,0
17.2464351654053,0
15.9642610549927,0
16.3694744110107,0
19.4377403259277,0
24.6776218414307,0
30.7941074371338,0
36.3007354736328,0
40.1083946228027,0
41.7443542480469,0
41.2731285095215,0
39.6677894592285,0
38.9112091064453,0
40.239860534668,0
42.1416397094727,0
41.869800567627,0
39.388355255127,0
37.671314239502,0
38.1851272583008,0
38.5937538146973,0
36.6400260925293,0
33.710147857666,0
31.880485534668,0
29.6472072601318,0
24.1866054534912,0
16.554479598999,0
10.6168231964111,0
7.11865472793579,0
2.87433099746704,0
-3.53381443023682,0
-9.08878231048584,0
-10.8020858764648,0
-9.57385730743408,0
-7.72297096252441,0
-5.50678682327271,0
-2.46368408203125,0
0.0263057239353657,0
0.31543841958046,0
-0.616215527057648,0
-0.332199215888977,0
1.61567032337189,0
3.36964273452759,0
3.37417602539062,0
1.6339830160141,0
-1.11355316638947,0
-3.92577743530273,0
-5.81050491333008,0
-6.75674772262573,0
-8.13962078094482,0
-10.8892345428467,0
-14.0330085754395,0
-16.4152812957764,0
-18.7558536529541,0
-21.9968528747559,0
-24.5280437469482,0
-23.7333755493164,0
-20.1471881866455,0
-17.2701511383057,0
-16.6366596221924,0
-15.6460523605347,0
-11.5275564193726,0
-5.30505084991455,0
-0.149839133024216,0
2.64102625846863,0
4.20435285568237,0
5.68021535873413,0
7.02860021591187,0
7.84165334701538,0
7.93841361999512,0
7.39100313186646,0
6.95816946029663,0
8.08038806915283,0
11.4767608642578,0
16.1819152832031,0
20.8338012695312,0
25.2094554901123,0
29.3480205535889,0
31.9623107910156,0
31.5044746398926,0
28.7193546295166,0
26.499116897583,0
26.8286991119385,0
29.0185070037842,0
31.1693058013916,0
32.2243881225586,0
32.2994842529297,0
32.1455612182617,0
32.7201652526855,0
34.294994354248,0
35.6171493530273,0
35.0218963623047,0
32.85693359375,0
31.6951465606689,0
33.4473419189453,0
37.2756576538086,0
41.1871566772461,0
44.6257781982422,0
48.1669387817383,0
51.273078918457,0
51.9754829406738,0
49.0203971862793,0
43.2460784912109,0
36.4335327148438,0
29.5970211029053,0
22.8936424255371,0
16.467945098877,0
10.4267234802246,0
4.17593050003052,0
-3.07616949081421,0
-10.5978031158447,0
-15.7833490371704,0
-16.6988754272461,0
-14.7396726608276,0
-13.3850936889648,0
-14.0077533721924,0
-14.3424196243286,0
-11.9253940582275,0
-7.60268926620483,0
-4.08942127227783,0
-2.11440920829773,0
-0.124838352203369,0
2.51957821846008,0
4.44509267807007,0
4.94995355606079,0
5.77329587936401,0
8.95828723907471,0
14.2620735168457,0
19.904317855835,0
24.8533477783203,0
29.0427188873291,0
32.0865020751953,0
33.3446235656738,0
33.1422119140625,0
32.6521186828613,0
32.371826171875,0
31.6174602508545,0
29.7097587585449,0
26.8381195068359,0
23.474853515625,0
19.7659244537354,0
16.0733909606934,0
13.3941287994385,0
12.1514911651611,0
10.7061672210693,0
6.42533349990845,0
-0.898671209812164,0
-7.52569627761841,0
-9.10529804229736,0
-5.53458833694458,0
-1.02791750431061,0
1.22059345245361,0
2.93842339515686,0
7.96852254867554,0
16.6592769622803,0
25.1906871795654,0
30.4449348449707,0
33.405086517334,0
36.8714714050293,0
41.6060485839844,0
46.3488616943359,0
50.5842056274414,0
55.2545509338379,0
60.7881164550781,0
66.2217330932617,0
70.8905410766602,0
75.5327911376953,0
80.5609130859375,0
84.2189331054688,0
84.1471328735352,0
80.6915969848633,0
76.9898376464844,0
75.1035079956055,0
73.4746704101562,0
69.4944915771484,0
63.5574073791504,0
58.6586074829102,0
56.2543830871582,0
54.7038536071777,0
52.3620567321777,0
50.0265502929688,0
48.8482208251953,0
47.6199760437012,0
44.4762535095215,0
40.440803527832,0
38.710636138916,0
40.3085975646973,0
42.7514762878418,0
43.6906929016113,0
43.7962875366211,0
44.8320426940918,0
46.5915946960449,0
47.4826354980469,0
47.1462516784668,0
46.6371040344238,0
46.3194961547852,0
45.2527961730957,0
42.8606300354004,0
39.9073143005371,0
37.3475151062012,0
35.1286315917969,0
32.6968078613281,0
30.0748310089111,0
27.8495616912842,0
26.4292335510254,0
25.8606128692627,0
26.2898254394531,0
28.1472625732422,0
31.6776256561279,0
36.3585586547852,0
40.8492431640625,0
43.5980834960938,0
43.7691841125488,0
41.9277305603027,0
39.9567108154297,0
40.0543403625488,0
43.347225189209,0
49.166561126709,0
55.6583709716797,0
61.1629180908203,0
64.9997940063477,0
67.0815582275391,0
67.2633056640625,0
65.4921646118164,0
62.4513282775879,0
59.5363883972168,0
57.8787574768066,0
57.4273490905762,0
57.1002235412598,0
55.8864936828613,0
53.8380737304688,0
51.9511795043945,0
50.9636039733887,0
50.298454284668,0
48.4114151000977,0
44.2440452575684,0
38.1447334289551,0
31.3820705413818,0
25.164026260376,0
20.2630748748779,0
16.9956855773926,0
14.9710273742676,0
13.1513986587524,0
10.8480014801025,0
8.61130619049072,0
7.48435497283936,0
7.303635597229,0
6.47105550765991,0
3.77778172492981,0
-0.137443423271179,0
-3.6584677696228,0
-5.99228811264038,0
-7.34831094741821,0
-7.67349767684937,0
-6.28174209594727,0
-2.93490982055664,0
1.58390092849731,0
6.29817199707031,0
10.5808935165405,0
13.5197896957397,0
14.0281887054443,0
12.7066917419434,0
12.5218935012817,0
15.8769540786743,0
21.504638671875,0
26.2445945739746,0
29.7255764007568,0
34.7535667419434,0
42.3613815307617,0
49.2424049377441,0
52.1091041564941,0
52.5298042297363,0
54.6335601806641,0
59.1082382202148,0
62.6333351135254,0
63.2667922973633,0
63.3583450317383,0
66.0616149902344,0
71.2395782470703,0
76.2910385131836,0
79.4402694702148,0
80.7234039306641,0
80.9360122680664,0
81.1744079589844,0
82.6036911010742,0
85.1437835693359,0
86.8670959472656,0
86.0725555419922,0
83.5247268676758,0
81.1574401855469,0
78.8842620849609,0
74.5687942504883,0
67.4536056518555,0
59.702033996582,0
53.5130004882812,0
48.3031387329102,0
42.3630638122559,0
36.1830444335938,0
31.9642028808594,0
30.1553764343262,0
28.8985958099365,0
27.528003692627,0
28.2810935974121,0
32.8810005187988,0
39.0743293762207,0
42.809196472168,0
43.0649528503418,0
42.2187271118164,0
41.9178924560547,0
41.1759910583496,0
39.1356735229492,0
37.271900177002,0
37.3553657531738,0
38.8301658630371,0
39.7768669128418,0
39.3146133422852,0
37.5449867248535,0
34.2330131530762,0
29.4680633544922,0
25.0703620910645,0
23.348014831543,0
24.3796844482422,0
26.0658378601074,0
26.9526977539062,0
27.5162487030029,0
28.5098304748535,0
29.7080707550049,0
30.8465919494629,0
32.244815826416,0
33.5745239257812,0
33.3636093139648,0
30.97678565979,0
28.0591411590576,0
26.5279064178467,0
25.8334865570068,0
23.9700775146484,0
21.0110759735107,0
19.7047920227051,0
21.9580764770508,0
26.3193798065186,0
30.0455665588379,0
32.5003242492676,0
35.0553359985352,0
38.2861328125,0
40.9828414916992,0
42.0093078613281,0
41.5731315612793,0
40.0294456481934,0
36.7368698120117,0
31.297664642334,0
25.2466926574707,0
21.0548095703125,0
19.307897567749,0
18.0001411437988,0
15.2275171279907,0
11.8221054077148,0
10.3324518203735,0
11.5840120315552,0
13.4002685546875,0
13.2976922988892,0
11.602650642395,0
10.8025941848755,0
12.1488189697266,0
14.3036985397339,0
15.6328563690186,0
16.3675594329834,0
17.5394992828369,0
19.0048961639404,0
20.0590229034424,0
21.2877731323242,0
23.9576454162598,0
27.6713390350342,0
30.5105075836182,0
31.9917221069336,0
34.226245880127,0
39.2125053405762,0
46.1808242797852,0
52.6296806335449,0
57.0623512268066,0
59.693660736084,0
61.2843055725098,0
62.4774017333984,0
63.8147583007812,0
65.314323425293,0
66.3251037597656,0
66.7135162353516,0
67.7471694946289,0
70.6095962524414,0
74.2710952758789,0
76.2745513916016,0
75.9647979736328,0
75.7060623168945,0
78.2088928222656,0
83.560302734375,0
89.7382049560547,0
95.3133850097656,0
100.414657592773,0
105.249252319336,0
109.111778259277,0
111.521903991699,0
113.427238464355,0
116.199493408203,0
119.64608001709,0
121.963104248047,0
121.817008972168,0
119.715354919434,0
117.014602661133,0
114.343101501465,0
111.698905944824,0
109.599571228027,0
109.041458129883,0
110.009269714355,0
110.697761535645,0
108.916061401367,0
104.315895080566,0
98.8060073852539,0
94.4765014648438,0
91.4401550292969,0
88.3802947998047,0
85.1223449707031,0
83.3859558105469,0
84.1156158447266,0
85.206901550293,0
83.6967620849609,0
79.876708984375,0
77.1590347290039,0
77.5844497680664,0
79.7248382568359,0
81.9531555175781,0
85.2631225585938,0
90.7192840576172,0
96.0639801025391,0
97.9053421020508,0
96.5259399414062,0
95.5038986206055,0
96.5873870849609,0
97.8412170410156,0
97.3584060668945,0
95.9092559814453,0
94.7517318725586,0
93.4895782470703,0
91.8710479736328,0
91.3859252929688,0
92.7099075317383,0
93.3330154418945,0
90.5956192016602,0
86.1328048706055,0
84.2520523071289,0
85.9468841552734,0
87.3823165893555,0
85.0044021606445,0
79.6898193359375,0
74.6459121704102,0
71.2605133056641,0
68.6788330078125,0
65.9861068725586,0
62.8791542053223,0
59.032039642334,0
54.7239608764648,0
51.7369270324707,0
51.7752304077148,0
53.922477722168,0
55.3638877868652,0
54.9862251281738,0
54.6191787719727,0
56.026065826416,0
58.320384979248,0
59.615104675293,0
59.8125495910645,0
59.888801574707,0
59.2644462585449,0
56.2533416748047,0
51.267822265625,0
47.3639221191406,0
46.6776351928711,0
48.0199241638184,0
49.2084426879883,0
50.2905082702637,0
52.7638053894043,0
56.6389045715332,0
60.3929023742676,0
63.6115341186523,0
67.6261672973633,0
73.0402603149414,0
78.2318115234375,0
81.1704025268555,0
81.6981201171875,0
81.2903137207031,0
81.4259567260742,0
82.8606109619141,0
85.5807647705078,0
88.4964904785156,0
89.7979965209961,0
88.7016906738281,0
86.6016998291016,0
85.5493087768555,0
85.6809234619141,0
85.0742797851562,0
82.2910995483398,0
78.1716232299805,0
74.5883865356445,0
72.0289077758789,0
69.2864532470703,0
65.5749282836914,0
62.1416358947754,0
61.0908393859863,0
62.8278503417969,0
65.4961242675781,0
67.199333190918,0
67.9591445922852,0
68.7433853149414,0
69.2184829711914,0
67.7946929931641,0
64.0119552612305,0
59.6723136901855,0
56.9661102294922,0
56.2441520690918,0
56.3477478027344,0
56.5485382080078,0
57.2516326904297,0
58.9669189453125,0
61.4788208007812,0
64.3508987426758,0
67.7989654541016,0
72.5539169311523,0
78.660270690918,0
84.5364074707031,0
87.7234191894531,0
87.0759048461914,0
84.0692367553711,0
81.3636245727539,0
80.1176300048828,0
79.4130096435547,0
78.3478240966797,0
77.6471099853516,0
78.607666015625,0
81.2606353759766,0
84.4599456787109,0
87.3450469970703,0
89.8479995727539,0
92.0172805786133,0
93.772216796875,0
95.3787384033203,0
97.3755874633789,0
99.740119934082,0
101.638534545898,0
102.324920654297,0
101.989028930664,0
101.425018310547,0
101.031845092773,0
100.490776062012,0
99.5395202636719,0
98.7405776977539,0
98.8831329345703,0
99.4609756469727,0
98.5850372314453,0
95.3890380859375,0
92.0960006713867,0
92.2079010009766,0
96.3557434082031,0
101.453269958496,0
104.777076721191,0
107.335952758789,0
111.579978942871,0
116.917495727539,0
119.981201171875,0
119.438438415527,0
118.145317077637,0
119.330299377441,0
122.317169189453,0
123.818862915039,0
122.657257080078,0
121.162879943848,0
121.682518005371,0
123.454109191895,0
124.031127929688,0
122.796653747559,0
121.553718566895,0
121.738807678223,0
122.493034362793,0
122.169891357422,0
120.791625976562,0
119.94947052002,0
120.653671264648,0
122.285980224609,0
123.534408569336,0
123.37035369873,0
121.154251098633,0
117.00276184082,0
112.404777526855,0
109.279014587402,0
107.714111328125,0
105.630439758301,0
101.490371704102,0
96.3341827392578,0
92.0550003051758,0
88.7148666381836,0
85.2513198852539,0
82.1749420166016,0
81.3201522827148,0
82.6543502807617,0
83.4796981811523,0
81.8393020629883,0
79.0476303100586,0
77.4724044799805,0
77.2376174926758,0
77.0501861572266,0
77.3949203491211,0
80.4284591674805,0
86.4828186035156,0
92.8908767700195,0
97.2688064575195,0
100.303535461426,0
104.009452819824,0
108.578018188477,0
112.587471008301,0
115.322082519531,0
116.835250854492,0
116.19401550293,0
112.10774230957,0
105.755172729492,0
100.674896240234,0
98.5529174804688,0
96.8727340698242,0
92.4033279418945,0
85.6160125732422,0
79.549446105957,0
75.2756500244141,0
71.1943054199219,0
66.8307571411133,0
64.5133514404297,0
66.0703201293945,0
69.9475860595703,0
73.2928848266602,0
75.4521865844727,0
77.5229415893555,0
79.4930038452148,0
80.1054763793945,0
79.3438110351562,0
78.9073944091797,0
79.8060073852539,0
81.1596603393555,0
81.8765563964844,0
81.9263305664062,0
81.3039321899414,0
79.3953628540039,0
76.4391860961914,0
74.1615447998047,0
73.6295928955078,0
73.6846008300781,0
72.8817367553711,0
71.674072265625,0
70.9061126708984,0
69.4559860229492,0
65.84619140625,0
61.3909149169922,0
58.8090896606445,0
57.8115081787109,0
55.1888847351074,0
49.899471282959,0
44.9108657836914,0
42.5943183898926,0
41.259880065918,0
38.4339866638184,0
35.0492477416992,0
33.5204238891602,0
33.4608192443848,0
32.6004981994629,0
31.0342559814453,0
31.1082706451416,0
33.0047798156738,0
33.600040435791,0
30.6836452484131,0
25.9317588806152,0
22.4249019622803,0
20.975643157959,0
20.2793235778809,0
19.4243965148926,0
18.7451133728027,0
18.6968154907227,0
18.9767971038818,0
18.6604442596436,0
16.7981567382812,0
13.2791976928711,0
9.44844913482666,0
7.33121919631958,0
7.76530265808105,0
9.62792778015137,0
11.1709032058716,0
11.6623029708862,0
11.4418506622314,0
10.9611978530884,0
10.3495168685913,0
9.62844848632812,0
8.8300724029541,0
7.99267625808716,0
7.34333229064941,0
7.31663084030151,0
8.09638977050781,0
9.35451793670654,0
10.8700180053711,0
13.2839775085449,0
17.6102256774902,0
23.6673908233643,0
29.4123954772949,0
32.497013092041,0
32.5960884094238,0
31.661750793457,0
31.5416698455811,0
31.8673095703125,0
30.993724822998,0
28.6799983978271,0
26.7044429779053,0
26.6056957244873,0
28.0031299591064,0
29.9022045135498,0
32.5796165466309,0
36.8345031738281,0
41.9784851074219,0
46.2064247131348,0
48.9268112182617,0
51.1424331665039,0
53.2889671325684,0
54.4356689453125,0
54.3448219299316,0
54.586353302002,0
56.3326377868652,0
58.5009918212891,0
59.6593933105469,0
60.4479331970215,0
62.0893058776855,0
63.6078262329102,0
63.1833343505859,0
61.8193016052246,0
62.6359825134277,0
66.0284118652344,0
68.3943481445312,0
66.8822555541992,0
62.941276550293,0
59.5551567077637,0
57.1303062438965,0
54.1899375915527,0
50.4566116333008,0
46.9122428894043,0
43.9150238037109,0
41.5517692565918,0
41.0376586914062,0
43.299446105957,0
46.41064453125,0
46.7611389160156,0
43.0810813903809,0
37.5191764831543,0
32.4918060302734,0
28.2255325317383,0
23.887077331543,0
19.4641628265381,0
15.5736408233643,0
12.4521322250366,0
10.0394515991211,0
8.5133171081543,0
8.12276268005371,0
8.73234367370605,0
9.72750854492188,0
10.1677494049072,0
9.22214508056641,0
6.86237144470215,0
3.81320405006409,0
0.348693370819092,0
-4.2387261390686,0
-10.0927381515503,0
-15.3408470153809,0
-17.52073097229,0
-16.2706317901611,0
-13.341236114502,0
-10.1073408126831,0
-6.6045355796814,0
-3.15844511985779,0
-1.14166831970215,0
-1.16832113265991,0
-1.82951498031616,0
-1.39730226993561,0
0.0100278658792377,0
1.01790022850037,0
1.07561874389648,0
0.775918841362,0
0.513917863368988,0
0.0803728327155113,0
-0.489917695522308,0
-0.866046488285065,0
-1.36703634262085,0
-2.73329377174377,0
-4.46936368942261,0
-4.6451244354248,0
-2.39011096954346,0
0.255399644374847,0
0.332641929388046,0
-2.53657817840576,0
-6.00678491592407,0
-8.29422378540039,0
-10.0906372070312,0
-12.7891855239868,0
-16.2305107116699,0
-19.083101272583,0
-20.4647045135498,0
-20.3782119750977,0
-19.4642639160156,0
-19.0423831939697,0
-20.1992835998535,0
-21.8163471221924,0
-20.8441638946533,0
-16.0244464874268,0
-10.0476589202881,0
-6.04379796981812,0
-3.13786101341248,0
1.75570321083069,0
8.33199882507324,0
12.5196514129639,0
12.3111944198608,0
10.6802577972412,0
11.0643873214722,0
12.7372560501099,0
13.071569442749,0
12.2974586486816,0
12.9528923034668,0
15.54918384552,0
17.7804145812988,0
18.0210018157959,0
17.0575752258301,0
15.9235420227051,0
14.3348007202148,0
12.25710105896,0
11.1283016204834,0
12.0192165374756,0
13.6690139770508,0
13.79567527771,0
11.8162155151367,0
9.09971141815186,0
6.93280935287476,0
5.38464069366455,0
3.92952537536621,0
1.91785931587219,0
-1.64862930774689,0
-7.46017169952393,0
-14.4030265808105,0
-19.8018684387207,0
-22.1383647918701,0
-22.836784362793,0
-24.2423534393311,0
-26.359281539917,0
-27.1050548553467,0
-25.7733669281006,0
-24.417854309082,0
-24.8576316833496,0
-25.7195377349854,0
-24.0475788116455,0
-19.2169132232666,0
-13.5402565002441,0
-8.96976852416992,0
-4.83539915084839,0
0.425584197044373,0
6.45408535003662,0
11.0567865371704,0
12.7995233535767,0
12.5773324966431,0
12.3975992202759,0
13.1516351699829,0
14.1279621124268,0
14.7272977828979,0
16.0045719146729,0
19.7360725402832,0
26.0460357666016,0
32.888801574707,0
38.1684303283691,0
41.4387893676758,0
43.1497383117676,0
43.5908699035645,0
43.5525245666504,0
44.5347099304199,0
46.5677909851074,0
47.0447769165039,0
44.035961151123,0
39.9232215881348,0
38.8046798706055,0
40.4356231689453,0
40.1359939575195,0
35.5952301025391,0
30.3932723999023,0
28.8291282653809,0
30.1281604766846,0
30.4838161468506,0
28.6804733276367,0
26.4650115966797,0
24.6588401794434,0
22.4547843933105,0
20.4058609008789,0
20.8543071746826,0
24.5487308502197,0
29.112964630127,0
31.8171005249023,0
32.2162094116211,0
31.3279399871826,0
29.8327102661133,0
28.1703720092773,0
27.3297080993652,0
28.3809566497803,0
31.4681758880615,0
35.5983963012695,0
39.0676002502441,0
40.2050704956055,0
38.527286529541,0
35.3441543579102,0
32.6600761413574,0
31.5137138366699,0
31.8628253936768,0
33.4956932067871,0
35.9255828857422,0
37.8072700500488,0
37.9692230224609,0
37.0330467224121,0
36.5415916442871,0
36.3141937255859,0
34.2222785949707,0
29.0851821899414,0
22.4142360687256,0
16.6842441558838,0
13.0841693878174,0
11.427848815918,0
10.7915897369385,0
9.49191665649414,0
6.03908634185791,0
1.35460352897644,0
-1.27021276950836,0
0.155851617455482,0
3.78744339942932,0
6.55113983154297,0
8.13090801239014,0
10.3692798614502,0
13.5556411743164,0
15.9061708450317,0
16.7956371307373,0
17.893383026123,0
20.1278915405273,0
21.7372016906738,0
20.9987602233887,0
19.359167098999,0
19.7658538818359,0
22.5524559020996,0
25.0081882476807,0
25.0043182373047,0
23.1853771209717,0
21.0994415283203,0
18.9565525054932,0
16.5322856903076,0
15.1266431808472,0
16.7577075958252,0
21.4254589080811,0
26.6857166290283,0
30.508171081543,0
33.472770690918,0
37.276683807373,0
41.8988151550293,0
45.594482421875,0
47.5550994873047,0
49.1189460754395,0
51.7094841003418,0
54.6599731445312,0
56.2283096313477,0
56.2561492919922,0
56.4570693969727,0
57.9016265869141,0
59.3923835754395,0
58.9695358276367,0
56.2400131225586,0
52.4285774230957,0
48.6727600097656,0
45.2677383422852,0
42.4516067504883,0
40.8622283935547,0
40.7507286071777,0
41.3277816772461,0
41.4703483581543,0
40.9145622253418,0
40.2964553833008,0
39.9337005615234,0
38.9115562438965,0
35.785514831543,0
30.2571029663086,0
23.7241725921631,0
17.775333404541,0
12.5353097915649,0
7.27044534683228,0
2.34198617935181,0
-0.826159715652466,0
-2.13936376571655,0
-3.69058442115784,0
-7.03562784194946,0
-10.7664184570312,0
-12.5206995010376,0
-12.7669076919556,0
-14.5203762054443,0
-19.1928653717041,0
-24.6681518554688,0
-28.1302318572998,0
-29.1761360168457,0
-29.2705574035645,0
-29.5830268859863,0
-30.5333461761475,0
-32.3173179626465,0
-34.4816055297852,0
-35.6488647460938,0
-34.9275779724121,0
-33.2055130004883,0
-32.1132049560547,0
-32.2699737548828,0
-33.4741325378418,0
-35.7284240722656,0
-38.5897979736328,0
-40.1865386962891,0
-38.8652458190918,0
-35.7750015258789,0
-33.8341903686523,0
-33.7388648986816,0
-32.9672355651855,0
-29.5641002655029,0
-24.9406147003174,0
-21.5164451599121,0
-19.3727188110352,0
-17.312328338623,0
-15.9378299713135,0
-17.0098896026611,0
-20.1560001373291,0
-22.9487953186035,0
-24.5541687011719,0
-26.5813617706299,0
-29.2793560028076,0
-29.5429821014404,0
-24.8626480102539,0
-17.6181354522705,0
-12.963360786438,0
-13.0574798583984,0
-15.5103635787964,0
-17.2682952880859,0
-17.8782482147217,0
-18.4430999755859,0
-19.0449371337891,0
-18.3033599853516,0
-15.0344934463501,0
-9.91152191162109,0
-5.49338054656982,0
-4.12720727920532,0
-5.40097999572754,0
-6.50361442565918,0
-5.90976762771606,0
-5.53436851501465,0
-7.68496322631836,0
-11.0120544433594,0
-12.0649566650391,0
-10.7207670211792,0
-11.1987056732178,0
-16.6118488311768,0
-24.7252655029297,0
-30.7127017974854,0
-32.6241302490234,0
-32.4276733398438,0
-32.5975341796875,0
-33.455680847168,0
-33.7456893920898,0
-32.605842590332,0
-30.7171001434326,0
-29.838005065918,0
-31.0315914154053,0
-33.3368606567383,0
-34.8515396118164,0
-35.1150970458984,0
-35.2827911376953,0
-35.7509384155273,0
-35.2767219543457,0
-33.3970336914062,0
-32.1131286621094,0
-33.4780654907227,0
-36.4689979553223,0
-38.1262321472168,0
-37.398509979248,0
-36.051139831543,0
-35.7509689331055,0
-35.9911575317383,0
-35.442554473877,0
-34.0104751586914,0
-32.6824836730957,0
-32.0818214416504,0
-31.9207191467285,0
-31.4902000427246,0
-30.1476936340332,0
-27.5776500701904,0
-24.0122528076172,0
-20.0919628143311,0
-16.2193336486816,0
-12.1088418960571,0
-7.21750497817993,0
-1.66878247261047,0
3.45635676383972,0
7.01518154144287,0
8.99827003479004,0
10.458535194397,0
12.0337238311768,0
13.0705833435059,0
12.8829593658447,0
12.4837427139282,0
13.9483165740967,0
17.8661041259766,0
22.3592205047607,0
25.0138206481934,0
25.0632362365723,0
23.4088363647461,0
21.3949928283691,0
20.0351848602295,0
19.5749702453613,0
19.1540222167969,0
17.5212440490723,0
14.6040439605713,0
11.7638731002808,0
10.1443614959717,0
9.56743621826172,0
9.4201545715332,0
9.59692859649658,0
10.029559135437,0
10.4606714248657,0
11.4796237945557,0
14.6071491241455,0
20.2870578765869,0
26.7486209869385,0
31.8669185638428,0
35.1597328186035,0
36.9798545837402,0
37.0911750793457,0
35.5500602722168,0
33.7962913513184,0
32.9983863830566,0
32.1831474304199,0
29.9714012145996,0
27.4177799224854,0
26.806957244873,0
27.8994674682617,0
27.769100189209,0
24.6269340515137,0
19.6388301849365,0
14.4426345825195,0
8.95244884490967,0
2.5377824306488,0
-4.39198398590088,0
-11.1590557098389,0
-17.865650177002,0
-24.5576705932617,0
-30.4080448150635,0
-34.8223876953125,0
-38.4991455078125,0
-42.3586692810059,0
-46.1435661315918,0
-49.0715217590332,0
-51.2037544250488,0
-53.0693893432617,0
-54.3981704711914,0
-54.3402519226074,0
-52.7241516113281,0
-50.130054473877,0
-46.9126510620117,0
-43.173656463623,0
-39.6347732543945,0
-37.4125823974609,0
-36.6676750183105,0
-36.4366683959961,0
-36.146068572998,0
-36.2865295410156,0
-36.991153717041,0
-36.994270324707,0
-35.1525039672852,0
-32.4105949401855,0
-30.8849182128906,0
-31.0491065979004,0
-31.1112518310547,0
-29.4700870513916,0
-26.6186485290527,0
-24.0502014160156,0
-22.3440074920654,0
-21.2189464569092,0
-20.6222553253174,0
-20.5357723236084,0
-20.1209774017334,0
-18.4140491485596,0
-15.9802217483521,0
-14.7075223922729,0
-15.541597366333,0
-17.4046936035156,0
-18.9814319610596,0
-20.6532020568848,0
-23.5798225402832,0
-27.4047966003418,0
-30.3395175933838,0
-31.6894264221191,0
-32.8398971557617,0
-34.9230079650879,0
-36.7819938659668,0
-36.7710609436035,0
-35.8402824401855,0
-36.7652702331543,0
-40.1202774047852,0
-43.0698165893555,0
-43.1580467224121,0
-41.5824203491211,0
-41.1142425537109,0
-41.9682273864746,0
-41.723819732666,0
-38.8742485046387,0
-34.5096549987793,0
-30.3897304534912,0
-27.0327796936035,0
-24.1617107391357,0
-21.6924095153809,0
-19.6121158599854,0
-17.7429885864258,0
-16.1305809020996,0
-15.0621776580811,0
-14.5099582672119,0
-14.2295055389404,0
-14.4509019851685,0
-15.6189832687378,0
-17.3394927978516,0
-18.5003051757812,0
-18.6644821166992,0
-18.5142803192139,0
-18.7537937164307,0
-19.4752445220947,0
-20.7677249908447,0
-22.840799331665,0
-25.0913372039795,0
-26.1092929840088,0
-25.3945140838623,0
-24.4186401367188,0
-25.2913818359375,0
-28.764669418335,0
-33.9129333496094,0
-39.1526794433594,0
-43.0776710510254,0
-44.968578338623,0
-45.3422775268555,0
-45.8076324462891,0
-47.6691703796387,0
-50.5321311950684,0
-52.639476776123,0
-52.8300666809082,0
-52.1577568054199,0
-53.2716941833496,0
-57.6416893005371,0
-63.3763198852539,0
-66.8000030517578,0
-66.8875732421875,0
-67.0233535766602,0
-70.8566818237305,0
-77.1803741455078,0
-81.1222839355469,0
-80.3761825561523,0
-77.6673431396484,0
-76.1620941162109,0
-75.1059646606445,0
-72.0882873535156,0
-67.599479675293,0
-64.3764572143555,0
-63.0359039306641,0
-61.328311920166,0
-57.826530456543,0
-53.7400054931641,0
-50.4880981445312,0
-47.803150177002,0
-45.1570930480957,0
-42.9413833618164,0
-40.9673728942871,0
-37.6997604370117,0
-32.6370658874512,0
-27.9728584289551,0
-26.0444488525391,0
-26.1823406219482,0
-25.9306392669678,0
-24.564977645874,0
-23.4378528594971,0
-23.3451290130615,0
-23.6079654693604,0
-23.715482711792,0
-23.9640026092529,0
-24.147029876709,0
-23.2093925476074,0
-20.6827182769775,0
-17.2434101104736,0
-13.580005645752,0
-9.99115085601807,0
-7.3534140586853,0
-6.92593383789062,0
-8.41112422943115,0
-9.43058490753174,0
-7.9138503074646,0
-4.22520589828491,0
-0.11122228205204,0
3.667236328125,0
7.58820819854736,0
11.7081155776978,0
15.0113983154297,0
16.7837467193604,0
17.9579982757568,0
20.4180545806885,0
24.8758525848389,0
29.7897853851318,0
32.7555313110352,0
32.9309577941895,0
31.7277507781982,0
31.0861968994141,0
31.5158977508545,0
31.9341354370117,0
30.8798294067383,0
27.6482715606689,0
22.8020858764648,0
17.945499420166,0
14.5601215362549,0
12.7167816162109,0
11.181713104248,0
8.72280311584473,0
4.78045177459717,0
-0.808962643146515,0
-7.58808326721191,0
-14.0289163589478,0
-18.7377796173096,0
-22.2963943481445,0
-26.2963676452637,0
-30.2796478271484,0
-31.8083019256592,0
-30.4813175201416,0
-29.5029354095459,0
-31.5193576812744,0
-34.975643157959,0
-36.8600578308105,0
-37.2661399841309,0
-38.3996887207031,0
-40.3115501403809,0
-40.8990364074707,0
-39.7733421325684,0
-38.9567909240723,0
-39.4992561340332,0
-40.2864570617676,0
-40.7368850708008,0
-41.8483772277832,0
-43.5666160583496,0
-43.716968536377,0
-40.9826393127441,0
-36.8223648071289,0
-33.0382118225098,0
-29.5622005462646,0
-26.2764549255371,0
-24.7834053039551,0
-26.0060005187988,0
-27.7705554962158,0
-27.5106716156006,0
-26.1140956878662,0
-26.0684547424316,0
-26.7067070007324,0
-25.0078525543213,0
-21.2364406585693,0
-19.7980327606201,0
-22.9679508209229,0
-27.1865215301514,0
-28.0570869445801,0
-26.4147396087646,0
-26.3634796142578,0
-29.0176010131836,0
-31.58957862854,0
-31.905029296875,0
-30.4729480743408,0
-28.1661624908447,0
-25.1553401947021,0
-22.8048000335693,0
-23.5523262023926,0
-27.4973621368408,0
-31.5531539916992,0
-33.5980377197266,0
-35.2518272399902,0
-38.4860343933105,0
-41.4402732849121,0
-40.5298347473145,0
-35.9640083312988,0
-32.2483596801758,0
-32.8250732421875,0
-36.5111846923828,0
-40.1365432739258,0
-42.762882232666,0
-45.6182250976562,0
-48.9319610595703,0
-51.0320816040039,0
-50.9178009033203,0
-50.0262985229492,0
-50.2714195251465,0
-51.3468742370605,0
-51.5783920288086,0
-50.9949150085449,0
-51.5260620117188,0
-53.836498260498,0
-56.1311492919922,0
-57.1673431396484,0
-58.2931289672852,0
-60.6301879882812,0
-62.2002792358398,0
-60.6666564941406,0
-57.7442779541016,0
-57.5770225524902,0
-60.9700355529785,0
-64.476432800293,0
-65.545051574707,0
-65.3265380859375,0
-65.3996200561523,0
-64.8261108398438,0
-62.1719703674316,0
-58.0185508728027,0
-53.6454277038574,0
-49.1911811828613,0
-44.7213668823242,0
-41.0755157470703,0
-37.9602355957031,0
-33.4014434814453,0
-27.1711978912354,0
-22.5590877532959,0
-22.108549118042,0
-23.5292377471924,0
-23.0031414031982,0
-21.0527420043945,0
-21.3990497589111,0
-24.6615505218506,0
-27.2180786132812,0
-26.8106670379639,0
-25.6311836242676,0
-26.4767093658447,0
-28.7813301086426,0
-30.2682113647461,0
-30.2912559509277,0
-29.5417900085449,0
-28.1040229797363,0
-25.9375514984131,0
-24.2711219787598,0
-24.4006042480469,0
-25.4146671295166,0
-24.8613834381104,0
-21.7770881652832,0
-17.7134838104248,0
-14.4688739776611,0
-11.9134321212769,0
-8.68390655517578,0
-4.35085487365723,0
-0.0826644971966743,0
2.70338678359985,0
3.6076557636261,0
2.93198323249817,0
0.887978911399841,0
-1.90249979496002,0
-3.392986536026,0
-1.12888622283936,0
4.86284303665161,0
11.1863317489624,0
14.3096961975098,0
14.2199697494507,0
13.6746520996094,0
14.2099523544312,0
14.4458408355713,0
12.5087566375732,0
8.55887889862061,0
4.11581897735596,0
0.00494074076414108,0
-3.96773838996887,0
-7.96339130401611,0
-11.8502368927002,0
-15.7874441146851,0
-20.1419315338135,0
-24.7844696044922,0
-29.1935386657715,0
-33.3493347167969,0
-37.7641410827637,0
-42.2954254150391,0
-45.685676574707,0
-47.0341644287109,0
-47.2542381286621,0
-47.9879150390625,0
-49.0881462097168,0
-48.429874420166,0
-44.7876853942871,0
-39.7463531494141,0
-35.6606712341309,0
-32.5892639160156,0
-28.7844867706299,0
-23.82395362854,0
-19.4730205535889,0
-17.2488861083984,0
-16.8535079956055,0
-17.647216796875,0
-20.0074157714844,0
-24.0102558135986,0
-28.0086879730225,0
-30.1449851989746,0
-30.7883911132812,0
-32.0254745483398,0
-34.7740211486816,0
-37.5641479492188,0
-38.3958282470703,0
-36.9518852233887,0
-34.6707153320312,0
-33.3241729736328,0
-34.0463638305664,0
-37.335620880127,0
-43.0998420715332,0
-50.2260360717773,0
-56.5947074890137,0
-60.5201950073242,0
-62.4352951049805,0
-64.2851028442383,0
-66.7745590209961,0
-68.2906723022461,0
-67.5928344726562,0
-66.5371856689453,0
-68.346565246582,0
-73.515495300293,0
-79.2816619873047,0
-83.2544631958008,0
-85.7545166015625,0
-88.1510848999023,0
-90.697639465332,0
-92.9213562011719,0
-94.8339233398438,0
-96.9103469848633,0
-99.8792495727539,0
-104.918045043945,0
-112.614273071289,0
-121.213996887207,0
-127.626594543457,0
-131.022598266602,0
-133.647827148438,0
-137.014099121094,0
-139.392669677734,0
-138.837463378906,0
-136.657730102539,0
-135.29443359375,0
-134.118209838867,0
-130.372482299805,0
-123.772155761719,0
-117.112884521484,0
-112.059440612793,0
-107.106689453125,0
-100.584167480469,0
-93.4131088256836,0
-87.698127746582,0
-84.2327194213867,0
-82.4138641357422,0
-81.1762390136719,0
-79.137451171875,0
-75.3688278198242,0
-71.089225769043,0
-69.1211929321289,0
-70.437629699707,0
-72.6554794311523,0
-73.4050674438477,0
-73.8484115600586,0
-76.9871673583984,0
-83.4497222900391,0
-91.076416015625,0
-98.1581878662109,0
-104.755035400391,0
-110.650421142578,0
-114.255432128906,0
-114.541511535645,0
-112.64241027832,0
-110.563720703125,0
-109.244964599609,0
-108.565788269043,0
-108.200248718262,0
-107.556251525879,0
-105.742401123047,0
-102.670272827148,0
-99.6562652587891,0
-97.9345016479492,0
-96.954475402832,0
-95.1010513305664,0
-91.7415924072266,0
-87.4444122314453,0
-82.4004364013672,0
-76.1479644775391,0
-69.3379898071289,0
-64.3284454345703,0
-62.6874313354492,0
-62.6916122436523,0
-60.7435493469238,0
-55.3924713134766,0
-48.7637100219727,0
-43.5447540283203,0
-39.7021026611328,0
-35.2942504882812,0
-29.8793601989746,0
-25.4778919219971,0
-23.7849273681641,0
-23.8077068328857,0
-23.3950443267822,0
-22.3573837280273,0
-22.5415573120117,0
-24.750862121582,0
-27.1115970611572,0
-27.4097633361816,0
-26.1046009063721,0
-25.7314281463623,0
-27.5910835266113,0
-30.2707710266113,0
-31.5916786193848,0
-30.9186305999756,0
-29.1367092132568,0
-27.3871231079102,0
-26.5780162811279,0
-27.290246963501,0
-29.0351943969727,0
-29.9389762878418,0
-28.3050079345703,0
-24.7052631378174,0
-21.8322505950928,0
-21.9395904541016,0
-24.5812969207764,0
-26.8207473754883,0
-25.6282863616943,0
-20.5960369110107,0
-14.645788192749,0
-11.4298372268677,0
-11.4395771026611,0
-11.3409414291382,0
-7.90329647064209,0
-1.74862158298492,0
3.94852232933044,0
7.59847116470337,0
10.1856250762939,0
12.49085521698,0
13.6183977127075,0
12.9279012680054,0
11.5657615661621,0
10.9643669128418,0
11.0892105102539,0
11.202223777771,0
11.2842817306519,0
11.7040853500366,0
12.5054407119751,0
14.091362953186,0
17.5852241516113,0
23.1542339324951,0
28.6883239746094,0
31.5169467926025,0
30.9596748352051,0
28.02294921875,0
23.4314098358154,0
17.7803325653076,0
13.119457244873,0
11.9278268814087,0
13.9198198318481,0
15.9257907867432,0
16.0400314331055,0
16.1634750366211,0
18.9468479156494,0
23.6834201812744,0
27.3429756164551,0
28.9449234008789,0
30.5262489318848,0
33.6019744873047,0
36.8485069274902,0
38.2101020812988,0
37.6272010803223,0
36.3350028991699,0
34.552619934082,0
31.4211730957031,0
26.8262500762939,0
21.9219570159912,0
17.7951126098633,0
14.6042337417603,0
12.2929420471191,0
11.497727394104,0
13.3294982910156,0
18.2464256286621,0
25.0212535858154,0
30.9383220672607,0
33.7551078796387,0
33.8995399475098,0
34.0645141601562,0
36.0238037109375,0
38.5280990600586,0
39.1703300476074,0
37.5956611633301,0
35.506965637207,0
33.7436981201172,0
30.9527149200439,0
25.7004470825195,0
18.7392826080322,0
12.2096433639526,0
7.11440324783325,0
2.59102940559387,0
-2.23860597610474,0
-6.52752685546875,0
-8.48317718505859,0
-7.6235613822937,0
-5.34349060058594,0
-2.93065118789673,0
-0.0621109828352928,0
3.70026516914368,0
6.84153747558594,0
7.27696561813354,0
5.75039291381836,0
5.57792520523071,0
8.08896446228027,0
10.4273099899292,0
9.609787940979,0
7.12089490890503,0
7.07265615463257,0
10.5877065658569,0
14.5726585388184,0
16.1151485443115,0
15.7640600204468,0
15.8038682937622,0
17.2473983764648,0
19.6189441680908,0
22.2038974761963,0
24.1406307220459,0
24.2270545959473,0
22.0847969055176,0
19.1581916809082,0
17.3637294769287,0
16.8003101348877,0
15.7538022994995,0
13.0530576705933,0
9.51122188568115,0
6.61717414855957,0
4.47634935379028,0
1.78151440620422,0
-2.38189244270325,0
-7.47980642318726,0
-12.5052738189697,0
-17.334228515625,0
-22.3943424224854,0
-27.1926975250244,0
-30.0435752868652,0
-29.6642303466797,0
-26.6462059020996,0
-23.0061264038086,0
-20.5132675170898,0
-19.6220111846924,0
-19.6422328948975,0
-19.59547996521,0
-19.1236667633057,0
-18.7554340362549,0
-18.9373645782471,0
-18.6917819976807,0
-16.0161819458008,0
-10.280933380127,0
-3.61201214790344,0
1.12336361408234,0
3.44494295120239,0
5.33154439926147,0
8.32801914215088,0
11.9323596954346,0
15.1533584594727,0
18.1589412689209,0
21.3271484375,0
23.7524833679199,0
24.2160358428955,0
23.2777690887451,0
22.9854259490967,0
24.3837013244629,0
26.358190536499,0
27.0707206726074,0
25.5714588165283,0
21.9071979522705,0
16.8228302001953,0
11.8155908584595,0
8.43999195098877,0
6.82181024551392,0
5.4737982749939,0
3.05104398727417,0
-0.356653153896332,0
-3.93651652336121,0
-7.09794235229492,0
-9.12800693511963,0
-9.09159755706787,0
-7.177734375,0
-5.32689952850342,0
-5.26185035705566,0
-6.26406097412109,0
-5.8737907409668,0
-2.49738883972168,0
3.28488945960999,0
9.24417018890381,0
12.525520324707,0
11.2312307357788,0
6.4194130897522,0
1.84308564662933,0
0.289302974939346,0
0.847199857234955,0
1.23842072486877,0
1.75282597541809,0
4.48514556884766,0
9.19504261016846,0
12.8646478652954,0
13.8707294464111,0
13.9182825088501,0
14.7624540328979,0
15.4239826202393,0
14.2394723892212,0
11.6970911026001,0
9.33469867706299,0
7.30378532409668,0
5.00280284881592,0
2.94418787956238,0
1.83285534381866,0
0.585504710674286,0
-2.40251564979553,0
-6.23348331451416,0
-7.94997549057007,0
-6.23455095291138,0
-2.7581033706665,0
0.531354904174805,0
3.48356246948242,0
6.26215410232544,0
7.64016771316528,0
6.33140754699707,0
2.97493720054626,0
-0.737245798110962,0
-4.3254828453064,0
-8.47480392456055,0
-12.9880523681641,0
-16.2007255554199,0
-16.683277130127,0
-14.6260452270508,0
-11.3956098556519,0
-8.49626159667969,0
-6.98746538162231,0
-6.95754671096802,0
-7.24030780792236,0
-6.36545991897583,0
-4.08092546463013,0
-1.37358450889587,0
1.02116894721985,0
3.25760006904602,0
5.49478387832642,0
7.65805673599243,0
10.5877141952515,0
16.0314292907715,0
24.3145847320557,0
32.9304275512695,0
38.779712677002,0
41.2400856018066,0
41.7080421447754,0
40.7364692687988,0
37.6093063354492,0
32.9524726867676,0
29.6451625823975,0
29.6886177062988,0
31.2721462249756,0
30.7389240264893,0
27.3878898620605,0
24.7200298309326,0
26.1483192443848,0
30.5324249267578,0
33.3251609802246,0
31.9168739318848,0
28.3934345245361,0
26.524959564209,0
27.3710403442383,0
29.0253429412842,0
29.7519912719727,0
29.672342300415,0
29.5473804473877,0
29.5523128509521,0
29.6065940856934,0
29.6263084411621,0
29.0152759552002,0
26.9957790374756,0
23.8382415771484,0
20.7821884155273,0
18.5292472839355,0
16.9215145111084,0
16.1230506896973,0
16.4843711853027,0
16.90305519104,0
15.293906211853,0
11.6611433029175,0
8.92750358581543,0
9.41313648223877,0
12.0231294631958,0
14.3189191818237,0
15.8255786895752,0
17.5150451660156,0
19.3283004760742,0
20.34108543396,0
20.6318473815918,0
20.9258003234863,0
20.7318515777588,0
18.6281890869141,0
14.2678213119507,0
8.73291873931885,0
3.28394746780396,0
-0.915091037750244,0
-2.50270843505859,0
-1.06960380077362,0
1.80331933498383,0
4.26900386810303,0
6.43986940383911,0
9.09926128387451,0
10.9139785766602,0
9.50939655303955,0
5.3849139213562,0
2.17025423049927,0
2.27595043182373,0
4.47238397598267,0
6.56770658493042,0
8.18337059020996,0
9.53277015686035,0
9.50763893127441,0
6.92838478088379,0
2.45945620536804,0
-2.49079275131226,0
-7.82166910171509,0
-13.9457559585571,0
-19.7261276245117,0
-23.2401542663574,0
-24.5381927490234,0
-25.897216796875,0
-28.8825016021729,0
-32.279224395752,0
-33.3615608215332,0
-30.4819278717041,0
-24.2233219146729,0
-16.7396564483643,0
-10.2806167602539,0
-5.93894529342651,0
-3.58895039558411,0
-2.89422369003296,0
-3.62395143508911,0
-4.52397537231445,0
-3.06041550636292,0
2.10599446296692,0
8.7706298828125,0
13.0733327865601,0
13.8971281051636,0
13.6713123321533,0
14.3517589569092,0
14.5721874237061,0
12.0295753479004,0
7.02067184448242,0
1.71752965450287,0
-2.9849534034729,0
-7.61533832550049,0
-11.5200834274292,0
-12.6940984725952,0
-10.9875736236572,0
-9.47056770324707,0
-11.1186466217041,0
-15.1689682006836,0
-18.1033039093018,0
-17.6543483734131,0
-14.6716947555542,0
-11.4650430679321,0
-9.57157707214355,0
-9.09693050384521,0
-9.05405044555664,0
-7.97644090652466,0
-5.00604772567749,0
-0.83297199010849,0
2.91435980796814,0
5.46258401870728,0
7.52768278121948,0
9.81460475921631,0
11.4564008712769,0
10.6196947097778,0
6.53763151168823,0
0.484783977270126,0
-5.18955326080322,0
-8.65059852600098,0
-9.46894454956055,0
-8.69425487518311,0
-8.24444389343262,0
-9.48256683349609,0
-11.7025995254517,0
-12.331919670105,0
-9.44180679321289,0
-4.10817861557007,0
0.478915959596634,0
2.46556782722473,0
2.97485542297363,0
3.69526147842407,0
3.92730331420898,0
1.64599919319153,0
-2.78126001358032,0
-5.9942479133606,0
-5.70247840881348,0
-3.86324048042297,0
-4.24014616012573,0
-7.52863883972168,0
-10.6263666152954,0
-10.6483926773071,0
-8.01636123657227,0
-5.12575006484985,0
-3.40763854980469,0
-2.68709182739258,0
-2.46983504295349,0
-2.52924370765686,0
-2.39427304267883,0
-1.3101065158844,0
0.972818315029144,0
3.80510425567627,0
6.20276737213135,0
7.62685823440552,0
8.30477046966553,0
9.05117416381836,0
10.5989713668823,0
12.6833896636963,0
13.8967313766479,0
13.0363607406616,0
10.7262058258057,0
9.11293125152588,0
9.57717323303223,0
11.1975193023682,0
11.9543628692627,0
10.980224609375,0
8.83956623077393,0
5.95553731918335,0
2.08265852928162,0
-2.32827496528625,0
-5.57478761672974,0
-6.57217264175415,0
-6.51582813262939,0
-7.54000234603882,0
-10.2508144378662,0
-13.8189268112183,0
-18.025598526001,0
-23.5211601257324,0
-30.0073375701904,0
-35.9493942260742,0
-40.679271697998,0
-45.1886901855469,0
-49.9528846740723,0
-53.4652442932129,0
-54.2097129821777,0
-52.900089263916,0
-51.2764663696289,0
-49.5814514160156,0
-46.8565673828125,0
-43.0820503234863,0
-39.1849937438965,0
-35.1784973144531,0
-30.2205352783203,0
-24.7773838043213,0
-20.9336204528809,0
-19.7984771728516,0
-19.9698047637939,0
-19.4842910766602,0
-18.2239284515381,0
-17.3674297332764,0
-17.3531970977783,0
-17.7915878295898,0
-19.0946292877197,0
-22.6179943084717,0
-28.5112781524658,0
-34.409595489502,0
-37.4954452514648,0
-37.7514305114746,0
-37.8776359558105,0
-39.3575782775879,0
-39.8519401550293,0
-36.0904197692871,0
-28.7656173706055,0
-22.3527946472168,0
-19.7133731842041,0
-19.1950740814209,0
-18.2254009246826,0
-17.3245887756348,0
-18.1830787658691,0
-19.5591125488281,0
-18.3289070129395,0
-13.9789171218872,0
-8.84821605682373,0
-3.99782681465149,0
1.69734930992126,0
7.65510654449463,0
10.4238948822021,0
8.33510971069336,0
4.42863416671753,0
2.30457305908203,0
1.3624267578125,0
-1.02235472202301,0
-4.38078784942627,0
-5.53348970413208,0
-3.31328797340393,0
0.210035160183907,0
3.08546113967896,0
5.27720832824707,0
6.92087745666504,0
7.40946769714355,0
6.85326528549194,0
6.27722024917603,0
5.7348484992981,0
4.33126163482666,0
2.84684371948242,0
4.01949739456177,0
8.78520011901855,0
14.1126194000244,0
16.4608135223389,0
16.2909526824951,0
17.3974418640137,0
22.4220333099365,0
30.5568542480469,0
39.1844367980957,0
46.2111053466797,0
50.8663787841797,0
53.5906600952148,0
55.4608688354492,0
56.9468765258789,0
57.2306938171387,0
55.5650978088379,0
53.1701583862305,0
52.5874176025391,0
54.780387878418,0
57.9214782714844,0
59.775749206543,0
60.4891166687012,0
61.971248626709,0
64.9272003173828,0
67.8460311889648,0
69.2313766479492,0
69.577766418457,0
70.098991394043,0
70.2525482177734,0
68.1087112426758,0
63.3460464477539,0
58.3949928283691,0
55.6829452514648,0
54.7338485717773,0
53.241886138916,0
50.3928298950195,0
47.500244140625,0
45.3766899108887,0
42.945384979248,0
39.4308738708496,0
36.4920120239258,0
36.4037857055664,0
38.5015983581543,0
39.2082328796387,0
36.0943145751953,0
30.6334972381592,0
26.0928039550781,0
23.7076969146729,0
22.2560653686523,0
20.8753280639648,0
20.4661464691162,0
21.7379837036133,0
23.3579883575439,0
23.3740081787109,0
21.7023220062256,0
19.6595573425293,0
17.3284664154053,0
13.2393760681152,0
7.10575437545776,0
1.01265835762024,0
-3.35669827461243,0
-7.11851692199707,0
-11.8412675857544,0
-15.7856597900391,0
-15.1691436767578,0
-9.37080097198486,0
-2.23890805244446,0
2.92390370368958,0
7.33164691925049,0
13.6956462860107,0
21.0946578979492,0
25.8141422271729,0
26.7622489929199,0
27.0683708190918,0
29.7631340026855,0
34.4072952270508,0
39.0963020324707,0
43.504264831543,0
48.0518531799316,0
51.6009292602539,0
52.2759437561035,0
50.1200256347656,0
47.1802940368652,0
45.1685028076172,0
44.3992080688477,0
44.5539474487305,0
44.7643165588379,0
43.1519470214844,0
38.2794303894043,0
31.4523258209229,0
25.8551559448242,0
22.8155498504639,0
20.5654830932617,0
17.4709796905518,0
14.7205934524536,0
14.4275283813477,0
16.4462604522705,0
18.8081874847412,0
20.4336223602295,0
21.5605983734131,0
21.9602642059326,0
20.7211780548096,0
17.9353713989258,0
14.8245973587036,0
11.7357120513916,0
7.67892074584961,0
2.71469688415527,0
-0.736874401569366,0
-0.445978552103043,0
2.68478059768677,0
5.90393686294556,0
8.39511108398438,0
11.7888975143433,0
16.5479831695557,0
19.9601821899414,0
19.3592929840088,0
16.1187572479248,0
14.2428255081177,0
15.1627645492554,0
16.1105003356934,0
14.2265844345093,0
10.1513319015503,0
6.13152980804443,0
2.38105487823486,0
-2.35993504524231,0
-7.57417917251587,0
-11.0332469940186,0
-12.3419198989868,0
-13.9609394073486,0
-17.6820278167725,0
-21.9983940124512,0
