-74.2385635375977,0
-75.5514373779297,0
-77.311393737793,0
-77.5104064941406,0
-75.615852355957,0
-73.6250152587891,0
-73.2883529663086,0
-73.5025939941406,0
-71.6999206542969,0
-67.3893508911133,0
-62.9303092956543,0
-60.5007476806641,0
-59.5507354736328,0
-58.1281318664551,0
-55.7350082397461,0
-53.464183807373,0
-51.7522010803223,0
-49.6601753234863,0
-46.6343383789062,0
-43.573314666748,0
-41.5692749023438,0
-40.6481285095215,0
-40.2648963928223,0
-39.991024017334,0
-39.1890678405762,0
-37.2030639648438,0
-34.6090965270996,0
-33.0381622314453,0
-32.7582015991211,0
-31.6383609771729,0
-27.8161773681641,0
-22.3778381347656,0
-17.9672584533691,0
-15.7186031341553,0
-15.2275381088257,0
-16.5275688171387,0
-19.7274036407471,0
-23.0392265319824,0
-23.7306747436523,0
-21.5126953125,0
-18.9252147674561,0
-17.8034725189209,0
-17.3103809356689,0
-16.113410949707,0
-14.4371213912964,0
-12.8918704986572,0
-11.1136541366577,0
-8.81053829193115,0
-6.5252890586853,0
-4.19496297836304,0
-0.822711586952209,0
2.96487712860107,0
4.21306467056274,0
1.84752094745636,0
-0.166423857212067,0
3.02902317047119,0
10.6317739486694,0
16.8572273254395,0
18.0951309204102,0
16.4226512908936,0
15.4553470611572,0
15.599552154541,0
14.9441633224487,0
12.7962532043457,0
10.2617015838623,0
8.08275127410889,0
5.57059192657471,0
1.82986569404602,0
-2.72954821586609,0
-6.5039496421814,0
-8.4370698928833,0
-9.5096435546875,0
-11.8191566467285,0
-15.9577789306641,0
-20.3625774383545,0
-23.8687705993652,0
-27.4242076873779,0
-31.9571437835693,0
-36.1445922851562,0
-38.492317199707,0
-40.4065132141113,0
-44.335636138916,0
-49.4317626953125,0
-52.3174819946289,0
-52.4204025268555,0
-53.2588806152344,0
-57.3555717468262,0
-62.8031005859375,0
-66.4558486938477,0
-67.9850540161133,0
-68.8306198120117,0
-69.3162384033203,0
-69.1249237060547,0
-68.9988174438477,0
-69.4689025878906,0
-68.9738235473633,0
-65.7696228027344,0
-61.1697044372559,0
-58.4021415710449,0
-58.1590385437012,0
-57.4558334350586,0
-53.515682220459,0
-47.1487617492676,0
-41.4546318054199,0
-38.3042297363281,0
-36.9638786315918,0
-35.4787139892578,0
-32.588493347168,0
-28.6221160888672,0
-25.2056732177734,0
-24.0367221832275,0
-25.3912181854248,0
-27.6091594696045,0
-28.333345413208,0
-26.59645652771,0
-23.6578922271729,0
-21.5258407592773,0
-20.7824230194092,0
-20.4345283508301,0
-19.9212989807129,0
-20.2079753875732,0
-22.1091232299805,0
-24.3989639282227,0
-24.9510593414307,0
-23.4623374938965,0
-21.6349029541016,0
-20.6408443450928,0
-19.8960971832275,0
-18.65576171875,0
-17.1825695037842,0
-15.4758605957031,0
-12.3592290878296,0
-7.29221439361572,0
-2.12107872962952,0
0.663879334926605,0
1.03512334823608,0
1.1942378282547,0
2.26320600509644,0
2.80599975585938,0
1.12070894241333,0
-2.36972141265869,0
-5.94037628173828,0
-8.87465763092041,0
-11.845160484314,0
-15.4054651260376,0
-19.2225208282471,0
-22.8877296447754,0
-26.5984001159668,0
-30.6085929870605,0
-34.4798736572266,0
-37.3023071289062,0
-38.4624290466309,0
-37.9774894714355,0
-36.3661918640137,0
-34.480052947998,0
-33.1037139892578,0
-32.1478500366211,0
-30.3629474639893,0
-26.5526313781738,0
-21.27880859375,0
-16.7573356628418,0
-14.6047773361206,0
-14.0463447570801,0
-12.8038597106934,0
-9.46617126464844,0
-4.51835298538208,0
0.603286564350128,0
4.6904878616333,0
7.09823179244995,0
7.853590965271,0
7.83871650695801,0
8.25725364685059,0
9.43668460845947,0
10.531813621521,0
10.7606105804443,0
10.4491453170776,0
10.3257961273193,0
10.2155542373657,0
9.22158718109131,0
7.09681558609009,0
4.6675386428833,0
2.76084852218628,0
1.37742292881012,0
0.202497065067291,0
-0.692848920822144,0
-1.18988168239594,0
-1.75733423233032,0
-3.07917332649231,0
-5.11337757110596,0
-7.06405973434448,0
-8.34134864807129,0
-9.07401466369629,0
-9.57987022399902,0
-9.89402866363525,0
-10.1445837020874,0
-10.8581190109253,0
-12.2376794815063,0
-13.3442325592041,0
-12.7233924865723,0
-9.99796962738037,0
-6.31814432144165,0
-2.99896430969238,0
-0.131573438644409,0
3.15200519561768,0
7.37525749206543,0
12.1020278930664,0
16.523889541626,0
20.298469543457,0
23.6403102874756,0
26.6134872436523,0
28.5160980224609,0
28.3761901855469,0
26.3081455230713,0
23.9033355712891,0
22.5767059326172,0
21.782299041748,0
19.8624515533447,0
16.7362537384033,0
14.5558633804321,0
15.1216526031494,0
17.6855430603027,0
20.1939067840576,0
21.8302745819092,0
23.1628227233887,0
24.4111862182617,0
25.0526790618896,0
25.083703994751,0
25.3178157806396,0
26.0741424560547,0
26.4918918609619,0
25.4777526855469,0
22.6981143951416,0
18.6311626434326,0
14.4608383178711,0
11.8238735198975,0
11.4772491455078,0
12.0413303375244,0
11.3364171981812,0
9.27108573913574,0
7.86744976043701,0
7.79201602935791,0
6.78941583633423,0
3.13140797615051,0
-1.00679993629456,0
-2.01395678520203,0
0.0672086179256439,0
1.49511134624481,0
-0.181571498513222,0
-3.68558955192566,0
-7.09288263320923,0
-10.6689157485962,0
-15.1390447616577,0
-19.2713813781738,0
-21.3000221252441,0
-21.4982070922852,0
-21.3273468017578,0
-20.979284286499,0
-19.888334274292,0
-19.0245265960693,0
-20.2110137939453,0
-23.0362777709961,0
-24.6910285949707,0
-23.5614910125732,0
-21.1832447052002,0
-19.7252216339111,0
-19.0632781982422,0
-17.5347576141357,0
-14.4829015731812,0
-10.6981964111328,0
-6.89180946350098,0
-2.9532675743103,0
1.37311458587646,0
5.92578458786011,0
10.3285045623779,0
14.2988395690918,0
17.7357902526855,0
20.7515697479248,0
23.5676498413086,0
26.2823295593262,0
28.8640213012695,0
31.3000202178955,0
33.4434814453125,0
34.8706703186035,0
35.4583320617676,0
36.0065498352051,0
37.4311103820801,0
39.1328277587891,0
39.1497840881348,0
36.5907707214355,0
33.1428756713867,0
31.1825141906738,0
30.8230381011963,0
30.0306854248047,0
27.7063732147217,0
25.3498153686523,0
24.8720722198486,0
25.6165637969971,0
24.8626670837402,0
21.242805480957,0
16.4429721832275,0
13.0377035140991,0
11.6943626403809,0
11.4482889175415,0
11.8948583602905,0
13.5661449432373,0
16.2207889556885,0
18.3479862213135,0
19.0368957519531,0
19.2742671966553,0
20.5365428924561,0
22.7273445129395,0
24.2648677825928,0
23.81764793396,0
21.4209651947021,0
18.3311996459961,0
16.3333034515381,0
16.8093891143799,0
19.9265117645264,0
24.8369731903076,0
30.6875743865967,0
36.8843116760254,0
42.4388885498047,0
46.1856117248535,0
48.0769996643066,0
49.1579971313477,0
49.6543426513672,0
48.3319969177246,0
44.6831665039062,0
40.4493522644043,0
37.5713119506836,0
35.7013626098633,0
33.4985198974609,0
31.586971282959,0
32.0060958862305,0
34.7343406677246,0
36.8592147827148,0
35.8707733154297,0
32.28466796875,0
28.2823257446289,0
25.0493507385254,0
22.447696685791,0
20.411563873291,0
19.376501083374,0
19.3235454559326,0
19.2091503143311,0
17.8941879272461,0
15.6709671020508,0
14.3810968399048,0
15.3494138717651,0
17.3958015441895,0
18.007080078125,0
16.6127834320068,0
15.1276483535767,0
14.5929136276245,0
13.3215522766113,0
10.0338020324707,0
6.84254837036133,0
6.36692428588867,0
7.1980094909668,0
5.70748710632324,0
1.93850934505463,0
-0.178338721394539,0
0.947358846664429,0
2.12872886657715,0
0.897997736930847,0
-0.286126613616943,0
1.79756104946136,0
5.58999013900757,0
6.90096759796143,0
4.84612512588501,0
2.02042055130005,0
-0.271206200122833,0
-3.25238633155823,0
-7.25960969924927,0
-10.5819396972656,0
-12.4452018737793,0
-14.3394088745117,0
-17.3644161224365,0
-20.5629367828369,0
-22.9516143798828,0
-25.1699752807617,0
-27.9624481201172,0
-30.8026218414307,0
-33.159236907959,0
-35.4299583435059,0
-37.4120025634766,0
-37.5644912719727,0
-35.3254241943359,0
-32.6984024047852,0
-31.8138256072998,0
-32.0746841430664,0
-31.4703502655029,0
-29.6487979888916,0
-27.6754608154297,0
-25.5726718902588,0
-22.4890918731689,0
-19.1456470489502,0
-17.710277557373,0
-18.6545677185059,0
-19.65065574646,0
-18.5300064086914,0
-15.9407739639282,0
-14.0437898635864,0
-13.5618000030518,0
-13.1536674499512,0
-11.1415433883667,0
-7.03808069229126,0
-1.74348044395447,0
3.10975575447083,0
6.22849225997925,0
7.54070806503296,0
7.9152045249939,0
7.93919038772583,0
7.41193294525146,0
6.20479440689087,0
5.03188943862915,0
4.91607475280762,0
6.17426586151123,0
8.23004055023193,0
10.2221975326538,0
11.6708812713623,0
12.7938222885132,0
14.1692895889282,0
15.7854633331299,0
16.6710147857666,0
16.166431427002,0
15.4103174209595,0
16.4913311004639,0
19.8355159759521,0
23.4818592071533,0
25.5290336608887,0
26.3540077209473,0
27.6194095611572,0
29.9584350585938,0
32.7300643920898,0
35.4257659912109,0
37.9472732543945,0
39.6377029418945,0
39.3912010192871,0
37.1173095703125,0
34.2326011657715,0
32.3134307861328,0
31.849681854248,0
32.4847221374512,0
33.6846542358398,0
34.7452507019043,0
34.8145484924316,0
33.5427932739258,0
31.3880920410156,0
28.8354663848877,0
25.65891456604,0
21.4423732757568,0
16.5300178527832,0
11.8584976196289,0
7.91462469100952,0
4.33186960220337,0
0.505414664745331,0
-3.7439329624176,0
-7.99356937408447,0
-11.2974004745483,0
-12.6677093505859,0
-12.1445693969727,0
-11.2986822128296,0
-11.8389148712158,0
-13.6135873794556,0
-14.9377202987671,0
-15.1410350799561,0
-15.4731874465942,0
-16.639232635498,0
-16.846658706665,0
-14.0645017623901,0
-9.46335506439209,0
-6.41731071472168,0
-6.06049394607544,0
-6.01810598373413,0
-4.13136386871338,0
-1.26845479011536,0
0.779197454452515,0
2.22096753120422,0
4.23099040985107,0
6.41997623443604,0
7.51743268966675,0
7.73861169815063,0
8.29407787322998,0
9.04710960388184,0
8.88796424865723,0
8.19938468933105,0
8.5949878692627,0
10.1470518112183,0
11.4042797088623,0
12.5715808868408,0
15.7787094116211,0
20.9659233093262,0
24.4396915435791,0
23.8601512908936,0
22.419282913208,0
25.0136070251465,0
31.5255870819092,0
37.113655090332,0
38.6819648742676,0
37.7584457397461,0
36.6069221496582,0
34.7385940551758,0
30.7405071258545,0
25.1732273101807,0
19.8242111206055,0
15.6694536209106,0
13.2173957824707,0
13.4465570449829,0
16.4753704071045,0
20.1932926177979,0
22.1004791259766,0
22.0910530090332,0
21.9067420959473,0
22.3636722564697,0
22.7701416015625,0
22.670581817627,0
22.2513580322266,0
20.9871349334717,0
17.7810153961182,0
12.9586906433105,0
8.55880641937256,0
5.93589448928833,0
4.29942226409912,0
2.28519320487976,0
-0.167442157864571,0
-2.22750878334045,0
-3.41252207756042,0
-3.58665585517883,0
-2.57733106613159,0
-0.653083622455597,0
1.26049947738647,0
2.57741451263428,0
3.66731572151184,0
4.86348104476929,0
5.63617467880249,0
5.61561107635498,0
5.75379276275635,0
7.34403610229492,0
10.1552114486694,0
12.5295391082764,0
13.2700433731079,0
12.6630220413208,0
11.7827262878418,0
11.6941137313843,0
13.3564443588257,0
17.188325881958,0
22.0375862121582,0
25.225866317749,0
24.6204605102539,0
20.7905540466309,0
16.4933891296387,0
13.7477931976318,0
11.9412279129028,0
9.30418395996094,0
5.67061758041382,0
2.66701436042786,0
1.16489636898041,0
-0.118036188185215,0
-2.69448566436768,0
-5.91543483734131,0
-7.61226463317871,0
-6.70117044448853,0
-4.13348579406738,0
-1.51207447052002,0
0.246605172753334,0
1.03023278713226,0
1.38669538497925,0
2.40200138092041,0
4.86751842498779,0
8.3553295135498,0
11.7001581192017,0
14.3344497680664,0
16.4169807434082,0
17.7755222320557,0
17.7568416595459,0
16.3311710357666,0
14.4182777404785,0
12.7611598968506,0
11.2508726119995,0
9.71380710601807,0
8.53785514831543,0
7.90387868881226,0
6.9695200920105,0
4.5601692199707,0
0.606436610221863,0
-3.40604162216187,0
-5.3568377494812,0
-3.95855259895325,0
0.165709927678108,0
4.68976449966431,0
7.34477615356445,0
7.76999855041504,0
7.38984060287476,0
7.56299591064453,0
8.5150318145752,0
10.1200923919678,0
12.6446714401245,0
16.0238933563232,0
19.2412776947021,0
21.4661045074463,0
23.32204246521,0
25.8626804351807,0
28.541597366333,0
29.6155834197998,0
28.7458915710449,0
27.6079921722412,0
27.0883903503418,0
25.466287612915,0
21.2027778625488,0
16.6740875244141,0
16.5927619934082,0
22.1426982879639,0
28.771333694458,0
31.2011642456055,0
29.2162475585938,0
26.7367115020752,0
26.1439037322998,0
25.8661823272705,0
23.6466121673584,0
19.8839817047119,0
16.5616645812988,0
14.3783645629883,0
12.5782995223999,0
11.048999786377,0
11.0309076309204,0
13.4757652282715,0
17.5767955780029,0
21.4156227111816,0
23.877908706665,0
25.7504901885986,0
28.8564624786377,0
34.0006828308105,0
39.9626388549805,0
44.8978424072266,0
48.398063659668,0
51.243350982666,0
53.2356719970703,0
52.7891387939453,0
49.3957824707031,0
45.161693572998,0
42.5748023986816,0
41.5191497802734,0
39.8007011413574,0
36.020149230957,0
30.5506763458252,0
24.254020690918,0
18.0144729614258,0
13.4564056396484,0
12.2084989547729,0
13.8199853897095,0
15.7889261245728,0
16.416862487793,0
16.613748550415,0
18.1450023651123,0
20.9304523468018,0
22.9342708587646,0
22.3855590820312,0
19.574914932251,0
16.5438899993896,0
15.0357818603516,0
14.5985765457153,0
13.1487188339233,0
9.923583984375,0
7.12013292312622,0
7.42684030532837,0
10.4911136627197,0
13.4836483001709,0
15.026309967041,0
16.6777286529541,0
20.1179904937744,0
24.618034362793,0
28.055383682251,0
28.916540145874,0
26.4420986175537,0
20.3732681274414,0
11.9610118865967,0
4.19869184494019,0
-0.486087679862976,0
-2.50680541992188,0
-4.26313829421997,0
-7.52072668075562,0
-12.4149866104126,0
-18.3733024597168,0
-24.7940406799316,0
-30.8388690948486,0
-35.5051765441895,0
-38.3521842956543,0
-39.9351539611816,0
-41.2652435302734,0
-42.7139015197754,0
-43.5408821105957,0
-42.9003257751465,0
-41.3446807861328,0
-40.5494575500488,0
-41.1863632202148,0
-42.1443405151367,0
-42.6555938720703,0
-43.8760871887207,0
-46.8951950073242,0
-50.4347038269043,0
-52.6516418457031,0
-54.2916030883789,0
-57.3604736328125,0
-61.0761566162109,0
-62.2823486328125,0
-60.2985610961914,0
-58.2215270996094,0
-58.2792587280273,0
-58.7627792358398,0
-57.2006149291992,0
-54.0262489318848,0
-51.0356063842773,0
-48.2946319580078,0
-44.877067565918,0
-41.1396446228027,0
-38.0994300842285,0
-35.8319664001465,0
-34.4577293395996,0
-35.2613487243652,0
-38.493091583252,0
-41.3156394958496,0
-40.6818885803223,0
-37.634765625,0
-36.123592376709,0
-37.8304290771484,0
-40.6801071166992,0
-42.3748588562012,0
-42.7454605102539,0
-42.1873207092285,0
-40.3246650695801,0
-37.2730522155762,0
-34.3082542419434,0
-32.2111473083496,0
-30.4922790527344,0
-29.1515197753906,0
-29.5411529541016,0
-32.2201690673828,0
-35.3492164611816,0
-36.7807159423828,0
-36.8811149597168,0
-37.7834625244141,0
-40.3708381652832,0
-43.4399719238281,0
-45.6479148864746,0
-46.9407539367676,0
-47.8848266601562,0
-48.6418838500977,0
-49.0004043579102,0
-48.7366218566895,0
-47.5761795043945,0
-45.2937927246094,0
-42.2273368835449,0
-39.3730163574219,0
-37.5974922180176,0
-36.8732757568359,0
-36.5188064575195,0
-36.0263786315918,0
-35.2984886169434,0
-34.1159439086914,0
-31.964147567749,0
-28.9044170379639,0
-26.3517684936523,0
-26.1494636535645,0
-28.5172271728516,0
-31.4687442779541,0
-32.7577629089355,0
-32.034309387207,0
-30.6805553436279,0
-30.1454124450684,0
-31.2193603515625,0
-34.3065567016602,0
-39.0298538208008,0
-43.6456298828125,0
-46.3049812316895,0
-47.2074203491211,0
-48.0891036987305,0
-49.1169929504395,0
-48.1077156066895,0
-44.0940742492676,0
-39.9458885192871,0
-39.2208824157715,0
-41.3380165100098,0
-42.5205726623535,0
-41.3811798095703,0
-40.5899543762207,0
-42.056713104248,0
-43.3987693786621,0
-41.5364761352539,0
-37.855339050293,0
-36.6951370239258,0
-39.3343887329102,0
-42.5812110900879,0
-43.7510986328125,0
-44.1771202087402,0
-46.4279022216797,0
-50.3668022155762,0
-54.0608978271484,0
-57.0907440185547,0
-60.4840393066406,0
-63.9639282226562,0
-65.7634963989258,0
-65.4930648803711,0
-65.178092956543,0
-66.667724609375,0
-69.458740234375,0
-71.8508834838867,0
-72.9380798339844,0
-72.5198822021484,0
-70.2520217895508,0
-66.1979751586914,0
-61.5375213623047,0
-57.529914855957,0
-54.2196769714355,0
-51.1372489929199,0
-48.5708808898926,0
-46.7166137695312,0
-44.0238418579102,0
-38.2833366394043,0
-29.7602977752686,0
-21.6568756103516,0
-16.5966300964355,0
-13.7975921630859,0
-10.7348575592041,0
-6.66930198669434,0
-3.18564438819885,0
-1.63616669178009,0
-1.48680031299591,0
-1.49188470840454,0
-1.48684871196747,0
-2.36334800720215,0
-4.70777082443237,0
-8.0548095703125,0
-11.444878578186,0
-14.3391847610474,0
-16.7800540924072,0
-18.7416954040527,0
-19.659481048584,0
-18.9190349578857,0
-16.6637554168701,0
-13.6362724304199,0
-10.2651691436768,0
-6.64396810531616,0
-3.61587905883789,0
-2.84343767166138,0
-4.90606307983398,0
-8.00847721099854,0
-9.7386531829834,0
-9.74366569519043,0
-9.36205005645752,0
-8.76657867431641,0
-6.17441129684448,0
-0.51755702495575,0
6.53400993347168,0
12.355016708374,0
16.2790546417236,0
19.4661197662354,0
22.3394641876221,0
23.5890331268311,0
22.0525798797607,0
18.7336025238037,0
16.3542232513428,0
16.9911613464355,0
20.2763957977295,0
23.9271697998047,0
26.1148204803467,0
27.1852779388428,0
28.7142372131348,0
31.0998935699463,0
32.969425201416,0
33.14306640625,0
32.0869636535645,0
30.7231369018555,0
28.8623828887939,0
26.1112117767334,0
23.7206230163574,0
23.8856201171875,0
27.0495491027832,0
31.2298793792725,0
34.4353561401367,0
36.6196060180664,0
38.6609001159668,0
40.5075988769531,0
41.3452682495117,0
40.9047660827637,0
39.4101524353027,0
36.4820709228516,0
31.3429126739502,0
24.4233684539795,0
17.8112697601318,0
13.4131727218628,0
11.0961141586304,0
9.27996253967285,0
7.15338087081909,0
5.55192518234253,0
5.38723802566528,0
5.80123901367188,0
4.70405626296997,0
1.35912466049194,0
-2.1961522102356,0
-3.08659291267395,0
-0.909899592399597,0
1.73009884357452,0
2.38028645515442,0
1.57956337928772,0
1.63140177726746,0
3.12497043609619,0
4.122971534729,0
2.94530773162842,0
0.300480842590332,0
-2.15150880813599,0
-4.26157236099243,0
-7.21874523162842,0
-11.4382572174072,0
-15.8124351501465,0
-19.043643951416,0
-20.9024486541748,0
-22.0963840484619,0
-23.3935279846191,0
-24.7637119293213,0
-24.9888439178467,0
-22.5020313262939,0
-17.2029781341553,0
-11.0672855377197,0
-6.3371376991272,0
-3.59536528587341,0
-2.30887293815613,0
-2.39261960983276,0
-3.79105663299561,0
-4.9871678352356,0
-3.79352116584778,0
0.0769907906651497,0
4.75447273254395,0
8.92410278320312,0
13.1998643875122,0
18.0349731445312,0
21.9175987243652,0
23.2061100006104,0
22.8331813812256,0
23.3825778961182,0
25.5711536407471,0
27.2027111053467,0
26.118968963623,0
23.062816619873,0
20.6702747344971,0
20.1437282562256,0
20.0924243927002,0
18.8838214874268,0
17.0189628601074,0
16.1077423095703,0
16.0676212310791,0
15.0284061431885,0
12.4179878234863,0
10.4826364517212,0
11.5149164199829,0
14.8145179748535,0
18.0772762298584,0
20.8565807342529,0
24.3445510864258,0
27.9626312255859,0
28.9579315185547,0
26.4614372253418,0
23.6919116973877,0
24.2098121643066,0
27.2853050231934,0
29.0614204406738,0
27.7181549072266,0
25.3527946472168,0
24.5420684814453,0
24.8984546661377,0
23.9731502532959,0
20.4520282745361,0
15.3108167648315,0
10.2729187011719,0
6.23138189315796,0
3.29124522209167,0
1.4648255109787,0
0.671102404594421,0
0.336359143257141,0
-0.32656717300415,0
-1.47555863857269,0
-2.47132229804993,0
-2.72329592704773,0
-2.3053412437439,0
-1.49085307121277,0
-0.161741435527802,0
1.86137664318085,0
4.31687116622925,0
6.90614795684814,0
9.83601188659668,0
13.3141794204712,0
16.896240234375,0
20.0866661071777,0
23.0794734954834,0
25.8832397460938,0
27.3704471588135,0
26.8697338104248,0
26.3828735351562,0
28.9963035583496,0
34.6508445739746,0
39.7180404663086,0
41.7260131835938,0
42.2869148254395,0
43.9200172424316,0
46.2901268005371,0
47.8583183288574,0
49.3497734069824,0
52.6259994506836,0
57.2159461975098,0
61.038272857666,0
63.9946060180664,0
67.6903762817383,0
71.739387512207,0
73.7324066162109,0
73.4545745849609,0
73.8766174316406,0
76.7585067749023,0
80.1914367675781,0
82.0550079345703,0
83.1558303833008,0
84.8729400634766,0
86.1193313598633,0
85.2860946655273,0
83.5257949829102,0
83.3362884521484,0
84.8713989257812,0
86.1978225708008,0
86.4739074707031,0
86.2541885375977,0
85.0025100708008,0
81.1463317871094,0
75.1476287841797,0
70.1435623168945,0
68.3824615478516,0
68.579216003418,0
67.8938903808594,0
65.2985534667969,0
61.7700462341309,0
58.0429992675781,0
53.7021942138672,0
48.4733848571777,0
43.210750579834,0
38.9833374023438,0
35.6440582275391,0
31.9898929595947,0
27.4428806304932,0
23.046199798584,0
20.2710361480713,0
19.0295810699463,0
17.6229305267334,0
14.9090776443481,0
11.7938089370728,0
9.87415027618408,0
9.03089332580566,0
7.39514875411987,0
3.90631341934204,0
0.0195814874023199,0
-1.87183928489685,0
-1.36615562438965,0
-0.572206974029541,0
-1.65051233768463,0
-4.69789934158325,0
-8.53383922576904,0
-12.6600313186646,0
-17.1826839447021,0
-21.0953044891357,0
-22.3327388763428,0
-20.2961730957031,0
-17.1726837158203,0
-15.668719291687,0
-16.1766204833984,0
-17.2882995605469,0
-18.3731384277344,0
-20.0385437011719,0
-22.217830657959,0
-23.5354614257812,0
-23.0378608703613,0
-21.175500869751,0
-18.4562587738037,0
-14.4956541061401,0
-9.43837547302246,0
-5.19875144958496,0
-3.81097531318665,0
-4.96977472305298,0
-6.42906141281128,0
-6.55835151672363,0
-5.36384439468384,0
-3.34230327606201,0
-0.912731528282166,0
0.849649131298065,0
0.612327575683594,0
-1.19766569137573,0
-2.02485799789429,0
-0.00803101807832718,0
3.65038824081421,0
6.34936571121216,0
7.43133926391602,0
8.3204517364502,0
9.65644454956055,0
10.2797918319702,0
9.73669147491455,0
10.0834131240845,0
13.6221828460693,0
19.5570907592773,0
24.5604133605957,0
26.7251930236816,0
27.5019187927246,0
29.0435314178467,0
30.7453994750977,0
29.7338123321533,0
24.5797004699707,0
17.3122978210449,0
11.3316097259521,0
8.16251945495605,0
6.93007278442383,0
6.39713716506958,0
6.45628213882446,0
7.6442723274231,0
10.1342210769653,0
13.5794506072998,0
17.3664321899414,0
20.6284503936768,0
22.3794326782227,0
21.9885883331299,0
19.4920806884766,0
15.6972703933716,0
12.4424438476562,0
12.2043867111206,0
16.0506496429443,0
21.8080387115479,0
25.8143978118896,0
27.2067050933838,0
28.9041919708252,0
33.1268653869629,0
37.5839195251465,0
38.2094993591309,0
34.5729866027832,0
29.8777446746826,0
25.9756946563721,0
21.5352306365967,0
15.8197460174561,0
11.0676259994507,0
9.16724681854248,0
8.41696834564209,0
6.18594217300415,0
3.12079977989197,0
1.77081167697906,0
2.05746531486511,0
1.42448198795319,0
-0.645475625991821,0
-1.65728986263275,0
-0.403575867414474,0
0.925289034843445,0
0.435896456241608,0
-0.479825884103775,0
0.0369207747280598,0
1.00935232639313,0
0.999857187271118,0
1.85202467441559,0
6.40464115142822,0
13.2429246902466,0
17.5262107849121,0
17.3405113220215,0
15.7096786499023,0
15.312840461731,0
14.6190156936646,0
11.2266550064087,0
6.23575353622437,0
2.58506488800049,0
0.817601025104523,0
-0.699151277542114,0
-2.37685871124268,0
-3.03680181503296,0
-2.68755722045898,0
-3.2079005241394,0
-5.83443403244019,0
-9.60486602783203,0
-12.5991764068604,0
-13.4925975799561,0
-11.928897857666,0
-8.7489595413208,0
-5.91672563552856,0
-4.90379953384399,0
-5.03585815429688,0
-4.59905529022217,0
-3.46832752227783,0
-3.22331690788269,0
-4.66792964935303,0
-6.84162330627441,0
-8.75699138641357,0
-10.4799814224243,0
-11.9147529602051,0
-12.0510864257812,0
-10.2926292419434,0
-7.3494987487793,0
-4.0293927192688,0
-0.345680087804794,0
3.24620819091797,0
4.95168352127075,0
3.38854050636292,0
-0.374054908752441,0
-3.79889607429504,0
-5.62605905532837,0
-6.6155743598938,0
-7.79379892349243,0
-9.06948661804199,0
-9.77311897277832,0
-9.76510524749756,0
-9.59583950042725,0
-9.91931056976318,0
-11.0865917205811,0
-13.2245988845825,0
-16.3450126647949,0
-19.9463157653809,0
-22.4843463897705,0
-21.9989185333252,0
-18.0765380859375,0
-12.8899784088135,0
-9.35108661651611,0
-8.2853364944458,0
-8.36967086791992,0
-8.73225975036621,0
-10.1005249023438,0
-12.7657976150513,0
-14.8480243682861,0
-14.0004463195801,0
-10.3050289154053,0
-6.20776557922363,0
-3.66505146026611,0
-2.40594339370728,0
-1.2221177816391,0
-0.0697742700576782,0
-0.181174859404564,0
-2.29766798019409,0
-5.41654920578003,0
-7.60406303405762,0
-7.77673482894897,0
-6.20071172714233,0
-3.40484666824341,0
0.426023423671722,0
4.51014375686646,0
6.93592548370361,0
6.28698444366455,0
3.48443126678467,0
0.927269637584686,0
-0.0469094887375832,0
0.157082840800285,0
0.983267605304718,0
2.66107034683228,0
5.421142578125,0
8.95136642456055,0
12.8330688476562,0
16.4890670776367,0
18.7735900878906,0
19.0593318939209,0
18.8524780273438,0
20.5586242675781,0
24.0548133850098,0
26.2897624969482,0
25.3408489227295,0
23.1997451782227,0
23.0152587890625,0
24.8873443603516,0
26.2772769927979,0
25.8661766052246,0
25.0481624603271,0
25.6285839080811,0
27.6424922943115,0
29.8632755279541,0
31.4407386779785,0
32.5000915527344,0
33.4958686828613,0
34.2307739257812,0
33.6797370910645,0
31.297758102417,0
28.4282531738281,0
27.1988258361816,0
27.437952041626,0
26.0880832672119,0
21.0236701965332,0
14.3892469406128,0
10.3141250610352,0
9.8133544921875,0
9.95624351501465,0
8.12513637542725,0
5.00482368469238,0
2.56438493728638,0
0.863434612751007,0
-1.59027707576752,0
-5.14593076705933,0
-8.27987480163574,0
-9.65392398834229,0
-9.87146091461182,0
-10.684796333313,0
-12.8510694503784,0
-15.2973794937134,0
-16.5092964172363,0
-16.3582286834717,0
-16.0675296783447,0
-16.5451755523682,0
-17.626371383667,0
-19.1950607299805,0
-21.8275241851807,0
-25.2835807800293,0
-27.3936500549316,0
-26.222095489502,0
-22.9862232208252,0
-20.8233222961426,0
-20.4481658935547,0
-19.2314453125,0
-15.544358253479,0
-11.8442850112915,0
-11.5022096633911,0
-14.0397434234619,0
-16.0093803405762,0
-16.0477848052979,0
-16.4690685272217,0
-19.4961357116699,0
-24.1457424163818,0
-27.7920742034912,0
-29.1147518157959,0
-28.333646774292,0
-25.8428192138672,0
-21.9621200561523,0
-17.2223033905029,0
-11.7243432998657,0
-4.89156675338745,0
3.064049243927,0
10.1544361114502,0
14.3870000839233,0
16.0424194335938,0
16.8888092041016,0
17.5420455932617,0
17.1423206329346,0
15.5718870162964,0
14.3212423324585,0
14.630672454834,0
16.0219478607178,0
17.2994689941406,0
17.9793167114258,0
18.024959564209,0
17.0799942016602,0
14.9653348922729,0
12.5674133300781,0
11.3515815734863,0
11.8206720352173,0
12.687629699707,0
11.6676969528198,0
7.32905006408691,0
0.500340044498444,0
-6.34902763366699,0
-11.5443086624146,0
-15.6990604400635,0
-20.2268905639648,0
-24.9713668823242,0
-28.4471454620361,0
-30.0623168945312,0
-30.642749786377,0
-30.8159484863281,0
-30.5258922576904,0
-30.3995609283447,0
-31.7540664672852,0
-34.4548110961914,0
-36.3751487731934,0
-35.9875640869141,0
-34.0669174194336,0
-31.8223075866699,0
-28.9689292907715,0
-25.0893802642822,0
-21.3629722595215,0
-19.0238475799561,0
-17.2283668518066,0
-14.517707824707,0
-11.5376815795898,0
-10.0587673187256,0
-9.83910083770752,0
-8.85429096221924,0
-6.46085548400879,0
-3.8655571937561,0
-1.31111717224121,0
2.57829570770264,0
7.95895528793335,0
12.8033103942871,0
15.915358543396,0
18.5675754547119,0
21.6615886688232,0
23.6425228118896,0
23.4677429199219,0
23.6846046447754,0
27.6265697479248,0
34.5885391235352,0
40.7124404907227,0
44.0897064208984,0
45.9028778076172,0
46.6555213928223,0
44.8685035705566,0
40.5567092895508,0
36.677188873291,0
35.118350982666,0
33.8862152099609,0
30.7489185333252,0
27.5042247772217,0
27.4950675964355,0
30.1573162078857,0
31.4073657989502,0
29.1509037017822,0
25.3325023651123,0
22.3591938018799,0
20.5207462310791,0
19.6668910980225,0
20.4457530975342,0
22.3155078887939,0
22.724006652832,0
20.2839775085449,0
17.0992660522461,0
15.9353475570679,0
16.4116115570068,0
16.1594009399414,0
14.7706146240234,0
14.0978803634644,0
14.8597183227539,0
15.4261608123779,0
14.6332445144653,0
13.8806533813477,0
15.2589988708496,0
18.7732410430908,0
22.6566371917725,0
25.7518482208252,0
28.2974853515625,0
30.5521507263184,0
31.946403503418,0
32.0761871337891,0
31.6357231140137,0
31.5712661743164,0
31.855094909668,0
32.0519866943359,0
32.692138671875,0
34.6270980834961,0
36.8247489929199,0
36.4749145507812,0
32.326416015625,0
26.6533660888672,0
22.5391101837158,0
20.22336769104,0
17.7877159118652,0
14.5905628204346,0
11.8199253082275,0
9.85636901855469,0
7.4201078414917,0
3.82964158058167,0
0.130797281861305,0
-2.76581358909607,0
-5.33194541931152,0
-7.92552280426025,0
-9.65893650054932,0
-9.893723487854,0
-9.61667060852051,0
-10.2478113174438,0
-12.099250793457,0
-14.8525705337524,0
-18.359016418457,0
-21.9808654785156,0
-24.2988224029541,0
-24.5368061065674,0
-23.2645797729492,0
-20.8975296020508,0
-16.9668064117432,0
-11.9616394042969,0
-8.09938144683838,0
-6.48989915847778,0
-5.17274379730225,0
-2.35372376441956,0
-0.37250617146492,0
-3.54348850250244,0
-12.4494037628174,0
-23.203197479248,0
-32.3828773498535,0
-39.7631797790527,0
-45.6448173522949,0
-48.7155456542969,0
-48.3610000610352,0
-46.7356262207031,0
-46.259090423584,0
-46.4820556640625,0
-45.582576751709,0
-43.9330253601074,0
-43.8356742858887,0
-45.98583984375,0
-48.2600746154785,0
-48.3147430419922,0
-45.9545478820801,0
-42.7258338928223,0
-40.5081672668457,0
-40.7921371459961,0
-43.9508399963379,0
-48.4594116210938,0
-51.7331237792969,0
-52.5018424987793,0
-51.8285675048828,0
-51.3349647521973,0
-51.1906890869141,0
-50.6181488037109,0
-49.7177886962891,0
-49.5318870544434,0
-50.1933441162109,0
-50.074291229248,0
-47.4742660522461,0
-42.7045974731445,0
-37.7361145019531,0
-33.8374176025391,0
-30.365291595459,0
-26.2933864593506,0
-22.2457752227783,0
-20.0648880004883,0
-20.4717273712158,0
-22.1320819854736,0
-23.3187637329102,0
-23.5918426513672,0
-23.3285369873047,0
-22.6453342437744,0
-21.9619197845459,0
-22.927806854248,0
-26.950138092041,0
-32.43408203125,0
-35.0866889953613,0
-32.145881652832,0
-25.4986400604248,0
-19.3827171325684,0
-15.4969596862793,0
-11.8812770843506,0
-6.63485336303711,0
-0.919216692447662,0
2.81665587425232,0
4.2960090637207,0
5.3083438873291,0
6.58197593688965,0
6.81715726852417,0
5.41212701797485,0
4.36796188354492,0
6.04094982147217,0
9.95104312896729,0
13.4126586914062,0
14.9857387542725,0
15.7266693115234,0
16.8200988769531,0
17.4084796905518,0
15.6810760498047,0
11.4987211227417,0
6.99834775924683,0
4.4045934677124,0
3.60239839553833,0
2.35087966918945,0
-0.871064305305481,0
-4.77765607833862,0
-6.94293737411499,0
-7.27646827697754,0
-8.23266506195068,0
-11.0689725875854,0
-13.7693557739258,0
-14.1185808181763,0
-13.2030191421509,0
-13.6075048446655,0
-15.1252841949463,0
-15.010064125061,0
-12.4202966690063,0
-9.9025764465332,0
-9.73524475097656,0
-11.0719585418701,0
-11.8454513549805,0
-11.6627140045166,0
-11.4149284362793,0
-11.3214855194092,0
-10.7291660308838,0
-9.01556777954102,0
-5.69032192230225,0
-0.431108385324478,0
6.10498809814453,0
12.3199653625488,0
17.2312641143799,0
21.049259185791,0
23.7018184661865,0
24.3970813751221,0
23.8316516876221,0
25.100528717041,0
30.2892150878906,0
37.1640357971191,0
41.5998153686523,0
42.8176155090332,0
43.6946258544922,0
45.8688125610352,0
47.3965377807617,0
46.3066940307617,0
43.9082260131836,0
42.624885559082,0
42.3721809387207,0
41.4912528991699,0
40.1984100341797,0
40.3644714355469,0
41.9565467834473,0
42.2996864318848,0
39.7042427062988,0
35.8934440612793,0
33.6730079650879,0
33.6116523742676,0
34.3466911315918,0
35.1424102783203,0
36.5327033996582,0
38.6277770996094,0
40.0618019104004,0
39.0899505615234,0
35.4256324768066,0
30.8029880523682,0
27.5340366363525,0
26.2736148834229,0
25.6194629669189,0
24.5227527618408,0
24.3215312957764,0
26.8362827301025,0
30.8505916595459,0
32.7972259521484,0
31.4590110778809,0
29.56396484375,0
29.4174137115479,0
29.3138828277588,0
26.4951705932617,0
21.9086723327637,0
19.2425537109375,0
20.10325050354,0
22.931547164917,0
26.4408626556396,0
31.3349895477295,0
38.0480613708496,0
45.0409240722656,0
50.3714179992676,0
53.4998970031738,0
54.7353706359863,0
54.1086540222168,0
51.603343963623,0
47.6532249450684,0
42.7787590026855,0
37.2951126098633,0
31.6493682861328,0
26.4469108581543,0
22.0270481109619,0
18.5548229217529,0
16.3090572357178,0
15.0322685241699,0
13.2442798614502,0
9.36154651641846,0
3.59321117401123,0
-2.23374271392822,0
-6.76276588439941,0
-10.0924215316772,0
-12.8094539642334,0
-15.2391862869263,0
-17.7658462524414,0
-20.7686290740967,0
-24.0587425231934,0
-27.3463096618652,0
-31.1352939605713,0
-35.8126564025879,0
-39.935619354248,0
-41.260311126709,0
-39.9185600280762,0
-38.6459007263184,0
-38.9085464477539,0
-38.7112121582031,0
-35.8079986572266,0
-31.4617118835449,0
-28.8147621154785,0
-28.4261512756348,0
-27.8468627929688,0
-25.498908996582,0
-22.6685562133789,0
-21.132926940918,0
-20.8199577331543,0
-20.8679466247559,0
-21.4685363769531,0
-23.2762794494629,0
-25.9121398925781,0
-28.4100723266602,0
-30.6697902679443,0
-33.3027763366699,0
-36.3413848876953,0
-39.193675994873,0
-41.7386817932129,0
-44.4278335571289,0
-47.274528503418,0
-49.6941795349121,0
-51.4834136962891,0
-53.065013885498,0
-54.5092811584473,0
-55.157154083252,0
-54.641975402832,0
-53.6229476928711,0
-53.0444946289062,0
-53.2068023681641,0
-54.0297813415527,0
-55.7359275817871,0
-58.6517715454102,0
-62.5164680480957,0
-66.4450912475586,0
-69.546272277832,0
-71.3734130859375,0
-71.8925018310547,0
-71.2338485717773,0
-69.5819091796875,0
-67.4568862915039,0
-66.0321655273438,0
-66.4691619873047,0
-68.3554382324219,0
-69.4541320800781,0
-68.1027450561523,0
-65.5819091796875,0
-64.8696365356445,0
-67.1041564941406,0
-70.5989074707031,0
-73.3620376586914,0
-74.8981781005859,0
-75.0805969238281,0
-73.1492309570312,0
-69.0631790161133,0
-64.5185317993164,0
-61.2951965332031,0
-59.4695930480957,0
-58.2070465087891,0
-57.186107635498,0
-56.172233581543,0
-54.4539833068848,0
-52.0193824768066,0
-50.0445938110352,0
-48.7711715698242,0
-46.3062210083008,0
-41.3957939147949,0
-36.0631866455078,0
-33.2212829589844,0
-32.7548065185547,0
-32.4939804077148,0
-32.045581817627,0
-32.5412330627441,0
-33.1557846069336,0
-31.5262241363525,0
-27.9660873413086,0
-25.6847057342529,0
-25.8518848419189,0
-25.8601112365723,0
-23.8960838317871,0
-21.799186706543,0
-21.2733821868896,0
-20.5133762359619,0
-17.5338573455811,0
-14.2235527038574,0
-13.5993137359619,0
-14.8797121047974,0
-15.0378389358521,0
-14.111946105957,0
-14.981351852417,0
-18.0563087463379,0
-20.0653343200684,0
-18.8942241668701,0
-16.3701152801514,0
-14.9685325622559,0
-14.4402236938477,0
-13.2917518615723,0
-11.5176582336426,0
-10.1601266860962,0
-9.70151138305664,0
-10.4668970108032,0
-13.30784034729,0
-18.2139911651611,0
-23.1356735229492,0
-25.7581062316895,0
-25.9315967559814,0
-25.1462802886963,0
-24.3105926513672,0
-23.5064506530762,0
-23.400016784668,0
-25.0053691864014,0
-27.7123775482178,0
-29.0203399658203,0
-27.035961151123,0
-22.44504737854,0
-17.371654510498,0
-12.9732217788696,0
-8.96169090270996,0
-5.02684879302979,0
-1.63793611526489,0
0.738187491893768,0
2.38365530967712,0
3.79518580436707,0
4.87020969390869,0
5.15414714813232,0
4.63024044036865,0
3.76302027702332,0
2.93346858024597,0
2.2741584777832,0
1.81083548069,0
1.21682906150818,0
-0.261218577623367,0
-2.84869599342346,0
-5.46677303314209,0
-6.96774911880493,0
-8.09339046478271,0
-10.8761978149414,0
-15.7259044647217,0
-20.4770088195801,0
-23.1103115081787,0
-24.1736602783203,0
-25.3896293640137,0
-26.9801483154297,0
-27.9590682983398,0
-28.430118560791,0
-29.7277755737305,0
-32.1956634521484,0
-34.460018157959,0
-35.4467163085938,0
-35.821231842041,0
-36.602466583252,0
-37.314582824707,0
-36.6461524963379,0
-34.5673713684082,0
-32.6647796630859,0
-32.1452751159668,0
-32.3067893981934,0
-31.6174030303955,0
-29.9887008666992,0
-29.1381607055664,0
-30.3467922210693,0
-32.4254150390625,0
-32.6875610351562,0
-29.95068359375,0
-25.9157905578613,0
-23.2878265380859,0
-22.9874305725098,0
-23.6190948486328,0
-23.4279041290283,0
-22.2888240814209,0
-21.6187038421631,0
-22.4917163848877,0
-24.1664447784424,0
-24.8585529327393,0
-23.9178771972656,0
-22.4859027862549,0
-21.5522003173828,0
-20.3146324157715,0
-17.7671318054199,0
-15.4505567550659,0
-16.7450046539307,0
-22.8190498352051,0
-30.7388496398926,0
-36.6854400634766,0
-40.1295433044434,0
-43.635082244873,0
-49.028434753418,0
-54.9405059814453,0
-58.1897888183594,0
-56.9899940490723,0
-52.8459625244141,0
-49.5811042785645,0
-50.1159057617188,0
-53.809944152832,0
-57.3295021057129,0
-58.2502288818359,0
-56.963809967041,0
-54.7584800720215,0
-51.4425735473633,0
-46.0615539550781,0
-38.9594039916992,0
-31.6170387268066,0
-25.007884979248,0
-19.5282497406006,0
-15.9703598022461,0
-14.7983150482178,0
-14.6144752502441,0
-13.0798683166504,0
-9.5516881942749,0
-5.47059679031372,0
-2.29744744300842,0
-0.682978630065918,0
-1.33655691146851,0
-4.33070516586304,0
-7.29639196395874,0
-7.06137323379517,0
-4.14944934844971,0
-3.01252579689026,0
-6.15248250961304,0
-10.5878963470459,0
-12.5208578109741,0
-13.1755323410034,0
-16.7013549804688,0
-23.7316818237305,0
-30.7621307373047,0
-35.4386444091797,0
-38.6703071594238,0
-41.1654777526855,0
-41.6909027099609,0
-40.1698608398438,0
-39.2588539123535,0
-40.7548141479492,0
-42.8662567138672,0
-43.2150115966797,0
-42.4476623535156,0
-42.4336051940918,0
-42.6155166625977,0
-40.9696426391602,0
-37.5459365844727,0
-34.2505149841309,0
-31.6483840942383,0
-28.6562423706055,0
-25.1650123596191,0
-22.2794208526611,0
-19.8354377746582,0
-16.3335494995117,0
-11.8097095489502,0
-8.18413829803467,0
-5.96931934356689,0
-3.22274041175842,0
0.98100471496582,0
4.52255249023438,0
5.4910454750061,0
5.39452791213989,0
6.91037273406982,0
9.89730453491211,0
11.931568145752,0
11.8567085266113,0
10.6381206512451,0
9.31378173828125,0
8.08775520324707,0
7.04467535018921,0
5.99197244644165,0
3.97770047187805,0
0.57139128446579,0
-2.91317701339722,0
-5.11068487167358,0
-6.77381610870361,0
-9.30963134765625,0
-11.9477243423462,0
-12.8374547958374,0
-12.4981842041016,0
-13.2510261535645,0
-14.9703397750854,0
-14.3509483337402,0
-9.39955520629883,0
-2.19159913063049,0
4.08220481872559,0
8.69536304473877,0
12.6556072235107,0
16.2729644775391,0
19.0035247802734,0
20.3238220214844,0
19.4540996551514,0
15.528787612915,0
9.26193904876709,0
3.14885687828064,0
-1.19364154338837,0
-4.6516375541687,0
-8.51487350463867,0
-12.2149610519409,0
-14.4567890167236,0
-15.1943578720093,0
-15.0697765350342,0
-14.2962656021118,0
-13.6371173858643,0
-14.9758729934692,0
-18.9352893829346,0
-23.1556968688965,0
-25.0923023223877,0
-25.5515365600586,0
-27.1962814331055,0
-30.3424453735352,0
-32.7300186157227,0
-33.0617599487305,0
-32.248363494873,0
-31.1840400695801,0
-29.7248973846436,0
-28.0950183868408,0
-26.94655418396,0
-25.5819854736328,0
-22.4335803985596,0
-18.011079788208,0
-15.1201047897339,0
-15.1275959014893,0
-16.0729236602783,0
-15.7400636672974,0
-14.673680305481,0
-14.5276880264282,0
-15.0108776092529,0
-14.4208679199219,0
-12.2954549789429,0
-9.75292015075684,0
-7.6614933013916,0
-5.88916063308716,0
-4.07573652267456,0
-2.06906294822693,0
0.0916033834218979,0
1.80028295516968,0
1.9636892080307,0
0.203097835183144,0
-2.5692310333252,0
-5.34516572952271,0
-7.91918849945068,0
-9.93343162536621,0
-10.253511428833,0
-8.47331047058105,0
-6.05791187286377,0
-4.76647138595581,0
-4.8849515914917,0
-6.19874382019043,0
-9.36627197265625,0
-14.4731645584106,0
-19.2904071807861,0
-21.2479724884033,0
-20.6572532653809,0
-19.8685436248779,0
-19.6989059448242,0
-19.0162220001221,0
-17.5275707244873,0
-16.2232933044434,0
-14.8311281204224,0
-11.7490453720093,0
-7.41242074966431,0
-4.91982316970825,0
-5.72908353805542,0
-7.16465520858765,0
-6.3262791633606,0
-4.54161930084229,0
-5.29519128799438,0
-8.82926654815674,0
-11.6193828582764,0
-11.1489248275757,0
-8.84972476959229,0
-7.77604579925537,0
-9.16237449645996,0
-12.1283349990845,0
-15.4915933609009,0
-18.7382946014404,0
-21.6956768035889,0
-24.0824775695801,0
-25.3441028594971,0
-24.6372833251953,0
-21.2037906646729,0
-15.1379489898682,0
-7.78062582015991,0
-1.08345150947571,0
3.69888520240784,0
6.88748455047607,0
9.91005516052246,0
13.6786231994629,0
17.4026222229004,0
19.4068756103516,0
19.2741413116455,0
18.6219158172607,0
19.2572822570801,0
20.9698429107666,0
21.8691368103027,0
20.7394466400146,0
18.2335205078125,0
15.632640838623,0
13.3262519836426,0
11.0644855499268,0
9.03303718566895,0
7.73471212387085,0
6.87712478637695,0
5.17963409423828,0
1.64457941055298,0
-3.28036665916443,0
-8.00316905975342,0
-11.0538921356201,0
-11.9923267364502,0
-11.3872680664062,0
-10.2054662704468,0
-9.20901107788086,0
-8.78255081176758,0
-9.133544921875,0
-10.3530797958374,0
-12.1196918487549,0
-13.6204986572266,0
-14.1552209854126,0
-13.7719078063965,0
-13.0178089141846,0
-12.1557588577271,0
-10.984769821167,0
-9.38236141204834,0
-7.59978199005127,0
-5.9384503364563,0
-4.49342250823975,0
-3.38509297370911,0
-3.01061654090881,0
-3.82717752456665,0
-5.79649782180786,0
-8.00662612915039,0
-9.04971218109131,0
-8.2060375213623,0
-6.25218629837036,0
-4.5453896522522,0
-3.27214097976685,0
-1.42790162563324,0
1.28987908363342,0
3.79647779464722,0
5.51195335388184,0
7.60561466217041,0
11.0682973861694,0
14.6624155044556,0
16.5250549316406,0
17.0529556274414,0
18.1693553924561,0
20.0523109436035,0
20.7747764587402,0
19.396032333374,0
17.3659229278564,0
16.298620223999,0
16.1523284912109,0
16.3452739715576,0
17.0401878356934,0
18.3790531158447,0
19.7211723327637,0
20.501579284668,0
20.7971935272217,0
20.4540691375732,0
18.8629264831543,0
16.2710418701172,0
14.1609601974487,0
13.6652317047119,0
14.6535882949829,0
16.7583770751953,0
19.8516216278076,0
22.9388484954834,0
24.2851905822754,0
23.6991729736328,0
23.2425346374512,0
24.4939498901367,0
26.3815364837646,0
26.896448135376,0
25.6428127288818,0
23.3118591308594,0
19.8475532531738,0
14.8347034454346,0
9.00740909576416,0
3.87507128715515,0
0.251330614089966,0
-1.89254534244537,0
-2.95523762702942,0
-4.14906740188599,0
-7.26710939407349,0
-12.440393447876,0
-17.00510597229,0
-18.3107128143311,0
-16.9596538543701,0
-15.4438972473145,0
-14.1801843643188,0
-11.1083879470825,0
-5.18170070648193,0
1.95236277580261,0
8.28705787658691,0
13.6184101104736,0
18.5288410186768,0
22.6921062469482,0
25.3125400543213,0
26.420337677002,0
26.8400020599365,0
27.3557605743408,0
28.3922748565674,0
29.9179859161377,0
31.1849517822266,0
31.1376762390137,0
29.6263408660889,0
27.8956985473633,0
27.5374546051025,0
29.1731300354004,0
32.1311149597168,0
34.871166229248,0
35.7302780151367,0
34.0793838500977,0
31.1124401092529,0
28.8704166412354,0
28.1048278808594,0
27.6519432067871,0
26.2400798797607,0
24.1869869232178,0
22.6352767944336,0
21.6432342529297,0
20.0155258178711,0
17.0568103790283,0
13.6764965057373,0
11.2957677841187,0
10.0397214889526,0
8.58253479003906,0
5.80862665176392,0
2.12240743637085,0
-1.22813844680786,0
-3.73159193992615,0
-5.80881595611572,0
-7.46483087539673,0
-7.65038251876831,0
-5.53875303268433,0
-1.93177485466003,0
1.24097752571106,0
2.56045770645142,0
1.79101014137268,0
-0.621617257595062,0
-3.90937566757202,0
-6.9944281578064,0
-9.00150394439697,0
-9.99325847625732,0
-10.7552795410156,0
-11.781623840332,0
-12.8098316192627,0
-13.2220373153687,0
-12.4702072143555,0
-10.3643131256104,0
-7.58969211578369,0
-5.70478439331055,0
-5.74290370941162,0
-6.83898448944092,0
-7.15973281860352,0
-6.24340152740479,0
-5.32376337051392,0
-5.09451246261597,0
-4.52759456634521,0
-2.77239799499512,0
-1.03381073474884,0
-1.09723258018494,0
-2.49486684799194,0
-2.66483616828918,0
-0.0497883260250092,0
4.13488006591797,0
7.534912109375,0
9.09461116790771,0
9.40762329101562,0
9.4533805847168,0
9.74293041229248,0
10.4273595809937,0
11.5983142852783,0
13.2592449188232,0
15.0287561416626,0
15.9848031997681,0
15.2394561767578,0
13.0669384002686,0
11.0957822799683,0
10.6999816894531,0
11.3468437194824,0
11.1943483352661,0
9.12316513061523,0
5.44188117980957,0
1.02250254154205,0
-2.96643090248108,0
-4.68350410461426,0
-2.82496428489685,0
1.17552578449249,0
3.71031832695007,0
2.62012529373169,0
-1.06117963790894,0
-5.6580548286438,0
-11.2796115875244,0
-18.2761135101318,0
-25.0368690490723,0
-29.4845962524414,0
-31.7239303588867,0
-33.1317558288574,0
-33.7465972900391,0
-32.8315696716309,0
-31.1973152160645,0
-30.2534713745117,0
-29.1496448516846,0
-25.8160247802734,0
-20.8985385894775,0
-17.487133026123,0
-16.333948135376,0
-14.6754570007324,0
-11.0956935882568,0
-8.18958854675293,0
-8.21793746948242,0
-9.17563247680664,0
-8.23140048980713,0
-6.71783876419067,0
-8.05621337890625,0
-12.2408838272095,0
-16.4242534637451,0
-20.4349517822266,0
-27.4764938354492,0
-38.5964889526367,0
-50.1074409484863,0
-57.9677314758301,0
-61.7659606933594,0
-62.7301368713379,0
-60.7387313842773,0
-55.8501892089844,0
-50.5900039672852,0
-47.5915756225586,0
-46.0475006103516,0
-43.4154624938965,0
-40.013614654541,0
-38.8074264526367,0
-40.4869384765625,0
-41.882740020752,0
-40.4375877380371,0
-37.7098197937012,0
-36.6844291687012,0
-37.5464744567871,0
-38.3089447021484,0
-38.3555335998535,0
-38.820915222168,0
-39.7862281799316,0
-39.4679565429688,0
-36.6255302429199,0
-31.9992752075195,0
-26.8628787994385,0
-21.8568515777588,0
-18.0132484436035,0
-17.1725540161133,0
-19.8936958312988,0
-24.0404644012451,0
-27.0472545623779,0
-29.010913848877,0
-32.0716361999512,0
-37.1689796447754,0
-43.0575408935547,0
-48.4869270324707,0
-53.614616394043,0
-58.6719360351562,0
-62.5929412841797,0
-63.9188537597656,0
-62.3366394042969,0
-58.6297302246094,0
-53.7442398071289,0
-48.54638671875,0
-43.8679695129395,0
-39.9406967163086,0
-36.0228881835938,0
-31.1985187530518,0
-25.4489765167236,0
-19.6950359344482,0
-15.1465005874634,0
-12.7636108398438,0
-12.5856714248657,0
-13.0924625396729,0
-12.099497795105,0
-9.1778039932251,0
-6.48598003387451,0
-6.14515256881714,0
-7.48909187316895,0
-8.35694313049316,0
-8.5541877746582,0
-10.0026063919067,0
-13.3811130523682,0
-16.9731006622314,0
-19.8607883453369,0
-24.056676864624,0
-31.4812450408936,0
-40.3037300109863,0
-46.7736396789551,0
-50.0441627502441,0
-52.5496978759766,0
-55.5539817810059,0
-57.1559753417969,0
-55.8368339538574,0
-53.5355682373047,0
-53.1115264892578,0
-54.2422142028809,0
-54.2553901672363,0
-52.3970031738281,0
-50.728572845459,0
-50.4720039367676,0
-49.7787284851074,0
-46.4031562805176,0
-41.0838356018066,0
-36.5916862487793,0
-34.0991554260254,0
-32.2143936157227,0
-29.6461410522461,0
-27.1992816925049,0
-26.3134574890137,0
-26.7299785614014,0
-26.907922744751,0
-26.3587684631348,0
-26.174036026001,0
-27.0201225280762,0
-27.9316024780273,0
-27.9205760955811,0
-27.8247756958008,0
-29.3394794464111,0
-32.6406440734863,0
-36.1833343505859,0
-38.6907958984375,0
-40.067813873291,0
-40.27734375,0
-38.7620429992676,0
-35.5787620544434,0
-31.8993949890137,0
-28.5241088867188,0
-24.8579044342041,0
-20.3447933197021,0
-16.0593929290771,0
-13.5656766891479,0
-12.6214532852173,0
-11.3623037338257,0
-8.74370956420898,0
-5.60248565673828,0
-3.04054427146912,0
-0.779127418994904,0
2.33354711532593,0
6.76447343826294,0
11.6843309402466,0
15.523832321167,0
16.910701751709,0
15.6324157714844,0
13.215503692627,0
12.2369956970215,0
14.359751701355,0
18.8240356445312,0
23.1372509002686,0
25.3946743011475,0
25.7455883026123,0
25.520824432373,0
25.3855228424072,0
24.9587440490723,0
24.1150436401367,0
23.7164745330811,0
24.5416278839111,0
26.2142429351807,0
28.0128402709961,0
30.1814918518066,0
33.2863311767578,0
36.527172088623,0
38.123104095459,0
37.7088737487793,0
37.1201438903809,0
38.2051124572754,0
40.8684196472168,0
43.902156829834,0
46.6295013427734,0
48.6944160461426,0
49.1529541015625,0
47.3092346191406,0
44.3547019958496,0
42.9104995727539,0
44.4387893676758,0
47.5653915405273,0
49.2733955383301,0
47.7355651855469,0
44.0464096069336,0
41.0601654052734,0
40.1678161621094,0
39.5133743286133,0
36.3351936340332,0
30.9680995941162,0
26.9556655883789,0
26.544397354126,0
27.7316207885742,0
27.2290000915527,0
25.019603729248,0
23.8574600219727,0
24.841911315918,0
25.8922748565674,0
24.9846248626709,0
22.86354637146,0
21.5793018341064,0
21.8267364501953,0
22.9576091766357,0
24.5838432312012,0
26.637020111084,0
28.1469783782959,0
27.5140323638916,0
24.7092666625977,0
22.4797210693359,0
24.2526359558105,0
30.485990524292,0
37.7584915161133,0
42.2608375549316,0
43.8645553588867,0
45.6146125793457,0
49.2195434570312,0
52.7174606323242,0
53.4917755126953,0
51.995906829834,0
50.7488479614258,0
50.6802864074707,0
50.6771965026855,0
50.3414039611816,0
50.6616592407227,0
51.464900970459,0
50.6236038208008,0
47.2138786315918,0
43.752197265625,0
43.4315528869629,0
45.9778747558594,0
48.0726890563965,0
47.7401084899902,0
46.7282752990723,0
48.0306625366211,0
52.0254402160645,0
55.8722877502441,0
56.4400939941406,0
53.1002807617188,0
47.450008392334,0
41.0466232299805,0
34.467155456543,0
28.4997005462646,0
24.6818466186523,0
23.568115234375,0
23.512580871582,0
22.6993751525879,0
21.7633361816406,0
22.6134052276611,0
24.9352779388428,0
26.0085258483887,0
24.4102973937988,0
21.802978515625,0
20.0159893035889,0
18.200080871582,0
14.5322694778442,0
9.5964183807373,0
6.24484014511108,0
6.45701932907104,0
9.710618019104,0
14.2607536315918,0
18.715991973877,0
22.1202564239502,0
23.4629230499268,0
21.8482227325439,0
17.2741279602051,0
11.2172603607178,0
6.1019115447998,0
3.53078031539917,0
2.96260333061218,0
2.73195171356201,0
2.32852435112,0
2.74509859085083,0
4.45716524124146,0
6.30502986907959,0
7.07161664962769,0
7.25468301773071,0
8.45519542694092,0
11.5442295074463,0
15.9331865310669,0
20.0273342132568,0
22.0496692657471,0
21.294319152832,0
19.0073623657227,0
17.0026092529297,0
14.8918151855469,0
10.0558977127075,0
1.40980875492096,0
-8.10155582427979,0
-14.3706712722778,0
-16.7519817352295,0
-18.1375999450684,0
-20.7330341339111,0
-23.5095157623291,0
-24.1777820587158,0
-22.2545337677002,0
-19.2850914001465,0
-16.6977062225342,0
-14.3874645233154,0
-11.551477432251,0
-8.37036228179932,0
-6.15728425979614,0
-5.64289045333862,0
-5.86643648147583,0
-5.57219934463501,0
-5.12032222747803,0
-5.75810050964355,0
-7.35185146331787,0
-8.50607967376709,0
-8.90457820892334,0
-9.46615219116211,0
-9.66795444488525,0
-7.08117628097534,0
-0.971423447132111,0
5.66951894760132,0
9.61042308807373,0
11.312837600708,0
13.2207946777344,0
15.4913816452026,0
16.1645317077637,0
15.0173673629761,0
14.4220600128174,0
16.0452194213867,0
19.0076084136963,0
22.0144672393799,0
25.4241008758545,0
30.1858348846436,0
35.9197082519531,0
40.9110336303711,0
43.3857574462891,0
42.6291427612305,0
39.7959480285645,0
37.7614822387695,0
39.0565719604492,0
43.5580940246582,0
48.9959907531738,0
53.7367820739746,0
57.9555892944336,0
61.9961280822754,0
65.0416870117188,0
66.1000747680664,0
65.2813491821289,0
63.3736610412598,0
60.8618698120117,0
57.9145355224609,0
54.6852874755859,0
51.115665435791,0
46.9762420654297,0
42.4842338562012,0
38.3723983764648,0
35.0880508422852,0
32.439151763916,0
30.0989532470703,0
27.7242221832275,0
24.5487194061279,0
19.9679832458496,0
14.9267225265503,0
11.6032295227051,0
10.9736938476562,0
11.5799570083618,0
11.506217956543,0
10.7030544281006,0
10.3833293914795,0
11.0178632736206,0
12.3893795013428,0
15.1352415084839,0
20.4303436279297,0
27.8669281005859,0
35.2154235839844,0
41.0073089599609,0
46.078971862793,0
51.5450134277344,0
56.3271598815918,0
58.2114791870117,0
56.9440460205078,0
54.7743148803711,0
53.8496627807617,0
54.3190536499023,0
55.1674041748047,0
55.565258026123,0
54.8929481506348,0
52.7019348144531,0
49.4301528930664,0
46.0962066650391,0
42.526237487793,0
37.1011619567871,0
29.3010101318359,0
21.2079696655273,0
15.024377822876,0
10.304573059082,0
5.54156875610352,0
1.44258093833923,0
0.109720997512341,0
1.39645385742188,0
2.8223569393158,0
3.29057216644287,0
4.14888858795166,0
5.94342803955078,0
6.99115324020386,0
6.49412965774536,0
6.3922643661499,0
8.17450332641602,0
10.1156787872314,0
10.0830936431885,0
9.30172538757324,0
10.564736366272,0
13.8982515335083,0
16.9930477142334,0
19.4066162109375,0
23.2022190093994,0
28.9949722290039,0
34.0931510925293,0
35.764347076416,0
34.5189437866211,0
32.8774147033691,0
32.1047134399414,0
31.4304237365723,0
29.8588066101074,0
27.6278285980225,0
25.8370342254639,0
25.0896492004395,0
24.7095775604248,0
23.4812755584717,0
21.1270332336426,0
18.4065570831299,0
15.456428527832,0
11.0258779525757,0
4.26956796646118,0
-3.55469417572021,0
-10.4188652038574,0
-15.8931732177734,0
-20.7630462646484,0
-24.8687000274658,0
-27.1562232971191,0
-27.7819499969482,0
-28.2815399169922,0
-29.218469619751,0
-29.1599464416504,0
-26.4519367218018,0
-20.7419986724854,0
-12.5077886581421,0
-2.64722967147827,0
6.936851978302,0
13.9592266082764,0
17.9312934875488,0
20.6093273162842,0
23.5580406188965,0
26.4517822265625,0
28.4707832336426,0
29.9053649902344,0
31.2206554412842,0
31.8206768035889,0
31.2569923400879,0
30.831428527832,0
32.4339332580566,0
36.1492614746094,0
40.2797431945801,0
43.488712310791,0
45.8520622253418,0
48.0710792541504,0
50.7378921508789,0
54.2549362182617,0
58.4779777526855,0
62.3390045166016,0
64.4160690307617,0
63.8103866577148,0
60.2211875915527,0
53.9110412597656,0
46.3271408081055,0
39.888126373291,0
35.9015426635742,0
33.2133102416992,0
30.232063293457,0
27.7860546112061,0
28.23118019104,0
31.73655128479,0
35.3081550598145,0
36.1051445007324,0
34.2227401733398,0
31.4257678985596,0
28.6441345214844,0
26.0892543792725,0
24.8179092407227,0
26.315975189209,0
30.4296646118164,0
34.9936447143555,0
38.0128707885742,0
39.4861526489258,0
40.5250434875488,0
41.1708030700684,0
40.0594215393066,0
36.6538200378418,0
33.0744781494141,0
32.368335723877,0
34.5845756530762,0
35.9790420532227,0
33.533763885498,0
29.3074474334717,0
28.005220413208,0
30.2844047546387,0
31.34250831604,0
27.4816493988037,0
21.3459873199463,0
17.9213943481445,0
17.307014465332,0
15.4107866287231,0
11.2851600646973,0
9.09755039215088,0
11.3235244750977,0
14.2869672775269,0
13.7349739074707,0
11.6487169265747,0
12.992654800415,0
17.4325466156006,0
19.6383209228516,0
17.9564552307129,0
17.3398170471191,0
21.5694980621338,0
27.2240505218506,0
28.9401741027832,0
27.2658443450928,0
26.8447971343994,0
28.7678871154785,0
29.4810009002686,0
26.7316856384277,0
22.149866104126,0
17.5606479644775,0
12.8428630828857,0
8.54045486450195,0
6.83585786819458,0
8.05888843536377,0
9.22844314575195,0
8.14485740661621,0
6.463454246521,0
6.61023998260498,0
7.90569067001343,0
8.04398822784424,0
6.43060970306396,0
3.61354088783264,0
-0.765173077583313,0
-6.68545913696289,0
-11.9076948165894,0
-14.4050989151001,0
-15.5816774368286,0
-18.0518913269043,0
-21.1167469024658,0
-21.8160495758057,0
-19.9513301849365,0
-18.2247371673584,0
-17.1321392059326,0
-13.8007192611694,0
-7.2637186050415,0
-1.13064312934875,0
1.32928431034088,0
1.80425202846527,0
3.90413784980774,0
7.85006618499756,0
11.2754774093628,0
13.6000843048096,0
16.1787662506104,0
19.0039768218994,0
20.742790222168,0
21.876932144165,0
24.3716659545898,0
27.672534942627,0
28.2990436553955,0
24.7655754089355,0
20.1641731262207,0
18.0402355194092,0
17.9690818786621,0
17.459098815918,0
16.4855804443359,0
17.3894233703613,0
20.9988441467285,0
25.3866291046143,0
28.5154132843018,0
30.2245903015137,0
31.468692779541,0
33.149486541748,0
35.7939453125,0
38.9967613220215,0
41.2185211181641,0
41.5699119567871,0
41.6632347106934,0
44.005256652832,0
48.5404739379883,0
52.6735153198242,0
54.9310989379883,0
56.449764251709,0
58.2026405334473,0
59.1014137268066,0
58.2356948852539,0
57.0076637268066,0
57.2102813720703,0
58.4501762390137,0
59.3767433166504,0
60.2615242004395,0
62.2690505981445,0
64.97705078125,0
66.7454605102539,0
67.1819763183594,0
67.428466796875,0
68.3581848144531,0
70.159294128418,0
73.0966033935547,0
76.6648025512695,0
78.516471862793,0
76.66015625,0
72.5911712646484,0
69.7135848999023,0
68.6269073486328,0
66.8920211791992,0
63.8900756835938,0
62.3757209777832,0
63.5723190307617,0
64.0335083007812,0
60.1177291870117,0
53.1785087585449,0
47.237735748291,0
43.356273651123,0
39.8295707702637,0
36.8312072753906,0
36.9050102233887,0
40.7297019958496,0
45.8778381347656,0
50.514518737793,0
55.2545356750488,0
60.1949768066406,0
62.9505996704102,0
61.5552101135254,0
57.4279327392578,0
53.5778160095215,0
51.1051406860352,0
49.0309753417969,0
46.4754524230957,0
43.3624687194824,0
39.6294250488281,0
35.2306785583496,0
30.7856864929199,0
27.3533210754395,0
25.6599426269531,0
25.7800998687744,0
27.0156097412109,0
28.0428085327148,0
28.2096729278564,0
28.8066558837891,0
31.6477241516113,0
36.0784492492676,0
39.1417541503906,0
39.4181518554688,0
38.803897857666,0
39.395694732666,0
40.6784019470215,0
41.5156898498535,0
42.9772071838379,0
46.7235870361328,0
51.8384780883789,0
55.9056625366211,0
58.5188941955566,0
61.0557518005371,0
63.2615509033203,0
62.8132972717285,0
58.6479148864746,0
52.3888549804688,0
45.9560623168945,0
39.9718551635742,0
35.2162857055664,0
33.3374404907227,0
34.7228240966797,0
37.3081855773926,0
38.9053421020508,0
39.537841796875,0
40.3969650268555,0
41.7910690307617,0
43.3196983337402,0
44.7567939758301,0
45.3618087768555,0
43.6061325073242,0
39.3077507019043,0
34.9396018981934,0
32.8135833740234,0
31.8482055664062,0
29.4785289764404,0
26.1554374694824,0
24.991325378418,0
26.7193355560303,0
28.2189254760742,0
27.390230178833,0
26.5826511383057,0
28.8020973205566,0
32.6321716308594,0
34.0062065124512,0
32.025993347168,0
29.7863330841064,0
29.3571968078613,0
28.987211227417,0
26.3836631774902,0
22.3989505767822,0
19.6472988128662,0
18.7728595733643,0
17.967098236084,0
15.8100366592407,0
13.0907182693481,0
11.5552911758423,0
11.7304773330688,0
12.5225563049316,0
12.7787742614746,0
12.735297203064,0
13.3680906295776,0
14.2909259796143,0
13.2653560638428,0
8.7111349105835,0
2.11018562316895,0
-3.38088631629944,0
-6.55316352844238,0
-9.02454662322998,0
-12.420090675354,0
-16.2095069885254,0
-18.9748706817627,0
-20.582670211792,0
-22.226598739624,0
-25.0933933258057,0
-29.5179386138916,0
-34.5362014770508,0
-37.8299598693848,0
-37.4247779846191,0
-34.3139381408691,0
-32.0988922119141,0
-32.8115997314453,0
-34.314338684082,0
-33.4210662841797,0
-30.4621467590332,0
-28.5027160644531,0
-28.5206928253174,0
-28.0406360626221,0
-25.1932544708252,0
-21.7967395782471,0
-20.8511810302734,0
-22.3738327026367,0
-23.5105590820312,0
-22.2736644744873,0
-19.6171417236328,0
-17.6845169067383,0
-17.1073398590088,0
-16.5924606323242,0
-14.7875776290894,0
-11.9998826980591,0
-9.70681762695312,0
-8.36888313293457,0
-6.49697208404541,0
-2.81554746627808,0
1.11988854408264,0
2.11766362190247,0
-0.501348614692688,0
-3.74318361282349,0
-4.9903998374939,0
-5.47174072265625,0
-7.83127117156982,0
-11.6182069778442,0
-13.8834037780762,0
-13.8074989318848,0
-13.7778263092041,0
-15.4089393615723,0
-17.3751201629639,0
-18.3579483032227,0
-19.2950897216797,0
-20.6182727813721,0
-19.7941207885742,0
-14.8051414489746,0
-8.61208343505859,0
-6.46346664428711,0
-9.01262855529785,0
-11.6796083450317,0
-11.4059991836548,0
-10.451732635498,0
-11.9002056121826,0
-14.7440824508667,0
-16.2628116607666,0
-16.8692932128906,0
-18.9334087371826,0
-21.8937034606934,0
-22.4514465332031,0
-19.8601512908936,0
-17.3967304229736,0
-17.2545490264893,0
-17.0713062286377,0
-13.8159351348877,0
-8.91624164581299,0
-6.5778694152832,0
-7.97378063201904,0
-9.99892330169678,0
-9.7682638168335,0
-7.74265003204346,0
-5.73098993301392,0
-4.1495532989502,0
-2.80528092384338,0
-2.7946138381958,0
-5.41423988342285,0
-9.38935470581055,0
-11.0086002349854,0
-7.84194469451904,0
-1.60618197917938,0
3.45986580848694,0
4.9673490524292,0
4.55840635299683,0
5.57424354553223,0
9.15311336517334,0
13.3534374237061,0
15.8466396331787,0
16.2754592895508,0
15.6133604049683,0
14.5540761947632,0
13.5790338516235,0
13.4274387359619,0
13.8555879592896,0
12.7383403778076,0
8.47820663452148,0
2.98368525505066,0
-0.10293010622263,0
-0.323423534631729,0
-0.988621413707733,0
-4.13558721542358,0
-7.74296903610229,0
-9.62581253051758,0
-11.3693065643311,0
-15.6152286529541,0
-21.3482990264893,0
-25.2481803894043,0
-26.7890796661377,0
-28.4939136505127,0
-31.2405376434326,0
-32.7895622253418,0
-31.6312026977539,0
-29.0514316558838,0
-26.1033878326416,0
-21.5388145446777,0
-14.7533960342407,0
-8.35810661315918,0
-5.32317209243774,0
-5.16827344894409,0
-5.42367935180664,0
-5.67231321334839,0
-7.60821914672852,0
-11.7389659881592,0
-16.4074478149414,0
-19.8717594146729,0
-21.4698677062988,0
-21.1612129211426,0
-19.8574275970459,0
-19.640172958374,0
-21.4048137664795,0
-22.7938919067383,0
-21.0730419158936,0
-17.663402557373,0
-16.5758247375488,0
-18.1901779174805,0
-18.4504566192627,0
-15.510082244873,0
-13.2249565124512,0
-15.4494218826294,0
-20.161304473877,0
-22.7457752227783,0
-22.713207244873,0
-23.1479263305664,0
-24.9805469512939,0
-26.1708316802979,0
-26.1732368469238,0
-26.9019470214844,0
-28.6651763916016,0
-29.0951080322266,0
-27.4892749786377,0
-26.7186298370361,0
-28.7692947387695,0
-31.2609539031982,0
-30.963659286499,0
-28.6671848297119,0
-27.7101192474365,0
-28.9663562774658,0
-30.1770935058594,0
-29.7600650787354,0
-28.6120624542236,0
-27.981761932373,0
-27.8560180664062,0
-28.0964012145996,0
-29.3571758270264,0
-31.9795989990234,0
-35.3420829772949,0
-39.2364845275879,0
-44.6759452819824,0
-52.102596282959,0
-59.636848449707,0
-64.601203918457,0
-66.5373306274414,0
-67.3262786865234,0
-68.2458724975586,0
-68.373161315918,0
-66.5419921875,0
-63.6139640808105,0
-61.5978584289551,0
-61.1903648376465,0
-61.4720916748047,0
-61.7325859069824,0
-62.255744934082,0
-63.2201538085938,0
-64.0815734863281,0
-64.4794464111328,0
-64.8395614624023,0
-65.6811752319336,0
-67.071418762207,0
-68.8977279663086,0
-70.6555557250977,0
-70.8356170654297,0
-68.0527114868164,0
-63.5199317932129,0
-60.8816261291504,0
-62.2527885437012,0
-65.4696273803711,0
-66.6591720581055,0
-64.6286773681641,0
-61.1783676147461,0
-57.9955406188965,0
-55.405891418457,0
-53.9766044616699,0
-55.0434036254883,0
-58.9346504211426,0
-64.2125244140625,0
-69.3083572387695,0
-73.6231918334961,0
-76.6099624633789,0
-77.4222030639648,0
-76.3778610229492,0
-75.3049468994141,0
-75.2393417358398,0
-74.980827331543,0
-73.2340393066406,0
-71.0475158691406,0
-70.4763336181641,0
-71.5989761352539,0
-72.6415023803711,0
-72.5591812133789,0
-71.5599365234375,0
-69.3181762695312,0
-65.0039978027344,0
-59.6286392211914,0
-56.1445007324219,0
-55.908561706543,0
-56.6740074157715,0
-55.6495628356934,0
-53.2665748596191,0
-51.985538482666,0
-52.1607284545898,0
-51.434326171875,0
-48.4181900024414,0
-44.8169822692871,0
-42.8537178039551,0
-42.1521148681641,0
-40.742301940918,0
-38.330810546875,0
-36.7448348999023,0
-37.1264343261719,0
-38.4355010986328,0
-39.4933929443359,0
-41.0318031311035,0
-44.1773490905762,0
-47.6745529174805,0
-48.564811706543,0
-45.7659072875977,0
-41.2299919128418,0
-37.0068473815918,0
-32.945915222168,0
-28.40456199646,0
-24.4803047180176,0
-22.6670608520508,0
-22.4734268188477,0
-22.5615234375,0
-23.4897041320801,0
-26.8167514801025,0
-31.738468170166,0
-35.4142646789551,0
-37.1217994689941,0
-39.3308410644531,0
-43.5075073242188,0
-47.4388580322266,0
-48.5519180297852,0
-47.7362251281738,0
-47.48779296875,0
-47.7613067626953,0
-46.3839111328125,0
-42.904411315918,0
-39.360279083252,0
-37.1843605041504,0
-35.7120475769043,0
-34.2831192016602,0
-33.7357635498047,0
-34.6559257507324,0
-35.5005760192871,0
-33.8862037658691,0
-29.3943004608154,0
-24.2250003814697,0
-21.0785026550293,0
-20.7716255187988,0
-21.9277954101562,0
-22.7815628051758,0
-23.0511837005615,0
-23.7919902801514,0
-25.6000156402588,0
-27.7290534973145,0
-29.2688369750977,0
-30.3405609130859,0
-31.4128799438477,0
-32.1374168395996,0
-31.8738708496094,0
-30.986026763916,0
-30.5407123565674,0
-30.7998962402344,0
-30.9919872283936,0
-30.7295513153076,0
-30.8419628143311,0
-32.3988151550293,0
-35.2426910400391,0
-37.7629814147949,0
-38.2244758605957,0
-36.578556060791,0
-34.8955230712891,0
-35.3650817871094,0
-37.7630462646484,0
-39.8131141662598,0
-40.324146270752,0
-40.6083450317383,0
-41.9486885070801,0
-43.1906051635742,0
-42.5326347351074,0
-40.6447486877441,0
-39.8523864746094,0
-40.6211013793945,0
-41.0821075439453,0
-40.2469520568848,0
-39.6408615112305,0
-41.0774230957031,0
-44.433666229248,0
-48.3731384277344,0
-51.9028015136719,0
-54.4834480285645,0
-55.8787040710449,0
-56.7471733093262,0
-58.3799934387207,0
-61.1360549926758,0
-64.0217895507812,0
-66.2789916992188,0
-68.3035583496094,0
-70.5594253540039,0
-72.894287109375,0
-75.4784393310547,0
-78.8921356201172,0
-82.4840240478516,0
-84.3306884765625,0
-83.997184753418,0
-83.6119232177734,0
-84.5775375366211,0
-84.8463897705078,0
-81.6628494262695,0
-75.8590240478516,0
-70.9234237670898,0
-68.3754577636719,0
-66.5952911376953,0
-64.1451568603516,0
-61.743968963623,0
-60.4759292602539,0
-60.1730003356934,0
-60.2991905212402,0
-60.7133941650391,0
-60.9090843200684,0
-60.1500968933105,0
-59.0605087280273,0
-59.452808380127,0
-61.6939125061035,0
-63.6785583496094,0
-63.3177452087402,0
-60.6982231140137,0
-56.9426803588867,0
-52.5676879882812,0
-48.3455772399902,0
-46.3749694824219,0
-48.3483848571777,0
-53.237476348877,0
-58.1848983764648,0
-61.4100341796875,0
-63.0769157409668,0
-63.7590141296387,0
-63.5134010314941,0
-62.5198860168457,0
-61.4476890563965,0
-60.8469352722168,0
-60.8023376464844,0
-61.226505279541,0
-61.9066047668457,0
-62.3251953125,0
-62.0643730163574,0
-61.3909797668457,0
-60.9266700744629,0
-60.7967796325684,0
-60.6147689819336,0
-60.2446823120117,0
-60.0407180786133,0
-60.2731895446777,0
-60.7167320251465,0
-60.878116607666,0
-60.3689117431641,0
-59.0131225585938,0
-56.7174339294434,0
-53.2661437988281,0
-48.4601783752441,0
-42.8418655395508,0
-37.9880027770996,0
-35.0895576477051,0
-33.074104309082,0
-29.3712844848633,0
-23.2466831207275,0
-17.1710357666016,0
-13.7182655334473,0
-12.2255449295044,0
-10.2602624893188,0
-7.57358455657959,0
-6.1650013923645,0
-6.35726308822632,0
-5.47121047973633,0
-1.63991820812225,0
3.08895564079285,0
5.21294641494751,0
3.98320031166077,0
1.3500462770462,0
-1.21023976802826,0
-3.70815920829773,0
-6.12207269668579,0
-8.22138404846191,0
-10.9234256744385,0
-15.5445528030396,0
-21.1307392120361,0
-24.600305557251,0
-24.586404800415,0
-23.5183334350586,0
-24.7628631591797,0
-29.1308155059814,1
-35.3786354064941,1
-42.5520706176758,1
-49.9368934631348,1
-55.6572532653809,1
-57.3993110656738,1
-54.3560371398926,1
-47.122730255127,1
-36.4132270812988,1
-23.8182525634766,1
-13.3041734695435,1
-9.23288822174072,1
-12.0241823196411,1
-17.6488952636719,1
-22.3455142974854,1
-26.1431694030762,1
-30.6176662445068,1
-35.0617866516113,1
-37.1602363586426,1
-36.863166809082,1
-37.3560791015625,1
-41.5866661071777,1
-49.0434722900391,1
-56.6543464660645,1
-62.1715354919434,1
-65.8658676147461,1
-68.9369354248047,1
-71.0024337768555,1
-70.1626281738281,1
-66.1014022827148,1
-62.352180480957,1
-63.8670082092285,1
-71.8301315307617,1
-82.103759765625,1
-89.631103515625,1
-93.206169128418,1
-94.6531295776367,1
-94.5744247436523,1
-91.4932632446289,1
-85.5679931640625,1
-80.849494934082,1
-82.081428527832,1
-89.9390335083008,1
-100.737213134766,1
-110.506843566895,1
-118.003143310547,1
-123.524185180664,1
-126.388008117676,1
-125.376319885254,1
-121.775497436523,1
-120.258781433105,1
-125.051712036133,1
-135.385498046875,1
-146.204650878906,1
-153.636611938477,1
-158.172317504883,1
-161.718353271484,1
-163.656021118164,1
-162.274398803711,1
-159.145294189453,1
-158.874893188477,1
-163.698959350586,1
-170.683013916016,1
-175.560333251953,1
-177.349319458008,1
-177.405487060547,1
-175.646682739258,1
-170.526733398438,1
-162.530426025391,1
-155.24089050293,1
-152.12043762207,1
-153.574661254883,1
-157.779067993164,1
-163.201141357422,1
-169.450469970703,1
-176.293823242188,1
-182.616943359375,1
-186.445175170898,1
-186.325881958008,1
-183.355422973633,1
-181.403625488281,1
-183.920455932617,1
-190.327301025391,1
-196.959884643555,1
-201.884384155273,1
-206.867630004883,1
-213.463439941406,1
-219.218597412109,1
-220.307052612305,1
-217.095977783203,1
-214.23078918457,1
-214.859527587891,1
-217.386215209961,1
-219.12092590332,1
-220.774566650391,1
-224.909973144531,1
-230.947845458984,1
-234.454986572266,1
-232.085067749023,1
-225.652969360352,1
-220.261276245117,1
-219.069671630859,1
-220.828231811523,1
-222.359451293945,1
-222.461959838867,1
-222.564056396484,1
-223.663970947266,1
-223.868362426758,1
-220.29150390625,1
-213.147674560547,1
-206.236907958984,1
-202.614700317383,1
-201.228530883789,1
-199.089233398438,1
-195.372589111328,1
-191.285308837891,1
-186.720733642578,1
-179.947082519531,1
-171.129959106445,1
-163.528610229492,1
-159.703002929688,1
-158.472717285156,1
-157.52458190918,1
-157.496704101562,1
-160.846435546875,1
-167.043838500977,1
-171.554489135742,1
-170.591262817383,1
-165.384017944336,1
-160.636993408203,1
-159.547821044922,1
-161.331329345703,1
-163.284042358398,1
-164.250122070312,1
-165.519622802734,1
-168.434326171875,1
-171.720672607422,1
-172.122619628906,1
-168.126358032227,1
-162.325744628906,1
-159.015655517578,1
-159.48811340332,1
-160.698822021484,1
-158.890365600586,1
-153.645401000977,1
-147.618942260742,1
-142.798950195312,1
-138.258224487305,1
-132.107208251953,1
-124.767349243164,1
-118.785385131836,1
-115.022277832031,1
-110.595832824707,1
-102.318542480469,1
-91.4910430908203,1
-82.9293823242188,1
-78.8561553955078,1
-76.2649154663086,1
-71.8168106079102,1
-67.0774765014648,1
-66.2187805175781,1
-69.7265090942383,1
-73.5457611083984,1
-74.5141983032227,1
-73.7431564331055,1
-73.6727600097656,1
-74.133056640625,1
-72.9485778808594,1
-69.1225509643555,1
-63.960880279541,1
-59.6847305297852,1
-57.7969970703125,1
-58.1831398010254,1
-59.2316017150879,1
-59.4646682739258,1
-59.2044525146484,1
-59.5758094787598,1
-59.9312400817871,1
-58.2547492980957,1
-54.8241348266602,1
-53.1818504333496,1
-55.7572593688965,1
-60.4170989990234,1
-63.6742477416992,1
-65.8146514892578,1
-69.7678527832031,1
-75.4838562011719,1
-78.9940338134766,1
-78.0009307861328,1
-75.5064315795898,1
-76.0243453979492,1
-80.0481262207031,1
-84.3535919189453,1
-86.6677017211914,1
-87.7105407714844,1
-88.6272354125977,1
-88.3732147216797,1
-84.7841110229492,1
-77.7626724243164,1
-70.5478286743164,1
-67.2097015380859,1
-68.5070724487305,1
-70.5689010620117,1
-68.6559906005859,1
-62.3831100463867,1
-56.0493965148926,1
-53.312328338623,1
-53.1119194030762,1
-52.2692375183105,1
-50.636360168457,1
-51.0180015563965,1
-54.2608184814453,1
-57.4885444641113,1
-58.4183197021484,1
-58.8341026306152,1
-61.4259414672852,1
-64.8021087646484,1
-64.6966400146484,1
-59.9095458984375,1
-54.1762924194336,1
-51.3645629882812,1
-51.2090072631836,1
-51.2028846740723,1
-50.6886215209961,1
-50.8278388977051,1
-51.5013008117676,1
-50.6855545043945,1
-47.1192741394043,1
-41.9224090576172,1
-37.1436157226562,1
-33.8542823791504,1
-31.9356555938721,1
-30.6308498382568,1
-28.978645324707,1
-26.6560935974121,1
-24.5278148651123,1
-23.2224922180176,1
-21.1334533691406,1
-15.6066465377808,1
-6.88303422927856,1
0.866820931434631,1
3.84647393226624,1
2.71563863754272,1
0.889549791812897,1
0.1191236525774,1
0.0464176945388317,1
1.38503479957581,1
6.42448091506958,1
15.359185218811,1
24.2847213745117,1
28.5669269561768,1
27.3356304168701,1
23.4923896789551,1
20.1012496948242,1
18.1556243896484,1
17.5723667144775,1
18.8130569458008,1
22.6249256134033,1
28.4397392272949,1
33.7247695922852,1
35.6151275634766,1
33.5568351745605,1
29.944953918457,1
27.5407276153564,1
26.645565032959,1
25.8453788757324,1
25.2258625030518,1
26.9167423248291,1
31.4889602661133,1
35.489917755127,1
34.7257919311523,1
29.7118110656738,1
25.7771415710449,1
27.0061550140381,1
31.5785617828369,1
34.4521942138672,1
33.7942428588867,1
32.8709106445312,1
35.2645378112793,1
39.9483337402344,1
42.6339302062988,1
41.371524810791,1
38.8814582824707,1
38.6828117370605,1
40.4216537475586,1
40.6539649963379,1
37.7821731567383,1
34.326717376709,1
33.5357208251953,1
34.9406433105469,1
34.6627998352051,1
29.9955654144287,1
22.5397472381592,1
16.2912178039551,1
13.3209190368652,1
12.2826490402222,1
11.1397151947021,1
10.186261177063,1
11.2901477813721,1
14.544017791748,1
17.2691745758057,1
17.1658954620361,1
15.3475933074951,1
14.7906322479248,1
16.2512798309326,1
17.6001358032227,1
17.5794849395752,1
18.181022644043,1
21.6679019927979,1
26.4982051849365,1
28.5637588500977,1
26.4292736053467,1
23.0753917694092,1
21.6243305206299,1
21.3935108184814,1
20.0067882537842,1
18.1721000671387,1
19.8487701416016,1
27.3649272918701,1
38.1527671813965,1
47.2448654174805,1
52.1114768981934,1
54.2629661560059,1
56.6405448913574,1
60.2965431213379,1
63.8323822021484,1
65.8098449707031,1
67.0390548706055,1
69.4701690673828,1
72.6892623901367,1
73.1628875732422,1
68.4898452758789,1
61.3427467346191,1
56.9619293212891,1
57.0043144226074,1
58.2889289855957,1
57.9167251586914,1
56.8225250244141,1
56.7941703796387,1
56.3895721435547,1
52.4080200195312,1
44.4525909423828,1
35.6821250915527,1
29.1462936401367,1
25.1175918579102,1
22.1817111968994,1
19.5351543426514,1
17.6505374908447,1
17.2783718109131,1
18.0844841003418,1
18.2918815612793,1
16.2169380187988,1
12.3814268112183,1
9.16401481628418,1
7.80900526046753,1
6.94740390777588,1
5.03988456726074,1
2.96187043190002,1
2.49265098571777,1
3.189129114151,1
2.96657013893127,1
1.59026789665222,1
1.29869043827057,1
3.34437727928162,1
5.87146282196045,1
6.50535106658936,1
5.81222534179688,1
6.65325212478638,1
10.4956769943237,1
15.6431398391724,1
19.2993507385254,1
20.5317459106445,1
20.6654014587402,1
21.1017742156982,1
21.5448532104492,1
20.8852291107178,1
19.4143981933594,1
19.0114688873291,1
20.5873966217041,1
22.2795124053955,1
21.4402694702148,1
18.2364234924316,1
15.9674625396729,1
17.3250331878662,1
21.2673873901367,1
24.4352245330811,1
25.1615009307861,1
24.9331073760986,1
25.5768718719482,1
26.0091686248779,1
23.1514053344727,1
16.310453414917,1
9.28005599975586,1
6.66705274581909,1
8.65634059906006,1
11.2695837020874,1
11.9952201843262,1
12.8603143692017,1
16.4768371582031,1
21.0573062896729,1
22.1322364807129,1
18.6014633178711,1
14.1532764434814,1
12.1494083404541,1
11.6978750228882,1
10.1895780563354,1
7.72291135787964,1
6.89378452301025,1
8.98904323577881,1
12.2135219573975,1
13.6543998718262,1
11.9695692062378,1
8.3197135925293,1
5.4329719543457,1
5.4448881149292,1
8.02289390563965,1
11.0706119537354,1
13.65123462677,1
17.0269222259521,1
21.8781661987305,1
26.0797443389893,1
27.2576160430908,1
26.474292755127,1
26.6906089782715,1
27.9947986602783,1
27.7001476287842,1
25.9439353942871,1
27.605504989624,1
36.0999450683594,1
47.7132949829102,1
55.5818519592285,1
58.2619743347168,1
60.6443099975586,1
66.1670684814453,1
71.9990997314453,1
73.9800643920898,1
73.4025955200195,1
75.3575134277344,1
81.3035202026367,1
87.0358276367188,1
88.9443206787109,1
89.1440582275391,1
91.9473114013672,1
97.0924377441406,1
99.8564987182617,1
97.8630905151367,1
94.5327987670898,1
94.2352294921875,1
96.3599395751953,1
96.6559448242188,1
93.2811279296875,1
88.7740249633789,1
86.0710830688477,1
85.1205139160156,1
84.3238143920898,1
83.3376388549805,1
82.9287948608398,1
83.1481704711914,1
83.1681289672852,1
82.5507354736328,1
81.5991668701172,1
80.6527862548828,1
79.7980880737305,1
79.0375289916992,1
78.1333770751953,1
76.6704254150391,1
74.9197082519531,1
74.0658340454102,1
74.5602493286133,1
74.6882019042969,1
72.222770690918,1
67.6370239257812,1
64.1428298950195,1
63.7426605224609,1
64.5585861206055,1
63.5844078063965,1
61.3990707397461,1
62.0593338012695,1
67.7298126220703,1
75.1636199951172,1
79.1127243041992,1
78.4518890380859,1
76.9946746826172,1
78.1036911010742,1
80.4871520996094,1
80.6137771606445,1
77.943115234375,1
75.6188735961914,1
75.9445877075195,1
77.0930557250977,1
75.4265518188477,1
70.1001052856445,1
63.9534721374512,1
59.9495735168457,1
58.0331954956055,1
56.2488174438477,1
54.2418670654297,1
54.2474746704102,1
57.9916877746582,1
63.4900703430176,1
66.4057235717773,1
64.904655456543,1
61.843578338623,1
61.0488471984863,1
62.4296951293945,1
62.6807250976562,1
60.5964393615723,1
59.1253700256348,1
60.8474349975586,1
63.5611534118652,1
63.0053100585938,1
59.1487731933594,1
56.757999420166,1
59.2071304321289,1
64.4385986328125,1
68.483024597168,1
70.6696166992188,1
73.0115356445312,1
75.8797836303711,1
77.1827697753906,1
75.6699676513672,1
72.5842895507812,1
69.6075439453125,1
67.1481475830078,1
65.2667770385742,1
64.5380172729492,1
65.1622314453125,1
66.5743789672852,1
68.5139389038086,1
71.020622253418,1
72.911491394043,1
72.316780090332,1
69.9054946899414,1
69.555419921875,1
73.8838500976562,1
80.5422821044922,1
85.0874099731445,1
86.4718933105469,1
87.3147888183594,1
89.3881530761719,1
91.5642471313477,1
92.4251708984375,1
92.3342514038086,1
91.9275665283203,1
90.5016403198242,1
87.3281936645508,1
83.4899597167969,1
81.1246490478516,1
81.2367477416992,1
82.9269027709961,1
84.4558868408203,1
84.8202514648438,1
84.786376953125,1
86.4208450317383,1
90.8661117553711,1
96.6035385131836,1
100.896713256836,1
102.90242767334,1
103.94987487793,1
104.53685760498,1
102.955955505371,1
98.0047988891602,1
91.4323120117188,1
85.9730453491211,1
82.0198516845703,1
78.2285232543945,1
74.7681579589844,1
73.4737396240234,1
74.3302917480469,1
74.071907043457,1
69.7535705566406,1
62.4346466064453,1
55.6398582458496,1
50.7541122436523,1
45.7966461181641,1
39.1174621582031,1
32.7140769958496,1
30.4129981994629,1
32.9928131103516,1
36.4502296447754,1
35.9493141174316,1
31.0358562469482,1
25.8390464782715,1
23.841423034668,1
23.6830406188965,1
21.5044898986816,1
16.816764831543,1
13.7020101547241,1
15.1964139938354,1
18.5416774749756,1
18.3806324005127,1
13.7576265335083,1
9.06187438964844,1
7.80655765533447,1
8.52543449401855,1
8.33594703674316,1
7.91559839248657,1
10.1982202529907,1
15.4515600204468,1
20.4985027313232,1
22.5463562011719,1
21.5350360870361,1
18.9026584625244,1
16.3102531433105,1
15.6689987182617,1
18.1497344970703,1
22.6387557983398,1
26.9541606903076,1
30.7570571899414,1
35.204402923584,1
39.6405601501465,1
41.4095993041992,1
39.8135643005371,1
37.4472694396973,1
36.1223411560059,1
34.2405433654785,1
30.4082317352295,1
27.0048198699951,1
26.7930812835693,1
27.5541820526123,1
24.0360069274902,1
15.1802320480347,1
5.89292144775391,1
0.762111008167267,1
-0.918936967849731,1
-2.1506769657135,1
-2.76591658592224,1
0.116841815412045,1
6.92100143432617,1
13.7759065628052,1
16.8255653381348,1
16.6917266845703,1
17.1416702270508,1
20.1130523681641,1
23.9247570037842,1
26.6201686859131,1
29.1370105743408,1
33.6640625,1
39.8857498168945,1
44.8411865234375,1
46.5175399780273,1
45.8697280883789,1
44.754524230957,1
43.3158645629883,1
40.4330444335938,1
35.9267349243164,1
31.2576751708984,1
28.1837520599365,1
27.1568717956543,1
26.857982635498,1
25.2881965637207,1
21.8222599029541,1
18.1137847900391,1
16.2190265655518,1
16.0222301483154,1
15.8084192276001,1
15.4661407470703,1
17.2919921875,1
22.6431732177734,1
29.4063873291016,1
34.4394340515137,1
37.5006332397461,1
40.8139038085938,1
45.1435623168945,1
48.3937530517578,1
48.5920181274414,1
46.6500663757324,1
45.0631446838379,1
44.537841796875,1
42.9114189147949,1
37.5850639343262,1
28.7583141326904,1
19.8665599822998,1
14.2976589202881,1
11.8057613372803,1
9.35234069824219,1
5.95674133300781,1
4.88717269897461,1
9.08773136138916,1
15.6871633529663,1
18.2175559997559,1
14.6111850738525,1
9.87435340881348,1
9.33261394500732,1
12.0473861694336,1
13.6637392044067,1
13.791802406311,1
16.5297508239746,1
23.5075378417969,1
30.1801929473877,1
31.1757926940918,1
27.2376956939697,1
24.133825302124,1
25.2323780059814,1
27.9102172851562,1
28.3467235565186,1
27.7215423583984,1
30.8989601135254,1
39.0166664123535,1
46.3540153503418,1
46.7724914550781,1
41.7892189025879,1
39.2600250244141,1
44.1025848388672,1
53.3679885864258,1
61.4792900085449,1
67.2259063720703,1
73.0967254638672,1
79.9037170410156,1
85.5567245483398,1
88.6208038330078,1
89.928955078125,1
90.1839218139648,1
88.397102355957,1
83.6753768920898,1
76.9845886230469,1
70.2869415283203,1
64.8516387939453,1
60.6681251525879,1
56.5960960388184,1
51.2605895996094,1
45.0025825500488,1
40.5207023620605,1
39.8671607971191,1
41.1764183044434,1
40.6695594787598,1
37.9497375488281,1
36.5032539367676,1
38.0459747314453,1
39.2927589416504,1
36.4096565246582,1
30.4981994628906,1
25.9461517333984,1
24.520149230957,1
24.0015525817871,1
22.5436153411865,1
21.6329326629639,1
23.6244449615479,1
27.99973487854,1
31.649206161499,1
32.5342140197754,1
31.9681339263916,1
32.9206390380859,1
36.6257514953613,1
41.6592140197754,1
46.4508628845215,1
51.6144561767578,1
58.6334838867188,1
66.7076873779297,1
72.5294570922852,1
73.6573104858398,1
70.9624176025391,1
67.1732559204102,1
64.0602645874023,1
61.8119163513184,1
60.2233734130859,1
59.3328552246094,1
59.1251754760742,1
59.3412933349609,1
59.5268516540527,1
59.0740547180176,1
57.6396369934082,1
55.6989631652832,1
54.1210899353027,1
53.1268844604492,1
52.5459632873535,1
53.1730651855469,1
56.3413429260254,1
61.252571105957,1
64.1373519897461,1
61.7568778991699,1
55.2301139831543,1
48.9216194152832,1
45.8412475585938,1
45.6640548706055,1
47.1605186462402,1
50.5253372192383,1
56.1765213012695,1
62.5082550048828,1
66.5400695800781,1
66.8671722412109,1
64.9949569702148,1
63.4663543701172,1
63.3302345275879,1
63.9385566711426,1
64.797233581543,1
66.647834777832,1
70.1628036499023,1
74.0138854980469,1
75.3365859985352,1
72.7276611328125,1
68.1669235229492,1
64.9417572021484,1
63.8194313049316,1
62.6129531860352,1
60.0226440429688,1
58.3119430541992,1
60.3807525634766,1
64.8371047973633,1
66.3788375854492,1
61.8568725585938,1
54.1442947387695,1
48.5839614868164,1
46.8712501525879,1
46.2643127441406,1
44.1409950256348,1
41.1164741516113,1
39.2637367248535,1
39.0002098083496,1
38.8042297363281,1
37.2145576477051,1
34.237247467041,1
31.0669765472412,1
28.9385967254639,1
28.230993270874,1
28.6322460174561,1
30.1183586120605,1
33.1317596435547,1
37.2472610473633,1
40.4456481933594,1
40.9807510375977,1
39.6798896789551,1
38.9830131530762,1
39.6927299499512,1
40.246280670166,1
39.6134033203125,1
39.189079284668,1
40.5308227539062,1
42.2347412109375,1
40.6890983581543,1
34.0493354797363,1
24.6012992858887,1
16.8361034393311,1
13.4218902587891,1
13.2811489105225,1
13.6557712554932,1
13.6192359924316,1
14.5308141708374,1
16.7255630493164,1
17.3980045318604,1
13.6131324768066,1
6.60419416427612,1
0.578505992889404,1
-2.87683868408203,1
-6.4373197555542,1
-11.9399833679199,1
-16.3908100128174,1
-15.7464094161987,1
-11.2402925491333,1
-8.7136173248291,1
-11.4905281066895,1
-16.5619659423828,1
-18.8002319335938,1
-16.8480358123779,1
-13.1634550094604,1
-9.60062026977539,1
-5.33017826080322,1
0.641503989696503,1
6.74717473983765,1
10.0260620117188,1
9.61082744598389,1
7.92355012893677,1
8.01261425018311,1
10.2633447647095,1
12.3838033676147,1
12.4949779510498,1
11.3342218399048,1
10.7374038696289,1
10.4655704498291,1
7.91497325897217,1
1.64814138412476,1
-5.75785207748413,1
-9.82692050933838,1
-9.12612056732178,1
-6.71398973464966,1
-6.13401222229004,1
-7.34930801391602,1
-7.93416357040405,1
-7.26777696609497,1
-7.43842363357544,1
-9.8745059967041,1
-13.1291732788086,1
-15.1202249526978,1
-16.117504119873,1
-17.7400360107422,1
-19.4752864837646,1
-18.145824432373,1
-11.6770706176758,1
-2.46370124816895,1
4.19738483428955,1
5.22119808197021,1
2.70434021949768,1
1.33075273036957,1
3.15433716773987,1
5.94808006286621,1
7.08461952209473,1
7.67512369155884,1
10.9662847518921,1
16.8658885955811,1
20.5762577056885,1
18.1500473022461,1
11.6933689117432,1
6.72159481048584,1
5.09826231002808,1
3.44529247283936,1
-0.92229163646698,1
-5.38375949859619,1
-5.5213565826416,1
-1.63193738460541,1
1.1729770898819,1
-0.582972943782806,1
-4.70371341705322,1
-6.87489461898804,1
-6.45817184448242,1
-6.71988821029663,1
-9.77983474731445,1
-13.4852838516235,1
-14.3177795410156,1
-12.2255573272705,1
-10.795768737793,1
-12.3835391998291,1
-14.6638813018799,1
-13.5099544525146,1
-8.56341361999512,1
-3.65133500099182,1
-1.08365511894226,1
1.92008471488953,1
8.77658271789551,1
17.1385021209717,1
20.6264781951904,1
17.3248996734619,1
13.0259103775024,1
14.0796298980713,1
19.6792449951172,1
24.0886573791504,1
24.8036823272705,1
24.8650226593018,1
27.1947402954102,1
30.1076316833496,1
29.9076080322266,1
25.8565921783447,1
20.8281841278076,1
17.9355278015137,1
17.7441749572754,1
18.3911514282227,1
17.702808380127,1
15.3931531906128,1
13.313756942749,1
13.1099901199341,1
13.9373197555542,1
13.5559930801392,1
11.4692707061768,1
9.32609272003174,1
7.89716243743896,1
5.60070657730103,1
1.21399474143982,1
-3.53543090820312,1
-5.88293075561523,1
-5.76984977722168,1
-5.93593454360962,1
-8.41083240509033,1
-12.2570695877075,1
-14.9163913726807,1
-14.8213500976562,1
-12.4552335739136,1
-9.38726711273193,1
-6.42123556137085,1
-2.75661039352417,1
2.42103147506714,1
7.59694147109985,1
9.77069187164307,1
8.57395458221436,1
7.84496355056763,1
11.159384727478,1
16.9933013916016,1
20.8898868560791,1
21.8197288513184,1
23.1828308105469,1
26.9778118133545,1
30.3195934295654,1
29.7502307891846,1
26.6242923736572,1
25.4744281768799,1
28.139310836792,1
32.1162719726562,1
34.4421157836914,1
34.8728904724121,1
34.8008689880371,1
34.7969131469727,1
34.1579055786133,1
32.1584358215332,1
29.2397022247314,1
27.1585159301758,1
27.6875019073486,1
30.7314472198486,1
34.3529739379883,1
37.3319129943848,1
40.6110076904297,1
44.7990455627441,1
47.4006156921387,1
45.0670547485352,1
38.4614028930664,1
32.1277275085449,1
28.787670135498,1
26.4621486663818,1
22.799015045166,1
19.658166885376,1
20.5173511505127,1
24.6358890533447,1
27.0952320098877,1
24.8401222229004,1
20.0282402038574,1
16.5168075561523,1
15.2149324417114,1
14.4540977478027,1
13.4657592773438,1
13.3394107818604,1
14.6866235733032,1
16.0966033935547,1
15.6657524108887,1
13.2868509292603,1
10.6755800247192,1
9.38175678253174,1
9.382887840271,1
9.70631217956543,1
9.9755916595459,1
10.9182443618774,1
13.2501220703125,1
16.2604789733887,1
17.9948215484619,1
17.3704242706299,1
15.9288387298584,1
16.4221706390381,1
19.1536083221436,1
21.0863094329834,1
20.1980361938477,1
19.6131954193115,1
24.4026527404785,1
33.9712867736816,1
41.1992073059082,1
41.2953720092773,1
38.4060935974121,1
39.7541465759277,1
45.2850303649902,1
48.167049407959,1
45.4784355163574,1
43.027961730957,1
47.2995796203613,1
56.7182884216309,1
64.4201354980469,1
67.1946716308594,1
67.854606628418,1
69.7967376708984,1
72.8682479858398,1
75.0313415527344,1
75.6098709106445,1
75.8816375732422,1
77.4677658081055,1
80.4167861938477,1
82.4166564941406,1
80.5675811767578,1
74.7699203491211,1
68.3735427856445,1
64.3132095336914,1
61.8616752624512,1
58.9389724731445,1
56.2453842163086,1
56.2177963256836,1
58.2104454040527,1
57.9585494995117,1
53.0102920532227,1
46.3789558410645,1
43.0213470458984,1
43.9045906066895,1
45.2580718994141,1
43.3356094360352,1
38.590747833252,1
34.7695655822754,1
34.421688079834,1
36.0877838134766,1
36.5730590820312,1
35.6082534790039,1
36.5556831359863,1
41.6762275695801,1
48.5584335327148,1
53.2784729003906,1
55.770393371582,1
59.16455078125,1
64.2164306640625,1
67.7343215942383,1
67.3564224243164,1
64.9380645751953,1
63.6008529663086,1
63.6989707946777,1
63.5764350891113,1
62.5683860778809,1
61.2561111450195,1
59.9094734191895,1
58.381290435791,1
56.6267471313477,1
54.095142364502,1
49.9038162231445,1
44.8591842651367,1
41.5415534973145,1
40.6793022155762,1
39.4596977233887,1
35.8451652526855,1
32.4606285095215,1
32.6567993164062,1
34.1943817138672,1
31.4263515472412,1
23.6901664733887,1
16.7008819580078,1
14.2463140487671,1
13.1114797592163,1
9.05985546112061,1
3.95259404182434,1
2.60649967193604,1
4.73127698898315,1
4.86556529998779,1
0.259460628032684,1
-5.33991289138794,1
-6.99086570739746,1
-4.51919174194336,1
-1.24230003356934,1
1.13889133930206,1
3.79904556274414,1
7.50478553771973,1
10.3746681213379,1
9.8770580291748,1
6.26617240905762,1
2.96202850341797,1
3.08812570571899,1
5.9754433631897,1
7.96599102020264,1
7.09264802932739,1
6.02798461914062,1
9.0453577041626,1
16.2738933563232,1
22.7228031158447,1
23.8555526733398,1
20.8035697937012,1
18.5738430023193,1
19.8343353271484,1
22.4727973937988,1
23.5595550537109,1
23.658073425293,1
25.5940227508545,1
29.9120502471924,1
33.5988426208496,1
33.6647491455078,1
30.537353515625,1
27.0174427032471,1
24.7838535308838,1
23.183874130249,1
21.3256969451904,1
20.1074733734131,1
21.3440628051758,1
25.1756801605225,1
29.2158718109131,1
30.8468418121338,1
30.0868015289307,1
29.3145751953125,1
29.8910789489746,1
30.1553001403809,1
27.9186019897461,1
24.1754379272461,1
22.3554401397705,1
23.6518230438232,1
25.1628284454346,1
23.8379898071289,1
20.5670032501221,1
18.5492763519287,1
18.7920742034912,1
19.5200462341309,1
19.6009788513184,1
20.0002098083496,1
21.2232627868652,1
21.4006767272949,1
18.2532119750977,1
11.88232421875,1
4.48155164718628,1
-2.1195809841156,1
-7.79643678665161,1
-13.4019584655762,1
-19.237865447998,1
-24.0708389282227,1
-25.7987232208252,1
-23.8441925048828,1
-20.7261085510254,1
-19.9507389068604,1
-22.0478553771973,1
-24.0698947906494,1
-23.5563697814941,1
-21.4016780853271,1
-19.7113780975342,1
-18.4224758148193,1
-16.0399780273438,1
-12.9766836166382,1
-11.8684148788452,1
-14.1049289703369,1
-17.5510883331299,1
-18.5348358154297,1
-15.3952407836914,1
-9.52003288269043,1
-3.40973830223083,1
1.59793782234192,1
5.68002080917358,1
9.17325782775879,1
11.6523866653442,1
12.8138875961304,1
13.6339330673218,1
15.3918418884277,1
17.5329284667969,1
18.0411186218262,1
16.6062107086182,1
15.8365650177002,1
17.8563785552979,1
20.8143196105957,1
20.7755470275879,1
16.7994155883789,1
12.1870222091675,1
10.3047895431519,1
10.8074007034302,1
10.9130115509033,1
9.34053325653076,1
7.71505355834961,1
8.19541835784912,1
10.6116075515747,1
12.5289649963379,1
12.1363105773926,1
10.537467956543,1
10.5422439575195,1
13.3907060623169,1
17.7098178863525,1
21.8949813842773,1
26.1274700164795,1
31.1350784301758,1
36.2586250305176,1
40.3298873901367,1
43.7266159057617,1
47.7311592102051,1
51.9912071228027,1
54.3948554992676,1
53.9362754821777,1
52.400951385498,1
52.4538650512695,1
54.6627388000488,1
56.8967056274414,1
56.5100708007812,1
53.1995582580566,1
49.7948684692383,1
49.5229034423828,1
52.0739974975586,1
53.5480346679688,1
51.3180694580078,1
47.5085258483887,1
45.6508255004883,1
44.9767150878906,1
41.0192680358887,1
32.0293655395508,1
21.7562503814697,1
14.5319328308105,1
10.0308504104614,1
5.01703977584839,1
-1.25299155712128,1
-6.01125526428223,1
-7.26328802108765,1
-6.93658638000488,1
-8.65185070037842,1
-13.1763458251953,1
-17.3734130859375,1
-18.0732936859131,1
-16.1358509063721,1
-15.2808027267456,1
-16.7640800476074,1
-17.1061534881592,1
-12.6601314544678,1
-5.11364984512329,1
0.0184192806482315,1
0.138203635811806,1
-1.76423764228821,1
-1.81012356281281,1
-0.207622334361076,1
0.0425395965576172,1
-2.17515754699707,1
-4.80655574798584,1
-5.7705283164978,1
-5.85102367401123,1
-7.82556056976318,1
-12.991527557373,1
-18.9793891906738,1
-21.6380424499512,1
-19.4479579925537,1
-15.2432193756104,1
-12.6171760559082,1
-11.5891304016113,1
-9.61836338043213,1
-6.24100255966187,1
-3.95935654640198,1
-3.98063325881958,1
-3.8016722202301,1
-0.742120444774628,1
4.02071046829224,1
7.07360935211182,1
7.31807947158813,1
6.67096471786499,1
6.52908325195312,1
5.65218067169189,1
2.28183341026306,1
-2.81194186210632,1
-6.45640802383423,1
-6.22800016403198,1
-2.96004009246826,1
0.434250950813293,1
2.71195864677429,1
5.93840789794922,1
12.3503131866455,1
20.2715530395508,1
25.0671882629395,1
24.5218696594238,1
21.4942493438721,1
20.2755889892578,1
21.8396091461182,1
24.1738624572754,1
26.1983489990234,1
29.1868896484375,1
34.0156669616699,1
38.5626754760742,1
39.1256484985352,1
34.4767265319824,1
27.7931785583496,1
23.7141094207764,1
23.3519020080566,1
23.3010807037354,1
20.4373302459717,1
16.3831043243408,1
15.0491561889648,1
16.2707023620605,1
15.0576124191284,1
8.48901176452637,1
0.716275155544281,1
-1.54875266551971,1
2.71377897262573,1
8.0103816986084,1
9.76907157897949,1
9.82322692871094,1
13.0530939102173,1
20.2922458648682,1
26.9365386962891,1
28.6927528381348,1
26.6890335083008,1
25.3266887664795,1
26.007926940918,1
25.4956684112549,1
21.234884262085,1
15.8006181716919,1
13.5324287414551,1
14.0754299163818,1
12.7649211883545,1
7.72078371047974,1
2.9760947227478,1
2.65591669082642,1
4.87070941925049,1
4.46186351776123,1
0.358662724494934,1
-3.23366093635559,1
-2.98627114295959,1
-0.80818384885788,1
-0.999646306037903,1
-5.08089971542358,1
-10.9171981811523,1
-15.8465213775635,1
-19.1631526947021,1
-21.7609443664551,1
-24.4268836975098,1
-26.8823928833008,1
-28.3375663757324,1
-28.8316345214844,1
-29.6343231201172,1
-31.7613353729248,1
-34.2404022216797,1
-34.7675437927246,1
-32.4388999938965,1
-28.9374217987061,1
-26.1757469177246,1
-23.4489860534668,1
-18.3713512420654,1
-10.7118692398071,1
-3.64626049995422,1
-0.105375707149506,1
0.88919335603714,1
2.42324638366699,1
4.85737752914429,1
5.35701179504395,1
2.79956579208374,1
0.353934109210968,1
1.0279266834259,1
2.57794141769409,1
-0.0594965815544128,1
-7.89893770217896,1
-16.6333122253418,1
-22.5093879699707,1
-26.3095703125,1
-30.1380481719971,1
-33.0787620544434,1
-32.700138092041,1
-29.5496711730957,1
-27.3961372375488,1
-28.8530731201172,1
-32.4708862304688,1
-34.6291770935059,1
-33.3621101379395,1
-29.9027557373047,1
-26.8734493255615,1
-25.2584495544434,1
-23.3858299255371,1
-19.23512840271,1
-13.3835535049438,1
-8.60561180114746,1
-6.49873208999634,1
-5.88242959976196,1
-5.1191086769104,1
-4.55673217773438,1
-5.33248853683472,1
-6.64544296264648,1
-6.00082874298096,1
-2.49575543403625,1
1.13297843933105,1
0.578416407108307,1
-5.66481018066406,1
-14.2375211715698,1
-20.0123882293701,1
-21.6138458251953,1
-22.6711578369141,1
-26.4561538696289,1
-30.8830547332764,1
-31.611120223999,1
-29.4128799438477,1
-30.4480972290039,1
-37.8803367614746,1
-46.853946685791,1
-50.638355255127,1
-49.2303352355957,1
-48.2503204345703,1
-50.6176719665527,1
-53.3461990356445,1
-52.9107360839844,1
-50.2939987182617,1
-49.0268249511719,1
-50.2948799133301,1
-51.9893798828125,1
-51.9013442993164,1
-50.2791442871094,1
-48.9842567443848,1
-48.9177436828613,1
-49.1099166870117,1
-48.7457542419434,1
-49.473030090332,1
-54.2156448364258,1
-63.1401252746582,1
-72.1937713623047,1
-76.9552536010742,1
-77.0498046875,1
-75.3092193603516,1
-73.4358901977539,1
-70.6923141479492,1
-66.8666381835938,1
-64.0829238891602,1
-64.2827224731445,1
-66.2418212890625,1
-66.7350616455078,1
-64.3364944458008,1
-60.7583808898926,1
-58.2089614868164,1
-56.4359931945801,1
-53.2767868041992,1
-48.008113861084,1
-43.1682357788086,1
-42.1192283630371,1
-44.938232421875,1
-47.9037857055664,1
-47.7383041381836,1
-45.4293212890625,1
-44.5984344482422,1
-46.6450958251953,1
-49.4095306396484,1
-51.0595283508301,1
-53.2287292480469,1
-58.4792633056641,1
-65.7786026000977,1
-71.1004104614258,1
-72.8515853881836,1
-74.2463150024414,1
-78.7126312255859,1
-84.7289657592773,1
-87.8070678710938,1
-87.0920791625977,1
-87.120849609375,1
-92.0753173828125,1
-100.471488952637,1
-107.246109008789,1
-109.741836547852,1
-109.609024047852,1
-109.359420776367,1
-109.170433044434,1
-107.607543945312,1
-104.173835754395,1
-100.276985168457,1
-97.9708862304688,1
-97.9566040039062,1
-98.6934127807617,1
-97.7788543701172,1
-94.5282211303711,1
-90.6451950073242,1
-87.8306884765625,1
-85.5974349975586,1
-82.5444412231445,1
-79.0269775390625,1
-76.8429183959961,1
-76.3978576660156,1
-76.0699081420898,1
-75.0286331176758,1
-75.0663833618164,1
-78.2170867919922,1
-83.2162857055664,1
-85.8848571777344,1
-83.6455001831055,1
-79.0721969604492,1
-77.8467636108398,1
-82.4902648925781,1
-88.8464584350586,1
-90.4208068847656,1
-86.2106323242188,1
-81.8539733886719,1
-81.8671417236328,1
-83.587158203125,1
-81.8132781982422,1
-77.286018371582,1
-75.7840423583984,1
-78.9249725341797,1
-81.0263900756836,1
-77.1607131958008,1
-70.0825271606445,1
-65.7469024658203,1
-64.8793792724609,1
-63.1055870056152,1
-58.0364646911621,1
-52.145679473877,1
-48.6011543273926,1
-47.4549026489258,1
-46.6196479797363,1
-44.3841857910156,1
-40.3570289611816,1
-35.566520690918,1
-32.0560150146484,1
-31.2665958404541,1
-32.9279747009277,1
-36.4178581237793,1
-42.1064567565918,1
-49.6309852600098,1
-56.1442642211914,1
-59.0314674377441,1
-59.7589073181152,1
-62.0116729736328,1
-66.1674041748047,1
-68.9435729980469,1
-69.0457916259766,1
-69.7190780639648,1
-74.1806335449219,1
-81.2704772949219,1
-87.4451675415039,1
-90.9302368164062,1
-92.0356369018555,1
-90.9933090209961,1
-87.330451965332,1
-80.7276458740234,1
-71.9728546142578,1
-64.1171951293945,1
-62.0328750610352,1
-67.95166015625,1
-77.382080078125,1
-83.1507186889648,1
-84.2885589599609,1
-86.5382614135742,1
-92.4563674926758,1
-96.5613861083984,1
-94.2616348266602,1
-90.4590148925781,1
-92.9731826782227,1
-100.599136352539,1
-105.006958007812,1
-103.347259521484,1
-101.354072570801,1
-102.978340148926,1
-104.118576049805,1
-99.660888671875,1
-91.1142196655273,1
-83.2593231201172,1
-77.2409439086914,1
-71.1890563964844,1
-64.9162216186523,1
-59.8023948669434,1
-55.5417785644531,1
-50.5783996582031,1
-44.9328765869141,1
-39.8205261230469,1
-35.3460502624512,1
-31.0799293518066,1
-27.9360523223877,1
-26.914026260376,1
-26.937141418457,1
-26.6879062652588,1
-27.661527633667,1
-32.0301971435547,1
-37.75,1
-39.6160087585449,1
-36.1692085266113,1
-32.115795135498,1
-31.9201507568359,1
-33.763542175293,1
-32.7102470397949,1
-28.2665596008301,1
-25.490795135498,1
-28.53293800354,1
-35.6364326477051,1
-41.5524711608887,1
-43.4505233764648,1
-43.3123359680176,1
-45.1017227172852,1
-50.4441452026367,1
-57.0507125854492,1
-61.1020317077637,1
-61.1719093322754,1
-59.5796775817871,1
-59.5629577636719,1
-61.6910018920898,1
-64.1395721435547,1
-66.1284255981445,1
-69.0801696777344,1
-73.5902099609375,1
-77.3591079711914,1
-78.2701873779297,1
-78.2098236083984,1
-80.8489074707031,1
-85.7817077636719,1
-88.2095947265625,1
-85.6673202514648,1
-82.0140533447266,1
-82.3461608886719,1
-86.2826995849609,1
-89.5469589233398,1
-90.6825256347656,1
-92.0045318603516,1
-93.8586120605469,1
-92.4299926757812,1
-85.4014663696289,1
-76.595832824707,1
-71.8832015991211,1
-72.0724029541016,1
-72.8044815063477,1
-70.7022171020508,1
-66.693244934082,1
-63.1344261169434,1
-60.3212127685547,1
-56.9844245910645,1
-52.6522102355957,1
-48.2523040771484,1
-44.9439888000488,1
-42.8804473876953,1
-40.6476631164551,1
-36.0072288513184,1
-28.2449474334717,1
-19.816822052002,1
-14.1930713653564,1
-11.5989694595337,1
-8.60017490386963,1
-3.08839631080627,1
1.93789267539978,1
1.67018616199493,1
-4.18512392044067,1
-10.8158445358276,1
-14.2224149703979,1
-15.2935380935669,1
-16.8294887542725,1
-18.6963558197021,1
-18.403678894043,1
-15.7031755447388,1
-13.8657836914062,1
-15.6779985427856,1
-20.1197662353516,1
-24.272144317627,1
-27.1298789978027,1
-29.8008079528809,1
-32.6213417053223,1
-34.1224708557129,1
-33.2654876708984,1
-31.23095703125,1
-30.151159286499,1
-30.9075832366943,1
-32.9029808044434,1
-35.3105850219727,1
-37.7071113586426,1
-39.8847236633301,1
-41.8352394104004,1
-43.7672386169434,1
-45.6540260314941,1
-47.1165542602539,1
-48.2597007751465,1
-50.0508575439453,1
-53.0431289672852,1
-56.2707405090332,1
-58.5972175598145,1
-60.8281440734863,1
-64.9312515258789,1
-70.975471496582,1
-76.5037612915039,1
-79.7251663208008,1
-81.8270645141602,1
-84.7769088745117,1
-87.9561462402344,1
-88.8376159667969,1
-86.6200942993164,1
-83.2121276855469,1
-80.2059555053711,1
-76.6184310913086,1
-70.7591934204102,1
-63.2483749389648,1
-56.7019309997559,1
-52.6327095031738,1
-49.8513565063477,1
-46.2345581054688,1
-41.3568115234375,1
-36.8631172180176,1
-34.3740234375,1
-33.3479537963867,1
-31.436918258667,1
-27.4380111694336,1
-23.6015396118164,1
-23.6244812011719,1
-27.5808887481689,1
-30.3306770324707,1
-26.9798583984375,1
-19.223274230957,1
-13.5616512298584,1
-12.9659948348999,1
-13.5094976425171,1
-10.8615293502808,1
-6.83227777481079,1
-6.01964807510376,1
-8.1138162612915,1
-8.28332710266113,1
-4.9949893951416,1
-2.56974697113037,1
-4.36337232589722,1
-7.55270671844482,1
-7.54496192932129,1
-4.54228448867798,1
-2.2496657371521,1
-1.92838716506958,1
-1.39421963691711,1
0.783145725727081,1
3.37274956703186,1
4.86285495758057,1
5.21883678436279,1
5.03430986404419,1
4.94699335098267,1
5.99395275115967,1
8.73048973083496,1
12.0273590087891,1
14.4353981018066,1
16.4062900543213,1
19.2281799316406,1
22.2910194396973,1
23.9580688476562,1
24.9641456604004,1
27.8913116455078,1
32.6356010437012,1
35.4223251342773,1
33.8102798461914,1
30.2478981018066,1
28.8081092834473,1
30.1872158050537,1
31.8704872131348,1
32.0106353759766,1
31.2231349945068,1
31.0372505187988,1
31.9136085510254,1
32.6967468261719,1
31.6503963470459,1
28.5382633209229,1
25.4630947113037,1
24.3697891235352,1
24.061056137085,1
21.8366298675537,1
18.0606670379639,1
16.0543479919434,1
16.5086441040039,1
15.4554691314697,1
10.0958070755005,1
3.64059472084045,1
1.00410830974579,1
1.77185726165771,1
1.38965725898743,1
-1.68210649490356,1
-4.22575855255127,1
-3.97690486907959,1
-3.25472497940063,1
-5.32671785354614,1
-9.72907638549805,1
-13.1234607696533,1
-13.4780006408691,1
-11.8380498886108,1
-10.3971834182739,1
-9.60323524475098,1
-7.17729043960571,1
-0.392436802387238,1
10.1120290756226,1
19.804615020752,1
25.0971126556396,1
27.8475151062012,1
32.7342414855957,1
40.5513229370117,1
47.1288146972656,1
49.5122909545898,1
49.9989738464355,1
52.1450004577637,1
55.3255310058594,1
56.0419540405273,1
53.2629432678223,1
49.6411399841309,1
47.8503341674805,1
48.1529998779297,1
49.6696166992188,1
51.9502029418945,1
54.7564430236816,1
57.7196311950684,1
60.590461730957,1
62.8005218505859,1
63.032341003418,1
60.7551307678223,1
57.9084587097168,1
56.9447326660156,1
57.0651092529297,1
54.9276161193848,1
49.8276596069336,1
45.2636413574219,1
43.5748252868652,1
41.8603286743164,1
36.2490692138672,1
28.1423244476318,1
22.2348804473877,1
19.2221336364746,1
14.9937953948975,1
7.7240777015686,1
1.33243536949158,1
-0.449573218822479,1
-0.131724759936333,1
-3.28422164916992,1
-11.0985708236694,1
-19.4439373016357,1
-24.7119884490967,1
-27.5150718688965,1
-30.036714553833,1
-32.0096626281738,1
-30.8229446411133,1
-25.052526473999,1
-16.8946628570557,1
-10.5001974105835,1
-7.60485458374023,1
-5.48676300048828,1
-0.519701659679413,1
6.73477458953857,1
12.3066940307617,1
15.0063800811768,1
18.6625900268555,1
26.2123794555664,1
34.4381637573242,1
38.0272102355957,1
37.1920776367188,1
37.2075042724609,1
40.7491302490234,1
44.7571678161621,1
45.7364654541016,1
44.5455513000488,1
44.0356826782227,1
44.5098876953125,1
43.8012847900391,1
40.4958457946777,1
35.3018836975098,1
30.03928565979,1
26.399227142334,1
24.8642253875732,1
24.1192970275879,1
22.5856113433838,1
20.9466533660889,1
21.3595123291016,1
23.2664928436279,1
22.2682762145996,1
15.2870244979858,1
5.35227203369141,1
-1.28300273418427,1
-2.07372522354126,1
0.296302229166031,1
3.02258133888245,1
6.74623918533325,1
12.7370443344116,1
18.7604675292969,1
20.2788524627686,1
15.6686477661133,1
8.56137371063232,1
4.23698568344116,1
4.44239377975464,1
6.75841617584229,1
8.89457702636719,1
12.0796375274658,1
18.8951396942139,1
28.4837760925293,1
36.1176147460938,1
38.4141883850098,1
37.4026069641113,1
37.8349952697754,1
41.365550994873,1
45.3852691650391,1
47.5736999511719,1
49.453857421875,1
54.1597099304199,1
61.8127822875977,1
68.8656768798828,1
72.1864166259766,1
72.5417861938477,1
73.2300338745117,1
75.9534606933594,1
79.3105239868164,1
81.4349746704102,1
82.5964736938477,1
83.9437408447266,1
84.6012191772461,1
82.1121292114258,1
76.1650466918945,1
70.0157012939453,1
66.802131652832,1
65.4583435058594,1
62.012638092041,1
54.8030586242676,1
46.7924766540527,1
42.0149688720703,1
40.6909103393555,1
38.9809989929199,1
33.5363883972168,1
25.3503131866455,1
18.3649654388428,1
14.620659828186,1
12.0842580795288,1
7.95969724655151,1
2.83899068832397,1
-0.389004796743393,1
-1.37578618526459,1
-3.34093332290649,1
-8.09606742858887,1
-12.4873132705688,1
-12.348482131958,1
-8.62064552307129,1
-6.26857328414917,1
-7.15366888046265,1
-7.37697505950928,1
-3.11677050590515,1
3.63262605667114,1
7.63502645492554,1
7.2345929145813,1
5.89127922058105,1
7.28255987167358,1
11.3792676925659,1
15.9129066467285,1
19.6854782104492,1
23.0257415771484,1
25.8775672912598,1
26.919303894043,1
24.9328079223633,1
20.6152400970459,1
16.5492973327637,1
14.9738531112671,1
15.6368703842163,1
16.5361499786377,1
16.9525985717773,1
18.5478534698486,1
22.4743232727051,1
26.5613842010498,1
27.3115787506104,1
24.4494686126709,1
21.4786415100098,1
21.2827930450439,1
22.9805812835693,1
24.0788097381592,1
24.2446269989014,1
25.5017929077148,1
29.384204864502,1
35.1184577941895,1
40.4086380004883,1
43.3519477844238,1
43.945987701416,1
44.1961250305176,1
46.2082595825195,1
49.7599601745605,1
52.5107917785645,1
53.0452690124512,1
52.5090637207031,1
52.2859725952148,1
51.4314842224121,1
48.2755432128906,1
43.7911033630371,1
40.9352874755859,1
40.4077987670898,1
39.4583320617676,1
36.0873832702637,1
32.4242477416992,1
31.814661026001,1
33.5970497131348,1
33.389217376709,1
28.8770160675049,1
23.0607795715332,1
20.44167137146,1
21.4822826385498,1
22.7302532196045,1
21.8250370025635,1
20.2285270690918,1
20.4746875762939,1
22.4851837158203,1
24.0440692901611,1
24.1406917572021,1
24.2533378601074,1
26.173900604248,1
29.7169208526611,1
33.2204704284668,1
35.748779296875,1
37.9906005859375,1
40.8072242736816,1
43.3301773071289,1
43.1874732971191,1
39.1025619506836,1
32.9974746704102,1
28.6553478240967,1
28.0401058197021,1
29.8087158203125,1
31.9970455169678,1
34.968204498291,1
40.1200408935547,1
46.2651214599609,1
49.6392059326172,1
48.3637962341309,1
45.1256332397461,1
43.8706893920898,1
44.8913917541504,1
44.9844131469727,1
41.9828605651855,1
37.1035232543945,1
32.4856643676758,1
28.2640533447266,1
23.23073387146,1
17.3051338195801,1
11.9217910766602,1
8.1502742767334,1
5.4676399230957,1
2.72750687599182,1
-0.0577746517956257,1
-1.37506747245789,1
-0.0674142390489578,1
2.41928052902222,1
2.57463574409485,1
-1.27869713306427,1
-6.11328840255737,1
-6.92850208282471,1
-2.58650183677673,1
2.89449119567871,1
5.65866041183472,1
6.67360401153564,1
9.421950340271,1
14.5151500701904,1
19.1284713745117,1
21.3813457489014,1
22.8570327758789,1
26.2832317352295,1
32.421989440918,1
39.8478660583496,1
46.4800872802734,1
50.7772827148438,1
52.5289306640625,1
53.0183486938477,1
53.6415519714355,1
54.278736114502,1
53.9818572998047,1
52.9787483215332,1
52.3236999511719,1
51.5984687805176,1
49.2896461486816,1
46.1776809692383,1
45.6798057556152,1
48.8791275024414,1
51.4408493041992,1
48.4484672546387,1
41.1392211914062,1
35.4888229370117,1
34.3319778442383,1
34.5494270324707,1
33.111026763916,1
32.2068405151367,1
35.359691619873,1
40.5768394470215,1
41.3851852416992,1
34.9496116638184,1
26.0951652526855,1
21.8185806274414,1
23.6743907928467,1
27.3903198242188,1
29.0067386627197,1
29.1926784515381,1
31.021110534668,1
35.0048828125,1
37.9252662658691,1
36.7839050292969,1
32.8105201721191,1
30.2581214904785,1
31.1855049133301,1
32.943531036377,1
31.9540786743164,1
28.6841430664062,1
26.567626953125,1
26.3115940093994,1
24.3739795684814,1
18.4925327301025,1
12.0061044692993,1
9.89366722106934,1
12.1040906906128,1
14.1795988082886,1
13.9254417419434,1
13.6790351867676,1
15.2720718383789,1
16.5397663116455,1
15.0464582443237,1
12.408353805542,1
11.8340578079224,1
13.051568031311,1
13.0044937133789,1
10.9851007461548,1
9.88085269927979,1
11.9554281234741,1
15.9772958755493,1
19.3177146911621,1
20.8318405151367,1
20.751049041748,1
19.5380687713623,1
18.0449409484863,1
17.4523601531982,1
17.8451347351074,1
17.834300994873,1
16.5856113433838,1
15.1694784164429,1
14.7167634963989,1
14.2104663848877,1
11.7139225006104,1
7.39591312408447,1
3.70309281349182,1
2.34834337234497,1
2.54000997543335,1
2.79586172103882,1
3.23118472099304,1
4.65828275680542,1
5.92281723022461,1
4.08296298980713,1
-1.77541625499725,1
-8.21724796295166,1
-10.8380689620972,1
-9.67040538787842,1
-9.04483318328857,1
-11.4719171524048,1
-14.0342788696289,1
-12.7073669433594,1
-8.39513397216797,1
-5.70543241500854,1
-6.30534029006958,1
-6.72658920288086,1
-3.57938575744629,1
1.72864949703217,1
5.22929954528809,1
5.72137832641602,1
5.80059862136841,1
7.95884799957275,1
11.2508611679077,1
12.4187803268433,1
9.95955085754395,1
6.52784824371338,1
6.57028865814209,1
11.3021907806396,1
17.1136798858643,1
19.9984931945801,1
20.385648727417,1
21.6288776397705,1
24.4992733001709,1
25.9841194152832,1
23.8870544433594,1
19.9207611083984,1
17.1004085540771,1
16.258674621582,1
16.5655670166016,1
17.6554584503174,1
19.4747772216797,1
21.1260509490967,1
21.328405380249,1
19.4565906524658,1
15.6593236923218,1
11.2125444412231,1
9.04335689544678,1
11.7721109390259,1
18.2652702331543,1
24.3131999969482,1
27.9277782440186,1
31.4384231567383,1
36.6934089660645,1
41.3371162414551,1
42.8999404907227,1
43.8151473999023,1
48.0298957824707,1
54.2349739074707,1
57.4363059997559,1
56.9486389160156,1
57.6172409057617,1
61.9266967773438,1
65.75146484375,1
64.4827117919922,1
59.4972229003906,1
55.2345428466797,1
52.7244033813477,1
49.8225173950195,1
46.1110572814941,1
43.5441551208496,1
42.6038513183594,1
41.12744140625,1
37.2372741699219,1
31.0994491577148,1
23.9010276794434,1
17.3921947479248,1
14.0271091461182,1
14.6793613433838,1
16.2688789367676,1
14.8278121948242,1
11.1200246810913,1
9.36376571655273,1
9.44469261169434,1
5.1880054473877,1
-6.62114715576172,1
-19.7395553588867,1
-25.7733936309814,1
-25.3029632568359,1
-26.065544128418,1
-31.125509262085,1
-35.0942611694336,1
-33.2546768188477,1
-28.7738342285156,1
-27.7200412750244,1
-30.7956218719482,1
-33.8025321960449,1
-34.1376075744629,1
-33.1826286315918,1
-33.0005989074707,1
-33.5155448913574,1
-33.1432113647461,1
-30.7282104492188,1
-26.8864631652832,1
-23.9679927825928,1
-23.7529773712158,1
-24.6367168426514,1
-22.7016754150391,1
-16.6027736663818,1
-9.51861667633057,1
-4.64528274536133,1
-0.686552345752716,1
5.6264443397522,1
13.7105178833008,1
18.9039173126221,1
18.2449493408203,1
14.048228263855,1
10.8769025802612,1
10.6257581710815,1
11.758810043335,1
12.447793006897,1
12.9006767272949,1
14.0791969299316,1
14.9429035186768,1
12.5947494506836,1
6.0871729850769,1
-1.15068531036377,1
-4.6869010925293,1
-4.48258686065674,1
-4.47211837768555,1
-6.51678609848022,1
-7.82148933410645,1
-5.98066520690918,1
-3.83945393562317,1
-6.34984064102173,1
-13.8474102020264,1
-21.4072360992432,1
-24.6678333282471,1
-23.8729209899902,1
-21.8889350891113,1
-20.3028697967529,1
-18.4341697692871,1
-15.2289161682129,1
-11.3586664199829,1
-9.34836673736572,1
-11.1046104431152,1
-15.0720834732056,1
-17.0160369873047,1
-14.5076122283936,1
-9.31202411651611,1
-4.02481460571289,1
1.89640855789185,1
10.1272678375244,1
18.5904941558838,1
22.2600383758545,1
19.6007862091064,1
15.1243343353271,1
13.8420057296753,1
15.4799785614014,1
16.314115524292,1
14.9550142288208,1
13.4922943115234,1
13.4570446014404,1
13.4090032577515,1
11.1998291015625,1
6.78515100479126,1
1.77123808860779,1
-2.73591279983521,1
-6.81700325012207,1
-10.8018159866333,1
-14.4438724517822,1
-16.9766235351562,1
-17.7879791259766,1
-17.2155780792236,1
-16.4965763092041,1
-16.3319816589355,1
-15.7368688583374,1
-13.4448347091675,1
-10.5089712142944,1
-9.83035755157471,1
-12.191370010376,1
-14.4380903244019,1
-13.4624395370483,1
-10.8388328552246,1
-10.8938055038452,1
-14.375412940979,1
-17.0196304321289,1
-15.41455078125,1
-11.5090341567993,1
-9.11203575134277,1
-8.00327682495117,1
-4.79621648788452,1
0.934716165065765,1
4.88159656524658,1
3.49644827842712,1
-1.155437707901,1
-3.86713457107544,1
-2.36476826667786,1
0.845608532428741,1
2.1729154586792,1
0.888474762439728,1
-0.812321782112122,1
-0.720214009284973,1
0.911174178123474,1
1.70529818534851,1
0.00752768339589238,1
-2.80061841011047,1
-3.54712891578674,1
-0.974256157875061,1
2.82578277587891,1
5.26245737075806,1
6.36387157440186,1
7.79357957839966,1
9.60950469970703,1
9.822509765625,1
7.17452144622803,1
2.69814515113831,1
-2.00087594985962,1
-6.67139434814453,1
-11.759596824646,1
-16.7204608917236,1
-20.1273822784424,1
-21.4993934631348,1
-22.5367336273193,1
-26.1628684997559,1
-33.7628860473633,1
-43.025218963623,1
-49.3860778808594,1
-50.7361602783203,1
-50.0147476196289,1
-51.4997482299805,1
-55.1119537353516,1
-56.9757499694824,1
-55.8459281921387,1
-55.6103744506836,1
-59.4689292907715,1
-64.5457763671875,1
-65.6727600097656,1
-62.8758735656738,1
-61.0142211914062,1
-62.1401329040527,1
-62.4127082824707,1
-58.0879440307617,1
-51.1306610107422,1
-46.1056594848633,1
-43.4547157287598,1
-38.9844093322754,1
-29.5970993041992,1
-16.9421920776367,1
-4.89495706558228,1
4.7016978263855,1
12.6637763977051,1
19.7831401824951,1
24.9389381408691,1
26.3688297271729,1
24.3118953704834,1
21.3812789916992,1
19.7712326049805,1
18.9031219482422,1
17.0390605926514,1
14.6741237640381,1
14.3234300613403,1
16.5673084259033,1
18.4746513366699,1
17.3334712982178,1
14.2541160583496,1
12.1095380783081,1
10.9959869384766,1
8.09596729278564,1
1.84624838829041,1
-5.95314073562622,1
-12.7437858581543,1
-18.401403427124,1
-25.0435123443604,1
-34.3835220336914,1
-45.6286582946777,1
-55.5679321289062,1
-60.9573860168457,1
-61.4401702880859,1
-59.591251373291,1
-57.3088150024414,1
-53.3353233337402,1
-46.1603355407715,1
-38.3349800109863,1
-34.7781867980957,1
-36.3211250305176,1
-37.9655685424805,1
-35.1986961364746,1
-29.6793384552002,1
-26.3631591796875,1
-26.636209487915,1
-27.1805820465088,1
-25.1834945678711,1
-21.8306617736816,1
-19.8562068939209,1
-19.6601810455322,1
-19.3285045623779,1
-17.5719261169434,1
-15.0925970077515,1
-12.9390306472778,1
-10.7065439224243,1
-7.3862099647522,1
-3.69338607788086,1
-2.08549356460571,1
-3.50351238250732,1
-5.1190938949585,1
-3.18023109436035,1
1.93343806266785,1
5.48776531219482,1
4.03531551361084,1
-0.448143661022186,1
-3.46018195152283,1
-3.62599325180054,1
-3.49239706993103,1
-5.36056518554688,1
-8.60200500488281,1
-11.4612426757812,1
-13.5992126464844,1
-15.6603450775146,1
-17.298023223877,1
-16.9975566864014,1
-13.9576988220215,1
-9.50413799285889,1
-6.23480367660522,1
-5.61877679824829,1
-6.42574262619019,1
-5.8331561088562,1
-2.41556167602539,1
2.21357107162476,1
5.27583599090576,1
6.2195873260498,1
7.39757823944092,1
10.9161024093628,1
15.546443939209,1
17.9529113769531,1
17.0676116943359,1
15.7910375595093,1
17.0791912078857,1
19.34792137146,1
18.2674140930176,1
13.5807552337646,1
11.1891775131226,1
15.902398109436,1
23.89892578125,1
26.1313877105713,1
19.2397918701172,1
9.40125465393066,1
4.04114246368408,1
3.14526462554932,1
1.50541579723358,1
-2.89596152305603,1
-6.67524290084839,1
-6.78280735015869,1
-4.8837947845459,1
-4.75391817092896,1
-7.3255877494812,1
-9.89971542358398,1
-9.63156127929688,1
-6.75173377990723,1
-4.17100095748901,1
-4.05032205581665,1
-5.15535736083984,1
-4.48115634918213,1
-1.56899261474609,1
0.429972350597382,1
-0.849799871444702,1
-3.10771751403809,1
-2.04975509643555,1
2.95972228050232,1
8.62254047393799,1
12.958215713501,1
17.6537990570068,1
23.9422187805176,1
29.0271759033203,1
29.3006076812744,1
25.6538314819336,1
22.5602989196777,1
22.0783920288086,1
21.6858501434326,1
19.013277053833,1
16.1764240264893,1
17.1118049621582,1
21.7690277099609,1
25.6495914459229,1
25.4573078155518,1
23.0125637054443,1
22.3147811889648,1
24.2685985565186,1
26.2449111938477,1
26.2606887817383,1
25.3549175262451,1
25.1189956665039,1
24.4507217407227,1
20.2912731170654,1
11.3995199203491,1
0.390165895223618,1
-8.43188381195068,1
-13.1194114685059,1
-15.6736669540405,1
-19.3379192352295,1
-24.5594043731689,1
-28.6395092010498,1
-29.8471622467041,1
-30.4597549438477,1
-33.8961029052734,1
-39.4135780334473,1
-42.143627166748,1
-39.0944938659668,1
-32.9240493774414,1
-28.2174949645996,1
-25.7208595275879,1
-22.5668239593506,1
-17.4985675811768,1
-13.1870021820068,1
-12.5068435668945,1
-14.2375106811523,1
-14.1016159057617,1
-9.83458805084229,1
-3.94723057746887,1
-0.677865922451019,1
-0.662650465965271,1
-0.0444570668041706,1
4.30900955200195,1
10.0148839950562,1
11.7809171676636,1
8.60509014129639,1
5.59035301208496,1
7.308424949646,1
11.821849822998,1
13.7055912017822,1
11.3223676681519,1
7.93352699279785,1
6.13031816482544,1
4.557785987854,1
0.984143137931824,1
-4.09970188140869,1
-8.50549125671387,1
-11.2103271484375,1
-12.5963048934937,1
-12.9226560592651,1
-12.0308837890625,1
-10.1352138519287,1
-8.04494285583496,1
-6.8996262550354,1
-7.78917694091797,1
-10.648998260498,1
-13.3808536529541,1
-13.5882434844971,1
-11.7351751327515,1
-10.8243913650513,1
-12.0048675537109,1
-12.608024597168,1
-10.3310356140137,1
-7.30452871322632,1
-7.07947778701782,1
-8.78258895874023,1
-7.8864631652832,1
-2.82559156417847,1
2.85527014732361,1
6.19751691818237,1
9.29844188690186,1
15.5955152511597,1
24.0216693878174,1
30.086181640625,1
31.892333984375,1
32.0878639221191,1
33.7659111022949,1
36.9397315979004,1
39.7613220214844,1
41.2996940612793,1
42.0499305725098,1
42.8429298400879,1
44.1262397766113,1
45.6281585693359,1
46.2788734436035,1
45.1687393188477,1
42.8535118103027,1
40.9826774597168,1
40.6056480407715,1
41.8260879516602,1
45.0004272460938,1
50.5904884338379,1
57.2415008544922,1
61.7223358154297,1
62.1972465515137,1
60.675121307373,1
60.8722991943359,1
64.0460891723633,1
67.9973068237305,1
69.9962921142578,1
69.8381805419922,1
69.8766174316406,1
72.2675552368164,1
76.1311950683594,1
77.7690353393555,1
74.4018249511719,1
67.3752975463867,1
60.5169486999512,1
55.67333984375,1
51.727409362793,1
47.990348815918,1
45.767147064209,1
45.2306518554688,1
43.376880645752,1
37.6661071777344,1
30.181116104126,1
25.3983135223389,1
24.5526962280273,1
24.8886108398438,1
24.2493934631348,1
23.6072807312012,1
24.3778018951416,1
25.5382461547852,1
24.8173027038574,1
21.5968418121338,1
17.5246715545654,1
14.7493114471436,1
14.0787181854248,1
14.4873018264771,1
14.2442407608032,1
12.827787399292,1
11.4334554672241,1
11.0220336914062,1
10.5009393692017,1
8.08571338653564,1
4.19644212722778,1
1.49215686321259,1
1.76405239105225,1
4.13583898544312,1
6.90441989898682,1
9.95460414886475,1
14.270655632019,1
19.5531978607178,1
23.4495506286621,1
23.6356086730957,1
20.4831886291504,1
17.1432495117188,1
16.4408111572266,1
17.8798141479492,1
18.6696109771729,1
17.7744312286377,1
17.3543472290039,1
19.2491779327393,1
21.7464790344238,1
21.9057273864746,1
20.0754871368408,1
19.42529296875,1
21.0720767974854,1
22.5425262451172,1
22.053539276123,1
21.7004089355469,1
24.250789642334,1
28.2601356506348,1
28.9266700744629,1
23.7490558624268,1
15.5288753509521,1
9.34042072296143,1
7.76773166656494,1
9.73954486846924,1
13.0523195266724,1
16.7130451202393,1
20.5424633026123,1
23.4308204650879,1
23.3430614471436,1
19.6154041290283,1
14.4722566604614,1
11.1650676727295,1
10.6657314300537,1
11.146050453186,1
10.8232507705688,1
10.1825513839722,1
10.7083282470703,1
12.2750205993652,1
13.0060148239136,1
11.7614507675171,1
9.84629821777344,1
9.5769681930542,1
11.3320083618164,1
12.78098487854,1
11.5868263244629,1
8.41485977172852,1
6.10152530670166,1
5.6248927116394,1
4.37958526611328,1
-0.298741728067398,1
-6.94770097732544,1
-11.2821979522705,1
-11.4883165359497,1
-10.1099147796631,1
-10.1242341995239,1
-11.2836761474609,1
-11.8548822402954,1
-12.3119621276855,1
-14.8761358261108,1
-19.8284378051758,1
-24.7207450866699,1
-27.8207664489746,1
-30.2541732788086,1
-33.3552665710449,1
-35.4651679992676,1
-33.6494522094727,1
-28.4062080383301,1
-24.5116786956787,1
-26.174388885498,1
-32.4465065002441,1
-38.4541702270508,1
-40.5166130065918,1
-39.0535430908203,1
-36.8163299560547,1
-35.3547477722168,1
-33.5319595336914,1
-29.208869934082,1
-22.3712196350098,1
-16.3777465820312,1
-15.107008934021,1
-18.4116172790527,1
-21.6719493865967,1
-20.9601955413818,1
-17.3524608612061,1
-14.3995332717896,1
-12.7048759460449,1
-9.99979686737061,1
-6.16327142715454,1
-4.31714963912964,1
-5.60806274414062,1
-6.33187627792358,1
-2.86164855957031,1
3.01212072372437,1
6.8925666809082,1
8.39140605926514,1
11.1835165023804,1
16.6193294525146,1
20.8473854064941,1
19.5050773620605,1
12.8930835723877,1
5.07778024673462,1
-0.533084094524384,1
-3.39387202262878,1
-4.83304691314697,1
-6.34591054916382,1
-8.53892230987549,1
-11.0207538604736,1
-13.5145025253296,1
-16.9555187225342,1
-22.3991203308105,1
-28.6200466156006,1
-32.348560333252,1
-31.9858932495117,1
-29.9707527160645,1
-29.9611186981201,1
-32.2192459106445,1
-33.4642486572266,1
-31.4178199768066,1
-27.8430995941162,1
-26.0460605621338,1
-26.3562793731689,1
-25.6865215301514,1
-21.6117362976074,1
-15.3080959320068,1
-9.46405410766602,1
-4.47473526000977,1
1.38337457180023,1
8.19941329956055,1
13.1443710327148,1
14.1010103225708,1
12.9700088500977,1
13.5234394073486,1
16.682300567627,1
19.8909034729004,1
21.2720031738281,1
22.5676879882812,1
26.8459720611572,1
34.0672264099121,1
40.2566757202148,1
41.5772552490234,1
38.6666526794434,1
35.8348617553711,1
35.6381874084473,1
35.747673034668,1
32.8165130615234,1
28.1079521179199,1
25.9847221374512,1
26.6835556030273,1
24.7081165313721,1
16.6434803009033,1
7.05388450622559,1
2.85820651054382,1
4.11066722869873,1
4.85792875289917,1
2.14266014099121,1
-0.753839075565338,1
-0.585252821445465,1
0.891938149929047,1
0.186147332191467,1
-2.929523229599,1
-5.99314594268799,1
-7.36990928649902,1
-7.29359817504883,1
-6.92615747451782,1
-7.81767511367798,1
-10.9479703903198,1
-15.3189840316772,1
-19.0300807952881,1
-22.3812007904053,1
-27.6543884277344,1
-34.7217407226562,1
-39.5315475463867,1
-39.0289497375488,1
-35.3734245300293,1
-32.6851997375488,1
-31.3212280273438,1
-28.4999847412109,1
-23.7963485717773,1
-20.6759204864502,1
-21.9762649536133,1
-26.2495098114014,1
-29.7421989440918,1
-30.67112159729,1
-30.3995456695557,1
-30.8990383148193,1
-32.1123046875,1
-32.4624328613281,1
-31.8368759155273,1
-32.7477684020996,1
-37.0568618774414,1
-42.2248497009277,1
-43.2021179199219,1
-38.4831390380859,1
-31.9395236968994,1
-27.6595153808594,1
-25.3804206848145,1
-22.6578578948975,1
-19.1817245483398,1
-16.3589019775391,1
-14.1161527633667,1
-10.9137411117554,1
-6.36337852478027,1
-1.5865284204483,1
2.67808294296265,1
6.53201770782471,1
9.94047069549561,1
12.7741088867188,1
15.0546588897705,1
15.8727035522461,1
13.5841188430786,1
8.96916580200195,1
6.2983250617981,1
8.33733654022217,1
11.7992992401123,1
11.385199546814,1
7.41887092590332,1
5.24382877349854,1
7.08882617950439,1
9.16701889038086,1
8.10285377502441,1
5.88074636459351,1
5.96713399887085,1
8.0181360244751,1
9.60440826416016,1
10.7502117156982,1
13.2763252258301,1
16.8619041442871,1
18.9249572753906,1
18.1166191101074,1
15.5817775726318,1
12.9136867523193,1
10.7996215820312,1
9.5798454284668,1
9.39754867553711,1
9.67713451385498,1
9.68019008636475,1
9.35271739959717,1
8.42149639129639,1
5.26515531539917,1
-1.44365251064301,1
-10.0427808761597,1
-16.7956371307373,1
-20.0036563873291,1
-21.4982566833496,1
-23.2942371368408,1
-24.5935325622559,1
-23.7865734100342,1
-22.2558555603027,1
-23.6939144134521,1
-29.1301517486572,1
-34.5007476806641,1
-34.7323303222656,1
-29.6129856109619,1
-23.948543548584,1
-21.6726741790771,1
-21.477014541626,1
-19.5331592559814,1
-15.3384838104248,1
-12.5597953796387,1
-13.8894290924072,1
-17.314302444458,1
-18.8031177520752,1
-17.0504703521729,1
-13.6402196884155,1
-9.63619327545166,1
-4.72355031967163,1
0.104804314672947,1
1.66975212097168,1
-2.0517852306366,1
-9.07736968994141,1
-15.3658761978149,1
-18.8394203186035,1
-20.2937259674072,1
-21.0356159210205,1
-21.0569152832031,1
-19.5368576049805,1
-16.3451805114746,1
-13.078405380249,1
-12.6936893463135,1
-17.008918762207,1
-23.8470916748047,1
-28.1227855682373,1
-27.3114261627197,1
-24.5861835479736,1
-24.4733486175537,1
-26.6405410766602,1
-27.1126937866211,1
-25.1973342895508,1
-25.1589050292969,1
-29.6959342956543,1
-35.3959121704102,1
-37.3374710083008,1
-35.6444854736328,1
-34.2138710021973,1
-34.4493217468262,1
-33.8103179931641,1
-30.4122123718262,1
-26.1168022155762,1
-24.4090385437012,1
-26.9932727813721,1
-32.7380027770996,1
-38.4861488342285,1
-40.9681739807129,1
-39.4225158691406,1
-36.135124206543,1
-33.0610656738281,1
-28.9257354736328,1
-21.9987163543701,1
-14.7013139724731,1
-11.6453943252563,1
-12.6220369338989,1
-11.6217746734619,1
-4.94860649108887,1
3.04487800598145,1
5.55444288253784,1
2.41862535476685,1
-0.324131578207016,1
0.789012253284454,1
2.43161702156067,1
0.0759593844413757,1
-5.51807832717896,1
-9.85825157165527,1
-11.0674133300781,1
-11.6869735717773,1
-14.0312347412109,1
-16.4724082946777,1
-16.3190784454346,1
-15.0601711273193,1
-17.7251052856445,1
-26.2634887695312,1
-36.1459846496582,1
-41.7018623352051,1
-43.1011047363281,1
-44.95703125,1
-48.7203140258789,1
-50.3909873962402,1
-46.9726943969727,1
-41.8260917663574,1
-41.0245208740234,1
-46.2795257568359,1
-53.9971961975098,1
-60.0611419677734,1
-62.9245071411133,1
-62.6540260314941,1
-59.7054595947266,1
-55.1271705627441,1
-50.2998046875,1
-46.172233581543,1
-43.7255821228027,1
-44.3637084960938,1
-47.8494911193848,1
-50.458065032959,1
-47.9916191101074,1
-41.0224952697754,1
-34.4435424804688,1
-30.9920673370361,1
-28.2134590148926,1
-23.5986633300781,1
-19.6342144012451,1
-20.341251373291,1
-24.6227531433105,1
-27.2774314880371,1
-26.4541168212891,1
-25.9106884002686,1
-28.5765628814697,1
-31.5655994415283,1
-30.2673263549805,1
-24.956335067749,1
-20.0360889434814,1
-17.8038196563721,1
-16.2369556427002,1
-12.9609432220459,1
-8.44607257843018,1
-4.30063152313232,1
-0.610840260982513,1
3.48583388328552,1
7.72059917449951,1
10.4927463531494,1
10.3670043945312,1
7.26785755157471,1
2.66079711914062,1
-1.40511214733124,1
-4.21476697921753,1
-7.05839729309082,1
-10.6414527893066,1
-12.4038333892822,1
-9.20465660095215,1
-3.26091623306274,1
-1.9350643157959,1
-9.12327766418457,1
-19.5472583770752,1
-25.1562652587891,1
-25.3803329467773,1
-26.5395336151123,1
-31.6804046630859,1
-36.3716316223145,1
-36.202709197998,1
-33.5474624633789,1
-33.2569465637207,1
-34.9614372253418,1
-34.3161849975586,1
-30.4717140197754,1
-27.4953746795654,1
-27.9206886291504,1
-28.9173107147217,1
-26.6186084747314,1
-21.5562705993652,1
-17.6658573150635,1
-17.394401550293,1
-19.6828784942627,1
-22.0591011047363,1
-23.2669620513916,1
-24.0605754852295,1
-26.1421203613281,1
-29.9841384887695,1
-33.5308990478516,1
-34.0519142150879,1
-31.6166381835938,1
-29.2928676605225,1
-29.0902767181396,1
-29.3065853118896,1
-27.302318572998,1
-23.3776588439941,1
-19.7169704437256,1
-16.4192714691162,1
-11.3316030502319,1
-4.06457328796387,1
2.26769185066223,1
4.4273099899292,1
2.6940643787384,1
0.171054795384407,1
-0.347406059503555,1
2.14182329177856,1
7.37893724441528,1
14.4071922302246,1
21.7299251556396,1
27.6977844238281,1
30.9916477203369,1
31.0518245697021,1
28.745943069458,1
26.3898372650146,1
25.8097839355469,1
26.2100219726562,1
25.5322284698486,1
24.3759422302246,1
26.3141326904297,1
32.6235466003418,1
38.7323303222656,1
38.9360160827637,1
33.9329719543457,1
30.3332748413086,1
32.2213821411133,1
36.50634765625,1
38.2478485107422,1
37.5414009094238,1
37.9952697753906,1
40.1013603210449,1
40.0890922546387,1
35.667610168457,1
29.6336517333984,1
26.375638961792,1
27.0821743011475,1
30.1221981048584,1
34.4177093505859,1
40.2137145996094,1
47.1768760681152,1
53.5999221801758,1
57.4606781005859,1
57.3387641906738,1
53.0423469543457,1
46.6719017028809,1
42.2261848449707,1
42.2168083190918,1
44.9177589416504,1
46.7458229064941,1
47.0252494812012,1
48.098705291748,1
50.6147041320801,1
51.5517387390137,1
48.296630859375,1
42.4311790466309,1
37.3881301879883,1
33.7407150268555,1
29.1694755554199,1
22.6692371368408,1
16.554048538208,1
13.5863494873047,1
13.3044481277466,1
12.2341365814209,1
7.77711725234985,1
1.34947502613068,1
-3.1366720199585,1
-4.09576606750488,1
-4.17194509506226,1
-5.90826416015625,1
-6.99192380905151,1
-2.99927496910095,1
5.22216176986694,1
10.9162569046021,1
9.95852088928223,1
6.50025653839111,1
7.01911211013794,1
11.6038179397583,1
15.4414358139038,1
17.2897605895996,1
21.1325054168701,1
28.8517398834229,1
36.1020126342773,1
37.8926696777344,1
35.1755104064941,1
33.2088813781738,1
35.2890129089355,1
40.5827980041504,1
46.9371795654297,1
53.3595085144043,1
59.9041595458984,1
66.7012329101562,1
73.2068634033203,1
77.9360198974609,1
79.7405471801758,1
79.8999252319336,1
81.4920349121094,1
85.502067565918,1
89.0897827148438,1
89.5022659301758,1
88.2225494384766,1
88.5549087524414,1
89.9176177978516,1
88.0002975463867,1
81.1940307617188,1
73.5505981445312,1
69.4641189575195,1
67.9907455444336,1
65.2488098144531,1
60.8255004882812,1
58.1265754699707,1
58.2530899047852,1
57.1037559509277,1
50.5284194946289,1
40.1824684143066,1
31.6050567626953,1
27.3098754882812,1
24.5523796081543,1
20.305326461792,1
15.7634191513062,1
14.0296602249146,1
14.8516778945923,1
14.3290462493896,1
10.0375919342041,1
4.26433992385864,1
0.937127113342285,1
0.678133606910706,1
0.643363118171692,1
-1.03448534011841,1
-2.36654090881348,1
0.15217787027359,1
7.11632966995239,1
15.0964736938477,1
20.0093231201172,1
21.0408897399902,1
20.7949180603027,1
21.7154026031494,1
23.1461048126221,1
22.6244697570801,1
19.5977630615234,1
16.3468608856201,1
14.5687561035156,1
12.3679809570312,1
6.30853080749512,1
-3.79041910171509,1
-13.7258386611938,1
-19.1236267089844,1
-19.7546844482422,1
-18.9562015533447,1
-19.4779605865479,1
-20.9041938781738,1
-21.2230377197266,1
-20.1509056091309,1
-19.9643650054932,1
-22.5643138885498,1
-26.3532981872559,1
-27.4341850280762,1
-24.1888256072998,1
-19.051908493042,1
-14.7701120376587,1
-10.8081884384155,1
-5.65564393997192,1
-1.1737916469574,1
-1.10422158241272,1
-5.1804347038269,1
-8.31593322753906,1
-7.05188846588135,1
-3.84756875038147,1
-2.84775924682617,1
-3.77789211273193,1
-2.88413739204407,1
1.34498870372772,1
6.27037763595581,1
8.67911148071289,1
8.06216621398926,1
6.14673233032227,1
4.75732612609863,1
4.49798393249512,1
4.68948602676392,1
4.49441480636597,1
4.26173782348633,1
4.89700412750244,1
5.56719732284546,1
3.76574444770813,1
-1.01202034950256,1
-5.35055685043335,1
-5.8117470741272,1
-3.57893395423889,1
-2.5972158908844,1
-3.59089374542236,1
-2.89024257659912,1
2.16383981704712,1
9.15687274932861,1
13.4346780776978,1
13.5649299621582,1
12.380763053894,1
13.1085052490234,1
15.8811616897583,1
18.5521564483643,1
20.243839263916,1
22.8022727966309,1
27.8943996429443,1
33.5469512939453,1
35.6169319152832,1
33.0739631652832,1
29.6645450592041,1
29.0527725219727,1
30.2956943511963,1
30.1612949371338,1
28.2465991973877,1
26.8614120483398,1
26.4522476196289,1
24.2698345184326,1
18.2411460876465,1
9.92887878417969,1
2.67268872261047,1
-1.79454803466797,1
-4.18386173248291,1
-6.17756271362305,1
-8.61172389984131,1
-10.5610046386719,1
-10.5436000823975,1
-9.34398746490479,1
-10.4137353897095,1
-15.636643409729,1
-21.8590545654297,1
-24.4759311676025,1
-23.9219017028809,1
-25.0199813842773,1
-29.4836940765381,1
-33.2201499938965,1
-33.1277236938477,1
-32.8296356201172,1
-37.9177131652832,1
-47.4995346069336,1
-54.5748519897461,1
-54.5519981384277,1
-49.9881477355957,1
-46.2263679504395,1
-45.0780029296875,1
-44.3700408935547,1
-42.235523223877,1
-40.0105094909668,1
-40.6836051940918,1
-45.0923500061035,1
-50.3192367553711,1
-52.5580368041992,1
-51.4521636962891,1
-50.2670555114746,1
-51.2317695617676,1
-52.4512710571289,1
-51.004264831543,1
-47.6046447753906,1
-45.6517639160156,1
-46.2138824462891,1
-46.7712898254395,1
-45.2781143188477,1
-42.6977310180664,1
-40.2989845275879,1
-36.9066467285156,1
-30.9894714355469,1
-23.9736976623535,1
-19.0448131561279,1
-17.1825523376465,1
-16.5068187713623,1
-15.4303550720215,1
-14.3729591369629,1
-13.8973159790039,1
-12.9911165237427,1
-10.2670650482178,1
-5.76471519470215,1
-0.568916797637939,1
4.63078260421753,1
9.80034828186035,1
15.0449113845825,1
20.5788860321045,1
26.5838203430176,1
32.4168548583984,1
36.7765998840332,1
39.5555725097656,1
42.5436210632324,1
46.7776718139648,1
49.8388481140137,1
47.8421211242676,1
40.3980903625488,1
31.8304328918457,1
26.6840953826904,1
25.3565788269043,1
25.0846748352051,1
24.0360412597656,1
22.9516105651855,1
23.0794067382812,1
23.7942066192627,1
22.8545761108398,1
18.9117660522461,1
13.5353374481201,1
10.2098722457886,1
10.8011112213135,1
13.5284423828125,1
15.347939491272,1
15.682915687561,1
16.0891819000244,1
16.5522155761719,1
14.7566146850586,1
10.0484952926636,1
5.69425010681152,1
5.12685108184814,1
7.51363706588745,1
9.41471672058105,1
9.85804080963135,1
11.0731344223022,1
14.3181915283203,1
17.7231502532959,1
19.3281478881836,1
20.3853397369385,1
23.9962368011475,1
31.0440864562988,1
38.7140121459961,1
43.2847557067871,1
43.9437713623047,1
43.3416328430176,1
44.0253067016602,1
44.7650337219238,1
41.6684951782227,1
33.2259292602539,1
22.606861114502,1
13.7616376876831,1
6.85347843170166,1
-0.27632412314415,1
-7.20271587371826,1
-10.6391506195068,1
-9.48348426818848,1
-7.21648931503296,1
-7.62685203552246,1
-10.1124925613403,1
-11.2863788604736,1
-10.0648469924927,1
-8.80324268341064,1
-9.50927066802979,1
-11.0485458374023,1
-10.9740877151489,1
-8.87703704833984,1
-6.65278577804565,1
-5.68256139755249,1
-4.82387256622314,1
-1.7654550075531,1
4.05667066574097,1
10.8105993270874,1
16.8380508422852,1
22.9789638519287,1
31.1894950866699,1
41.0505752563477,1
49.1162452697754,1
52.4889030456543,1
52.1076889038086,1
51.4409523010254,1
52.4646759033203,1
54.2343864440918,1
55.3970069885254,1
56.5719871520996,1
59.1527137756348,1
62.3839416503906,1
63.0680961608887,1
58.8065032958984,1
51.0076179504395,1
43.9070854187012,1
40.4845314025879,1
39.868350982666,1
39.1213188171387,1
37.0538482666016,1
35.241138458252,1
35.0406608581543,1
34.8027572631836,1
31.5035133361816,1
25.1311130523682,1
19.9265727996826,1
20.1414985656738,1
25.1967906951904,1
30.3578052520752,1
32.1364059448242,1
31.5371799468994,1
31.2686252593994,1
31.1929588317871,1
28.4595508575439,1
22.0134620666504,1
14.9960823059082,1
11.6015386581421,1
12.7455635070801,1
16.2939357757568,1
20.817419052124,1
26.9362773895264,1
34.390941619873,1
39.8120155334473,1
39.4563598632812,1
33.7677192687988,1
27.3716831207275,1
24.0598201751709,1
23.2122554779053,1
22.1586246490479,1
20.829719543457,1
22.0687046051025,1
27.2390460968018,1
33.4645462036133,1
36.6600074768066,1
36.5494079589844,1
37.1028823852539,1
41.8898239135742,1
50.3283767700195,1
59.1413307189941,1
66.3167114257812,1
72.1961669921875,1
77.0348510742188,1
79.3464889526367,1
77.7050247192383,1
73.2198181152344,1
68.6816024780273,1
65.2024154663086,1
61.076831817627,1
54.6931686401367,1
47.457218170166,1
42.3763084411621,1
40.0720863342285,1
37.8592948913574,1
33.2748641967773,1
27.1116600036621,1
21.937162399292,1
18.7166557312012,1
16.4117031097412,1
14.3466882705688,1
13.1627674102783,1
13.1909208297729,1
13.380747795105,1
12.5516939163208,1
10.8062105178833,1
9.1649169921875,1
8.5375452041626,1
9.37948703765869,1
11.4668169021606,1
13.6543703079224,1
14.9067087173462,1
15.9702577590942,1
18.5826377868652,1
22.1747074127197,1
23.1363506317139,1
19.285364151001,1
13.8444900512695,1
12.3039455413818,1
15.5493183135986,1
18.978832244873,1
19.1852741241455,1
18.5424537658691,1
21.0064296722412,1
25.6397476196289,1
27.8009281158447,1
26.2494697570801,1
25.3872222900391,1
29.2251968383789,1
36.0724105834961,1
41.5140609741211,1
44.5647926330566,1
47.6349716186523,1
51.2252883911133,1
52.4545059204102,1
49.8424606323242,1
46.342586517334,1
45.3237991333008,1
45.5777359008789,1
43.1629066467285,1
37.3526573181152,1
31.8670425415039,1
29.9389820098877,1
30.5199718475342,1
30.3181400299072,1
27.9816837310791,1
25.1252403259277,1
24.1213703155518,1
25.8026218414307,1
28.9139423370361,1
31.4194602966309,1
32.7446784973145,1
34.5617408752441,1
38.336124420166,1
42.2098922729492,1
42.062629699707,1
36.4862747192383,1
29.2463283538818,1
25.4651889801025,1
26.252721786499,1
28.4378223419189,1
28.8681735992432,1
27.2724113464355,1
24.9218845367432,1
22.1197280883789,1
17.9415721893311,1
11.979546546936,1
5.68947458267212,1
1.72644805908203,1
1.6690639257431,1
4.43943071365356,1
7.61634302139282,1
10.4351329803467,1
14.3249378204346,1
19.7496719360352,1
24.0244674682617,1
24.2568168640137,1
21.7932186126709,1
21.2171363830566,1
24.5164070129395,1
28.6691513061523,1
30.2013416290283,1
29.7742519378662,1
29.9575862884521,1
30.1933212280273,1
27.4005908966064,1
21.4311466217041,1
16.4223098754883,1
15.4080905914307,1
16.4391021728516,1
16.2645874023438,1
15.6093072891235,1
17.5776653289795,1
21.8727550506592,1
24.3109283447266,1
22.5753898620605,1
19.1935958862305,1
17.319522857666,1
16.2356586456299,1
13.336088180542,1
8.77491283416748,1
5.35634088516235,1
4.40067005157471,1
4.20812177658081,1
2.84537196159363,1
0.644910275936127,1
-0.494264185428619,1
0.952483475208282,1
5.13648796081543,1
10.7360496520996,1
15.7751731872559,1
19.4509887695312,1
22.8893852233887,1
26.9811115264893,1
30.085262298584,1
29.8225803375244,1
27.0354900360107,1
25.5558013916016,1
27.2735805511475,1
29.7105083465576,1
29.9064140319824,1
28.6814785003662,1
28.8879985809326,1
30.8131275177002,1
31.9650039672852,1
31.0130176544189,1
29.3182468414307,1
28.0758590698242,1
26.1982727050781,1
22.300178527832,1
17.3860607147217,1
14.1142740249634,1
13.9094791412354,1
15.765679359436,1
17.5908355712891,1
18.0912303924561,1
17.6593284606934,1
17.8901767730713,1
19.8566589355469,1
22.5765151977539,1
23.8503246307373,1
22.9408435821533,1
21.3330841064453,1
20.104959487915,1
18.0064659118652,1
13.8802528381348,1
9.89144420623779,1
9.66227531433105,1
13.1073760986328,1
15.874662399292,1
15.0104827880859,1
12.7403841018677,1
12.7411117553711,1
14.6507301330566,1
15.011040687561,1
12.6817092895508,1
10.2849597930908,1
10.1156768798828,1
11.3633584976196,1
12.4230337142944,1
13.7941379547119,1
17.001615524292,1
21.8313484191895,1
26.3261203765869,1
29.2096061706543,1
31.2108688354492,1
34.029182434082,1
38.4987487792969,1
43.5511283874512,1
46.8034782409668,1
46.7919273376465,1
44.8525352478027,1
43.8794403076172,1
44.8259391784668,1
45.6607322692871,1
44.6217231750488,1
43.102237701416,1
43.6570205688477,1
46.0085372924805,1
47.1009330749512,1
45.0098838806152,1
40.7784271240234,1
35.9025535583496,1
29.9022235870361,1
21.6394348144531,1
11.9168643951416,1
3.36386561393738,1
-1.92074143886566,1
-3.73247170448303,1
-3.16358852386475,1
-1.62427067756653,1
-0.435093969106674,1
-0.546879410743713,1
-2.17976832389832,1
-4.78055381774902,1
-7.38260126113892,1
-9.07961750030518,1
-9.41726112365723,1
-8.4635009765625,1
-6.38263559341431,1
-3.05030941963196,1
1.50159621238708,1
6.22338008880615,1
9.17873382568359,1
8.99762344360352,1
6.18196201324463,1
2.76568651199341,1
0.443155854940414,1
-1.19802570343018,1
-4.30785083770752,1
-9.88636207580566,1
-15.4546890258789,1
-17.2879009246826,1
-15.7266130447388,1
-16.1132850646973,1
-22.1548805236816,1
-29.9469738006592,1
-32.1242790222168,1
-27.5773696899414,1
-22.8367214202881,1
-22.6404724121094,1
-23.5282783508301,1
-20.0018367767334,1
-13.6829891204834,1
-11.4876718521118,1
-15.7533102035522,1
-21.0104446411133,1
-21.4176006317139,1
-17.5157032012939,1
-13.5646295547485,1
-10.8529119491577,1
-6.54897212982178,1
1.4472633600235,1
10.7255830764771,1
16.214994430542,1
15.4288291931152,1
11.4335832595825,1
9.93593883514404,1
13.038067817688,1
17.0106258392334,1
17.65110206604,1
16.6440811157227,1
19.6303634643555,1
27.7453002929688,1
34.6481895446777,1
34.2861671447754,1
29.1142692565918,1
27.0646190643311,1
31.2142429351807,1
36.3516120910645,1
36.7032508850098,1
33.5947074890137,1
32.7452201843262,1
35.8481903076172,1
38.398006439209,1
36.1315612792969,1
30.6518688201904,1
26.9249629974365,1
26.9473781585693,1
28.295259475708,1
28.5214157104492,1
28.5151214599609,1
30.5672779083252,1
34.8129920959473,1
39.2545204162598,1
42.6746788024902,1
45.9344139099121,1
50.312816619873,1
55.8206977844238,1
61.6090507507324,1
67.1438751220703,1
72.2593765258789,1
76.3936157226562,1
78.3625335693359,1
77.0841522216797,1
72.7009124755859,1
67.138801574707,1
63.0522384643555,1
61.4476509094238,1
60.6206092834473,1
58.4770965576172,1
55.7233810424805,1
55.1005630493164,1
56.9029006958008,1
57.1824645996094,1
52.2626876831055,1
44.0922508239746,1
38.8891105651855,1
40.3570442199707,1
46.0996170043945,1
51.3114013671875,1
54.283821105957,1
56.9297294616699,1
60.9029273986816,1
65.0591125488281,1
67.1007232666016,1
66.5924377441406,1
65.3373413085938,1
64.8582458496094,1
64.4551239013672,1
62.5223922729492,1
59.2492599487305,1
56.4942207336426,1
54.630729675293,1
51.3853607177734,1
45.4335861206055,1
39.7444229125977,1
38.6091194152832,1
41.4384880065918,1
42.4162483215332,1
37.4704360961914,1
29.1988143920898,1
22.9577503204346,1
19.9309043884277,1
16.8738136291504,1
12.0245704650879,1
8.04437923431396,1
8.00754451751709,1
10.6928005218506,1
11.8496541976929,1
9.32739639282227,1
5.01436996459961,1
1.48955810070038,1
-1.62890386581421,1
-6.82631540298462,1
-14.8616437911987,1
-23.2767677307129,1
-29.1436252593994,1
-32.2983207702637,1
-34.9043502807617,1
-38.1802444458008,1
-40.6680297851562,1
-40.1508903503418,1
-36.6553726196289,1
-32.7581939697266,1
-30.7271842956543,1
-29.8401775360107,1
-27.2295951843262,1
-21.4468727111816,1
-14.2654933929443,1
-8.25046825408936,1
-3.52900671958923,1
1.44809997081757,1
6.49953937530518,1
9.47357845306396,1
9.91272068023682,1
10.4047269821167,1
12.6779403686523,1
14.4922580718994,1
12.8325080871582,1
8.75630378723145,1
6.12087821960449,1
5.93893957138062,1
4.93240165710449,1
0.196548789739609,1
-7.02603483200073,1
-13.1060037612915,1
-15.8710126876831,1
-15.8380498886108,1
-14.8645181655884,1
-14.341362953186,1
-14.0541820526123,1
-12.7655267715454,1
-10.5939683914185,1
-9.96181201934814,1
-12.4737730026245,1
-15.6840658187866,1
-15.7229614257812,1
-13.1124334335327,1
-12.7279043197632,1
-17.0116291046143,1
-22.5414733886719,1
-25.404504776001,1
-27.0449638366699,1
-31.6152610778809,1
-39.3620185852051,1
-46.2557640075684,1
-49.6099128723145,1
-50.7157440185547,1
-51.5910110473633,1
-51.9839630126953,1
-50.6143836975098,1
-47.4226150512695,1
-43.618236541748,1
-40.82958984375,1
-40.6026000976562,1
-43.170467376709,1
-46.378776550293,1
-47.7007942199707,1
-47.8219184875488,1
-49.9511528015137,1
-54.5629539489746,1
-57.5181350708008,1
-55.6488342285156,1
-51.9824752807617,1
-52.1143684387207,1
-56.4675483703613,1
-59.811695098877,1
-58.5157165527344,1
-54.6478157043457,1
-51.8143005371094,1
-50.3913955688477,1
-49.1793937683105,1
-49.1221504211426,1
-52.0688705444336,1
-56.9098663330078,1
-60.0820274353027,1
-60.0028648376465,1
-58.6345596313477,1
-58.2467880249023,1
-58.6092872619629,1
-58.1525688171387,1
-56.4843673706055,1
-54.8678817749023,1
-54.9003257751465,1
-57.0742149353027,1
-60.1049919128418,1
-61.8582191467285,1
-61.696834564209,1
-61.2962989807129,1
-61.8388519287109,1
-61.3107757568359,1
-57.0166397094727,1
-50.5246887207031,1
-46.8606796264648,1
-47.6954498291016,1
-48.5318908691406,1
-44.9942588806152,1
-39.2902336120605,1
-37.0043182373047,1
-38.9230461120605,1
-39.9993515014648,1
-36.4476852416992,1
-30.1576538085938,1
-24.8587112426758,1
-20.9419918060303,1
-16.194580078125,1
-9.73817157745361,1
-2.88396430015564,1
3.07389402389526,1
7.94223308563232,1
11.7828054428101,1
14.4305810928345,1
15.7269763946533,1
15.2334508895874,1
12.1771717071533,1
6.85434341430664,1
1.49923503398895,1
-1.92076528072357,1
-4.55651617050171,1
-9.31413745880127,1
-16.2978935241699,1
-21.8929138183594,1
-23.7219867706299,1
-24.5072841644287,1
-28.681661605835,1
-36.3333015441895,1
-43.4103775024414,1
-47.752513885498,1
-51.6342620849609,1
-57.1133346557617,1
-61.9390754699707,1
-62.9258804321289,1
-61.6760902404785,1
-63.3606071472168,1
-69.7763977050781,1
-76.8243560791016,1
-80.0716781616211,1
-80.221061706543,1
-80.9236145019531,1
-82.8224029541016,1
-82.664909362793,1
-78.3547286987305,1
-72.4200439453125,1
-69.1115875244141,1
-69.2132034301758,1
-69.3494720458984,1
-66.4339447021484,1
-61.4731330871582,1
-58.0462951660156,1
-57.6115531921387,1
-57.7800140380859,1
-55.7800331115723,1
-52.4129676818848,1
-51.0947685241699,1
-53.2481803894043,1
-56.2126350402832,1
-56.2337951660156,1
-52.3861274719238,1
-46.7743301391602,1
-41.7424659729004,1
-38.007625579834,1
-35.3217926025391,1
-33.9598846435547,1
-34.9824028015137,1
-38.9361724853516,1
-44.4319038391113,1
-48.6777000427246,1
-50.1509284973145,1
-50.2259407043457,1
-50.8619041442871,1
-51.0053901672363,1
-47.466495513916,1
-40.1239471435547,1
-33.9320106506348,1
-33.6709480285645,1
-38.1514205932617,1
-42.2093696594238,1
-43.7353820800781,1
-45.6585731506348,1
-50.5402336120605,1
-56.3603210449219,1
-59.7159271240234,1
-61.2393379211426,1
-64.9944381713867,1
-72.723747253418,1
-81.0998077392578,1
-85.6471939086914,1
-85.9682693481445,1
-85.592155456543,1
-87.0435409545898,1
-88.7612228393555,1
-87.8630142211914,1
-84.9486083984375,1
-84.1848983764648,1
-88.1380615234375,1
-94.3214569091797,1
-98.4792556762695,1
-100.111938476562,1
-102.268241882324,1
-105.979942321777,1
-107.89298248291,1
-105.007377624512,1
-99.5485305786133,1
-96.4448089599609,1
-96.816032409668,1
-96.8478393554688,1
-93.4996337890625,1
-88.6669235229492,1
-86.0954132080078,1
-85.9785385131836,1
-85.0516586303711,1
-81.6771850585938,1
-78.5074615478516,1
-79.204704284668,1
-83.9404296875,1
-89.463264465332,1
-93.0001449584961,1
-94.7209014892578,1
-96.3081970214844,1
-98.3252105712891,1
-99.7524566650391,1
-99.6538772583008,1
-98.5591888427734,1
-98.0322799682617,1
-98.9866180419922,1
-100.463768005371,1
-100.296669006348,1
-97.30859375,1
-92.6359634399414,1
-88.304084777832,1
-84.7949829101562,1
-81.1826248168945,1
-77.741325378418,1
-76.6452789306641,1
-78.8839645385742,1
-81.9303359985352,1
-82.4948272705078,1
-80.9087753295898,1
-80.4170074462891,1
-82.1130523681641,1
-83.233024597168,1
-81.5471115112305,1
-79.0724487304688,1
-79.3991928100586,1
-82.8809127807617,1
-86.8894271850586,1
-90.0100936889648,1
-93.2860641479492,1
-97.2298736572266,1
-100.272148132324,1
-101.307907104492,1
-101.860160827637,1
-104.142791748047,1
-108.076957702637,1
-111.688934326172,1
-113.778915405273,1
-114.822479248047,1
-115.562408447266,1
-115.90714263916,1
-115.207328796387,1
-112.921752929688,1
-109.29695892334,1
-105.959602355957,1
-105.056045532227,1
-106.703788757324,1
-108.000450134277,1
-106.080352783203,1
-101.735214233398,1
-98.2018966674805,1
-96.4549179077148,1
-93.8790969848633,1
-88.2879943847656,1
-81.2048950195312,1
-75.7250061035156,1
-72.5293884277344,1
-69.6892547607422,1
-65.6252517700195,1
-60.6065635681152,1
-55.5367660522461,1
-50.6181335449219,1
-45.4835777282715,1
-40.024585723877,1
-34.9816703796387,1
-31.7371253967285,1
-30.8581523895264,1
-30.6001434326172,1
-27.9562244415283,1
-21.9584674835205,1
-14.8714056015015,1
-9.05360889434814,1
-3.77637124061584,1
3.15715765953064,1
11.3490037918091,1
17.5609378814697,1
19.8554210662842,1
20.1854457855225,1
21.887716293335,1
25.7078189849854,1
29.5525703430176,1
31.8205146789551,1
33.6287078857422,1
36.9282455444336,1
40.9559097290039,1
42.1341590881348,1
38.5059127807617,1
33.1919326782227,1
31.4648742675781,1
34.5599784851074,1
38.7096290588379,1
40.8275375366211,1
42.3117256164551,1
45.3890647888184,1
48.391429901123,1
48.0758285522461,1
45.3187522888184,1
44.5283813476562,1
47.189281463623,1
49.7104301452637,1
49.0785217285156,1
47.536060333252,1
49.2405662536621,1
54.2059783935547,1
58.2302169799805,1
58.0620574951172,1
54.3841819763184,1
49.9385566711426,1
46.7504539489746,1
45.5497970581055,1
46.3868713378906,1
49.0694999694824,1
53.5694465637207,1
59.986026763916,1
67.3332824707031,1
72.8033981323242,1
73.9603118896484,1
72.0951461791992,1
71.6797866821289,1
75.3330917358398,1
80.6807708740234,1
83.7624053955078,1
84.3572463989258,1
85.5142364501953,1
88.1463775634766,1
89.1882400512695,1
86.4818954467773,1
82.9870986938477,1
83.4657287597656,1
88.0631942749023,1
92.1097640991211,1
92.4013061523438,1
90.83349609375,1
90.507194519043,1
90.5647735595703,1
87.466911315918,1
80.630500793457,1
74.0677261352539,1
71.5820083618164,1
72.1289291381836,1
71.5146255493164,1
67.9090042114258,1
63.7522239685059,1
61.7346420288086,1
60.5230941772461,1
56.2051048278809,1
47.6401290893555,1
38.4430122375488,1
32.8119201660156,1
30.9328651428223,1
30.1589488983154,1
29.6045150756836,1
30.8000736236572,1
33.4739952087402,1
33.7089195251465,1
28.507230758667,1
20.5338859558105,1
15.6484622955322,1
16.3070392608643,1
19.9861755371094,1
23.9732360839844,1
28.5702285766602,1
34.3756408691406,1
39.196418762207,1
40.141357421875,1
37.4638023376465,1
34.0844841003418,1
32.014232635498,1
31.1789264678955,1
31.120397567749,1
31.6845092773438,1
32.1731147766113,1
31.7794647216797,1
30.8992805480957,1
30.2627716064453,1
28.9718894958496,1
25.5814609527588,1
21.1730041503906,1
18.7447910308838,1
18.8603000640869,1
18.6047611236572,1
16.2311515808105,1
14.1899700164795,1
15.2975625991821,1
18.0446243286133,1
18.7229022979736,1
16.9956035614014,1
15.9671030044556,1
16.7995300292969,1
16.5907611846924,1
12.7986211776733,1
7.24307775497437,1
3.69405102729797,1
2.82869219779968,1
1.78255677223206,1
-1.47100102901459,1
-5.15132284164429,1
-5.85708665847778,1
-2.72281408309937,1
1.82140457630157,1
5.43057012557983,1
8.83864498138428,1
14.4799766540527,1
22.4546375274658,1
29.2456531524658,1
31.2577991485596,1
28.9193897247314,1
26.1319313049316,1
25.733814239502,1
26.6764545440674,1
26.2275123596191,1
23.965425491333,1
22.1861267089844,1
22.2845077514648,1
22.1548652648926,1
18.399923324585,1
10.6841430664062,1
2.53812193870544,1
-2.44239115715027,1
-4.02766418457031,1
-4.30622386932373,1
-4.343581199646,1
-3.42098951339722,1
-1.40164744853973,1
-0.171870946884155,1
-1.74244618415833,1
-5.63270092010498,1
-9.30453491210938,1
-11.2438478469849,1
-12.5766582489014,1
-14.9170598983765,1
-17.3507347106934,1
-17.1040115356445,1
-13.5820941925049,1
-10.188512802124,1
-10.6617908477783,1
-14.3895492553711,1
-17.2085838317871,1
-16.7393035888672,1
-14.8765296936035,1
-14.3102426528931,1
-14.5167436599731,1
-12.8487386703491,1
-8.61702156066895,1
-4.29343032836914,1
-2.72047924995422,1
-4.39879846572876,1
-7.76310873031616,1
-11.1599884033203,1
-13.9213905334473,1
-15.8557348251343,1
-16.5053386688232,1
-15.5898313522339,1
-14.1878337860107,1
-14.5632076263428,1
-17.9473400115967,1
-22.916748046875,1
-26.9966239929199,1
-29.6441249847412,1
-32.4060516357422,1
-36.0763244628906,1
-39.1326179504395,1
-39.6207046508789,1
-37.5297813415527,1
-34.5143966674805,1
-31.9791469573975,1
-30.2341461181641,1
-29.1847820281982,1
-29.1521263122559,1
-30.7790260314941,1
-34.0208854675293,1
-37.3778038024902,1
-39.0673217773438,1
-39.6142654418945,1
-42.1669616699219,1
-48.7736778259277,1
-57.1119995117188,1
-62.8096160888672,1
-64.580924987793,1
-64.8467025756836,1
-65.4004898071289,1
-65.246696472168,1
-63.5490455627441,1
-62.0703582763672,1
-63.0205307006836,1
-66.3602523803711,1
-70.8955535888672,1
-76.3859252929688,1
-82.6834945678711,1
-88.0783767700195,1
-90.5491561889648,1
-89.9930801391602,1
-87.6752777099609,1
-84.2939071655273,1
-80.1330032348633,1
-76.1381072998047,1
-72.8656158447266,1
-68.9661712646484,1
-62.729866027832,1
-54.8370132446289,1
-47.6185073852539,1
-41.7779273986816,1
-36.0366096496582,1
-30.3245162963867,1
-27.1053295135498,1
-28.4452724456787,1
-33.1979331970215,1
-38.1528625488281,1
-41.0103607177734,1
-41.4525833129883,1
-40.2753677368164,1
-38.4216918945312,1
-36.3109321594238,1
-33.5142402648926,1
-29.6194915771484,1
-25.5843734741211,1
-23.1104125976562,1
-22.2532825469971,1
-21.1796684265137,1
-19.2797660827637,1
-18.7597064971924,1
-21.1738109588623,1
-23.805778503418,1
-22.6127529144287,1
-18.6361427307129,1
-17.9911022186279,1
-24.0225849151611,1
-32.4364166259766,1
-36.8821983337402,1
-37.3010559082031,1
-39.105152130127,1
-44.7945327758789,1
-50.5879554748535,1
-52.6302528381348,1
-53.0318489074707,1
-56.9756317138672,1
-65.7323989868164,1
-75.5362930297852,1
-82.6529846191406,1
-86.723991394043,1
-88.919921875,1
-89.3334197998047,1
-87.4251556396484,1
-83.746467590332,1
-80.1407928466797,1
-78.6501235961914,1
-80.2923278808594,1
-84.0185546875,1
-86.8871078491211,1
-86.5599212646484,1
-83.9427871704102,1
-82.1105728149414,1
-82.3250503540039,1
-82.6991195678711,1
-81.4639511108398,1
-79.7014465332031,1
-79.3481521606445,1
-79.9526748657227,1
-79.4330520629883,1
-77.1921539306641,1
-74.2249298095703,1
-70.4439163208008,1
-64.4763412475586,1
-56.8502159118652,1
-51.1219215393066,1
-50.1086845397949,1
-52.1630020141602,1
-52.9517669677734,1
-50.4371948242188,1
-46.3708992004395,1
-42.8219184875488,1
-39.1028518676758,1
-33.3389892578125,1
-26.08154296875,1
-20.5682010650635,1
-18.9888248443604,1
-19.6839160919189,1
-19.1447200775146,1
-16.4381828308105,1
-14.4076862335205,1
-16.0234069824219,1
-20.4906539916992,1
-24.1328544616699,1
-24.9948234558105,1
-25.2576580047607,1
-28.219274520874,1
-33.5856704711914,1
-37.2495002746582,1
-36.1494407653809,1
-32.0429611206055,1
-29.1345272064209,1
-28.6781921386719,1
-28.0317840576172,1
-25.478385925293,1
-23.5644931793213,1
-25.5224685668945,1
-29.7981777191162,1
-31.2747459411621,1
-28.1381416320801,1
-24.4713230133057,1
-24.5332279205322,1
-26.9843883514404,1
-27.3874950408936,1
-24.9878444671631,1
-23.8027763366699,1
-26.9405765533447,1
-32.6958770751953,1
-37.4278564453125,1
-40.3400993347168,1
-43.7579879760742,1
-49.5711669921875,1
-56.8501663208008,1
-62.8968887329102,1
-65.983642578125,1
-67.1130676269531,1
-69.1511917114258,1
-73.7517166137695,1
-79.2230606079102,1
-82.3542633056641,1
-82.3473358154297,1
-81.5338134765625,1
-81.7970886230469,1
-82.1458587646484,1
-81.1876831054688,1
-80.287841796875,1
-81.7581024169922,1
-84.4691925048828,1
-84.1124572753906,1
-78.6472473144531,1
-71.2314147949219,1
-66.1135940551758,1
-63.1939392089844,1
-59.0253601074219,1
-52.7650108337402,1
-48.4007530212402,1
-49.7903823852539,1
-55.2861557006836,1
-59.5324478149414,1
-60.1432456970215,1
-60.1217079162598,1
-62.7934455871582,1
-66.5529251098633,1
-66.9502334594727,1
-63.1386795043945,1
-59.4792976379395,1
-60.0116157531738,1
-63.4365158081055,1
-65.1765975952148,1
-63.2224960327148,1
-59.9657745361328,1
-58.3540725708008,1
-58.0383567810059,1
-56.3292198181152,1
-52.2035140991211,1
-48.0653381347656,1
-47.0948371887207,1
-49.4822196960449,1
-52.159740447998,1
-52.2581787109375,1
-49.836555480957,1
-46.6655693054199,1
-43.385986328125,1
-39.2806777954102,1
-34.5250778198242,1
-31.0206604003906,1
-30.391019821167,1
-32.0599174499512,1
-33.9072265625,1
-34.3615379333496,1
-33.5829620361328,1
-33.003173828125,1
-33.7875366210938,1
-35.4568405151367,1
-36.3865699768066,1
-36.1375732421875,1
-36.3722534179688,1
-38.2136840820312,1
-39.6375961303711,1
-37.607666015625,1
-32.4333877563477,1
-27.469066619873,1
-24.3647518157959,1
-21.7109680175781,1
-19.4455642700195,1
-21.1141681671143,1
-28.9513683319092,1
-39.1013679504395,1
-45.3232536315918,1
-46.4556274414062,1
-46.7599487304688,1
-49.1119499206543,1
-51.4429054260254,1
-50.9095802307129,1
-48.5622291564941,1
-47.7919082641602,1
-49.7055473327637,1
-51.9911308288574,1
-51.817008972168,1
-48.5391006469727,1
-43.7287063598633,1
-39.3205337524414,1
-35.7366981506348,1
-31.7787780761719,1
-26.8330459594727,1
-22.8950004577637,1
-22.9907875061035,1
-27.1116275787354,1
-31.2661514282227,1
-31.8428783416748,1
-29.7447395324707,1
-28.3685722351074,1
-28.1183643341064,1
-25.4351043701172,1
-18.0669212341309,1
-9.17560386657715,1
-4.12337684631348,1
-3.93073773384094,1
-4.23416519165039,1
-1.21159625053406,1
3.55165505409241,1
5.79466819763184,1
4.92261362075806,1
4.94609403610229,1
8.61482238769531,1
13.0633983612061,1
13.294882774353,1
8.72021675109863,1
3.62533450126648,1
1.25565457344055,1
0.331122130155563,1
-1.30180680751801,1
-2.29462265968323,1
-0.120300449430943,1
3.45985412597656,1
3.21026849746704,1
-2.32622194290161,1
-7.72032260894775,1
-7.20770072937012,1
-2.09187722206116,1
1.6177419424057,1
1.76755976676941,1
2.29720091819763,1
6.45546293258667,1
11.6748342514038,1
13.4709367752075,1
11.8049154281616,1
10.5398836135864,1
11.8795118331909,1
14.4085741043091,1
16.4142799377441,1
18.4728946685791,1
22.2020301818848,1
28.224142074585,1
35.6834449768066,1
42.3229331970215,1
45.2880554199219,1
43.9324073791504,1
41.7663383483887,1
43.0314598083496,1
46.9582366943359,1
48.5087547302246,1
45.9033699035645,1
43.6810340881348,1
45.5649337768555,1
47.7165222167969,1
43.6644439697266,1
34.182373046875,1
26.9230842590332,1
26.114164352417,1
27.801233291626,1
26.9081344604492,1
24.1733531951904,1
22.8806762695312,1
22.4756507873535,1
19.8923740386963,1
15.324068069458,1
12.1919708251953,1
11.8128070831299,1
11.9851999282837,1
11.2271633148193,1
11.0704698562622,1
13.2134160995483,1
17.0104694366455,1
20.7379627227783,1
23.1323432922363,1
22.9921932220459,1
19.8169803619385,1
15.9900884628296,1
15.8045892715454,1
20.6417236328125,1
27.2026176452637,1
32.1287422180176,1
35.9600791931152,1
40.2560234069824,1
43.3907699584961,1
42.9783782958984,1
41.1552696228027,1
43.0578422546387,1
49.6887741088867,1
56.2580108642578,1
59.0938987731934,1
60.8040390014648,1
65.9555892944336,1
73.8946914672852,1
79.2461090087891,1
79.0672073364258,1
76.5046691894531,1
76.4644088745117,1
79.703239440918,1
82.9375915527344,1
83.9319305419922,1
84.1878204345703,1
85.6422119140625,1
86.4303512573242,1
82.5803451538086,1
74.1263656616211,1
66.7052154541016,1
65.0880432128906,1
67.1149291992188,1
67.0204849243164,1
63.6667785644531,1
61.5992774963379,1
63.557689666748,1
66.056640625,1
64.6418075561523,1
60.468204498291,1
58.4007453918457,1
60.168586730957,1
62.706413269043,1
62.8910789489746,1
61.0884475708008,1
59.5588226318359,1
59.2760696411133,1
58.9601402282715,1
56.3219184875488,1
50.3469009399414,1
43.1246452331543,1
38.616512298584,1
38.3661613464355,1
39.4993705749512,1
38.7129364013672,1
36.8637275695801,1
36.7184410095215,1
37.037425994873,1
33.0439682006836,1
23.7504444122314,1
14.9182300567627,1
12.193920135498,1
14.0301675796509,1
14.6102457046509,1
12.1293611526489,1
10.4631586074829,1
12.7433052062988,1
16.6956729888916,1
17.7496280670166,1
14.7176485061646,1
10.5885238647461,1
8.48301410675049,1
8.38317203521729,1
8.01066398620605,1
5.9857349395752,1
3.31642937660217,1
1.60161328315735,1
0.292829304933548,1
-3.30038332939148,1
-10.8613338470459,1
-20.6175975799561,1
-28.80641746521,1
-33.1869010925293,1
-34.2532234191895,1
-33.3735694885254,1
-31.2014198303223,1
-28.4092502593994,1
-26.6578559875488,1
-27.3747501373291,1
-29.723653793335,1
-31.0348320007324,1
-29.8299884796143,1
-27.7397022247314,1
-27.5852298736572,1
-29.7759685516357,1
-31.6601963043213,1
-30.9361095428467,1
-28.8338737487793,1
-28.725757598877,1
-31.7700595855713,1
-35.3916893005371,1
-36.7352828979492,1
-36.353343963623,1
-36.9965629577637,1
-39.3007926940918,1
-40.6264877319336,1
-38.8179130554199,1
-35.5891647338867,1
-34.6986122131348,1
-37.3234100341797,1
-40.8337364196777,1
-42.4099082946777,1
-42.5050354003906,1
-43.7596817016602,1
-47.3059501647949,1
-51.5929985046387,1
-54.9439849853516,1
-57.8917465209961,1
-62.0235290527344,1
-67.1673736572266,1
-70.9212875366211,1
-71.1039276123047,1
-67.9281387329102,1
-63.511173248291,1
-59.7575187683105,1
-56.9697341918945,1
-54.1696662902832,1
-50.5411796569824,1
-46.6124420166016,1
-43.7633094787598,1
-42.3274765014648,1
-40.9420967102051,1
-38.7466087341309,1
-37.3988304138184,1
-38.9097175598145,1
-41.5845909118652,1
-40.8176231384277,1
-35.1572303771973,1
-29.1314716339111,1
-27.7797164916992,1
-30.1538562774658,1
-31.117805480957,1
-28.4850521087646,1
-24.8874969482422,1
-22.5949401855469,1
-20.2357959747314,1
-16.218240737915,1
-12.5370025634766,1
-12.5970735549927,1
-16.4169082641602,1
-20.1239814758301,1
-20.0727615356445,1
-16.3869686126709,1
-12.5484485626221,1
-11.8914785385132,1
-14.1804208755493,1
-15.8358697891235,1
-14.3580379486084,1
-11.7787733078003,1
-11.7398614883423,1
-13.6482048034668,1
-12.9851427078247,1
-8.19402313232422,1
-3.56656980514526,1
-2.95308518409729,1
-3.87982177734375,1
-1.60488176345825,1
3.17568969726562,1
5.26451063156128,1
3.0570125579834,1
1.15577328205109,1
3.83007740974426,1
9.40433216094971,1
12.9936723709106,1
12.3425664901733,1
8.85226440429688,1
4.38503217697144,1
-0.65628057718277,1
-6.26371908187866,1
-11.3561954498291,1
-14.1341161727905,1
-14.0415744781494,1
-13.1174335479736,1
-14.2830600738525,1
-17.5322189331055,1
-19.0991096496582,1
-16.0659961700439,1
-10.8373556137085,1
-8.75452899932861,1
-11.6160717010498,1
-16.0639381408691,1
-18.5859222412109,1
-19.461181640625,1
-20.7327995300293,1
-22.5384979248047,1
-23.1916618347168,1
-21.815408706665,1
-19.611572265625,1
-18.9489974975586,1
-21.4348106384277,1
-26.003511428833,1
-29.0860404968262,1
-28.1939792633057,1
-25.2255706787109,1
-24.2386951446533,1
-25.997428894043,1
-27.4535732269287,1
-27.1330585479736,1
-27.531005859375,1
-30.2513122558594,1
-32.132396697998,1
-29.5740718841553,1
-24.4189910888672,1
-21.3816108703613,1
-20.6852531433105,1
-17.8361873626709,1
-11.213996887207,1
-5.49802207946777,1
-5.38541269302368,1
-9.10390853881836,1
-11.1795091629028,1
-9.78308010101318,1
-8.05959510803223,1
-8.8001070022583,1
-10.9648036956787,1
-12.095534324646,1
-11.7695026397705,1
-11.4218673706055,1
-12.2059679031372,1
-14.1337938308716,1
-16.2607841491699,1
-16.8331184387207,1
-14.4054393768311,1
-9.8507604598999,1
-6.11970376968384,1
-4.8166618347168,1
-4.27765417098999,1
-2.56803798675537,1
-0.849186420440674,1
-1.23612558841705,1
-2.40331840515137,1
-0.865256667137146,1
3.20043015480042,1
5.1993350982666,1
2.71153593063354,1
-0.506063401699066,1
0.356500864028931,1
4.68233394622803,1
8.40557861328125,1
10.7441492080688,1
14.9243564605713,1
22.3422374725342,1
29.8303775787354,1
34.0871200561523,1
36.1708526611328,1
39.6558609008789,1
45.6737442016602,1
51.4680328369141,1
53.399787902832,1
50.4103507995605,1
44.7903366088867,1
39.9799766540527,1
37.2464866638184,1
34.4773826599121,1
28.9630470275879,1
21.2414493560791,1
14.8295812606812,1
11.8016767501831,1
10.2687158584595,1
7.29408121109009,1
2.83465051651001,1
-0.914184987545013,1
-3.09455490112305,1
-4.90511846542358,1
-6.9511251449585,1
-8.21031665802002,1
-8.377028465271,1
-9.29024600982666,1
-12.5918731689453,1
-17.1307926177979,1
-20.207462310791,1
-20.7421875,1
-19.781608581543,1
-18.2665214538574,1
-15.8362712860107,1
-11.9916172027588,1
-7.24608850479126,1
-2.71352577209473,1
0.845693707466125,1
3.60713982582092,1
6.97769451141357,1
12.9501256942749,1
22.0217018127441,1
31.8520450592041,1
39.2567596435547,1
43.6608657836914,1
47.2693290710449,1
51.5384864807129,1
55.018684387207,1
55.6435394287109,1
54.1074180603027,1
53.7276000976562,1
57.1113433837891,1
63.5401039123535,1
69.6131591796875,1
72.405891418457,1
72.1394958496094,1
71.424446105957,1
71.6710968017578,1
71.3207778930664,0
68.5788497924805,0
64.4687805175781,0
61.1358528137207,0
58.2572021484375,0
54.0772247314453,0
49.5118522644043,0
47.5611763000488,0
48.0799827575684,0
46.9502296447754,0
42.001537322998,0
36.1451606750488,0
32.38232421875,0
29.2206001281738,0
24.2567024230957,0
19.2837619781494,0
17.6822166442871,0
18.6719760894775,0
18.6002349853516,0
16.9916477203369,0
16.9005603790283,0
19.3762321472168,0
21.8914604187012,0
23.0424194335938,0
24.9031658172607,0
29.1068534851074,0
33.6631164550781,0
35.6525268554688,0
34.9315643310547,0
33.3362846374512,0
31.8599605560303,0
30.3901557922363,0
29.1491050720215,0
28.8381023406982,0
29.8276214599609,0
31.9731369018555,0
34.5984420776367,0
36.3295555114746,0
36.0832252502441,0
34.7632751464844,0
34.7181358337402,0
36.689868927002,0
38.4130363464355,0
37.2056846618652,0
33.024730682373,0
27.9375801086426,0
23.3934516906738,0
19.259672164917,0
15.1067304611206,0
11.1384649276733,0
7.73324871063232,0
4.96242189407349,0
2.86136269569397,0
1.65728485584259,0
1.44683599472046,0
1.89822947978973,0
2.44287133216858,0
2.67884683609009,0
2.6298565864563,0
2.78686928749084,0
3.8157913684845,0
5.88563632965088,0
8.19819736480713,0
9.55716609954834,0
9.69003295898438,0
9.65438079833984,0
10.4215631484985,0
11.3789882659912,0
11.1476449966431,0
9.85380840301514,0
9.31474685668945,0
10.4177284240723,0
11.6381978988647,0
11.2676496505737,0
9.86380386352539,0
8.74912929534912,0
7.01627349853516,0
2.45241641998291,0
-4.66437721252441,0
-11.241081237793,0
-15.4641761779785,0
-18.8420124053955,0
-23.026439666748,0
-26.8377876281738,0
-28.2112617492676,0
-27.3155689239502,0
-25.6282062530518,0
-23.2623271942139,0
-19.5852851867676,0
-15.6025447845459,0
-13.1321401596069,0
-11.9161796569824,0
-10.1600198745728,0
-8.11408519744873,0
-8.40495681762695,0
-11.8551902770996,0
-15.4319429397583,0
-16.0949821472168,0
-14.961971282959,0
-15.5624666213989,0
-18.9262504577637,0
-22.5635871887207,0
-24.0474147796631,0
-23.6007099151611,0
-22.8433094024658,0
-22.7502059936523,0
-23.6770286560059,0
-26.0296478271484,0
-29.592643737793,0
-32.8067665100098,0
-33.9774398803711,0
-33.1721000671387,0
-32.0393676757812,0
-31.7025928497314,0
-31.6756267547607,0
-31.1344261169434,0
-30.4712333679199,0
-30.8837966918945,0
-32.6684532165527,0
-34.5267372131348,0
-34.6763725280762,0
-32.3831977844238,0
-28.3110809326172,0
-23.551965713501,0
-18.5881271362305,0
-13.4616327285767,0
-8.87641334533691,0
-6.36919355392456,0
-6.56709337234497,0
-7.62208080291748,0
-6.72140550613403,0
-3.59914636611938,0
-1.29066467285156,0
-2.41256999969482,0
-5.77457761764526,0
-8.23336124420166,0
-9.24227714538574,0
-11.4938087463379,0
-16.8766136169434,0
-23.8557929992676,0
-29.8066177368164,0
-34.2881774902344,0
-38.6175117492676,0
-43.4089736938477,0
-48.2175903320312,0
-52.9837417602539,0
-58.1567726135254,0
-63.5219802856445,0
-68.2605514526367,0
-72.1368408203125,0
-75.4531021118164,0
-77.9370651245117,0
-78.9337463378906,0
-78.6866989135742,0
-78.158447265625,0
-77.5800552368164,0
-76.5649871826172,0
-75.6437301635742,0
-75.8744888305664,0
-76.5095062255859,0
-75.0439987182617,0
-70.6238327026367,0
-65.6037979125977,0
-62.2774772644043,0
-59.6904525756836,0
-55.6443710327148,0
-50.6316795349121,0
-47.380428314209,0
-46.9651222229004,0
-47.7256889343262,0
-48.1396560668945,0
-48.5825386047363,0
-49.6484184265137,0
-50.5633201599121,0
-50.2341232299805,0
-48.6554374694824,0
-46.460205078125,0
-43.9617042541504,0
-41.0952453613281,0
-37.317008972168,0
-31.3280258178711,0
-22.3889751434326,0
-12.5558032989502,0
-5.94897317886353,0
-4.45660066604614,0
-5.31675910949707,0
-4.41508054733276,0
-1.03884899616241,0
2.34019088745117,0
4.36388301849365,0
6.73148536682129,0
11.4950294494629,0
18.0674133300781,0
23.8643817901611,0
27.1469974517822,0
28.4856777191162,0
29.7764663696289,0
32.328498840332,0
35.8236770629883,0
38.9237098693848,0
40.8363838195801,0
42.1026077270508,0
43.7071838378906,0
45.7013473510742,0
46.9460639953613,0
45.9442825317383,0
41.8980598449707,0
35.7362480163574,0
30.4596252441406,0
29.2908115386963,0
32.3064155578613,0
35.6996726989746,0
35.8580856323242,0
33.6562805175781,0
32.977352142334,0
35.2481803894043,0
37.6447143554688,0
37.2437553405762,0
34.8069496154785,0
33.1151237487793,0
33.1152954101562,0
33.4403381347656,0
32.9416351318359,0
32.0897903442383,0
32.0674514770508,0
33.5208129882812,0
36.0087242126465,0
38.0312805175781,0
38.1284446716309,0
36.5780754089355,0
35.1592216491699,0
34.4099502563477,0
32.2979965209961,0
27.0489597320557,0
20.2372722625732,0
15.0258073806763,0
11.8833265304565,0
8.43870449066162,0
3.6880795955658,0
-0.224626153707504,0
-1.43063139915466,0
-1.31329739093781,0
-2.30548977851868,0
-4.21502923965454,0
-4.92575359344482,0
-4.16056108474731,0
-4.31542730331421,0
-7.14445972442627,0
-11.3176574707031,0
-14.30774974823,0
-15.7551565170288,0
-17.6913261413574,0
-21.6005172729492,0
-26.422721862793,0
-29.9465713500977,0
-31.4087924957275,0
-31.8967456817627,0
-32.6241149902344,0
-33.965259552002,0
-36.2233467102051,0
-39.9421806335449,0
-44.6312484741211,0
-48.225700378418,0
-49.0342102050781,0
-47.678035736084,0
-45.9306755065918,0
-44.1046752929688,0
-41.0018653869629,0
-36.2959327697754,0
-31.4057655334473,0
-27.6719665527344,0
-24.9695510864258,0
-22.5943737030029,0
-20.3065032958984,0
-17.8146190643311,0
-14.2553005218506,0
-9.05426692962646,0
-2.7287654876709,0
3.66765236854553,0
9.20949268341064,0
12.8416805267334,0
13.4615573883057,0
10.9670486450195,0
6.43992280960083,0
0.746382892131805,0
-6.00514316558838,0
-12.9823884963989,0
-18.1365070343018,0
-20.6495723724365,0
-22.6643199920654,0
-26.6399459838867,0
-31.7600402832031,0
-35.1916198730469,0
-36.5231590270996,0
-38.2829742431641,0
-41.5893249511719,0
-43.9630661010742,0
-42.8810081481934,0
-39.428768157959,0
-36.5378761291504,0
-35.0200958251953,0
-33.3822860717773,0
-30.6908569335938,0
-27.6210289001465,0
-25.1634731292725,0
-24.1846446990967,0
-25.946928024292,0
-31.0167808532715,0
-37.4427185058594,0
-41.7667007446289,0
-42.309627532959,0
-40.193058013916,0
-37.0987968444824,0
-33.7334976196289,0
-30.7775897979736,0
-29.3154773712158,0
-29.2970600128174,0
-29.1109962463379,0
-27.8144721984863,0
-26.5399398803711,0
-26.637565612793,0
-27.7296695709229,0
-28.9444065093994,0
-30.9669761657715,0
-35.2711944580078,0
-42.0077476501465,0
-50.2200889587402,0
-59.7302665710449,0
-71.1919021606445,0
-84.1882400512695,0
-96.5578384399414,0
-106.01676940918,0
-111.833160400391,0
-114.850662231445,0
-116.448547363281,0
-117.509231567383,0
-117.974014282227,0
-117.398384094238,0
-115.999176025391,0
-114.637619018555,0
-113.517723083496,0
-111.704650878906,0
-108.581359863281,0
-105.014938354492,0
-102.078193664551,0
-99.1692047119141,0
-94.7966766357422,0
-89.3777084350586,0
-85.9605484008789,0
-87.1803359985352,0
-91.8709564208984,0
-95.7658004760742,0
-96.0623168945312,0
-94.6509552001953,0
-95.8069458007812,0
-100.849960327148,0
-106.557174682617,0
-109.450698852539,0
-110.061187744141,0
-111.499229431152,0
-115.066123962402,0
-119.322326660156,0
-122.733215332031,0
-124.819129943848,0
-124.915245056152,0
-122.491012573242,0
-119.241897583008,0
-118.343780517578,0
-120.497924804688,0
-122.72811126709,0
-122.253944396973,0
-119.58283996582,0
-116.344055175781,0
-112.038520812988,0
-105.099113464355,0
-96.0191192626953,0
-87.1912002563477,0
-79.9795608520508,0
-73.7399520874023,0
-67.7728805541992,0
-62.8346824645996,0
-60.2973747253418,0
-60.4911575317383,0
-62.1168022155762,0
-63.074592590332,0
-62.0188179016113,0
-59.2805938720703,0
-56.0583648681641,0
-52.7936935424805,0
-48.9042091369629,0
-44.0719871520996,0
-39.0353851318359,0
-34.9890022277832,0
-32.8500175476074,0
-33.0448226928711,0
-35.1682052612305,0
-37.8685073852539,0
-39.9261474609375,0
-41.3361206054688,0
-42.4457397460938,0
-42.4849014282227,0
-40.3878364562988,0
-36.8129386901855,0
-33.6316108703613,0
-31.4398727416992,0
-29.4395332336426,0
-27.8356170654297,0
-28.0292720794678,0
-29.8554840087891,0
-31.1431541442871,0
-31.2763328552246,0
-32.7918815612793,0
-37.4699668884277,0
-42.745231628418,0
-44.4511528015137,0
-41.9521446228027,0
-38.0652275085449,0
-34.6006469726562,0
-30.6584033966064,0
-25.4291114807129,0
-20.1919708251953,0
-16.5911808013916,0
-14.5697078704834,0
-13.0640544891357,0
-11.6805105209351,0
-10.6621961593628,0
-9.80150032043457,0
-8.30150890350342,0
-5.60094165802002,0
-1.87723612785339,0
2.16749310493469,0
5.7272515296936,0
8.14736938476562,0
9.00690460205078,0
8.26961517333984,0
6.71777296066284,0
6.11121273040771,0
8.06762218475342,0
12.2607088088989,0
16.3986568450928,0
18.7357139587402,0
19.9860801696777,0
21.7727909088135,0
23.8669509887695,0
24.5818729400635,0
23.74928855896,0
23.3663005828857,0
24.6577320098877,0
26.2251796722412,0
26.2725772857666,0
25.2908325195312,0
25.0273056030273,0
25.7793769836426,0
26.4558906555176,0
26.7912349700928,0
27.6763610839844,0
29.3882713317871,0
31.2495155334473,0
33.2792358398438,0
36.4655418395996,0
40.7562675476074,0
44.2980918884277,0
45.7046394348145,0
46.0196418762207,0
47.3422470092773,0
50.2119636535645,0
53.3122673034668,0
55.1404037475586,0
54.9631271362305,0
52.600471496582,0
48.4036636352539,0
43.3925170898438,0
38.5704765319824,0
34.0698699951172,0
29.5550956726074,0
25.3270206451416,0
22.3212928771973,0
20.9623985290527,0
20.5581398010254,0
19.9334545135498,0
18.3897075653076,0
16.1640071868896,0
14.2143154144287,0
13.2831869125366,0
12.9114751815796,0
11.9176826477051,0
10.3242034912109,0
10.0155725479126,0
12.4570989608765,0
16.3305435180664,0
18.8325233459473,0
19.1540565490723,0
19.1604595184326,0
20.487340927124,0
22.67409324646,0
24.8462829589844,0
27.5470085144043,0
31.52512550354,0
35.8725624084473,0
39.0272483825684,0
41.0491828918457,0
43.3061141967773,0
46.1254501342773,0
48.2643661499023,0
48.7530517578125,0
47.886775970459,0
46.2163505554199,0
43.9370002746582,0
41.6608810424805,0
40.3652801513672,0
39.7469711303711,0
37.7622451782227,0
32.8975944519043,0
26.2479591369629,0
20.4058895111084,0
16.8158588409424,0
15.1054763793945,0
14.4828777313232,0
14.6522464752197,0
15.4978456497192,0
16.885648727417,0
18.9008636474609,0
21.6146392822266,0
24.6598892211914,0
27.6773719787598,0
30.9665565490723,0
34.8069953918457,0
38.2486686706543,0
39.7023429870605,0
39.0133094787598,0
38.0127105712891,0
38.6673583984375,0
41.4954643249512,0
45.8853225708008,0
50.5525283813477,0
53.0713729858398,0
50.7240447998047,0
43.5904655456543,0
35.8513793945312,0
31.9661903381348,0
31.8034038543701,0
31.5192623138428,0
29.226993560791,0
27.374719619751,0
28.6027660369873,0
31.5493068695068,0
32.7012596130371,0
30.9472026824951,0
27.9879932403564,0
24.9546451568604,0
21.1859645843506,0
16.6142139434814,0
13.0404644012451,0
11.9341259002686,0
12.4937448501587,0
13.0803050994873,0
13.4171476364136,0
14.0975522994995,0
14.8800811767578,0
15.0831356048584,0
15.2501640319824,0
16.8126392364502,0
20.0696430206299,0
23.956521987915,0
28.078311920166,0
33.4691390991211,0
40.594409942627,0
47.908031463623,0
53.5745124816895,0
57.6993408203125,0
61.3727035522461,0
63.9860191345215,0
63.268726348877,0
58.2982559204102,0
50.9926872253418,0
43.8694496154785,0
37.4777526855469,0
31.0652904510498,0
24.859375,0
20.2210254669189,0
17.7797756195068,0
16.7746429443359,0
16.4037227630615,0
16.6624202728271,0
17.5380477905273,0
18.5980606079102,0
20.0722427368164,0
23.2476825714111,0
28.7107830047607,0
34.9806900024414,0
40.1405944824219,0
44.1952209472656,0
48.2061614990234,0
51.4566383361816,0
51.7026786804199,0
48.8477210998535,0
46.1303939819336,0
45.9776306152344,0
46.2500762939453,0
42.9028434753418,0
35.640266418457,0
28.4254302978516,0
24.376428604126,0
22.757417678833,0
21.8184947967529,0
21.9946403503418,0
24.2917823791504,0
27.2353649139404,0
27.9851703643799,0
25.8892726898193,0
22.7071723937988,0
19.6098709106445,0
16.3235359191895,0
13.4139041900635,0
12.8213129043579,0
15.0248012542725,0
17.7905216217041,0
19.1883373260498,0
19.9552631378174,0
21.0491104125977,0
20.7663726806641,0
17.0717220306396,0
11.6872463226318,0
8.65153694152832,0
9.06037712097168,0
10.5189075469971,0
12.0697202682495,0
15.8359088897705,0
22.236234664917,0
27.2822170257568,0
27.5871334075928,0
25.3792724609375,0
25.002908706665,0
26.2934112548828,0
25.4446239471436,0
21.5431137084961,0
17.8852100372314,0
16.4432849884033,0
15.0556125640869,0
11.4723148345947,0
6.83869028091431,0
3.1783299446106,0
-0.0609976723790169,0
-4.74496459960938,0
-10.991738319397,0
-17.2346534729004,0
-22.0939826965332,0
-24.7682571411133,0
-24.9523887634277,0
-23.8625411987305,0
-24.0291137695312,0
-26.4756755828857,0
-29.2281894683838,0
-30.2016487121582,0
-30.4671993255615,0
-32.7756576538086,0
-37.4093856811523,0
-41.2317314147949,0
-40.7910614013672,0
-35.3059387207031,0
-26.8759727478027,0
-18.7004814147949,0
-12.8573703765869,0
-9.16603565216064,0
-6.39355182647705,0
-4.43438243865967,0
-4.14032220840454,0
-4.94059371948242,0
-4.55422067642212,0
-1.911137342453,0
1.55554986000061,0
4.75135135650635,0
8.98401165008545,0
15.3122606277466,0
21.6971244812012,0
25.2720317840576,0
26.1432781219482,0
26.3122234344482,0
25.8913536071777,0
23.4441757202148,0
19.613655090332,0
17.1495380401611,0
16.9857025146484,0
17.202823638916,0
16.5206928253174,0
15.9692134857178,0
16.0475921630859,0
15.0008125305176,0
11.5248680114746,0
6.79922437667847,0
2.03360676765442,0
-3.6238706111908,0
-10.3638944625854,0
-15.1364803314209,0
-15.1187658309937,0
-12.468355178833,0
-11.8894720077515,0
-13.7846517562866,0
-13.701361656189,0
-9.22352123260498,0
-3.48803925514221,0
-0.0117894737049937,0
2.45365166664124,0
6.86165285110474,0
12.1787605285645,0
14.5509061813354,0
13.080491065979,0
10.8026065826416,0
10.09690284729,0
10.500768661499,0
11.433256149292,0
13.7146129608154,0
17.1205539703369,0
19.234899520874,0
18.5054416656494,0
16.411527633667,0
15.0391302108765,0
14.5338850021362,0
14.7349939346313,0
17.2023296356201,0
22.9910087585449,0
29.7475910186768,0
33.8710479736328,0
35.0426177978516,0
36.039867401123,0
38.3232231140137,0
40.5670394897461,0
41.9655265808105,0
44.2178573608398,0
48.745777130127,0
53.8476638793945,0
56.5911865234375,0
56.7013168334961,0
56.7127571105957,0
58.2570152282715,0
59.7036514282227,0
58.2276306152344,0
53.4433708190918,0
47.9714050292969,0
44.4842338562012,0
43.2250099182129,0
42.9450721740723,0
43.273494720459,0
44.8451957702637,0
47.4835243225098,0
49.8976402282715,0
51.483211517334,0
52.9248580932617,0
54.3658332824707,0
54.4204292297363,0
52.0631294250488,0
48.3329734802246,0
44.8928833007812,0
41.8102912902832,0
38.1874580383301,0
34.3246841430664,0
31.607551574707,0
30.3191890716553,0
28.9568500518799,0
26.075590133667,0
22.0582981109619,0
18.8705139160156,0
18.4123668670654,0
20.8265285491943,0
23.988260269165,0
25.1696014404297,0
23.7846412658691,0
21.8695297241211,0
21.2331314086914,0
21.1486930847168,0
20.0390396118164,0
18.4395484924316,0
18.4038105010986,0
20.3211917877197,0
22.3539524078369,0
23.2784576416016,0
23.9921932220459,0
25.5635795593262,0
27.5774555206299,0
29.5006713867188,0
32.0683784484863,0
35.6016807556152,0
37.9563179016113,0
36.2358741760254,0
30.507230758667,0
24.1083354949951,0
19.9253635406494,0
17.7942733764648,0
16.0680046081543,0
14.1977233886719,0
12.6383724212646,0
11.3856563568115,0
10.1617431640625,0
9.41847896575928,0
9.50967597961426,0
9.16204929351807,0
6.63821172714233,0
2.68072772026062,0
0.423924326896667,0
1.51518321037292,0
3.89522528648376,0
4.63693475723267,0
3.70991849899292,0
3.47644758224487,0
5.46187782287598,0
9.3433666229248,0
14.5248613357544,0
20.7868824005127,0
27.3327655792236,0
32.8330345153809,0
36.8077087402344,0
39.7358894348145,0
41.457935333252,0
40.7168083190918,0
36.9860382080078,0
31.9026947021484,0
28.0230617523193,0
26.3640670776367,0
25.6576042175293,0
24.0747051239014,0
21.521411895752,0
19.9075412750244,0
20.6820297241211,0
22.3684921264648,0
21.7758617401123,0
18.0937576293945,0
14.3397970199585,0
13.5719594955444,0
14.9830417633057,0
15.5872449874878,0
14.8502540588379,0
15.1676740646362,0
17.7693500518799,0
20.7287921905518,0
22.0864849090576,0
23.0217781066895,0
26.2764720916748,0
32.3443565368652,0
38.7592010498047,0
43.0379486083984,0
45.301212310791,0
47.6776657104492,0
51.5253944396973,0
55.7066497802734,0
57.9665412902832,0
57.9159622192383,0
57.855525970459,0
60.1796646118164,0
64.7332916259766,0
69.4924163818359,0
73.0733642578125,0
75.4785003662109,0
77.033203125,0
77.9802703857422,0
78.7778472900391,0
79.4348678588867,0
78.8112258911133,0
75.9529724121094,0
71.8705291748047,0
68.5149230957031,0
66.2203750610352,0
63.8200721740723,0
61.1641273498535,0
59.6294250488281,0
59.9765930175781,0
61.6237907409668,0
64.3618774414062,0
68.7320785522461,0
74.0801315307617,0
78.3036880493164,0
80.44677734375,0
81.5479125976562,0
81.8325576782227,0
79.2585144042969,0
72.6086196899414,0
64.2491683959961,0
57.7235527038574,0
53.8265838623047,0
51.0007934570312,0
48.3917274475098,0
46.2353363037109,0
44.1277770996094,0
41.4826278686523,0
39.4267654418945,0
39.8490142822266,0
42.5029907226562,0
45.1921234130859,0
46.8720207214355,0
48.2705192565918,0
49.2028121948242,0
47.9213829040527,0
44.0823554992676,0
39.9267883300781,0
37.1148567199707,0
34.5608978271484,0
31.1091785430908,0
28.2221164703369,0
27.6499767303467,0
28.1497840881348,0
27.5005950927734,0
26.8230724334717,0
29.5605525970459,0
36.1353797912598,0
42.8197937011719,0
46.7057113647461,0
48.8280143737793,0
50.8869476318359,0
51.6025772094727,0
48.765193939209,0
43.1486206054688,0
37.6407470703125,0
33.3167991638184,0
28.9687366485596,0
24.1761703491211,0
20.1217517852783,0
16.9505596160889,0
12.9162950515747,0
7.43417072296143,0
3.0127329826355,0
2.37531781196594,0
4.86935186386108,0
7.54550552368164,0
8.98231029510498,0
9.98987483978271,0
10.8407983779907,0
10.2636432647705,0
8.025710105896,0
6.46161508560181,0
7.67772006988525,0
10.3469772338867,0
11.2580089569092,0
9.66382789611816,0
8.06860256195068,0
8.44998550415039,0
9.72807216644287,0
10.0125360488892,0
9.69379711151123,0
10.6149587631226,0
13.1093921661377,0
15.7170791625977,0
17.5359687805176,0
19.0647010803223,0
20.5175933837891,0
20.8934154510498,0
19.342830657959,0
16.3704414367676,0
13.1221914291382,0
10.3366966247559,0
8.31609153747559,0
6.88553524017334,0
4.99344730377197,0
1.58816456794739,0
-2.43386793136597,0
-4.39218282699585,0
-2.89783573150635,0
0.333615869283676,0
2.85396480560303,0
4.53266048431396,0
6.70924186706543,0
9.24631786346436,0
10.5224180221558,0
10.1766109466553,0
9.78347778320312,0
10.3688831329346,0
11.0613307952881,0
10.9953117370605,0
10.9286403656006,0
11.7273349761963,0
12.4746675491333,0
11.7131624221802,0
10.0126361846924,0
9.6876049041748,0
11.8985023498535,0
15.2651033401489,0
17.5643482208252,0
17.7104549407959,0
15.7498350143433,0
12.1396961212158,0
7.93353319168091,0
4.86635875701904,0
4.11756944656372,0
5.3010106086731,0
7.62095069885254,0
11.620433807373,0
18.3741989135742,0
26.813871383667,0
33.4108772277832,0
35.4901237487793,0
33.9998664855957,0
32.1015472412109,0
31.783935546875,0
32.9446067810059,0
35.1464004516602,0
38.7002334594727,0
43.8011665344238,0
49.6720581054688,0
55.0058822631836,0
58.8218536376953,0
60.9635620117188,0
62.2885780334473,0
64.0098190307617,0
66.001953125,0
66.1805267333984,0
62.8183822631836,0
57.2784957885742,0
52.8817367553711,0
50.8350601196289,0
48.9034385681152,0
44.749683380127,0
39.0513725280762,0
34.2957878112793,0
31.7851734161377,0
31.1018695831299,0
31.5058670043945,0
32.3215255737305,0
32.4378929138184,0
30.9051609039307,0
28.1134548187256,0
25.5605659484863,0
24.5321636199951,0
25.5023994445801,0
28.2870140075684,0
31.9696922302246,0
35.1349716186523,0
37.0923461914062,0
38.6242294311523,0
40.8635215759277,0
43.9036560058594,0
47.2187042236328,0
50.7173385620117,0
54.2603912353516,0
56.6968955993652,0
56.7467231750488,0
54.6728630065918,0
51.8833503723145,0
48.9977340698242,0
45.493782043457,0
41.1902351379395,0
36.7856292724609,0
32.7776718139648,0
29.0872211456299,0
26.0699920654297,0
24.6873188018799,0
25.0528678894043,0
25.7846565246582,0
25.653564453125,0
25.2985820770264,0
26.3681659698486,0
29.0336532592773,0
31.1671695709229,0
30.4695377349854,0
27.0811557769775,0
23.3209037780762,0
20.68239402771,0
18.1329231262207,0
14.3473834991455,0
10.6464548110962,0
9.75296783447266,0
11.7753419876099,0
13.7108592987061,0
13.5504570007324,0
12.5682582855225,0
12.3487462997437,0
11.9416227340698,0
10.0448780059814,0
8.06713962554932,0
8.30680274963379,0
10.2200984954834,0
11.2601184844971,0
10.867992401123,0
10.9953517913818,0
12.8377618789673,0
15.5663080215454,0
18.5022583007812,0
22.2501411437988,0
27.0750408172607,0
31.8932800292969,0
35.4501495361328,0
37.340763092041,0
37.8872489929199,0
38.2653198242188,0
40.3466339111328,0
44.7304191589355,0
49.2660903930664,0
51.4013748168945,0
51.6457176208496,0
52.4671211242676,0
53.9377670288086,0
53.2807235717773,0
49.4178428649902,0
45.2506866455078,0
43.8406295776367,0
44.2623023986816,0
43.1789817810059,0
39.4828186035156,0
35.5111083984375,0
33.8251609802246,0
34.1216468811035,0
33.8296699523926,0
31.3463554382324,0
28.0463809967041,0
26.520133972168,0
27.0101413726807,0
26.787181854248,0
23.5761547088623,0
18.2514572143555,0
13.0532693862915,0
8.51196575164795,0
3.84154009819031,0
-0.713771104812622,0
-4.05439186096191,0
-6.1551194190979,0
-7.76475477218628,0
-8.65534973144531,0
-8.29554080963135,0
-7.78071069717407,0
-8.58201599121094,0
-9.57668972015381,0
-8.23135280609131,0
-5.16696357727051,0
-4.49747323989868,0
-8.3180980682373,0
-13.4422645568848,0
-15.4480867385864,0
-14.0101757049561,0
-12.2278881072998,0
-12.141619682312,0
-13.0154094696045,0
-13.1156349182129,0
-11.1939544677734,0
-6.8309178352356,0
-1.29552054405212,0
2.21661424636841,0
1.24467504024506,0
-2.7412645816803,0
-5.57867288589478,0
-5.48117065429688,0
-5.19336938858032,0
-7.88774871826172,0
-12.3721351623535,0
-14.4942989349365,0
-12.8126831054688,0
-10.2743558883667,0
-9.44346141815186,0
-8.53399181365967,0
-4.37835502624512,0
2.255038022995,0
7.3967432975769,0
9.58919143676758,0
11.575626373291,0
15.5206966400146,0
19.7788028717041,0
22.2760601043701,0
24.2555103302002,0
27.7726421356201,0
31.4919166564941,0
32.5163269042969,0
31.3836841583252,0
31.4251174926758,0
33.139102935791,0
33.0009880065918,0
28.8955879211426,0
23.2692832946777,0
18.9842586517334,0
14.9869651794434,0
8.77782344818115,0
0.987242519855499,0
-5.83657598495483,0
-11.8282451629639,0
-19.4844703674316,0
-28.5778522491455,0
-34.8973121643066,0
-35.5792922973633,0
-33.1372756958008,0
-32.0391883850098,0
-32.9699287414551,0
-33.0356369018555,0
-30.829029083252,0
-28.4128570556641,0
-27.8842658996582,0
-28.5411777496338,0
-28.8764476776123,0
-29.5438442230225,0
-32.2324104309082,0
-36.3620300292969,0
-39.0840034484863,0
-38.7992286682129,0
-36.9911689758301,0
-35.8963394165039,0
-35.6383094787598,0
-34.6451797485352,0
-32.0406723022461,0
-28.435094833374,0
-24.7078533172607,0
-21.2022800445557,0
-18.2506351470947,0
-16.4421768188477,0
-15.7468490600586,0
-14.9798126220703,0
-13.0094499588013,0
-10.4881572723389,0
-9.60619926452637,0
-11.5546083450317,0
-14.4816246032715,0
-14.7517948150635,0
-10.7152509689331,0
-4.85156583786011,0
-1.38752484321594,0
-1.7180107831955,0
-3.12378597259521,0
-2.62132501602173,0
-1.07406175136566,0
-1.96187448501587,0
-6.33216905593872,0
-10.8705797195435,0
-11.6464710235596,0
-8.08626174926758,0
-2.06396222114563,0
5.23157691955566,0
13.3622398376465,0
20.591739654541,0
24.6105690002441,0
25.7056255340576,0
27.0037651062012,0
30.6842670440674,0
35.5176048278809,0
38.9161682128906,0
39.9664535522461,0
39.6421127319336,0
39.4159889221191,0
40.5423202514648,0
43.3866424560547,0
46.458869934082,0
47.2249145507812,0
44.792896270752,0
40.787281036377,0
36.9746856689453,0
33.5244407653809,0
30.5170059204102,0
29.3830451965332,0
31.15380859375,0
34.4042663574219,0
36.5111351013184,0
36.0971565246582,0
32.9681434631348,0
26.8945636749268,0
18.332727432251,0
9.60141468048096,0
3.42907547950745,0
0.519670903682709,0
-0.171939536929131,0
0.630511105060577,0
2.77945756912231,0
5.39294195175171,0
7.02375364303589,0
7.18523979187012,0
6.56658029556274,0
5.94535875320435,0
5.88966941833496,0
6.96239519119263,0
8.88239860534668,0
9.94984245300293,0
8.77487468719482,0
6.29132413864136,0
4.63194179534912,0
4.27396583557129,0
3.81463289260864,0
2.43749570846558,0
0.992071092128754,0
0.43242084980011,0
0.550799250602722,0
0.571192502975464,0
-0.0152208032086492,0
-1.26767516136169,0
-2.48304629325867,0
-2.2711353302002,0
-0.11766954511404,0
2.37073183059692,0
3.10907506942749,0
2.098717212677,0
0.712325990200043,0
-1.27759599685669,0
-5.69532346725464,0
-12.5981407165527,0
-19.2734928131104,0
-23.8048191070557,0
-27.7984752655029,0
-33.9876899719238,0
-42.3383026123047,0
-50.0430564880371,0
-54.5953102111816,0
-55.6729736328125,0
-54.7672348022461,0
-54.0943489074707,0
-55.091968536377,0
-56.7922782897949,0
-56.3795127868652,0
-52.5364418029785,0
-47.4799003601074,0
-44.294849395752,0
-42.9086418151855,0
-40.3901062011719,0
-35.0264549255371,0
-28.4630737304688,0
-23.6312808990479,0
-21.9579296112061,0
-22.976245880127,0
-25.3991374969482,0
-27.7649478912354,0
-28.6736259460449,0
-27.2591667175293,0
-23.7633113861084,0
-19.7813987731934,0
-17.6200428009033,0
-18.3611812591553,0
-20.1304950714111,0
-19.4643707275391,0
-15.3555774688721,0
-10.8552255630493,0
-9.44815635681152,0
-11.0912284851074,0
-13.6206789016724,0
-16.7806854248047,0
-22.0080032348633,0
-28.5696659088135,0
-33.1235847473145,0
-33.9723091125488,0
-33.1568908691406,0
-33.1492652893066,0
-33.8230667114258,0
-34.2607116699219,0
-35.4038772583008,0
-38.6639709472656,0
-43.1250228881836,0
-46.2684173583984,0
-46.9699554443359,0
-46.2138938903809,0
-45.2405891418457,0
-44.2002868652344,0
-42.2489128112793,0
-38.1966552734375,0
-31.8640937805176,0
-25.4914207458496,0
-22.3800659179688,0
-22.8170337677002,0
-22.7681846618652,0
-18.4803867340088,0
-11.275595664978,0
-5.59400463104248,0
-3.05091214179993,0
-0.988964378833771,0
3.18267512321472,0
8.85749530792236,0
14.1754541397095,0
18.8934497833252,0
23.8667907714844,0
28.8709106445312,0
32.3930015563965,0
33.3255844116211,0
32.0651817321777,0
29.9521007537842,0
27.9769954681396,0
26.1460704803467,0
24.1665630340576,0
22.5319004058838,0
22.2518577575684,0
23.3779582977295,0
24.7284698486328,0
25.4804992675781,0
25.8860511779785,0
25.7266807556152,0
23.5456638336182,0
18.8155822753906,0
13.6065979003906,0
10.2396354675293,0
8.1426477432251,0
5.04537200927734,0
0.653634607791901,0
-3.11314654350281,0
-5.25112628936768,0
-6.67426347732544,0
-8.02840137481689,0
-8.91198348999023,0
-9.70090961456299,0
-11.7052412033081,0
-14.5814180374146,0
-15.832818031311,0
-14.2205820083618,0
-11.761622428894,0
-10.7926816940308,0
-10.7929801940918,0
-10.0966491699219,0
-9.39645481109619,0
-10.9978199005127,0
-14.9082508087158,0
-18.0675678253174,0
-18.0965347290039,0
-16.1264591217041,0
-14.9053583145142,0
-15.176342010498,0
-15.176456451416,0
-13.3219337463379,0
-10.1338109970093,0
-7.23053312301636,0
-5.41094541549683,0
-4.50097990036011,0
-4.43617725372314,0
-5.29094409942627,0
-6.34137535095215,0
-6.44590473175049,0
-5.78729772567749,0
-5.99674940109253,0
-7.77247333526611,0
-9.50659370422363,0
-9.39308261871338,0
-8.04629421234131,0
-7.7993860244751,0
-10.005708694458,0
-14.0849647521973,0
-18.4026260375977,0
-20.787971496582,0
-19.1480388641357,0
-13.4534721374512,0
-6.66866493225098,0
-1.9811235666275,0
0.375824272632599,0
1.7873592376709,0
1.88208055496216,0
-0.460865437984467,0
-3.14326739311218,0
-1.8249808549881,0
4.03588390350342,0
9.77900218963623,0
12.1534748077393,0
13.8744564056396,0
18.5814590454102,0
24.246753692627,0
25.8370723724365,0
22.8651027679443,0
19.6036643981934,0
18.1685180664062,0
16.1954650878906,0
12.3804588317871,0
9.80272483825684,0
11.2795677185059,0
14.7986135482788,0
16.6897964477539,0
17.0546188354492,0
18.64328956604,0
21.6032218933105,0
22.8333301544189,0
20.5316791534424,0
16.6352081298828,0
14.2773904800415,0
14.8399200439453,0
17.8996601104736,0
22.2771511077881,0
26.6436405181885,0
30.5872230529785,0
35.4068031311035,0
42.3830871582031,0
50.1291236877441,0
55.528263092041,0
57.7896995544434,0
59.5599060058594,0
63.0304908752441,0
66.8428115844727,0
68.2855529785156,0
66.9472045898438,0
64.3858337402344,0
61.3636283874512,0
57.4571418762207,0
52.8235359191895,0
48.4300689697266,0
44.7103424072266,0
41.60400390625,0
39.7362022399902,0
39.8493003845215,0
41.0028915405273,0
41.0413970947266,0
39.2202949523926,0
36.8078460693359,0
34.5298347473145,0
31.0169067382812,0
24.9074058532715,0
17.399377822876,0
11.3494501113892,0
8.17493152618408,0
6.57960414886475,0
4.15305757522583,0
-0.483998388051987,0
-6.96608638763428,0
-13.8780784606934,0
-19.9367504119873,0
-24.7013492584229,0
-28.2240447998047,0
-30.1794548034668,0
-29.8180847167969,0
-27.0454940795898,0
-23.2302589416504,0
-20.4672679901123,0
-19.8146705627441,0
-20.2497234344482,0
-19.6303043365479,0
-17.1263885498047,0
-14.5507612228394,0
-14.3612947463989,0
-16.1338977813721,0
-16.4400482177734,0
-13.3075160980225,0
-9.43694496154785,0
-9.0263147354126,0
-12.1690883636475,0
-14.817024230957,0
-14.2008686065674,0
-11.6763973236084,0
-9.62514495849609,0
-8.21499729156494,0
-6.66846323013306,0
-5.49068117141724,0
-5.35369825363159,0
-5.13910627365112,0
-3.10373401641846,0
0.718340694904327,0
4.66485357284546,0
7.08921194076538,0
6.67446613311768,0
2.56721568107605,0
-3.88594937324524,0
-8.59961128234863,0
-8.13124084472656,0
-3.15246891975403,0
3.14045524597168,0
9.20743560791016,0
15.6147737503052,0
22.1223907470703,0
27.1783809661865,0
30.4314270019531,0
33.0825309753418,0
35.1582527160645,0
34.9345359802246,0
32.0478363037109,0
28.8289756774902,0
27.0529155731201,0
25.2867164611816,0
21.2961349487305,0
15.708836555481,0
11.3358716964722,0
9.63875675201416,0
9.59973430633545,0
9.58501148223877,0
8.73793411254883,0
6.83017110824585,0
4.22869443893433,0
1.98650777339935,0
0.812087178230286,0
0.0499942004680634,0
-1.34164106845856,0
-3.23614239692688,0
-5.06164407730103,0
-7.60180377960205,0
-12.1831369400024,0
-17.9357089996338,0
-21.8886222839355,0
-22.659496307373,0
-22.4392032623291,0
-24.1676979064941,0
-28.0087184906006,0
-31.8390655517578,0
-34.0352363586426,0
-34.2472496032715,0
-32.3826026916504,0
-28.7572116851807,0
-24.8949108123779,0
-22.2744903564453,0
-20.1847648620605,0
-16.5132865905762,0
-10.9166994094849,0
-5.48926162719727,0
-1.7491192817688,0
1.25280809402466,0
4.76119184494019,0
7.81245946884155,0
8.46012783050537,0
6.54454326629639,0
3.64824056625366,0
0.868163168430328,0
-1.81030523777008,0
-4.26385116577148,0
-5.97283935546875,0
-7.01131534576416,0
-7.83565855026245,0
-8.01861095428467,0
-6.78747844696045,0
-5.18622922897339,0
-6.01113748550415,0
-10.6752166748047,0
-17.4597606658936,0
-23.9297580718994,0
-29.826286315918,0
-36.0999221801758,0
-42.0415802001953,0
-45.4214630126953,0
-45.5860595703125,0
-44.7500228881836,0
-45.3963813781738,0
-47.2147064208984,0
