32.8035469055176,0
35.0164527893066,0
38.5549697875977,0
41.2224769592285,0
41.5024299621582,0
39.93798828125,0
37.7965507507324,0
35.1990928649902,0
31.4240798950195,0
26.7706775665283,0
22.8233394622803,0
20.2316608428955,0
17.271312713623,0
11.8917665481567,0
4.73312187194824,0
-1.3863822221756,0
-5.05663251876831,0
-7.85352945327759,0
-11.7771120071411,0
-16.4461936950684,0
-19.8872222900391,0
-21.2569065093994,0
-21.5562744140625,0
-21.9443702697754,0
-22.3958530426025,0
-22.1105995178223,0
-20.5940456390381,0
-18.2024326324463,0
-15.9530372619629,0
-14.7406721115112,0
-14.4727811813354,0
-14.1368026733398,0
-12.9676456451416,0
-11.2941026687622,0
-9.96431255340576,0
-9.30403804779053,0
-9.07165050506592,0
-9.11272239685059,0
-9.47873497009277,0
-10.0247106552124,0
-10.4062366485596,0
-10.4367532730103,0
-10.0411834716797,0
-8.9856538772583,0
-7.17964935302734,0
-5.18507862091064,0
-3.78889656066895,0
-2.97350287437439,0
-2.00666737556458,0
-0.797366082668304,0
-0.257385104894638,0
-0.586417675018311,0
-0.116558015346527,0
2.59872317314148,0
5.8116569519043,0
5.69976186752319,0
1.18856453895569,0
-4.21273374557495,0
-6.8686900138855,0
-7.62637662887573,0
-9.64860725402832,0
-12.9031143188477,0
-14.217794418335,0
-12.8726491928101,0
-12.3801136016846,0
-15.1423034667969,0
-18.5978546142578,0
-19.2739353179932,0
-18.1208572387695,0
-18.4407939910889,0
-20.1279678344727,0
-19.8778343200684,0
-16.7697715759277,0
-13.8531942367554,0
-13.4511651992798,0
-14.072943687439,0
-13.3329076766968,0
-11.4093074798584,0
-9.991774559021,0
-9.75168418884277,0
-10.5298643112183,0
-12.4538040161133,0
-15.0825681686401,0
-16.5919742584229,0
-15.6257562637329,0
-13.3181104660034,0
-11.9224452972412,0
-11.8351259231567,0
-11.3365621566772,0
-9.04115009307861,0
-5.41119766235352,0
-1.92952907085419,0
0.302455514669418,0
1.33474171161652,0
2.70864129066467,0
6.95538187026978,0
15.8040504455566,0
28.6568431854248,0
43.3282165527344,0
58.2230606079102,0
73.2468185424805,0
88.7344818115234,0
104.238998413086,0
118.544235229492,0
130.410675048828,0
139.197937011719,0
145.090438842773,0
148.779571533203,0
150.729995727539,0
150.785629272461,0
148.492736816406,0
143.436279296875,0
135.209716796875,0
123.817680358887,0
110.543991088867,0
97.533203125,0
85.6108093261719,0
73.2434539794922,0
58.8736228942871,0
43.7459564208984,0
30.8357486724854,0
21.0685253143311,0
12.3224964141846,0
2.55474472045898,0
-7.80540990829468,0
-17.4362049102783,0
-26.4866733551025,0
-35.8892784118652,0
-45.3414306640625,0
-53.6747512817383,0
-60.8206901550293,0
-67.7766494750977,0
-74.5683288574219,0
-79.7377471923828,0
-82.3968734741211,0
-83.7109680175781,0
-85.5320663452148,0
-88.106819152832,0
-89.9283599853516,0
-89.77001953125,0
-88.2754592895508,0
-87.2518310546875,0
-87.5669937133789,0
-88.1396636962891,0
-87.2556838989258,0
-84.6100311279297,0
-81.5045013427734,0
-79.0969696044922,0
-77.2205810546875,0
-75.1481323242188,0
-72.5881881713867,0
-69.2273025512695,0
-64.1063995361328,0
-56.6916007995605,0
-48.4103660583496,0
-41.9783020019531,0
-38.8361930847168,0
-37.809154510498,0
-36.3973693847656,0
-32.8512687683105,0
-27.0669918060303,0
-20.352855682373,0
-14.6477041244507,0
-11.1843929290771,0
-9.29240322113037,0
-6.89693737030029,0
-2.66693902015686,0
2.67559695243835,0
7.6024603843689,0
11.8480463027954,0
16.4256553649902,0
21.7070274353027,0
26.4964866638184,0
29.6044921875,0
31.7959308624268,0
35.2642288208008,0
41.0286560058594,0
47.5434188842773,0
52.4285736083984,0
55.2690467834473,0
58.0563697814941,0
62.8987808227539,0
69.9930725097656,0
78.0755004882812,0
86.1096496582031,0
93.8950653076172,0
101.573097229004,0
109.456283569336,0
118.103706359863,0
127.52116394043,0
136.220169067383,0
142.133712768555,0
144.817230224609,0
145.780136108398,0
146.213195800781,0
145.513931274414,0
142.818115234375,0
138.778961181641,0
134.500534057617,0
129.58512878418,0
122.876976013184,0
114.63533782959,0
106.167175292969,0
97.5022888183594,0
87.4398193359375,0
76.1321563720703,0
65.4823837280273,0
56.1490478515625,0
46.1442222595215,0
33.7829246520996,0
20.4923763275146,0
9.11979866027832,0
0.610389411449432,0
-6.04391384124756,0
-11.5778217315674,0
-15.99524974823,0
-19.6802978515625,0
-23.1386280059814,0
-25.9578762054443,0
-27.6652374267578,0
-29.2764377593994,0
-32.222785949707,0
-35.9672966003418,0
-38.6877899169922,0
-40.4041938781738,0
-43.1812400817871,0
-47.4921607971191,0
-50.4602432250977,0
-49.098804473877,0
-43.9342956542969,0
-38.1131324768066,0
-34.017219543457,0
-31.967866897583,0
-31.0797538757324,0
-29.801399230957,0
-26.5221214294434,0
-21.5307750701904,0
-17.9221878051758,0
-18.5631923675537,0
-22.0969314575195,0
-23.8628997802734,0
-21.2545108795166,0
-16.4133129119873,0
-12.8415279388428,0
-11.1322774887085,0
-9.53867435455322,0
-7.43295907974243,0
-6.01492166519165,0
-5.72320938110352,0
-4.84069919586182,0
-1.44359076023102,0
4.2146897315979,0
10.0309066772461,0
14.4145784378052,0
17.8170890808105,0
21.8747158050537,0
27.153959274292,0
32.0421447753906,0
34.5168495178223,0
35.1792106628418,0
37.4803047180176,0
43.9079933166504,0
52.6433334350586,0
59.4838447570801,0
62.8574142456055,0
65.1581649780273,0
68.761589050293,0
72.7204132080078,0
74.8090209960938,0
75.3723297119141,0
76.9490661621094,0
80.3968276977539,0
83.5443496704102,0
84.2731018066406,0
83.1419067382812,0
81.6717834472656,0
79.3521041870117,0
74.4604339599609,0
67.7202682495117,0
62.9172821044922,0
62.6726455688477,0
64.9882202148438,0
65.6867752075195,0
63.5552673339844,0
61.0327415466309,0
59.8910942077637,0
58.6744346618652,0
55.4669036865234,0
51.0819129943848,0
47.5994644165039,0
45.1607284545898,0
42.4792366027832,0
39.6532974243164,0
37.9006233215332,0
36.779109954834,0
34.468334197998,0
31.3301086425781,0
30.5158386230469,0
33.7551116943359,0
38.648078918457,0
41.6525192260742,0
42.0289993286133,0
41.2697906494141,0
40.3499412536621,0
39.6052169799805,0
40.0581398010254,0
42.5026817321777,0
45.8196258544922,0
48.2442436218262,0
49.9374771118164,0
52.3508186340332,0
55.2898063659668,0
56.6607513427734,0
55.28857421875,0
52.1623878479004,0
48.5783195495605,0
44.7498054504395,0
40.74755859375,0
37.263427734375,0
34.7160797119141,0
32.7252388000488,0
30.9857921600342,0
29.6047267913818,0
28.231990814209,0
26.1152019500732,0
23.5271129608154,0
21.8748912811279,0
21.697940826416,0
21.7214584350586,0
20.6960697174072,0
19.0401020050049,0
17.6151237487793,0
15.8518772125244,0
12.4828195571899,0
7.74710607528687,0
3.62231302261353,0
1.80731201171875,0
2.25464153289795,0
3.69548082351685,0
4.89773988723755,0
5.24530982971191,0
4.65462064743042,0
3.43032336235046,0
2.29276514053345,0
2.28740739822388,0
4.09105253219604,0
7.02993631362915,0
9.29843997955322,0
9.95339298248291,0
10.3834667205811,0
12.7033681869507,0
16.7022113800049,0
19.6478176116943,0
19.4755592346191,0
16.9910945892334,0
14.4346675872803,0
13.1505765914917,0
13.4214143753052,0
15.2039890289307,0
17.6774311065674,0
18.9600696563721,0
17.706521987915,0
14.6008710861206,0
11.3932752609253,0
9.2386589050293,0
8.87057781219482,0
11.0235528945923,0
14.92271900177,0
17.505558013916,0
16.5628337860107,0
14.1942672729492,0
14.6443719863892,0
18.7367191314697,0
23.0220413208008,0
24.7676639556885,0
25.0091781616211,0
25.6698513031006,0
26.3732357025146,0
25.9094791412354,0
24.8230514526367,0
24.5365886688232,0
25.3539371490479,0
27.1220321655273,0
30.4502143859863,0
35.3081550598145,0
39.6695899963379,0
41.7483978271484,0
42.6920433044434,0
44.8429679870605,0
48.0047569274902,0
49.7652053833008,0
49.1637153625488,0
47.634204864502,0
46.2521858215332,0
44.3719215393066,0
41.4951705932617,0
38.4695930480957,0
36.0243377685547,0
33.6432037353516,0
30.6671314239502,0
27.3916206359863,0
24.5551013946533,0
22.6188774108887,0
21.5717697143555,0
20.4089546203613,0
17.2777824401855,0
11.8869028091431,0
7.39619874954224,0
7.506667137146,0
11.467643737793,0
14.5363836288452,0
13.9207048416138,0
11.3651056289673,0
8.83966445922852,0
5.18619441986084,0
-0.512540400028229,0
-5.33801794052124,0
-6.07586002349854,0
-4.65410327911377,0
-6.05833101272583,0
-11.3466463088989,0
-16.5008697509766,0
-18.5325241088867,0
-19.2616329193115,0
-21.9006080627441,0
-26.7125949859619,0
-31.6936073303223,0
-35.5104446411133,0
-37.9686889648438,0
-38.9006538391113,0
-38.3591423034668,0
-37.3871650695801,0
-37.3394813537598,0
-38.5251121520996,0
-40.0379638671875,0
-40.7088050842285,0
-40.0874214172363,0
-38.8642234802246,0
-38.1588478088379,0
-37.807788848877,0
-35.8857803344727,0
-31.1101837158203,0
-25.305347442627,0
-21.8118286132812,0
-21.44970703125,0
-21.8941955566406,0
-21.4104671478271,0
-21.1963806152344,0
-23.0097484588623,0
-26.1721839904785,0
-28.4092330932617,0
-28.6502914428711,0
-27.6495265960693,0
-26.4698696136475,0
-25.469165802002,0
-24.3690147399902,0
-22.5302562713623,0
-19.6002998352051,0
-16.4391708374023,0
-14.729380607605,0
-15.0323333740234,0
-15.9080095291138,0
-15.5819053649902,0
-13.7611494064331,0
-11.1831493377686,0
-8.24075222015381,0
-4.93720436096191,0
-1.5348789691925,0
1.61763799190521,0
4.36938333511353,0
6.20078086853027,0
6.120041847229,0
4.03003072738647,0
1.61219465732574,0
0.906978845596313,0
2.33262300491333,0
4.67296552658081,0
6.45747661590576,0
6.87791585922241,0
6.23073434829712,0
6.0603289604187,0
7.7355318069458,0
10.1070404052734,0
10.0280342102051,0
6.39307308197021,0
2.02196049690247,0
-0.200013801455498,0
-1.33666276931763,0
-4.13433980941772,0
-8.34611511230469,0
-11.6666049957275,0
-14.3892726898193,0
-19.07346534729,0
-25.4668846130371,0
-30.0538120269775,0
-31.8359985351562,0
-34.4058074951172,0
-40.1360168457031,0
-46.0496940612793,0
-48.287467956543,0
-47.3717727661133,0
-45.6840286254883,0
-42.8036193847656,0
-37.6607818603516,0
-33.0093040466309,0
-32.6590385437012,0
-35.2471809387207,0
-35.8539848327637,0
-33.7730560302734,0
-33.6330451965332,0
-37.8465118408203,0
-42.697322845459,0
-43.8714866638184,0
-41.8661880493164,0
-39.4588966369629,0
-37.183910369873,0
-34.2426643371582,0
-31.3831386566162,0
-29.8046264648438,0
-28.7428932189941,0
-26.7037029266357,0
-23.9271945953369,0
-21.5309467315674,0
-19.3768100738525,0
-16.7196426391602,0
-13.8133707046509,0
-11.0307779312134,0
-7.57171583175659,0
-2.88704991340637,0
1.81833064556122,0
5.41039609909058,0
8.91994667053223,0
13.6998949050903,0
18.5904941558838,0
21.2597503662109,0
21.6215724945068,0
21.6244850158691,0
22.1803588867188,0
22.5488796234131,0
22.3731956481934,0
22.0723724365234,0
21.3915920257568,0
19.6623992919922,0
17.3336715698242,0
15.200553894043,0
12.4565753936768,0
7.94804000854492,0
3.24736547470093,0
1.61922168731689,0
3.30479001998901,0
4.52601718902588,0
2.3428635597229,0
-1.80968654155731,0
-4.81853914260864,0
-6.01074171066284,0
-6.80549764633179,0
-7.96181631088257,0
-9.32079315185547,0
-11.360725402832,0
-14.9511241912842,0
-19.6805648803711,0
-23.7213954925537,0
-25.3435707092285,0
-24.0543155670166,0
-20.8856678009033,0
-18.0276470184326,0
-17.0309715270996,0
-16.5895252227783,0
-13.4614152908325,0
-6.66765117645264,0
0.791059195995331,0
5.92605972290039,0
9.77270603179932,0
15.1789321899414,0
22.0144500732422,0
27.5105514526367,0
30.6344928741455,0
32.9153900146484,0
34.9889907836914,0
35.6277122497559,0
34.7869453430176,0
34.3684463500977,0
34.7361106872559,0
33.4593086242676,0
29.2564888000488,0
24.6171092987061,0
22.4752216339111,0
22.4290332794189,0
22.3465404510498,0
21.7342090606689,0
21.2266635894775,0
20.5089683532715,0
19.270824432373,0
18.8175983428955,0
20.1699638366699,0
21.6766471862793,0
20.9946842193604,0
18.4245948791504,0
15.8411502838135,0
13.4815835952759,0
10.6208658218384,0
8.38107776641846,0
8.47549533843994,0
9.58604431152344,0
8.56703281402588,0
5.511390209198,0
4.13645505905151,0
6.25617599487305,0
9.0608024597168,0
9.23062992095947,0
6.93080711364746,0
4.06462383270264,0
1.09911894798279,0
-2.24243760108948,0
-5.06070041656494,0
-6.4203953742981,0
-7.28627061843872,0
-9.2528076171875,0
-12.0511045455933,0
-14.0687389373779,0
-14.7789669036865,0
-15.0521879196167,0
-15.5860834121704,0
-16.7374172210693,0
-19.5772571563721,0
-25.1060371398926,0
-32.0213088989258,0
-37.0288505554199,0
-38.3967819213867,0
-38.045825958252,0
-38.9334678649902,0
-41.2375793457031,0
-42.7527122497559,0
-42.7789611816406,0
-43.502815246582,0
-46.5037460327148,0
-49.5649528503418,0
-49.0828018188477,0
-45.2330627441406,0
-42.4801750183105,0
-44.2603149414062,0
-48.9608383178711,0
-52.4906578063965,0
-53.5384559631348,0
-54.4563026428223,0
-57.4165458679199,0
-61.566535949707,0
-64.3414459228516,0
-64.2812118530273,0
-62.0138549804688,0
-59.4196281433105,0
-58.3506393432617,0
-59.2635307312012,0
-60.3793640136719,0
-58.9272804260254,0
-54.1369209289551,0
-48.5006141662598,0
-45.0420379638672,0
-43.6578102111816,0
-41.4228515625,0
-36.5362091064453,0
-30.5189056396484,0
-25.9803886413574,0
-23.6861591339111,0
-22.9740047454834,0
-23.7628498077393,0
-26.2363166809082,0
-29.0836715698242,0
-30.2590770721436,0
-29.8593044281006,0
-30.3820266723633,0
-33.2929000854492,0
-36.8472785949707,0
-38.408317565918,0
-37.7177810668945,0
-36.588436126709,0
-36.2516670227051,0
-36.4551010131836,0
-36.7495536804199,0
-37.3008003234863,0
-38.3902015686035,0
-39.9767646789551,0
-41.7327728271484,0
-42.965877532959,0
-42.8487854003906,0
-41.3600463867188,0
-39.5526428222656,0
-38.2009925842285,0
-36.7782745361328,0
-34.6396408081055,0
-32.450325012207,0
-31.1009330749512,0
-29.8211231231689,0
-27.2397441864014,0
-24.2864074707031,0
-23.8968715667725,0
-26.927375793457,0
-30.102611541748,0
-29.6063957214355,0
-25.7779426574707,0
-22.545352935791,0
-22.4680442810059,0
-23.9793701171875,0
-23.9395713806152,0
-21.6063404083252,0
-19.1007022857666,0
-18.580509185791,0
-20.088493347168,0
-22.2303466796875,0
-24.0173587799072,0
-25.4838771820068,0
-27.0156307220459,0
-28.7786598205566,0
-30.6049652099609,0
-31.7218189239502,0
-30.6761074066162,0
-26.4829730987549,0
-20.2456111907959,0
-14.8583183288574,0
-12.4375171661377,0
-12.4635143280029,0
-12.8935527801514,0
-12.4440059661865,0
-11.1063919067383,0
-9.19740962982178,0
-7.08345222473145,0
-5.4497857093811,0
-4.56066036224365,0
-3.38892292976379,0
-0.796002566814423,0
2.37786793708801,0
3.77889466285706,0
2.35301971435547,0
-0.661409676074982,0
-3.8810179233551,0
-7.36622142791748,0
-11.4642505645752,0
-15.7751455307007,0
-20.303617477417,0
-25.9134578704834,0
-32.1021728515625,0
-35.9377593994141,0
-35.3717575073242,0
-32.5294189453125,0
-31.2735137939453,0
-32.0716743469238,0
-31.8239860534668,0
-28.6299991607666,0
-24.0273265838623,0
-20.032247543335,0
-16.5333938598633,0
-12.7091245651245,0
-8.98700046539307,0
-6.32539319992065,0
-5.03471565246582,0
-5.22931146621704,0
-6.9385461807251,0
-9.0361795425415,0
-9.85392665863037,0
-9.69375324249268,0
-10.6490526199341,0
-12.8358163833618,0
-13.28883934021,0
-10.4961891174316,0
-7.68782901763916,0
-8.95566082000732,0
-13.8093852996826,0
-18.5041923522949,0
-21.5150661468506,0
-24.4429588317871,0
-28.0604057312012,0
-30.8221607208252,0
-31.6821327209473,0
-31.689661026001,0
-32.1580963134766,0
-33.3398628234863,0
-35.2473640441895,0
-37.6481056213379,0
-38.8859825134277,0
-36.9549789428711,0
-32.4231719970703,0
-28.2913284301758,0
-26.2475128173828,0
-24.9677963256836,0
-22.7919502258301,0
-19.9734268188477,0
-17.2476959228516,0
-14.2233266830444,0
-10.6843137741089,0
-7.857506275177,0
-6.73247814178467,0
-6.32515859603882,0
-5.20398330688477,0
-3.74258160591125,0
-3.16288256645203,0
-3.01052665710449,0
-1.38529145717621,0
2.36957406997681,0
6.65664958953857,0
9.5767707824707,0
10.8923950195312,0
11.7141647338867,0
12.9841775894165,0
14.7752075195312,0
16.7724151611328,0
18.9424839019775,0
21.5140533447266,0
24.3736877441406,0
26.803373336792,0
28.1075210571289,0
28.3602695465088,0
28.2234382629395,0
28.1905250549316,0
28.4272155761719,0
29.1996593475342,0
30.8443622589111,0
33.1808586120605,0
35.3896675109863,0
36.6673278808594,0
36.8102989196777,0
36.1648178100586,0
35.2301177978516,0
34.2724761962891,0
33.1733245849609,0
31.7929573059082,0
30.5589542388916,0
30.3420467376709,0
31.5698871612549,0
33.8199615478516,0
36.2939186096191,0
38.0203742980957,0
37.6870536804199,0
34.7347106933594,0
31.2843647003174,0
31.3671398162842,0
36.7062454223633,0
44.3205795288086,0
49.9451789855957,0
52.7807388305664,0
54.7845306396484,0
56.273365020752,0
55.3316345214844,0
51.7122077941895,0
48.1153526306152,0
46.3649635314941,0
44.9540901184082,0
42.0401611328125,0
38.5555839538574,0
36.2624969482422,0
34.6979141235352,0
32.5430946350098,0
30.4531517028809,0
29.6536388397217,0
28.8376026153564,0
25.774715423584,0
21.6712284088135,0
20.4427814483643,0
23.0520935058594,0
25.7346153259277,0
25.0437774658203,0
21.8635387420654,0
18.8521614074707,0
16.5226535797119,0
14.0398092269897,0
11.8519220352173,0
10.9879322052002,0
11.0231838226318,0
11.0500745773315,0
11.5994987487793,0
13.3213348388672,0
14.7580814361572,0
14.0008611679077,0
11.9420862197876,0
11.1667060852051,0
11.8107900619507,0
11.3973188400269,0
9.24176216125488,0
8.20708847045898,0
10.7282190322876,0
15.1484832763672,0
17.7361736297607,0
17.1868019104004,0
15.5496454238892,0
15.2532300949097,0
16.6305027008057,0
18.4774436950684,0
19.9974327087402,0
21.357271194458,0
22.4822444915771,0
22.4439678192139,0
20.9888439178467,0
19.7936859130859,0
20.365119934082,0
21.0455017089844,0
18.6247062683105,0
13.2295618057251,0
8.59014892578125,0
6.50001430511475,0
4.6323299407959,0
1.73695957660675,0
0.797217547893524,0
3.65919184684753,0
6.76191282272339,0
7.14094161987305,0
8.74367427825928,0
15.9354991912842,0
23.5621185302734,0
22.3019828796387,0
13.5968599319458,0
9.81287574768066,0
17.1719036102295,0
27.3711376190186,0
30.5837459564209,0
28.8016128540039,0
29.8644618988037,0
34.6743125915527,0
38.3491058349609,0
40.0049667358398,0
42.9172592163086,0
46.6947822570801,0
47.2626342773438,0
44.7037200927734,0
44.2368011474609,0
48.2749900817871,0
53.2423515319824,0
55.7574043273926,0
56.897632598877,0
58.4581909179688,0
59.543270111084,0
59.3128051757812,0
59.422435760498,0
61.1044883728027,0
62.6454124450684,0
62.1524429321289,0
60.4494094848633,0
59.0421714782715,0
57.4520950317383,0
54.9329605102539,0
53.0139999389648,0
53.857421875,0
57.1719360351562,0
60.7040023803711,0
62.8730850219727,0
63.4190635681152,0
62.5810241699219,0
61.1576309204102,0
60.2860946655273,0
59.7539253234863,0
57.6857604980469,0
53.1914138793945,0
47.9158020019531,0
43.5992240905762,0
39.7989311218262,0
35.6440849304199,0
31.8383731842041,0
28.7949275970459,0
24.9770832061768,0
19.9310817718506,0
16.7691192626953,0
17.8207817077637,0
19.5421028137207,0
16.4820537567139,0
9.50659084320068,0
4.8070125579834,0
4.58202266693115,0
4.48497247695923,0
1.78585016727448,0
0.0496697165071964,0
2.45723414421082,0
5.78884267807007,0
5.72381734848022,0
4.08054494857788,0
5.30147123336792,0
8.38932800292969,0
8.18182373046875,0
3.50780487060547,0
-1.37330961227417,0
-3.23169636726379,0
-2.76347398757935,0
-0.779797911643982,0
3.46179127693176,0
8.74924850463867,0
11.1088905334473,0
8.79536819458008,0
5.19942378997803,0
4.94597339630127,0
9.38778781890869,0
17.0996208190918,0
26.0907344818115,0
34.0592041015625,0
39.1205787658691,0
42.0684394836426,0
45.6846923828125,0
50.3635101318359,0
53.0161476135254,0
52.0052375793457,0
50.1428108215332,0
50.2125091552734,0
50.3588333129883,0
47.4015159606934,0
42.5061950683594,0
39.3564720153809,0
37.9513397216797,0
34.8340072631836,0
29.3887329101562,0
25.2879428863525,0
24.5587768554688,0
24.3351230621338,0
21.5374755859375,0
17.362434387207,0
14.4953289031982,0
12.5842208862305,0
9.63255882263184,0
6.11760663986206,0
4.4959511756897,0
5.5035080909729,0
7.70503664016724,0
9.89841365814209,0
11.1157903671265,0
8.99467277526855,0
1.7083615064621,0
-8.15841960906982,0
-14.9672069549561,0
-16.2356700897217,0
-14.676983833313,0
-13.0866508483887,0
-10.4716577529907,0
-5.26970529556274,0
0.52452540397644,0
3.4880428314209,0
3.28786635398865,0
2.14394927024841,0
0.990780770778656,0
-0.883658468723297,0
-3.1788477897644,0
-4.67441320419312,0
-5.83232402801514,0
-8.38399505615234,0
-12.0092344284058,0
-14.0885314941406,0
-13.3712062835693,0
-11.50670337677,0
-10.2657918930054,0
-9.63197803497314,0
-9.49387836456299,0
-10.6775579452515,0
-12.8784971237183,0
-13.8430786132812,0
-12.3625316619873,0
-10.11448097229,0
-8.60287094116211,0
-6.16330766677856,0
-0.490168362855911,0
7.16800022125244,0
12.9843807220459,0
15.0457277297974,0
14.538179397583,0
13.1253929138184,0
11.6855602264404,0
11.2203817367554,0
12.1472244262695,0
12.5261611938477,0
9.88688564300537,0
5.51826143264771,0
4.05120515823364,0
7.40849351882935,0
11.8817958831787,0
13.3476877212524,0
13.0816230773926,0
15.3804206848145,0
20.7806186676025,0
25.267765045166,0
26.2423210144043,0
25.6586380004883,0
25.8436527252197,0
25.3885021209717,0
22.0761203765869,0
17.9292774200439,0
17.4628200531006,0
21.0259189605713,0
23.6578807830811,0
21.8536643981934,0
18.1358776092529,0
16.545581817627,0
16.4683361053467,0
14.5057277679443,0
10.5824909210205,0
7.74192667007446,0
6.42901229858398,0
3.77201986312866,0
-0.629423260688782,0
-2.87458682060242,0
-0.813378691673279,0
2.10452437400818,0
1.9495404958725,0
-0.057051669806242,0
-0.505095183849335,0
0.315074503421783,0
-0.459249973297119,0
-2.94875717163086,0
-4.46999406814575,0
-3.9868643283844,0
-2.88683938980103,0
-1.76662468910217,0
-0.0538372583687305,0
1.30298721790314,0
0.400815814733505,0
-1.95351505279541,0
-2.5097119808197,0
-0.300665646791458,0
1.90722215175629,0
1.85183620452881,0
0.621564567089081,0
0.015606451779604,0
-0.331404089927673,0
-1.5437136888504,0
-3.25312829017639,0
-4.40139627456665,0
-4.76070165634155,0
-4.29118824005127,0
-2.41701436042786,0
0.736750841140747,0
3.6271755695343,0
5.00469207763672,0
5.27596139907837,0
5.32393217086792,0
5.31043529510498,0
5.4899697303772,0
6.58030033111572,0
8.2249755859375,0
8.86214637756348,0
8.5048656463623,0
9.62839317321777,0
13.2460346221924,0
16.1329193115234,0
15.0288496017456,0
12.2706518173218,0
13.338303565979,0
18.8143138885498,0
22.833366394043,0
20.9282093048096,0
15.875186920166,0
13.1452255249023,0
13.0820865631104,0
11.0466642379761,0
4.3822078704834,0
-4.06301879882812,0
-9.75045013427734,0
-11.4840002059937,0
-11.8655757904053,0
-14.1361780166626,0
-19.0703067779541,0
-23.9943065643311,0
-24.8177890777588,0
-20.214376449585,0
-13.7383708953857,0
-10.3896398544312,0
-11.1028966903687,0
-12.301965713501,0
-10.9140329360962,0
-7.52129316329956,0
-3.8207700252533,0
0.498423904180527,0
6.51791906356812,0
13.5700702667236,0
20.1504859924316,0
26.19948387146,0
32.3751640319824,0
38.0029830932617,0
42.0432586669922,0
45.4785957336426,0
50.223949432373,0
55.7623977661133,0
59.4301414489746,0
60.5416603088379,0
61.7960319519043,0
65.3850936889648,0
69.5900039672852,0
70.9460220336914,0
68.8609237670898,0
66.4816207885742,0
66.9705581665039,0
69.7965850830078,0
71.1555786132812,0
68.1310195922852,0
62.0787162780762,0
56.9053726196289,0
53.8454971313477,0
49.8536033630371,0
42.669319152832,0
35.4500694274902,0
33.188850402832,0
35.3357353210449,0
35.9013175964355,0
31.6180362701416,0
26.2204608917236,0
24.5827713012695,0
25.7188320159912,0
24.7455654144287,0
20.0415267944336,0
15.0249967575073,0
13.1244430541992,0
13.8486366271973,0
14.4690370559692,0
13.5849123001099,0
11.9390869140625,0
10.7729024887085,0
10.4421224594116,0
10.3737592697144,0
9.68607139587402,0
7.77761697769165,0
4.8018217086792,0
2.00564575195312,0
1.36789762973785,0
4.07096481323242,0
8.99906730651855,0
13.4604187011719,0
15.8893260955811,0
17.19482421875,0
19.1020641326904,0
22.2230205535889,0
26.2838153839111,0
30.7158432006836,0
34.0047302246094,0
34.3373031616211,0
32.6433181762695,0
33.034252166748,0
37.630443572998,0
42.6904373168945,0
43.3424263000488,0
41.0007438659668,0
41.7973480224609,0
47.673942565918,0
53.5834846496582,0
54.8116149902344,0
52.9216461181641,0
52.1261711120605,0
53.1260185241699,0
53.568302154541,0
52.4238815307617,0
50.8473739624023,0
49.7486267089844,0
48.8814735412598,0
47.7505111694336,0
45.8592796325684,0
42.8677062988281,0
39.7089042663574,0
38.3589019775391,0
39.2197189331055,0
40.1240119934082,0
39.4058036804199,0
38.4139099121094,0
39.0864372253418,0
40.462516784668,0
39.985237121582,0
37.3288764953613,0
34.3483238220215,0
31.6610717773438,0
28.0100212097168,0
23.3195476531982,0
19.8458137512207,0
19.2214756011963,0
20.1583404541016,0
20.3279647827148,0
19.2690715789795,0
18.1624164581299,0
17.584846496582,0
16.8977336883545,0
15.7161512374878,0
14.9478635787964,0
16.0793285369873,0
19.7715492248535,0
25.1820087432861,0
30.4480514526367,0
33.9615287780762,0
35.5035438537598,0
36.2155532836914,0
37.3614692687988,0
39.0778694152832,0
40.2553672790527,0
39.4962158203125,0
36.3014755249023,0
31.7383079528809,0
28.0953464508057,0
27.3966293334961,0
29.6325550079346,0
32.4078330993652,0
32.7791786193848,0
29.7325191497803,0
24.8184452056885,0
20.4435558319092,0
17.8548336029053,0
16.7202968597412,0
15.9443254470825,0
14.3782529830933,0
11.2977266311646,0
7.12237358093262,0
3.58506679534912,0
2.25171256065369,0
2.62147092819214,0
2.47795534133911,0
0.479716658592224,0
-2.37584352493286,0
-4.40252017974854,0
-5.58373069763184,0
-7.42552614212036,0
-10.8239717483521,0
-14.8639078140259,0
-17.5980777740479,0
-17.5219497680664,0
-14.6605005264282,0
-10.8804292678833,0
-8.78466892242432,0
-9.44670009613037,0
-11.3251676559448,0
-12.0552062988281,0
-11.0176401138306,0
-9.29787731170654,0
-7.45639514923096,0
-4.72084045410156,0
-0.77252721786499,0
2.78629779815674,0
3.66726231575012,0
1.35342466831207,0
-2.15088558197021,0
-4.01287889480591,0
-2.94706964492798,0
0.0317481867969036,0
3.29497146606445,0
6.8028130531311,0
11.7332963943481,0
17.6623916625977,0
21.645923614502,0
21.6590023040771,0
20.037202835083,0
21.37890625,0
27.0946922302246,0
34.0051002502441,0
38.5529518127441,0
40.3297996520996,0
40.788200378418,0
40.5506591796875,0
39.2516403198242,0
36.499324798584,0
31.8005199432373,0
24.9731311798096,0
17.7783451080322,0
13.429536819458,0
12.7603302001953,0
12.2722120285034,0
8.07049942016602,0
0.99710088968277,0
-4.00196218490601,0
-3.20663499832153,0
2.53662705421448,0
9.11259841918945,0
12.4486932754517,0
11.3719062805176,0
8.52373600006104,0
7.5644702911377,0
8.4691162109375,0
7.33463478088379,0
2.36243915557861,0
-2.47419714927673,0
-2.61108589172363,0
0.449032872915268,0
1.5514190196991,0
-0.567441165447235,0
-2.82153034210205,0
-4.188645362854,0
-7.1672306060791,0
-11.9386043548584,0
-14.3075551986694,0
-11.7982454299927,0
-7.6526346206665,0
-5.9878625869751,0
-6.28129482269287,0
-5.47301912307739,0
-2.75042581558228,0
0.521520733833313,0
3.15574359893799,0
3.80821371078491,0
0.869724333286285,0
-4.33022165298462,0
-6.61021947860718,0
-2.68745493888855,0
3.92860317230225,0
7.23579216003418,0
6.43506574630737,0
5.68290567398071,0
7.31926679611206,0
9.51827049255371,0
10.6252336502075,0
11.7937870025635,0
14.1545000076294,0
16.4370651245117,0
17.1850814819336,0
17.5472412109375,0
20.2081832885742,0
26.1501312255859,0
33.2509002685547,0
37.8692817687988,0
37.8599281311035,0
34.3653259277344,0
30.2146797180176,0
26.3444919586182,0
21.0290718078613,0
13.367208480835,0
5.74075412750244,0
0.984158933162689,0
-1.62180125713348,0
-5.28234100341797,0
-11.2561435699463,0
-17.6549472808838,0
-22.3461437225342,0
-24.9275226593018,0
-25.8030033111572,0
-25.3367900848389,0
-24.4346313476562,0
-24.4543724060059,0
-25.8608875274658,0
-27.7015037536621,0
-28.5441093444824,0
-27.4156684875488,0
-24.2727394104004,0
-20.3158264160156,0
-17.1845989227295,0
-14.9684276580811,0
-11.9708366394043,0
-7.57500267028809,0
-4.00600337982178,0
-3.32785558700562,0
-3.70425653457642,0
-1.09589302539825,0
5.58271455764771,0
13.2240390777588,0
18.3884181976318,0
20.2893333435059,0
19.931173324585,0
18.6228332519531,0
17.8868103027344,0
18.760892868042,0
20.3204612731934,0
20.429220199585,0
18.5648880004883,0
16.4840259552002,0
15.8050117492676,0
16.6727771759033,0
19.0896224975586,0
23.2758255004883,0
27.7689609527588,0
29.4584465026855,0
27.2166767120361,0
23.9045333862305,0
23.0455188751221,0
24.7191543579102,0
26.3518714904785,0
26.3932991027832,0
25.3571319580078,0
24.0342693328857,0
22.5471572875977,0
20.7667770385742,0
18.1371841430664,0
13.6340637207031,0
7.54309463500977,0
2.72256422042847,0
2.04668760299683,0
4.5730414390564,0
6.12292242050171,0
3.94018483161926,0
-0.934749662876129,0
-6.19923639297485,0
-11.1464576721191,0
-16.0113983154297,0
-20.2261753082275,0
-22.9888896942139,0
-24.7625007629395,0
-26.7615070343018,0
-29.2477626800537,0
-31.3561305999756,0
-32.3428115844727,0
-32.1580009460449,0
-31.1225414276123,0
-29.9668560028076,0
-29.9129447937012,0
-31.61887550354,0
-34.0179290771484,0
-35.2378921508789,0
-34.8377380371094,0
-34.0526466369629,0
-33.4955177307129,0
-32.0018310546875,0
-28.7822589874268,0
-25.4364833831787,0
-23.9153327941895,0
-23.0704612731934,0
-19.7456207275391,0
-13.7434577941895,0
-8.9778356552124,0
-8.04477119445801,0
-8.17013072967529,0
-5.43664264678955,0
-1.15614938735962,0
0.0724776983261108,0
-1.98861265182495,0
-2.50705480575562,0
0.29094997048378,0
1.37852239608765,0
-3.47766160964966,0
-10.5838689804077,0
-13.4403285980225,0
-12.0859518051147,0
-11.7407455444336,0
-13.6378173828125,0
-13.5228710174561,0
-9.65527629852295,0
-6.09896659851074,0
-5.93002271652222,0
-6.53536701202393,0
-4.91139268875122,0
-3.1916983127594,0
-4.80495262145996,0
-8.45539093017578,0
-10.4323215484619,0
-10.6469669342041,0
-11.7674188613892,0
-13.7403039932251,0
-13.8546714782715,0
-11.8686838150024,0
-10.653112411499,0
-11.1994018554688,0
-10.7895698547363,0
-7.31623458862305,0
-2.54183578491211,0
0.222517192363739,0
-0.309135973453522,0
-2.86853098869324,0
-4.93164491653442,0
-4.37614917755127,0
-1.78353321552277,0
-0.912795186042786,0
-4.4455828666687,0
-9.42409038543701,0
-9.919846534729,0
-4.46169233322144,0
2.5143449306488,0
7.15468311309814,0
10.1706209182739,0
12.8282279968262,0
13.2105684280396,0
9.69086933135986,0
5.05855083465576,0
3.31344556808472,0
4.07051277160645,0
3.69813561439514,0
0.826528310775757,0
-2.74091529846191,0
-5.85009765625,0
-9.20887279510498,0
-12.8295183181763,0
-15.4114074707031,0
-16.6736888885498,0
-17.7236442565918,0
-18.8479328155518,0
-19.4661140441895,0
-20.4278202056885,0
-23.4140758514404,0
-27.4209079742432,0
-28.918420791626,0
-26.8039817810059,0
-24.3123073577881,0
-24.1881256103516,0
-24.6719741821289,0
-22.7981357574463,0
-19.4474620819092,0
-17.8919563293457,0
-18.5628395080566,0
-18.6724700927734,0
-16.7513675689697,0
-14.3213567733765,0
-12.5180540084839,0
-9.89377975463867,0
-4.83482551574707,0
1.90291810035706,0
8.44352436065674,0
14.0056467056274,0
18.5418300628662,0
21.5592784881592,0
22.8863658905029,0
23.7034492492676,0
25.2673168182373,0
27.1658477783203,0
28.1590270996094,0
28.1508350372314,0
27.84694480896,0
26.9738502502441,0
24.702543258667,0
21.8174343109131,0
20.4029731750488,0
20.6135196685791,0
19.5445404052734,0
14.8256711959839,0
8.38770866394043,0
5.01113605499268,0
7.22547817230225,0
12.7860689163208,0
17.2671070098877,0
18.2123794555664,0
16.542667388916,0
14.7855319976807,0
14.5242013931274,0
15.1667490005493,0
14.6463661193848,0
11.364782333374,0
5.66790151596069,0
-0.703679502010345,0
-6.63978385925293,0
-12.5816879272461,0
-18.9734802246094,0
-24.481725692749,0
-27.059850692749,0
-26.8554954528809,0
-26.5381259918213,0
-27.873348236084,0
-29.3694610595703,0
-28.929536819458,0
-27.8046245574951,0
-29.5492210388184,0
-35.176212310791,0
-41.7931098937988,0
-46.490795135498,0
-49.0192070007324,0
-49.6321640014648,0
-47.2408866882324,0
-41.9908027648926,0
-37.2919616699219,0
-36.0882186889648,0
-36.415111541748,0
-34.0295600891113,0
-28.9045429229736,0
-25.6020164489746,0
-26.7692031860352,0
-29.4216842651367,0
-28.9250946044922,0
-24.4119625091553,0
-18.9843559265137,0
-16.1947822570801,0
-17.2913131713867,0
-20.4620342254639,0
-21.9775524139404,0
-19.3987579345703,0
-14.2172946929932,0
-9.99302768707275,0
-7.72300004959106,0
-4.99566125869751,0
-0.13977338373661,0
5.21702718734741,0
8.92423534393311,0
11.4531497955322,0
14.5360145568848,0
18.2887725830078,0
21.5313110351562,0
23.8252410888672,0
25.4714622497559,0
26.3348026275635,0
26.1860752105713,0
25.4513206481934,0
24.2882671356201,0
21.8289546966553,0
17.7880458831787,0
13.8013048171997,0
11.3180303573608,0
9.02924728393555,0
4.78070640563965,0
-0.221915602684021,0
-1.89736390113831,0
1.21177279949188,0
5.42885208129883,0
6.67020797729492,0
5.74728441238403,0
6.34476327896118,0
8.6914005279541,0
8.60718059539795,0
3.57620549201965,0
-3.29086184501648,0
-7.46887826919556,0
-9.02221488952637,0
-11.4668216705322,0
-15.878396987915,0
-19.7663345336914,0
-21.8941898345947,0
-24.431957244873,0
-28.7700386047363,0
-32.320930480957,0
-32.0006866455078,0
-28.9324417114258,0
-27.1942043304443,0
-29.1603393554688,0
-34.1811027526855,0
-40.5441284179688,0
-46.4774017333984,0
-50.4092140197754,0
-52.6812019348145,0
-56.0241584777832,0
-61.8562240600586,0
-67.1405410766602,0
-67.8215942382812,0
-64.6217727661133,0
-62.1089057922363,0
-62.2591705322266,0
-62.5834274291992,0
-61.1500205993652,0
-59.7035293579102,0
-60.1493949890137,0
-61.0219383239746,0
-59.7943496704102,0
-56.6934623718262,0
-53.8965835571289,0
-52.1427764892578,0
-50.1755485534668,0
-46.9468193054199,0
-42.8623962402344,0
-39.1734008789062,0
-37.061450958252,0
-36.8521881103516,0
-37.4495124816895,0
-37.0952033996582,0
-35.1476211547852,0
-32.4741325378418,0
-29.9897937774658,0
-27.9664859771729,0
-26.9551467895508,0
-27.6588191986084,0
-29.0574111938477,0
-28.3793468475342,0
-24.442253112793,0
-19.876371383667,0
-18.3727016448975,0
-20.299690246582,0
-22.4512042999268,0
-21.7627582550049,0
-18.06201171875,0
-13.452561378479,0
-10.1595697402954,0
-8.90018177032471,0
-8.46045684814453,0
-6.90428733825684,0
-3.70252561569214,0
-0.202206254005432,0
2.51063013076782,0
5.12216329574585,0
8.24614429473877,0
10.2151460647583,0
8.92253589630127,0
5.57068347930908,0
4.05358648300171,0
5.92603397369385,0
8.24704742431641,0
7.70896911621094,0
4.88341569900513,0
2.39809846878052,0
0.47560527920723,0
-2.95347905158997,0
-8.15799427032471,0
-12.497465133667,0
-14.1212635040283,0
-14.5818147659302,0
-16.5771083831787,0
-20.7470703125,0
-26.0922946929932,0
-32.1235504150391,0
-38.6060180664062,0
-43.8664741516113,0
-45.675464630127,0
-44.3386077880859,0
-43.2514762878418,0
-45.306957244873,0
-49.6147041320801,0
-52.787914276123,0
-52.8716506958008,0
-50.7733192443848,0
-48.067325592041,0
-45.0697860717773,0
-41.8345947265625,0
-39.5438385009766,0
-39.1014823913574,0
-38.9790916442871,0
-36.7591133117676,0
-33.1687889099121,0
-32.1383895874023,0
-35.4473190307617,0
-39.4954490661621,0
-39.7488136291504,0
-36.7755851745605,0
-34.7140579223633,0
-34.5774726867676,0
-33.0385246276855,0
-28.5423545837402,0
-24.7278175354004,0
-25.5733909606934,0
-30.0005989074707,0
-34.0340270996094,0
-36.2469902038574,0
-38.0117874145508,0
-39.7701072692871,0
-40.4926109313965,0
-40.4108581542969,0
-40.9914855957031,0
-41.860237121582,0
-40.6895790100098,0
-36.9590263366699,0
-33.1697158813477,0
-31.0611629486084,0
-29.0343837738037,0
-25.2008304595947,0
-21.1074047088623,0
-20.0151062011719,0
-22.4182071685791,0
-25.6759433746338,0
-27.8643836975098,0
-29.6847324371338,0
-32.072208404541,0
-34.0337791442871,0
-34.2620811462402,0
-33.6234397888184,0
-34.3144721984863,0
-36.9966468811035,0
-40.3927459716797,0
-43.6440162658691,0
-47.1599617004395,0
-50.4041709899902,0
-50.7205085754395,0
-46.1567764282227,0
-38.4362373352051,0
-31.0906085968018,0
-25.1833076477051,0
-19.2451267242432,0
-13.4134864807129,0
-10.6656188964844,0
-12.5856885910034,0
-16.3701648712158,0
-18.3067893981934,0
-18.6433372497559,0
-20.3290710449219,0
-23.6454124450684,0
-25.0115585327148,0
-21.6455745697021,0
-15.098331451416,0
-8.93577575683594,0
-4.47274446487427,0
-0.453047782182693,0
3.70281934738159,0
6.19853162765503,0
5.10446262359619,0
1.32743000984192,0
-1.94881522655487,0
-2.90340900421143,0
-2.99097299575806,0
-4.39533758163452,0
-6.53091812133789,0
-6.67705011367798,0
-3.88695359230042,0
-0.42555770277977,0
1.30373299121857,0
1.73385047912598,0
2.91317558288574,0
5.28463268280029,0
6.97180128097534,0
6.03657245635986,0
2.63548517227173,0
-1.09688246250153,0
-3.11626720428467,0
-3.6105751991272,0
-4.92027187347412,0
-8.82463932037354,0
-14.3017644882202,0
-18.8845443725586,0
-21.718111038208,0
-23.852466583252,0
-25.9525108337402,0
-27.7387733459473,0
-29.7004814147949,0
-33.0023651123047,0
-37.0725250244141,0
-39.5541915893555,0
-39.569709777832,0
-38.7877502441406,0
-38.1631355285645,0
-36.1325416564941,0
-31.7460441589355,0
-27.173397064209,0
-24.808162689209,0
-23.8834743499756,0
-22.4801063537598,0
-21.0390167236328,0
-20.8589878082275,0
-20.542085647583,0
-17.4857082366943,0
-12.3865528106689,0
-8.77621459960938,0
-7.8714747428894,0
-7.07143926620483,0
-4.3298544883728,0
-1.24037039279938,0
-0.528362452983856,0
-2.4863805770874,0
-5.02856016159058,0
-5.73679780960083,0
-3.09783244132996,0
2.65087080001831,0
9.05312728881836,0
13.2577753067017,0
15.042498588562,0
16.6178684234619,0
18.9539737701416,0
20.3089981079102,0
19.5625991821289,0
19.0032005310059,0
21.6299591064453,0
26.5632877349854,0
29.3130435943604,0
26.7975082397461,0
20.7165069580078,0
15.4994850158691,0
13.7308902740479,0
14.1583166122437,0
13.861647605896,0
11.6455450057983,0
8.80672645568848,0
6.9159836769104,0
5.99903583526611,0
5.41705322265625,0
5.34732484817505,0
6.06487464904785,0
6.44567155838013,0
4.83485889434814,0
1.30668818950653,0
-2.42610859870911,0
-5.4770336151123,0
-8.79378128051758,0
-13.4364585876465,0
-19.0670204162598,0
-24.5358085632324,0
-29.0597991943359,0
-32.6281471252441,0
-35.9803047180176,0
-39.9564819335938,0
-43.9707260131836,0
-45.8144378662109,0
-44.5581550598145,0
-43.0541038513184,0
-45.333854675293,0
-51.5580863952637,0
-57.9154090881348,0
-61.8199768066406,0
-64.5521621704102,0
-67.8721618652344,0
-70.8544464111328,0
-71.9869613647461,0
-72.2544097900391,0
-73.7719268798828,0
-76.6324920654297,0
-79.2631607055664,0
-81.0268630981445,0
-82.4578247070312,0
-83.4698104858398,0
-83.1404342651367,0
-80.995246887207,0
-77.1232376098633,0
-71.486457824707,0
-64.4524841308594,0
-57.3968963623047,0
-51.2560768127441,0
-44.9982261657715,0
-37.1479034423828,0
-28.4506855010986,0
-21.3614711761475,0
-17.1173057556152,0
-14.9483203887939,0
-13.9265565872192,0
-13.6732378005981,0
-13.1873598098755,0
-11.117133140564,0
-7.94993782043457,0
-6.25066137313843,0
-7.72789478302002,0
-11.2027587890625,0
-14.2309131622314,0
-15.6424741744995,0
-15.7889499664307,0
-15.4543647766113,0
-15.4580488204956,0
-16.379732131958,0
-17.6365985870361,0
-17.4909572601318,0
-14.9758920669556,0
-11.4764270782471,0
-9.65647315979004,0
-10.9845113754272,0
-14.6207628250122,0
-18.2847118377686,0
-19.9396667480469,0
-19.2633628845215,0
-17.8942184448242,0
-17.7385559082031,0
-18.8281631469727,0
-19.528959274292,0
-18.972053527832,0
-18.1846389770508,0
-18.3591175079346,0
-19.2064437866211,0
-19.9579753875732,0
-21.1002159118652,0
-23.939151763916,0
-28.7790451049805,0
-34.3910751342773,0
-39.1563606262207,0
-42.3162689208984,0
-44.3946876525879,0
-46.5846786499023,0
-49.2284812927246,0
-50.985782623291,0
-50.5220527648926,0
-48.9946937561035,0
-49.2420883178711,0
-52.0176429748535,0
-54.9006881713867,0
-55.9450569152832,0
-56.342357635498,0
-57.7631378173828,0
-59.1344375610352,0
-58.7215423583984,0
-57.8489685058594,0
-59.0518188476562,0
-61.0943565368652,0
-59.7476768493652,0
-54.211555480957,0
-49.050235748291,0
-48.0335311889648,0
-49.2809906005859,0
-48.9853096008301,0
-47.1619453430176,0
-46.2485542297363,0
-45.7774772644043,0
-42.5843467712402,0
-36.1317443847656,0
-29.884765625,0
-26.5659103393555,0
-25.0707893371582,0
-23.2397766113281,0
-20.9137439727783,0
-18.6403198242188,0
-15.8871564865112,0
-12.7486906051636,0
-11.4368267059326,0
-13.4954242706299,0
-16.8990592956543,0
-18.5680961608887,0
-18.7630367279053,0
-20.1477546691895,0
-23.1165637969971,0
-25.1768474578857,0
-24.9780788421631,0
-23.8195934295654,0
-22.6659507751465,0
-20.8655872344971,0
-18.8854389190674,0
-19.0351543426514,0
-21.5880928039551,0
-23.1801414489746,0
-21.6753349304199,0
-20.046443939209,0
-22.08717918396,0
-26.2466812133789,0
-27.875093460083,0
-26.7438793182373,0
-27.6840419769287,0
-32.9586486816406,0
-38.2568397521973,0
-38.5226020812988,0
-34.6792259216309,0
-31.6327934265137,0
-31.5085945129395,0
-32.0601806640625,0
-31.039852142334,0
-29.0629653930664,0
-27.738395690918,0
-27.3626708984375,0
-27.5172729492188,0
-28.3724746704102,0
-30.1490306854248,0
-32.0782928466797,0
-32.8665046691895,0
-31.787971496582,0
-28.7967643737793,0
-24.1595668792725,0
-18.58083152771,0
-13.0993347167969,0
-8.1702356338501,0
-3.3661904335022,0
1.36642849445343,0
4.90719890594482,0
6.47766733169556,0
7.36738109588623,0
9.76590156555176,0
14.109169960022,0
19.0105533599854,0
23.6970157623291,0
28.7579669952393,0
34.1488304138184,0
38.2992935180664,0
40.0708312988281,0
40.0210800170898,0
38.7350616455078,0
35.5662155151367,0
30.4498138427734,0
25.3884468078613,0
22.1866970062256,0
19.843822479248,0
16.3245315551758,0
12.0086660385132,0
8.8599271774292,0
6.59245824813843,0
2.52138495445251,0
-4.35256290435791,0
-11.7645874023438,0
-17.6792335510254,0
-22.9583415985107,0
-28.9678382873535,0
-34.5180511474609,0
-37.4365005493164,0
-38.207950592041,0
-39.8329772949219,0
-44.1383476257324,0
-49.828914642334,0
-54.3550491333008,0
-56.4468421936035,0
-56.4815063476562,0
-55.4208450317383,0
-54.1278495788574,0
-53.3054351806641,0
-53.3026847839355,0
-53.5361328125,0
-52.2218322753906,0
-47.4460792541504,0
-39.3349838256836,0
-30.9126129150391,0
-25.5937118530273,0
-23.3952713012695,0
-20.6652679443359,0
-14.3422327041626,0
-5.71217632293701,0
1.00326490402222,0
3.28831243515015,0
2.58794784545898,0
2.21544170379639,0
4.02637052536011,0
7.27804136276245,0
10.0450582504272,0
11.376275062561,0
12.1300611495972,0
13.6449966430664,0
15.7459726333618,0
16.7491970062256,0
15.7065134048462,0
13.8405542373657,0
13.1089878082275,0
13.9551858901978,0
15.1947793960571,0
15.6340990066528,0
15.1411809921265,0
14.6243877410889,0
15.4841394424438,0
18.264741897583,0
21.180477142334,0
21.2378597259521,0
18.1587142944336,0
15.9667053222656,0
18.6064491271973,0
24.6715221405029,0
28.9193897247314,0
28.9222316741943,0
27.5358543395996,0
28.1028423309326,0
29.8946533203125,0
30.0170001983643,0
27.8968524932861,0
25.6323070526123,0
24.7576808929443,0
24.6742095947266,0
24.0984745025635,0
22.5393047332764,0
20.2359962463379,0
17.6474170684814,0
15.0587272644043,0
12.0540161132812,0
7.67392158508301,0
1.82882702350616,0
-3.8835973739624,0
-7.74108743667603,0
-9.96686458587646,0
-12.2077922821045,0
-15.2428398132324,0
-18.4974212646484,0
-21.7571849822998,0
-25.7857246398926,0
-30.7543888092041,0
-35.5198822021484,0
-39.3086128234863,0
-42.7130584716797,0
-45.700252532959,0
-45.9877319335938,0
-41.6799468994141,0
-35.1183319091797,0
-31.4551486968994,0
-32.5557556152344,0
-34.5326843261719,0
-32.9069137573242,0
-28.429895401001,0
-25.4350700378418,0
-25.3663501739502,0
-24.7994956970215,0
-20.2055740356445,0
-12.1687202453613,0
-3.7161979675293,0
3.61222195625305,0
10.3335189819336,0
16.8735733032227,0
22.8102893829346,0
28.0066318511963,0
32.9632263183594,0
37.8288688659668,0
42.0109558105469,0
44.9302101135254,0
46.4901237487793,0
46.7876319885254,0
46.0211029052734,0
44.7652816772461,0
43.8485221862793,0
43.8949394226074,0
45.1259231567383,0
47.0997581481934,0
48.1892013549805,0
46.1677131652832,0
40.5652122497559,0
34.1348648071289,0
30.5898265838623,0
30.688497543335,0
31.6349506378174,0
30.4493560791016,0
26.7178001403809,0
21.8736534118652,0
17.3650283813477,0
14.2307653427124,0
12.9244165420532,0
12.2972793579102,0
9.86929607391357,0
4.47398138046265,0
-2.17553281784058,0
-7.75904321670532,0
-12.1381025314331,0
-16.3053970336914,0
-19.6989212036133,0
-20.9800472259521,0
-21.0365562438965,0
-22.4347248077393,0
-25.485387802124,0
-27.5171222686768,0
-26.9957256317139,0
-25.7145957946777,0
-25.2923316955566,0
-24.0585517883301,0
-19.980489730835,0
-14.7922105789185,0
-11.9650297164917,0
-11.4191274642944,0
-9.61696243286133,0
-4.93892812728882,0
0.348548471927643,0
4.32656002044678,0
8.44987964630127,0
14.4527759552002,0
20.6534996032715,0
23.9662551879883,0
24.3881740570068,0
24.9646072387695,0
27.6593189239502,0
31.3869018554688,0
34.2194061279297,0
35.7346382141113,0
36.7194023132324,0
37.8885841369629,0
39.4937782287598,0
41.3604049682617,0
42.9077606201172,0
43.6580085754395,0
43.6871757507324,0
42.9480895996094,0
40.6124534606934,0
36.35107421875,0
32.028003692627,0
30.4150390625,0
31.9087257385254,0
34.2200050354004,0
35.9117889404297,0
38.3186912536621,0
42.6823501586914,0
47.1696014404297,0
48.842529296875,0
47.6734504699707,0
46.4085464477539,0
46.6551399230957,0
47.0420188903809,0
45.480899810791,0
41.7070999145508,0
37.2312431335449,0
33.9594955444336,0
33.0284881591797,0
33.8302230834961,0
34.0697746276855,0
31.9851608276367,0
28.5785522460938,0
26.3565940856934,0
25.8895874023438,0
25.3120536804199,0
23.4849720001221,0
21.6371459960938,0
21.0222930908203,0
20.9565162658691,0
20.6832294464111,0
21.4866199493408,0
24.804349899292,0
29.173999786377,0
31.4322853088379,0
30.9287986755371,0
30.4772987365723,0
32.5426864624023,0
36.1651000976562,0
38.7717514038086,0
39.9304084777832,0
41.7570571899414,0
45.7428741455078,0
50.6091384887695,0
54.0546073913574,0
55.7528038024902,0
57.2974700927734,0
59.328914642334,0
60.4430084228516,0
59.9504585266113,0
60.2895278930664,0
64.5897521972656,0
72.0391006469727,0
77.8389282226562,0
78.6321334838867,0
76.4613876342773,0
76.0821075439453,0
79.3047866821289,0
83.4827575683594,0
85.3119201660156,0
84.6568222045898,0
84.0807189941406,0
85.4563446044922,0
88.0323333740234,0
89.8966979980469,0
90.49609375,0
90.8485107421875,0
91.4350967407227,0
91.0124588012695,0
88.1659622192383,0
83.392822265625,0
78.8861618041992,0
76.5649719238281,0
76.7723617553711,0
78.3449859619141,0
79.3462600708008,0
78.3370666503906,0
75.6757888793945,0
73.0888061523438,0
71.4699554443359,0
70.0006484985352,0
68.0646362304688,0
66.6179046630859,0
66.3348007202148,0
65.7421493530273,0
63.125373840332,0
59.4187545776367,0
57.1693572998047,0
57.2578277587891,0
58.7453384399414,0
61.4162712097168,0
66.0114135742188,0
71.965202331543,0
77.2707977294922,0
80.9353332519531,0
83.5824661254883,0
85.4001083374023,0
85.5558624267578,0
84.0721664428711,0
82.4131317138672,0
81.7554397583008,0
82.2295684814453,0
83.8920974731445,0
86.6167678833008,0
89.0322265625,0
89.5123901367188,0
88.1142425537109,0
85.5449142456055,0
80.9013061523438,0
73.4435272216797,0
66.203498840332,0
63.8083457946777,0
65.9255065917969,0
66.8815002441406,0
63.3889694213867,0
58.7854537963867,0
57.3609199523926,0
58.3378105163574,0
58.7894821166992,0
59.2770729064941,0
62.3330955505371,0
67.3814163208008,0
71.609016418457,0
74.8641662597656,0
79.2691116333008,0
84.0702362060547,0
85.2619018554688,0
81.5593490600586,0
77.2750091552734,0
77.3069763183594,0
81.5894470214844,0
86.4534378051758,0
89.7559661865234,0
92.4406967163086,0
95.8097457885742,0
99.4080352783203,0
101.964530944824,0
103.19164276123,0
103.95645904541,0
105.026374816895,0
106.11865234375,0
106.295051574707,0
105.134719848633,0
103.231063842773,0
101.459732055664,0
100.170570373535,0
99.4540634155273,0
99.7309875488281,0
101.243301391602,0
103.055877685547,0
103.64469909668,0
102.999786376953,0
103.207420349121,0
105.812934875488,0
109.027229309082,0
109.096626281738,0
104.871452331543,0
99.5389709472656,0
96.5971069335938,0
95.1806335449219,0
91.3213653564453,0
83.6167831420898,0
75.4249954223633,0
70.6162567138672,0
68.9842987060547,0
67.3444595336914,0
63.9145317077637,0
59.7533988952637,0
56.3712387084961,0
53.6565589904785,0
50.2304077148438,0
44.6639099121094,0
36.4616088867188,0
27.0161743164062,0
19.4167251586914,0
16.0116653442383,0
16.2109699249268,0
17.8657245635986,0
20.3326511383057,0
24.2584037780762,0
28.5201568603516,0
30.0715732574463,0
27.8117809295654,0
24.2336578369141,0
21.6608104705811,0
18.9467906951904,0
13.9739828109741,0
7.57125854492188,0
2.20783019065857,0
-1.97611773014069,0
-6.66889238357544,0
-11.4271392822266,0
-13.6847610473633,0
-13.2381401062012,0
-13.4490270614624,0
-16.5246829986572,0
-20.2274837493896,0
-21.1967067718506,0
-19.5457515716553,0
-18.0299549102783,0
-18.0916290283203,0
-18.9489974975586,0
-19.6850910186768,0
-20.0383911132812,0
-19.5279998779297,0
-17.8071327209473,0
-15.9110174179077,0
-15.5130653381348,0
-16.7422103881836,0
-18.0753574371338,0
-18.649169921875,0
-19.4903240203857,0
-21.9786338806152,0
-25.9029903411865,0
-29.5693416595459,0
-31.4889850616455,0
-31.6764144897461,0
-31.3890647888184,0
-31.6820068359375,0
-32.4278106689453,0
-33.0950927734375,0
-34.1137046813965,0
-36.432014465332,0
-39.6900291442871,0
-42.1744117736816,0
-43.1074523925781,0
-43.6694145202637,0
-44.9911766052246,0
-46.5372619628906,0
-47.5909118652344,0
-48.8653221130371,0
-50.9089889526367,0
-52.0249710083008,0
-49.9796524047852,0
-45.4293975830078,0
-41.6086540222168,0
-40.5393180847168,0
-41.2746429443359,0
-41.9831047058105,0
-41.9601783752441,0
-41.2208404541016,0
-39.8686866760254,0
-38.4955520629883,0
-37.5988273620605,0
-35.9658966064453,0
-31.5198516845703,0
-24.8954753875732,0
-20.1686687469482,0
-20.0092372894287,0
-21.6056022644043,0
-20.0927906036377,0
-15.3189582824707,0
-12.0704431533813,0
-13.230975151062,0
-15.9440174102783,0
-16.1383247375488,0
-14.0764942169189,0
-12.7092781066895,0
-12.307315826416,0
-10.1220674514771,0
-5.00261116027832,0
0.856440246105194,0
5.4041748046875,0
9.3460521697998,0
14.1604223251343,0
19.6296977996826,0
24.7253017425537,0
29.2659397125244,0
33.2266120910645,0
35.7668724060059,0
36.4199905395508,0
36.0791091918945,0
35.3970336914062,0
33.4618911743164,0
29.7277889251709,0
26.0500946044922,0
24.6439189910889,0
24.6854820251465,0
23.191370010376,0
19.1660137176514,0
14.8621873855591,0
12.7275543212891,0
12.8521175384521,0
13.8149890899658,0
14.5453939437866,0
14.7656784057617,0
14.5989923477173,0
14.1365957260132,0
12.866738319397,0
9.89197826385498,0
5.53581762313843,0
1.93922007083893,0
0.66566264629364,0
0.548294723033905,0
-0.200632765889168,0
-0.592762053012848,0
1.74668598175049,0
6.08345365524292,0
8.68481922149658,0
8.07757091522217,0
7.01380205154419,0
7.80201482772827,0
8.77442073822021,0
7.70118618011475,0
6.0952525138855,0
6.90001630783081,0
9.38293647766113,0
9.80776023864746,0
6.93970680236816,0
3.83386659622192,0
3.54876112937927,0
5.45149517059326,0
6.91411399841309,0
7.15513896942139,0
8.05772113800049,0
11.6475448608398,0
17.5836563110352,0
23.2644309997559,0
26.3910083770752,0
27.3544940948486,0
28.6279582977295,0
31.7413196563721,0
35.7671432495117,0
39.1677742004395,0
41.8543891906738,0
44.4440536499023,0
46.7644081115723,0
48.6416015625,0
51.1527099609375,0
55.1079063415527,0
58.8447265625,0
59.7405700683594,0
57.910945892334,0
56.2888069152832,0
56.718677520752,0
57.9921875,0
58.2166786193848,0
56.9623794555664,0
54.2511978149414,0
49.731616973877,0
44.2650184631348,0
40.1522979736328,0
37.8664703369141,0
34.5912322998047,0
28.5607719421387,0
23.0896053314209,0
22.7899150848389,0
26.5382709503174,0
28.1068878173828,0
24.174747467041,0
17.8829383850098,0
13.13303565979,0
9.17356014251709,0
3.51133298873901,0
-2.78609275817871,0
-6.34444618225098,0
-6.54882907867432,0
-5.96035718917847,0
-6.44923210144043,0
-8.02625274658203,0
-10.9439125061035,0
-15.5836563110352,0
-20.2525520324707,0
-22.5164813995361,0
-23.2706089019775,0
-26.0578193664551,0
-31.2820358276367,0
-34.6769828796387,0
-33.5114402770996,0
-31.0307807922363,0
-31.8370628356934,0
-35.4150199890137,0
-37.687801361084,0
-37.2006530761719,0
-35.876651763916,0
-34.476619720459,0
-31.4043121337891,0
-26.4323120117188,0
-22.0519542694092,0
-19.901403427124,0
-18.592306137085,0
-16.4752788543701,0
-14.2670860290527,0
-13.3467798233032,0
-13.3706207275391,0
-13.4602346420288,0
-14.4530563354492,0
-18.0698699951172,0
-24.4545097351074,0
-31.9261779785156,0
-38.6615371704102,0
-43.5677604675293,0
-46.2279777526855,0
-47.2431526184082,0
-48.0993804931641,0
-49.4561996459961,0
-49.9358406066895,0
-47.7736625671387,0
-43.3629493713379,0
-38.9900321960449,0
-36.2515869140625,0
-34.9196929931641,0
-34.2232246398926,0
-33.8638725280762,0
-33.5176544189453,0
-32.6865272521973,0
-31.7399044036865,0
-32.0485534667969,0
-34.0869064331055,0
-36.0544815063477,0
-35.6041641235352,0
-32.9166641235352,0
-30.9947338104248,0
-32.4272499084473,0
-36.5258483886719,0
-40.3483543395996,0
-42.1912727355957,0
-43.1420555114746,0
-45.0234298706055,0
-47.7290534973145,0
-49.3994941711426,0
-48.9072685241699,0
-47.3180541992188,0
-46.7351951599121,0
-48.2042083740234,0
-50.951976776123,0
-53.3784141540527,0
-54.6517524719238,0
-55.4838409423828,0
-57.2875556945801,0
-60.4241714477539,0
-63.6183319091797,0
-65.584831237793,0
-66.9154052734375,0
-69.4954605102539,0
-73.9357833862305,0
-78.3387069702148,0
-79.9634628295898,0
-77.6578598022461,0
-72.4999465942383,0
-66.6913528442383,0
-62.1312637329102,0
-59.3466415405273,0
-57.1101684570312,0
-53.4402465820312,0
-47.6218719482422,0
-41.0752563476562,0
-35.6727333068848,0
-31.4107151031494,0
-26.5951118469238,0
-20.5167236328125,0
-14.9908666610718,0
-12.2886638641357,0
-11.8264684677124,0
-10.0860509872437,0
-4.33288812637329,0
4.36564159393311,0
12.5544195175171,0
18.1469745635986,0
21.6706790924072,0
24.2428188323975,0
26.0348434448242,0
27.1734085083008,0
28.5459938049316,0
30.5573024749756,0
32.1430587768555,0
32.3457412719727,0
32.1577453613281,0
33.3273429870605,0
35.6920738220215,0
37.2789421081543,0
37.1520156860352,0
36.6108322143555,0
36.8874855041504,0
36.8397102355957,0
34.0983276367188,0
28.1112823486328,0
20.9092063903809,0
14.4888067245483,0
8.19811916351318,0
-0.205200925469398,0
-10.7282028198242,0
-19.6638317108154,0
-23.3731918334961,0
-23.0473251342773,0
-23.6719017028809,0
-27.8075466156006,0
-32.5491142272949,0
-33.9612045288086,0
-32.4265556335449,0
-31.2846221923828,0
-31.8059844970703,0
-32.8624000549316,0
-35.0387382507324,0
-41.0245513916016,0
-50.5816116333008,0
-58.4976921081543,0
-60.1828880310059,0
-57.338623046875,0
-55.3411827087402,0
-56.2231254577637,0
-57.1533393859863,0
-55.3770370483398,0
-51.5292625427246,0
-47.4031982421875,0
-43.1341705322266,0
-38.1522026062012,0
-33.1356964111328,0
-29.2039699554443,0
-26.1790332794189,0
-23.306941986084,0
-21.0021934509277,0
-20.1318397521973,0
-19.9003486633301,0
-18.3392448425293,0
-15.1562376022339,0
-12.2840414047241,0
-10.7282552719116,0
-8.42015552520752,0
-2.78580379486084,0
5.28643989562988,0
11.8381185531616,0
14.4311866760254,0
15.0658311843872,0
17.9044990539551,0
24.8771076202393,0
34.1811485290527,0
42.496711730957,0
47.7745780944824,0
50.086498260498,0
50.8368530273438,0
51.6700172424316,0
53.6272506713867,0
56.6696510314941,0
59.8584976196289,0
62.1081008911133,0
62.805835723877,0
61.9455070495605,0
60.1634254455566,0
58.7130241394043,0
58.7480201721191,0
60.1991996765137,0
61.8335151672363,0
62.8210144042969,0
63.5695762634277,0
64.3587036132812,0
64.0250091552734,0
61.3072052001953,0
56.9785690307617,0
53.0189552307129,0
49.8260536193848,0
46.1153678894043,0
41.7771072387695,0
38.5670280456543,0
36.9824104309082,0
34.6999473571777,0
29.938928604126,0
24.5984020233154,0
21.7160778045654,0
21.0701942443848,0
20.0002555847168,0
17.8301601409912,0
16.3594665527344,0
15.9760084152222,0
14.6662969589233,0
11.9152698516846,0
10.3999862670898,0
11.7839803695679,0
13.401481628418,0
11.8428802490234,0
8.03594207763672,0
5.60328006744385,0
5.18957185745239,0
3.99600338935852,0
1.03665244579315,0
-0.76273912191391,0
0.87753301858902,0
3.76703977584839,0
4.10315227508545,0
1.30241990089417,0
-2.17997884750366,0
-4.45813512802124,0
-5.27232646942139,0
-4.36448526382446,0
-1.52904260158539,0
1.63355588912964,0
2.38830804824829,0
0.0963113978505135,0
-2.72100949287415,0
-3.18985152244568,0
-0.836690187454224,0
2.76191639900208,0
5.78294467926025,0
7.16350269317627,0
7.01419925689697,0
6.60618782043457,0
7.09893608093262,0
8.09204578399658,0
8.40625,0
8.16301727294922,0
8.60098934173584,0
9.81242656707764,0
10.5462694168091,0
10.6906042098999,0
11.9464883804321,0
15.1401748657227,0
18.6497211456299,0
20.5388298034668,0
20.6548633575439,0
19.7233467102051,0
18.2205963134766,0
17.1850891113281,0
17.9880504608154,0
19.8197689056396,0
19.6472873687744,0
16.581636428833,0
13.9502649307251,0
14.4851236343384,0
15.7478036880493,0
13.8052005767822,0
9.70641231536865,0
8.00565338134766,0
9.56651496887207,0
10.5833644866943,0
9.29961585998535,0
8.93690204620361,0
12.0201234817505,0
15.9711399078369,0
17.3637847900391,0
17.2601356506348,0
18.5125007629395,0
20.0848598480225,0
18.5648536682129,0
14.3665771484375,0
11.7364139556885,0
12.1901874542236,0
12.4316511154175,0
10.3314828872681,0
8.65606307983398,0
9.83518981933594,0
10.6271114349365,0
6.58345413208008,0
-0.0571587532758713,0
-2.17075395584106,0
2.56867265701294,0
8.80041599273682,0
11.630051612854,0
12.9579439163208,0
16.7732906341553,0
22.028621673584,0
24.637809753418,0
24.5760822296143,0
26.2115173339844,0
31.6285495758057,0
37.5832595825195,0
40.0971374511719,0
39.1606674194336,0
37.5131034851074,0
36.8555374145508,0
36.8287811279297,0
36.5555648803711,0
35.8578643798828,0
35.2684516906738,0
35.328010559082,0
35.7396926879883,0
35.5909767150879,0
34.9228782653809,0
35.1765518188477,0
36.9183197021484,0
38.1577835083008,0
36.8358879089355,0
34.3164672851562,0
34.0757217407227,0
37.0886459350586,0
40.963077545166,0
43.8124084472656,0
46.2268104553223,0
48.4767570495605,0
48.4222259521484,0
44.0916709899902,0
36.7098197937012,0
29.3129291534424,0
23.3036880493164,0
17.8576126098633,0
11.9994821548462,0
5.86333990097046,0
0.161041393876076,0
-4.69523477554321,0
-9.03654956817627,0
-13.7112522125244,0
-18.9028625488281,0
-23.2472019195557,0
-25.1729621887207,0
-25.1900386810303,0
-25.5237121582031,0
-27.1876010894775,0
-28.803352355957,0
-28.6930255889893,0
-26.6800651550293,0
-23.4485092163086,0
-19.8037624359131,0
-17.0484504699707,0
-16.1632251739502,0
-15.9443111419678,0
-14.1501607894897,0
-11.4506864547729,0
-11.6445894241333,0
-16.2476921081543,0
-21.3902397155762,0
-22.5222492218018,0
-20.1125869750977,0
-17.8585224151611,0
-17.0388355255127,0
-16.0858020782471,0
-14.7281131744385,0
-14.8183097839355,0
-16.9874591827393,0
-19.6575241088867,0
-21.8085479736328,0
-23.9857845306396,0
-26.0648174285889,0
-26.660099029541,0
-25.5314979553223,0
-24.2395362854004,0
-23.5914268493652,0
-22.6669387817383,0
-21.2964172363281,0
-21.2403354644775,0
-23.5218658447266,0
-26.375825881958,0
-27.3244857788086,0
-25.9862976074219,0
-23.5919971466064,0
-20.9110317230225,0
-17.8842468261719,0
-14.3909091949463,0
-10.3210048675537,0
-5.54518604278564,0
-0.440459996461868,0
4.29493236541748,0
8.61472606658936,0
12.8315925598145,0
16.2085800170898,0
17.3323211669922,0
16.1786041259766,0
14.1018762588501,0
11.5044841766357,0
7.80401039123535,0
4.37908983230591,0
4.60153532028198,0
9.08831405639648,0
13.5773010253906,0
14.2244024276733,0
12.9602870941162,0
14.3916254043579,0
18.8980197906494,0
22.5798892974854,0
23.4673442840576,0
23.7718276977539,0
25.4752883911133,0
27.4279479980469,0
28.2229251861572,0
28.7783069610596,0
30.08078956604,0
30.8801898956299,0
29.926155090332,0
28.6335773468018,0
29.1909503936768,0
31.4624061584473,0
34.1021270751953,0
37.4536361694336,0
42.59912109375,0
48.2423057556152,0
51.4839477539062,0
51.7763824462891,0
51.4538688659668,0
51.8757209777832,0
51.5727500915527,0
49.1127815246582,0
45.4611968994141,0
42.2009048461914,0
39.5170364379883,0
37.5753059387207,0
37.8937072753906,0
41.0444107055664,0
44.4013786315918,0
44.8380432128906,0
42.9771041870117,0
42.1220626831055,0
43.3402099609375,0
44.6371269226074,0
45.3899230957031,0
48.2669410705566,0
54.9638290405273,0
62.5268402099609,0
66.3350372314453,0
65.2640914916992,0
61.6790924072266,0
57.6441307067871,0
53.7578239440918,0
50.8678321838379,0
49.887451171875,0
49.8711013793945,0
49.0776138305664,0
48.3967971801758,0
50.9766502380371,0
57.5504951477051,0
64.7888259887695,0
69.6494750976562,0
72.8975219726562,0
76.6240386962891,0
80.736457824707,0
84.2285308837891,0
87.8023986816406,0
92.3610000610352,0
96.448356628418,0
98.3390045166016,0
99.7038040161133,0
103.89192199707,0
110.790946960449,0
116.321754455566,0
117.066581726074,0
112.876556396484,0
105.249824523926,0
96.1442718505859,0
88.3198013305664,0
83.4755859375,0
79.4615173339844,0
72.4272994995117,0
62.3371391296387,0
53.1026077270508,0
46.5765266418457,0
40.2931365966797,0
32.6626968383789,0
26.322732925415,0
23.6455783843994,0
22.3867263793945,0
19.1958522796631,0
14.8299684524536,0
12.2528629302979,0
11.5017080307007,0
10.1618766784668,0
7.62380313873291,0
5.20964050292969,0
2.86967182159424,0
-0.736149489879608,0
-5.28147554397583,0
-9.25491333007812,0
-13.2408647537231,0
-19.3513889312744,0
-27.0764255523682,0
-32.9530830383301,0
-35.2351379394531,0
-36.0828285217285,0
-38.0096092224121,0
-40.6182250976562,0
-42.1011390686035,0
-41.7263946533203,0
-39.3695335388184,0
-34.5834693908691,0
-27.9139423370361,0
-21.6295032501221,0
-17.2995948791504,0
-13.6939992904663,0
-8.7745418548584,0
-2.8564019203186,0
2.03271889686584,0
5.3348126411438,0
8.57399463653564,0
12.9546012878418,0
18.226505279541,0
24.1769676208496,0
31.4054298400879,0
39.8269195556641,0
47.94970703125,0
54.8572425842285,0
61.8252639770508,0
70.5931854248047,0
80.8082962036133,0
90.7628555297852,0
100.154472351074,0
110.108856201172,0
120.243118286133,0
127.75944519043,0
130.550918579102,0
129.75813293457,0
127.906494140625,0
125.594459533691,0
121.608459472656,0
115.649078369141,0
109.139099121094,0
103.276062011719,0
97.7656173706055,0
91.9646453857422,0
86.3039855957031,0
81.9485321044922,0
79.3640289306641,0
77.4529342651367,0
74.0805358886719,0
67.8488540649414,0
59.7541046142578,0
52.6746292114258,0
48.6765403747559,0
47.1591606140137,0
46.046573638916,0
44.146167755127,0
41.680233001709,0
39.2419471740723,0
37.2714958190918,0
36.1751174926758,0
35.9767990112305,0
35.9667053222656,0
35.2886352539062,0
33.6180686950684,0
30.9543361663818,0
27.402416229248,0
23.4834995269775,0
19.7256259918213,0
15.6914072036743,0
10.8428840637207,0
6.68510150909424,0
5.77053594589233,0
7.4990873336792,0
7.68039417266846,0
4.46693325042725,0
1.99839961528778,0
4.81466150283813,0
10.8608894348145,0
14.3857727050781,0
14.4928951263428,0
15.6853942871094,0
19.8040447235107,0
22.7549114227295,0
21.0822219848633,0
17.395320892334,0
16.517110824585,0
19.4495239257812,0
24.0105857849121,0
28.9826412200928,0
34.7273902893066,0
41.4595642089844,0
49.5779190063477,0
60.3113670349121,0
73.5282287597656,0
86.0218811035156,0
94.3984222412109,0
98.9399642944336,0
102.574577331543,0
106.8603515625,0
111.081359863281,0
114.511375427246,0
117.198776245117,0
118.84610748291,0
119.169982910156,0
119.306312561035,0
120.658836364746,0
122.113922119141,0
120.57453918457,0
115.042251586914,0
108.395774841309,0
104.032348632812,0
102.06005859375,0
99.983283996582,0
96.0450057983398,0
90.3081283569336,0
82.9567260742188,0
73.4931564331055,0
62.3542289733887,0
52.0275917053223,0
45.0751800537109,0
41.1251525878906,0
36.9703216552734,0
30.0999298095703,0
21.4026622772217,0
13.7859783172607,0
8.64878559112549,0
4.5203104019165,0
-0.866210222244263,0
-7.74077606201172,0
-13.821081161499,0
-16.7385692596436,0
-16.9354991912842,0
-17.5474910736084,0
-20.6513404846191,0
-24.3076934814453,0
-25.0465240478516,0
-23.1411933898926,0
-22.9123001098633,0
-26.8534488677979,0
-32.1162452697754,0
-34.8794746398926,0
-35.8172760009766,0
-38.0835800170898,0
-41.4347457885742,0
-42.2585868835449,0
-39.2025451660156,0
-35.024242401123,0
-32.192024230957,0
-30.0007858276367,0
-27.2813549041748,0
-24.9687976837158,0
-24.1447067260742,0
-23.8119239807129,0
-22.6073627471924,0
-21.1287441253662,0
-20.8005714416504,0
-21.6704883575439,0
-22.7886924743652,0
-23.5962028503418,0
-23.6278285980225,0
-22.0368556976318,0
-18.7216053009033,0
-14.7634229660034,0
-10.4441633224487,0
-4.01962804794312,0
6.02153825759888,0
18.3739109039307,0
30.043436050415,0
39.4367065429688,0
47.1565933227539,0
54.3500099182129,0
61.3484802246094,0
67.525032043457,0
71.8797607421875,0
74.3442001342773,0
76.5324554443359,0
79.7277069091797,0
81.8838500976562,0
78.8373336791992,0
69.5304718017578,0
57.8067932128906,0
47.5509948730469,0
38.3516578674316,0
27.9372406005859,0
16.4761600494385,0
5.63673162460327,0
-4.61901092529297,0
-14.886269569397,0
-23.3921127319336,0
-28.0731792449951,0
-30.9263591766357,0
-36.2575836181641,0
-44.381591796875,0
-50.8907890319824,0
-52.9894905090332,0
-52.891242980957,0
-53.5260467529297,0
-54.3743515014648,0
-53.8572273254395,0
-53.1169509887695,0
-54.5275917053223,0
-57.9381561279297,0
-60.9274024963379,0
-62.0028877258301,0
-61.6453857421875,0
-60.9498519897461,0
-60.9649391174316,0
-62.6531295776367,0
-65.7583465576172,0
-68.2525177001953,0
-68.5849456787109,0
-68.02294921875,0
-69.0103530883789,0
-71.5646133422852,0
-73.3902130126953,0
-73.7198104858398,0
-74.7523880004883,0
-78.2008361816406,0
-82.2783432006836,0
-83.8910369873047,0
-82.6920700073242,0
-80.845947265625,0
-79.2292709350586,0
-76.3551635742188,0
-71.6449127197266,0
-67.2811660766602,0
-64.9755859375,0
-62.6172790527344,0
-56.7631759643555,0
-47.8388481140137,0
-40.1221199035645,0
-36.3810997009277,0
-35.2472915649414,0
-34.6959609985352,0
-35.2129020690918,0
-37.5668067932129,0
-39.8359107971191,0
-39.5272636413574,0
-37.3989944458008,0
-36.2743644714355,0
-36.6400489807129,0
-36.3246536254883,0
-34.5217170715332,0
-33.1591491699219,0
-33.5082244873047,0
-34.0802154541016,0
-33.2596435546875,0
-31.888952255249,0
-31.5134410858154,0
-31.6862506866455,0
-30.9816398620605,0
-29.6318264007568,0
-29.1422805786133,0
-29.7882137298584,0
-30.3675079345703,0
-30.3754463195801,0
-30.8145923614502,0
-32.638744354248,0
-35.6757011413574,0
-39.3004951477051,0
-42.9854583740234,0
-45.9351577758789,0
-47.3928031921387,0
-47.7624092102051,0
-48.339729309082,0
-49.3935966491699,0
-49.546802520752,0
-47.7013854980469,0
-44.5959930419922,0
-41.709171295166,0
-39.5428733825684,0
-37.756103515625,0
-35.9572525024414,0
-33.4623641967773,0
-29.5445346832275,0
-25.2252426147461,0
-23.3510093688965,0
-24.8321800231934,0
-26.0513858795166,0
-22.8297672271729,0
-16.2857570648193,0
-11.3371686935425,0
-9.39000988006592,0
-6.65337991714478,0
-0.971296906471252,0
4.17736864089966,0
5.56812477111816,0
6.24691438674927,0
10.9515419006348,0
17.8385772705078,0
20.2854309082031,0
16.4229526519775,0
11.4558811187744,0
9.63952350616455,0
9.05295372009277,0
6.4494366645813,0
2.76318955421448,0
0.474568665027618,0
-1.13988709449768,0
-4.29034614562988,0
-8.43855571746826,0
-11.5963363647461,0
-14.3061065673828,0
-18.3743362426758,0
-22.4416942596436,0
-22.8431663513184,0
-18.9965419769287,0
-14.3239326477051,0
-11.2849578857422,0
-8.96406841278076,0
-6.59153509140015,0
-5.96558666229248,0
-8.3621072769165,0
-11.7111740112305,0
-13.250846862793,0
-13.1903190612793,0
-13.5044870376587,0
-14.5702381134033,0
-15.397647857666,0
-16.288724899292,0
-18.8365345001221,0
-23.3298187255859,0
-27.8469581604004,0
-30.0713291168213,0
-29.1217823028564,0
-25.9982738494873,0
-23.0335350036621,0
-22.1274719238281,0
-22.6055717468262,0
-21.9251194000244,0
-19.6449928283691,0
-19.0691471099854,0
-22.7848529815674,0
-27.8414726257324,0
-28.4429740905762,0
-23.3124103546143,0
-17.2758369445801,0
-14.7039813995361,0
-14.2513628005981,0
-11.9107065200806,0
-7.06150722503662,0
-2.70750117301941,0
-0.466228276491165,0
1.80227863788605,0
6.52161741256714,0
12.4641399383545,0
16.0101509094238,0
15.7642574310303,0
14.1961421966553,0
14.3040399551392,0
16.1298046112061,0
17.7362976074219,0
18.5670642852783,0
19.9866390228271,0
22.713981628418,0
25.6364192962646,0
27.5840454101562,0
28.6264114379883,0
29.0023307800293,0
28.369327545166,0
26.9236507415771,0
25.6898059844971,0
24.6869964599609,0
22.3217544555664,0
17.764575958252,0
12.4760551452637,0
8.14512825012207,0
4.65135812759399,0
1.46603238582611,0
-0.618147611618042,0
-0.94667637348175,0
-0.582775115966797,0
-0.335777670145035,0
1.2709835767746,0
5.5736198425293,0
10.5369491577148,0
12.7242107391357,0
11.7137241363525,0
9.85023975372314,0
8.32554912567139,0
6.42565488815308,0
4.06476402282715,0
1.73409879207611,0
-1.8658584356308,0
-8.47524070739746,0
-16.1601009368896,0
-20.3639526367188,0
-20.2198505401611,0
-20.1574859619141,0
-23.4666709899902,0
-27.7688465118408,0
-29.404146194458,0
-29.2390041351318,0
-30.8113269805908,0
-34.8263053894043,0
-39.0002250671387,0
-42.1370620727539,0
-45.048698425293,0
-48.1215744018555,0
-51.0898132324219,0
-54.9048919677734,0
-60.8226928710938,0
-67.5915451049805,0
-72.4442138671875,0
-75.2514801025391,0
-78.8351745605469,0
-84.3606719970703,0
-89.2041320800781,0
-90.8107452392578,0
-90.2923431396484,0
-90.323616027832,0
-91.2689437866211,0
-91.4651794433594,0
-90.0913848876953,0
-87.6376800537109,0
-84.2675323486328,0
-79.7583160400391,0
-74.8438949584961,0
-70.9546203613281,0
-68.6799774169922,0
-67.7394561767578,0
-68.0837783813477,0
-69.5352554321289,0
-70.7241973876953,0
-70.230827331543,0
-68.7705001831055,0
-68.3526840209961,0
-69.0888366699219,0
-68.9695739746094,0
-67.404052734375,0
-66.5595321655273,0
-67.6986541748047,0
-68.3269653320312,0
-65.3069152832031,0
-59.4919967651367,0
-54.6714286804199,0
-52.4986877441406,0
-51.1256637573242,0
-48.9285316467285,0
-46.8934593200684,0
-46.3779220581055,0
-46.7715110778809,0
-46.9425315856934,0
-47.4006500244141,0
-49.1189575195312,0
-51.0941162109375,0
-51.1194229125977,0
-48.9797439575195,0
-47.2218704223633,0
-48.2202453613281,0
-51.6193962097168,0
-55.412971496582,0
-58.7058029174805,0
-62.2949638366699,0
-66.7567825317383,0
-71.2216491699219,0
-74.6218490600586,0
-77.2953338623047,0
-80.3494491577148,0
-83.8549041748047,0
-86.9054412841797,0
-89.4506072998047,0
-92.6303405761719,0
-96.7191696166992,0
-100.014015197754,0
-100.744873046875,0
-99.2108688354492,0
-97.0936431884766,0
-95.4489669799805,0
-94.2026977539062,0
-92.6009140014648,0
-89.1388702392578,0
-82.283561706543,0
-72.7051086425781,0
-63.6139144897461,0
-57.2155227661133,0
-52.1448287963867,0
-46.5461044311523,0
-42.1940956115723,0
-42.3278045654297,0
-46.1471710205078,0
-49.2876396179199,0
-49.9995651245117,0
-50.9041862487793,0
-53.4843864440918,0
-54.8217658996582,0
-52.1450805664062,0
-47.3203048706055,0
-43.6731033325195,0
-40.593677520752,0
-34.6468696594238,0
-24.7930107116699,0
-13.4709234237671,0
-3.17845368385315,0
5.35602474212646,0
11.9869146347046,0
16.5675773620605,0
19.5943050384521,0
21.7329578399658,0
22.8999977111816,0
23.0527191162109,0
22.9955902099609,0
22.8965263366699,0
21.3483867645264,0
18.021463394165,0
15.7711610794067,0
17.1078300476074,0
19.5559425354004,0
18.1652278900146,0
12.5374364852905,0
7.57570314407349,0
6.52443838119507,0
6.97433376312256,0
5.38473224639893,0
2.2890932559967,0
0.641707360744476,0
1.43399000167847,0
3.56103920936584,0
6.38652276992798,0
9.90573406219482,0
13.3569402694702,0
15.8354463577271,0
17.6337585449219,0
19.2965774536133,0
20.1596622467041,0
19.4800395965576,0
18.1940898895264,0
17.8286647796631,0
18.3342247009277,0
18.6264820098877,0
18.5698528289795,0
18.6936721801758,0
18.5899429321289,0
17.4980812072754,0
16.091833114624,0
15.7911787033081,0
16.4740085601807,0
16.6730766296387,0
15.9773588180542,0
15.4482650756836,0
15.5189561843872,0
15.1337575912476,0
13.2816781997681,0
10.0966672897339,0
6.34543180465698,0
2.93891191482544,0
0.565542340278625,0
-1.58728933334351,0
-5.96491765975952,0
-13.3590908050537,0
-20.1581802368164,0
-21.7967529296875,0
-18.8616371154785,0
-16.3568706512451,0
-16.3417415618896,0
-15.3058547973633,0
-10.6276082992554,0
-5.4833722114563,0
-3.93604445457458,0
-4.46157789230347,0
-2.9354841709137,0
-0.0553526803851128,0
-0.58086621761322,0
-5.58181428909302,0
-10.5012512207031,0
-11.8793973922729,0
-11.5778951644897,0
-12.5288610458374,0
-14.1167917251587,0
-14.3711643218994,0
-13.8208208084106,0
-14.1556539535522,0
-14.9650144577026,0
-14.7604360580444,0
-14.0908870697021,0
-14.8772449493408,0
-17.1265602111816,0
-18.6417407989502,0
-17.9446926116943,0
-15.7141885757446,0
-13.3276786804199,0
-11.4194221496582,0
-9.92605209350586,0
-8.46602916717529,0
-6.68090438842773,0
-4.871901512146,0
-3.87419414520264,0
-3.68945932388306,0
-3.09415626525879,0
-1.4878568649292,0
-0.106265150010586,0
-0.178729146718979,0
-0.894742429256439,0
-0.780454635620117,0
-0.316895067691803,0
-1.35043501853943,0
-4.20754623413086,0
-7.12121534347534,0
-8.56330680847168,0
-8.77414894104004,0
-8.94749927520752,0
-10.1002216339111,0
-12.744026184082,0
-16.5333938598633,0
-20.1081447601318,0
-22.0937385559082,0
-22.2789821624756,0
-21.4261817932129,0
-20.5357818603516,0
-20.8426628112793,0
-23.4425716400146,0
-27.8636226654053,0
-32.0880928039551,0
-35.2224922180176,0
-38.8376083374023,0
-44.0042839050293,0
-48.4938468933105,0
-49.4136085510254,0
-47.5895004272461,0
-46.3322677612305,0
-46.2778053283691,0
-44.8064308166504,0
-40.9913291931152,0
-37.697624206543,0
-37.2819671630859,0
-37.9798774719238,0
-36.6300849914551,0
-33.0146064758301,0
-29.2678356170654,0
-26.3132057189941,0
-23.2156715393066,0
-19.426118850708,0
-15.3478021621704,0
-10.4656219482422,0
-2.91311097145081,0
7.90160465240479,0
19.1799335479736,0
26.7999153137207,0
29.8065605163574,0
31.6292152404785,0
35.6644973754883,0
40.4306335449219,0
41.2043647766113,0
36.6780166625977,0
31.3918132781982,0
30.0005264282227,0
31.4459133148193,0
31.4019718170166,0
28.7414398193359,0
26.1185092926025,0
24.9440479278564,0
23.7144184112549,0
21.7118797302246,0
20.5977382659912,0
21.0095825195312,0
20.8160934448242,0
18.5586547851562,0
15.8446941375732,0
14.2578659057617,0
12.4657640457153,0
8.9510498046875,0
5.47165107727051,0
4.79400968551636,0
6.40118169784546,0
7.51573467254639,0
7.52004146575928,0
8.28957462310791,0
10.4672040939331,0
12.4044332504272,0
13.0423784255981,0
13.1683073043823,0
13.2478122711182,0
12.3889274597168,0
10.229585647583,0
7.74899339675903,0
5.37218284606934,0
2.26154732704163,0
-1.59029054641724,0
-4.56228065490723,0
-5.84482288360596,0
-6.78174686431885,0
-8.48761940002441,0
-10.0485134124756,0
-10.619083404541,0
-11.2257595062256,0
-12.3786811828613,0
-11.9230346679688,0
-8.17397117614746,0
-3.66474843025208,0
-2.23800563812256,0
-3.18193078041077,0
-2.20523881912231,0
1.68540275096893,0
4.55156135559082,0
3.96935439109802,0
2.93097710609436,0
4.82022714614868,0
7.95956516265869,0
8.59034538269043,0
6.86772584915161,0
6.0010461807251,0
6.73452997207642,0
6.61831855773926,0
4.51088953018188,0
2.24127268791199,0
1.2987722158432,0
0.818406581878662,0
-0.368257522583008,0
-2.20038318634033,0
-4.78646516799927,0
-8.98165416717529,0
-14.3429155349731,0
-18.4685363769531,0
-19.8521289825439,0
-20.0203895568848,0
-21.4944000244141,0
-24.6783199310303,0
-27.9458961486816,0
-29.9094944000244,0
-30.4503898620605,0
-30.1687259674072,0
-29.9073123931885,0
-30.4898624420166,0
-32.1566848754883,0
-34.4702339172363,0
-37.1487236022949,0
-40.4886360168457,0
-44.4835662841797,0
-47.9765129089355,0
-49.2406158447266,0
-47.3027153015137,0
-42.5776672363281,0
-36.4358787536621,0
-30.1182537078857,0
-23.8399295806885,0
-17.2809219360352,0
-11.2571611404419,0
-7.9279408454895,0
-8.08230686187744,0
-8.89545059204102,0
-6.3070216178894,0
0.231584891676903,0
7.1559910774231,0
11.3196582794189,0
13.2468175888062,0
15.0543813705444,0
17.1562061309814,0
18.7766418457031,0
20.3650074005127,0
23.2029933929443,0
26.8513431549072,0
28.9069519042969,0
27.6879730224609,0
23.9019603729248,0
19.3415641784668,0
15.1433773040771,0
11.8803024291992,0
10.1794567108154,0
10.0528211593628,0
10.0787048339844,0
8.53161525726318,0
5.61498165130615,0
3.67549586296082,0
4.51832628250122,0
6.93959283828735,0
7.74982357025146,0
5.29074621200562,0
1.23213565349579,0
-1.45312011241913,0
-1.73608005046844,0
-1.14908409118652,0
-1.43144488334656,0
-2.41518950462341,0
-2.70441079139709,0
-2.02868270874023,0
-2.01132202148438,0
-4.07106876373291,0
-7.07542419433594,0
-8.2003755569458,0
-6.35044193267822,0
-3.50757503509521,0
-1.82647848129272,0
-0.616565942764282,0
2.11512589454651,0
5.9653787612915,0
8.48020935058594,0
9.35881233215332,0
11.609790802002,0
17.2692031860352,0
24.2731800079346,0
29.504674911499,0
33.0848350524902,0
37.1677131652832,0
41.7933502197266,0
44.9586524963379,0
46.4330520629883,0
48.3959045410156,0
51.6505737304688,0
53.8939552307129,0
53.1217918395996,0
50.7852478027344,0
49.8307723999023,0
50.7630233764648,0
51.3702659606934,0
49.9490852355957,0
47.4594917297363,0
46.3548698425293,0
47.9058418273926,0
50.782829284668,0
52.1948280334473,0
50.6628456115723,0
47.5124549865723,0
44.9633102416992,0
42.9067993164062,0
38.7949714660645,0
31.1382007598877,0
21.9047813415527,0
14.5114488601685,0
10.2123422622681,0
7.50797510147095,0
4.61430931091309,0
1.33794689178467,0
-1.44908452033997,0
-3.13283705711365,0
-3.72408175468445,0
-3.47686958312988,0
-2.6586594581604,0
-1.55614304542542,0
-0.342197746038437,0
1.09277641773224,0
2.8464367389679,0
4.35634994506836,0
4.51766872406006,0
3.16170167922974,0
2.1505081653595,0
3.71854639053345,0
7.38698577880859,0
10.1133890151978,0
10.6357860565186,0
11.9911375045776,0
17.4617748260498,0
25.0812225341797,0
29.3262405395508,0
28.4282398223877,0
26.7074298858643,0
28.409200668335,0
32.3427848815918,0
34.8808059692383,0
35.620288848877,0
36.8397979736328,0
38.9987411499023,0
40.4420433044434,0
40.9822540283203,0
42.1793937683105,0
43.9002227783203,0
44.0437355041504,0
42.4325523376465,0
41.6299781799316,0
42.5483627319336,0
42.5646629333496,0
40.2238883972168,0
38.7885208129883,0
41.7180557250977,0
46.5328788757324,0
47.2342376708984,0
42.4814682006836,0
37.5258865356445,0
37.0960655212402,0
39.5835914611816,0
40.238597869873,0
37.835807800293,0
35.3578147888184,0
34.8150100708008,0
34.2677192687988,0
30.974157333374,0
25.7259330749512,0
22.2135047912598,0
22.3820457458496,0
24.1178588867188,0
24.2841281890869,0
22.8332538604736,0
22.3948078155518,0
24.176586151123,0
26.148624420166,0
25.9867362976074,0
24.3175525665283,0
23.6030597686768,0
24.5180034637451,0
25.0454063415527,0
23.1855735778809,0
19.1701927185059,0
14.5298948287964,0
10.1701049804688,0
6.37940692901611,0
4.04182767868042,0
4.33409738540649,0
6.76583623886108,0
8.49316692352295,0
6.67872095108032,0
1.56079030036926,0
-3.58220291137695,0
-5.81137084960938,0
-5.2477502822876,0
-3.98245096206665,0
-3.08331084251404,0
-1.95373558998108,0
-0.594494938850403,0
-0.931089460849762,0
-4.77434062957764,0
-11.1109828948975,0
-16.650857925415,0
-19.0898971557617,0
-18.9435386657715,0
-18.0546131134033,0
-17.3261165618896,0
-16.5583629608154,0
-15.7269811630249,0
-15.2359647750854,0
-14.9078187942505,0
-13.8134717941284,0
-11.7304258346558,0
-10.0651111602783,0
-10.2543210983276,0
-11.3421993255615,0
-10.4093837738037,0
-6.11957883834839,0
-0.856891274452209,0
1.98302209377289,0
2.36227536201477,0
3.57320976257324,0
7.73162508010864,0
13.2678880691528,0
17.8062992095947,0
21.531099319458,0
25.839427947998,0
30.2114219665527,0
33.0139465332031,0
34.6313133239746,0
36.8700637817383,0
39.2625465393066,0
39.0043716430664,0
35.4160957336426,0
31.7562503814697,0
31.1927928924561,0
33.1712913513184,0
35.3244590759277,0
37.0126724243164,0
39.1001129150391,0
41.5899047851562,0
43.233325958252,0
42.7777366638184,0
39.8273048400879,0
35.5909652709961,0
32.9422073364258,0
33.6484146118164,0
35.3411064147949,0
34.3213119506836,0
31.9922370910645,0
34.2010040283203,0
42.1888046264648,0
49.0803451538086,0
49.259880065918,0
46.7815475463867,0
48.9336471557617,0
54.8994064331055,0
57.7167282104492,0
55.6417388916016,0
53.8271598815918,0
54.5779724121094,0
53.7393531799316,0
48.950138092041,0
44.4682273864746,0
43.9796180725098,0
44.3019409179688,0
41.0235061645508,0
36.0731544494629,0
34.2166748046875,0
34.7685432434082,0
32.4467430114746,0
25.4418830871582,0
17.5642395019531,0
12.2040977478027,0
8.43607425689697,0
4.11661911010742,0
-0.571000039577484,0
-4.30421686172485,0
-7.08639621734619,0
-9.80594730377197,0
-12.5043725967407,0
-14.3338413238525,0
-14.717432975769,0
-14.0153980255127,0
-13.4935579299927,0
-14.6017808914185,0
-17.4436016082764,0
-20.0532703399658,0
-20.3726997375488,0
-19.0990676879883,0
-19.2435913085938,0
-22.3436851501465,0
-26.3874931335449,0
-28.4024829864502,0
-28.0324535369873,0
-27.2175197601318,0
-26.9103507995605,0
-25.7307243347168,0
-22.1641426086426,0
-16.8894233703613,0
-12.2062377929688,0
-9.80526924133301,0
-9.78373432159424,0
-11.3197050094604,0
-13.2830238342285,0
-14.2066516876221,0
-12.8373184204102,0
-9.57264137268066,0
-6.90455007553101,0
-7.48513269424438,0
-11.5965747833252,0
-17.0675601959229,0
-21.7239017486572,0
-25.2358493804932,0
-28.3405494689941,0
-31.1217346191406,0
-32.8728446960449,0
-33.2970428466797,0
-33.0374565124512,0
-33.0375213623047,0
-33.8518486022949,0
-35.3713493347168,0
-36.6319961547852,0
-36.1214218139648,0
-33.0422248840332,0
-28.2293853759766,0
-23.1633415222168,0
-18.2948036193848,0
-13.2287282943726,0
-8.2533016204834,0
-4.23627901077271,0
-0.843121230602264,0
3.4575252532959,0
8.83117961883545,0
13.069748878479,0
14.3871335983276,0
13.9237852096558,0
13.8814001083374,0
14.2349462509155,0
13.3145484924316,0
11.0070838928223,0
8.96602344512939,0
7.57303476333618,0
5.18416166305542,0
1.21649515628815,0
-2.30090475082397,0
-3.71094179153442,0
-4.33379364013672,0
-6.07802295684814,0
-7.89934682846069,0
-7.24234771728516,0
-4.43227767944336,0
-2.83236455917358,0
-4.23685550689697,0
-6.62055969238281,0
-7.52679634094238,0
-7.53389263153076,0
-8.71096420288086,0
-11.2363786697388,0
-13.5623941421509,0
-15.0173139572144,0
-16.2541236877441,0
-17.5566940307617,0
-18.4947700500488,0
-19.0076446533203,0
-19.1927509307861,0
-18.3892841339111,0
-16.3687973022461,0
-15.1090831756592,0
-16.9450664520264,0
-20.7138843536377,0
-22.4192314147949,0
-20.6851921081543,0
-18.9096412658691,0
-20.3322677612305,0
-23.3834266662598,0
-24.3806991577148,0
-23.0095176696777,0
-22.025821685791,0
-22.378589630127,0
-21.9892425537109,0
-19.7500858306885,0
-17.8165740966797,0
-18.5633869171143,0
-21.1629772186279,0
-22.8150177001953,0
-22.4076519012451,0
-21.5141544342041,0
-22.0381832122803,0
-23.8937606811523,0
-25.1575775146484,0
-24.085729598999,0
-20.8399314880371,0
-17.2214126586914,0
-14.6130142211914,0
-12.3775930404663,0
-8.70522403717041,0
-3.00016641616821,0
3.11440920829773,0
7.42480087280273,0
9.44429397583008,0
10.7586832046509,0
13.0687036514282,0
16.1426029205322,0
18.0141658782959,0
17.2951965332031,0
14.9110956192017,0
13.0757942199707,0
12.7421798706055,0
12.7261695861816,0
11.3611583709717,0
8.2712345123291,0
4.3408784866333,0
0.790748476982117,0
-1.31340038776398,0
-1.57721376419067,0
-1.08044028282166,0
-1.83058381080627,0
-4.27736806869507,0
-5.95230913162231,0
-4.09473133087158,0
0.443911045789719,0
3.63368821144104,0
3.23747706413269,0
1.76988935470581,0
3.14761590957642,0
7.54749488830566,0
11.610330581665,0
13.4053201675415,0
14.7954425811768,0
18.0687084197998,0
22.327579498291,0
24.9799041748047,0
25.4749965667725,0
25.3866271972656,0
25.4062442779541,0
24.6042537689209,0
22.7564163208008,0
21.11106300354,0
20.2067489624023,0
19.0915374755859,0
17.8466281890869,0
18.8507232666016,0
23.6877861022949,0
30.1519203186035,0
34.3500862121582,0
35.0266075134277,0
33.9930152893066,0
32.9986457824707,0
32.3305206298828,0
32.2882308959961,0
33.7313041687012,0
36.5024452209473,0
38.9146957397461,0
39.5797233581543,0
38.7036781311035,0
37.1134757995605,0
34.993350982666,0
31.9813003540039,0
27.6693115234375,0
21.8591136932373,0
15.255392074585,0
9.81493282318115,0
7.06128358840942,0
5.95987176895142,0
4.01786947250366,0
0.775193750858307,0
-1.59430730342865,0
-1.79288375377655,0
-1.49716079235077,0
-2.60489773750305,0
-4.0925464630127,0
-3.54353904724121,0
-0.833407640457153,0
1.6723518371582,0
2.24167656898499,0
1.41445195674896,0
0.524157285690308,0
-0.0427776761353016,0
-0.803605675697327,0
-2.22127223014832,0
-4.06594371795654,0
-5.46382236480713,0
-5.74420785903931,0
-5.33795976638794,0
-5.3002290725708,0
-5.97662591934204,0
-7.23961639404297,0
-10.0967321395874,0
-16.1021671295166,0
-24.1102886199951,0
-29.5544891357422,0
-28.9593105316162,0
-24.0489368438721,0
-19.4494209289551,0
-17.3218383789062,0
-16.4438018798828,0
-15.7269201278687,0
-15.7850484848022,0
-16.7872524261475,0
-17.196662902832,0
-15.5192060470581,0
-11.8428363800049,0
-7.26642036437988,0
-3.20387387275696,0
-1.29683196544647,0
-2.20474314689636,0
-4.12912034988403,0
-4.30085754394531,0
-2.39096307754517,0
-0.7510786652565,0
-0.986838102340698,0
-2.46346306800842,0
-4.81821489334106,0
-9.29061412811279,0
-16.0051803588867,0
-22.3988800048828,0
-26.6827907562256,0
-30.9358520507812,0
-37.9498291015625,0
-46.4051208496094,0
-52.4148559570312,0
-55.0755882263184,0
-56.8980407714844,0
-58.8339462280273,0
-58.9131393432617,0
-56.8272361755371,0
-55.7089958190918,0
-56.8985900878906,0
-56.4724273681641,0
-50.6017379760742,0
-41.9345550537109,0
-36.4076690673828,0
-35.0407295227051,0
-33.4718284606934,0
-29.363805770874,0
-25.3567485809326,0
-23.4362926483154,0
-20.9621868133545,0
-15.0745325088501,0
-7.77887058258057,0
-3.33946299552917,0
-2.62818813323975,0
-3.16632199287415,0
-3.359046459198,0
-3.61917495727539,0
-4.1430811882019,0
-4.54796600341797,0
-5.4364595413208,0
-7.70952463150024,0
-10.3951463699341,0
-11.5634965896606,0
-11.4437675476074,0
-12.2515563964844,0
-14.6167688369751,0
-16.4737281799316,0
-16.1082420349121,0
-14.2670116424561,0
-12.5004692077637,0
-11.2748537063599,0
-10.5959234237671,0
-10.8276023864746,0
-11.9146165847778,0
-13.1793565750122,0
-14.6843795776367,0
-17.3694305419922,0
-21.0984420776367,0
-24.211784362793,0
-25.9998874664307,0
-27.9285259246826,0
-31.1380996704102,0
-34.4225463867188,0
-36.3733139038086,0
-38.007194519043,0
-41.1280708312988,0
-45.1529998779297,0
-47.9622955322266,0
-49.3735771179199,0
-51.2968521118164,0
-54.3614234924316,0
-56.6786499023438,0
-56.5426483154297,0
-54.5168685913086,0
-52.1464996337891,0
-50.2487907409668,0
-49.3208808898926,0
-50.0834274291992,0
-52.3507995605469,0
-54.3663291931152,0
-54.538013458252,0
-53.3525848388672,0
-52.6731491088867,0
-53.5940132141113,0
-55.7470779418945,0
-58.221019744873,0
-60.2818565368652,0
-61.4539680480957,0
-61.6751861572266,0
-61.2721557617188,0
-60.2343406677246,0
-57.7760162353516,0
-53.3601150512695,0
-48.1039237976074,0
-44.3386459350586,0
-43.3269195556641,0
-43.7983741760254,0
-43.2743530273438,0
-40.8325080871582,0
-38.0690956115723,0
-37.0096855163574,0
-37.5169715881348,0
-37.6013031005859,0
-36.2798690795898,0
-34.9650421142578,0
-35.3051528930664,0
-36.6390533447266,0
-36.9273872375488,0
-35.8263359069824,0
-35.351978302002,0
-37.2185287475586,0
-40.6326599121094,0
-43.2373428344727,0
-43.543830871582,0
-42.0180168151855,0
-40.2515258789062,0
-39.3801345825195,0
-39.1142349243164,0
-38.3808746337891,0
-37.0422592163086,0
-36.3048477172852,0
-36.7902641296387,0
-37.0814781188965,0
-35.4800071716309,0
-32.5956192016602,0
-30.5239391326904,0
-29.7358627319336,0
-28.739444732666,0
-27.038459777832,0
-26.3817539215088,0
-28.1969375610352,0
-31.3542308807373,0
-33.5711631774902,0
-34.0043334960938,0
-33.5537300109863,0
-33.3644943237305,0
-33.7049446105957,0
-33.8685188293457,0
-33.082935333252,0
-31.997652053833,0
-32.5499839782715,0
-35.112133026123,0
-36.8502731323242,0
-35.2137107849121,0
-32.1981773376465,0
-31.9119186401367,0
-34.2442893981934,0
-35.1192588806152,0
-33.6718559265137,0
-34.1793060302734,0
-38.4679985046387,0
-41.2547416687012,0
-37.2448692321777,0
-29.2954387664795,0
-24.5591468811035,0
-24.8755493164062,0
-26.1321563720703,0
-25.5045948028564,0
-23.6854801177979,0
-20.5158042907715,0
-14.3744096755981,0
-6.89125061035156,0
-2.95663094520569,0
-4.04502964019775,0
-5.79169797897339,0
-4.3689923286438,0
-1.51386439800262,0
-0.860290110111237,0
-2.7225604057312,0
-5.30022239685059,0
-8.17012214660645,0
-11.4917287826538,0
-13.8522567749023,0
-13.8665971755981,0
-12.4519805908203,0
-11.1058988571167,0
-9.47703838348389,0
-6.98637008666992,0
-5.21837043762207,0
-6.07970190048218,0
-8.86654186248779,0
-11.6206960678101,0
-14.0533027648926,0
-16.5622940063477,0
-17.8815841674805,0
-16.9324913024902,0
-15.951099395752,0
-18.1671619415283,0
-22.7327537536621,0
-25.5581436157227,0
-25.334077835083,0
-25.093864440918,0
-27.0639057159424,0
-29.5535736083984,0
-30.3951053619385,0
-30.1192035675049,0
-29.507345199585,0
-26.8102798461914,0
-20.3645534515381,0
-12.241756439209,0
-6.25320863723755,0
-3.13466882705688,0
-0.446903496980667,0
3.09668111801147,0
5.94108057022095,0
6.70190477371216,0
6.45207834243774,0
6.91784524917603,0
8.1119441986084,0
9.11108589172363,0
10.0305109024048,0
11.6875314712524,0
13.8278427124023,0
15.168309211731,0
15.2193775177002,0
14.8792638778687,0
15.030800819397,0
15.6635961532593,0
16.7159385681152,0
18.4665679931641,0
20.2042217254639,0
19.7499465942383,0
15.8913764953613,0
10.6343002319336,0
7.1611967086792,0
5.69009017944336,0
3.46390008926392,0
-0.649874210357666,0
-3.79616403579712,0
-2.83325147628784,0
1.30907607078552,0
5.05096960067749,0
7.03803968429565,0
9.33201599121094,0
13.8022527694702,0
19.3541202545166,0
23.3183155059814,0
24.176233291626,0
22.32493019104,0
19.3691158294678,0
17.3392486572266,0
17.4937210083008,0
18.9507389068604,0
19.2197647094727,0
16.8626823425293,0
12.9011154174805,0
8.84060287475586,0
4.39455699920654,0
-1.34578537940979,0
-7.26618242263794,0
-10.9621696472168,0
-12.3106603622437,0
-14.1052665710449,0
-18.1399345397949,0
-22.6495838165283,0
-25.3275165557861,0
-27.2274150848389,0
-31.2410774230957,0
-37.610954284668,0
-43.7117767333984,0
-48.1097869873047,0
-51.9994087219238,0
-56.2118186950684,0
-59.7691040039062,0
-62.5626983642578,0
-66.6170272827148,0
-72.7598037719727,0
-78.3744659423828,0
-80.7789306640625,0
-80.9637145996094,0
-81.505012512207,0
-82.4656372070312,0
-82.2709808349609,0
-81.3973388671875,0
-81.9332427978516,0
-84.0154800415039,0
-85.8191452026367,0
-86.8992385864258,0
-88.458610534668,0
-90.196647644043,0
-90.0878753662109,0
-87.9373474121094,0
-86.1488265991211,0
-85.9306335449219,0
-85.5107574462891,0
-83.3946075439453,0
-80.6954650878906,0
-78.478401184082,0
-75.1686248779297,0
-68.8071594238281,0
-60.1689910888672,0
-51.4678421020508,0
-43.3235778808594,0
-35.1979675292969,0
-27.7031173706055,0
-22.0134296417236,0
-17.5162887573242,0
-12.5019407272339,0
-7.28705978393555,0
-4.40323209762573,0
-4.93107318878174,0
-6.38549518585205,0
-5.46145963668823,0
-1.91357481479645,0
1.5088267326355,0
2.55752897262573,0
1.76292622089386,0
1.15687870979309,0
1.75045573711395,0
2.95987820625305,0
4.03775882720947,0
5.09547233581543,0
6.48731422424316,0
7.91540050506592,0
8.78928089141846,0
9.24510955810547,0
10.2084999084473,0
12.3116188049316,0
15.0406684875488,0
17.169038772583,0
18.0391464233398,0
18.2652969360352,0
18.8744716644287,0
19.7219104766846,0
19.3772106170654,0
17.088550567627,0
14.1930742263794,0
12.5374279022217,0
11.9268932342529,0
10.5913419723511,0
8.14795398712158,0
6.33800029754639,0
6.20127487182617,0
6.20567178726196,0
4.43102121353149,0
1.40172719955444,0
-0.768275201320648,0
-1.38079607486725,0
-1.80824112892151,0
-3.34970641136169,0
-5.75425481796265,0
-8.1622486114502,0
-10.6875858306885,0
-14.5000162124634,0
-20.3278293609619,0
-27.0525875091553,0
-32.2935905456543,0
-34.8646011352539,0
-36.1119346618652,0
-37.8985290527344,0
-39.8965644836426,0
-40.4784507751465,0
-39.873462677002,0
-40.0600090026855,0
-41.1364440917969,0
-40.4689254760742,0
-36.7865982055664,0
-32.7098922729492,0
-31.2006568908691,0
-31.4888458251953,0
-30.9522132873535,0
-29.3899612426758,0
-28.4387607574463,0
-27.7075996398926,0
-24.8419322967529,0
-19.4900588989258,0
-14.1661434173584,0
-10.470892906189,0
-7.05620765686035,0
-2.36423707008362,0
2.98257327079773,0
8.00427627563477,0
13.6028232574463,0
21.0415058135986,0
29.4277496337891,0
36.7053756713867,0
42.5216178894043,0
48.2099723815918,0
54.0829238891602,0
58.5764045715332,0
60.5405654907227,0
60.9217414855957,0
61.3218727111816,0
61.9507179260254,0
62.1732940673828,0
62.4584007263184,0
64.2295455932617,0
67.5355529785156,0
70.1988220214844,0
70.1498870849609,0
67.8077926635742,0
65.1677780151367,0
63.1740913391113,0
61.2745552062988,0
59.1866111755371,0
57.4399642944336,0
55.9694557189941,0
53.8514747619629,0
51.1290130615234,0
49.3758659362793,0
49.4644546508789,0
50.221076965332,0
50.5639038085938,0
51.4530868530273,0
53.8245124816895,0
55.8874320983887,0
55.1759490966797,0
52.8710784912109,0
53.082691192627,0
57.1386680603027,0
61.1833152770996,0
60.8733367919922,0
56.5623626708984,0
52.2056045532227,0
50.5282974243164,0
50.9925155639648,0
51.5966758728027,0
51.0008163452148,0
49.3419952392578,0
48.2419204711914,0
49.5740623474121,0
53.1952133178711,0
56.5369720458984,0
57.4903717041016,0
56.9035530090332,0
57.0614776611328,0
58.677173614502,0
60.9230079650879,0
63.4705047607422,0
66.4411468505859,0
68.84326171875,0
69.3021087646484,0
68.417854309082,0
68.4702835083008,0
70.6043930053711,0
74.0452880859375,0
78.0852432250977,0
82.7650451660156,0
87.3392105102539,0
90.3979568481445,0
92.3308944702148,0
95.5102233886719,0
100.796989440918,0
105.704460144043,0
107.50984954834,0
106.696907043457,0
105.671661376953,0
105.219955444336,0
104.14070892334,0
102.001823425293,0
100.617584228516,0
102.401206970215,0
107.816413879395,0
114.562370300293,0
119.28589630127,0
120.55485534668,0
120.120796203613,0
120.592918395996,0
122.107078552246,0
122.473907470703,0
120.572380065918,0
118.040451049805,0
117.156135559082,0
118.436820983887,0
120.889190673828,0
123.323974609375,0
124.882308959961,0
125.575149536133,0
126.732566833496,0
129.399032592773,0
131.946166992188,0
131.384796142578,0
127.864280700684,0
125.428764343262,0
126.699996948242,0
129.072158813477,0
128.358200073242,0
124.197425842285,0
119.102874755859,0
113.79035949707,0
106.923164367676,0
98.8419876098633,0
91.9730758666992,0
87.191650390625,0
82.8560791015625,0
78.1416702270508,0
74.4713134765625,0
72.5863647460938,0
70.8890380859375,0
68.1760635375977,0
65.6247482299805,0
64.2528686523438,0
62.5499992370605,0
58.8805274963379,0
54.5431213378906,0
51.8311538696289,0
50.095832824707,0
46.4420738220215,0
39.9786720275879,0
32.9233665466309,0
27.4716625213623,0
23.8086643218994,0
21.4745426177979,0
20.5167675018311,0
20.6141319274902,0
20.8903751373291,0
21.404224395752,0
23.2403221130371,0
26.3101997375488,0
28.675464630127,0
29.1961288452148,0
29.4719524383545,0
31.7258892059326,0
35.695426940918,0
39.0728569030762,0
40.445426940918,0
40.3863220214844,0
39.8732414245605,0
38.9543380737305,0
37.2081184387207,0
34.6807022094727,0
32.0543441772461,0
30.23317527771,0
29.7355003356934,0
30.171594619751,0
30.476505279541,0
30.0068550109863,0
29.2255249023438,0
28.9747047424316,0
29.3302707672119,0
29.6241779327393,0
29.4708518981934,0
29.323917388916,0
29.9560985565186,0
31.6675758361816,0
34.1737861633301,0
37.1930694580078,0
40.8139114379883,0
44.8550720214844,0
48.0080146789551,0
48.5734481811523,0
46.5786170959473,0
44.2203521728516,0
43.2141075134277,0
42.5886497497559,0
40.5636596679688,0
37.7636260986328,0
36.2958526611328,0
35.8694725036621,0
33.7438049316406,0
29.4670486450195,0
26.762544631958,0
28.4994487762451,0
31.8915939331055,0
31.6493034362793,0
26.9244556427002,0
22.1001663208008,0
20.8218612670898,0
22.2559337615967,0
24.0273132324219,0
26.0351123809814,0
29.384593963623,0
33.2640609741211,0
35.334903717041,0
34.8285369873047,0
33.2581939697266,0
31.8766651153564,0
30.1984539031982,0
27.8413600921631,0
26.3873100280762,0
27.8557968139648,0
31.8268451690674,0
35.6601448059082,0
37.7059631347656,0
38.8237953186035,0
40.1562843322754,0
40.9615707397461,0
40.0466918945312,0
38.3046455383301,0
37.9478530883789,0
39.4930038452148,0
41.2390785217285,0
41.721752166748,0
40.919017791748,0
38.9012031555176,0
35.4372215270996,0
31.6408424377441,0
29.6589756011963,0
29.1565341949463,0
26.2098350524902,0
18.1171970367432,0
7.96890258789062,0
1.63868832588196,0
0.844222664833069,0
2.12823295593262,0
2.65586161613464,0
3.66068458557129,0
7.04194307327271,0
11.7100391387939,0
15.6293134689331,0
19.2836112976074,0
24.2810192108154,0
29.8275814056396,0
33.6347198486328,0
35.8038597106934,0
38.6270713806152,0
42.2059936523438,0
43.4520683288574,0
40.8051986694336,0
37.241569519043,0
36.367561340332,0
37.3766326904297,0
36.5442657470703,0
32.7865219116211,0
28.960412979126,0
27.6806182861328,0
28.3582534790039,0
29.0055389404297,0
28.7981071472168,0
27.6610813140869,0
25.0344352722168,0
20.7913455963135,0
16.5211162567139,0
14.1041402816772,0
13.047607421875,0
10.64439868927,0
5.21312713623047,0
-1.74543917179108,0
-7.19868278503418,0
-9.75939655303955,0
-10.4942951202393,0
-10.9714050292969,0
-11.616907119751,0
-12.2728462219238,0
-13.1812515258789,0
-14.2003126144409,0
-13.584361076355,0
-9.20815372467041,0
-1.4000084400177,0
6.77085590362549,0
12.7184553146362,0
16.6952857971191,0
20.1231842041016,0
22.8993511199951,0
23.8108406066895,0
22.7841491699219,0
21.1485614776611,0
20.1236782073975,0
20.3722248077393,0
22.3335876464844,0
25.3020153045654,0
26.8525085449219,0
25.3791046142578,0
22.9257488250732,0
23.059720993042,0
25.8807220458984,0
27.9081287384033,0
27.4725322723389,0
27.0513572692871,0
28.7094058990479,0
30.2854270935059,0
28.7462596893311,0
25.0312614440918,0
22.3344402313232,0
21.0241966247559,0
18.8210601806641,0
15.4831495285034,0
13.6591024398804,0
14.5092515945435,0
15.5881061553955,0
14.3071260452271,0
11.0945014953613,0
7.71953964233398,0
4.52821493148804,0
1.06647789478302,0
-2.0595543384552,0
-3.86615300178528,0
-4.77124691009521,0
-6.1014518737793,0
-8.22579956054688,0
-10.3833303451538,0
-11.9508457183838,0
-12.7650318145752,0
-12.5951490402222,0
-11.5061674118042,0
-10.5483274459839,0
-10.879467010498,0
-12.1119718551636,0
-12.5364093780518,0
-11.1916017532349,0
-8.88354301452637,0
-6.95528841018677,0
-5.8991379737854,0
-5.57181215286255,0
-6.01886177062988,0
-7.42308902740479,0
-9.58754539489746,0
-12.0005474090576,0
-14.2365245819092,0
-15.9387407302856,0
-16.6129760742188,0
-15.7994756698608,0
-13.3556413650513,0
-9.44062328338623,0
-4.56883764266968,0
0.138610422611237,0
3.41107320785522,0
5.13619089126587,0
6.61152982711792,0
8.62317562103271,0
9.92829513549805,0
9.12060165405273,0
7.70032072067261,0
9.20608139038086,0
14.635440826416,0
20.6444644927979,0
23.5508422851562,0
23.4872913360596,0
22.9933090209961,0
23.0812702178955,0
22.9367237091064,0
22.3280353546143,0
21.5380706787109,0
19.4425106048584,0
14.6940221786499,0
9.00703144073486,0
6.27190494537354,0
7.57074213027954,0
9.69179821014404,0
9.54435253143311,0
7.40113258361816,0
4.59025764465332,0
0.918171525001526,0
-3.63898253440857,0
-7.33088493347168,0
-9.27222919464111,0
-11.559775352478,0
-15.9374952316284,0
-20.0749530792236,0
-20.3493137359619,0
-17.3330841064453,0
-15.3756294250488,0
-17.0305786132812,0
-20.510046005249,0
-22.5084438323975,0
-21.3159847259521,0
-17.3659706115723,0
-12.7267799377441,0
-9.75121212005615,0
-8.56814002990723,0
-6.79250907897949,0
-3.41886925697327,0
-1.1588077545166,0
-2.06761503219604,0
-2.82464647293091,0
1.28987288475037,0
8.62003135681152,0
12.3434562683105,0
9.83096694946289,0
5.76241397857666,0
4.41607189178467,0
3.76961779594421,0
0.170993402600288,0
-5.10618543624878,0
-7.88005971908569,0
-7.337975025177,0
-6.69642066955566,0
-8.80228042602539,0
-13.9070863723755,0
-20.8149566650391,0
-27.6079082489014,0
-31.7716121673584,0
-31.8269214630127,0
-28.794958114624,0
-24.9517498016357,0
-21.9225845336914,0
-20.824068069458,0
-22.412784576416,0
-25.2568283081055,0
-25.5523357391357,0
-21.4050178527832,0
-16.1917285919189,0
-14.8145580291748,0
-17.197244644165,0
-18.5507926940918,0
-16.1800918579102,0
-12.9025259017944,0
-12.6921253204346,0
-15.6186332702637,0
-18.8898601531982,0
-21.0115203857422,0
-22.6896648406982,0
-24.5007190704346,0
-25.8371601104736,0
-26.2374401092529,0
-26.2367763519287,0
-26.5023975372314,0
-27.1107406616211,0
-28.029052734375,0
-29.4756565093994,0
-31.3743572235107,0
-33.2209243774414,0
-35.1388206481934,0
-38.4258422851562,0
-44.0328369140625,0
-50.6648902893066,0
-55.513542175293,0
-57.2578926086426,0
-57.4336051940918,0
-58.1185150146484,0
-59.0407562255859,0
-58.2630157470703,0
-55.5711059570312,0
-53.5827522277832,0
-54.6117134094238,0
-57.5505790710449,0
-59.413932800293,0
-59.6115341186523,0
-60.7533836364746,0
-64.5195617675781,0
-68.5448989868164,0
-69.2669906616211,0
-66.9714584350586,0
-65.5882339477539,0
-67.2673797607422,0
-69.6000823974609,0
-69.4453353881836,0
-67.3449935913086,0
-65.8934783935547,0
-65.1419143676758,0
-62.6898231506348,0
-58.2642555236816,0
-55.0976066589355,0
-55.4834518432617,0
-57.2910690307617,0
-56.8169326782227,0
-53.6111335754395,0
-50.3459548950195,0
-48.716438293457,0
-47.6837921142578,0
-45.6367797851562,0
-42.2376899719238,0
-37.7373237609863,0
-32.2126617431641,0
-26.2185344696045,0
-20.7943954467773,0
-15.9553184509277,0
-10.3505277633667,0
-3.38169002532959,0
3.39383506774902,0
8.10301494598389,0
10.9061670303345,0
13.2132291793823,0
15.293625831604,0
16.2437477111816,0
15.9949159622192,0
15.7103633880615,0
16.1081581115723,0
16.8201179504395,0
17.5402431488037,0
18.3217792510986,0
18.5165576934814,0
17.1881332397461,0
15.2778472900391,0
15.5743465423584,0
19.2591533660889,0
23.9797267913818,0
27.0305728912354,0
29.2943878173828,0
33.9347381591797,0
41.749153137207,0
50.1256103515625,0
56.7601051330566,0
62.1766815185547,0
67.6784973144531,0
72.6448669433594,0
75.3616256713867,0
75.489875793457,0
74.2304382324219,0
72.6442108154297,0
71.2808837890625,0
71.1984481811523,0
73.6829223632812,0
78.3618087768555,0
82.6083526611328,0
83.6256713867188,0
80.8266525268555,0
75.87353515625,0
70.8417358398438,0
66.6316680908203,0
62.5768394470215,0
57.0550231933594,0
48.9485168457031,0
39.2133750915527,0
30.7131423950195,0
25.6157855987549,0
22.9094085693359,0
19.3834190368652,0
13.4751958847046,0
7.37997531890869,0
4.53022861480713,0
5.33842468261719,0
6.48295307159424,0
4.65695953369141,0
0.128836750984192,0
-4.08675909042358,0
-5.92973279953003,0
-6.10506582260132,0
-6.48169374465942,0
-8.06153202056885,0
-10.8797788619995,0
-14.5562076568604,0
-18.0038738250732,0
-19.5965270996094,0
-18.7799816131592,0
-16.7883472442627,0
-14.6957921981812,0
-11.7824325561523,0
-7.40001392364502,0
-3.38276219367981,0
-2.22198891639709,0
-3.3435583114624,0
-3.96115684509277,0
-3.6244330406189,0
-4.71248912811279,0
-7.6685094833374,0
-9.31864929199219,0
-7.90402889251709,0
-6.62607145309448,0
-9.32803440093994,0
-15.0547342300415,0
-20.0702819824219,0
-23.2717437744141,0
-25.9762229919434,0
-27.8963298797607,0
-27.6033554077148,0
-26.397087097168,0
-27.2819328308105,0
-29.7250099182129,0
-29.6320114135742,0
-25.5692348480225,0
-21.0644416809082,0
-19.1698684692383,0
-18.5163860321045,0
-16.9068489074707,0
-15.2411956787109,0
-14.9674081802368,0
-14.6734342575073,0
-12.6625490188599,0
-10.502462387085,0
-10.1710538864136,0
-9.48723220825195,0
-4.70745944976807,0
3.16722679138184,0
9.02431678771973,0
10.5814666748047,0
10.5790424346924,0
11.5025215148926,0
12.2802104949951,0
11.6579780578613,0
10.9847297668457,0
11.3176965713501,0
10.8825492858887,0
8.1610279083252,0
5.06579637527466,0
4.10562133789062,0
4.29604864120483,0
2.98121500015259,0
0.307926148176193,0
-1.33312165737152,0
-1.3741888999939,0
-1.22695446014404,0
-0.799509823322296,0
1.68652820587158,0
6.100745677948,0
9.83724403381348,0
11.6380910873413,0
13.050407409668,0
14.8772144317627,0
14.9151086807251,0
11.1052865982056,0
5.06321716308594,0
0.613729953765869,0
-0.0760520249605179,0
2.24154329299927,0
5.16428899765015,0
6.1345272064209,0
4.13337898254395,0
0.984796941280365,0
-0.405011028051376,0
0.141779407858849,0
-0.024210263043642,0
-1.75095093250275,0
-2.08570194244385,0
1.08911395072937,0
5.06297397613525,0
6.00385665893555,0
4.78436470031738,0
5.53830575942993,0
9.38914775848389,0
13.2350835800171,0
14.5102577209473,0
13.7149648666382,0
12.0252237319946,0
9.71068000793457,0
7.56846952438354,0
6.8141713142395,0
6.57050848007202,0
4.41609191894531,0
0.737056016921997,0
-0.328425765037537,0
3.85182929039001,0
10.6109066009521,0
15.6019487380981,0
18.1824951171875,0
20.6493606567383,0
23.5738372802734,0
24.8998966217041,0
23.4330291748047,0
20.655029296875,0
18.4339008331299,0
16.5942420959473,0
13.6945028305054,0
9.47320175170898,0
5.71869373321533,0
4.58280849456787,0
6.12680292129517,0
7.91877126693726,0
7.60450744628906,0
5.57455968856812,0
4.1349720954895,0
4.31876993179321,0
5.09413909912109,0
5.88158273696899,0
7.79409265518188,0
11.3430185317993,0
14.7551851272583,0
16.157398223877,0
16.0160732269287,0
15.6864633560181,0
14.9024457931519,0
12.920524597168,0
11.1782684326172,0
12.1235857009888,0
15.4881601333618,0
18.1444492340088,0
18.0211086273193,0
16.1060981750488,0
14.1967897415161,0
12.792085647583,0
11.8639917373657,0
11.5718469619751,0
11.1467638015747,0
9.02356815338135,0
5.43791437149048,0
3.13133907318115,0
3.85033226013184,0
5.69451332092285,0
5.8246750831604,0
4.4516429901123,0
3.88934564590454,0
4.63975095748901,0
5.02998208999634,0
4.3632960319519,0
3.71789193153381,0
3.35868668556213,0
1.98218095302582,0
-0.606789708137512,0
-2.43642139434814,0
-2.36711311340332,0
-2.2287335395813,0
-4.25024890899658,0
-7.77778816223145,0
-10.4069061279297,0
-11.3907709121704,0
-12.0014629364014,0
-13.1039915084839,0
-14.3452281951904,0
-15.6285800933838,0
-17.539909362793,0
-19.9614582061768,0
-21.7103595733643,0
-22.0478649139404,0
-21.507719039917,0
-20.9558582305908,0
-20.875171661377,0
-21.7289142608643,0
-23.6877841949463,0
-25.5470504760742,0
-25.3484497070312,0
-22.9970226287842,0
-21.1195468902588,0
-22.2072677612305,0
-25.7413291931152,0
-29.2251720428467,0
-31.2016315460205,0
-31.9005641937256,0
-31.6419086456299,0
-30.3990097045898,0
-28.8117561340332,0
-27.8748836517334,0
-27.3283653259277,0
-25.9066696166992,0
-23.5827713012695,0
-21.9034481048584,0
-21.3545722961426,0
-20.1174221038818,0
-16.7392024993896,0
-12.5489921569824,0
-9.64575958251953,0
-7.54958438873291,0
-3.92707228660583,0
1.92992579936981,0
8.53696441650391,0
14.9313993453979,0
21.6253356933594,0
28.5536937713623,0
34.4655838012695,0
39.2972831726074,0
45.0277481079102,0
52.7936363220215,0
60.8751792907715,0
67.0602645874023,0
71.4370574951172,0
75.0721282958984,0
77.3646621704102,0
77.0260620117188,0
74.9138107299805,0
73.5196838378906,0
73.7544021606445,0
74.213020324707,0
73.6560516357422,0
72.3998184204102,0
71.1005783081055,0
69.8954925537109,0
69.0487899780273,0
68.8333358764648,0
68.37451171875,0
66.1643218994141,0
62.273494720459,0
58.6301727294922,0
56.440372467041,0
54.6343727111816,0
51.6782455444336,0
47.8094177246094,0
44.5092239379883,0
42.5038414001465,0
41.2080154418945,0
39.8031120300293,0
38.2288856506348,0
37.1458930969238,0
36.9762992858887,0
36.8429183959961,0
34.9667282104492,0
30.888219833374,0
26.8660507202148,0
25.904634475708,0
28.4482002258301,0
32.0439949035645,0
34.1263809204102,0
34.0460815429688,0
32.6724548339844,0
31.473217010498,0
31.8651142120361,0
33.8092880249023,0
34.969108581543,0
33.0382537841797,0
29.1648025512695,0
27.1624374389648,0
28.8118209838867,0
31.8821487426758,0
33.5018348693848,0
33.3791007995605,0
32.5671730041504,0
31.1483745574951,0
28.8482036590576,0
26.3484210968018,0
24.2245826721191,0
21.8757667541504,0
19.1684284210205,0
17.7583255767822,0
18.7923431396484,0
20.4612121582031,0
20.1127872467041,0
18.0756607055664,0
17.0723686218262,0
18.183650970459,0
19.6721878051758,0
19.8392200469971,0
18.9304676055908,0
17.8802013397217,0
17.0456199645996,0
16.7352275848389,0
17.4545516967773,0
19.06955909729,0
20.9366779327393,0
23.09059715271,0
25.9266109466553,0
28.5639305114746,0
29.2932281494141,0
28.1970806121826,0
27.4846038818359,0
28.1926307678223,0
28.2592430114746,0
25.4582614898682,0
21.0165996551514,0
18.3063907623291,0
18.3186340332031,0
18.3279628753662,0
15.4033737182617,0
9.80548095703125,0
4.15194368362427,0
0.262020826339722,0
-1.96594595909119,0
-2.95472836494446,0
-2.33362221717834,0
-0.223346263170242,0
1.45300209522247,0
0.602428197860718,0
-2.10403656959534,0
-3.55937147140503,0
-2.12427353858948,0
0.299953013658524,0
1.22699463367462,0
1.16790390014648,0
2.44534850120544,0
5.45069742202759,0
8.44017124176025,0
10.7264776229858,0
13.4669733047485,0
16.846752166748,0
19.0822639465332,0
19.4926700592041,0
20.3717288970947,0
23.9215145111084,0
28.8206882476807,0
31.9002361297607,0
32.2799110412598,0
31.725606918335,0
31.3700218200684,0
30.2115840911865,0
26.9992504119873,0
21.861307144165,0
15.7850255966187,0
10.0355558395386,0
6.36622190475464,0
6.01962852478027,0
7.68270683288574,0
7.91724729537964,0
4.74560499191284,0
-0.263350129127502,0
-4.43709421157837,0
-7.21921443939209,0
-9.52923393249512,0
-11.1473302841187,0
-10.973334312439,0
-9.62437534332275,0
-9.57895183563232,0
-12.1945781707764,0
-16.1458549499512,0
-19.3904209136963,0
-21.3540344238281,0
-22.67214012146,0
-24.167989730835,0
-26.7312984466553,0
-30.8146629333496,0
-35.2949485778809,0
-38.2973022460938,0
-40.0451469421387,0
-43.1838150024414,0
-48.8696212768555,0
-54.2456359863281,0
-55.8806991577148,0
-54.4272155761719,0
-53.3032341003418,0
-53.4175415039062,0
-52.0764694213867,0
-47.3883094787598,0
-41.1581420898438,0
-36.4548492431641,0
-34.2387504577637,0
-33.4712409973145,0
-32.9999504089355,0
-32.1072120666504,0
-30.2591743469238,0
-27.4541854858398,0
-24.2604446411133,0
-20.9200038909912,0
-17.091381072998,0
-12.8353986740112,0
-8.9802360534668,0
-6.15815687179565,0
-4.34605884552002,0
-3.40140128135681,0
-2.75315403938293,0
-0.587447285652161,0
4.58436965942383,0
10.891939163208,0
14.0077600479126,0
12.6312818527222,0
10.9754056930542,0
13.6265621185303,0
19.673957824707,0
24.6499137878418,0
27.0221977233887,0
29.5009078979492,0
34.3362045288086,0
40.6708335876465,0
46.825439453125,0
51.9119491577148,0
54.3441543579102,0
52.1007766723633,0
46.2153968811035,0
41.1860809326172,0
39.7051658630371,0
39.2784996032715,0
36.4410705566406,0
32.1197280883789,0
29.7837562561035,0
29.8820266723633,0
29.6023139953613,0
27.4402523040771,0
24.5816440582275,0
21.8441772460938,0
18.5828113555908,0
15.1185064315796,0
13.1114358901978,0
12.5182304382324,0
11.0167942047119,0
7.79819297790527,0
5.26355695724487,0
5.16028738021851,0
5.51175403594971,0
3.86641669273376,0
1.64846312999725,0
2.07774257659912,0
4.65499401092529,0
5.25861167907715,0
2.2843906879425,0
-0.439745545387268,0
1.26726460456848,0
5.98042249679565,0
8.43122386932373,0
6.63675403594971,0
4.50962829589844,0
6.49319124221802,0
11.8251752853394,0
16.1154441833496,0
17.2510681152344,0
16.9018955230713,0
16.3131561279297,0
13.9311943054199,0
8.87393951416016,0
4.20327615737915,0
3.85194659233093,0
7.26564931869507,0
9.8188533782959,0
8.4765157699585,0
4.83273935317993,0
2.40385842323303,0
3.0247209072113,0
6.36584186553955,0
10.9261026382446,0
14.4440975189209,0
14.8811016082764,0
12.3649206161499,0
9.45916652679443,0
8.63640880584717,0
10.0068626403809,0
11.9800624847412,0
13.327109336853,0
13.9489231109619,0
14.3639335632324,0
15.2372722625732,0
16.9757881164551,0
19.1204090118408,0
20.4358997344971,0
20.1670742034912,0
19.0448341369629,0
18.5993957519531,0
19.4783878326416,0
20.672571182251,0
20.4683456420898,0
18.1863269805908,0
14.9829235076904,0
12.7800607681274,0
12.3719797134399,0
12.8664989471436,0
12.9766521453857,0
12.2683277130127,0
10.9605751037598,0
9.33827114105225,0
7.95732736587524,0
7.71723365783691,0
8.9310941696167,0
10.8007793426514,0
12.4888162612915,0
14.1425809860229,0
16.1472644805908,0
18.0857162475586,0
19.4017658233643,0
20.4604816436768,0
21.8822612762451,0
23.4041500091553,0
24.5293121337891,0
25.6908111572266,0
27.4814910888672,0
29.3237724304199,0
30.3413257598877,0
30.9083595275879,0
31.593189239502,0
31.1997337341309,0
28.1454849243164,0
23.5598316192627,0
20.3630352020264,0
18.9411392211914,0
16.6167125701904,0
12.3930950164795,0
9.15454292297363,0
9.16520214080811,0
10.1443691253662,0
8.78185272216797,0
6.15564775466919,0
5.97655916213989,0
8.36678504943848,0
9.37801456451416,0
7.02874279022217,0
4.07019472122192,0
3.37716937065125,0
3.80406403541565,0
2.84315299987793,0
1.01411688327789,0
0.862349092960358,0
2.9062967300415,0
5.21251678466797,0
6.42773914337158,0
6.98175048828125,0
7.5578088760376,0
8.40725898742676,0
10.0825452804565,0
12.908899307251,0
15.6556921005249,0
16.6263961791992,0
16.3125133514404,0
17.0285797119141,0
19.3235816955566,0
20.5982837677002,0
18.3090667724609,0
13.1510000228882,0
7.98430204391479,0
4.66689109802246,0
2.92531967163086,0
1.41168808937073,0
-1.12755703926086,0
-4.98744964599609,0
-8.88981151580811,0
-10.8565492630005,0
-10.4814786911011,0
-9.69738864898682,0
-10.5072355270386,0
-12.5531444549561,0
-13.7183618545532,0
-12.60142993927,0
-9.61029148101807,0
-6.06155157089233,0
-3.00410127639771,0
-0.711875379085541,0
1.25423038005829,0
3.3876473903656,0
5.46449995040894,0
6.81080913543701,0
7.39019012451172,0
7.92874574661255,0
8.79715347290039,0
9.59046745300293,0
10.0262613296509,0
10.2986726760864,0
10.2775087356567,0
9.48318290710449,0
8.19445037841797,0
7.1989917755127,0
5.88626050949097,0
2.2463641166687,0
-4.1762752532959,0
-10.9289226531982,0
-15.6451435089111,0
-18.835901260376,0
-21.9476280212402,0
-24.312837600708,0
-24.6878604888916,0
-24.7509002685547,0
-27.7280654907227,0
-33.4251976013184,0
-37.7618446350098,0
-38.0872764587402,0
-36.1511039733887,0
-34.5492973327637,0
-33.0182952880859,0
-30.3073863983154,0
-27.3779926300049,0
-25.9780120849609,0
-25.5150661468506,0
-24.2332592010498,0
-22.5848274230957,0
-22.4063930511475,0
-23.1344509124756,0
-22.0930347442627,0
-18.9346218109131,0
-16.6070537567139,0
-16.7508449554443,0
-17.0343914031982,0
-14.9279527664185,0
-11.8185796737671,0
-11.1175155639648,0
-13.9023170471191,0
-18.6090621948242,0
-23.5651588439941,0
-27.3326606750488,0
-27.7006549835205,0
-23.3853530883789,0
-16.6701126098633,0
-11.7774982452393,0
-10.1883001327515,0
-9.5038537979126,0
-7.12268829345703,0
-2.96317887306213,0
1.84705746173859,0
6.73348188400269,0
11.0190181732178,0
13.1611766815186,0
12.0011138916016,0
8.00157165527344,0
2.55440044403076,0
-3.12728071212769,0
-8.08897876739502,0
-11.8136739730835,0
-14.9190807342529,0
-18.5713424682617,0
-22.595422744751,0
-25.2958335876465,0
-25.8419132232666,0
-25.6630039215088,0
-26.5930767059326,0
-28.7167320251465,0
-31.0983867645264,0
-33.6081771850586,0
-36.5910377502441,0
-39.2935638427734,0
-40.14013671875,0
-38.609302520752,0
-35.7534255981445,0
-32.7524108886719,0
-29.8699817657471,0
-27.0151424407959,0
-24.4213695526123,0
-22.2357025146484,0
-19.9700336456299,0
-16.9645233154297,0
-13.2081604003906,0
-9.21740627288818,0
-5.20202922821045,0
-0.963661432266235,0
3.16374278068542,0
5.92030763626099,0
6.39154767990112,0
5.43450880050659,0
4.97726345062256,0
5.79619264602661,0
6.78338956832886,0
6.58237218856812,0
4.95900106430054,0
2.15449523925781,0
-1.85312902927399,0
-6.39071035385132,0
-9.42660236358643,0
-9.42538642883301,0
-7.45229864120483,0
-5.92836952209473,0
-5.43382978439331,0
-4.26890897750854,0
-1.32799792289734,0
2.11114859580994,0
3.98920226097107,0
3.64826011657715,0
1.86096286773682,0
-0.204767987132072,0
-1.3562536239624,0
-0.6538365483284,0
1.86241030693054,0
5.25176906585693,0
8.88655376434326,0
12.897798538208,0
17.1763229370117,0
21.0228614807129,0
24.3355026245117,0
27.996467590332,0
32.2934494018555,0
36.0886421203613,0
38.5326995849609,0
40.4283332824707,0
42.579761505127,0
43.9076766967773,0
43.0096778869629,0
40.8784866333008,0
39.9356307983398,0
40.4483108520508,0
40.028923034668,0
37.1909027099609,0
33.499397277832,0
31.186222076416,0
30.1080055236816,0
28.4389381408691,0
25.5244674682617,0
22.6131725311279,0
20.9609184265137,0
20.4023399353027,0
20.1588878631592,0
20.411548614502,0
22.3986988067627,0
26.7897129058838,0
32.3759155273438,0
37.0951652526855,0
40.4142951965332,0
43.6382827758789,0
47.2205085754395,0
49.1049041748047,0
47.4650650024414,0
44.3383979797363,0
44.090274810791,0
47.8562316894531,0
51.7099227905273,0
51.4257507324219,0
47.2909164428711,0
42.8541259765625,0
40.4870491027832,0
39.938606262207,0
40.0279655456543,0
39.5379180908203,0
36.9713325500488,0
31.7330684661865,0
25.7666435241699,0
22.0676746368408,0
20.978982925415,0
19.5629405975342,0
15.4358472824097,0
9.83953857421875,0
5.88823890686035,0
4.92249250411987,0
5.91795682907104,0
7.69705677032471,0
10.0101051330566,0
12.4107513427734,0
13.676097869873,0
13.2794771194458,0
12.698070526123,0
14.1710071563721,0
18.1253967285156,0
22.6090660095215,0
25.682279586792,0
27.8519878387451,0
31.3388404846191,0
36.9516944885254,0
42.6591186523438,0
45.9390335083008,0
46.9033622741699,0
48.0094871520996,0
50.8575859069824,0
54.5270957946777,0
57.3448486328125,0
58.9485931396484,0
59.7501525878906,0
59.5019226074219,0
57.7439422607422,0
54.9913215637207,0
51.9782791137695,0
48.1250305175781,0
42.5030364990234,0
36.3208999633789,0
32.4338111877441,0
31.6169395446777,0
31.0715770721436,0
27.8820533752441,0
22.5944976806641,0
17.8699016571045,0
14.7046499252319,0
11.879789352417,0
8.55049419403076,0
5.22721147537231,0
2.00576853752136,0
-2.25862717628479,0
-8.2056941986084,0
-14.6626834869385,0
-19.8911457061768,0
-23.2267646789551,0
-24.8222770690918,0
-24.76291847229,0
-23.4349269866943,0
-22.0608177185059,0
-21.6496181488037,0
-21.6502552032471,0
-20.7569885253906,0
-18.9989738464355,0
-17.7698211669922,0
-17.4192485809326,0
-16.2317905426025,0
-13.007984161377,0
-9.63751697540283,0
-9.10573863983154,0
-11.0295810699463,0
-11.4903335571289,0
-8.31190776824951,0
-4.32707500457764,0
-3.26205801963806,0
-3.87009000778198,0
-1.19240629673004,0
6.54104232788086,0
15.2896108627319,0
20.2414951324463,0
20.8355445861816,0
19.4580116271973,0
17.6412868499756,0
15.7821159362793,0
14.9683599472046,0
16.4011497497559,0
19.395809173584,0
21.9137573242188,0
22.9374961853027,0
22.9142112731934,0
22.2806739807129,0
21.0712871551514,0
19.6547355651855,0
18.3522777557373,0
16.5884399414062,0
13.8913841247559,0
11.4190425872803,0
10.8122787475586,0
11.6343851089478,0
11.6701631546021,0
9.85228538513184,0
7.19604778289795,0
4.71145820617676,0
2.3150327205658,0
0.232052758336067,0
-0.610184013843536,0
-0.479283303022385,0
-1.07968950271606,0
-2.55931711196899,0
-2.26470422744751,0
1.52389633655548,0
6.2638521194458,0
8.22995567321777,0
7.99308109283447,0
9.64832878112793,0
14.4183645248413,0
18.2423496246338,0
17.1212368011475,0
12.2984237670898,0
8.0096549987793,0
5.89853239059448,0
4.2534236907959,0
1.80348861217499,0
-0.59449976682663,0
-2.12393641471863,0
-3.33595156669617,0
-4.53178787231445,0
-4.71709871292114,0
-3.14691495895386,0
-0.509953320026398,0
2.23453092575073,0
4.85491943359375,0
6.97813606262207,0
7.84435606002808,0
7.9592137336731,0
9.27346420288086,0
12.2209577560425,0
14.1842861175537,0
12.8677940368652,0
9.89514923095703,0
8.79168605804443,0
10.4068059921265,0
12.8608169555664,0
15.2074861526489,0
18.0703220367432,0
20.8365783691406,0
21.6473045349121,0
20.9371242523193,0
21.7925872802734,0
25.3754959106445,0
28.8093662261963,0
29.4469337463379,0
28.7155876159668,0
29.4712715148926,0
31.6937980651855,0
33.4611167907715,0
34.5162658691406,0
35.8849105834961,0
36.9616775512695,0
35.9973335266113,0
33.1354103088379,0
30.2978534698486,0
28.2308521270752,0
26.2444286346436,0
24.805290222168,0
25.5453796386719,0
28.1907196044922,0
30.1817607879639,0
30.3222732543945,0
30.4110698699951,0
32.0079345703125,0
33.7969017028809,0
33.8087730407715,0
32.4392776489258,0
31.3614826202393,0
30.8348541259766,0
30.143575668335,0
29.7455444335938,0
30.8047924041748,0
32.9396018981934,0
34.4195671081543,0
34.683277130127,0
34.9713745117188,0
36.1058731079102,0
37.0749931335449,0
36.4786262512207,0
34.401481628418,0
32.1498641967773,0
30.6954593658447,0
29.9595565795898,0
29.3767147064209,0
28.7730674743652,0
28.6463203430176,0
29.5056037902832,0
30.9098205566406,0
31.6389331817627,0
31.245964050293,0
30.9425659179688,0
32.2091178894043,0
34.8515243530273,0
37.2512016296387,0
38.2659187316895,0
37.9837837219238,0
36.9552459716797,0
35.9456329345703,0
36.2618446350098,0
38.6618537902832,0
41.627498626709,0
42.4571151733398,0
40.8071403503418,0
39.383960723877,0
39.9464988708496,0
40.4466552734375,0
38.0526580810547,0
33.5346870422363,0
30.0372905731201,0
28.2040214538574,0
25.4614810943604,0
20.382396697998,0
14.9901237487793,0
11.7438983917236,0
10.5204181671143,0
9.92079734802246,0
9.68339920043945,0
10.2287397384644,0
11.2601461410522,0
12.3767137527466,0
13.9032287597656,0
15.711220741272,0
16.4771518707275,0
15.6649799346924,0
14.9745197296143,0
15.9919967651367,0
17.5411186218262,0
17.4680500030518,0
16.178674697876,0
16.1362495422363,0
18.391752243042,0
21.7611045837402,0
24.8484878540039,0
26.6096286773682,0
25.716833114624,0
22.3619632720947,0
20.3003101348877,0
23.537483215332,0
30.5313625335693,0
35.2540893554688,0
34.9854965209961,0
33.3254814147949,0
33.8793411254883,0
35.1007461547852,0
34.5097198486328,0
34.4319725036621,0
38.8724250793457,0
46.4141311645508,0
51.0603637695312,0
50.1188011169434,0
47.3112831115723,0
47.4559593200684,0
51.4474067687988,0
57.5469970703125,0
64.5807113647461,0
71.9994125366211,0
78.7669830322266,0
84.097038269043,0
88.2618179321289,0
91.423210144043,0
92.6704559326172,0
91.3609924316406,0
88.4860992431641,0
85.4816818237305,0
82.3226623535156,0
77.93310546875,0
72.057243347168,0
65.7178497314453,0
60.1571846008301,0
56.2635726928711,0
54.6871109008789,0
55.3143157958984,0
56.5456390380859,0
56.2093124389648,0
53.6988220214844,0
50.5449485778809,0
48.4555511474609,0
47.3961791992188,0
46.1226119995117,0
44.0708465576172,0
41.964183807373,0
40.7146644592285,0
40.3700942993164,0
40.2125587463379,0
39.549243927002,0
38.4602508544922,0
37.9851417541504,0
39.2193336486816,0
41.7861824035645,0
43.6499938964844,0
43.1789741516113,0
41.0575828552246,0
39.2584648132324,0
38.4034690856934,0
37.2990760803223,0
34.9948272705078,0
31.90989112854,0
28.6559715270996,0
25.1892986297607,0
21.7524948120117,0
19.3173084259033,0
18.2138843536377,0
17.4744701385498,0
16.4516315460205,0
15.8351287841797,0
15.8461475372314,0
14.7214088439941,0
10.8778495788574,0
5.91603469848633,0
3.43200325965881,0
4.86709976196289,0
8.32424545288086,0
11.7025871276855,0
15.1267423629761,0
19.4137992858887,0
23.680700302124,0
26.0416412353516,0
26.2386798858643,0
26.271369934082,0
28.1223239898682,0
31.5174255371094,0
34.4177627563477,0
35.5501976013184,0
35.8700523376465,0
37.1423301696777,0
39.558219909668,0
41.7649574279785,0
43.2569236755371,0
45.2687721252441,0
48.4172706604004,0
50.827392578125,0
50.3255653381348,0
47.7578201293945,0
46.0303497314453,0
45.9381294250488,0
45.1957321166992,0
42.2007942199707,0
38.5473670959473,0
36.4892501831055,0
35.7731857299805,0
34.8559036254883,0
33.8956413269043,0
34.2547950744629,0
35.7087669372559,0
36.4820556640625,0
35.9373016357422,0
35.0144081115723,0
33.8172874450684,0
31.0783252716064,0
26.7363128662109,0
22.8572807312012,0
20.8120632171631,0
19.4869651794434,0
17.7510204315186,0
16.7217254638672,0
17.435209274292,0
17.9021186828613,0
15.4282073974609,0
11.2614889144897,0
9.89400100708008,0
13.4013690948486,0
19.0931053161621,0
23.48876953125,0
26.0968723297119,0
28.0040683746338,0
29.1094989776611,0
28.8732986450195,0
28.2996482849121,0
28.853588104248,0
30.0614185333252,0
30.2039966583252,0
29.1205806732178,0
28.4859714508057,0
29.1993103027344,0
30.017276763916,0
29.0895977020264,0
25.7434959411621,0
20.6267852783203,0
15.218132019043,0
11.3425903320312,0
9.94191741943359,0
9.87553024291992,0
8.8952054977417,0
6.21742582321167,0
3.25746011734009,0
1.48424553871155,0
0.602209866046906,0
-0.534133911132812,0
-2.23006176948547,0
-4.16101217269897,0
-6.59368848800659,0
-10.2387762069702,0
-15.0610437393188,0
-20.1844024658203,0
-25.0130481719971,0
-29.6813087463379,0
-34.3102989196777,0
-38.5992584228516,0
-42.4477691650391,0
-46.2725105285645,0
-50.1526260375977,0
-53.177417755127,0
-54.426097869873,0
-54.398868560791,0
-54.5846824645996,0
-55.4382247924805,0
-55.6479530334473,0
-53.915943145752,0
-50.7003364562988,0
-47.3506965637207,0
-44.0765609741211,0
-39.9430923461914,0
-34.6972885131836,0
-29.2505435943604,0
-24.0727481842041,0
-18.4456195831299,0
-12.0400400161743,0
-6.07393455505371,0
-1.77124738693237,0
1.52810859680176,0
5.3459997177124,0
9.48077201843262,0
11.8086624145508,0
10.7905931472778,0
7.10742044448853,0
2.61387324333191,0
-1.27709567546844,0
-3.78889751434326,0
-4.47144746780396,0
-3.65697860717773,0
-2.76287269592285,0
-3.2307550907135,0
-5.12271213531494,0
-7.20174169540405,0
-8.2679443359375,0
-7.93869304656982,0
-6.29073095321655,0
-3.54408121109009,0
-0.414798021316528,0
1.89749073982239,0
2.7812716960907,0
2.98626923561096,0
3.56742835044861,0
4.19436883926392,0
3.56275129318237,0
1.81023287773132,0
1.3353328704834,0
4.12708044052124,0
8.93815135955811,0
12.4306421279907,0
12.958646774292,0
11.9727821350098,0
11.6834440231323,0
12.7072124481201,0
14.3273582458496,0
15.6315889358521,0
15.6606111526489,0
13.7509746551514,0
10.8196029663086,0
9.23245525360107,0
10.0577735900879,0
11.236590385437,0
9.96596145629883,0
6.3368124961853,0
2.92062020301819,0
1.04800462722778,0
-0.445124238729477,0
-2.38902235031128,0
-3.32145190238953,0
-1.69479930400848,0
1.36681711673737,0
3.23880767822266,0
3.13563084602356,0
2.73026967048645,0
3.58677983283997,0
5.30189514160156,0
6.28378486633301,0
5.22731685638428,0
1.66950964927673,0
-3.70233798027039,0
-8.85282897949219,0
-11.622407913208,0
-11.863564491272,0
-11.5407438278198,0
-12.1029167175293,0
-12.7673082351685,0
-12.317964553833,0
-11.4679145812988,0
-11.7664375305176,0
-12.7093067169189,0
-12.0086612701416,0
-9.12599945068359,0
-6.70782375335693,0
-7.40391206741333,0
-10.4761514663696,0
-12.9710264205933,0
-13.671329498291,0
-14.4489402770996,0
-17.6616954803467,0
-23.3360614776611,0
-29.3145427703857,0
-33.4709701538086,0
-35.3412933349609,0
-36.0396385192871,0
-37.0299415588379,0
-38.7688980102539,0
-40.2584571838379,0
-40.089427947998,0
-38.0123977661133,0
-35.0369110107422,0
-31.7862815856934,0
-27.6023330688477,0
-22.1702423095703,0
-17.3208179473877,0
-15.5161533355713,0
-16.3442287445068,0
-16.2872371673584,0
-12.9830551147461,0
-8.30609893798828,0
-5.73728466033936,0
-5.6921238899231,0
-5.29146289825439,0
-2.29888033866882,0
2.59547281265259,0
7.3938364982605,0
10.955418586731,0
13.257420539856,0
14.917592048645,0
16.7697677612305,0
18.8255958557129,0
19.7863693237305,0
18.8694286346436,0
17.5903072357178,0
17.7479724884033,0
18.0666465759277,0
15.5634641647339,0
10.4013957977295,0
6.23482275009155,0
4.91254711151123,0
4.24523448944092,0
2.57769417762756,0
1.87113356590271,0
3.48548913002014,0
4.31611824035645,0
1.15188002586365,0
-3.48294377326965,0
-4.43963766098022,0
-1.56663799285889,0
0.623788177967072,0
0.48737707734108,0
1.31197381019592,0
5.00639629364014,0
8.65507030487061,0
9.50145816802979,0
9.24988079071045,0
10.4979734420776,0
12.122124671936,0
11.5946960449219,0
9.57140827178955,0
8.60546493530273,0
8.78807258605957,0
8.23180484771729,0
7.09616947174072,0
7.58347797393799,0
9.92217826843262,0
11.5866918563843,0
11.1439065933228,0
10.1294059753418,0
10.1586837768555,0
10.5989151000977,0
10.3892602920532,0
10.1059885025024,0
10.5966024398804,0
11.0913362503052,0
10.3956146240234,0
8.92667198181152,0
7.92971849441528,0
7.40532684326172,0
6.4363169670105,0
5.15381813049316,0
4.76696348190308,0
5.60284233093262,0
6.42619228363037,0
5.9852409362793,0
4.30763673782349,0
2.23218297958374,0
0.44991260766983,0
-0.691843807697296,0
-1.04974460601807,0
-0.754278123378754,0
-0.229546293616295,0
-0.0364453531801701,0
-0.679744064807892,0
-2.16327595710754,0
-3.49383735656738,0
-3.33103227615356,0
-1.8900181055069,0
-1.62082803249359,0
-4.81436061859131,0
-10.6273241043091,0
-15.6122817993164,0
-17.359016418457,0
-16.608211517334,0
-15.5754718780518,0
-15.3801898956299,0
-15.7488698959351,0
-16.2274837493896,0
-16.679048538208,0
-17.0969982147217,0
-17.8186321258545,0
-19.5704326629639,0
-22.3672828674316,0
-24.4725189208984,0
-23.4211502075195,0
-18.4550495147705,0
-11.456470489502,0
-5.18291425704956,0
-0.965971231460571,0
1.54164171218872,0
2.80097842216492,0
2.42105221748352,0
0.0937440693378448,0
-3.07732462882996,0
-5.12461042404175,0
-5.37584590911865,0
-5.37154483795166,0
-6.99886751174927,0
-10.2218189239502,0
-13.5889263153076,0
-16.6472988128662,0
-20.4483947753906,0
-25.3964862823486,0
-30.0964584350586,0
-33.2247581481934,0
-35.2546463012695,0
-37.0675849914551,0
-38.0851249694824,0
-37.6575393676758,0
-37.4101409912109,0
-39.6493301391602,0
-43.5226097106934,0
-45.570240020752,0
-44.7935447692871,0
-44.278881072998,0
-46.2846984863281,0
-48.6768455505371,0
-48.874755859375,0
-48.7300491333008,0
-51.5367813110352,0
-55.6394920349121,0
-55.792724609375,0
-51.1083183288574,0
-46.9643211364746,0
-47.3692512512207,0
-49.5438461303711,0
-48.7412567138672,0
-44.9637031555176,0
-41.2370147705078,0
-37.680248260498,0
-31.7499408721924,0
-23.5708179473877,0
-16.7712287902832,0
-13.4276847839355,0
-11.4478807449341,0
-8.07071495056152,0
-3.53879380226135,0
-0.134287983179092,0
0.589451432228088,0
-1.42930209636688,0
-5.23202991485596,0
-9.03817939758301,0
-11.0343294143677,0
-10.7019987106323,0
-8.69279289245605,0
-5.51275634765625,0
-1.61717593669891,0
1.49866390228271,0
2.4095094203949,0
2.31376194953918,0
4.33044147491455,0
9.43955421447754,0
15.0875797271729,0
18.8106479644775,0
21.3094711303711,0
24.7245559692383,0
29.7630138397217,0
36.030704498291,0
43.4192504882812,0
51.2977676391602,0
57.7304725646973,0
61.4494476318359,0
63.5856170654297,0
65.7125778198242,0
67.2356414794922,0
66.5485458374023,0
63.8075256347656,0
60.6175651550293,0
57.7395896911621,0
55.0154838562012,0
52.8721008300781,0
51.9467964172363,0
51.7238464355469,0
51.2919845581055,0
50.8064155578613,0
50.4827270507812,0
49.1757202148438,0
46.1760902404785,0
43.3454208374023,0
42.5851745605469,0
41.9153099060059,0
37.6094627380371,0
30.2990322113037,0
25.0775623321533,0
24.4079284667969,0
24.6979827880859,0
22.1372528076172,0
18.6176109313965,0
18.4640617370605,0
21.4645595550537,0
23.3296051025391,0
22.6050186157227,0
23.0350379943848,0
27.8623046875,0
34.9677543640137,0
39.9470252990723,0
41.9645538330078,0
43.607177734375,0
45.7286911010742,0
45.8453750610352,0
42.5699119567871,0
38.7110557556152,0
37.6708679199219,0
38.593936920166,0
38.0029983520508,0
35.3576927185059,0
33.6481285095215,0
34.3031616210938,0
34.941650390625,0
33.4291839599609,0
31.1009197235107,0
29.9487838745117,0
29.2015018463135,0
27.2734661102295,0
25.0879383087158,0
24.5427150726318,0
25.1363182067871,0
25.1979236602783,0
25.382251739502,0
27.5138492584229,0
30.3874053955078,0
30.3179454803467,0
26.3468284606934,0
21.7628154754639,0
19.6547355651855,0
19.8761863708496,0
21.4335079193115,0
24.7613353729248,0
29.661190032959,0
33.4682273864746,0
33.8063774108887,0
31.7225685119629,0
29.8524570465088,0
28.6183395385742,0
26.5188598632812,0
23.4291858673096,0
21.2276363372803,0
21.2021923065186,0
22.7674427032471,0
24.8615245819092,0
26.8491363525391,0
27.7310409545898,0
26.19801902771,0
22.3608264923096,0
18.3539886474609,0
16.339750289917,0
16.426549911499,0
16.9868106842041,0
16.4582023620605,0
14.5222644805908,0
12.1492776870728,0
10.8134899139404,0
11.0679035186768,0
11.6760854721069,0
10.8969821929932,0
8.838303565979,0
7.50711441040039,0
8.06136798858643,0
9.27495861053467,0
9.73790740966797,0
10.3551082611084,0
12.9247694015503,0
16.8458728790283,0
19.3201236724854,0
19.044864654541,0
17.8238105773926,0
17.789421081543,0
18.6834850311279,0
19.0407772064209,0
18.6770267486572,0
18.3866405487061,0
18.0308876037598,0
16.7551116943359,0
14.8616781234741,0
13.7980260848999,0
14.2388315200806,0
15.7609310150146,0
18.5745296478271,0
23.6840991973877,0
30.5241184234619,0
36.2103958129883,0
38.6090545654297,0
38.9298477172852,0
39.6412696838379,0
40.7793426513672,0
40.3295631408691,0
37.8190956115723,0
35.3213768005371,0
34.6754531860352,0
35.7231597900391,0
37.8771820068359,0
41.4760284423828,0
46.5205841064453,0
51.7384262084961,0
56.2723503112793,0
60.9265327453613,0
66.1808013916016,0
70.1600189208984,0
70.5036926269531,0
67.5838012695312,0
63.9662094116211,0
61.098331451416,0
58.5151443481445,0
56.1253967285156,0
54.9301376342773,0
54.8424263000488,0
53.839485168457,0
50.5156021118164,0
46.1433258056641,0
42.9965934753418,0
41.6173400878906,0
40.9214515686035,0
40.2485237121582,0
40.0324249267578,0
40.7651634216309,0
42.3593444824219,0
44.4765663146973,0
46.7379608154297,0
48.6367378234863,0
49.8016967773438,0
50.3850021362305,0
50.962818145752,0
52.2217636108398,0
54.7356796264648,0
58.3317565917969,0
61.2958755493164,0
61.087516784668,0
56.8134994506836,0
50.594352722168,0
45.5422630310059,0
42.5919570922852,0
40.2082939147949,0
36.998779296875,0
33.4289970397949,0
30.7090587615967,0
29.0513782501221,0
27.662483215332,0
25.8087596893311,0
23.302360534668,0
20.4204044342041,0
17.8780326843262,0
16.4110584259033,0
15.8044109344482,0
14.8253154754639,0
12.8703660964966,0
11.1998929977417,0
11.4139432907104,0
12.8135585784912,0
12.5457000732422,0
8.70374011993408,0
2.13436198234558,0
-5.33774518966675,0
-13.1231307983398,0
-21.15771484375,0
-28.0924320220947,0
-31.990779876709,0
-32.5808410644531,0
-31.212553024292,0
-28.5915203094482,0
-24.2605381011963,0
-18.6890773773193,0
-14.0370187759399,0
-11.7358350753784,0
-10.6129550933838,0
-8.68781566619873,0
-5.87606191635132,0
-3.61435103416443,0
-2.63547539710999,0
-2.67827320098877,0
-3.94301581382751,0
-7.10044050216675,0
-11.646333694458,0
-15.5580739974976,0
-17.0825061798096,0
-16.2150497436523,0
-14.3091287612915,0
-12.7570943832397,0
-11.786901473999,0
-9.87111854553223,0
-4.86772394180298,0
3.20387101173401,0
11.1489915847778,0
15.8637914657593,0
18.1446018218994,0
21.3202610015869,0
26.3159942626953,0
30.5684185028076,0
32.3359985351562,0
33.3142852783203,0
35.4461784362793,0
37.5842018127441,0
37.7202606201172,0
36.8606491088867,0
37.8516082763672,0
41.1003112792969,0
44.1829643249512,0
45.4874076843262,0
45.582405090332,0
44.7597999572754,0
42.0396423339844,0
37.691577911377,0
34.245288848877,0
33.153377532959,0
32.2768592834473,0
28.9712429046631,0
24.5295677185059,0
22.8705902099609,0
24.9536952972412,0
27.176197052002,0
26.2190399169922,0
23.2683067321777,0
21.741382598877,0
22.4124145507812,0
23.1750068664551,0
23.0219478607178,0
23.4908485412598,0
25.4648132324219,0
26.9618320465088,0
25.8815975189209,0
23.4289588928223,0
22.5686855316162,0
23.6703853607178,0
23.9162521362305,0
21.1434936523438,0
16.2855186462402,0
11.4846429824829,0
7.60080432891846,0
4.47643566131592,0
2.05456161499023,0
-0.0191723387688398,0
-2.65759062767029,0
-5.83742237091064,0
-7.89647531509399,0
-7.82079458236694,0
-7.28085708618164,0
-8.48918628692627,0
-10.5504808425903,0
-10.1401529312134,0
-6.04455947875977,0
-1.02580034732819,0
1.61922872066498,0
1.77369153499603,0
1.72477829456329,0
2.91168403625488,0
4.81278371810913,0
6.48155069351196,0
7.88009786605835,0
9.58763313293457,0
11.8410272598267,0
14.0110578536987,0
14.9326467514038,0
14.0256643295288,0
12.1715669631958,0
11.0682725906372,0
11.7307453155518,0
14.1899003982544,0
18.3195209503174,0
23.5582256317139,0
27.6737842559814,0
27.777458190918,0
23.8503684997559,0
19.8424339294434,0
19.6097526550293,0
22.6502513885498,0
25.3991737365723,0
25.7583789825439,0
24.4289455413818,0
22.6623401641846,0
21.2893161773682,0
21.8260478973389,0
25.7368640899658,0
31.7729721069336,0
36.2482414245605,0
37.039176940918,0
35.6277732849121,0
34.3920669555664,0
33.8019027709961,0
33.3287658691406,0
33.0422592163086,0
32.7125434875488,0
31.1475009918213,0
28.3277587890625,0
26.6424293518066,0
27.8107986450195,0
29.8530960083008,0
29.6531028747559,0
27.6767139434814,0
27.2443599700928,0
29.2182788848877,0
30.4260101318359,0
28.3215637207031,0
24.8093948364258,0
23.7861976623535,0
26.2624053955078,0
29.554048538208,0
30.7217025756836,0
29.5132503509521,0
27.9830322265625,0
28.0534973144531,0
29.7336158752441,0
31.5855979919434,0
32.7649726867676,0
34.1301498413086,0
36.9222297668457,0
40.883861541748,0
44.6397132873535,0
47.7314758300781,0
51.1012001037598,0
55.3553848266602,0
59.6384468078613,0
62.6685447692871,0
63.9660453796387,0
63.5886535644531,0
61.6755027770996,0
59.0643577575684,0
57.5117263793945,0
58.1828804016113,0
60.2749977111816,0
62.0194854736328,0
62.7052726745605,0
62.8622856140137,0
62.9663887023926,0
63.2470245361328,0
64.4887313842773,0
67.317008972168,0
70.3863067626953,0
71.1288375854492,0
69.3418960571289,0
68.3550033569336,0
70.8686981201172,0
74.8327178955078,0
75.8465957641602,0
73.2624588012695,0
71.1920471191406,0
72.8361587524414,0
76.4113006591797,0
78.2970809936523,0
78.1199951171875,0
78.2586975097656,0
79.4471740722656,0
79.7327194213867,0
77.9039535522461,0
75.5113143920898,0
74.6228408813477,0
75.3066787719727,0
76.3374404907227,0
77.0690307617188,0
77.5608367919922,0
77.8794555664062,0
78.2524185180664,0
78.9931411743164,0
79.3823165893555,0
77.7147216796875,0
73.6374740600586,0
69.4729690551758,0
67.9389419555664,0
69.5304718017578,0
73.467399597168,0
79.6803131103516,0
87.4951171875,0
93.6264266967773,0
94.8921508789062,0
92.6989898681641,0
91.1664886474609,0
90.3314514160156,0
85.4196853637695,0
74.5984573364258,0
63.176586151123,0
56.7826728820801,0
53.7824859619141,0
48.7835235595703,0
41.2932891845703,0
35.8856658935547,0
34.8267059326172,0
35.6606254577637,0
36.2314949035645,0
37.1992607116699,0
38.4752769470215,0
37.6289901733398,0
33.8018836975098,0
29.6256542205811,0
27.1707019805908,0
25.1313304901123,0
22.1458873748779,0
19.7653179168701,0
19.439474105835,0
19.2808094024658,0
17.0091800689697,0
14.1339912414551,0
13.8873510360718,0
16.2144432067871,0
17.9151954650879,0
17.0622119903564,0
14.5288066864014,0
11.6232023239136,0
8.80391597747803,0
6.5497031211853,0
5.1945276260376,0
3.9210638999939,0
1.83192384243011,0
-0.214207202196121,0
-0.734140455722809,0
-0.214608460664749,0
-0.471805900335312,0
-1.68194532394409,0
-2.34496712684631,0
-2.19555473327637,0
-2.68308973312378,0
-4.08637666702271,0
-4.5089259147644,0
-2.65842795372009,0
0.362964063882828,0
3.08371043205261,0
5.71662473678589,0
9.04572296142578,0
12.8645687103271,0
16.8395099639893,0
21.523904800415,0
27.0021533966064,0
31.6662139892578,0
34.0702857971191,0
35.3165245056152,0
37.8671836853027,0
42.2396659851074,0
46.4366493225098,0
48.6455841064453,0
49.0114822387695,0
48.429557800293,0
47.0471420288086,0
44.9330711364746,0
43.4069137573242,0
44.432487487793,0
48.4917602539062,0
53.6526489257812,0
57.1278839111328,0
57.6768608093262,0
56.2748336791992,0
54.4354438781738,0
52.2394180297852,0
48.4875411987305,0
42.7913017272949,0
36.825870513916,0
32.8446884155273,0
31.0883846282959,0
29.3618850708008,0
25.4731884002686,0
19.6610488891602,0
14.183123588562,0
10.7644882202148,0
9.04355907440186,0
7.56554269790649,0
5.64345455169678,0
3.74859833717346,0
2.40158176422119,0
1.33246660232544,0
-0.171985402703285,0
-2.48940563201904,0
-5.34591674804688,0
-7.99421644210815,0
-9.66164016723633,0
-10.16015625,0
-10.1948442459106,0
-10.8477230072021,0
-12.669659614563,0
-15.3966102600098,0
-18.3678131103516,0
-20.8383750915527,0
-22.0625476837158,0
-21.7065753936768,0
-20.2639102935791,0
-18.5724620819092,0
-16.96213722229,0
-15.4413013458252,0
-14.4244613647461,0
-14.1327848434448,0
-13.2982149124146,0
-10.1175079345703,0
-5.26373672485352,0
-2.39459776878357,0
-4.21025514602661,0
-9.02093505859375,0
-12.8478384017944,0
-14.1707973480225,0
-14.6644525527954,0
-15.5967016220093,0
-15.8407793045044,0
-14.0866661071777,0
-11.1124458312988,0
-8.66741561889648,0
-7.29138374328613,0
-6.3876781463623,0
-5.63379764556885,0
-5.22617673873901,0
-5.20391511917114,0
-5.37158918380737,0
-5.55284261703491,0
-5.43995714187622,0
-4.79834747314453,0
-4.24005365371704,0
-4.8045825958252,0
-6.04567432403564,0
-5.76607322692871,0
-2.98369288444519,0
-0.0914586186408997,0
-0.172695279121399,0
-2.75043916702271,0
-4.41484689712524,0
-3.63986015319824,0
-2.51958131790161,0
-2.96799612045288,0
-3.60235953330994,0
-2.12139439582825,0
0.912513315677643,0
2.80834031105042,0
2.32059526443481,0
0.319367468357086,0
-2.60021924972534,0
-6.68780326843262,0
-10.8450260162354,0
-12.3172645568848,0
-10.1348924636841,0
-7.37308073043823,0
-7.98933839797974,0
-11.9042043685913,0
-15.1299724578857,0
-14.9137096405029,0
-12.7729158401489,0
-11.3983306884766,0
-10.3597011566162,0
-7.23422527313232,0
-2.42423343658447,0
0.0982759222388268,0
-1.98268949985504,0
-5.6589298248291,0
-6.37452077865601,0
-4.16969299316406,0
-3.34693431854248,0
-6.24658107757568,0
-10.1263999938965,0
-11.1263885498047,0
-9.18784618377686,0
-7.54528999328613,0
-8.6618595123291,0
-12.2062730789185,0
-16.3608684539795,0
-19.7522144317627,0
-22.1814460754395,0
-24.2205944061279,0
-26.1278305053711,0
-27.1502895355225,0
-26.538158416748,0
-25.318977355957,0
-25.9287204742432,0
-29.4395904541016,0
-34.0861167907715,0
-37.3725967407227,0
-38.909496307373,0
-40.2235221862793,0
-42.2910423278809,0
-44.4107551574707,0
-45.6063461303711,0
-46.2721176147461,0
-47.7328758239746,0
-50.1729698181152,0
-51.7318496704102,0
-50.6782760620117,0
-48.4411811828613,0
-48.8160171508789,0
-53.0105857849121,0
-56.9428787231445,0
-55.5786437988281,0
-49.2860145568848,0
-43.5060997009277,0
-42.194881439209,0
-44.0851402282715,0
-45.8975448608398,0
-46.6107864379883,0
-47.1694107055664,0
-47.9997596740723,0
-48.6729927062988,0
-49.0135040283203,0
-49.2671813964844,0
-49.995433807373,0
-52.3787879943848,0
-57.0049476623535,0
-61.4321022033691,0
-61.1612014770508,0
-55.094856262207,0
-48.303882598877,0
-46.5780639648438,0
-49.1193923950195,0
-49.7253952026367,0
-45.1817779541016,0
-39.2954063415527,0
-37.6072845458984,0
-40.9285888671875,0
-45.9996948242188,0
-50.3910789489746,0
-54.1088485717773,0
-57.3372611999512,0
-59.2771759033203,0
-59.3438262939453,0
-57.6251373291016,0
-54.0278053283691,0
-48.6967468261719,0
-43.3556251525879,0
-40.2231216430664,0
-39.1249046325684,0
-37.6708297729492,0
-34.9152374267578,0
-32.479808807373,0
-30.8778305053711,0
-27.4842720031738,0
-20.5822467803955,0
-13.2196712493896,0
-9.77192401885986,0
-9.97447490692139,0
-9.91281700134277,0
-8.22140693664551,0
-7.30302286148071,0
-8.23058700561523,0
-8.71376037597656,0
-7.47150373458862,0
-6.60725402832031,0
-7.29322099685669,0
-6.63099002838135,0
-2.13581085205078,0
3.23558855056763,0
4.37545108795166,0
0.812649965286255,0
-3.61362338066101,0
-6.91894292831421,0
-10.6503992080688,0
-15.3898992538452,0
-18.8876113891602,0
-20.04248046875,0
-21.0837078094482,0
-23.5457439422607,0
-24.9140110015869,0
-22.0871677398682,0
-16.2597751617432,0
-11.3759994506836,0
-8.93704795837402,0
-7.46393823623657,0
-6.49123764038086,0
-7.51447916030884,0
-10.268669128418,0
-11.2669830322266,0
-7.92215728759766,0
-2.12042307853699,0
2.24096608161926,0
3.86904549598694,0
4.30200719833374,0
4.65620040893555,0
4.43247270584106,0
3.21678781509399,0
1.50382339954376,0
-0.295726895332336,0
-2.04228639602661,0
-3.0679497718811,0
-2.9557638168335,0
-3.26835155487061,0
-6.51121473312378,0
-12.7317790985107,0
-18.9948501586914,0
-23.1326637268066,0
-26.1813373565674,0
-29.84547996521,0
-33.3777351379395,0
-34.8625068664551,0
-34.2294120788574,0
-32.730052947998,0
-30.1929664611816,0
-25.2137088775635,0
-18.0287303924561,0
-11.0988569259644,0
-6.48797988891602,0
-4.27998352050781,0
-3.74556112289429,0
-4.25859928131104,0
-4.60867261886597,0
-3.27027654647827,0
-0.342231333255768,0
2.15956807136536,0
2.95091128349304,0
3.28622460365295,0
5.10952949523926,0
8.39625072479248,0
11.4650812149048,0
13.2211933135986,0
13.9822950363159,0
14.5521688461304,0
15.5259799957275,0
17.3206672668457,0
20.04660987854,0
23.2945709228516,0
26.4286098480225,0
29.0085830688477,0
30.8959522247314,0
32.4398002624512,0
34.629093170166,0
38.3252944946289,0
43.1648941040039,0
48.0395126342773,0
52.7290802001953,0
57.8071060180664,0
62.6482086181641,0
65.2585525512695,0
65.057975769043,0
64.1496200561523,0
64.3186492919922,0
64.2976760864258,0
62.0403785705566,0
58.4095726013184,0
55.8578414916992,0
54.0154037475586,0
49.8007164001465,0
42.4659538269043,0
35.4780158996582,0
31.8044033050537,0
29.718677520752,0
25.480583190918,0
18.5861701965332,0
11.8892860412598,0
7.34602928161621,0
4.19748401641846,0
1.33036291599274,0
-0.974276542663574,0
-2.38161420822144,0
-3.67917394638062,0
-5.36741495132446,0
-6.27362632751465,0
-4.91430854797363,0
-1.67210757732391,0
1.44677567481995,0
2.85374331474304,0
2.31013321876526,0
0.297388583421707,0
-2.38772511482239,0
-4.53698301315308,0
-5.25479221343994,0
-5.11382436752319,0
-5.64184856414795,0
-7.18392467498779,0
-8.13852977752686,0
-7.09285306930542,0
-5.10208940505981,0
-4.7463526725769,0
-6.94690132141113,0
-9.75537586212158,0
-10.8232297897339,0
-10.3492956161499,0
-10.6093912124634,0
-12.7243003845215,0
-15.1210680007935,0
-15.872220993042,0
-15.5443801879883,0
-16.2509574890137,0
-18.2055988311768,0
-19.1609725952148,0
-17.9247646331787,0
-16.5360717773438,0
-17.3209438323975,0
-19.105432510376,0
-18.5897541046143,0
-14.989354133606,0
-10.961181640625,0
-8.76245307922363,0
-7.82089376449585,0
-6.91869258880615,0
-6.64648008346558,0
-8.17461967468262,0
-11.002142906189,0
-13.5601940155029,0
-15.2725467681885,0
-16.6786804199219,0
-18.0869483947754,0
-19.2676448822021,0
-20.0769023895264,0
-20.508846282959,0
-20.5753631591797,0
-20.7230358123779,0
-21.5401630401611,0
-22.3404674530029,0
-21.1406764984131,0
-17.1040229797363,0
-11.9174537658691,0
-7.47627115249634,0
-3.37032461166382,0
1.67804610729218,0
7.00850963592529,0
10.8780431747437,0
13.4587259292603,0
16.4827194213867,0
20.0408058166504,0
22.3803806304932,0
23.3081874847412,0
25.0814552307129,0
28.7601547241211,0
32.1040725708008,0
32.8660926818848,0
32.252010345459,0
32.968864440918,0
35.2568283081055,0
37.2552871704102,0
38.3276596069336,0
39.2309799194336,0
39.2183685302734,0
36.0017929077148,0
29.4845142364502,0
23.0089168548584,0
19.3731079101562,0
17.5664005279541,0
15.2662601470947,0
12.8068141937256,0
12.1169109344482,0
12.7482252120972,0
12.0115413665771,0
9.17086029052734,0
6.70796871185303,0
6.63661766052246,0
8.02248477935791,0
9.27429580688477,0
10.4346151351929,0
11.4867382049561,0
10.7224292755127,0
7.29442024230957,0
3.62277150154114,0
2.23826265335083,0
1.33108901977539,0
-3.14339685440063,0
-11.1317157745361,0
-17.654914855957,0
-18.9210777282715,0
-16.2565078735352,0
-12.9669370651245,0
-10.2157011032104,0
-7.64757347106934,0
-5.5364203453064,0
-3.97674560546875,0
-1.4728170633316,0
3.55652213096619,0
10.7892608642578,0
18.9586505889893,0
27.5649948120117,0
36.1461906433105,0
43.2977981567383,0
48.3671646118164,0
52.9455642700195,0
58.5126304626465,0
63.477294921875,0
64.8885955810547,0
62.5967102050781,0
59.3761367797852,0
57.0794448852539,0
55.0043106079102,0
52.2690200805664,0
49.484806060791,0
47.2976226806641,0
45.0828132629395,0
42.0052871704102,0
38.0942649841309,0
33.7055625915527,0
29.270170211792,0
26.0516166687012,0
25.5230522155762,0
27.1002674102783,0
27.9183044433594,0
25.9544792175293,0
22.2827682495117,0
19.3390445709229,0
18.253023147583,0
19.0352115631104,0
21.9225330352783,0
26.5769424438477,0
30.6828384399414,0
31.5057621002197,0
29.0929679870605,0
26.4916744232178,0
26.467960357666,0
28.9563941955566,0
31.6973896026611,0
32.2502861022949,0
29.4277534484863,0
24.1842994689941,0
19.4646701812744,0
17.8373718261719,0
18.6131000518799,0
18.4089832305908,0
15.2744798660278,0
11.1346969604492,0
9.18904399871826,0
9.99067401885986,0
11.5305786132812,0
12.4482269287109,0
13.2965888977051,0
14.6437034606934,0
15.7772216796875,0
16.0403747558594,0
16.085973739624,0
16.7025756835938,0
17.2547073364258,0
16.5103855133057,0
14.6303644180298,0
13.1824102401733,0
13.1739635467529,0
13.9126539230347,0
13.8267040252686,0
11.6721067428589,0
7.05639457702637,0
0.816275477409363,0
-4.9764461517334,0
-8.57150554656982,0
-10.6515073776245,0
-13.7771892547607,0
-18.855297088623,0
-23.2197380065918,0
-23.6238574981689,0
-20.4904537200928,0
-17.4471836090088,0
-16.6867961883545,0
-16.5714454650879,0
-14.3431062698364,0
-9.50563144683838,0
-3.41799521446228,0
3.08148574829102,0
9.98073196411133,0
16.724796295166,0
22.354923248291,0
27.0500202178955,0
31.9592666625977,0
36.9745941162109,0
39.8994445800781,0
38.7767791748047,0
34.4746971130371,0
30.1131153106689,0
28.0512428283691,0
27.9587745666504,0
27.7861938476562,0
26.1728420257568,0
23.7397499084473,0
22.223352432251,0
22.6275177001953,0
24.433162689209,0
26.5301265716553,0
28.4437370300293,0
30.3256053924561,0
32.1711502075195,0
33.7629852294922,0
35.411205291748,0
38.1474800109863,0
42.852725982666,0
49.2920379638672,0
56.0047912597656,0
61.122142791748,0
63.7097053527832,0
64.6650238037109,0
65.836051940918,0
67.7202224731445,0
68.6320724487305,0
67.0450820922852,0
64.136589050293,0
62.545654296875,0
62.8226585388184,0
62.9093284606934,0
61.4638671875,0
59.7255821228027,0
59.010799407959,0
58.1276779174805,0
55.1011505126953,0
50.4769172668457,0
46.9552345275879,0
46.044002532959,0
46.797981262207,0
47.968822479248,0
49.9259986877441,0
53.9493637084961,0
60.4385795593262,0
68.0979385375977,0
74.4814224243164,0
77.7074356079102,0
78.3291854858398,0
78.8520812988281,0
80.3201522827148,0
80.2985916137695,0
76.1521072387695,0
69.7344436645508,0
66.0907897949219,0
67.050651550293,0
68.8811874389648,0
67.5350189208984,0
63.4418678283691,0
58.872200012207,0
53.0822982788086,0
43.6874885559082,0
31.7419261932373,0
21.4521312713623,0
14.4988689422607,0
8.28367328643799,0
1.11099481582642,0
-4.19192028045654,0
-4.23160123825073,0
-0.341718465089798,0
2.94166445732117,0
3.49543571472168,0
2.98807215690613,0
3.28070473670959,0
4.17589950561523,0
4.82431364059448,0
4.95282888412476,0
4.1968240737915,0
2.32150888442993,0
0.829644620418549,0
2.34149026870728,0
7.17838573455811,0
12.0876893997192,0
13.6703586578369,0
11.9437675476074,0
9.36189651489258,0
7.57426261901855,0
6.75789785385132,0
7.22771787643433,0
9.6318187713623,0
13.4560108184814,0
16.8608417510986,0
18.4700393676758,0
18.5115089416504,0
18.12109375,0
18.3794727325439,0
19.9655513763428,0
22.5509490966797,0
24.2600421905518,0
23.1065921783447,0
19.9097328186035,0
18.7195014953613,0
22.8132247924805,0
30.5433597564697,0
36.6505317687988,0
37.8442878723145,0
35.5551071166992,0
32.7153358459473,0
29.9012145996094,0
26.4335346221924,0
23.6650447845459,0
24.1675205230713,0
27.7968826293945,0
31.4761180877686,0
33.5868835449219,0
35.8916397094727,0
39.9128189086914,0
44.1486968994141,0
46.888858795166,0
49.3877029418945,0
53.5258255004883,0
58.0324516296387,0
59.9986991882324,0
59.0345840454102,0
57.028751373291,0
54.722957611084,0
51.6784744262695,0
49.0143775939941,0
48.6122627258301,0
49.4113960266113,0
47.9076309204102,0
43.1742782592773,0
38.4322624206543,0
36.491886138916,0
36.1712226867676,0
34.5677833557129,0
30.8661079406738,0
26.6612949371338,0
24.0717296600342,0
24.3245544433594,0
26.6980628967285,0
28.4683742523193,0
27.6100063323975,0
25.6339378356934,0
25.6361618041992,0
27.6861438751221,0
29.1368637084961,0
29.7806854248047,0
32.8597450256348,0
39.3659019470215,0
44.9840965270996,0
45.4083213806152,0
41.9278335571289,0
38.6498146057129,0
36.2890319824219,0
32.1986389160156,0
25.4339981079102,0
18.3330383300781,0
13.0926094055176,0
9.42960548400879,0
6.07010221481323,0
2.80191779136658,0
0.705631613731384,0
1.32835960388184,0
5.25461673736572,0
10.4985284805298,0
13.2015819549561,0
11.4259195327759,0
7.48196363449097,0
4.81710910797119,0
3.39159178733826,0
0.292306184768677,0
-5.43699073791504,0
-11.0635852813721,0
-13.7698793411255,0
-13.9550971984863,0
-13.9697389602661,0
-15.0008687973022,0
-16.3242282867432,0
-16.7571201324463,0
-15.7865543365479,0
-13.5986766815186,0
-10.7524709701538,0
-7.93368530273438,0
-5.93862104415894,0
-5.82099866867065,0
-8.41004753112793,0
-12.9509782791138,0
-16.695276260376,0
-17.0697994232178,0
-14.3699827194214,0
-11.2676124572754,0
-9.47348785400391,0
-8.05416679382324,0
-5.53009366989136,0
-2.40152096748352,0
-0.465699940919876,0
-0.235752880573273,0
-0.221957594156265,0
1.27446413040161,0
4.53332853317261,0
8.70665836334229,0
13.0128889083862,0
17.2414360046387,0
21.3833980560303,0
25.1206092834473,0
27.7207317352295,0
28.478702545166,0
27.4515914916992,0
25.8014450073242,0
25.1878395080566,0
26.5877933502197,0
29.6398582458496,0
33.1022453308105,0
35.833854675293,0
37.2814178466797,0
37.2215614318848,0
35.4275970458984,0
31.8623905181885,0
27.1019744873047,0
22.2178726196289,0
18.0039234161377,0
14.3843870162964,0
10.7453422546387,0
6.8261456489563,0
3.13868570327759,0
0.521632552146912,0
-0.52932220697403,0
-0.0573981553316116,0
1.52252912521362,0
3.49035811424255,0
4.88529062271118,0
5.018958568573,0
4.16616535186768,0
3.42098927497864,0
3.4611177444458,0
3.52157711982727,0
1.91684520244598,0
-2.40413975715637,0
-8.99712371826172,0
-16.37571144104,0
-22.8160438537598,0
-26.8185024261475,0
-27.6574211120605,0
-26.1016845703125,0
-24.2278652191162,0
-23.822847366333,0
-24.8512668609619,0
-25.7457122802734,0
-25.1206474304199,0
-22.8964328765869,0
-19.8172073364258,0
-16.2898654937744,0
-11.9562854766846,0
-6.39494752883911,0
-0.141339048743248,0
5.25523614883423,0
8.58094787597656,0
10.3576889038086,0
12.3683776855469,0
15.5717926025391,0
19.0948257446289,0
21.7629203796387,0
23.948169708252,0
26.8816947937012,0
30.3367214202881,0
32.1877593994141,0
30.714958190918,0
26.5423946380615,0
21.6882858276367,0
17.3133335113525,0
13.2743997573853,0
9.6143913269043,0
7.30276346206665,0
6.90399694442749,0
7.17140054702759,0
5.9275369644165,0
2.43263220787048,0
-1.73832809925079,0
-4.35821437835693,0
-4.56104946136475,0
-3.07447099685669,0
-1.2991269826889,0
-0.731537163257599,0
-2.42461204528809,0
-5.84982681274414,0
-8.67884159088135,0
-8.94827938079834,0
-7.36192560195923,0
-6.26553869247437,0
-6.45639324188232,0
-6.49091291427612,0
-5.23118782043457,0
-3.20674252510071,0
-0.841054737567902,0
2.59913396835327,0
6.85816812515259,0
9.25243282318115,0
7.50057649612427,0
3.11951041221619,0
-0.00438018469139934,0
0.00313472980633378,0
1.74785792827606,0
3.099196434021,0
2.91193556785583,0
0.470164179801941,0
-4.42215538024902,0
-10.2524757385254,0
-14.6183595657349,0
-16.9650440216064,0
-18.8574409484863,0
-20.8284740447998,0
-20.8665180206299,0
-17.4018421173096,0
-12.1951446533203,0
-8.24815845489502,0
-5.59372568130493,0
-1.30881583690643,0
6.05106019973755,0
13.69690990448,0
17.1729221343994,0
14.9120616912842,0
9.4375696182251,0
4.37879467010498,0
1.1348876953125,0
-1.3225439786911,0
-4.14214420318604,0
-7.13639688491821,0
-9.69014072418213,0
-11.9126644134521,0
-13.8754787445068,0
-14.4341249465942,0
-12.3733720779419,0
-8.74665355682373,0
-6.46009016036987,0
-6.8786940574646,0
-8.25455951690674,0
-8.57224273681641,0
-8.63253784179688,0
-10.5666475296021,0
-13.991810798645,0
-15.8013162612915,0
-14.0563268661499,0
-10.2792253494263,0
-7.18743085861206,0
-5.79160785675049,0
-5.86557483673096,0
-7.72472620010376,0
-11.5260791778564,0
-15.4674587249756,0
-16.9183521270752,0
-15.6303081512451,0
-14.0107250213623,0
-13.6620244979858,0
-13.5032911300659,0
-12.4069261550903,0
-11.8070688247681,0
-13.5535564422607,0
-16.2232761383057,0
-16.246561050415,0
-12.8534183502197,0
-9.47903442382812,0
-9.3414478302002,0
-11.6665449142456,0
-13.7787828445435,0
-15.2690200805664,0
-17.9015007019043,0
-22.091775894165,0
-25.7353229522705,0
-26.775634765625,0
-25.3146629333496,0
-22.8292694091797,0
-20.708122253418,0
-19.9845542907715,0
-21.0659294128418,0
-22.914924621582,0
-23.6136741638184,0
-22.5619220733643,0
-21.063591003418,0
-19.841344833374,0
-17.2314376831055,0
-11.4564657211304,0
-4.00807857513428,0
1.14310026168823,0
1.9086400270462,0
0.26107719540596,0
-0.284660965204239,0
1.81170868873596,0
5.53689670562744,0
9.06211853027344,0
11.1777496337891,0
11.7002782821655,0
11.4135894775391,0
11.4663772583008,0
12.29052734375,0
13.2063732147217,0
13.324631690979,0
12.4926605224609,0
11.0266494750977,0
8.91641521453857,0
5.82382965087891,0
1.7039840221405,0
-2.9944441318512,0
-7.68139600753784,0
-11.9704742431641,0
-15.9155435562134,0
-20.1171283721924,0
-25.160530090332,0
-30.5422458648682,0
-34.6823844909668,0
-36.7430419921875,0
-38.0197219848633,0
-40.4598350524902,0
-43.9234733581543,0
-46.2463188171387,0
-46.3809394836426,0
-46.0684356689453,0
-47.4244194030762,0
-49.9935531616211,0
-51.5547981262207,0
-51.0595016479492,0
-49.1831817626953,0
-46.5324897766113,0
-43.306827545166,0
-40.6495323181152,0
-39.9706115722656,0
-40.1580963134766,0
-37.6412162780762,0
-30.6480159759521,0
-21.6993370056152,0
-14.2905206680298,0
-8.72941970825195,0
-3.28969097137451,0
1.98100423812866,0
5.33974885940552,0
6.52568006515503,0
6.98147678375244,0
6.94073581695557,0
5.05245923995972,0
1.25518989562988,0
-2.72687649726868,0
-6.45197582244873,0
-11.4153261184692,0
-17.3208198547363,0
-20.665376663208,0
-19.3971042633057,0
-16.6925220489502,0
-17.0799102783203,0
-20.0969352722168,0
-20.925594329834,0
-16.9238872528076,0
-10.6099863052368,0
-5.86907863616943,0
-3.79497241973877,0
-3.28791069984436,0
-3.81678581237793,0
-5.95805072784424,0
-9.71517658233643,0
-13.3003797531128,0
-13.996865272522,0
-10.7866868972778,0
-6.34447765350342,0
-5.13151741027832,0
-8.25212383270264,0
-11.4391889572144,0
-10.2331256866455,0
-6.29544067382812,0
-5.75061559677124,0
-11.3386278152466,0
-19.4259853363037,0
-25.6405391693115,0
-30.073694229126,0
-34.7937240600586,0
-39.1419792175293,0
-40.8531608581543,0
-40.3070602416992,0
-40.1525650024414,0
-41.1470947265625,0
-41.5983924865723,0
-41.1279411315918,0
-41.8836708068848,0
-45.0487976074219,0
-48.7685050964355,0
-50.9926872253418,0
-52.318359375,0
-54.3923072814941,0
-57.1801795959473,0
-59.5824737548828,0
-61.3761558532715,0
-62.6550483703613,0
-62.5223770141602,0
-60.5421028137207,0
-58.7747039794922,0
-60.0333862304688,0
-64.2493896484375,0
-68.5885620117188,0
-71.0056381225586,0
-71.4414291381836,0
-69.5522994995117,0
-64.2430801391602,0
-56.647403717041,0
-50.9211769104004,0
-49.839298248291,0
-51.1118202209473,0
-50.303653717041,0
-46.5701446533203,0
-43.4067840576172,0
-44.1025505065918,0
-48.3873977661133,0
-53.5658226013184,0
-57.1881866455078,0
-58.1788177490234,0
-56.744815826416,0
-54.0246353149414,0
-51.293098449707,0
-49.0414619445801,0
-46.9036064147949,0
-44.2740783691406,0
-40.8107604980469,0
-36.9544944763184,0
-34.3763275146484,0
-34.9199371337891,0
-38.1451454162598,0
-40.8598442077637,0
-40.4062690734863,0
-37.6476974487305,0
-35.2700119018555,0
-34.0591773986816,0
-32.8832588195801,0
-31.6732082366943,0
-31.7689094543457,0
-33.1752777099609,0
-34.0516586303711,0
-33.5366744995117,0
-32.6914749145508,0
-31.915584564209,0
-30.082311630249,0
-27.489616394043,0
-26.8812217712402,0
-29.4601421356201,0
-32.311767578125,0
-32.4322090148926,0
-31.2990074157715,0
-32.2290153503418,0
-34.6554069519043,0
-34.8654136657715,0
-32.0111389160156,0
-29.3937091827393,0
-29.0248699188232,0
-28.5963668823242,0
-25.7396602630615,0
-22.5059413909912,0
-22.9594306945801,0
-27.6612892150879,0
-32.9223785400391,0
-35.1377868652344,0
-34.0804443359375,0
-31.8345832824707,0
-29.8295783996582,0
-27.6550312042236,0
-24.5094604492188,0
-21.0865917205811,0
-19.1096858978271,0
-18.7665615081787,0
-17.9199123382568,0
-15.1295623779297,0
-12.3338136672974,0
-12.4413166046143,0
-14.8662595748901,0
-16.126392364502,0
-15.072925567627,0
-14.7192363739014,0
-17.9183769226074,0
-23.8042678833008,0
-29.8486194610596,0
-34.792610168457,0
-37.5087203979492,0
-35.5513725280762,0
-28.1825122833252,0
-19.6869525909424,0
-16.2668647766113,0
-19.4164562225342,0
-24.7534465789795,0
-27.6666946411133,0
-27.9865016937256,0
-28.6072483062744,0
-31.5093727111816,0
-36.177906036377,0
-40.6650466918945,0
-43.154125213623,0
-43.0827789306641,0
-41.4078483581543,0
-39.5457801818848,0
-37.9874725341797,0
-36.2931060791016,0
-34.0459251403809,0
-30.9363498687744,0
-26.2517395019531,0
-19.6364936828613,0
-12.5136280059814,0
-7.36523342132568,0
-4.95504808425903,0
-3.37235260009766,0
-0.715648233890533,0
2.19399762153625,0
3.05437612533569,0
1.62965786457062,0
0.539558947086334,0
2.04785656929016,0
5.22562789916992,0
7.37404441833496,0
7.70535659790039,0
8.21706485748291,0
10.7507991790771,0
14.6048851013184,0
17.9328212738037,0
20.2794551849365,0
22.1091842651367,0
22.4221878051758,0
18.9402751922607,0
11.1079692840576,0
1.26765215396881,0
-7.83826446533203,0
-15.2382478713989,0
-20.6076889038086,0
-22.830680847168,0
-21.5337734222412,0
-18.9730796813965,0
-18.1872119903564,0
-19.4043350219727,0
-20.0593814849854,0
-18.4390811920166,0
-15.5808629989624,0
-13.1945056915283,0
-11.4538822174072,0
-9.8369836807251,0
-8.85483741760254,0
-9.52873706817627,0
-11.6248159408569,0
-13.6368350982666,0
-14.6387996673584,0
-15.419846534729,0
-17.4397888183594,0
-20.8554058074951,0
-23.8212833404541,0
-23.9727630615234,0
-20.7378520965576,0
-15.8979635238647,0
-11.5415353775024,0
-7.96101951599121,0
-4.42015981674194,0
-1.60629844665527,0
-1.73218929767609,0
-5.63407325744629,0
-11.1571960449219,0
-15.6001176834106,0
-18.8199882507324,0
-22.4722499847412,0
-26.8115653991699,0
-30.1122093200684,0
-31.33251953125,0
-31.5159301757812,0
-31.8754901885986,0
-32.0755310058594,0
-31.486608505249,0
-30.7912120819092,0
-30.8296871185303,0
-30.7511100769043,0
-29.0709915161133,0
-26.2303771972656,0
-24.421895980835,0
-24.8300724029541,0
-26.5207805633545,0
-28.2188034057617,0
-29.7251644134521,0
-31.2599811553955,0
-32.8605194091797,0
-34.953670501709,0
-38.1288566589355,0
-41.6107711791992,0
-43.1795616149902,0
-41.4344444274902,0
-37.1910552978516,0
-32.1281127929688,0
-27.2644920349121,0
-23.2697582244873,0
-20.6535377502441,0
-18.7217636108398,0
-15.9773712158203,0
-12.6865558624268,0
-11.2408666610718,0
-12.4136409759521,0
-13.1169967651367,0
-10.043140411377,0
-4.01202964782715,0
1.7325953245163,0
6.12146043777466,0
10.1510639190674,0
13.205249786377,0
13.1263332366943,0
10.0268306732178,0
6.69357395172119,0
4.66737985610962,0
3.07014203071594,0
2.05494260787964,0
3.89813637733459,0
8.86641216278076,0
12.9935626983643,0
12.4930171966553,0
8.41702461242676,0
4.61953830718994,0
2.81016111373901,0
2.12880444526672,0
2.21627163887024,0
3.6607449054718,0
5.63561582565308,0
5.7098240852356,0
2.62523913383484,0
-2.23565602302551,0
-6.48093461990356,0
-8.67975330352783,0
-8.66319274902344,0
-7.10511159896851,0
-5.21079349517822,0
-4.11898946762085,0
-4.3501181602478,0
-6.07198762893677,0
-9.49685764312744,0
-14.4043292999268,0
-19.649341583252,0
-23.8599052429199,0
-26.3988189697266,0
-27.1645030975342,0
-25.9980316162109,0
-23.0849475860596,0
-19.6011352539062,0
-17.1776638031006,0
-16.8122997283936,0
-18.6123027801514,0
-22.0616817474365,0
-26.05739402771,0
-29.3504295349121,0
-31.6292572021484,0
-33.6446990966797,0
-35.8281936645508,0
-37.7110023498535,0
-39.3762397766113,0
-42.2471580505371,0
-47.0988159179688,0
-52.114387512207,0
-54.3747711181641,0
-52.7758560180664,0
-48.2148857116699,0
-41.6285743713379,0
-33.5490913391113,0
-25.1905078887939,0
-18.1002101898193,0
-12.6881818771362,0
-8.7202615737915,0
-7.21151161193848,0
-9.81741809844971,0
-15.7884817123413,0
-21.3591403961182,0
-23.204418182373,0
-21.2572860717773,0
-17.3070583343506,0
-12.3613576889038,0
-6.85979318618774,0
-2.2695677280426,0
-0.178204759955406,0
0.303506374359131,0
2.24208450317383,0
6.88360691070557,0
11.1815156936646,0
10.994945526123,0
6.40819644927979,0
1.86843967437744,0
0.37970495223999,0
-0.336302042007446,0
-3.98640298843384,0
-9.69796276092529,0
-13.0642232894897,0
-12.7232475280762,0
-11.9897737503052,0
-12.9251832962036,0
-12.9192752838135,0
-10.0064325332642,0
-8.17236614227295,0
-12.8879337310791,0
-22.7726917266846,0
-30.1966590881348,0
-30.3058605194092,0
-25.8400745391846,0
-22.4154644012451,0
-22.1859951019287,0
-23.2002811431885,0
-22.4831962585449,0
-18.4758605957031,0
-12.0518684387207,0
-5.86800479888916,0
-1.57827496528625,0
2.01823878288269,0
6.48704862594604,0
10.4977931976318,0
11.9053611755371,0
12.3505725860596,0
15.9194211959839,0
22.8953018188477,0
28.9184970855713,0
31.5812606811523,0
33.8116607666016,0
38.5622901916504,0
43.8953742980957,0
46.5221061706543,0
47.3976516723633,0
50.0202178955078,0
54.6613616943359,0
57.8552055358887,0
57.2110862731934,0
53.8794708251953,0
50.1003494262695,0
46.5073585510254,0
42.5675048828125,0
38.6286506652832,0
36.7762680053711,0
39.1694793701172,0
44.9453582763672,0
49.6561393737793,0
49.7787132263184,0
47.4686393737793,0
48.1088600158691,0
52.8863639831543,0
57.1772918701172,0
57.4103050231934,0
55.7313766479492,0
55.4874038696289,0
55.66845703125,0
53.5149536132812,0
50.141170501709,0
49.265323638916,0
51.3824043273926,0
53.0388031005859,0
51.707088470459,0
48.3349227905273,0
45.105655670166,0
43.2403106689453,0
43.027946472168,0
43.9184494018555,0
44.6163597106934,0
44.5310401916504,0
44.4222259521484,0
44.3767585754395,0
42.906909942627,0
39.9769134521484,0
38.5973243713379,0
40.4242782592773,0
42.0444679260254,0
39.6193885803223,0
35.3795585632324,0
34.5976142883301,0
37.1364479064941,0
37.6349639892578,0
34.265926361084,0
31.3374881744385,0
31.4665870666504,0
30.7503318786621,0
24.9746704101562,0
16.4346141815186,0
10.8357801437378,0
10.2432231903076,0
12.5023965835571,0
15.3903493881226,0
17.9683055877686,0
19.3942394256592,0
19.5974216461182,0
20.3937377929688,0
23.5502510070801,0
28.3140068054199,0
32.4132423400879,0
34.3804206848145,0
33.4574165344238,0
28.9340858459473,0
21.6783199310303,0
14.9043521881104,0
11.0877332687378,0
8.9797477722168,0
5.59547853469849,0
0.178201049566269,0
-5.66656255722046,0
-10.583402633667,0
-14.0062036514282,0
-15.073802947998,0
-13.438648223877,0
-10.6650362014771,0
-8.66590404510498,0
-7.19136905670166,0
-4.90163993835449,0
-2.28959608078003,0
-1.08172011375427,0
-1.05209672451019,0
-0.156895339488983,0
1.87462794780731,0
2.72196936607361,0
1.0650862455368,0
-1.3775759935379,0
-2.68741393089294,0
-3.60922694206238,0
-5.78950834274292,0
-8.50571441650391,0
-9.26509094238281,0
-7.31636524200439,0
-4.7765793800354,0
-3.95090627670288,0
-4.84298801422119,0
-6.03691673278809,0
-7.10746145248413,0
-8.82806015014648,0
-11.0070371627808,0
-11.5829343795776,0
-8.97682857513428,0
-4.54848432540894,0
-1.15706706047058,0
0.507211923599243,0
2.39027619361877,0
5.6756854057312,0
8.99829483032227,0
10.9120454788208,0
11.9705085754395,0
12.7809944152832,0
12.0782661437988,0
9.10073471069336,0
6.22641515731812,0
6.29444408416748,0
8.40008449554443,0
9.66418075561523,0
10.4850311279297,0
14.043140411377,0
20.3576641082764,0
25.2200622558594,0
26.5448513031006,0
27.608757019043,0
31.3517513275146,0
35.1407775878906,0
34.9059066772461,0
31.7718544006348,0
30.2188682556152,0
31.2481803894043,0
31.9900321960449,0
31.5523223876953,0
32.5501441955566,0
36.1572685241699,0
39.8559722900391,0
41.5644493103027,0
42.4075355529785,0
43.6035461425781,0
44.006778717041,0
43.1813735961914,0
43.8750877380371,0
48.1541442871094,0
53.1688842773438,0
54.3817749023438,0
51.897289276123,0
50.0339202880859,0
50.9944877624512,0
52.4217262268066,0
51.5779762268066,0
48.7560997009277,0
45.5588798522949,0
42.51513671875,0
39.7369956970215,0
37.6220588684082,0
35.393726348877,0
31.1329746246338,0
25.188720703125,0
21.5805835723877,0
23.4016284942627,0
28.0729923248291,0
30.1468391418457,0
28.5015068054199,0
27.770622253418,0
32.0164451599121,0
39.6236419677734,0
45.9336357116699,0
49.0680465698242,0
51.2165374755859,0
55.0759429931641,0
60.8713226318359,0
66.768196105957,0
70.834114074707,0
72.3779373168945,0
72.3053741455078,0
72.4341735839844,0
73.7831726074219,0
75.2687530517578,0
74.597541809082,0
70.6519622802734,0
64.498176574707,0
57.8484039306641,0
51.2679595947266,0
44.6001930236816,0
38.614372253418,0
34.8907623291016,0
33.6272125244141,0
32.5893440246582,0
29.2871608734131,0
23.8618946075439,0
18.8851795196533,0
16.4361171722412,0
16.2818031311035,0
16.8273258209229,0
16.6898555755615,0
15.1160831451416,0
12.082483291626,0
8.6385669708252,0
6.27803897857666,0
5.39704990386963,0
5.14726066589355,0
5.12622928619385,0
6.00904703140259,0
7.87434768676758,0
9.22218418121338,0
8.69286727905273,0
6.75614643096924,0
4.80060720443726,0
3.67595076560974,0
4.00549602508545,0
6.44826555252075,0
10.4069929122925,0
14.0482473373413,0
17.0809993743896,0
21.6443767547607,0
28.3425483703613,0
33.3415222167969,0
32.4233474731445,0
26.6392364501953,0
20.6598834991455,0
16.4915351867676,0
12.5578289031982,0
8.4399528503418,0
6.05169677734375,0
5.4709734916687,0
3.9609489440918,0
0.678395628929138,0
-1.6215478181839,0
-1.6653174161911,0
-2.5976722240448,0
-6.8404860496521,0
-11.2346286773682,0
-11.0781183242798,0
-6.87873697280884,0
-3.21982574462891,0
-2.23931789398193,0
-2.08442521095276,0
-1.15599918365479,0
0.0489439107477665,0
1.5613899230957,0
4.8077540397644,0
9.75385284423828,0
13.8663597106934,0
15.1540870666504,0
14.2518243789673,0
12.6178817749023,0
10.7690172195435,0
9.35737705230713,0
9.80144596099854,0
12.1211967468262,0
13.7305059432983,0
12.2896022796631,0
8.76833152770996,0
5.8849458694458,0
4.20307445526123,0
1.6903520822525,0
-2.95446300506592,0
-8.26081848144531,0
-11.7585306167603,0
-12.7104902267456,0
-12.5083465576172,0
-12.9596300125122,0
-14.7452144622803,0
-17.438720703125,0
-20.6019535064697,0
-24.2705383300781,0
-27.9104118347168,0
-29.4818687438965,0
-26.9857902526855,0
-21.3248691558838,0
-16.221342086792,0
-14.2930002212524,0
-14.2605285644531,0
-13.1599159240723,0
-10.2511510848999,0
-7.19808006286621,0
-5.17790222167969,0
-3.65581083297729,0
-1.69152617454529,0
1.27646636962891,0
5.6976432800293,0
11.1512327194214,0
15.5782842636108,0
17.437255859375,0
18.6086711883545,0
22.5265407562256,0
28.8086471557617,0
32.636157989502,0
31.0557403564453,0
27.3230648040771,0
26.5961227416992,0
29.2043285369873,0
31.0448303222656,0
29.5890998840332,0
26.4964790344238,0
24.4322090148926,0
23.9508209228516,0
23.9774112701416,0
23.3072891235352,0
21.0079708099365,0
16.8654289245605,0
11.8808345794678,0
7.16078329086304,0
2.47528266906738,0
-2.51634240150452,0
-6.04418182373047,0
-5.73331212997437,0
-2.60674333572388,0
-0.749954998493195,0
-1.82814538478851,0
-2.65396428108215,0
-0.0668604075908661,0
4.3356876373291,0
7.07944679260254,0
8.39345169067383,0
11.2972354888916,0
16.0349044799805,0
19.432071685791,0
20.2772235870361,0
21.687198638916,0
26.5516834259033,0
33.4432563781738,0
39.0285797119141,0
42.3064727783203,0
44.1857986450195,0
44.6635894775391,0
43.1817321777344,0
40.8297271728516,0
39.4064598083496,0
38.506950378418,0
36.0713729858398,0
32.0375137329102,0
29.0071907043457,0
28.4735279083252,0
28.4556369781494,0
26.1449489593506,0
21.3674659729004,0
15.9845657348633,0
11.0191116333008,0
6.1372971534729,0
1.50870263576508,0
-1.70088291168213,0
-3.2483696937561,0
-4.971999168396,0
-8.80386829376221,0
-13.7842016220093,0
-16.2277965545654,0
-13.6675462722778,0
-8.09733772277832,0
-4.15120649337769,0
-4.13857746124268,0
-6.24698829650879,0
-7.84902572631836,0
-8.60290718078613,0
-9.16774749755859,0
-9.03033447265625,0
-7.99158620834351,0
-8.30982780456543,0
-12.2433376312256,0
-18.021842956543,0
-21.5103588104248,0
-21.9064903259277,0
-22.3919219970703,0
-24.6011524200439,0
-26.1969661712646,0
-25.4010009765625,0
-24.2349147796631,0
-24.8136367797852,0
-25.5710830688477,0
-24.2167854309082,0
-21.923677444458,0
-21.2610702514648,0
-21.9998626708984,0
-22.4396781921387,0
-23.1894607543945,0
-25.9356136322021,0
-29.8146152496338,0
-32.8342208862305,0
-35.6921157836914,0
-39.9846954345703,0
-43.5968971252441,0
-42.7238349914551,0
-38.2443695068359,0
-34.9432907104492,0
-33.9589958190918,0
-31.5244731903076,0
-26.5960750579834,0
-23.8868732452393,0
-26.3954792022705,0
-30.1964645385742,0
-30.7491302490234,0
-30.0004291534424,0
-32.2704925537109,0
-36.4026565551758,0
-37.5967140197754,0
-35.1090126037598,0
-32.5189323425293,0
-31.1703395843506,0
-28.8675765991211,0
-25.3443698883057,0
-23.7168006896973,0
-24.944408416748,0
-25.3301601409912,0
-22.0232429504395,0
-17.6929740905762,0
-16.8431930541992,0
-19.6799011230469,0
-22.5856323242188,0
-23.4893493652344,0
-23.9594078063965,0
-26.1280574798584,0
-29.7717952728271,0
-33.046703338623,0
-34.8288078308105,0
-35.5822792053223,0
-36.4254684448242,0
-37.8627738952637,0
-39.4099426269531,0
-40.3357582092285,0
-40.6744384765625,0
-41.3529434204102,0
-43.3454170227051,0
-46.8844757080078,0
-51.3301391601562,0
-55.3454856872559,0
-57.3161582946777,0
-56.4595565795898,0
-53.945384979248,0
-52.1689224243164,0
-52.0807304382324,0
-51.6657676696777,0
-48.1581993103027,0
-41.7799301147461,0
-36.1274185180664,0
-34.3262367248535,0
-35.726619720459,0
-37.1949768066406,0
-36.9027290344238,0
-35.7016334533691,0
-35.1590118408203,0
-35.5829086303711,0
-36.2100219726562,0
-36.3838539123535,0
-36.1548309326172,0
-36.1635627746582,0
-36.8979377746582,0
-37.6521644592285,0
-36.7846908569336,0
-33.9409370422363,0
-31.3633937835693,0
-31.5056762695312,0
-33.7763977050781,0
-35.4885139465332,0
-35.8030624389648,0
-36.4760589599609,0
-38.6072311401367,0
-41.3693237304688,0
-44.6105651855469,0
-49.5504913330078,0
-55.2322845458984,0
-57.4022064208984,0
-53.7003936767578,0
-47.6147766113281,0
-44.014820098877,0
-42.5176315307617,0
-39.0240478515625,0
-32.7981719970703,0
-27.7843914031982,0
-26.6363315582275,0
-27.3501148223877,0
-27.0858764648438,0
-26.1227874755859,0
-26.1233654022217,0
-26.8043251037598,0
-26.5444316864014,0
-25.0384979248047,0
-23.4329280853271,0
-22.3145637512207,0
-20.8910293579102,0
-18.1328315734863,0
-14.2146844863892,0
-10.9145965576172,0
-10.3702554702759,0
-12.7520055770874,0
-15.47678565979,0
-15.8271894454956,0
-14.1478757858276,0
-13.1375064849854,0
-14.1485328674316,0
-15.8747854232788,0
-16.8805179595947,0
-17.5569591522217,0
-18.8125705718994,0
-20.3577423095703,0
-21.2740821838379,0
-21.1923789978027,0
-20.1265087127686,0
-18.2223281860352,0
-16.4825687408447,0
-16.7015037536621,0
-19.6794185638428,0
-24.1132297515869,0
-27.8920936584473,0
-29.8195362091064,0
-29.6776142120361,0
-27.7431659698486,0
-25.1245098114014,0
-23.6385154724121,0
-24.2365055084229,0
-26.0327186584473,0
-27.6689319610596,0
-28.9781284332275,0
-30.3888683319092,0
-31.4087886810303,0
-31.0461883544922,0
-29.5352115631104,0
-28.3850479125977,0
-28.5710620880127,0
-29.6684589385986,0
-30.933277130127,0
-32.172435760498,0
-33.1014213562012,0
-32.8709144592285,0
-31.1349487304688,0
-29.0405521392822,0
-28.2389469146729,0
-29.1297817230225,0
-30.7746295928955,0
-32.1743927001953,0
-32.6873207092285,0
-31.5112075805664,0
-28.1816387176514,0
-23.8725566864014,0
-20.8655796051025,0
-20.0857410430908,0
-20.3038387298584,0
-20.4412288665771,0
-21.2391262054443,0
-23.4143657684326,0
-25.4706878662109,0
-25.1777000427246,0
-22.5275096893311,0
-19.4029636383057,0
-16.8063831329346,0
-14.3864965438843,0
-12.4280261993408,0
-12.0256671905518,0
-12.9790449142456,0
-13.6723880767822,0
-13.695050239563,0
-14.5661354064941,0
-16.981990814209,0
-19.34326171875,0
-20.2546463012695,0
-20.612133026123,0
-21.5756130218506,0
-22.1392631530762,0
-20.8749179840088,0
-19.0168285369873,0
-19.3964691162109,0
-22.5377025604248,0
-25.8643989562988,0
-26.9574680328369,0
-25.9374656677246,0
-24.3445224761963,0
-23.1436634063721,0
-22.3255558013916,0
-21.3753662109375,0
-19.7497711181641,0
-17.746244430542,0
-16.8912239074707,0
-18.2924346923828,0
-20.6199855804443,0
-21.2796611785889,0
-19.9024467468262,0
-18.9094696044922,0
-19.8792304992676,0
-21.2447967529297,0
-20.9632892608643,0
-19.7458419799805,0
-19.6134090423584,0
-20.4414291381836,0
-20.3574295043945,0
-19.0494918823242,0
-18.1897640228271,0
-18.519172668457,0
-18.932746887207,0
-18.9928951263428,0
-20.0469970703125,0
-22.8255653381348,0
-25.9441585540771,0
-28.1604499816895,0
-30.4502658843994,0
-34.2492523193359,0
-38.9347114562988,0
-42.727123260498,0
-45.0860176086426,0
-46.5200309753418,0
-46.8502540588379,0
-45.5388870239258,0
-43.3568267822266,0
-41.9499816894531,0
-41.7538681030273,0
-41.7609481811523,0
-41.3501968383789,0
-40.9735450744629,0
-40.8267402648926,0
-39.999397277832,0
-37.3774719238281,0
-32.8594703674316,0
-27.6696434020996,0
-23.7392177581787,0
-22.0967273712158,0
-21.2322292327881,0
-18.0628795623779,0
-11.6374616622925,0
-4.76988124847412,0
-0.390474438667297,0
2.53025579452515,0
7.01709938049316,0
12.909029006958,0
16.9754905700684,0
18.5041103363037,0
21.1262016296387,0
27.2609577178955,0
33.7248077392578,0
35.7464027404785,0
33.5520706176758,0
31.7467308044434,0
32.8472480773926,0
34.622932434082,0
34.219898223877,0
32.1095275878906,0
30.576244354248,0
30.1424751281738,0
29.267557144165,0
26.8236751556396,0
23.3653602600098,0
20.0318946838379,0
17.2020149230957,0
14.4403162002563,0
11.2593469619751,0
7.76413679122925,0
4.7545690536499,0
3.16085577011108,0
3.13881778717041,0
3.70786166191101,0
3.44490051269531,0
1.58267939090729,0
-1.57654643058777,0
-5.17745923995972,0
-8.5420503616333,0
-11.393440246582,0
-13.5882711410522,0
-14.9378099441528,0
-15.4580745697021,0
-15.6201152801514,0
-15.9996700286865,0
-16.6483764648438,0
-17.1560096740723,0
-17.378059387207,0
-17.5755920410156,0
-17.6330127716064,0
-16.9033737182617,0
-15.5095615386963,0
-15.120322227478,0
-17.2523040771484,0
-20.9823570251465,0
-23.5791091918945,0
-23.5686931610107,0
-22.0722198486328,0
-20.9752368927002,0
-21.1850090026855,0
-23.1130447387695,0
-27.078197479248,0
-31.9806098937988,0
-35.1102027893066,0
-35.1176910400391,0
-34.2423248291016,0
-35.7225646972656,0
-39.7584075927734,0
-44.0384216308594,0
-47.394947052002,0
-50.1880264282227,0
-51.4796905517578,0
-49.3811492919922,0
-45.0155181884766,0
-42.5572776794434,0
-43.360912322998,0
-43.1609077453613,0
-37.9790077209473,0
-30.4073162078857,0
-26.4299278259277,0
-27.3932800292969,0
-29.0449810028076,0
-28.2727012634277,0
-26.9502601623535,0
-28.1644916534424,0
-31.7277889251709,0
-35.0738258361816,0
-36.5470085144043,0
-36.1617965698242,0
-34.4503593444824,0
-32.0858497619629,0
-30.0284175872803,0
-29.0650997161865,0
-29.4417209625244,0
-31.0598583221436,0
-33.3232727050781,0
-34.8297233581543,0
-34.3011322021484,0
-32.0627365112305,0
-29.7955436706543,0
-28.8790855407715,0
-29.7449893951416,0
-32.2000961303711,0
-34.9350242614746,0
-35.4416999816895,0
-32.6442108154297,0
-29.3469409942627,0
-29.4166049957275,0
-32.2763633728027,0
-33.2357292175293,0
-30.3289775848389,0
-27.5815773010254,0
-29.2421360015869,0
-33.4947700500488,0
-35.155948638916,0
-32.9468994140625,0
-30.2431869506836,0
-28.8621501922607,0
-25.9977436065674,0
-18.8505954742432,0
-9.64850234985352,0
-3.64200520515442,0
-3.02293848991394,0
-4.80587291717529,0
-4.67574787139893,0
-1.45137989521027,0
2.63147687911987,0
4.85163974761963,0
4.30156278610229,0
1.94768106937408,0
-0.362868309020996,0
-0.946691513061523,0
0.507210910320282,0
2.26686787605286,0
1.95221626758575,0
-0.749152779579163,0
-3.48564219474792,0
-4.10908126831055,0
-3.40318632125854,0
-3.90069031715393,0
-6.51320886611938,0
-9.63376331329346,0
-11.4481372833252,0
-11.8275804519653,0
-11.6801509857178,0
-11.5758094787598,0
-11.6374969482422,0
-12.064829826355,0
-12.9797954559326,0
-13.8880767822266,0
-13.8186511993408,0
-12.2441539764404,0
-9.7996883392334,0
-7.83248615264893,0
-7.05921936035156,0
-6.94890928268433,0
-6.76378726959229,0
-6.71480751037598,0
-7.30746507644653,0
-8.0225658416748,0
-7.95264625549316,0
-7.64244604110718,0
-8.76934242248535,0
-11.7257719039917,0
-15.0536918640137,0
-17.7431640625,0
-20.4865036010742,0
-23.9717292785645,0
-27.591817855835,0
-30.7640895843506,0
-33.8631782531738,0
-36.7233238220215,0
-37.9561996459961,0
-37.2627182006836,0
-36.8178787231445,0
-38.5041389465332,0
-41.0629348754883,0
-42.0086784362793,0
-41.3095321655273,0
-40.9045944213867,0
-41.2207221984863,0
-40.630298614502,0
-38.4101982116699,0
-35.9747848510742,0
-34.4610977172852,0
-32.7948684692383,0
-29.3151969909668,0
-24.4625091552734,0
-20.6508235931396,0
-19.3948745727539,0
-19.2671279907227,0
-17.3847618103027,0
-12.9692726135254,0
-8.57508659362793,0
-7.02148389816284,0
-7.79544448852539,0
-7.75461006164551,0
-4.99395990371704,0
-0.488962143659592,0
3.92142295837402,0
7.42852401733398,0
10.0267820358276,0
12.1994094848633,0
15.1217460632324,0
19.456937789917,0
23.8258819580078,0
26.4800758361816,0
28.5003643035889,0
32.6298217773438,0
38.4692459106445,0
42.0523262023926,0
41.5045471191406,0
39.934944152832,0
40.720401763916,0
42.8842506408691,0
43.6618690490723,0
42.9707832336426,0
42.3872413635254,0
42.0072975158691,0
41.5860633850098,0
42.7937850952148,0
46.7360877990723,0
50.7841033935547,0
51.6417999267578,0
50.3389625549316,0
50.1713180541992,0
50.6428337097168,0
48.076301574707,0
42.209831237793,0
37.423656463623,0
36.3164520263672,0
36.2399673461914,0
33.8327255249023,0
29.3056621551514,0
24.2961025238037,0
18.8511447906494,0
12.9102411270142,0
7.90726947784424,0
4.32748699188232,0
0.135136738419533,0
-5.70266342163086,0
-10.4497728347778,0
-11.47545337677,0
-10.9812860488892,0
-13.1595697402954,0
-17.5999050140381,0
-19.3280467987061,0
-15.4284429550171,0
-8.2017707824707,0
-1.20643353462219,0
4.51389265060425,0
9.03136825561523,0
11.5749750137329,0
12.3683557510376,0
14.2628154754639,0
19.6194152832031,0
26.5355014801025,0
30.9423847198486,0
32.1404075622559,0
33.4265213012695,0
36.7416725158691,0
39.4899101257324,0
38.2730674743652,0
33.7349014282227,0
29.4802570343018,0
27.3339462280273,0
26.0717735290527,0
24.5563259124756,0
23.8494758605957,0
25.6056213378906,0
29.7342300415039,0
34.2024765014648,0
36.480541229248,0
35.4230270385742,0
32.6917991638184,0
31.7435779571533,0
33.9544906616211,0
36.3337059020996,0
34.9509811401367,0
30.1000804901123,0
25.671142578125,0
23.6632080078125,0
22.2496929168701,0
19.6469593048096,0
16.7602310180664,0
14.942328453064,0
14.0826787948608,0
14.2975664138794,0
16.6411304473877,0
20.5089359283447,0
23.2168731689453,0
24.01100730896,0
25.4305934906006,0
28.4273624420166,0
29.4914855957031,0
25.8346118927002,0
20.4140243530273,0
17.911075592041,0
18.1870040893555,0
18.0105686187744,0
17.1571674346924,0
17.8673191070557,0
19.6229248046875,0
19.788688659668,0
19.0346031188965,0
20.8173046112061,0
25.0401096343994,0
27.2663497924805,0
25.348783493042,0
22.3144702911377,0
21.2907676696777,0
21.750825881958,0
22.2279109954834,0
22.6185111999512,0
22.2194423675537,0
19.715690612793,0
16.9431686401367,0
18.1979656219482,0
23.4824180603027,0
27.1286678314209,0
26.2839260101318,0
26.0841617584229,0
32.1510887145996,0
42.0296478271484,0
49.0819664001465,0
51.4860992431641,0
51.7639427185059,0
50.1877059936523,0
45.2856063842773,0
39.6241149902344,0
38.2784881591797,0
41.1296997070312,0
42.4849243164062,0
39.2182464599609,0
34.027889251709,0
29.7117977142334,0
25.716495513916,0
21.9946174621582,0
20.8856964111328,0
22.7337417602539,0
24.5055541992188,0
25.4187927246094,0
29.0508689880371,0
36.6140823364258,0
43.1072311401367,0
44.4813995361328,0
44.114631652832,0
46.8422012329102,0
50.4345817565918,0
49.4992904663086,0
45.2044982910156,0
43.7140998840332,0
45.7549667358398,0
45.2500267028809,0
39.3420257568359,0
32.8033828735352,0
29.9297065734863,0
28.0439491271973,0
22.7700786590576,0
15.1429262161255,0
9.32080841064453,0
6.60541820526123,0
5.73671102523804,0
6.32054281234741,0
7.83767509460449,0
7.5919303894043,0
4.19465923309326,0
1.60770642757416,0
5.0456109046936,0
13.4598627090454,0
20.6296138763428,0
23.7096214294434,0
26.0327777862549,0
30.5655136108398,0
35.4042510986328,0
38.2376289367676,0
41.3876838684082,0
48.6941986083984,0
59.4039344787598,0
68.7215194702148,0
73.7269439697266,0
75.8512115478516,0
77.5873260498047,0
79.2365264892578,0
79.5507431030273,0
78.045768737793,0
75.9196014404297,0
75.2353591918945,0
77.1669464111328,0
80.4396057128906,0
81.8689498901367,0
79.3495788574219,0
74.1064529418945,0
69.1951065063477,0
66.0951843261719,0
63.6586723327637,0
60.0295600891113,0
54.4667205810547,0
47.4144592285156,0
39.9666442871094,0
33.4917869567871,0
28.9064502716064,0
25.9759387969971,0
23.7463340759277,0
21.6149559020996,0
19.5310363769531,0
17.3960437774658,0
14.8503093719482,0
11.4668407440186,0
6.80857133865356,0
0.838265657424927,0
-5.31071901321411,0
-9.83666038513184,0
-12.1418075561523,0
-13.0823993682861,0
-12.682710647583,0
-9.49208736419678,0
-3.82654094696045,0
0.422519505023956,0
-0.0379653535783291,0
-3.46051168441772,0
-6.12393712997437,0
-8.59330749511719,0
-14.6002988815308,0
-23.9994201660156,0
-31.8573532104492,0
-35.6428108215332,0
-38.3890991210938,0
-42.5917015075684,0
-45.8072280883789,0
-45.6006507873535,0
-44.4399871826172,0
-45.2435684204102,0
-45.6757736206055,0
-42.2097053527832,0
-37.2914047241211,0
-36.4047927856445,0
-39.1931648254395,0
-39.7858390808105,0
-36.1943054199219,0
-33.2594261169434,0
-34.5650672912598,0
-36.8287048339844,0
-35.1995391845703,0
-29.9549560546875,0
-24.5930595397949,0
-20.3087577819824,0
-15.7699346542358,0
-10.3709850311279,0
-4.67309617996216,0
1.002570271492,0
5.9216890335083,0
8.18961524963379,0
6.98779249191284,0
4.37095832824707,0
2.67228221893311,0
1.40746915340424,0
-0.909970581531525,0
-3.19708037376404,0
-2.92347192764282,0
-0.0861795395612717,0
2.89372444152832,0
5.09249782562256,0
8.04713916778564,0
12.4638757705688,0
16.6279163360596,0
18.9453544616699,0
19.8801708221436,0
20.361328125,0
20.1735057830811,0
19.1207427978516,0
18.2005558013916,0
18.2774391174316,0
18.733039855957,0
18.6560287475586,0
18.4403381347656,0
19.0169486999512,0
20.186164855957,0
20.8046188354492,0
20.2402763366699,0
18.9474563598633,0
18.0972862243652,0
19.1070747375488,0
22.6812057495117,0
27.5919723510742,0
31.2245121002197,0
32.167308807373,0
31.5603046417236,0
31.1462249755859,0
30.9141540527344,0
29.6543998718262,0
26.8685131072998,0
22.7663135528564,0
17.1319637298584,0
9.87313365936279,0
2.42657232284546,0
-3.00623369216919,0
-5.75217485427856,0
-6.93438339233398,0
-7.41488695144653,0
-6.77814388275146,0
-4.53872966766357,0
-1.11957240104675,0
2.61913371086121,0
5.69211626052856,0
6.79642581939697,0
5.37846565246582,0
3.29040837287903,0
3.60802268981934,0
6.80603647232056,0
9.68949317932129,0
9.53008651733398,0
7.90005779266357,0
8.48818874359131,0
11.9488658905029,0
15.1741647720337,0
15.6475629806519,0
14.3683414459229,0
13.7316598892212,0
14.1608152389526,0
14.063063621521,0
12.302773475647,0
9.61397075653076,0
7.74668312072754,0
7.76878356933594,0
9.09919834136963,0
10.0331678390503,0
9.41123008728027,0
7.67118215560913,0
5.90840578079224,0
4.34127712249756,0
2.57952070236206,0
0.999727070331573,0
0.389783084392548,0
0.128590539097786,0
-1.62163734436035,0
-5.25692462921143,0
-8.84275150299072,0
-11.0122404098511,0
-13.3971452713013,0
-18.4843006134033,0
-25.6893215179443,0
-31.2861480712891,0
-32.3458023071289,0
-29.5800399780273,0
-26.0655136108398,0
-24.0577182769775,0
-23.4926109313965,0
-23.1471691131592,0
-22.6773509979248,0
-23.1161365509033,0
-25.2516708374023,0
-28.1181259155273,0
-29.9225063323975,0
-30.1224002838135,0
-29.3914108276367,0
-27.6926383972168,0
-24.0889625549316,0
-18.9064598083496,0
-14.3356275558472,0
-11.9039688110352,0
-10.760329246521,0
-9.41601085662842,0
-7.65985488891602,0
-5.65361022949219,0
-2.98344016075134,0
-0.345430076122284,0
-0.385740011930466,0
-4.37384605407715,0
-9.2068567276001,0
-10.5029983520508,0
-8.11314868927002,0
-5.76998138427734,0
-5.5031304359436,0
-5.49460315704346,0
-3.97571873664856,0
-2.19719552993774,0
-2.1767463684082,0
-3.92776536941528,0
-6.51420783996582,0
-9.75837898254395,0
-13.0532627105713,0
-14.3352060317993,0
-12.5884466171265,0
-10.2264089584351,0
-10.6164312362671,0
-13.8635425567627,0
-17.2830295562744,0
-19.6224422454834,0
-22.3185615539551,0
-26.3712940216064,0
-30.425313949585,0
-32.8371887207031,0
-33.6092720031738,0
-33.0816650390625,0
-30.5891513824463,0
-26.2565307617188,0
-22.8564872741699,0
-23.5592041015625,0
-27.9729232788086,0
-32.2859954833984,0
-33.6750526428223,0
-33.1168060302734,0
-33.2999572753906,0
-35.0517234802246,0
-36.8417320251465,0
-37.1400489807129,0
-36.1782722473145,0
-35.3622665405273,0
-35.5501289367676,0
-36.1160125732422,0
-35.5797882080078,0
-33.1386604309082,0
-29.5456371307373,0
-26.3406429290771,0
-24.3446941375732,0
-23.2607154846191,0
-22.6182346343994,0
-22.4058990478516,0
-22.489013671875,0
-22.0095920562744,0
-19.9264259338379,0
-15.906270980835,0
-10.3443555831909,0
-3.90390133857727,0
2.49266958236694,0
7.69523096084595,0
11.1914529800415,0
13.79128074646,0
16.5532073974609,0
18.9260749816895,0
18.8636608123779,0
15.2018938064575,0
9.27067184448242,0
3.78759837150574,0
0.838376522064209,0
1.24410331249237,0
4.7428503036499,0
9.74370861053467,0
13.814076423645,0
15.9431762695312,0
17.8877601623535,0
21.5827808380127,0
25.4186916351318,0
25.3557415008545,0
20.5480499267578,0
15.7634229660034,0
16.4340667724609,0
22.479040145874,0
28.8657703399658,0
31.5434284210205,0
30.8394222259521,0
29.297456741333,0
28.409294128418,0
28.1557502746582,0
28.0939846038818,0
27.6938591003418,0
26.3024921417236,0
23.6313285827637,0
20.1074295043945,0
16.6257228851318,0
14.2873191833496,0
13.9423751831055,0
14.9934768676758,0
15.0821514129639,0
12.5917634963989,0
9.43225479125977,0
9.33296203613281,0
12.9016094207764,0
16.6507034301758,0
18.008430480957,0
18.7885036468506,0
21.5944061279297,0
24.9970569610596,0
25.4475936889648,0
22.8352890014648,0
20.7040748596191,0
21.1370811462402,0
22.7174453735352,0
23.9594268798828,0
25.4985046386719,0
27.7499809265137,0
29.3162326812744,0
29.3989448547363,0
29.4400539398193,0
30.5962524414062,0
31.7006492614746,0
31.6611557006836,0
31.9012279510498,0
34.1439247131348,0
37.3490524291992,0
39.1783752441406,0
39.1484375,0
37.9874801635742,0
35.273868560791,0
30.5021705627441,0
25.4153690338135,0
22.2016620635986,0
20.0448665618896,0
16.6480751037598,0
12.6552629470825,0
10.8398475646973,0
10.8513450622559,0
9.01590728759766,0
4.53660726547241,0
1.70716893672943,0
3.68050622940063,0
7.73798894882202,0
9.87221431732178,0
10.8814868927002,0
13.8098201751709,0
17.5570240020752,0
17.9695644378662,0
14.6688108444214,0
11.968939781189,0
12.3758106231689,0
13.5876808166504,0
13.4831581115723,0
13.9321260452271,0
16.8816432952881,0
19.901086807251,0
19.2747478485107,0
15.6231737136841,0
12.7277431488037,0
11.8021020889282,0
10.7516374588013,0
8.88511180877686,0
8.28386688232422,0
9.4071798324585,0
8.97083473205566,0
4.41085481643677,0
-2.15340876579285,0
-6.98965644836426,0
-9.85988712310791,0
-13.121337890625,0
-16.9409198760986,0
-18.8032989501953,0
-17.8427047729492,0
-16.6373043060303,0
-17.7920894622803,0
-21.1016807556152,0
-25.2453193664551,0
-30.1129283905029,0
-35.6940269470215,0
-40.254711151123,0
-41.7815780639648,0
-40.5764923095703,0
-38.6574783325195,0
-37.0732116699219,0
-35.5023651123047,0
-34.0835304260254,0
-33.6206855773926,0
-33.8113670349121,0
-33.1320533752441,0
-31.0330142974854,0
-28.7248973846436,0
-27.2526245117188,0
-26.3291015625,0
-25.709508895874,0
-25.9955654144287,0
-27.0426731109619,0
-27.271764755249,0
-26.0207633972168,0
-25.0251331329346,0
-25.6802005767822,0
-26.1294937133789,0
-23.4180011749268,0
-17.7764129638672,0
-12.2213668823242,0
-8.15050792694092,0
-4.03705835342407,0
1.06463885307312,0
5.34390258789062,0
6.89033889770508,0
6.77943515777588,0
8.02745056152344,0
12.2577896118164,0
18.1398105621338,0
22.4095783233643,0
22.3154411315918,0
18.2557487487793,0
14.0018787384033,0
12.6966114044189,0
12.7119846343994,0
9.79397392272949,0
3.51588296890259,0
-1.66199791431427,0
-3.09547972679138,0
-4.08221673965454,0
-8.3476390838623,0
-13.4568281173706,0
-14.1054525375366,0
-10.3870525360107,0
-7.79267930984497,0
-8.94573020935059,0
-10.2272663116455,0
-8.11548709869385,0
-4.5608115196228,0
-3.29296541213989,0
-3.99815368652344,0
-3.6538872718811,0
-1.711057305336,0
-0.278427243232727,0
0.0957811027765274,0
1.39639639854431,0
4.67277765274048,0
8.36976051330566,0
10.7579355239868,0
11.7229280471802,0
11.2899560928345,0
8.53121471405029,0
3.37279891967773,0
-2.0424370765686,0
-5.41207075119019,0
-6.81202936172485,0
-7.81922388076782,0
-8.88143253326416,0
-9.10587978363037,0
-8.2929744720459,0
-7.59676504135132,0
-7.99025249481201,0
-9.2844352722168,0
-10.9613265991211,0
-12.9165878295898,0
-14.8981122970581,0
-16.0758590698242,0
-15.8517980575562,0
-14.6723012924194,0
-13.5864248275757,0
-13.2973575592041,0
-13.7930335998535,0
-14.3408470153809,0
-13.6499404907227,0
-10.8467960357666,0
-6.75771951675415,0
-3.37285184860229,0
-1.35342144966125,0
0.939328849315643,0
4.77241897583008,0
8.36418914794922,0
8.84600448608398,0
6.70230770111084,0
5.96386671066284,0
9.17386436462402,0
14.1408281326294,0
17.1312999725342,0
17.656909942627,0
18.0102939605713,0
19.047176361084,0
19.035306930542,0
16.7927780151367,0
13.5723419189453,0
10.9244613647461,0
8.59154319763184,0
5.88820171356201,0
3.72474122047424,0
3.42432928085327,0
4.17380952835083,0
3.47274112701416,0
0.179491505026817,0
-4.30022478103638,0
-8.12546634674072,0
-11.029411315918,0
-13.595796585083,0
-15.568531036377,0
-15.9640102386475,0
-14.5883159637451,0
-12.5759792327881,0
-11.2428483963013,0
-10.7923049926758,0
-10.3342351913452,0
-9.09548377990723,0
-7.57337093353271,0
-7.37467956542969,0
-9.61043643951416,0
-13.4267807006836,0
-16.6053771972656,0
-17.8991546630859,0
-18.3122158050537,0
-19.6036396026611,0
-21.9586143493652,0
-23.8562622070312,0
-23.9935569763184,0
-22.463623046875,0
-20.03173828125,0
-17.1886558532715,0
-14.2133054733276,0
-11.3600959777832,0
-8.58464050292969,0
-5.76939868927002,0
-3.48861289024353,0
-2.61525940895081,0
-2.75655674934387,0
-2.27697777748108,0
-0.661524295806885,0
0.466301739215851,0
-0.058853555470705,0
-0.674801290035248,0
